ISO-10303-21;
HEADER;
/* Generated by software containing ST-Developer
 * from STEP Tools, Inc. (www.steptools.com) 
 */

FILE_DESCRIPTION(
/* description */ (''),
/* implementation_level */ '2;1');

FILE_NAME(
/* name */ 'Thickness-7.0 mm.step',
/* time_stamp */ '2026-05-11T21:26:18+02:00',
/* author */ (''),
/* organization */ (''),
/* preprocessor_version */ 'ST-DEVELOPER v20.1',
/* originating_system */ 'Autodesk Translation Framework v15.8.0.0',
/* authorisation */ '');

FILE_SCHEMA (('AUTOMOTIVE_DESIGN { 1 0 10303 214 3 1 1 }'));
ENDSEC;

DATA;
#10=MECHANICAL_DESIGN_GEOMETRIC_PRESENTATION_REPRESENTATION('',(#26,#27,
#28,#29,#30),#3376);
#11=SHAPE_REPRESENTATION_RELATIONSHIP('SRR','None',#3383,#12);
#12=ADVANCED_BREP_SHAPE_REPRESENTATION('',(#31,#32,#33,#34,#35),#3375);
#13=CYLINDRICAL_SURFACE('',#1679,2.5);
#14=CIRCLE('',#1677,2.5);
#15=CIRCLE('',#1680,2.5);
#16=FACE_BOUND('',#192,.T.);
#17=FACE_BOUND('',#194,.T.);
#18=FACE_BOUND('',#220,.T.);
#19=FACE_BOUND('',#225,.T.);
#20=FACE_BOUND('',#226,.T.);
#21=FACE_BOUND('',#227,.T.);
#22=FACE_BOUND('',#228,.T.);
#23=FACE_BOUND('',#230,.T.);
#24=FACE_BOUND('',#231,.T.);
#25=FACE_BOUND('',#232,.T.);
#26=STYLED_ITEM('',(#3392),#31);
#27=STYLED_ITEM('',(#3392),#32);
#28=STYLED_ITEM('',(#3392),#33);
#29=STYLED_ITEM('',(#3392),#34);
#30=STYLED_ITEM('',(#3392),#35);
#31=MANIFOLD_SOLID_BREP('Corpo1',#1636);
#32=MANIFOLD_SOLID_BREP('Corpo3',#1637);
#33=MANIFOLD_SOLID_BREP('Corpo8',#1638);
#34=MANIFOLD_SOLID_BREP('Corpo5',#1639);
#35=MANIFOLD_SOLID_BREP('Corpo7',#1640);
#36=PLANE('',#1654);
#37=PLANE('',#1655);
#38=PLANE('',#1656);
#39=PLANE('',#1657);
#40=PLANE('',#1658);
#41=PLANE('',#1659);
#42=PLANE('',#1660);
#43=PLANE('',#1661);
#44=PLANE('',#1662);
#45=PLANE('',#1663);
#46=PLANE('',#1664);
#47=PLANE('',#1665);
#48=PLANE('',#1666);
#49=PLANE('',#1667);
#50=PLANE('',#1668);
#51=PLANE('',#1669);
#52=PLANE('',#1670);
#53=PLANE('',#1671);
#54=PLANE('',#1672);
#55=PLANE('',#1673);
#56=PLANE('',#1674);
#57=PLANE('',#1675);
#58=PLANE('',#1676);
#59=PLANE('',#1678);
#60=PLANE('',#1681);
#61=PLANE('',#1682);
#62=PLANE('',#1683);
#63=PLANE('',#1684);
#64=PLANE('',#1685);
#65=PLANE('',#1686);
#66=PLANE('',#1687);
#67=PLANE('',#1688);
#68=PLANE('',#1689);
#69=PLANE('',#1690);
#70=PLANE('',#1691);
#71=PLANE('',#1692);
#72=FACE_OUTER_BOUND('',#161,.T.);
#73=FACE_OUTER_BOUND('',#162,.T.);
#74=FACE_OUTER_BOUND('',#163,.T.);
#75=FACE_OUTER_BOUND('',#164,.T.);
#76=FACE_OUTER_BOUND('',#165,.T.);
#77=FACE_OUTER_BOUND('',#166,.T.);
#78=FACE_OUTER_BOUND('',#167,.T.);
#79=FACE_OUTER_BOUND('',#168,.T.);
#80=FACE_OUTER_BOUND('',#169,.T.);
#81=FACE_OUTER_BOUND('',#170,.T.);
#82=FACE_OUTER_BOUND('',#171,.T.);
#83=FACE_OUTER_BOUND('',#172,.T.);
#84=FACE_OUTER_BOUND('',#173,.T.);
#85=FACE_OUTER_BOUND('',#174,.T.);
#86=FACE_OUTER_BOUND('',#175,.T.);
#87=FACE_OUTER_BOUND('',#176,.T.);
#88=FACE_OUTER_BOUND('',#177,.T.);
#89=FACE_OUTER_BOUND('',#178,.T.);
#90=FACE_OUTER_BOUND('',#179,.T.);
#91=FACE_OUTER_BOUND('',#180,.T.);
#92=FACE_OUTER_BOUND('',#181,.T.);
#93=FACE_OUTER_BOUND('',#182,.T.);
#94=FACE_OUTER_BOUND('',#183,.T.);
#95=FACE_OUTER_BOUND('',#184,.T.);
#96=FACE_OUTER_BOUND('',#185,.T.);
#97=FACE_OUTER_BOUND('',#186,.T.);
#98=FACE_OUTER_BOUND('',#187,.T.);
#99=FACE_OUTER_BOUND('',#188,.T.);
#100=FACE_OUTER_BOUND('',#189,.T.);
#101=FACE_OUTER_BOUND('',#190,.T.);
#102=FACE_OUTER_BOUND('',#191,.T.);
#103=FACE_OUTER_BOUND('',#193,.T.);
#104=FACE_OUTER_BOUND('',#195,.T.);
#105=FACE_OUTER_BOUND('',#196,.T.);
#106=FACE_OUTER_BOUND('',#197,.T.);
#107=FACE_OUTER_BOUND('',#198,.T.);
#108=FACE_OUTER_BOUND('',#199,.T.);
#109=FACE_OUTER_BOUND('',#200,.T.);
#110=FACE_OUTER_BOUND('',#201,.T.);
#111=FACE_OUTER_BOUND('',#202,.T.);
#112=FACE_OUTER_BOUND('',#203,.T.);
#113=FACE_OUTER_BOUND('',#204,.T.);
#114=FACE_OUTER_BOUND('',#205,.T.);
#115=FACE_OUTER_BOUND('',#206,.T.);
#116=FACE_OUTER_BOUND('',#207,.T.);
#117=FACE_OUTER_BOUND('',#208,.T.);
#118=FACE_OUTER_BOUND('',#209,.T.);
#119=FACE_OUTER_BOUND('',#210,.T.);
#120=FACE_OUTER_BOUND('',#211,.T.);
#121=FACE_OUTER_BOUND('',#212,.T.);
#122=FACE_OUTER_BOUND('',#213,.T.);
#123=FACE_OUTER_BOUND('',#214,.T.);
#124=FACE_OUTER_BOUND('',#215,.T.);
#125=FACE_OUTER_BOUND('',#216,.T.);
#126=FACE_OUTER_BOUND('',#217,.T.);
#127=FACE_OUTER_BOUND('',#218,.T.);
#128=FACE_OUTER_BOUND('',#219,.T.);
#129=FACE_OUTER_BOUND('',#221,.T.);
#130=FACE_OUTER_BOUND('',#222,.T.);
#131=FACE_OUTER_BOUND('',#223,.T.);
#132=FACE_OUTER_BOUND('',#224,.T.);
#133=FACE_OUTER_BOUND('',#229,.T.);
#134=FACE_OUTER_BOUND('',#233,.T.);
#135=FACE_OUTER_BOUND('',#234,.T.);
#136=FACE_OUTER_BOUND('',#235,.T.);
#137=FACE_OUTER_BOUND('',#236,.T.);
#138=FACE_OUTER_BOUND('',#237,.T.);
#139=FACE_OUTER_BOUND('',#238,.T.);
#140=FACE_OUTER_BOUND('',#239,.T.);
#141=FACE_OUTER_BOUND('',#240,.T.);
#142=FACE_OUTER_BOUND('',#241,.T.);
#143=FACE_OUTER_BOUND('',#242,.T.);
#144=FACE_OUTER_BOUND('',#243,.T.);
#145=FACE_OUTER_BOUND('',#244,.T.);
#146=FACE_OUTER_BOUND('',#245,.T.);
#147=FACE_OUTER_BOUND('',#246,.T.);
#148=FACE_OUTER_BOUND('',#247,.T.);
#149=FACE_OUTER_BOUND('',#248,.T.);
#150=FACE_OUTER_BOUND('',#249,.T.);
#151=FACE_OUTER_BOUND('',#250,.T.);
#152=FACE_OUTER_BOUND('',#251,.T.);
#153=FACE_OUTER_BOUND('',#252,.T.);
#154=FACE_OUTER_BOUND('',#253,.T.);
#155=FACE_OUTER_BOUND('',#254,.T.);
#156=FACE_OUTER_BOUND('',#255,.T.);
#157=FACE_OUTER_BOUND('',#256,.T.);
#158=FACE_OUTER_BOUND('',#257,.T.);
#159=FACE_OUTER_BOUND('',#258,.T.);
#160=FACE_OUTER_BOUND('',#259,.T.);
#161=EDGE_LOOP('',(#1021,#1022,#1023,#1024));
#162=EDGE_LOOP('',(#1025,#1026,#1027,#1028));
#163=EDGE_LOOP('',(#1029,#1030,#1031,#1032));
#164=EDGE_LOOP('',(#1033,#1034,#1035,#1036));
#165=EDGE_LOOP('',(#1037,#1038,#1039,#1040));
#166=EDGE_LOOP('',(#1041,#1042,#1043,#1044));
#167=EDGE_LOOP('',(#1045,#1046,#1047,#1048));
#168=EDGE_LOOP('',(#1049,#1050,#1051,#1052));
#169=EDGE_LOOP('',(#1053,#1054,#1055,#1056,#1057,#1058,#1059,#1060));
#170=EDGE_LOOP('',(#1061,#1062,#1063,#1064,#1065,#1066,#1067,#1068));
#171=EDGE_LOOP('',(#1069,#1070,#1071,#1072));
#172=EDGE_LOOP('',(#1073,#1074,#1075,#1076));
#173=EDGE_LOOP('',(#1077,#1078,#1079,#1080));
#174=EDGE_LOOP('',(#1081,#1082,#1083,#1084));
#175=EDGE_LOOP('',(#1085,#1086,#1087,#1088));
#176=EDGE_LOOP('',(#1089,#1090,#1091,#1092));
#177=EDGE_LOOP('',(#1093,#1094,#1095,#1096));
#178=EDGE_LOOP('',(#1097,#1098,#1099,#1100));
#179=EDGE_LOOP('',(#1101,#1102,#1103,#1104));
#180=EDGE_LOOP('',(#1105,#1106,#1107,#1108));
#181=EDGE_LOOP('',(#1109,#1110,#1111,#1112));
#182=EDGE_LOOP('',(#1113,#1114,#1115,#1116));
#183=EDGE_LOOP('',(#1117,#1118,#1119,#1120));
#184=EDGE_LOOP('',(#1121,#1122,#1123,#1124));
#185=EDGE_LOOP('',(#1125,#1126,#1127,#1128));
#186=EDGE_LOOP('',(#1129,#1130,#1131,#1132));
#187=EDGE_LOOP('',(#1133,#1134,#1135,#1136));
#188=EDGE_LOOP('',(#1137,#1138,#1139,#1140));
#189=EDGE_LOOP('',(#1141,#1142,#1143,#1144));
#190=EDGE_LOOP('',(#1145,#1146,#1147,#1148));
#191=EDGE_LOOP('',(#1149,#1150,#1151,#1152,#1153,#1154,#1155,#1156,#1157,
#1158,#1159,#1160));
#192=EDGE_LOOP('',(#1161,#1162,#1163,#1164,#1165,#1166,#1167,#1168));
#193=EDGE_LOOP('',(#1169,#1170,#1171,#1172,#1173,#1174,#1175,#1176,#1177,
#1178,#1179,#1180));
#194=EDGE_LOOP('',(#1181,#1182,#1183,#1184,#1185,#1186,#1187,#1188));
#195=EDGE_LOOP('',(#1189,#1190,#1191,#1192));
#196=EDGE_LOOP('',(#1193,#1194,#1195,#1196));
#197=EDGE_LOOP('',(#1197,#1198,#1199,#1200));
#198=EDGE_LOOP('',(#1201,#1202,#1203,#1204));
#199=EDGE_LOOP('',(#1205,#1206,#1207,#1208));
#200=EDGE_LOOP('',(#1209,#1210,#1211,#1212));
#201=EDGE_LOOP('',(#1213,#1214,#1215,#1216));
#202=EDGE_LOOP('',(#1217,#1218,#1219,#1220));
#203=EDGE_LOOP('',(#1221,#1222,#1223,#1224));
#204=EDGE_LOOP('',(#1225,#1226,#1227,#1228));
#205=EDGE_LOOP('',(#1229,#1230,#1231,#1232));
#206=EDGE_LOOP('',(#1233,#1234,#1235,#1236));
#207=EDGE_LOOP('',(#1237,#1238,#1239,#1240));
#208=EDGE_LOOP('',(#1241,#1242,#1243,#1244));
#209=EDGE_LOOP('',(#1245,#1246,#1247,#1248));
#210=EDGE_LOOP('',(#1249,#1250,#1251,#1252));
#211=EDGE_LOOP('',(#1253,#1254,#1255,#1256));
#212=EDGE_LOOP('',(#1257,#1258,#1259,#1260,#1261,#1262,#1263,#1264,#1265,
#1266,#1267));
#213=EDGE_LOOP('',(#1268,#1269,#1270,#1271,#1272,#1273,#1274,#1275,#1276,
#1277,#1278));
#214=EDGE_LOOP('',(#1279,#1280,#1281,#1282));
#215=EDGE_LOOP('',(#1283,#1284,#1285,#1286,#1287,#1288,#1289,#1290));
#216=EDGE_LOOP('',(#1291,#1292,#1293,#1294));
#217=EDGE_LOOP('',(#1295,#1296,#1297,#1298,#1299,#1300,#1301,#1302));
#218=EDGE_LOOP('',(#1303,#1304,#1305,#1306));
#219=EDGE_LOOP('',(#1307,#1308,#1309,#1310));
#220=EDGE_LOOP('',(#1311));
#221=EDGE_LOOP('',(#1312,#1313,#1314,#1315));
#222=EDGE_LOOP('',(#1316,#1317,#1318,#1319));
#223=EDGE_LOOP('',(#1320,#1321,#1322,#1323));
#224=EDGE_LOOP('',(#1324,#1325,#1326,#1327));
#225=EDGE_LOOP('',(#1328));
#226=EDGE_LOOP('',(#1329,#1330,#1331,#1332,#1333,#1334,#1335,#1336,#1337,
#1338,#1339));
#227=EDGE_LOOP('',(#1340,#1341,#1342,#1343));
#228=EDGE_LOOP('',(#1344,#1345,#1346,#1347,#1348,#1349,#1350,#1351,#1352,
#1353,#1354,#1355));
#229=EDGE_LOOP('',(#1356,#1357,#1358,#1359));
#230=EDGE_LOOP('',(#1360,#1361,#1362,#1363,#1364,#1365,#1366,#1367,#1368,
#1369,#1370));
#231=EDGE_LOOP('',(#1371,#1372,#1373,#1374));
#232=EDGE_LOOP('',(#1375,#1376,#1377,#1378,#1379,#1380,#1381,#1382,#1383,
#1384,#1385,#1386));
#233=EDGE_LOOP('',(#1387,#1388,#1389,#1390));
#234=EDGE_LOOP('',(#1391,#1392,#1393,#1394));
#235=EDGE_LOOP('',(#1395,#1396,#1397,#1398));
#236=EDGE_LOOP('',(#1399,#1400,#1401,#1402));
#237=EDGE_LOOP('',(#1403,#1404,#1405,#1406));
#238=EDGE_LOOP('',(#1407,#1408,#1409,#1410));
#239=EDGE_LOOP('',(#1411,#1412,#1413,#1414));
#240=EDGE_LOOP('',(#1415,#1416,#1417,#1418));
#241=EDGE_LOOP('',(#1419,#1420,#1421,#1422));
#242=EDGE_LOOP('',(#1423,#1424,#1425,#1426));
#243=EDGE_LOOP('',(#1427,#1428,#1429,#1430));
#244=EDGE_LOOP('',(#1431,#1432,#1433,#1434));
#245=EDGE_LOOP('',(#1435,#1436,#1437,#1438));
#246=EDGE_LOOP('',(#1439,#1440,#1441,#1442));
#247=EDGE_LOOP('',(#1443,#1444,#1445,#1446));
#248=EDGE_LOOP('',(#1447,#1448,#1449,#1450));
#249=EDGE_LOOP('',(#1451,#1452,#1453,#1454));
#250=EDGE_LOOP('',(#1455,#1456,#1457,#1458));
#251=EDGE_LOOP('',(#1459,#1460,#1461,#1462));
#252=EDGE_LOOP('',(#1463,#1464,#1465,#1466));
#253=EDGE_LOOP('',(#1467,#1468,#1469,#1470));
#254=EDGE_LOOP('',(#1471,#1472,#1473,#1474));
#255=EDGE_LOOP('',(#1475,#1476,#1477,#1478));
#256=EDGE_LOOP('',(#1479,#1480,#1481,#1482));
#257=EDGE_LOOP('',(#1483,#1484,#1485,#1486));
#258=EDGE_LOOP('',(#1487,#1488,#1489,#1490));
#259=EDGE_LOOP('',(#1491,#1492,#1493,#1494));
#260=LINE('',#1925,#391);
#261=LINE('',#1932,#392);
#262=LINE('',#1957,#393);
#263=LINE('',#1982,#394);
#264=LINE('',#2007,#395);
#265=LINE('',#2032,#396);
#266=LINE('',#2057,#397);
#267=LINE('',#2082,#398);
#268=LINE('',#2127,#399);
#269=LINE('',#2134,#400);
#270=LINE('',#2154,#401);
#271=LINE('',#2179,#402);
#272=LINE('',#2203,#403);
#273=LINE('',#2229,#404);
#274=LINE('',#2236,#405);
#275=LINE('',#2256,#406);
#276=LINE('',#2281,#407);
#277=LINE('',#2306,#408);
#278=LINE('',#2331,#409);
#279=LINE('',#2356,#410);
#280=LINE('',#2380,#411);
#281=LINE('',#2405,#412);
#282=LINE('',#2430,#413);
#283=LINE('',#2477,#414);
#284=LINE('',#2502,#415);
#285=LINE('',#2527,#416);
#286=LINE('',#2552,#417);
#287=LINE('',#2577,#418);
#288=LINE('',#2610,#419);
#289=LINE('',#2612,#420);
#290=LINE('',#2614,#421);
#291=LINE('',#2615,#422);
#292=LINE('',#2618,#423);
#293=LINE('',#2620,#424);
#294=LINE('',#2621,#425);
#295=LINE('',#2624,#426);
#296=LINE('',#2626,#427);
#297=LINE('',#2627,#428);
#298=LINE('',#2629,#429);
#299=LINE('',#2630,#430);
#300=LINE('',#2636,#431);
#301=LINE('',#2638,#432);
#302=LINE('',#2640,#433);
#303=LINE('',#2641,#434);
#304=LINE('',#2661,#435);
#305=LINE('',#2686,#436);
#306=LINE('',#2711,#437);
#307=LINE('',#2719,#438);
#308=LINE('',#2721,#439);
#309=LINE('',#2722,#440);
#310=LINE('',#2725,#441);
#311=LINE('',#2727,#442);
#312=LINE('',#2728,#443);
#313=LINE('',#2731,#444);
#314=LINE('',#2733,#445);
#315=LINE('',#2734,#446);
#316=LINE('',#2737,#447);
#317=LINE('',#2739,#448);
#318=LINE('',#2740,#449);
#319=LINE('',#2760,#450);
#320=LINE('',#2784,#451);
#321=LINE('',#2816,#452);
#322=LINE('',#2818,#453);
#323=LINE('',#2820,#454);
#324=LINE('',#2821,#455);
#325=LINE('',#2825,#456);
#326=LINE('',#2827,#457);
#327=LINE('',#2829,#458);
#328=LINE('',#2831,#459);
#329=LINE('',#2833,#460);
#330=LINE('',#2834,#461);
#331=LINE('',#2835,#462);
#332=LINE('',#2838,#463);
#333=LINE('',#2839,#464);
#334=LINE('',#2843,#465);
#335=LINE('',#2844,#466);
#336=LINE('',#2846,#467);
#337=LINE('',#2848,#468);
#338=LINE('',#2850,#469);
#339=LINE('',#2851,#470);
#340=LINE('',#2853,#471);
#341=LINE('',#2855,#472);
#342=LINE('',#2856,#473);
#343=LINE('',#2860,#474);
#344=LINE('',#2863,#475);
#345=LINE('',#2866,#476);
#346=LINE('',#2870,#477);
#347=LINE('',#2872,#478);
#348=LINE('',#2892,#479);
#349=LINE('',#2912,#480);
#350=LINE('',#2913,#481);
#351=LINE('',#2916,#482);
#352=LINE('',#2918,#483);
#353=LINE('',#2920,#484);
#354=LINE('',#2921,#485);
#355=LINE('',#2997,#486);
#356=LINE('',#2999,#487);
#357=LINE('',#3001,#488);
#358=LINE('',#3027,#489);
#359=LINE('',#3052,#490);
#360=LINE('',#3055,#491);
#361=LINE('',#3057,#492);
#362=LINE('',#3059,#493);
#363=LINE('',#3060,#494);
#364=LINE('',#3167,#495);
#365=LINE('',#3168,#496);
#366=LINE('',#3179,#497);
#367=LINE('',#3190,#498);
#368=LINE('',#3192,#499);
#369=LINE('',#3194,#500);
#370=LINE('',#3196,#501);
#371=LINE('',#3198,#502);
#372=LINE('',#3209,#503);
#373=LINE('',#3220,#504);
#374=LINE('',#3231,#505);
#375=LINE('',#3234,#506);
#376=LINE('',#3235,#507);
#377=LINE('',#3237,#508);
#378=LINE('',#3239,#509);
#379=LINE('',#3251,#510);
#380=LINE('',#3252,#511);
#381=LINE('',#3263,#512);
#382=LINE('',#3274,#513);
#383=LINE('',#3285,#514);
#384=LINE('',#3296,#515);
#385=LINE('',#3307,#516);
#386=LINE('',#3318,#517);
#387=LINE('',#3329,#518);
#388=LINE('',#3340,#519);
#389=LINE('',#3351,#520);
#390=LINE('',#3362,#521);
#391=VECTOR('',#1695,10.);
#392=VECTOR('',#1696,10.);
#393=VECTOR('',#1697,10.);
#394=VECTOR('',#1698,10.);
#395=VECTOR('',#1699,10.);
#396=VECTOR('',#1700,10.);
#397=VECTOR('',#1701,10.);
#398=VECTOR('',#1702,10.);
#399=VECTOR('',#1707,10.);
#400=VECTOR('',#1708,10.);
#401=VECTOR('',#1709,10.);
#402=VECTOR('',#1710,10.);
#403=VECTOR('',#1711,10.);
#404=VECTOR('',#1712,10.);
#405=VECTOR('',#1713,10.);
#406=VECTOR('',#1714,10.);
#407=VECTOR('',#1715,10.);
#408=VECTOR('',#1716,10.);
#409=VECTOR('',#1717,10.);
#410=VECTOR('',#1718,10.);
#411=VECTOR('',#1719,10.);
#412=VECTOR('',#1720,10.);
#413=VECTOR('',#1721,10.);
#414=VECTOR('',#1722,10.);
#415=VECTOR('',#1723,10.);
#416=VECTOR('',#1724,10.);
#417=VECTOR('',#1725,10.);
#418=VECTOR('',#1726,10.);
#419=VECTOR('',#1733,10.);
#420=VECTOR('',#1734,10.);
#421=VECTOR('',#1735,10.);
#422=VECTOR('',#1736,10.);
#423=VECTOR('',#1739,10.);
#424=VECTOR('',#1740,10.);
#425=VECTOR('',#1741,10.);
#426=VECTOR('',#1744,10.);
#427=VECTOR('',#1745,10.);
#428=VECTOR('',#1746,10.);
#429=VECTOR('',#1749,10.);
#430=VECTOR('',#1750,10.);
#431=VECTOR('',#1757,10.);
#432=VECTOR('',#1758,10.);
#433=VECTOR('',#1759,10.);
#434=VECTOR('',#1760,10.);
#435=VECTOR('',#1761,10.);
#436=VECTOR('',#1762,10.);
#437=VECTOR('',#1763,10.);
#438=VECTOR('',#1766,10.);
#439=VECTOR('',#1767,10.);
#440=VECTOR('',#1768,10.);
#441=VECTOR('',#1771,10.);
#442=VECTOR('',#1772,10.);
#443=VECTOR('',#1773,10.);
#444=VECTOR('',#1776,10.);
#445=VECTOR('',#1777,10.);
#446=VECTOR('',#1778,10.);
#447=VECTOR('',#1781,10.);
#448=VECTOR('',#1782,10.);
#449=VECTOR('',#1783,10.);
#450=VECTOR('',#1784,10.);
#451=VECTOR('',#1785,10.);
#452=VECTOR('',#1792,10.);
#453=VECTOR('',#1793,10.);
#454=VECTOR('',#1794,10.);
#455=VECTOR('',#1795,10.);
#456=VECTOR('',#1798,10.);
#457=VECTOR('',#1799,10.);
#458=VECTOR('',#1800,10.);
#459=VECTOR('',#1801,10.);
#460=VECTOR('',#1802,10.);
#461=VECTOR('',#1803,10.);
#462=VECTOR('',#1804,10.);
#463=VECTOR('',#1807,10.);
#464=VECTOR('',#1808,10.);
#465=VECTOR('',#1811,10.);
#466=VECTOR('',#1812,10.);
#467=VECTOR('',#1813,10.);
#468=VECTOR('',#1814,10.);
#469=VECTOR('',#1815,10.);
#470=VECTOR('',#1816,10.);
#471=VECTOR('',#1819,10.);
#472=VECTOR('',#1822,10.);
#473=VECTOR('',#1823,10.);
#474=VECTOR('',#1828,10.);
#475=VECTOR('',#1831,2.5);
#476=VECTOR('',#1836,10.);
#477=VECTOR('',#1839,10.);
#478=VECTOR('',#1840,10.);
#479=VECTOR('',#1841,10.);
#480=VECTOR('',#1842,10.);
#481=VECTOR('',#1843,10.);
#482=VECTOR('',#1844,10.);
#483=VECTOR('',#1845,10.);
#484=VECTOR('',#1846,10.);
#485=VECTOR('',#1847,10.);
#486=VECTOR('',#1850,10.);
#487=VECTOR('',#1851,10.);
#488=VECTOR('',#1852,10.);
#489=VECTOR('',#1853,10.);
#490=VECTOR('',#1854,10.);
#491=VECTOR('',#1855,10.);
#492=VECTOR('',#1856,10.);
#493=VECTOR('',#1857,10.);
#494=VECTOR('',#1858,10.);
#495=VECTOR('',#1859,10.);
#496=VECTOR('',#1860,10.);
#497=VECTOR('',#1861,10.);
#498=VECTOR('',#1862,10.);
#499=VECTOR('',#1865,10.);
#500=VECTOR('',#1868,10.);
#501=VECTOR('',#1871,10.);
#502=VECTOR('',#1874,10.);
#503=VECTOR('',#1875,10.);
#504=VECTOR('',#1876,10.);
#505=VECTOR('',#1877,10.);
#506=VECTOR('',#1882,10.);
#507=VECTOR('',#1883,10.);
#508=VECTOR('',#1886,10.);
#509=VECTOR('',#1889,10.);
#510=VECTOR('',#1892,10.);
#511=VECTOR('',#1893,10.);
#512=VECTOR('',#1894,10.);
#513=VECTOR('',#1895,10.);
#514=VECTOR('',#1896,10.);
#515=VECTOR('',#1897,10.);
#516=VECTOR('',#1898,10.);
#517=VECTOR('',#1899,10.);
#518=VECTOR('',#1900,10.);
#519=VECTOR('',#1901,10.);
#520=VECTOR('',#1902,10.);
#521=VECTOR('',#1903,10.);
#522=B_SPLINE_CURVE_WITH_KNOTS('',3,(#1917,#1918,#1919,#1920,#1921,#1922,
#1923),.UNSPECIFIED.,.F.,.F.,(4,3,4),(0.,0.216298322473061,0.35281084166197),
 .UNSPECIFIED.);
#523=B_SPLINE_CURVE_WITH_KNOTS('',3,(#1927,#1928,#1929,#1930,#1931),
 .UNSPECIFIED.,.F.,.F.,(4,1,4),(-0.336006008242764,-0.205995755633303,0.),
 .UNSPECIFIED.);
#524=B_SPLINE_CURVE_WITH_KNOTS('',3,(#1944,#1945,#1946,#1947,#1948,#1949,
#1950),.UNSPECIFIED.,.F.,.F.,(4,3,4),(0.,0.0925624184463267,0.177403261708115),
 .UNSPECIFIED.);
#525=B_SPLINE_CURVE_WITH_KNOTS('',3,(#1952,#1953,#1954,#1955,#1956),
 .UNSPECIFIED.,.F.,.F.,(4,1,4),(-0.170291808629417,-0.0888519269407369,
0.),.UNSPECIFIED.);
#526=B_SPLINE_CURVE_WITH_KNOTS('',3,(#1969,#1970,#1971,#1972,#1973,#1974,
#1975),.UNSPECIFIED.,.F.,.F.,(4,3,4),(0.,0.0840611328540321,0.169905127926672),
 .UNSPECIFIED.);
#527=B_SPLINE_CURVE_WITH_KNOTS('',3,(#1977,#1978,#1979,#1980,#1981),
 .UNSPECIFIED.,.F.,.F.,(4,1,4),(-0.157930495414354,-0.078136643188655,0.),
 .UNSPECIFIED.);
#528=B_SPLINE_CURVE_WITH_KNOTS('',3,(#1994,#1995,#1996,#1997,#1998,#1999,
#2000),.UNSPECIFIED.,.F.,.F.,(4,3,4),(0.,0.155630653532545,0.389446952389049),
 .UNSPECIFIED.);
#529=B_SPLINE_CURVE_WITH_KNOTS('',3,(#2002,#2003,#2004,#2005,#2006),
 .UNSPECIFIED.,.F.,.F.,(4,1,4),(-0.346684596116817,-0.138541975825829,0.),
 .UNSPECIFIED.);
#530=B_SPLINE_CURVE_WITH_KNOTS('',3,(#2019,#2020,#2021,#2022,#2023,#2024,
#2025),.UNSPECIFIED.,.F.,.F.,(4,3,4),(0.,0.215770047616074,0.352315297661995),
 .UNSPECIFIED.);
#531=B_SPLINE_CURVE_WITH_KNOTS('',3,(#2027,#2028,#2029,#2030,#2031),
 .UNSPECIFIED.,.F.,.F.,(4,1,4),(-0.335661106280029,-0.205570446033796,0.),
 .UNSPECIFIED.);
#532=B_SPLINE_CURVE_WITH_KNOTS('',3,(#2044,#2045,#2046,#2047,#2048,#2049,
#2050),.UNSPECIFIED.,.F.,.F.,(4,3,4),(0.,0.0925586823342465,0.176454936011418),
 .UNSPECIFIED.);
#533=B_SPLINE_CURVE_WITH_KNOTS('',3,(#2052,#2053,#2054,#2055,#2056),
 .UNSPECIFIED.,.F.,.F.,(4,1,4),(-0.16925064810175,-0.0887797039097937,0.),
 .UNSPECIFIED.);
#534=B_SPLINE_CURVE_WITH_KNOTS('',3,(#2069,#2070,#2071,#2072,#2073,#2074,
#2075),.UNSPECIFIED.,.F.,.F.,(4,3,4),(0.,0.0896922712471557,0.188815444233457),
 .UNSPECIFIED.);
#535=B_SPLINE_CURVE_WITH_KNOTS('',3,(#2077,#2078,#2079,#2080,#2081),
 .UNSPECIFIED.,.F.,.F.,(4,1,4),(-0.169448720738606,-0.0804925713819205,
0.),.UNSPECIFIED.);
#536=B_SPLINE_CURVE_WITH_KNOTS('',3,(#2093,#2094,#2095,#2096,#2097,#2098,
#2099),.UNSPECIFIED.,.F.,.F.,(4,3,4),(0.,0.144928866070685,0.373331846304513),
 .UNSPECIFIED.);
#537=B_SPLINE_CURVE_WITH_KNOTS('',3,(#2100,#2101,#2102,#2103,#2104),
 .UNSPECIFIED.,.F.,.F.,(4,1,4),(-0.335316274244739,-0.130171074025381,0.),
 .UNSPECIFIED.);
#538=B_SPLINE_CURVE_WITH_KNOTS('',3,(#2119,#2120,#2121,#2122,#2123,#2124,
#2125),.UNSPECIFIED.,.F.,.F.,(4,3,4),(0.,0.216298322473061,0.35281084166197),
 .UNSPECIFIED.);
#539=B_SPLINE_CURVE_WITH_KNOTS('',3,(#2129,#2130,#2131,#2132,#2133),
 .UNSPECIFIED.,.F.,.F.,(4,1,4),(0.,0.205995755633303,0.336006008242764),
 .UNSPECIFIED.);
#540=B_SPLINE_CURVE_WITH_KNOTS('',3,(#2146,#2147,#2148,#2149,#2150,#2151,
#2152),.UNSPECIFIED.,.F.,.F.,(4,3,4),(0.,0.0925624184463267,0.177403261708115),
 .UNSPECIFIED.);
#541=B_SPLINE_CURVE_WITH_KNOTS('',3,(#2155,#2156,#2157,#2158,#2159),
 .UNSPECIFIED.,.F.,.F.,(4,1,4),(0.,0.0888519269407369,0.170291808629417),
 .UNSPECIFIED.);
#542=B_SPLINE_CURVE_WITH_KNOTS('',3,(#2171,#2172,#2173,#2174,#2175,#2176,
#2177),.UNSPECIFIED.,.F.,.F.,(4,3,4),(0.,0.0840611328540287,0.169905127926665),
 .UNSPECIFIED.);
#543=B_SPLINE_CURVE_WITH_KNOTS('',3,(#2180,#2181,#2182,#2183,#2184),
 .UNSPECIFIED.,.F.,.F.,(4,1,4),(0.,0.078136643188655,0.157930495414354),
 .UNSPECIFIED.);
#544=B_SPLINE_CURVE_WITH_KNOTS('',3,(#2196,#2197,#2198,#2199,#2200,#2201),
 .UNSPECIFIED.,.F.,.F.,(4,2,4),(0.,0.200166782949256,0.389446952389049),
 .UNSPECIFIED.);
#545=B_SPLINE_CURVE_WITH_KNOTS('',3,(#2204,#2205,#2206,#2207,#2208),
 .UNSPECIFIED.,.F.,.F.,(4,1,4),(0.,0.138541975825829,0.346684596116817),
 .UNSPECIFIED.);
#546=B_SPLINE_CURVE_WITH_KNOTS('',3,(#2221,#2222,#2223,#2224,#2225,#2226,
#2227),.UNSPECIFIED.,.F.,.F.,(4,3,4),(0.,0.11706058701225,0.2669728951914),
 .UNSPECIFIED.);
#547=B_SPLINE_CURVE_WITH_KNOTS('',3,(#2231,#2232,#2233,#2234,#2235),
 .UNSPECIFIED.,.F.,.F.,(4,1,4),(0.,0.104291668902067,0.237851607460451),
 .UNSPECIFIED.);
#548=B_SPLINE_CURVE_WITH_KNOTS('',3,(#2248,#2249,#2250,#2251,#2252,#2253,
#2254),.UNSPECIFIED.,.F.,.F.,(4,3,4),(0.,0.161525361819175,0.29132178365981),
 .UNSPECIFIED.);
#549=B_SPLINE_CURVE_WITH_KNOTS('',3,(#2257,#2258,#2259,#2260,#2261),
 .UNSPECIFIED.,.F.,.F.,(4,1,4),(0.,0.159277782296877,0.287268123801204),
 .UNSPECIFIED.);
#550=B_SPLINE_CURVE_WITH_KNOTS('',3,(#2273,#2274,#2275,#2276,#2277,#2278,
#2279),.UNSPECIFIED.,.F.,.F.,(4,3,4),(0.,0.107604307625768,0.204254819902231),
 .UNSPECIFIED.);
#551=B_SPLINE_CURVE_WITH_KNOTS('',3,(#2282,#2283,#2284,#2285,#2286),
 .UNSPECIFIED.,.F.,.F.,(4,1,4),(0.,0.105922758671558,0.201062898627169),
 .UNSPECIFIED.);
#552=B_SPLINE_CURVE_WITH_KNOTS('',3,(#2298,#2299,#2300,#2301,#2302,#2303,
#2304),.UNSPECIFIED.,.F.,.F.,(4,3,4),(0.,0.100962391198285,0.211467217699251),
 .UNSPECIFIED.);
#553=B_SPLINE_CURVE_WITH_KNOTS('',3,(#2307,#2308,#2309,#2310,#2311),
 .UNSPECIFIED.,.F.,.F.,(4,1,4),(0.,0.0926770739647712,0.194113498533806),
 .UNSPECIFIED.);
#554=B_SPLINE_CURVE_WITH_KNOTS('',3,(#2323,#2324,#2325,#2326,#2327,#2328,
#2329),.UNSPECIFIED.,.F.,.F.,(4,3,4),(0.,0.136316762272658,0.265881963630681),
 .UNSPECIFIED.);
#555=B_SPLINE_CURVE_WITH_KNOTS('',3,(#2332,#2333,#2334,#2335,#2336),
 .UNSPECIFIED.,.F.,.F.,(4,1,4),(0.,0.131669362589219,0.256817342867918),
 .UNSPECIFIED.);
#556=B_SPLINE_CURVE_WITH_KNOTS('',3,(#2348,#2349,#2350,#2351,#2352,#2353,
#2354),.UNSPECIFIED.,.F.,.F.,(4,3,4),(0.,0.204841507053452,0.482167790315511),
 .UNSPECIFIED.);
#557=B_SPLINE_CURVE_WITH_KNOTS('',3,(#2357,#2358,#2359,#2360,#2361),
 .UNSPECIFIED.,.F.,.F.,(4,1,4),(0.,0.180044051407836,0.423798104571236),
 .UNSPECIFIED.);
#558=B_SPLINE_CURVE_WITH_KNOTS('',3,(#2373,#2374,#2375,#2376,#2377,#2378),
 .UNSPECIFIED.,.F.,.F.,(4,2,4),(0.,0.170220451611681,0.352315297661995),
 .UNSPECIFIED.);
#559=B_SPLINE_CURVE_WITH_KNOTS('',3,(#2381,#2382,#2383,#2384,#2385),
 .UNSPECIFIED.,.F.,.F.,(4,1,4),(0.,0.205570446033796,0.335661106280029),
 .UNSPECIFIED.);
#560=B_SPLINE_CURVE_WITH_KNOTS('',3,(#2397,#2398,#2399,#2400,#2401,#2402,
#2403),.UNSPECIFIED.,.F.,.F.,(4,3,4),(0.,0.0925586823342464,0.176454936011418),
 .UNSPECIFIED.);
#561=B_SPLINE_CURVE_WITH_KNOTS('',3,(#2406,#2407,#2408,#2409,#2410),
 .UNSPECIFIED.,.F.,.F.,(4,1,4),(0.,0.0887797039097937,0.16925064810175),
 .UNSPECIFIED.);
#562=B_SPLINE_CURVE_WITH_KNOTS('',3,(#2422,#2423,#2424,#2425,#2426,#2427,
#2428),.UNSPECIFIED.,.F.,.F.,(4,3,4),(0.,0.0896922712471557,0.188815444233457),
 .UNSPECIFIED.);
#563=B_SPLINE_CURVE_WITH_KNOTS('',3,(#2431,#2432,#2433,#2434,#2435),
 .UNSPECIFIED.,.F.,.F.,(4,1,4),(0.,0.0804925713819205,0.169448720738606),
 .UNSPECIFIED.);
#564=B_SPLINE_CURVE_WITH_KNOTS('',3,(#2446,#2447,#2448,#2449,#2450,#2451,
#2452),.UNSPECIFIED.,.F.,.F.,(4,3,4),(0.,0.144928866070685,0.373331846304513),
 .UNSPECIFIED.);
#565=B_SPLINE_CURVE_WITH_KNOTS('',3,(#2453,#2454,#2455,#2456,#2457),
 .UNSPECIFIED.,.F.,.F.,(4,1,4),(0.,0.130171074025381,0.335316274244739),
 .UNSPECIFIED.);
#566=B_SPLINE_CURVE_WITH_KNOTS('',3,(#2469,#2470,#2471,#2472,#2473,#2474,
#2475),.UNSPECIFIED.,.F.,.F.,(4,3,4),(0.,0.162622748137569,0.29285747284998),
 .UNSPECIFIED.);
#567=B_SPLINE_CURVE_WITH_KNOTS('',3,(#2478,#2479,#2480,#2481,#2482),
 .UNSPECIFIED.,.F.,.F.,(4,1,4),(0.,0.160304205420918,0.288682149480591),
 .UNSPECIFIED.);
#568=B_SPLINE_CURVE_WITH_KNOTS('',3,(#2494,#2495,#2496,#2497,#2498,#2499,
#2500),.UNSPECIFIED.,.F.,.F.,(4,3,4),(0.,0.107646215584557,0.204167998990128),
 .UNSPECIFIED.);
#569=B_SPLINE_CURVE_WITH_KNOTS('',3,(#2503,#2504,#2505,#2506,#2507),
 .UNSPECIFIED.,.F.,.F.,(4,1,4),(0.,0.105954916716038,0.200960184355821),
 .UNSPECIFIED.);
#570=B_SPLINE_CURVE_WITH_KNOTS('',3,(#2519,#2520,#2521,#2522,#2523,#2524,
#2525),.UNSPECIFIED.,.F.,.F.,(4,3,4),(0.,0.10053445036623,0.210330503007928),
 .UNSPECIFIED.);
#571=B_SPLINE_CURVE_WITH_KNOTS('',3,(#2528,#2529,#2530,#2531,#2532),
 .UNSPECIFIED.,.F.,.F.,(4,1,4),(0.,0.0924051099572599,0.19332291753735),
 .UNSPECIFIED.);
#572=B_SPLINE_CURVE_WITH_KNOTS('',3,(#2544,#2545,#2546,#2547,#2548,#2549,
#2550),.UNSPECIFIED.,.F.,.F.,(4,3,4),(0.,0.0768539345301908,0.147668161157879),
 .UNSPECIFIED.);
#573=B_SPLINE_CURVE_WITH_KNOTS('',3,(#2553,#2554,#2555,#2556,#2557),
 .UNSPECIFIED.,.F.,.F.,(4,1,4),(0.,0.0759786940900337,0.145986462658523),
 .UNSPECIFIED.);
#574=B_SPLINE_CURVE_WITH_KNOTS('',3,(#2569,#2570,#2571,#2572,#2573,#2574,
#2575),.UNSPECIFIED.,.F.,.F.,(4,3,4),(0.,0.0706275241940515,0.143344816641437),
 .UNSPECIFIED.);
#575=B_SPLINE_CURVE_WITH_KNOTS('',3,(#2578,#2579,#2580,#2581,#2582),
 .UNSPECIFIED.,.F.,.F.,(4,1,4),(0.,0.0680953743457991,0.138205594222864),
 .UNSPECIFIED.);
#576=B_SPLINE_CURVE_WITH_KNOTS('',3,(#2593,#2594,#2595,#2596,#2597,#2598,
#2599),.UNSPECIFIED.,.F.,.F.,(4,3,4),(0.,0.0828712788056421,0.175468986044883),
 .UNSPECIFIED.);
#577=B_SPLINE_CURVE_WITH_KNOTS('',3,(#2600,#2601,#2602,#2603,#2604),
 .UNSPECIFIED.,.F.,.F.,(4,1,4),(0.,0.0763515214853463,0.161664261142133),
 .UNSPECIFIED.);
#578=B_SPLINE_CURVE_WITH_KNOTS('',3,(#2653,#2654,#2655,#2656,#2657,#2658,
#2659),.UNSPECIFIED.,.F.,.F.,(4,3,4),(0.,0.145655807108874,0.322007817029621),
 .UNSPECIFIED.);
#579=B_SPLINE_CURVE_WITH_KNOTS('',3,(#2662,#2663,#2664,#2665,#2666),
 .UNSPECIFIED.,.F.,.F.,(4,1,4),(0.,0.130896173739987,0.289378034423559),
 .UNSPECIFIED.);
#580=B_SPLINE_CURVE_WITH_KNOTS('',3,(#2678,#2679,#2680,#2681,#2682,#2683,
#2684),.UNSPECIFIED.,.F.,.F.,(4,3,4),(0.,0.174624811405518,0.35078637415332),
 .UNSPECIFIED.);
#581=B_SPLINE_CURVE_WITH_KNOTS('',3,(#2687,#2688,#2689,#2690,#2691),
 .UNSPECIFIED.,.F.,.F.,(4,1,4),(0.,0.172783461081317,0.347087469063181),
 .UNSPECIFIED.);
#582=B_SPLINE_CURVE_WITH_KNOTS('',3,(#2703,#2704,#2705,#2706,#2707,#2708,
#2709),.UNSPECIFIED.,.F.,.F.,(4,3,4),(0.,0.167425247444051,0.317528366329847),
 .UNSPECIFIED.);
#583=B_SPLINE_CURVE_WITH_KNOTS('',3,(#2712,#2713,#2714,#2715,#2716),
 .UNSPECIFIED.,.F.,.F.,(4,1,4),(0.,0.166614658684338,0.315991053836262),
 .UNSPECIFIED.);
#584=B_SPLINE_CURVE_WITH_KNOTS('',3,(#2752,#2753,#2754,#2755,#2756,#2757,
#2758),.UNSPECIFIED.,.F.,.F.,(4,3,4),(0.,0.167716171479582,0.365078837739977),
 .UNSPECIFIED.);
#585=B_SPLINE_CURVE_WITH_KNOTS('',3,(#2761,#2762,#2763,#2764,#2765),
 .UNSPECIFIED.,.F.,.F.,(4,1,4),(0.,0.151806302507503,0.330446777982822),
 .UNSPECIFIED.);
#586=B_SPLINE_CURVE_WITH_KNOTS('',3,(#2777,#2778,#2779,#2780,#2781,#2782),
 .UNSPECIFIED.,.F.,.F.,(4,2,4),(0.,0.188504721325395,0.377047433065283),
 .UNSPECIFIED.);
#587=B_SPLINE_CURVE_WITH_KNOTS('',3,(#2785,#2786,#2787,#2788,#2789),
 .UNSPECIFIED.,.F.,.F.,(4,1,4),(0.,0.190023547956443,0.376232254926537),
 .UNSPECIFIED.);
#588=B_SPLINE_CURVE_WITH_KNOTS('',3,(#2800,#2801,#2802,#2803,#2804,#2805),
 .UNSPECIFIED.,.F.,.F.,(4,2,4),(0.,0.147944347383216,0.295568429134267),
 .UNSPECIFIED.);
#589=B_SPLINE_CURVE_WITH_KNOTS('',3,(#2806,#2807,#2808,#2809,#2810),
 .UNSPECIFIED.,.F.,.F.,(4,1,4),(0.,0.134900567268769,0.279308195470547),
 .UNSPECIFIED.);
#590=B_SPLINE_CURVE_WITH_KNOTS('',3,(#2874,#2875,#2876,#2877,#2878),
 .UNSPECIFIED.,.F.,.F.,(4,1,4),(-0.315991053836262,-0.166614658684338,0.),
 .UNSPECIFIED.);
#591=B_SPLINE_CURVE_WITH_KNOTS('',3,(#2880,#2881,#2882,#2883,#2884),
 .UNSPECIFIED.,.F.,.F.,(4,1,4),(-0.347087469063181,-0.172783461081317,0.),
 .UNSPECIFIED.);
#592=B_SPLINE_CURVE_WITH_KNOTS('',3,(#2886,#2887,#2888,#2889,#2890),
 .UNSPECIFIED.,.F.,.F.,(4,1,4),(-0.289378034423559,-0.130896173739987,0.),
 .UNSPECIFIED.);
#593=B_SPLINE_CURVE_WITH_KNOTS('',3,(#2894,#2895,#2896,#2897,#2898),
 .UNSPECIFIED.,.F.,.F.,(4,1,4),(-0.279308195470547,-0.134900567268769,0.),
 .UNSPECIFIED.);
#594=B_SPLINE_CURVE_WITH_KNOTS('',3,(#2900,#2901,#2902,#2903,#2904),
 .UNSPECIFIED.,.F.,.F.,(4,1,4),(-0.376232254926537,-0.190023547956443,0.),
 .UNSPECIFIED.);
#595=B_SPLINE_CURVE_WITH_KNOTS('',3,(#2906,#2907,#2908,#2909,#2910),
 .UNSPECIFIED.,.F.,.F.,(4,1,4),(-0.330446777982822,-0.151806302507503,0.),
 .UNSPECIFIED.);
#596=B_SPLINE_CURVE_WITH_KNOTS('',3,(#2924,#2925,#2926,#2927,#2928),
 .UNSPECIFIED.,.F.,.F.,(4,1,4),(-0.288682149480591,-0.160304205420918,0.),
 .UNSPECIFIED.);
#597=B_SPLINE_CURVE_WITH_KNOTS('',3,(#2930,#2931,#2932,#2933,#2934),
 .UNSPECIFIED.,.F.,.F.,(4,1,4),(-0.423798104571236,-0.180044051407836,0.),
 .UNSPECIFIED.);
#598=B_SPLINE_CURVE_WITH_KNOTS('',3,(#2936,#2937,#2938,#2939,#2940),
 .UNSPECIFIED.,.F.,.F.,(4,1,4),(-0.256817342867918,-0.131669362589219,0.),
 .UNSPECIFIED.);
#599=B_SPLINE_CURVE_WITH_KNOTS('',3,(#2942,#2943,#2944,#2945,#2946),
 .UNSPECIFIED.,.F.,.F.,(4,1,4),(-0.194113498533806,-0.0926770739647712,
0.),.UNSPECIFIED.);
#600=B_SPLINE_CURVE_WITH_KNOTS('',3,(#2948,#2949,#2950,#2951,#2952),
 .UNSPECIFIED.,.F.,.F.,(4,1,4),(-0.201062898627169,-0.105922758671558,0.),
 .UNSPECIFIED.);
#601=B_SPLINE_CURVE_WITH_KNOTS('',3,(#2954,#2955,#2956,#2957,#2958),
 .UNSPECIFIED.,.F.,.F.,(4,1,4),(-0.287268123801204,-0.159277782296877,0.),
 .UNSPECIFIED.);
#602=B_SPLINE_CURVE_WITH_KNOTS('',3,(#2960,#2961,#2962,#2963,#2964),
 .UNSPECIFIED.,.F.,.F.,(4,1,4),(-0.237851607460451,-0.104291668902067,0.),
 .UNSPECIFIED.);
#603=B_SPLINE_CURVE_WITH_KNOTS('',3,(#2966,#2967,#2968,#2969,#2970),
 .UNSPECIFIED.,.F.,.F.,(4,1,4),(-0.161664261142133,-0.0763515214853463,
0.),.UNSPECIFIED.);
#604=B_SPLINE_CURVE_WITH_KNOTS('',3,(#2972,#2973,#2974,#2975,#2976),
 .UNSPECIFIED.,.F.,.F.,(4,1,4),(-0.138205594222864,-0.0680953743457991,
0.),.UNSPECIFIED.);
#605=B_SPLINE_CURVE_WITH_KNOTS('',3,(#2978,#2979,#2980,#2981,#2982),
 .UNSPECIFIED.,.F.,.F.,(4,1,4),(-0.145986462658523,-0.0759786940900337,
0.),.UNSPECIFIED.);
#606=B_SPLINE_CURVE_WITH_KNOTS('',3,(#2984,#2985,#2986,#2987,#2988),
 .UNSPECIFIED.,.F.,.F.,(4,1,4),(-0.19332291753735,-0.0924051099572599,0.),
 .UNSPECIFIED.);
#607=B_SPLINE_CURVE_WITH_KNOTS('',3,(#2989,#2990,#2991,#2992,#2993),
 .UNSPECIFIED.,.F.,.F.,(4,1,4),(-0.200960184355821,-0.105954916716038,0.),
 .UNSPECIFIED.);
#608=B_SPLINE_CURVE_WITH_KNOTS('',3,(#3003,#3004,#3005,#3006,#3007,#3008,
#3009),.UNSPECIFIED.,.F.,.F.,(4,3,4),(0.,0.167716171479582,0.365078837739977),
 .UNSPECIFIED.);
#609=B_SPLINE_CURVE_WITH_KNOTS('',3,(#3011,#3012,#3013,#3014,#3015,#3016,
#3017),.UNSPECIFIED.,.F.,.F.,(4,3,4),(0.,0.190435269812059,0.377047433065283),
 .UNSPECIFIED.);
#610=B_SPLINE_CURVE_WITH_KNOTS('',3,(#3019,#3020,#3021,#3022,#3023,#3024,
#3025),.UNSPECIFIED.,.F.,.F.,(4,3,4),(0.,0.14275395209861,0.295568429134267),
 .UNSPECIFIED.);
#611=B_SPLINE_CURVE_WITH_KNOTS('',3,(#3029,#3030,#3031,#3032,#3033,#3034,
#3035),.UNSPECIFIED.,.F.,.F.,(4,3,4),(0.,0.145655807108874,0.32200781702962),
 .UNSPECIFIED.);
#612=B_SPLINE_CURVE_WITH_KNOTS('',3,(#3037,#3038,#3039,#3040,#3041,#3042,
#3043),.UNSPECIFIED.,.F.,.F.,(4,3,4),(0.,0.174624811405518,0.35078637415332),
 .UNSPECIFIED.);
#613=B_SPLINE_CURVE_WITH_KNOTS('',3,(#3045,#3046,#3047,#3048,#3049,#3050,
#3051),.UNSPECIFIED.,.F.,.F.,(4,3,4),(0.,0.167425247444051,0.317528366329847),
 .UNSPECIFIED.);
#614=B_SPLINE_CURVE_WITH_KNOTS('',3,(#3063,#3064,#3065,#3066,#3067,#3068,
#3069),.UNSPECIFIED.,.F.,.F.,(4,3,4),(0.,0.162622748137569,0.29285747284998),
 .UNSPECIFIED.);
#615=B_SPLINE_CURVE_WITH_KNOTS('',3,(#3071,#3072,#3073,#3074,#3075,#3076,
#3077),.UNSPECIFIED.,.F.,.F.,(4,3,4),(0.,0.107646215584557,0.204167998990128),
 .UNSPECIFIED.);
#616=B_SPLINE_CURVE_WITH_KNOTS('',3,(#3079,#3080,#3081,#3082,#3083,#3084,
#3085),.UNSPECIFIED.,.F.,.F.,(4,3,4),(0.,0.10053445036623,0.210330503007928),
 .UNSPECIFIED.);
#617=B_SPLINE_CURVE_WITH_KNOTS('',3,(#3087,#3088,#3089,#3090,#3091,#3092,
#3093),.UNSPECIFIED.,.F.,.F.,(4,3,4),(0.,0.076853934530196,0.147668161157889),
 .UNSPECIFIED.);
#618=B_SPLINE_CURVE_WITH_KNOTS('',3,(#3095,#3096,#3097,#3098,#3099,#3100,
#3101),.UNSPECIFIED.,.F.,.F.,(4,3,4),(0.,0.0706275241940515,0.143344816641437),
 .UNSPECIFIED.);
#619=B_SPLINE_CURVE_WITH_KNOTS('',3,(#3103,#3104,#3105,#3106,#3107,#3108,
#3109),.UNSPECIFIED.,.F.,.F.,(4,3,4),(0.,0.0828712788056421,0.175468986044883),
 .UNSPECIFIED.);
#620=B_SPLINE_CURVE_WITH_KNOTS('',3,(#3111,#3112,#3113,#3114,#3115,#3116,
#3117),.UNSPECIFIED.,.F.,.F.,(4,3,4),(0.,0.11706058701225,0.2669728951914),
 .UNSPECIFIED.);
#621=B_SPLINE_CURVE_WITH_KNOTS('',3,(#3119,#3120,#3121,#3122,#3123,#3124,
#3125),.UNSPECIFIED.,.F.,.F.,(4,3,4),(0.,0.161525361819176,0.291321783659811),
 .UNSPECIFIED.);
#622=B_SPLINE_CURVE_WITH_KNOTS('',3,(#3127,#3128,#3129,#3130,#3131,#3132,
#3133),.UNSPECIFIED.,.F.,.F.,(4,3,4),(0.,0.107604307625768,0.204254819902231),
 .UNSPECIFIED.);
#623=B_SPLINE_CURVE_WITH_KNOTS('',3,(#3135,#3136,#3137,#3138,#3139,#3140,
#3141),.UNSPECIFIED.,.F.,.F.,(4,3,4),(0.,0.100962391198285,0.211467217699251),
 .UNSPECIFIED.);
#624=B_SPLINE_CURVE_WITH_KNOTS('',3,(#3143,#3144,#3145,#3146,#3147,#3148,
#3149),.UNSPECIFIED.,.F.,.F.,(4,3,4),(0.,0.136316762272658,0.265881963630681),
 .UNSPECIFIED.);
#625=B_SPLINE_CURVE_WITH_KNOTS('',3,(#3150,#3151,#3152,#3153,#3154,#3155,
#3156),.UNSPECIFIED.,.F.,.F.,(4,3,4),(0.,0.204841507053452,0.482167790315511),
 .UNSPECIFIED.);
#626=VERTEX_POINT('',#1915);
#627=VERTEX_POINT('',#1916);
#628=VERTEX_POINT('',#1924);
#629=VERTEX_POINT('',#1926);
#630=VERTEX_POINT('',#1943);
#631=VERTEX_POINT('',#1951);
#632=VERTEX_POINT('',#1968);
#633=VERTEX_POINT('',#1976);
#634=VERTEX_POINT('',#1993);
#635=VERTEX_POINT('',#2001);
#636=VERTEX_POINT('',#2018);
#637=VERTEX_POINT('',#2026);
#638=VERTEX_POINT('',#2043);
#639=VERTEX_POINT('',#2051);
#640=VERTEX_POINT('',#2068);
#641=VERTEX_POINT('',#2076);
#642=VERTEX_POINT('',#2117);
#643=VERTEX_POINT('',#2118);
#644=VERTEX_POINT('',#2126);
#645=VERTEX_POINT('',#2128);
#646=VERTEX_POINT('',#2145);
#647=VERTEX_POINT('',#2153);
#648=VERTEX_POINT('',#2170);
#649=VERTEX_POINT('',#2178);
#650=VERTEX_POINT('',#2195);
#651=VERTEX_POINT('',#2202);
#652=VERTEX_POINT('',#2219);
#653=VERTEX_POINT('',#2220);
#654=VERTEX_POINT('',#2228);
#655=VERTEX_POINT('',#2230);
#656=VERTEX_POINT('',#2247);
#657=VERTEX_POINT('',#2255);
#658=VERTEX_POINT('',#2272);
#659=VERTEX_POINT('',#2280);
#660=VERTEX_POINT('',#2297);
#661=VERTEX_POINT('',#2305);
#662=VERTEX_POINT('',#2322);
#663=VERTEX_POINT('',#2330);
#664=VERTEX_POINT('',#2347);
#665=VERTEX_POINT('',#2355);
#666=VERTEX_POINT('',#2372);
#667=VERTEX_POINT('',#2379);
#668=VERTEX_POINT('',#2396);
#669=VERTEX_POINT('',#2404);
#670=VERTEX_POINT('',#2421);
#671=VERTEX_POINT('',#2429);
#672=VERTEX_POINT('',#2468);
#673=VERTEX_POINT('',#2476);
#674=VERTEX_POINT('',#2493);
#675=VERTEX_POINT('',#2501);
#676=VERTEX_POINT('',#2518);
#677=VERTEX_POINT('',#2526);
#678=VERTEX_POINT('',#2543);
#679=VERTEX_POINT('',#2551);
#680=VERTEX_POINT('',#2568);
#681=VERTEX_POINT('',#2576);
#682=VERTEX_POINT('',#2608);
#683=VERTEX_POINT('',#2609);
#684=VERTEX_POINT('',#2611);
#685=VERTEX_POINT('',#2613);
#686=VERTEX_POINT('',#2617);
#687=VERTEX_POINT('',#2619);
#688=VERTEX_POINT('',#2623);
#689=VERTEX_POINT('',#2625);
#690=VERTEX_POINT('',#2634);
#691=VERTEX_POINT('',#2635);
#692=VERTEX_POINT('',#2637);
#693=VERTEX_POINT('',#2639);
#694=VERTEX_POINT('',#2652);
#695=VERTEX_POINT('',#2660);
#696=VERTEX_POINT('',#2677);
#697=VERTEX_POINT('',#2685);
#698=VERTEX_POINT('',#2702);
#699=VERTEX_POINT('',#2710);
#700=VERTEX_POINT('',#2718);
#701=VERTEX_POINT('',#2720);
#702=VERTEX_POINT('',#2724);
#703=VERTEX_POINT('',#2726);
#704=VERTEX_POINT('',#2730);
#705=VERTEX_POINT('',#2732);
#706=VERTEX_POINT('',#2736);
#707=VERTEX_POINT('',#2738);
#708=VERTEX_POINT('',#2751);
#709=VERTEX_POINT('',#2759);
#710=VERTEX_POINT('',#2776);
#711=VERTEX_POINT('',#2783);
#712=VERTEX_POINT('',#2814);
#713=VERTEX_POINT('',#2815);
#714=VERTEX_POINT('',#2817);
#715=VERTEX_POINT('',#2819);
#716=VERTEX_POINT('',#2823);
#717=VERTEX_POINT('',#2824);
#718=VERTEX_POINT('',#2826);
#719=VERTEX_POINT('',#2828);
#720=VERTEX_POINT('',#2830);
#721=VERTEX_POINT('',#2832);
#722=VERTEX_POINT('',#2837);
#723=VERTEX_POINT('',#2841);
#724=VERTEX_POINT('',#2842);
#725=VERTEX_POINT('',#2845);
#726=VERTEX_POINT('',#2847);
#727=VERTEX_POINT('',#2849);
#728=VERTEX_POINT('',#2857);
#729=VERTEX_POINT('',#2862);
#730=VERTEX_POINT('',#2868);
#731=VERTEX_POINT('',#2869);
#732=VERTEX_POINT('',#2871);
#733=VERTEX_POINT('',#2873);
#734=VERTEX_POINT('',#2879);
#735=VERTEX_POINT('',#2885);
#736=VERTEX_POINT('',#2891);
#737=VERTEX_POINT('',#2893);
#738=VERTEX_POINT('',#2899);
#739=VERTEX_POINT('',#2905);
#740=VERTEX_POINT('',#2911);
#741=VERTEX_POINT('',#2914);
#742=VERTEX_POINT('',#2915);
#743=VERTEX_POINT('',#2917);
#744=VERTEX_POINT('',#2919);
#745=VERTEX_POINT('',#2922);
#746=VERTEX_POINT('',#2923);
#747=VERTEX_POINT('',#2929);
#748=VERTEX_POINT('',#2935);
#749=VERTEX_POINT('',#2941);
#750=VERTEX_POINT('',#2947);
#751=VERTEX_POINT('',#2953);
#752=VERTEX_POINT('',#2959);
#753=VERTEX_POINT('',#2965);
#754=VERTEX_POINT('',#2971);
#755=VERTEX_POINT('',#2977);
#756=VERTEX_POINT('',#2983);
#757=VERTEX_POINT('',#2995);
#758=VERTEX_POINT('',#2996);
#759=VERTEX_POINT('',#2998);
#760=VERTEX_POINT('',#3000);
#761=VERTEX_POINT('',#3002);
#762=VERTEX_POINT('',#3010);
#763=VERTEX_POINT('',#3018);
#764=VERTEX_POINT('',#3026);
#765=VERTEX_POINT('',#3028);
#766=VERTEX_POINT('',#3036);
#767=VERTEX_POINT('',#3044);
#768=VERTEX_POINT('',#3053);
#769=VERTEX_POINT('',#3054);
#770=VERTEX_POINT('',#3056);
#771=VERTEX_POINT('',#3058);
#772=VERTEX_POINT('',#3061);
#773=VERTEX_POINT('',#3062);
#774=VERTEX_POINT('',#3070);
#775=VERTEX_POINT('',#3078);
#776=VERTEX_POINT('',#3086);
#777=VERTEX_POINT('',#3094);
#778=VERTEX_POINT('',#3102);
#779=VERTEX_POINT('',#3110);
#780=VERTEX_POINT('',#3118);
#781=VERTEX_POINT('',#3126);
#782=VERTEX_POINT('',#3134);
#783=VERTEX_POINT('',#3142);
#784=EDGE_CURVE('',#626,#627,#522,.T.);
#785=EDGE_CURVE('',#628,#626,#260,.T.);
#786=EDGE_CURVE('',#629,#628,#523,.T.);
#787=EDGE_CURVE('',#629,#627,#261,.T.);
#788=EDGE_CURVE('',#627,#630,#524,.T.);
#789=EDGE_CURVE('',#631,#629,#525,.T.);
#790=EDGE_CURVE('',#631,#630,#262,.T.);
#791=EDGE_CURVE('',#630,#632,#526,.T.);
#792=EDGE_CURVE('',#633,#631,#527,.T.);
#793=EDGE_CURVE('',#633,#632,#263,.T.);
#794=EDGE_CURVE('',#632,#634,#528,.T.);
#795=EDGE_CURVE('',#635,#633,#529,.T.);
#796=EDGE_CURVE('',#635,#634,#264,.T.);
#797=EDGE_CURVE('',#634,#636,#530,.T.);
#798=EDGE_CURVE('',#637,#635,#531,.T.);
#799=EDGE_CURVE('',#637,#636,#265,.T.);
#800=EDGE_CURVE('',#636,#638,#532,.T.);
#801=EDGE_CURVE('',#639,#637,#533,.T.);
#802=EDGE_CURVE('',#639,#638,#266,.T.);
#803=EDGE_CURVE('',#638,#640,#534,.T.);
#804=EDGE_CURVE('',#641,#639,#535,.T.);
#805=EDGE_CURVE('',#641,#640,#267,.T.);
#806=EDGE_CURVE('',#640,#626,#536,.T.);
#807=EDGE_CURVE('',#628,#641,#537,.T.);
#808=EDGE_CURVE('',#642,#643,#538,.T.);
#809=EDGE_CURVE('',#644,#643,#268,.T.);
#810=EDGE_CURVE('',#645,#644,#539,.T.);
#811=EDGE_CURVE('',#645,#642,#269,.T.);
#812=EDGE_CURVE('',#643,#646,#540,.T.);
#813=EDGE_CURVE('',#647,#646,#270,.T.);
#814=EDGE_CURVE('',#644,#647,#541,.T.);
#815=EDGE_CURVE('',#646,#648,#542,.T.);
#816=EDGE_CURVE('',#649,#648,#271,.T.);
#817=EDGE_CURVE('',#647,#649,#543,.T.);
#818=EDGE_CURVE('',#648,#650,#544,.T.);
#819=EDGE_CURVE('',#651,#650,#272,.T.);
#820=EDGE_CURVE('',#649,#651,#545,.T.);
#821=EDGE_CURVE('',#652,#653,#546,.T.);
#822=EDGE_CURVE('',#654,#653,#273,.T.);
#823=EDGE_CURVE('',#655,#654,#547,.T.);
#824=EDGE_CURVE('',#655,#652,#274,.T.);
#825=EDGE_CURVE('',#653,#656,#548,.T.);
#826=EDGE_CURVE('',#657,#656,#275,.T.);
#827=EDGE_CURVE('',#654,#657,#549,.T.);
#828=EDGE_CURVE('',#656,#658,#550,.T.);
#829=EDGE_CURVE('',#659,#658,#276,.T.);
#830=EDGE_CURVE('',#657,#659,#551,.T.);
#831=EDGE_CURVE('',#658,#660,#552,.T.);
#832=EDGE_CURVE('',#661,#660,#277,.T.);
#833=EDGE_CURVE('',#659,#661,#553,.T.);
#834=EDGE_CURVE('',#660,#662,#554,.T.);
#835=EDGE_CURVE('',#663,#662,#278,.T.);
#836=EDGE_CURVE('',#661,#663,#555,.T.);
#837=EDGE_CURVE('',#662,#664,#556,.T.);
#838=EDGE_CURVE('',#665,#664,#279,.T.);
#839=EDGE_CURVE('',#663,#665,#557,.T.);
#840=EDGE_CURVE('',#650,#666,#558,.T.);
#841=EDGE_CURVE('',#667,#666,#280,.T.);
#842=EDGE_CURVE('',#651,#667,#559,.T.);
#843=EDGE_CURVE('',#666,#668,#560,.T.);
#844=EDGE_CURVE('',#669,#668,#281,.T.);
#845=EDGE_CURVE('',#667,#669,#561,.T.);
#846=EDGE_CURVE('',#668,#670,#562,.T.);
#847=EDGE_CURVE('',#671,#670,#282,.T.);
#848=EDGE_CURVE('',#669,#671,#563,.T.);
#849=EDGE_CURVE('',#670,#642,#564,.T.);
#850=EDGE_CURVE('',#671,#645,#565,.T.);
#851=EDGE_CURVE('',#664,#672,#566,.T.);
#852=EDGE_CURVE('',#673,#672,#283,.T.);
#853=EDGE_CURVE('',#665,#673,#567,.T.);
#854=EDGE_CURVE('',#672,#674,#568,.T.);
#855=EDGE_CURVE('',#675,#674,#284,.T.);
#856=EDGE_CURVE('',#673,#675,#569,.T.);
#857=EDGE_CURVE('',#674,#676,#570,.T.);
#858=EDGE_CURVE('',#677,#676,#285,.T.);
#859=EDGE_CURVE('',#675,#677,#571,.T.);
#860=EDGE_CURVE('',#676,#678,#572,.T.);
#861=EDGE_CURVE('',#679,#678,#286,.T.);
#862=EDGE_CURVE('',#677,#679,#573,.T.);
#863=EDGE_CURVE('',#678,#680,#574,.T.);
#864=EDGE_CURVE('',#681,#680,#287,.T.);
#865=EDGE_CURVE('',#679,#681,#575,.T.);
#866=EDGE_CURVE('',#680,#652,#576,.T.);
#867=EDGE_CURVE('',#681,#655,#577,.T.);
#868=EDGE_CURVE('',#682,#683,#288,.T.);
#869=EDGE_CURVE('',#684,#683,#289,.T.);
#870=EDGE_CURVE('',#685,#684,#290,.T.);
#871=EDGE_CURVE('',#685,#682,#291,.T.);
#872=EDGE_CURVE('',#683,#686,#292,.T.);
#873=EDGE_CURVE('',#687,#686,#293,.T.);
#874=EDGE_CURVE('',#684,#687,#294,.T.);
#875=EDGE_CURVE('',#686,#688,#295,.T.);
#876=EDGE_CURVE('',#689,#688,#296,.T.);
#877=EDGE_CURVE('',#687,#689,#297,.T.);
#878=EDGE_CURVE('',#688,#682,#298,.T.);
#879=EDGE_CURVE('',#689,#685,#299,.T.);
#880=EDGE_CURVE('',#690,#691,#300,.T.);
#881=EDGE_CURVE('',#692,#691,#301,.T.);
#882=EDGE_CURVE('',#693,#692,#302,.T.);
#883=EDGE_CURVE('',#693,#690,#303,.T.);
#884=EDGE_CURVE('',#691,#694,#578,.T.);
#885=EDGE_CURVE('',#695,#694,#304,.T.);
#886=EDGE_CURVE('',#692,#695,#579,.T.);
#887=EDGE_CURVE('',#694,#696,#580,.T.);
#888=EDGE_CURVE('',#697,#696,#305,.T.);
#889=EDGE_CURVE('',#695,#697,#581,.T.);
#890=EDGE_CURVE('',#696,#698,#582,.T.);
#891=EDGE_CURVE('',#699,#698,#306,.T.);
#892=EDGE_CURVE('',#697,#699,#583,.T.);
#893=EDGE_CURVE('',#698,#700,#307,.T.);
#894=EDGE_CURVE('',#701,#700,#308,.T.);
#895=EDGE_CURVE('',#699,#701,#309,.T.);
#896=EDGE_CURVE('',#700,#702,#310,.T.);
#897=EDGE_CURVE('',#703,#702,#311,.T.);
#898=EDGE_CURVE('',#701,#703,#312,.T.);
#899=EDGE_CURVE('',#702,#704,#313,.T.);
#900=EDGE_CURVE('',#705,#704,#314,.T.);
#901=EDGE_CURVE('',#703,#705,#315,.T.);
#902=EDGE_CURVE('',#704,#706,#316,.T.);
#903=EDGE_CURVE('',#707,#706,#317,.T.);
#904=EDGE_CURVE('',#705,#707,#318,.T.);
#905=EDGE_CURVE('',#706,#708,#584,.T.);
#906=EDGE_CURVE('',#709,#708,#319,.T.);
#907=EDGE_CURVE('',#707,#709,#585,.T.);
#908=EDGE_CURVE('',#708,#710,#586,.T.);
#909=EDGE_CURVE('',#711,#710,#320,.T.);
#910=EDGE_CURVE('',#709,#711,#587,.T.);
#911=EDGE_CURVE('',#710,#690,#588,.T.);
#912=EDGE_CURVE('',#711,#693,#589,.T.);
#913=EDGE_CURVE('',#712,#713,#321,.T.);
#914=EDGE_CURVE('',#713,#714,#322,.T.);
#915=EDGE_CURVE('',#714,#715,#323,.T.);
#916=EDGE_CURVE('',#715,#712,#324,.T.);
#917=EDGE_CURVE('',#716,#717,#325,.T.);
#918=EDGE_CURVE('',#716,#718,#326,.T.);
#919=EDGE_CURVE('',#718,#719,#327,.T.);
#920=EDGE_CURVE('',#720,#719,#328,.T.);
#921=EDGE_CURVE('',#721,#720,#329,.T.);
#922=EDGE_CURVE('',#721,#713,#330,.T.);
#923=EDGE_CURVE('',#717,#712,#331,.T.);
#924=EDGE_CURVE('',#721,#722,#332,.T.);
#925=EDGE_CURVE('',#722,#714,#333,.T.);
#926=EDGE_CURVE('',#723,#724,#334,.T.);
#927=EDGE_CURVE('',#723,#715,#335,.T.);
#928=EDGE_CURVE('',#725,#722,#336,.T.);
#929=EDGE_CURVE('',#725,#726,#337,.T.);
#930=EDGE_CURVE('',#726,#727,#338,.T.);
#931=EDGE_CURVE('',#724,#727,#339,.T.);
#932=EDGE_CURVE('',#717,#723,#340,.T.);
#933=EDGE_CURVE('',#727,#718,#341,.T.);
#934=EDGE_CURVE('',#719,#726,#342,.T.);
#935=EDGE_CURVE('',#728,#728,#14,.T.);
#936=EDGE_CURVE('',#724,#716,#343,.T.);
#937=EDGE_CURVE('',#728,#729,#344,.T.);
#938=EDGE_CURVE('',#729,#729,#15,.T.);
#939=EDGE_CURVE('',#720,#725,#345,.T.);
#940=EDGE_CURVE('',#730,#731,#346,.T.);
#941=EDGE_CURVE('',#731,#732,#347,.T.);
#942=EDGE_CURVE('',#732,#733,#590,.T.);
#943=EDGE_CURVE('',#733,#734,#591,.T.);
#944=EDGE_CURVE('',#734,#735,#592,.T.);
#945=EDGE_CURVE('',#735,#736,#348,.T.);
#946=EDGE_CURVE('',#736,#737,#593,.T.);
#947=EDGE_CURVE('',#737,#738,#594,.T.);
#948=EDGE_CURVE('',#738,#739,#595,.T.);
#949=EDGE_CURVE('',#739,#740,#349,.T.);
#950=EDGE_CURVE('',#740,#730,#350,.T.);
#951=EDGE_CURVE('',#741,#742,#351,.T.);
#952=EDGE_CURVE('',#742,#743,#352,.T.);
#953=EDGE_CURVE('',#743,#744,#353,.T.);
#954=EDGE_CURVE('',#744,#741,#354,.T.);
#955=EDGE_CURVE('',#745,#746,#596,.T.);
#956=EDGE_CURVE('',#746,#747,#597,.T.);
#957=EDGE_CURVE('',#747,#748,#598,.T.);
#958=EDGE_CURVE('',#748,#749,#599,.T.);
#959=EDGE_CURVE('',#749,#750,#600,.T.);
#960=EDGE_CURVE('',#750,#751,#601,.T.);
#961=EDGE_CURVE('',#751,#752,#602,.T.);
#962=EDGE_CURVE('',#752,#753,#603,.T.);
#963=EDGE_CURVE('',#753,#754,#604,.T.);
#964=EDGE_CURVE('',#754,#755,#605,.T.);
#965=EDGE_CURVE('',#755,#756,#606,.T.);
#966=EDGE_CURVE('',#756,#745,#607,.T.);
#967=EDGE_CURVE('',#757,#758,#355,.T.);
#968=EDGE_CURVE('',#758,#759,#356,.T.);
#969=EDGE_CURVE('',#759,#760,#357,.T.);
#970=EDGE_CURVE('',#760,#761,#608,.T.);
#971=EDGE_CURVE('',#761,#762,#609,.T.);
#972=EDGE_CURVE('',#762,#763,#610,.T.);
#973=EDGE_CURVE('',#763,#764,#358,.T.);
#974=EDGE_CURVE('',#764,#765,#611,.T.);
#975=EDGE_CURVE('',#765,#766,#612,.T.);
#976=EDGE_CURVE('',#766,#767,#613,.T.);
#977=EDGE_CURVE('',#767,#757,#359,.T.);
#978=EDGE_CURVE('',#768,#769,#360,.T.);
#979=EDGE_CURVE('',#769,#770,#361,.T.);
#980=EDGE_CURVE('',#770,#771,#362,.T.);
#981=EDGE_CURVE('',#771,#768,#363,.T.);
#982=EDGE_CURVE('',#772,#773,#614,.T.);
#983=EDGE_CURVE('',#773,#774,#615,.T.);
#984=EDGE_CURVE('',#774,#775,#616,.T.);
#985=EDGE_CURVE('',#775,#776,#617,.T.);
#986=EDGE_CURVE('',#776,#777,#618,.T.);
#987=EDGE_CURVE('',#777,#778,#619,.T.);
#988=EDGE_CURVE('',#778,#779,#620,.T.);
#989=EDGE_CURVE('',#779,#780,#621,.T.);
#990=EDGE_CURVE('',#780,#781,#622,.T.);
#991=EDGE_CURVE('',#781,#782,#623,.T.);
#992=EDGE_CURVE('',#782,#783,#624,.T.);
#993=EDGE_CURVE('',#783,#772,#625,.T.);
#994=EDGE_CURVE('',#737,#762,#364,.T.);
#995=EDGE_CURVE('',#736,#763,#365,.T.);
#996=EDGE_CURVE('',#738,#761,#366,.T.);
#997=EDGE_CURVE('',#739,#760,#367,.T.);
#998=EDGE_CURVE('',#740,#759,#368,.T.);
#999=EDGE_CURVE('',#730,#758,#369,.T.);
#1000=EDGE_CURVE('',#731,#757,#370,.T.);
#1001=EDGE_CURVE('',#732,#767,#371,.T.);
#1002=EDGE_CURVE('',#733,#766,#372,.T.);
#1003=EDGE_CURVE('',#734,#765,#373,.T.);
#1004=EDGE_CURVE('',#735,#764,#374,.T.);
#1005=EDGE_CURVE('',#741,#769,#375,.T.);
#1006=EDGE_CURVE('',#744,#770,#376,.T.);
#1007=EDGE_CURVE('',#742,#768,#377,.T.);
#1008=EDGE_CURVE('',#743,#771,#378,.T.);
#1009=EDGE_CURVE('',#753,#777,#379,.T.);
#1010=EDGE_CURVE('',#752,#778,#380,.T.);
#1011=EDGE_CURVE('',#754,#776,#381,.T.);
#1012=EDGE_CURVE('',#755,#775,#382,.T.);
#1013=EDGE_CURVE('',#756,#774,#383,.T.);
#1014=EDGE_CURVE('',#745,#773,#384,.T.);
#1015=EDGE_CURVE('',#746,#772,#385,.T.);
#1016=EDGE_CURVE('',#747,#783,#386,.T.);
#1017=EDGE_CURVE('',#748,#782,#387,.T.);
#1018=EDGE_CURVE('',#749,#781,#388,.T.);
#1019=EDGE_CURVE('',#750,#780,#389,.T.);
#1020=EDGE_CURVE('',#751,#779,#390,.T.);
#1021=ORIENTED_EDGE('',*,*,#784,.F.);
#1022=ORIENTED_EDGE('',*,*,#785,.F.);
#1023=ORIENTED_EDGE('',*,*,#786,.F.);
#1024=ORIENTED_EDGE('',*,*,#787,.T.);
#1025=ORIENTED_EDGE('',*,*,#788,.F.);
#1026=ORIENTED_EDGE('',*,*,#787,.F.);
#1027=ORIENTED_EDGE('',*,*,#789,.F.);
#1028=ORIENTED_EDGE('',*,*,#790,.T.);
#1029=ORIENTED_EDGE('',*,*,#791,.F.);
#1030=ORIENTED_EDGE('',*,*,#790,.F.);
#1031=ORIENTED_EDGE('',*,*,#792,.F.);
#1032=ORIENTED_EDGE('',*,*,#793,.T.);
#1033=ORIENTED_EDGE('',*,*,#794,.F.);
#1034=ORIENTED_EDGE('',*,*,#793,.F.);
#1035=ORIENTED_EDGE('',*,*,#795,.F.);
#1036=ORIENTED_EDGE('',*,*,#796,.T.);
#1037=ORIENTED_EDGE('',*,*,#797,.F.);
#1038=ORIENTED_EDGE('',*,*,#796,.F.);
#1039=ORIENTED_EDGE('',*,*,#798,.F.);
#1040=ORIENTED_EDGE('',*,*,#799,.T.);
#1041=ORIENTED_EDGE('',*,*,#800,.F.);
#1042=ORIENTED_EDGE('',*,*,#799,.F.);
#1043=ORIENTED_EDGE('',*,*,#801,.F.);
#1044=ORIENTED_EDGE('',*,*,#802,.T.);
#1045=ORIENTED_EDGE('',*,*,#803,.F.);
#1046=ORIENTED_EDGE('',*,*,#802,.F.);
#1047=ORIENTED_EDGE('',*,*,#804,.F.);
#1048=ORIENTED_EDGE('',*,*,#805,.T.);
#1049=ORIENTED_EDGE('',*,*,#806,.F.);
#1050=ORIENTED_EDGE('',*,*,#805,.F.);
#1051=ORIENTED_EDGE('',*,*,#807,.F.);
#1052=ORIENTED_EDGE('',*,*,#785,.T.);
#1053=ORIENTED_EDGE('',*,*,#797,.T.);
#1054=ORIENTED_EDGE('',*,*,#800,.T.);
#1055=ORIENTED_EDGE('',*,*,#803,.T.);
#1056=ORIENTED_EDGE('',*,*,#806,.T.);
#1057=ORIENTED_EDGE('',*,*,#784,.T.);
#1058=ORIENTED_EDGE('',*,*,#788,.T.);
#1059=ORIENTED_EDGE('',*,*,#791,.T.);
#1060=ORIENTED_EDGE('',*,*,#794,.T.);
#1061=ORIENTED_EDGE('',*,*,#798,.T.);
#1062=ORIENTED_EDGE('',*,*,#795,.T.);
#1063=ORIENTED_EDGE('',*,*,#792,.T.);
#1064=ORIENTED_EDGE('',*,*,#789,.T.);
#1065=ORIENTED_EDGE('',*,*,#786,.T.);
#1066=ORIENTED_EDGE('',*,*,#807,.T.);
#1067=ORIENTED_EDGE('',*,*,#804,.T.);
#1068=ORIENTED_EDGE('',*,*,#801,.T.);
#1069=ORIENTED_EDGE('',*,*,#808,.T.);
#1070=ORIENTED_EDGE('',*,*,#809,.F.);
#1071=ORIENTED_EDGE('',*,*,#810,.F.);
#1072=ORIENTED_EDGE('',*,*,#811,.T.);
#1073=ORIENTED_EDGE('',*,*,#812,.T.);
#1074=ORIENTED_EDGE('',*,*,#813,.F.);
#1075=ORIENTED_EDGE('',*,*,#814,.F.);
#1076=ORIENTED_EDGE('',*,*,#809,.T.);
#1077=ORIENTED_EDGE('',*,*,#815,.T.);
#1078=ORIENTED_EDGE('',*,*,#816,.F.);
#1079=ORIENTED_EDGE('',*,*,#817,.F.);
#1080=ORIENTED_EDGE('',*,*,#813,.T.);
#1081=ORIENTED_EDGE('',*,*,#818,.T.);
#1082=ORIENTED_EDGE('',*,*,#819,.F.);
#1083=ORIENTED_EDGE('',*,*,#820,.F.);
#1084=ORIENTED_EDGE('',*,*,#816,.T.);
#1085=ORIENTED_EDGE('',*,*,#821,.T.);
#1086=ORIENTED_EDGE('',*,*,#822,.F.);
#1087=ORIENTED_EDGE('',*,*,#823,.F.);
#1088=ORIENTED_EDGE('',*,*,#824,.T.);
#1089=ORIENTED_EDGE('',*,*,#825,.T.);
#1090=ORIENTED_EDGE('',*,*,#826,.F.);
#1091=ORIENTED_EDGE('',*,*,#827,.F.);
#1092=ORIENTED_EDGE('',*,*,#822,.T.);
#1093=ORIENTED_EDGE('',*,*,#828,.T.);
#1094=ORIENTED_EDGE('',*,*,#829,.F.);
#1095=ORIENTED_EDGE('',*,*,#830,.F.);
#1096=ORIENTED_EDGE('',*,*,#826,.T.);
#1097=ORIENTED_EDGE('',*,*,#831,.T.);
#1098=ORIENTED_EDGE('',*,*,#832,.F.);
#1099=ORIENTED_EDGE('',*,*,#833,.F.);
#1100=ORIENTED_EDGE('',*,*,#829,.T.);
#1101=ORIENTED_EDGE('',*,*,#834,.T.);
#1102=ORIENTED_EDGE('',*,*,#835,.F.);
#1103=ORIENTED_EDGE('',*,*,#836,.F.);
#1104=ORIENTED_EDGE('',*,*,#832,.T.);
#1105=ORIENTED_EDGE('',*,*,#837,.T.);
#1106=ORIENTED_EDGE('',*,*,#838,.F.);
#1107=ORIENTED_EDGE('',*,*,#839,.F.);
#1108=ORIENTED_EDGE('',*,*,#835,.T.);
#1109=ORIENTED_EDGE('',*,*,#840,.T.);
#1110=ORIENTED_EDGE('',*,*,#841,.F.);
#1111=ORIENTED_EDGE('',*,*,#842,.F.);
#1112=ORIENTED_EDGE('',*,*,#819,.T.);
#1113=ORIENTED_EDGE('',*,*,#843,.T.);
#1114=ORIENTED_EDGE('',*,*,#844,.F.);
#1115=ORIENTED_EDGE('',*,*,#845,.F.);
#1116=ORIENTED_EDGE('',*,*,#841,.T.);
#1117=ORIENTED_EDGE('',*,*,#846,.T.);
#1118=ORIENTED_EDGE('',*,*,#847,.F.);
#1119=ORIENTED_EDGE('',*,*,#848,.F.);
#1120=ORIENTED_EDGE('',*,*,#844,.T.);
#1121=ORIENTED_EDGE('',*,*,#849,.T.);
#1122=ORIENTED_EDGE('',*,*,#811,.F.);
#1123=ORIENTED_EDGE('',*,*,#850,.F.);
#1124=ORIENTED_EDGE('',*,*,#847,.T.);
#1125=ORIENTED_EDGE('',*,*,#851,.T.);
#1126=ORIENTED_EDGE('',*,*,#852,.F.);
#1127=ORIENTED_EDGE('',*,*,#853,.F.);
#1128=ORIENTED_EDGE('',*,*,#838,.T.);
#1129=ORIENTED_EDGE('',*,*,#854,.T.);
#1130=ORIENTED_EDGE('',*,*,#855,.F.);
#1131=ORIENTED_EDGE('',*,*,#856,.F.);
#1132=ORIENTED_EDGE('',*,*,#852,.T.);
#1133=ORIENTED_EDGE('',*,*,#857,.T.);
#1134=ORIENTED_EDGE('',*,*,#858,.F.);
#1135=ORIENTED_EDGE('',*,*,#859,.F.);
#1136=ORIENTED_EDGE('',*,*,#855,.T.);
#1137=ORIENTED_EDGE('',*,*,#860,.T.);
#1138=ORIENTED_EDGE('',*,*,#861,.F.);
#1139=ORIENTED_EDGE('',*,*,#862,.F.);
#1140=ORIENTED_EDGE('',*,*,#858,.T.);
#1141=ORIENTED_EDGE('',*,*,#863,.T.);
#1142=ORIENTED_EDGE('',*,*,#864,.F.);
#1143=ORIENTED_EDGE('',*,*,#865,.F.);
#1144=ORIENTED_EDGE('',*,*,#861,.T.);
#1145=ORIENTED_EDGE('',*,*,#866,.T.);
#1146=ORIENTED_EDGE('',*,*,#824,.F.);
#1147=ORIENTED_EDGE('',*,*,#867,.F.);
#1148=ORIENTED_EDGE('',*,*,#864,.T.);
#1149=ORIENTED_EDGE('',*,*,#839,.T.);
#1150=ORIENTED_EDGE('',*,*,#853,.T.);
#1151=ORIENTED_EDGE('',*,*,#856,.T.);
#1152=ORIENTED_EDGE('',*,*,#859,.T.);
#1153=ORIENTED_EDGE('',*,*,#862,.T.);
#1154=ORIENTED_EDGE('',*,*,#865,.T.);
#1155=ORIENTED_EDGE('',*,*,#867,.T.);
#1156=ORIENTED_EDGE('',*,*,#823,.T.);
#1157=ORIENTED_EDGE('',*,*,#827,.T.);
#1158=ORIENTED_EDGE('',*,*,#830,.T.);
#1159=ORIENTED_EDGE('',*,*,#833,.T.);
#1160=ORIENTED_EDGE('',*,*,#836,.T.);
#1161=ORIENTED_EDGE('',*,*,#820,.T.);
#1162=ORIENTED_EDGE('',*,*,#842,.T.);
#1163=ORIENTED_EDGE('',*,*,#845,.T.);
#1164=ORIENTED_EDGE('',*,*,#848,.T.);
#1165=ORIENTED_EDGE('',*,*,#850,.T.);
#1166=ORIENTED_EDGE('',*,*,#810,.T.);
#1167=ORIENTED_EDGE('',*,*,#814,.T.);
#1168=ORIENTED_EDGE('',*,*,#817,.T.);
#1169=ORIENTED_EDGE('',*,*,#851,.F.);
#1170=ORIENTED_EDGE('',*,*,#837,.F.);
#1171=ORIENTED_EDGE('',*,*,#834,.F.);
#1172=ORIENTED_EDGE('',*,*,#831,.F.);
#1173=ORIENTED_EDGE('',*,*,#828,.F.);
#1174=ORIENTED_EDGE('',*,*,#825,.F.);
#1175=ORIENTED_EDGE('',*,*,#821,.F.);
#1176=ORIENTED_EDGE('',*,*,#866,.F.);
#1177=ORIENTED_EDGE('',*,*,#863,.F.);
#1178=ORIENTED_EDGE('',*,*,#860,.F.);
#1179=ORIENTED_EDGE('',*,*,#857,.F.);
#1180=ORIENTED_EDGE('',*,*,#854,.F.);
#1181=ORIENTED_EDGE('',*,*,#840,.F.);
#1182=ORIENTED_EDGE('',*,*,#818,.F.);
#1183=ORIENTED_EDGE('',*,*,#815,.F.);
#1184=ORIENTED_EDGE('',*,*,#812,.F.);
#1185=ORIENTED_EDGE('',*,*,#808,.F.);
#1186=ORIENTED_EDGE('',*,*,#849,.F.);
#1187=ORIENTED_EDGE('',*,*,#846,.F.);
#1188=ORIENTED_EDGE('',*,*,#843,.F.);
#1189=ORIENTED_EDGE('',*,*,#868,.T.);
#1190=ORIENTED_EDGE('',*,*,#869,.F.);
#1191=ORIENTED_EDGE('',*,*,#870,.F.);
#1192=ORIENTED_EDGE('',*,*,#871,.T.);
#1193=ORIENTED_EDGE('',*,*,#872,.T.);
#1194=ORIENTED_EDGE('',*,*,#873,.F.);
#1195=ORIENTED_EDGE('',*,*,#874,.F.);
#1196=ORIENTED_EDGE('',*,*,#869,.T.);
#1197=ORIENTED_EDGE('',*,*,#875,.T.);
#1198=ORIENTED_EDGE('',*,*,#876,.F.);
#1199=ORIENTED_EDGE('',*,*,#877,.F.);
#1200=ORIENTED_EDGE('',*,*,#873,.T.);
#1201=ORIENTED_EDGE('',*,*,#878,.T.);
#1202=ORIENTED_EDGE('',*,*,#871,.F.);
#1203=ORIENTED_EDGE('',*,*,#879,.F.);
#1204=ORIENTED_EDGE('',*,*,#876,.T.);
#1205=ORIENTED_EDGE('',*,*,#874,.T.);
#1206=ORIENTED_EDGE('',*,*,#877,.T.);
#1207=ORIENTED_EDGE('',*,*,#879,.T.);
#1208=ORIENTED_EDGE('',*,*,#870,.T.);
#1209=ORIENTED_EDGE('',*,*,#875,.F.);
#1210=ORIENTED_EDGE('',*,*,#872,.F.);
#1211=ORIENTED_EDGE('',*,*,#868,.F.);
#1212=ORIENTED_EDGE('',*,*,#878,.F.);
#1213=ORIENTED_EDGE('',*,*,#880,.T.);
#1214=ORIENTED_EDGE('',*,*,#881,.F.);
#1215=ORIENTED_EDGE('',*,*,#882,.F.);
#1216=ORIENTED_EDGE('',*,*,#883,.T.);
#1217=ORIENTED_EDGE('',*,*,#884,.T.);
#1218=ORIENTED_EDGE('',*,*,#885,.F.);
#1219=ORIENTED_EDGE('',*,*,#886,.F.);
#1220=ORIENTED_EDGE('',*,*,#881,.T.);
#1221=ORIENTED_EDGE('',*,*,#887,.T.);
#1222=ORIENTED_EDGE('',*,*,#888,.F.);
#1223=ORIENTED_EDGE('',*,*,#889,.F.);
#1224=ORIENTED_EDGE('',*,*,#885,.T.);
#1225=ORIENTED_EDGE('',*,*,#890,.T.);
#1226=ORIENTED_EDGE('',*,*,#891,.F.);
#1227=ORIENTED_EDGE('',*,*,#892,.F.);
#1228=ORIENTED_EDGE('',*,*,#888,.T.);
#1229=ORIENTED_EDGE('',*,*,#893,.T.);
#1230=ORIENTED_EDGE('',*,*,#894,.F.);
#1231=ORIENTED_EDGE('',*,*,#895,.F.);
#1232=ORIENTED_EDGE('',*,*,#891,.T.);
#1233=ORIENTED_EDGE('',*,*,#896,.T.);
#1234=ORIENTED_EDGE('',*,*,#897,.F.);
#1235=ORIENTED_EDGE('',*,*,#898,.F.);
#1236=ORIENTED_EDGE('',*,*,#894,.T.);
#1237=ORIENTED_EDGE('',*,*,#899,.T.);
#1238=ORIENTED_EDGE('',*,*,#900,.F.);
#1239=ORIENTED_EDGE('',*,*,#901,.F.);
#1240=ORIENTED_EDGE('',*,*,#897,.T.);
#1241=ORIENTED_EDGE('',*,*,#902,.T.);
#1242=ORIENTED_EDGE('',*,*,#903,.F.);
#1243=ORIENTED_EDGE('',*,*,#904,.F.);
#1244=ORIENTED_EDGE('',*,*,#900,.T.);
#1245=ORIENTED_EDGE('',*,*,#905,.T.);
#1246=ORIENTED_EDGE('',*,*,#906,.F.);
#1247=ORIENTED_EDGE('',*,*,#907,.F.);
#1248=ORIENTED_EDGE('',*,*,#903,.T.);
#1249=ORIENTED_EDGE('',*,*,#908,.T.);
#1250=ORIENTED_EDGE('',*,*,#909,.F.);
#1251=ORIENTED_EDGE('',*,*,#910,.F.);
#1252=ORIENTED_EDGE('',*,*,#906,.T.);
#1253=ORIENTED_EDGE('',*,*,#911,.T.);
#1254=ORIENTED_EDGE('',*,*,#883,.F.);
#1255=ORIENTED_EDGE('',*,*,#912,.F.);
#1256=ORIENTED_EDGE('',*,*,#909,.T.);
#1257=ORIENTED_EDGE('',*,*,#895,.T.);
#1258=ORIENTED_EDGE('',*,*,#898,.T.);
#1259=ORIENTED_EDGE('',*,*,#901,.T.);
#1260=ORIENTED_EDGE('',*,*,#904,.T.);
#1261=ORIENTED_EDGE('',*,*,#907,.T.);
#1262=ORIENTED_EDGE('',*,*,#910,.T.);
#1263=ORIENTED_EDGE('',*,*,#912,.T.);
#1264=ORIENTED_EDGE('',*,*,#882,.T.);
#1265=ORIENTED_EDGE('',*,*,#886,.T.);
#1266=ORIENTED_EDGE('',*,*,#889,.T.);
#1267=ORIENTED_EDGE('',*,*,#892,.T.);
#1268=ORIENTED_EDGE('',*,*,#896,.F.);
#1269=ORIENTED_EDGE('',*,*,#893,.F.);
#1270=ORIENTED_EDGE('',*,*,#890,.F.);
#1271=ORIENTED_EDGE('',*,*,#887,.F.);
#1272=ORIENTED_EDGE('',*,*,#884,.F.);
#1273=ORIENTED_EDGE('',*,*,#880,.F.);
#1274=ORIENTED_EDGE('',*,*,#911,.F.);
#1275=ORIENTED_EDGE('',*,*,#908,.F.);
#1276=ORIENTED_EDGE('',*,*,#905,.F.);
#1277=ORIENTED_EDGE('',*,*,#902,.F.);
#1278=ORIENTED_EDGE('',*,*,#899,.F.);
#1279=ORIENTED_EDGE('',*,*,#913,.T.);
#1280=ORIENTED_EDGE('',*,*,#914,.T.);
#1281=ORIENTED_EDGE('',*,*,#915,.T.);
#1282=ORIENTED_EDGE('',*,*,#916,.T.);
#1283=ORIENTED_EDGE('',*,*,#917,.F.);
#1284=ORIENTED_EDGE('',*,*,#918,.T.);
#1285=ORIENTED_EDGE('',*,*,#919,.T.);
#1286=ORIENTED_EDGE('',*,*,#920,.F.);
#1287=ORIENTED_EDGE('',*,*,#921,.F.);
#1288=ORIENTED_EDGE('',*,*,#922,.T.);
#1289=ORIENTED_EDGE('',*,*,#913,.F.);
#1290=ORIENTED_EDGE('',*,*,#923,.F.);
#1291=ORIENTED_EDGE('',*,*,#924,.T.);
#1292=ORIENTED_EDGE('',*,*,#925,.T.);
#1293=ORIENTED_EDGE('',*,*,#914,.F.);
#1294=ORIENTED_EDGE('',*,*,#922,.F.);
#1295=ORIENTED_EDGE('',*,*,#926,.F.);
#1296=ORIENTED_EDGE('',*,*,#927,.T.);
#1297=ORIENTED_EDGE('',*,*,#915,.F.);
#1298=ORIENTED_EDGE('',*,*,#925,.F.);
#1299=ORIENTED_EDGE('',*,*,#928,.F.);
#1300=ORIENTED_EDGE('',*,*,#929,.T.);
#1301=ORIENTED_EDGE('',*,*,#930,.T.);
#1302=ORIENTED_EDGE('',*,*,#931,.F.);
#1303=ORIENTED_EDGE('',*,*,#932,.F.);
#1304=ORIENTED_EDGE('',*,*,#923,.T.);
#1305=ORIENTED_EDGE('',*,*,#916,.F.);
#1306=ORIENTED_EDGE('',*,*,#927,.F.);
#1307=ORIENTED_EDGE('',*,*,#933,.F.);
#1308=ORIENTED_EDGE('',*,*,#930,.F.);
#1309=ORIENTED_EDGE('',*,*,#934,.F.);
#1310=ORIENTED_EDGE('',*,*,#919,.F.);
#1311=ORIENTED_EDGE('',*,*,#935,.F.);
#1312=ORIENTED_EDGE('',*,*,#933,.T.);
#1313=ORIENTED_EDGE('',*,*,#918,.F.);
#1314=ORIENTED_EDGE('',*,*,#936,.F.);
#1315=ORIENTED_EDGE('',*,*,#931,.T.);
#1316=ORIENTED_EDGE('',*,*,#935,.T.);
#1317=ORIENTED_EDGE('',*,*,#937,.T.);
#1318=ORIENTED_EDGE('',*,*,#938,.F.);
#1319=ORIENTED_EDGE('',*,*,#937,.F.);
#1320=ORIENTED_EDGE('',*,*,#939,.F.);
#1321=ORIENTED_EDGE('',*,*,#920,.T.);
#1322=ORIENTED_EDGE('',*,*,#934,.T.);
#1323=ORIENTED_EDGE('',*,*,#929,.F.);
#1324=ORIENTED_EDGE('',*,*,#917,.T.);
#1325=ORIENTED_EDGE('',*,*,#932,.T.);
#1326=ORIENTED_EDGE('',*,*,#926,.T.);
#1327=ORIENTED_EDGE('',*,*,#936,.T.);
#1328=ORIENTED_EDGE('',*,*,#938,.T.);
#1329=ORIENTED_EDGE('',*,*,#940,.T.);
#1330=ORIENTED_EDGE('',*,*,#941,.T.);
#1331=ORIENTED_EDGE('',*,*,#942,.T.);
#1332=ORIENTED_EDGE('',*,*,#943,.T.);
#1333=ORIENTED_EDGE('',*,*,#944,.T.);
#1334=ORIENTED_EDGE('',*,*,#945,.T.);
#1335=ORIENTED_EDGE('',*,*,#946,.T.);
#1336=ORIENTED_EDGE('',*,*,#947,.T.);
#1337=ORIENTED_EDGE('',*,*,#948,.T.);
#1338=ORIENTED_EDGE('',*,*,#949,.T.);
#1339=ORIENTED_EDGE('',*,*,#950,.T.);
#1340=ORIENTED_EDGE('',*,*,#951,.T.);
#1341=ORIENTED_EDGE('',*,*,#952,.T.);
#1342=ORIENTED_EDGE('',*,*,#953,.T.);
#1343=ORIENTED_EDGE('',*,*,#954,.T.);
#1344=ORIENTED_EDGE('',*,*,#955,.T.);
#1345=ORIENTED_EDGE('',*,*,#956,.T.);
#1346=ORIENTED_EDGE('',*,*,#957,.T.);
#1347=ORIENTED_EDGE('',*,*,#958,.T.);
#1348=ORIENTED_EDGE('',*,*,#959,.T.);
#1349=ORIENTED_EDGE('',*,*,#960,.T.);
#1350=ORIENTED_EDGE('',*,*,#961,.T.);
#1351=ORIENTED_EDGE('',*,*,#962,.T.);
#1352=ORIENTED_EDGE('',*,*,#963,.T.);
#1353=ORIENTED_EDGE('',*,*,#964,.T.);
#1354=ORIENTED_EDGE('',*,*,#965,.T.);
#1355=ORIENTED_EDGE('',*,*,#966,.T.);
#1356=ORIENTED_EDGE('',*,*,#924,.F.);
#1357=ORIENTED_EDGE('',*,*,#921,.T.);
#1358=ORIENTED_EDGE('',*,*,#939,.T.);
#1359=ORIENTED_EDGE('',*,*,#928,.T.);
#1360=ORIENTED_EDGE('',*,*,#967,.T.);
#1361=ORIENTED_EDGE('',*,*,#968,.T.);
#1362=ORIENTED_EDGE('',*,*,#969,.T.);
#1363=ORIENTED_EDGE('',*,*,#970,.T.);
#1364=ORIENTED_EDGE('',*,*,#971,.T.);
#1365=ORIENTED_EDGE('',*,*,#972,.T.);
#1366=ORIENTED_EDGE('',*,*,#973,.T.);
#1367=ORIENTED_EDGE('',*,*,#974,.T.);
#1368=ORIENTED_EDGE('',*,*,#975,.T.);
#1369=ORIENTED_EDGE('',*,*,#976,.T.);
#1370=ORIENTED_EDGE('',*,*,#977,.T.);
#1371=ORIENTED_EDGE('',*,*,#978,.T.);
#1372=ORIENTED_EDGE('',*,*,#979,.T.);
#1373=ORIENTED_EDGE('',*,*,#980,.T.);
#1374=ORIENTED_EDGE('',*,*,#981,.T.);
#1375=ORIENTED_EDGE('',*,*,#982,.T.);
#1376=ORIENTED_EDGE('',*,*,#983,.T.);
#1377=ORIENTED_EDGE('',*,*,#984,.T.);
#1378=ORIENTED_EDGE('',*,*,#985,.T.);
#1379=ORIENTED_EDGE('',*,*,#986,.T.);
#1380=ORIENTED_EDGE('',*,*,#987,.T.);
#1381=ORIENTED_EDGE('',*,*,#988,.T.);
#1382=ORIENTED_EDGE('',*,*,#989,.T.);
#1383=ORIENTED_EDGE('',*,*,#990,.T.);
#1384=ORIENTED_EDGE('',*,*,#991,.T.);
#1385=ORIENTED_EDGE('',*,*,#992,.T.);
#1386=ORIENTED_EDGE('',*,*,#993,.T.);
#1387=ORIENTED_EDGE('',*,*,#972,.F.);
#1388=ORIENTED_EDGE('',*,*,#994,.F.);
#1389=ORIENTED_EDGE('',*,*,#946,.F.);
#1390=ORIENTED_EDGE('',*,*,#995,.T.);
#1391=ORIENTED_EDGE('',*,*,#971,.F.);
#1392=ORIENTED_EDGE('',*,*,#996,.F.);
#1393=ORIENTED_EDGE('',*,*,#947,.F.);
#1394=ORIENTED_EDGE('',*,*,#994,.T.);
#1395=ORIENTED_EDGE('',*,*,#970,.F.);
#1396=ORIENTED_EDGE('',*,*,#997,.F.);
#1397=ORIENTED_EDGE('',*,*,#948,.F.);
#1398=ORIENTED_EDGE('',*,*,#996,.T.);
#1399=ORIENTED_EDGE('',*,*,#969,.F.);
#1400=ORIENTED_EDGE('',*,*,#998,.F.);
#1401=ORIENTED_EDGE('',*,*,#949,.F.);
#1402=ORIENTED_EDGE('',*,*,#997,.T.);
#1403=ORIENTED_EDGE('',*,*,#968,.F.);
#1404=ORIENTED_EDGE('',*,*,#999,.F.);
#1405=ORIENTED_EDGE('',*,*,#950,.F.);
#1406=ORIENTED_EDGE('',*,*,#998,.T.);
#1407=ORIENTED_EDGE('',*,*,#967,.F.);
#1408=ORIENTED_EDGE('',*,*,#1000,.F.);
#1409=ORIENTED_EDGE('',*,*,#940,.F.);
#1410=ORIENTED_EDGE('',*,*,#999,.T.);
#1411=ORIENTED_EDGE('',*,*,#977,.F.);
#1412=ORIENTED_EDGE('',*,*,#1001,.F.);
#1413=ORIENTED_EDGE('',*,*,#941,.F.);
#1414=ORIENTED_EDGE('',*,*,#1000,.T.);
#1415=ORIENTED_EDGE('',*,*,#976,.F.);
#1416=ORIENTED_EDGE('',*,*,#1002,.F.);
#1417=ORIENTED_EDGE('',*,*,#942,.F.);
#1418=ORIENTED_EDGE('',*,*,#1001,.T.);
#1419=ORIENTED_EDGE('',*,*,#975,.F.);
#1420=ORIENTED_EDGE('',*,*,#1003,.F.);
#1421=ORIENTED_EDGE('',*,*,#943,.F.);
#1422=ORIENTED_EDGE('',*,*,#1002,.T.);
#1423=ORIENTED_EDGE('',*,*,#974,.F.);
#1424=ORIENTED_EDGE('',*,*,#1004,.F.);
#1425=ORIENTED_EDGE('',*,*,#944,.F.);
#1426=ORIENTED_EDGE('',*,*,#1003,.T.);
#1427=ORIENTED_EDGE('',*,*,#973,.F.);
#1428=ORIENTED_EDGE('',*,*,#995,.F.);
#1429=ORIENTED_EDGE('',*,*,#945,.F.);
#1430=ORIENTED_EDGE('',*,*,#1004,.T.);
#1431=ORIENTED_EDGE('',*,*,#979,.F.);
#1432=ORIENTED_EDGE('',*,*,#1005,.F.);
#1433=ORIENTED_EDGE('',*,*,#954,.F.);
#1434=ORIENTED_EDGE('',*,*,#1006,.T.);
#1435=ORIENTED_EDGE('',*,*,#978,.F.);
#1436=ORIENTED_EDGE('',*,*,#1007,.F.);
#1437=ORIENTED_EDGE('',*,*,#951,.F.);
#1438=ORIENTED_EDGE('',*,*,#1005,.T.);
#1439=ORIENTED_EDGE('',*,*,#981,.F.);
#1440=ORIENTED_EDGE('',*,*,#1008,.F.);
#1441=ORIENTED_EDGE('',*,*,#952,.F.);
#1442=ORIENTED_EDGE('',*,*,#1007,.T.);
#1443=ORIENTED_EDGE('',*,*,#980,.F.);
#1444=ORIENTED_EDGE('',*,*,#1006,.F.);
#1445=ORIENTED_EDGE('',*,*,#953,.F.);
#1446=ORIENTED_EDGE('',*,*,#1008,.T.);
#1447=ORIENTED_EDGE('',*,*,#987,.F.);
#1448=ORIENTED_EDGE('',*,*,#1009,.F.);
#1449=ORIENTED_EDGE('',*,*,#962,.F.);
#1450=ORIENTED_EDGE('',*,*,#1010,.T.);
#1451=ORIENTED_EDGE('',*,*,#986,.F.);
#1452=ORIENTED_EDGE('',*,*,#1011,.F.);
#1453=ORIENTED_EDGE('',*,*,#963,.F.);
#1454=ORIENTED_EDGE('',*,*,#1009,.T.);
#1455=ORIENTED_EDGE('',*,*,#985,.F.);
#1456=ORIENTED_EDGE('',*,*,#1012,.F.);
#1457=ORIENTED_EDGE('',*,*,#964,.F.);
#1458=ORIENTED_EDGE('',*,*,#1011,.T.);
#1459=ORIENTED_EDGE('',*,*,#984,.F.);
#1460=ORIENTED_EDGE('',*,*,#1013,.F.);
#1461=ORIENTED_EDGE('',*,*,#965,.F.);
#1462=ORIENTED_EDGE('',*,*,#1012,.T.);
#1463=ORIENTED_EDGE('',*,*,#983,.F.);
#1464=ORIENTED_EDGE('',*,*,#1014,.F.);
#1465=ORIENTED_EDGE('',*,*,#966,.F.);
#1466=ORIENTED_EDGE('',*,*,#1013,.T.);
#1467=ORIENTED_EDGE('',*,*,#982,.F.);
#1468=ORIENTED_EDGE('',*,*,#1015,.F.);
#1469=ORIENTED_EDGE('',*,*,#955,.F.);
#1470=ORIENTED_EDGE('',*,*,#1014,.T.);
#1471=ORIENTED_EDGE('',*,*,#993,.F.);
#1472=ORIENTED_EDGE('',*,*,#1016,.F.);
#1473=ORIENTED_EDGE('',*,*,#956,.F.);
#1474=ORIENTED_EDGE('',*,*,#1015,.T.);
#1475=ORIENTED_EDGE('',*,*,#992,.F.);
#1476=ORIENTED_EDGE('',*,*,#1017,.F.);
#1477=ORIENTED_EDGE('',*,*,#957,.F.);
#1478=ORIENTED_EDGE('',*,*,#1016,.T.);
#1479=ORIENTED_EDGE('',*,*,#991,.F.);
#1480=ORIENTED_EDGE('',*,*,#1018,.F.);
#1481=ORIENTED_EDGE('',*,*,#958,.F.);
#1482=ORIENTED_EDGE('',*,*,#1017,.T.);
#1483=ORIENTED_EDGE('',*,*,#990,.F.);
#1484=ORIENTED_EDGE('',*,*,#1019,.F.);
#1485=ORIENTED_EDGE('',*,*,#959,.F.);
#1486=ORIENTED_EDGE('',*,*,#1018,.T.);
#1487=ORIENTED_EDGE('',*,*,#989,.F.);
#1488=ORIENTED_EDGE('',*,*,#1020,.F.);
#1489=ORIENTED_EDGE('',*,*,#960,.F.);
#1490=ORIENTED_EDGE('',*,*,#1019,.T.);
#1491=ORIENTED_EDGE('',*,*,#988,.F.);
#1492=ORIENTED_EDGE('',*,*,#1010,.F.);
#1493=ORIENTED_EDGE('',*,*,#961,.F.);
#1494=ORIENTED_EDGE('',*,*,#1020,.T.);
#1495=B_SPLINE_SURFACE_WITH_KNOTS('',3,1,((#1905,#1906),(#1907,#1908),(#1909,
#1910),(#1911,#1912),(#1913,#1914)),.UNSPECIFIED.,.F.,.F.,.F.,(4,1,4),(2,
2),(-0.336006008242764,-0.205995755633303,0.),(0.,0.55),.UNSPECIFIED.);
#1496=B_SPLINE_SURFACE_WITH_KNOTS('',3,1,((#1933,#1934),(#1935,#1936),(#1937,
#1938),(#1939,#1940),(#1941,#1942)),.UNSPECIFIED.,.F.,.F.,.F.,(4,1,4),(2,
2),(-0.170291808629417,-0.0888519269407369,0.),(0.,0.55),.UNSPECIFIED.);
#1497=B_SPLINE_SURFACE_WITH_KNOTS('',3,1,((#1958,#1959),(#1960,#1961),(#1962,
#1963),(#1964,#1965),(#1966,#1967)),.UNSPECIFIED.,.F.,.F.,.F.,(4,1,4),(2,
2),(-0.157930495414354,-0.078136643188655,0.),(0.,0.55),.UNSPECIFIED.);
#1498=B_SPLINE_SURFACE_WITH_KNOTS('',3,1,((#1983,#1984),(#1985,#1986),(#1987,
#1988),(#1989,#1990),(#1991,#1992)),.UNSPECIFIED.,.F.,.F.,.F.,(4,1,4),(2,
2),(-0.346684596116817,-0.138541975825829,0.),(0.,0.55),.UNSPECIFIED.);
#1499=B_SPLINE_SURFACE_WITH_KNOTS('',3,1,((#2008,#2009),(#2010,#2011),(#2012,
#2013),(#2014,#2015),(#2016,#2017)),.UNSPECIFIED.,.F.,.F.,.F.,(4,1,4),(2,
2),(-0.335661106280029,-0.205570446033796,0.),(0.,0.55),.UNSPECIFIED.);
#1500=B_SPLINE_SURFACE_WITH_KNOTS('',3,1,((#2033,#2034),(#2035,#2036),(#2037,
#2038),(#2039,#2040),(#2041,#2042)),.UNSPECIFIED.,.F.,.F.,.F.,(4,1,4),(2,
2),(-0.16925064810175,-0.0887797039097937,0.),(0.,0.55),.UNSPECIFIED.);
#1501=B_SPLINE_SURFACE_WITH_KNOTS('',3,1,((#2058,#2059),(#2060,#2061),(#2062,
#2063),(#2064,#2065),(#2066,#2067)),.UNSPECIFIED.,.F.,.F.,.F.,(4,1,4),(2,
2),(-0.169448720738606,-0.0804925713819205,0.),(0.,0.55),.UNSPECIFIED.);
#1502=B_SPLINE_SURFACE_WITH_KNOTS('',3,1,((#2083,#2084),(#2085,#2086),(#2087,
#2088),(#2089,#2090),(#2091,#2092)),.UNSPECIFIED.,.F.,.F.,.F.,(4,1,4),(2,
2),(-0.335316274244739,-0.130171074025381,0.),(0.,0.55),.UNSPECIFIED.);
#1503=B_SPLINE_SURFACE_WITH_KNOTS('',3,1,((#2107,#2108),(#2109,#2110),(#2111,
#2112),(#2113,#2114),(#2115,#2116)),.UNSPECIFIED.,.F.,.F.,.F.,(4,1,4),(2,
2),(-0.336006008242764,-0.205995755633303,0.),(0.,0.066),.UNSPECIFIED.);
#1504=B_SPLINE_SURFACE_WITH_KNOTS('',3,1,((#2135,#2136),(#2137,#2138),(#2139,
#2140),(#2141,#2142),(#2143,#2144)),.UNSPECIFIED.,.F.,.F.,.F.,(4,1,4),(2,
2),(-0.170291808629417,-0.0888519269407369,0.),(0.,0.066),.UNSPECIFIED.);
#1505=B_SPLINE_SURFACE_WITH_KNOTS('',3,1,((#2160,#2161),(#2162,#2163),(#2164,
#2165),(#2166,#2167),(#2168,#2169)),.UNSPECIFIED.,.F.,.F.,.F.,(4,1,4),(2,
2),(-0.157930495414354,-0.078136643188655,0.),(0.,0.066),.UNSPECIFIED.);
#1506=B_SPLINE_SURFACE_WITH_KNOTS('',3,1,((#2185,#2186),(#2187,#2188),(#2189,
#2190),(#2191,#2192),(#2193,#2194)),.UNSPECIFIED.,.F.,.F.,.F.,(4,1,4),(2,
2),(-0.346684596116817,-0.138541975825829,0.),(0.,0.066),.UNSPECIFIED.);
#1507=B_SPLINE_SURFACE_WITH_KNOTS('',3,1,((#2209,#2210),(#2211,#2212),(#2213,
#2214),(#2215,#2216),(#2217,#2218)),.UNSPECIFIED.,.F.,.F.,.F.,(4,1,4),(2,
2),(-0.237851607460451,-0.104291668902067,0.),(0.,0.066),.UNSPECIFIED.);
#1508=B_SPLINE_SURFACE_WITH_KNOTS('',3,1,((#2237,#2238),(#2239,#2240),(#2241,
#2242),(#2243,#2244),(#2245,#2246)),.UNSPECIFIED.,.F.,.F.,.F.,(4,1,4),(2,
2),(-0.287268123801204,-0.159277782296877,0.),(0.,0.066),.UNSPECIFIED.);
#1509=B_SPLINE_SURFACE_WITH_KNOTS('',3,1,((#2262,#2263),(#2264,#2265),(#2266,
#2267),(#2268,#2269),(#2270,#2271)),.UNSPECIFIED.,.F.,.F.,.F.,(4,1,4),(2,
2),(-0.201062898627169,-0.105922758671558,0.),(0.,0.066),.UNSPECIFIED.);
#1510=B_SPLINE_SURFACE_WITH_KNOTS('',3,1,((#2287,#2288),(#2289,#2290),(#2291,
#2292),(#2293,#2294),(#2295,#2296)),.UNSPECIFIED.,.F.,.F.,.F.,(4,1,4),(2,
2),(-0.194113498533806,-0.0926770739647712,0.),(0.,0.066),.UNSPECIFIED.);
#1511=B_SPLINE_SURFACE_WITH_KNOTS('',3,1,((#2312,#2313),(#2314,#2315),(#2316,
#2317),(#2318,#2319),(#2320,#2321)),.UNSPECIFIED.,.F.,.F.,.F.,(4,1,4),(2,
2),(-0.256817342867918,-0.131669362589219,0.),(0.,0.066),.UNSPECIFIED.);
#1512=B_SPLINE_SURFACE_WITH_KNOTS('',3,1,((#2337,#2338),(#2339,#2340),(#2341,
#2342),(#2343,#2344),(#2345,#2346)),.UNSPECIFIED.,.F.,.F.,.F.,(4,1,4),(2,
2),(-0.423798104571236,-0.180044051407836,0.),(0.,0.066),.UNSPECIFIED.);
#1513=B_SPLINE_SURFACE_WITH_KNOTS('',3,1,((#2362,#2363),(#2364,#2365),(#2366,
#2367),(#2368,#2369),(#2370,#2371)),.UNSPECIFIED.,.F.,.F.,.F.,(4,1,4),(2,
2),(-0.335661106280029,-0.205570446033796,0.),(0.,0.066),.UNSPECIFIED.);
#1514=B_SPLINE_SURFACE_WITH_KNOTS('',3,1,((#2386,#2387),(#2388,#2389),(#2390,
#2391),(#2392,#2393),(#2394,#2395)),.UNSPECIFIED.,.F.,.F.,.F.,(4,1,4),(2,
2),(-0.16925064810175,-0.0887797039097937,0.),(0.,0.066),.UNSPECIFIED.);
#1515=B_SPLINE_SURFACE_WITH_KNOTS('',3,1,((#2411,#2412),(#2413,#2414),(#2415,
#2416),(#2417,#2418),(#2419,#2420)),.UNSPECIFIED.,.F.,.F.,.F.,(4,1,4),(2,
2),(-0.169448720738606,-0.0804925713819205,0.),(0.,0.066),.UNSPECIFIED.);
#1516=B_SPLINE_SURFACE_WITH_KNOTS('',3,1,((#2436,#2437),(#2438,#2439),(#2440,
#2441),(#2442,#2443),(#2444,#2445)),.UNSPECIFIED.,.F.,.F.,.F.,(4,1,4),(2,
2),(-0.335316274244739,-0.130171074025381,0.),(0.,0.066),.UNSPECIFIED.);
#1517=B_SPLINE_SURFACE_WITH_KNOTS('',3,1,((#2458,#2459),(#2460,#2461),(#2462,
#2463),(#2464,#2465),(#2466,#2467)),.UNSPECIFIED.,.F.,.F.,.F.,(4,1,4),(2,
2),(-0.288682149480591,-0.160304205420918,0.),(0.,0.066),.UNSPECIFIED.);
#1518=B_SPLINE_SURFACE_WITH_KNOTS('',3,1,((#2483,#2484),(#2485,#2486),(#2487,
#2488),(#2489,#2490),(#2491,#2492)),.UNSPECIFIED.,.F.,.F.,.F.,(4,1,4),(2,
2),(-0.200960184355821,-0.105954916716038,0.),(0.,0.066),.UNSPECIFIED.);
#1519=B_SPLINE_SURFACE_WITH_KNOTS('',3,1,((#2508,#2509),(#2510,#2511),(#2512,
#2513),(#2514,#2515),(#2516,#2517)),.UNSPECIFIED.,.F.,.F.,.F.,(4,1,4),(2,
2),(-0.19332291753735,-0.0924051099572599,0.),(0.,0.066),.UNSPECIFIED.);
#1520=B_SPLINE_SURFACE_WITH_KNOTS('',3,1,((#2533,#2534),(#2535,#2536),(#2537,
#2538),(#2539,#2540),(#2541,#2542)),.UNSPECIFIED.,.F.,.F.,.F.,(4,1,4),(2,
2),(-0.145986462658523,-0.0759786940900337,0.),(0.,0.066),.UNSPECIFIED.);
#1521=B_SPLINE_SURFACE_WITH_KNOTS('',3,1,((#2558,#2559),(#2560,#2561),(#2562,
#2563),(#2564,#2565),(#2566,#2567)),.UNSPECIFIED.,.F.,.F.,.F.,(4,1,4),(2,
2),(-0.138205594222864,-0.0680953743457991,0.),(0.,0.066),.UNSPECIFIED.);
#1522=B_SPLINE_SURFACE_WITH_KNOTS('',3,1,((#2583,#2584),(#2585,#2586),(#2587,
#2588),(#2589,#2590),(#2591,#2592)),.UNSPECIFIED.,.F.,.F.,.F.,(4,1,4),(2,
2),(-0.161664261142133,-0.0763515214853463,0.),(0.,0.066),.UNSPECIFIED.);
#1523=B_SPLINE_SURFACE_WITH_KNOTS('',3,1,((#2642,#2643),(#2644,#2645),(#2646,
#2647),(#2648,#2649),(#2650,#2651)),.UNSPECIFIED.,.F.,.F.,.F.,(4,1,4),(2,
2),(-0.289378034423559,-0.130896173739987,0.),(0.,0.066),.UNSPECIFIED.);
#1524=B_SPLINE_SURFACE_WITH_KNOTS('',3,1,((#2667,#2668),(#2669,#2670),(#2671,
#2672),(#2673,#2674),(#2675,#2676)),.UNSPECIFIED.,.F.,.F.,.F.,(4,1,4),(2,
2),(-0.347087469063181,-0.172783461081317,0.),(0.,0.066),.UNSPECIFIED.);
#1525=B_SPLINE_SURFACE_WITH_KNOTS('',3,1,((#2692,#2693),(#2694,#2695),(#2696,
#2697),(#2698,#2699),(#2700,#2701)),.UNSPECIFIED.,.F.,.F.,.F.,(4,1,4),(2,
2),(-0.315991053836262,-0.166614658684338,0.),(0.,0.066),.UNSPECIFIED.);
#1526=B_SPLINE_SURFACE_WITH_KNOTS('',3,1,((#2741,#2742),(#2743,#2744),(#2745,
#2746),(#2747,#2748),(#2749,#2750)),.UNSPECIFIED.,.F.,.F.,.F.,(4,1,4),(2,
2),(-0.330446777982822,-0.151806302507503,0.),(0.,0.066),.UNSPECIFIED.);
#1527=B_SPLINE_SURFACE_WITH_KNOTS('',3,1,((#2766,#2767),(#2768,#2769),(#2770,
#2771),(#2772,#2773),(#2774,#2775)),.UNSPECIFIED.,.F.,.F.,.F.,(4,1,4),(2,
2),(-0.376232254926537,-0.190023547956443,0.),(0.,0.066),.UNSPECIFIED.);
#1528=B_SPLINE_SURFACE_WITH_KNOTS('',3,1,((#2790,#2791),(#2792,#2793),(#2794,
#2795),(#2796,#2797),(#2798,#2799)),.UNSPECIFIED.,.F.,.F.,.F.,(4,1,4),(2,
2),(-0.279308195470547,-0.134900567268769,0.),(0.,0.066),.UNSPECIFIED.);
#1529=B_SPLINE_SURFACE_WITH_KNOTS('',3,1,((#3157,#3158),(#3159,#3160),(#3161,
#3162),(#3163,#3164),(#3165,#3166)),.UNSPECIFIED.,.F.,.F.,.F.,(4,1,4),(2,
2),(-0.279308195470547,-0.134900567268769,0.),(0.,0.55),.UNSPECIFIED.);
#1530=B_SPLINE_SURFACE_WITH_KNOTS('',3,1,((#3169,#3170),(#3171,#3172),(#3173,
#3174),(#3175,#3176),(#3177,#3178)),.UNSPECIFIED.,.F.,.F.,.F.,(4,1,4),(2,
2),(-0.376232254926537,-0.190023547956443,0.),(0.,0.55),.UNSPECIFIED.);
#1531=B_SPLINE_SURFACE_WITH_KNOTS('',3,1,((#3180,#3181),(#3182,#3183),(#3184,
#3185),(#3186,#3187),(#3188,#3189)),.UNSPECIFIED.,.F.,.F.,.F.,(4,1,4),(2,
2),(-0.330446777982822,-0.151806302507503,0.),(0.,0.55),.UNSPECIFIED.);
#1532=B_SPLINE_SURFACE_WITH_KNOTS('',3,1,((#3199,#3200),(#3201,#3202),(#3203,
#3204),(#3205,#3206),(#3207,#3208)),.UNSPECIFIED.,.F.,.F.,.F.,(4,1,4),(2,
2),(-0.315991053836262,-0.166614658684338,0.),(0.,0.55),.UNSPECIFIED.);
#1533=B_SPLINE_SURFACE_WITH_KNOTS('',3,1,((#3210,#3211),(#3212,#3213),(#3214,
#3215),(#3216,#3217),(#3218,#3219)),.UNSPECIFIED.,.F.,.F.,.F.,(4,1,4),(2,
2),(-0.347087469063181,-0.172783461081317,0.),(0.,0.55),.UNSPECIFIED.);
#1534=B_SPLINE_SURFACE_WITH_KNOTS('',3,1,((#3221,#3222),(#3223,#3224),(#3225,
#3226),(#3227,#3228),(#3229,#3230)),.UNSPECIFIED.,.F.,.F.,.F.,(4,1,4),(2,
2),(-0.289378034423559,-0.130896173739987,0.),(0.,0.55),.UNSPECIFIED.);
#1535=B_SPLINE_SURFACE_WITH_KNOTS('',3,1,((#3241,#3242),(#3243,#3244),(#3245,
#3246),(#3247,#3248),(#3249,#3250)),.UNSPECIFIED.,.F.,.F.,.F.,(4,1,4),(2,
2),(-0.161664261142133,-0.0763515214853463,0.),(0.,0.55),.UNSPECIFIED.);
#1536=B_SPLINE_SURFACE_WITH_KNOTS('',3,1,((#3253,#3254),(#3255,#3256),(#3257,
#3258),(#3259,#3260),(#3261,#3262)),.UNSPECIFIED.,.F.,.F.,.F.,(4,1,4),(2,
2),(-0.138205594222864,-0.0680953743457991,0.),(0.,0.55),.UNSPECIFIED.);
#1537=B_SPLINE_SURFACE_WITH_KNOTS('',3,1,((#3264,#3265),(#3266,#3267),(#3268,
#3269),(#3270,#3271),(#3272,#3273)),.UNSPECIFIED.,.F.,.F.,.F.,(4,1,4),(2,
2),(-0.145986462658523,-0.0759786940900337,0.),(0.,0.55),.UNSPECIFIED.);
#1538=B_SPLINE_SURFACE_WITH_KNOTS('',3,1,((#3275,#3276),(#3277,#3278),(#3279,
#3280),(#3281,#3282),(#3283,#3284)),.UNSPECIFIED.,.F.,.F.,.F.,(4,1,4),(2,
2),(-0.19332291753735,-0.0924051099572599,0.),(0.,0.55),.UNSPECIFIED.);
#1539=B_SPLINE_SURFACE_WITH_KNOTS('',3,1,((#3286,#3287),(#3288,#3289),(#3290,
#3291),(#3292,#3293),(#3294,#3295)),.UNSPECIFIED.,.F.,.F.,.F.,(4,1,4),(2,
2),(-0.200960184355821,-0.105954916716038,0.),(0.,0.55),.UNSPECIFIED.);
#1540=B_SPLINE_SURFACE_WITH_KNOTS('',3,1,((#3297,#3298),(#3299,#3300),(#3301,
#3302),(#3303,#3304),(#3305,#3306)),.UNSPECIFIED.,.F.,.F.,.F.,(4,1,4),(2,
2),(-0.288682149480591,-0.160304205420918,0.),(0.,0.55),.UNSPECIFIED.);
#1541=B_SPLINE_SURFACE_WITH_KNOTS('',3,1,((#3308,#3309),(#3310,#3311),(#3312,
#3313),(#3314,#3315),(#3316,#3317)),.UNSPECIFIED.,.F.,.F.,.F.,(4,1,4),(2,
2),(-0.423798104571236,-0.180044051407836,0.),(0.,0.55),.UNSPECIFIED.);
#1542=B_SPLINE_SURFACE_WITH_KNOTS('',3,1,((#3319,#3320),(#3321,#3322),(#3323,
#3324),(#3325,#3326),(#3327,#3328)),.UNSPECIFIED.,.F.,.F.,.F.,(4,1,4),(2,
2),(-0.256817342867918,-0.131669362589219,0.),(0.,0.55),.UNSPECIFIED.);
#1543=B_SPLINE_SURFACE_WITH_KNOTS('',3,1,((#3330,#3331),(#3332,#3333),(#3334,
#3335),(#3336,#3337),(#3338,#3339)),.UNSPECIFIED.,.F.,.F.,.F.,(4,1,4),(2,
2),(-0.194113498533806,-0.0926770739647712,0.),(0.,0.55),.UNSPECIFIED.);
#1544=B_SPLINE_SURFACE_WITH_KNOTS('',3,1,((#3341,#3342),(#3343,#3344),(#3345,
#3346),(#3347,#3348),(#3349,#3350)),.UNSPECIFIED.,.F.,.F.,.F.,(4,1,4),(2,
2),(-0.201062898627169,-0.105922758671558,0.),(0.,0.55),.UNSPECIFIED.);
#1545=B_SPLINE_SURFACE_WITH_KNOTS('',3,1,((#3352,#3353),(#3354,#3355),(#3356,
#3357),(#3358,#3359),(#3360,#3361)),.UNSPECIFIED.,.F.,.F.,.F.,(4,1,4),(2,
2),(-0.287268123801204,-0.159277782296877,0.),(0.,0.55),.UNSPECIFIED.);
#1546=B_SPLINE_SURFACE_WITH_KNOTS('',3,1,((#3363,#3364),(#3365,#3366),(#3367,
#3368),(#3369,#3370),(#3371,#3372)),.UNSPECIFIED.,.F.,.F.,.F.,(4,1,4),(2,
2),(-0.237851607460451,-0.104291668902067,0.),(0.,0.55),.UNSPECIFIED.);
#1547=ADVANCED_FACE('',(#72),#1495,.F.);
#1548=ADVANCED_FACE('',(#73),#1496,.F.);
#1549=ADVANCED_FACE('',(#74),#1497,.F.);
#1550=ADVANCED_FACE('',(#75),#1498,.F.);
#1551=ADVANCED_FACE('',(#76),#1499,.F.);
#1552=ADVANCED_FACE('',(#77),#1500,.F.);
#1553=ADVANCED_FACE('',(#78),#1501,.F.);
#1554=ADVANCED_FACE('',(#79),#1502,.F.);
#1555=ADVANCED_FACE('',(#80),#36,.T.);
#1556=ADVANCED_FACE('',(#81),#37,.F.);
#1557=ADVANCED_FACE('',(#82),#1503,.T.);
#1558=ADVANCED_FACE('',(#83),#1504,.T.);
#1559=ADVANCED_FACE('',(#84),#1505,.T.);
#1560=ADVANCED_FACE('',(#85),#1506,.T.);
#1561=ADVANCED_FACE('',(#86),#1507,.T.);
#1562=ADVANCED_FACE('',(#87),#1508,.T.);
#1563=ADVANCED_FACE('',(#88),#1509,.T.);
#1564=ADVANCED_FACE('',(#89),#1510,.T.);
#1565=ADVANCED_FACE('',(#90),#1511,.T.);
#1566=ADVANCED_FACE('',(#91),#1512,.T.);
#1567=ADVANCED_FACE('',(#92),#1513,.T.);
#1568=ADVANCED_FACE('',(#93),#1514,.T.);
#1569=ADVANCED_FACE('',(#94),#1515,.T.);
#1570=ADVANCED_FACE('',(#95),#1516,.T.);
#1571=ADVANCED_FACE('',(#96),#1517,.T.);
#1572=ADVANCED_FACE('',(#97),#1518,.T.);
#1573=ADVANCED_FACE('',(#98),#1519,.T.);
#1574=ADVANCED_FACE('',(#99),#1520,.T.);
#1575=ADVANCED_FACE('',(#100),#1521,.T.);
#1576=ADVANCED_FACE('',(#101),#1522,.T.);
#1577=ADVANCED_FACE('',(#102,#16),#38,.F.);
#1578=ADVANCED_FACE('',(#103,#17),#39,.T.);
#1579=ADVANCED_FACE('',(#104),#40,.T.);
#1580=ADVANCED_FACE('',(#105),#41,.T.);
#1581=ADVANCED_FACE('',(#106),#42,.T.);
#1582=ADVANCED_FACE('',(#107),#43,.T.);
#1583=ADVANCED_FACE('',(#108),#44,.F.);
#1584=ADVANCED_FACE('',(#109),#45,.T.);
#1585=ADVANCED_FACE('',(#110),#46,.T.);
#1586=ADVANCED_FACE('',(#111),#1523,.T.);
#1587=ADVANCED_FACE('',(#112),#1524,.T.);
#1588=ADVANCED_FACE('',(#113),#1525,.T.);
#1589=ADVANCED_FACE('',(#114),#47,.T.);
#1590=ADVANCED_FACE('',(#115),#48,.T.);
#1591=ADVANCED_FACE('',(#116),#49,.T.);
#1592=ADVANCED_FACE('',(#117),#50,.T.);
#1593=ADVANCED_FACE('',(#118),#1526,.T.);
#1594=ADVANCED_FACE('',(#119),#1527,.T.);
#1595=ADVANCED_FACE('',(#120),#1528,.T.);
#1596=ADVANCED_FACE('',(#121),#51,.F.);
#1597=ADVANCED_FACE('',(#122),#52,.T.);
#1598=ADVANCED_FACE('',(#123),#53,.T.);
#1599=ADVANCED_FACE('',(#124),#54,.T.);
#1600=ADVANCED_FACE('',(#125),#55,.T.);
#1601=ADVANCED_FACE('',(#126),#56,.T.);
#1602=ADVANCED_FACE('',(#127),#57,.T.);
#1603=ADVANCED_FACE('',(#128,#18),#58,.T.);
#1604=ADVANCED_FACE('',(#129),#59,.T.);
#1605=ADVANCED_FACE('',(#130),#13,.F.);
#1606=ADVANCED_FACE('',(#131),#60,.T.);
#1607=ADVANCED_FACE('',(#132,#19,#20,#21,#22),#61,.F.);
#1608=ADVANCED_FACE('',(#133,#23,#24,#25),#62,.T.);
#1609=ADVANCED_FACE('',(#134),#1529,.F.);
#1610=ADVANCED_FACE('',(#135),#1530,.F.);
#1611=ADVANCED_FACE('',(#136),#1531,.F.);
#1612=ADVANCED_FACE('',(#137),#63,.F.);
#1613=ADVANCED_FACE('',(#138),#64,.F.);
#1614=ADVANCED_FACE('',(#139),#65,.F.);
#1615=ADVANCED_FACE('',(#140),#66,.F.);
#1616=ADVANCED_FACE('',(#141),#1532,.F.);
#1617=ADVANCED_FACE('',(#142),#1533,.F.);
#1618=ADVANCED_FACE('',(#143),#1534,.F.);
#1619=ADVANCED_FACE('',(#144),#67,.F.);
#1620=ADVANCED_FACE('',(#145),#68,.F.);
#1621=ADVANCED_FACE('',(#146),#69,.F.);
#1622=ADVANCED_FACE('',(#147),#70,.F.);
#1623=ADVANCED_FACE('',(#148),#71,.F.);
#1624=ADVANCED_FACE('',(#149),#1535,.F.);
#1625=ADVANCED_FACE('',(#150),#1536,.F.);
#1626=ADVANCED_FACE('',(#151),#1537,.F.);
#1627=ADVANCED_FACE('',(#152),#1538,.F.);
#1628=ADVANCED_FACE('',(#153),#1539,.F.);
#1629=ADVANCED_FACE('',(#154),#1540,.F.);
#1630=ADVANCED_FACE('',(#155),#1541,.F.);
#1631=ADVANCED_FACE('',(#156),#1542,.F.);
#1632=ADVANCED_FACE('',(#157),#1543,.F.);
#1633=ADVANCED_FACE('',(#158),#1544,.F.);
#1634=ADVANCED_FACE('',(#159),#1545,.F.);
#1635=ADVANCED_FACE('',(#160),#1546,.F.);
#1636=CLOSED_SHELL('',(#1547,#1548,#1549,#1550,#1551,#1552,#1553,#1554,
#1555,#1556));
#1637=CLOSED_SHELL('',(#1557,#1558,#1559,#1560,#1561,#1562,#1563,#1564,
#1565,#1566,#1567,#1568,#1569,#1570,#1571,#1572,#1573,#1574,#1575,#1576,
#1577,#1578));
#1638=CLOSED_SHELL('',(#1579,#1580,#1581,#1582,#1583,#1584));
#1639=CLOSED_SHELL('',(#1585,#1586,#1587,#1588,#1589,#1590,#1591,#1592,
#1593,#1594,#1595,#1596,#1597));
#1640=CLOSED_SHELL('',(#1598,#1599,#1600,#1601,#1602,#1603,#1604,#1605,
#1606,#1607,#1608,#1609,#1610,#1611,#1612,#1613,#1614,#1615,#1616,#1617,
#1618,#1619,#1620,#1621,#1622,#1623,#1624,#1625,#1626,#1627,#1628,#1629,
#1630,#1631,#1632,#1633,#1634,#1635));
#1641=DERIVED_UNIT_ELEMENT(#1643,1.);
#1642=DERIVED_UNIT_ELEMENT(#3378,-3.);
#1643=(
MASS_UNIT()
NAMED_UNIT(*)
SI_UNIT(.KILO.,.GRAM.)
);
#1644=DERIVED_UNIT((#1641,#1642));
#1645=MEASURE_REPRESENTATION_ITEM('density measure',
POSITIVE_RATIO_MEASURE(7850.),#1644);
#1646=PROPERTY_DEFINITION_REPRESENTATION(#1651,#1648);
#1647=PROPERTY_DEFINITION_REPRESENTATION(#1652,#1649);
#1648=REPRESENTATION('material name',(#1650),#3375);
#1649=REPRESENTATION('density',(#1645),#3375);
#1650=DESCRIPTIVE_REPRESENTATION_ITEM('Acciaio','Acciaio');
#1651=PROPERTY_DEFINITION('material property','material name',#3385);
#1652=PROPERTY_DEFINITION('material property','density of part',#3385);
#1653=AXIS2_PLACEMENT_3D('',#1904,#1693,#1694);
#1654=AXIS2_PLACEMENT_3D('',#2105,#1703,#1704);
#1655=AXIS2_PLACEMENT_3D('',#2106,#1705,#1706);
#1656=AXIS2_PLACEMENT_3D('',#2605,#1727,#1728);
#1657=AXIS2_PLACEMENT_3D('',#2606,#1729,#1730);
#1658=AXIS2_PLACEMENT_3D('',#2607,#1731,#1732);
#1659=AXIS2_PLACEMENT_3D('',#2616,#1737,#1738);
#1660=AXIS2_PLACEMENT_3D('',#2622,#1742,#1743);
#1661=AXIS2_PLACEMENT_3D('',#2628,#1747,#1748);
#1662=AXIS2_PLACEMENT_3D('',#2631,#1751,#1752);
#1663=AXIS2_PLACEMENT_3D('',#2632,#1753,#1754);
#1664=AXIS2_PLACEMENT_3D('',#2633,#1755,#1756);
#1665=AXIS2_PLACEMENT_3D('',#2717,#1764,#1765);
#1666=AXIS2_PLACEMENT_3D('',#2723,#1769,#1770);
#1667=AXIS2_PLACEMENT_3D('',#2729,#1774,#1775);
#1668=AXIS2_PLACEMENT_3D('',#2735,#1779,#1780);
#1669=AXIS2_PLACEMENT_3D('',#2811,#1786,#1787);
#1670=AXIS2_PLACEMENT_3D('',#2812,#1788,#1789);
#1671=AXIS2_PLACEMENT_3D('',#2813,#1790,#1791);
#1672=AXIS2_PLACEMENT_3D('',#2822,#1796,#1797);
#1673=AXIS2_PLACEMENT_3D('',#2836,#1805,#1806);
#1674=AXIS2_PLACEMENT_3D('',#2840,#1809,#1810);
#1675=AXIS2_PLACEMENT_3D('',#2852,#1817,#1818);
#1676=AXIS2_PLACEMENT_3D('',#2854,#1820,#1821);
#1677=AXIS2_PLACEMENT_3D('',#2858,#1824,#1825);
#1678=AXIS2_PLACEMENT_3D('',#2859,#1826,#1827);
#1679=AXIS2_PLACEMENT_3D('',#2861,#1829,#1830);
#1680=AXIS2_PLACEMENT_3D('',#2864,#1832,#1833);
#1681=AXIS2_PLACEMENT_3D('',#2865,#1834,#1835);
#1682=AXIS2_PLACEMENT_3D('',#2867,#1837,#1838);
#1683=AXIS2_PLACEMENT_3D('',#2994,#1848,#1849);
#1684=AXIS2_PLACEMENT_3D('',#3191,#1863,#1864);
#1685=AXIS2_PLACEMENT_3D('',#3193,#1866,#1867);
#1686=AXIS2_PLACEMENT_3D('',#3195,#1869,#1870);
#1687=AXIS2_PLACEMENT_3D('',#3197,#1872,#1873);
#1688=AXIS2_PLACEMENT_3D('',#3232,#1878,#1879);
#1689=AXIS2_PLACEMENT_3D('',#3233,#1880,#1881);
#1690=AXIS2_PLACEMENT_3D('',#3236,#1884,#1885);
#1691=AXIS2_PLACEMENT_3D('',#3238,#1887,#1888);
#1692=AXIS2_PLACEMENT_3D('',#3240,#1890,#1891);
#1693=DIRECTION('axis',(0.,0.,1.));
#1694=DIRECTION('refdir',(1.,0.,0.));
#1695=DIRECTION('',(0.,0.,1.));
#1696=DIRECTION('',(0.,0.,1.));
#1697=DIRECTION('',(0.,0.,1.));
#1698=DIRECTION('',(0.,0.,1.));
#1699=DIRECTION('',(0.,0.,1.));
#1700=DIRECTION('',(0.,0.,1.));
#1701=DIRECTION('',(0.,0.,1.));
#1702=DIRECTION('',(0.,0.,1.));
#1703=DIRECTION('center_axis',(0.,0.,1.));
#1704=DIRECTION('ref_axis',(1.,0.,0.));
#1705=DIRECTION('center_axis',(0.,0.,1.));
#1706=DIRECTION('ref_axis',(1.,0.,0.));
#1707=DIRECTION('',(0.,0.,1.));
#1708=DIRECTION('',(0.,0.,1.));
#1709=DIRECTION('',(0.,0.,1.));
#1710=DIRECTION('',(0.,0.,1.));
#1711=DIRECTION('',(0.,0.,1.));
#1712=DIRECTION('',(0.,0.,1.));
#1713=DIRECTION('',(0.,0.,1.));
#1714=DIRECTION('',(0.,0.,1.));
#1715=DIRECTION('',(0.,0.,1.));
#1716=DIRECTION('',(0.,0.,1.));
#1717=DIRECTION('',(0.,0.,1.));
#1718=DIRECTION('',(0.,0.,1.));
#1719=DIRECTION('',(0.,0.,1.));
#1720=DIRECTION('',(0.,0.,1.));
#1721=DIRECTION('',(0.,0.,1.));
#1722=DIRECTION('',(0.,0.,1.));
#1723=DIRECTION('',(0.,0.,1.));
#1724=DIRECTION('',(0.,0.,1.));
#1725=DIRECTION('',(0.,0.,1.));
#1726=DIRECTION('',(0.,0.,1.));
#1727=DIRECTION('center_axis',(0.,0.,1.));
#1728=DIRECTION('ref_axis',(1.,0.,0.));
#1729=DIRECTION('center_axis',(0.,0.,1.));
#1730=DIRECTION('ref_axis',(1.,0.,0.));
#1731=DIRECTION('center_axis',(0.99995837111372,-0.00912447475729191,0.));
#1732=DIRECTION('ref_axis',(0.00912447475729191,0.99995837111372,0.));
#1733=DIRECTION('',(-0.00912447475729191,-0.99995837111372,0.));
#1734=DIRECTION('',(0.,0.,1.));
#1735=DIRECTION('',(-0.00912447475729191,-0.99995837111372,0.));
#1736=DIRECTION('',(0.,0.,1.));
#1737=DIRECTION('center_axis',(-0.00912447475729355,-0.99995837111372,0.));
#1738=DIRECTION('ref_axis',(0.99995837111372,-0.00912447475729355,0.));
#1739=DIRECTION('',(-0.99995837111372,0.00912447475729355,0.));
#1740=DIRECTION('',(0.,0.,1.));
#1741=DIRECTION('',(-0.99995837111372,0.00912447475729355,0.));
#1742=DIRECTION('center_axis',(-0.99995837111372,0.00912447475729191,0.));
#1743=DIRECTION('ref_axis',(-0.00912447475729191,-0.99995837111372,0.));
#1744=DIRECTION('',(0.00912447475729191,0.99995837111372,0.));
#1745=DIRECTION('',(0.,0.,1.));
#1746=DIRECTION('',(0.00912447475729191,0.99995837111372,0.));
#1747=DIRECTION('center_axis',(0.00912447475729349,0.99995837111372,0.));
#1748=DIRECTION('ref_axis',(-0.99995837111372,0.00912447475729349,0.));
#1749=DIRECTION('',(0.99995837111372,-0.00912447475729349,0.));
#1750=DIRECTION('',(0.99995837111372,-0.00912447475729349,0.));
#1751=DIRECTION('center_axis',(0.,0.,1.));
#1752=DIRECTION('ref_axis',(1.,0.,0.));
#1753=DIRECTION('center_axis',(0.,0.,1.));
#1754=DIRECTION('ref_axis',(1.,0.,0.));
#1755=DIRECTION('center_axis',(-0.00912447475729355,-0.99995837111372,0.));
#1756=DIRECTION('ref_axis',(0.99995837111372,-0.00912447475729355,0.));
#1757=DIRECTION('',(-0.99995837111372,0.00912447475729355,0.));
#1758=DIRECTION('',(0.,0.,1.));
#1759=DIRECTION('',(-0.99995837111372,0.00912447475729355,0.));
#1760=DIRECTION('',(0.,0.,1.));
#1761=DIRECTION('',(0.,0.,1.));
#1762=DIRECTION('',(0.,0.,1.));
#1763=DIRECTION('',(0.,0.,1.));
#1764=DIRECTION('center_axis',(-0.00912447475729354,-0.99995837111372,0.));
#1765=DIRECTION('ref_axis',(0.99995837111372,-0.00912447475729354,0.));
#1766=DIRECTION('',(-0.99995837111372,0.00912447475729354,0.));
#1767=DIRECTION('',(0.,0.,1.));
#1768=DIRECTION('',(-0.99995837111372,0.00912447475729354,0.));
#1769=DIRECTION('center_axis',(-0.99995837111372,0.00912447475729196,0.));
#1770=DIRECTION('ref_axis',(-0.00912447475729196,-0.99995837111372,0.));
#1771=DIRECTION('',(0.00912447475729196,0.99995837111372,0.));
#1772=DIRECTION('',(0.,0.,1.));
#1773=DIRECTION('',(0.00912447475729196,0.99995837111372,0.));
#1774=DIRECTION('center_axis',(0.00912447475729358,0.99995837111372,0.));
#1775=DIRECTION('ref_axis',(-0.99995837111372,0.00912447475729358,0.));
#1776=DIRECTION('',(0.99995837111372,-0.00912447475729358,0.));
#1777=DIRECTION('',(0.,0.,1.));
#1778=DIRECTION('',(0.99995837111372,-0.00912447475729358,0.));
#1779=DIRECTION('center_axis',(0.99995837111372,-0.00912447475729163,0.));
#1780=DIRECTION('ref_axis',(0.00912447475729163,0.99995837111372,0.));
#1781=DIRECTION('',(-0.00912447475729163,-0.99995837111372,0.));
#1782=DIRECTION('',(0.,0.,1.));
#1783=DIRECTION('',(-0.00912447475729163,-0.99995837111372,0.));
#1784=DIRECTION('',(0.,0.,1.));
#1785=DIRECTION('',(0.,0.,1.));
#1786=DIRECTION('center_axis',(0.,0.,1.));
#1787=DIRECTION('ref_axis',(1.,0.,0.));
#1788=DIRECTION('center_axis',(0.,0.,1.));
#1789=DIRECTION('ref_axis',(1.,0.,0.));
#1790=DIRECTION('center_axis',(0.,0.,1.));
#1791=DIRECTION('ref_axis',(1.,0.,0.));
#1792=DIRECTION('',(1.,0.,0.));
#1793=DIRECTION('',(0.,1.,0.));
#1794=DIRECTION('',(-1.,0.,0.));
#1795=DIRECTION('',(0.,-1.,0.));
#1796=DIRECTION('center_axis',(0.,-1.,0.));
#1797=DIRECTION('ref_axis',(1.,0.,0.));
#1798=DIRECTION('',(-1.,0.,0.));
#1799=DIRECTION('',(0.,0.,1.));
#1800=DIRECTION('',(-1.,8.88178419700125E-17,0.));
#1801=DIRECTION('',(0.,0.,1.));
#1802=DIRECTION('',(1.,-8.88178419700125E-17,0.));
#1803=DIRECTION('',(0.,0.,1.));
#1804=DIRECTION('',(0.,0.,1.));
#1805=DIRECTION('center_axis',(1.,0.,0.));
#1806=DIRECTION('ref_axis',(0.,1.,0.));
#1807=DIRECTION('',(0.,1.,0.));
#1808=DIRECTION('',(0.,0.,1.));
#1809=DIRECTION('center_axis',(0.,1.,0.));
#1810=DIRECTION('ref_axis',(-1.,0.,0.));
#1811=DIRECTION('',(1.,-8.88178419700125E-17,0.));
#1812=DIRECTION('',(0.,0.,1.));
#1813=DIRECTION('',(-1.,8.88178419700125E-17,0.));
#1814=DIRECTION('',(0.,0.,1.));
#1815=DIRECTION('',(1.,-8.88178419700125E-17,0.));
#1816=DIRECTION('',(0.,0.,1.));
#1817=DIRECTION('center_axis',(-1.,0.,0.));
#1818=DIRECTION('ref_axis',(0.,-1.,0.));
#1819=DIRECTION('',(0.,1.,0.));
#1820=DIRECTION('center_axis',(0.,0.,1.));
#1821=DIRECTION('ref_axis',(1.,0.,0.));
#1822=DIRECTION('',(0.,-1.,0.));
#1823=DIRECTION('',(0.,1.,0.));
#1824=DIRECTION('center_axis',(0.,0.,1.));
#1825=DIRECTION('ref_axis',(1.,0.,0.));
#1826=DIRECTION('center_axis',(1.,0.,0.));
#1827=DIRECTION('ref_axis',(0.,1.,0.));
#1828=DIRECTION('',(0.,-1.,0.));
#1829=DIRECTION('center_axis',(0.,0.,1.));
#1830=DIRECTION('ref_axis',(1.,0.,0.));
#1831=DIRECTION('',(0.,0.,-1.));
#1832=DIRECTION('center_axis',(0.,0.,1.));
#1833=DIRECTION('ref_axis',(1.,0.,0.));
#1834=DIRECTION('center_axis',(-1.,0.,0.));
#1835=DIRECTION('ref_axis',(0.,-1.,0.));
#1836=DIRECTION('',(0.,1.,0.));
#1837=DIRECTION('center_axis',(0.,0.,1.));
#1838=DIRECTION('ref_axis',(1.,0.,0.));
#1839=DIRECTION('',(-0.00912447475729196,-0.99995837111372,0.));
#1840=DIRECTION('',(0.99995837111372,-0.00912447475729354,0.));
#1841=DIRECTION('',(0.99995837111372,-0.00912447475729355,0.));
#1842=DIRECTION('',(0.00912447475729163,0.99995837111372,0.));
#1843=DIRECTION('',(-0.99995837111372,0.00912447475729358,0.));
#1844=DIRECTION('',(-0.00912447475729191,-0.99995837111372,0.));
#1845=DIRECTION('',(0.99995837111372,-0.00912447475729355,0.));
#1846=DIRECTION('',(0.00912447475729191,0.99995837111372,0.));
#1847=DIRECTION('',(-0.99995837111372,0.00912447475729349,0.));
#1848=DIRECTION('center_axis',(0.,0.,1.));
#1849=DIRECTION('ref_axis',(1.,0.,0.));
#1850=DIRECTION('',(0.00912447475729196,0.99995837111372,0.));
#1851=DIRECTION('',(0.99995837111372,-0.00912447475729358,0.));
#1852=DIRECTION('',(-0.00912447475729163,-0.99995837111372,0.));
#1853=DIRECTION('',(-0.99995837111372,0.00912447475729355,0.));
#1854=DIRECTION('',(-0.99995837111372,0.00912447475729354,0.));
#1855=DIRECTION('',(0.00912447475729191,0.99995837111372,0.));
#1856=DIRECTION('',(0.99995837111372,-0.00912447475729349,0.));
#1857=DIRECTION('',(-0.00912447475729191,-0.99995837111372,0.));
#1858=DIRECTION('',(-0.99995837111372,0.00912447475729355,0.));
#1859=DIRECTION('',(0.,0.,1.));
#1860=DIRECTION('',(0.,0.,1.));
#1861=DIRECTION('',(0.,0.,1.));
#1862=DIRECTION('',(0.,0.,1.));
#1863=DIRECTION('center_axis',(0.99995837111372,-0.00912447475729163,0.));
#1864=DIRECTION('ref_axis',(0.00912447475729163,0.99995837111372,0.));
#1865=DIRECTION('',(0.,0.,1.));
#1866=DIRECTION('center_axis',(0.00912447475729358,0.99995837111372,0.));
#1867=DIRECTION('ref_axis',(-0.99995837111372,0.00912447475729358,0.));
#1868=DIRECTION('',(0.,0.,1.));
#1869=DIRECTION('center_axis',(-0.99995837111372,0.00912447475729196,0.));
#1870=DIRECTION('ref_axis',(-0.00912447475729196,-0.99995837111372,0.));
#1871=DIRECTION('',(0.,0.,1.));
#1872=DIRECTION('center_axis',(-0.00912447475729354,-0.99995837111372,0.));
#1873=DIRECTION('ref_axis',(0.99995837111372,-0.00912447475729354,0.));
#1874=DIRECTION('',(0.,0.,1.));
#1875=DIRECTION('',(0.,0.,1.));
#1876=DIRECTION('',(0.,0.,1.));
#1877=DIRECTION('',(0.,0.,1.));
#1878=DIRECTION('center_axis',(-0.00912447475729355,-0.99995837111372,0.));
#1879=DIRECTION('ref_axis',(0.99995837111372,-0.00912447475729355,0.));
#1880=DIRECTION('center_axis',(0.00912447475729349,0.99995837111372,0.));
#1881=DIRECTION('ref_axis',(-0.99995837111372,0.00912447475729349,0.));
#1882=DIRECTION('',(0.,0.,1.));
#1883=DIRECTION('',(0.,0.,1.));
#1884=DIRECTION('center_axis',(-0.99995837111372,0.00912447475729191,0.));
#1885=DIRECTION('ref_axis',(-0.00912447475729191,-0.99995837111372,0.));
#1886=DIRECTION('',(0.,0.,1.));
#1887=DIRECTION('center_axis',(-0.00912447475729355,-0.99995837111372,0.));
#1888=DIRECTION('ref_axis',(0.99995837111372,-0.00912447475729355,0.));
#1889=DIRECTION('',(0.,0.,1.));
#1890=DIRECTION('center_axis',(0.99995837111372,-0.00912447475729191,0.));
#1891=DIRECTION('ref_axis',(0.00912447475729191,0.99995837111372,0.));
#1892=DIRECTION('',(0.,0.,1.));
#1893=DIRECTION('',(0.,0.,1.));
#1894=DIRECTION('',(0.,0.,1.));
#1895=DIRECTION('',(0.,0.,1.));
#1896=DIRECTION('',(0.,0.,1.));
#1897=DIRECTION('',(0.,0.,1.));
#1898=DIRECTION('',(0.,0.,1.));
#1899=DIRECTION('',(0.,0.,1.));
#1900=DIRECTION('',(0.,0.,1.));
#1901=DIRECTION('',(0.,0.,1.));
#1902=DIRECTION('',(0.,0.,1.));
#1903=DIRECTION('',(0.,0.,1.));
#1904=CARTESIAN_POINT('',(0.,0.,0.));
#1905=CARTESIAN_POINT('Ctrl Pts',(19.3752599843815,8.1758162501267,0.));
#1906=CARTESIAN_POINT('Ctrl Pts',(19.3752599843815,8.1758162501267,5.5));
#1907=CARTESIAN_POINT('Ctrl Pts',(19.5376780033709,7.77017395176146,0.));
#1908=CARTESIAN_POINT('Ctrl Pts',(19.5376780033709,7.77017395176146,5.5));
#1909=CARTESIAN_POINT('Ctrl Pts',(19.9574405154187,6.72180855970617,0.));
#1910=CARTESIAN_POINT('Ctrl Pts',(19.9574405154187,6.72180855970617,5.5));
#1911=CARTESIAN_POINT('Ctrl Pts',(19.9352816146835,5.5859927544505,0.));
#1912=CARTESIAN_POINT('Ctrl Pts',(19.9352816146835,5.5859927544505,5.5));
#1913=CARTESIAN_POINT('Ctrl Pts',(19.921696620996,4.88965629223211,0.));
#1914=CARTESIAN_POINT('Ctrl Pts',(19.921696620996,4.88965629223211,5.5));
#1915=CARTESIAN_POINT('',(19.921696620996,4.88965629223211,0.6));
#1916=CARTESIAN_POINT('',(19.3752599843815,8.1758162501267,0.6));
#1917=CARTESIAN_POINT('Ctrl Pts',(19.921696620996,4.88965629223211,0.6));
#1918=CARTESIAN_POINT('Ctrl Pts',(19.9352816146835,5.5859927544505,0.6));
#1919=CARTESIAN_POINT('Ctrl Pts',(19.948866608371,6.28232921666889,0.6));
#1920=CARTESIAN_POINT('Ctrl Pts',(19.7963524163998,6.94579684294057,0.6));
#1921=CARTESIAN_POINT('Ctrl Pts',(19.7000960223603,7.36453165339622,0.6));
#1922=CARTESIAN_POINT('Ctrl Pts',(19.5376780033709,7.77017395176146,0.6));
#1923=CARTESIAN_POINT('Ctrl Pts',(19.3752599843815,8.1758162501267,0.6));
#1924=CARTESIAN_POINT('',(19.921696620996,4.88965629223211,0.));
#1925=CARTESIAN_POINT('',(19.921696620996,4.88965629223211,0.));
#1926=CARTESIAN_POINT('',(19.3752599843815,8.1758162501267,0.));
#1927=CARTESIAN_POINT('Ctrl Pts',(19.3752599843815,8.1758162501267,0.));
#1928=CARTESIAN_POINT('Ctrl Pts',(19.5376780033709,7.77017395176146,0.));
#1929=CARTESIAN_POINT('Ctrl Pts',(19.9574405154187,6.72180855970617,0.));
#1930=CARTESIAN_POINT('Ctrl Pts',(19.9352816146835,5.5859927544505,0.));
#1931=CARTESIAN_POINT('Ctrl Pts',(19.921696620996,4.88965629223211,0.));
#1932=CARTESIAN_POINT('',(19.3752599843815,8.1758162501267,0.));
#1933=CARTESIAN_POINT('Ctrl Pts',(17.9468457293809,9.00061652684091,0.));
#1934=CARTESIAN_POINT('Ctrl Pts',(17.9468457293809,9.00061652684091,5.5));
#1935=CARTESIAN_POINT('Ctrl Pts',(18.2249632201097,8.95873489479752,0.));
#1936=CARTESIAN_POINT('Ctrl Pts',(18.2249632201097,8.95873489479752,5.5));
#1937=CARTESIAN_POINT('Ctrl Pts',(18.8065103629301,8.8711598796927,0.));
#1938=CARTESIAN_POINT('Ctrl Pts',(18.8065103629301,8.8711598796927,5.5));
#1939=CARTESIAN_POINT('Ctrl Pts',(19.1802543065418,8.41422688057074,0.));
#1940=CARTESIAN_POINT('Ctrl Pts',(19.1802543065418,8.41422688057074,5.5));
#1941=CARTESIAN_POINT('Ctrl Pts',(19.3752599843815,8.1758162501267,0.));
#1942=CARTESIAN_POINT('Ctrl Pts',(19.3752599843815,8.1758162501267,5.5));
#1943=CARTESIAN_POINT('',(17.9468457293809,9.00061652684091,0.6));
#1944=CARTESIAN_POINT('Ctrl Pts',(19.3752599843815,8.1758162501267,0.6));
#1945=CARTESIAN_POINT('Ctrl Pts',(19.1802543065418,8.41422688057074,0.6));
#1946=CARTESIAN_POINT('Ctrl Pts',(18.9852486287021,8.65263751101478,0.6));
#1947=CARTESIAN_POINT('Ctrl Pts',(18.7336713569825,8.79049545532274,0.6));
#1948=CARTESIAN_POINT('Ctrl Pts',(18.5030807108385,8.91685326275413,0.6));
#1949=CARTESIAN_POINT('Ctrl Pts',(18.2249632201097,8.95873489479752,0.6));
#1950=CARTESIAN_POINT('Ctrl Pts',(17.9468457293809,9.00061652684091,0.6));
#1951=CARTESIAN_POINT('',(17.9468457293809,9.00061652684091,0.));
#1952=CARTESIAN_POINT('Ctrl Pts',(17.9468457293809,9.00061652684091,0.));
#1953=CARTESIAN_POINT('Ctrl Pts',(18.2249632201097,8.95873489479752,0.));
#1954=CARTESIAN_POINT('Ctrl Pts',(18.8065103629301,8.8711598796927,0.));
#1955=CARTESIAN_POINT('Ctrl Pts',(19.1802543065418,8.41422688057074,0.));
#1956=CARTESIAN_POINT('Ctrl Pts',(19.3752599843815,8.1758162501267,0.));
#1957=CARTESIAN_POINT('',(17.9468457293809,9.00061652684091,0.));
#1958=CARTESIAN_POINT('Ctrl Pts',(16.5897528583378,8.29673553913256,0.));
#1959=CARTESIAN_POINT('Ctrl Pts',(16.5897528583378,8.29673553913256,5.5));
#1960=CARTESIAN_POINT('Ctrl Pts',(16.772613089056,8.50397073415767,0.));
#1961=CARTESIAN_POINT('Ctrl Pts',(16.772613089056,8.50397073415767,5.5));
#1962=CARTESIAN_POINT('Ctrl Pts',(17.1345357939183,8.91413713300546,0.));
#1963=CARTESIAN_POINT('Ctrl Pts',(17.1345357939183,8.91413713300546,5.5));
#1964=CARTESIAN_POINT('Ctrl Pts',(17.6779765764719,8.97199242617497,0.));
#1965=CARTESIAN_POINT('Ctrl Pts',(17.6779765764719,8.97199242617497,5.5));
#1966=CARTESIAN_POINT('Ctrl Pts',(17.9468457293809,9.00061652684091,0.));
#1967=CARTESIAN_POINT('Ctrl Pts',(17.9468457293809,9.00061652684091,5.5));
#1968=CARTESIAN_POINT('',(16.5897528583378,8.29673553913256,0.6));
#1969=CARTESIAN_POINT('Ctrl Pts',(17.9468457293809,9.00061652684091,0.6));
#1970=CARTESIAN_POINT('Ctrl Pts',(17.6779765764719,8.97199242617497,0.6));
#1971=CARTESIAN_POINT('Ctrl Pts',(17.4091074235629,8.94336832550904,0.6));
#1972=CARTESIAN_POINT('Ctrl Pts',(17.1846704266868,8.82850519995515,0.6));
#1973=CARTESIAN_POINT('Ctrl Pts',(16.9554733197742,8.71120592918279,0.6));
#1974=CARTESIAN_POINT('Ctrl Pts',(16.772613089056,8.50397073415767,0.6));
#1975=CARTESIAN_POINT('Ctrl Pts',(16.5897528583378,8.29673553913256,0.6));
#1976=CARTESIAN_POINT('',(16.5897528583378,8.29673553913256,0.));
#1977=CARTESIAN_POINT('Ctrl Pts',(16.5897528583378,8.29673553913256,0.));
#1978=CARTESIAN_POINT('Ctrl Pts',(16.772613089056,8.50397073415767,0.));
#1979=CARTESIAN_POINT('Ctrl Pts',(17.1345357939183,8.91413713300546,0.));
#1980=CARTESIAN_POINT('Ctrl Pts',(17.6779765764719,8.97199242617497,0.));
#1981=CARTESIAN_POINT('Ctrl Pts',(17.9468457293809,9.00061652684091,0.));
#1982=CARTESIAN_POINT('',(16.5897528583378,8.29673553913256,0.));
#1983=CARTESIAN_POINT('Ctrl Pts',(15.9245907699516,4.92612930200297,0.));
#1984=CARTESIAN_POINT('Ctrl Pts',(15.9245907699516,4.92612930200297,5.5));
#1985=CARTESIAN_POINT('Ctrl Pts',(15.9282214597671,5.62997883433284,0.));
#1986=CARTESIAN_POINT('Ctrl Pts',(15.9282214597671,5.62997883433284,5.5));
#1987=CARTESIAN_POINT('Ctrl Pts',(15.934268775932,6.80231821634723,0.));
#1988=CARTESIAN_POINT('Ctrl Pts',(15.934268775932,6.80231821634723,5.5));
#1989=CARTESIAN_POINT('Ctrl Pts',(16.4025989282979,7.87004924333032,0.));
#1990=CARTESIAN_POINT('Ctrl Pts',(16.4025989282979,7.87004924333032,5.5));
#1991=CARTESIAN_POINT('Ctrl Pts',(16.5897528583378,8.29673553913256,0.));
#1992=CARTESIAN_POINT('Ctrl Pts',(16.5897528583378,8.29673553913256,5.5));
#1993=CARTESIAN_POINT('',(15.9245907699516,4.92612930200297,0.6));
#1994=CARTESIAN_POINT('Ctrl Pts',(16.5897528583378,8.29673553913256,0.6));
#1995=CARTESIAN_POINT('Ctrl Pts',(16.4025989282979,7.87004924333032,0.6));
#1996=CARTESIAN_POINT('Ctrl Pts',(16.2154449982579,7.44336294752808,0.6));
#1997=CARTESIAN_POINT('Ctrl Pts',(16.102115724256,6.99997113029148,0.6));
#1998=CARTESIAN_POINT('Ctrl Pts',(15.9318521495825,6.33382836666271,0.6));
#1999=CARTESIAN_POINT('Ctrl Pts',(15.9282214597671,5.62997883433284,0.6));
#2000=CARTESIAN_POINT('Ctrl Pts',(15.9245907699516,4.92612930200297,0.6));
#2001=CARTESIAN_POINT('',(15.9245907699516,4.92612930200297,0.));
#2002=CARTESIAN_POINT('Ctrl Pts',(15.9245907699516,4.92612930200297,0.));
#2003=CARTESIAN_POINT('Ctrl Pts',(15.9282214597671,5.62997883433284,0.));
#2004=CARTESIAN_POINT('Ctrl Pts',(15.934268775932,6.80231821634723,0.));
#2005=CARTESIAN_POINT('Ctrl Pts',(16.4025989282979,7.87004924333032,0.));
#2006=CARTESIAN_POINT('Ctrl Pts',(16.5897528583378,8.29673553913256,0.));
#2007=CARTESIAN_POINT('',(15.9245907699516,4.92612930200297,0.));
#2008=CARTESIAN_POINT('Ctrl Pts',(16.4710585317355,1.64338037592551,0.));
#2009=CARTESIAN_POINT('Ctrl Pts',(16.4710585317355,1.64338037592551,5.5));
#2010=CARTESIAN_POINT('Ctrl Pts',(16.3086223604762,2.04930354703301,0.));
#2011=CARTESIAN_POINT('Ctrl Pts',(16.3086223604762,2.04930354703301,5.5));
#2012=CARTESIAN_POINT('Ctrl Pts',(15.8895030721152,3.09667020979532,0.));
#2013=CARTESIAN_POINT('Ctrl Pts',(15.8895030721152,3.09667020979532,5.5));
#2014=CARTESIAN_POINT('Ctrl Pts',(15.9112637684793,4.23126456254365,0.));
#2015=CARTESIAN_POINT('Ctrl Pts',(15.9112637684793,4.23126456254365,5.5));
#2016=CARTESIAN_POINT('Ctrl Pts',(15.9245907699516,4.92612930200297,0.));
#2017=CARTESIAN_POINT('Ctrl Pts',(15.9245907699516,4.92612930200297,5.5));
#2018=CARTESIAN_POINT('',(16.4710585317355,1.64338037592551,0.6));
#2019=CARTESIAN_POINT('Ctrl Pts',(15.9245907699516,4.92612930200297,0.6));
#2020=CARTESIAN_POINT('Ctrl Pts',(15.9112637684793,4.23126456254365,0.6));
#2021=CARTESIAN_POINT('Ctrl Pts',(15.897936767007,3.53639982308433,0.6));
#2022=CARTESIAN_POINT('Ctrl Pts',(16.049973280909,2.8742520994883,0.6));
#2023=CARTESIAN_POINT('Ctrl Pts',(16.1461861892168,2.45522671814051,0.6));
#2024=CARTESIAN_POINT('Ctrl Pts',(16.3086223604762,2.04930354703301,0.6));
#2025=CARTESIAN_POINT('Ctrl Pts',(16.4710585317355,1.64338037592551,0.6));
#2026=CARTESIAN_POINT('',(16.4710585317355,1.64338037592551,0.));
#2027=CARTESIAN_POINT('Ctrl Pts',(16.4710585317355,1.64338037592551,0.));
#2028=CARTESIAN_POINT('Ctrl Pts',(16.3086223604762,2.04930354703301,0.));
#2029=CARTESIAN_POINT('Ctrl Pts',(15.8895030721152,3.09667020979532,0.));
#2030=CARTESIAN_POINT('Ctrl Pts',(15.9112637684793,4.23126456254365,0.));
#2031=CARTESIAN_POINT('Ctrl Pts',(15.9245907699516,4.92612930200297,0.));
#2032=CARTESIAN_POINT('',(16.4710585317355,1.64338037592551,0.));
#2033=CARTESIAN_POINT('Ctrl Pts',(17.8857987263415,0.815293557194614,0.));
#2034=CARTESIAN_POINT('Ctrl Pts',(17.8857987263415,0.815293557194614,5.5));
#2035=CARTESIAN_POINT('Ctrl Pts',(17.611234136664,0.857966200920601,0.));
#2036=CARTESIAN_POINT('Ctrl Pts',(17.611234136664,0.857966200920601,5.5));
#2037=CARTESIAN_POINT('Ctrl Pts',(17.0337557037297,0.947717510282773,0.));
#2038=CARTESIAN_POINT('Ctrl Pts',(17.0337557037297,0.947717510282773,5.5));
#2039=CARTESIAN_POINT('Ctrl Pts',(16.664664004623,1.40402580871538,0.));
#2040=CARTESIAN_POINT('Ctrl Pts',(16.664664004623,1.40402580871538,5.5));
#2041=CARTESIAN_POINT('Ctrl Pts',(16.4710585317355,1.64338037592551,0.));
#2042=CARTESIAN_POINT('Ctrl Pts',(16.4710585317355,1.64338037592551,5.5));
#2043=CARTESIAN_POINT('',(17.8857987263415,0.815293557194614,0.6));
#2044=CARTESIAN_POINT('Ctrl Pts',(16.4710585317355,1.64338037592551,0.6));
#2045=CARTESIAN_POINT('Ctrl Pts',(16.664664004623,1.40402580871538,0.6));
#2046=CARTESIAN_POINT('Ctrl Pts',(16.8582694775105,1.16467124150525,0.6));
#2047=CARTESIAN_POINT('Ctrl Pts',(17.1092121887784,1.02617417648005,0.6));
#2048=CARTESIAN_POINT('Ctrl Pts',(17.3366695469864,0.900638844646588,0.6));
#2049=CARTESIAN_POINT('Ctrl Pts',(17.611234136664,0.857966200920601,0.6));
#2050=CARTESIAN_POINT('Ctrl Pts',(17.8857987263415,0.815293557194614,0.6));
#2051=CARTESIAN_POINT('',(17.8857987263415,0.815293557194614,0.));
#2052=CARTESIAN_POINT('Ctrl Pts',(17.8857987263415,0.815293557194614,0.));
#2053=CARTESIAN_POINT('Ctrl Pts',(17.611234136664,0.857966200920601,0.));
#2054=CARTESIAN_POINT('Ctrl Pts',(17.0337557037297,0.947717510282773,0.));
#2055=CARTESIAN_POINT('Ctrl Pts',(16.664664004623,1.40402580871538,0.));
#2056=CARTESIAN_POINT('Ctrl Pts',(16.4710585317355,1.64338037592551,0.));
#2057=CARTESIAN_POINT('',(17.8857987263415,0.815293557194614,0.));
#2058=CARTESIAN_POINT('Ctrl Pts',(19.3154467468551,1.62083646675292,0.));
#2059=CARTESIAN_POINT('Ctrl Pts',(19.3154467468551,1.62083646675292,5.5));
#2060=CARTESIAN_POINT('Ctrl Pts',(19.1176406694121,1.3840654908406,0.));
#2061=CARTESIAN_POINT('Ctrl Pts',(19.1176406694121,1.3840654908406,5.5));
#2062=CARTESIAN_POINT('Ctrl Pts',(18.7408484294216,0.93305070134579,0.));
#2063=CARTESIAN_POINT('Ctrl Pts',(18.7408484294216,0.93305070134579,5.5));
#2064=CARTESIAN_POINT('Ctrl Pts',(18.1611639878249,0.85321676408413,0.));
#2065=CARTESIAN_POINT('Ctrl Pts',(18.1611639878249,0.85321676408413,5.5));
#2066=CARTESIAN_POINT('Ctrl Pts',(17.8857987263415,0.815293557194614,0.));
#2067=CARTESIAN_POINT('Ctrl Pts',(17.8857987263415,0.815293557194614,5.5));
#2068=CARTESIAN_POINT('',(19.3154467468551,1.62083646675292,0.6));
#2069=CARTESIAN_POINT('Ctrl Pts',(17.8857987263415,0.815293557194614,0.6));
#2070=CARTESIAN_POINT('Ctrl Pts',(18.1611639878249,0.85321676408413,0.6));
#2071=CARTESIAN_POINT('Ctrl Pts',(18.4365292493083,0.891139970973646,0.6));
#2072=CARTESIAN_POINT('Ctrl Pts',(18.6661119196514,1.01282007468997,0.6));
#2073=CARTESIAN_POINT('Ctrl Pts',(18.9198345919692,1.14729451492828,0.6));
#2074=CARTESIAN_POINT('Ctrl Pts',(19.1176406694121,1.3840654908406,0.6));
#2075=CARTESIAN_POINT('Ctrl Pts',(19.3154467468551,1.62083646675292,0.6));
#2076=CARTESIAN_POINT('',(19.3154467468551,1.62083646675292,0.));
#2077=CARTESIAN_POINT('Ctrl Pts',(19.3154467468551,1.62083646675292,0.));
#2078=CARTESIAN_POINT('Ctrl Pts',(19.1176406694121,1.3840654908406,0.));
#2079=CARTESIAN_POINT('Ctrl Pts',(18.7408484294216,0.93305070134579,0.));
#2080=CARTESIAN_POINT('Ctrl Pts',(18.1611639878249,0.85321676408413,0.));
#2081=CARTESIAN_POINT('Ctrl Pts',(17.8857987263415,0.815293557194614,0.));
#2082=CARTESIAN_POINT('',(19.3154467468551,1.62083646675292,0.));
#2083=CARTESIAN_POINT('Ctrl Pts',(19.921696620996,4.88965629223211,0.));
#2084=CARTESIAN_POINT('Ctrl Pts',(19.921696620996,4.88965629223211,5.5));
#2085=CARTESIAN_POINT('Ctrl Pts',(19.9221108106653,4.19613989250296,0.));
#2086=CARTESIAN_POINT('Ctrl Pts',(19.9221108106653,4.19613989250296,5.5));
#2087=CARTESIAN_POINT('Ctrl Pts',(19.9227878166912,3.06256555083597,0.));
#2088=CARTESIAN_POINT('Ctrl Pts',(19.9227878166912,3.06256555083597,5.5));
#2089=CARTESIAN_POINT('Ctrl Pts',(19.4852864635608,2.02400837685136,0.));
#2090=CARTESIAN_POINT('Ctrl Pts',(19.4852864635608,2.02400837685136,5.5));
#2091=CARTESIAN_POINT('Ctrl Pts',(19.3154467468551,1.62083646675292,0.));
#2092=CARTESIAN_POINT('Ctrl Pts',(19.3154467468551,1.62083646675292,5.5));
#2093=CARTESIAN_POINT('Ctrl Pts',(19.3154467468551,1.62083646675292,0.6));
#2094=CARTESIAN_POINT('Ctrl Pts',(19.4852864635608,2.02400837685136,0.6));
#2095=CARTESIAN_POINT('Ctrl Pts',(19.6551261802665,2.42718028694979,0.6));
#2096=CARTESIAN_POINT('Ctrl Pts',(19.7589314360054,2.84467149721308,0.6));
#2097=CARTESIAN_POINT('Ctrl Pts',(19.9225250003346,3.50262349277382,0.6));
#2098=CARTESIAN_POINT('Ctrl Pts',(19.9221108106653,4.19613989250296,0.6));
#2099=CARTESIAN_POINT('Ctrl Pts',(19.921696620996,4.88965629223211,0.6));
#2100=CARTESIAN_POINT('Ctrl Pts',(19.921696620996,4.88965629223211,0.));
#2101=CARTESIAN_POINT('Ctrl Pts',(19.9221108106653,4.19613989250296,0.));
#2102=CARTESIAN_POINT('Ctrl Pts',(19.9227878166912,3.06256555083597,0.));
#2103=CARTESIAN_POINT('Ctrl Pts',(19.4852864635608,2.02400837685136,0.));
#2104=CARTESIAN_POINT('Ctrl Pts',(19.3154467468551,1.62083646675292,0.));
#2105=CARTESIAN_POINT('Origin',(11.2470805187714,1.05776542300557,0.6));
#2106=CARTESIAN_POINT('Origin',(-20.7529194812286,1.05776542300557,0.));
#2107=CARTESIAN_POINT('Ctrl Pts',(19.3752599843815,8.1758162501267,0.));
#2108=CARTESIAN_POINT('Ctrl Pts',(19.3752599843815,8.1758162501267,0.66));
#2109=CARTESIAN_POINT('Ctrl Pts',(19.5376780033709,7.77017395176146,0.));
#2110=CARTESIAN_POINT('Ctrl Pts',(19.5376780033709,7.77017395176146,0.66));
#2111=CARTESIAN_POINT('Ctrl Pts',(19.9574405154187,6.72180855970617,0.));
#2112=CARTESIAN_POINT('Ctrl Pts',(19.9574405154187,6.72180855970617,0.66));
#2113=CARTESIAN_POINT('Ctrl Pts',(19.9352816146835,5.5859927544505,0.));
#2114=CARTESIAN_POINT('Ctrl Pts',(19.9352816146835,5.5859927544505,0.66));
#2115=CARTESIAN_POINT('Ctrl Pts',(19.921696620996,4.88965629223211,0.));
#2116=CARTESIAN_POINT('Ctrl Pts',(19.921696620996,4.88965629223211,0.66));
#2117=CARTESIAN_POINT('',(19.921696620996,4.88965629223211,0.6));
#2118=CARTESIAN_POINT('',(19.3752599843815,8.1758162501267,0.6));
#2119=CARTESIAN_POINT('Ctrl Pts',(19.921696620996,4.88965629223211,0.6));
#2120=CARTESIAN_POINT('Ctrl Pts',(19.9352816146835,5.5859927544505,0.6));
#2121=CARTESIAN_POINT('Ctrl Pts',(19.948866608371,6.28232921666889,0.6));
#2122=CARTESIAN_POINT('Ctrl Pts',(19.7963524163998,6.94579684294057,0.6));
#2123=CARTESIAN_POINT('Ctrl Pts',(19.7000960223603,7.36453165339622,0.6));
#2124=CARTESIAN_POINT('Ctrl Pts',(19.5376780033709,7.77017395176146,0.6));
#2125=CARTESIAN_POINT('Ctrl Pts',(19.3752599843815,8.1758162501267,0.6));
#2126=CARTESIAN_POINT('',(19.3752599843815,8.1758162501267,0.));
#2127=CARTESIAN_POINT('',(19.3752599843815,8.1758162501267,0.));
#2128=CARTESIAN_POINT('',(19.921696620996,4.88965629223211,0.));
#2129=CARTESIAN_POINT('Ctrl Pts',(19.921696620996,4.88965629223211,0.));
#2130=CARTESIAN_POINT('Ctrl Pts',(19.9352816146835,5.5859927544505,0.));
#2131=CARTESIAN_POINT('Ctrl Pts',(19.9574405154187,6.72180855970617,0.));
#2132=CARTESIAN_POINT('Ctrl Pts',(19.5376780033709,7.77017395176146,0.));
#2133=CARTESIAN_POINT('Ctrl Pts',(19.3752599843815,8.1758162501267,0.));
#2134=CARTESIAN_POINT('',(19.921696620996,4.88965629223211,0.));
#2135=CARTESIAN_POINT('Ctrl Pts',(17.9468457293809,9.00061652684091,0.));
#2136=CARTESIAN_POINT('Ctrl Pts',(17.9468457293809,9.00061652684091,0.66));
#2137=CARTESIAN_POINT('Ctrl Pts',(18.2249632201097,8.95873489479752,0.));
#2138=CARTESIAN_POINT('Ctrl Pts',(18.2249632201097,8.95873489479752,0.66));
#2139=CARTESIAN_POINT('Ctrl Pts',(18.8065103629301,8.8711598796927,0.));
#2140=CARTESIAN_POINT('Ctrl Pts',(18.8065103629301,8.8711598796927,0.66));
#2141=CARTESIAN_POINT('Ctrl Pts',(19.1802543065418,8.41422688057074,0.));
#2142=CARTESIAN_POINT('Ctrl Pts',(19.1802543065418,8.41422688057074,0.66));
#2143=CARTESIAN_POINT('Ctrl Pts',(19.3752599843815,8.1758162501267,0.));
#2144=CARTESIAN_POINT('Ctrl Pts',(19.3752599843815,8.1758162501267,0.66));
#2145=CARTESIAN_POINT('',(17.9468457293809,9.00061652684091,0.6));
#2146=CARTESIAN_POINT('Ctrl Pts',(19.3752599843815,8.1758162501267,0.6));
#2147=CARTESIAN_POINT('Ctrl Pts',(19.1802543065418,8.41422688057074,0.6));
#2148=CARTESIAN_POINT('Ctrl Pts',(18.9852486287021,8.65263751101478,0.6));
#2149=CARTESIAN_POINT('Ctrl Pts',(18.7336713569825,8.79049545532274,0.6));
#2150=CARTESIAN_POINT('Ctrl Pts',(18.5030807108385,8.91685326275413,0.6));
#2151=CARTESIAN_POINT('Ctrl Pts',(18.2249632201097,8.95873489479752,0.6));
#2152=CARTESIAN_POINT('Ctrl Pts',(17.9468457293809,9.00061652684091,0.6));
#2153=CARTESIAN_POINT('',(17.9468457293809,9.00061652684091,0.));
#2154=CARTESIAN_POINT('',(17.9468457293809,9.00061652684091,0.));
#2155=CARTESIAN_POINT('Ctrl Pts',(19.3752599843815,8.1758162501267,0.));
#2156=CARTESIAN_POINT('Ctrl Pts',(19.1802543065418,8.41422688057074,0.));
#2157=CARTESIAN_POINT('Ctrl Pts',(18.8065103629301,8.8711598796927,0.));
#2158=CARTESIAN_POINT('Ctrl Pts',(18.2249632201097,8.95873489479752,0.));
#2159=CARTESIAN_POINT('Ctrl Pts',(17.9468457293809,9.00061652684091,0.));
#2160=CARTESIAN_POINT('Ctrl Pts',(16.5897528583378,8.29673553913256,0.));
#2161=CARTESIAN_POINT('Ctrl Pts',(16.5897528583378,8.29673553913256,0.66));
#2162=CARTESIAN_POINT('Ctrl Pts',(16.772613089056,8.50397073415767,0.));
#2163=CARTESIAN_POINT('Ctrl Pts',(16.772613089056,8.50397073415767,0.66));
#2164=CARTESIAN_POINT('Ctrl Pts',(17.1345357939183,8.91413713300546,0.));
#2165=CARTESIAN_POINT('Ctrl Pts',(17.1345357939183,8.91413713300546,0.66));
#2166=CARTESIAN_POINT('Ctrl Pts',(17.6779765764719,8.97199242617497,0.));
#2167=CARTESIAN_POINT('Ctrl Pts',(17.6779765764719,8.97199242617497,0.66));
#2168=CARTESIAN_POINT('Ctrl Pts',(17.9468457293809,9.00061652684091,0.));
#2169=CARTESIAN_POINT('Ctrl Pts',(17.9468457293809,9.00061652684091,0.66));
#2170=CARTESIAN_POINT('',(16.5897528583378,8.29673553913256,0.6));
#2171=CARTESIAN_POINT('Ctrl Pts',(17.9468457293809,9.00061652684091,0.6));
#2172=CARTESIAN_POINT('Ctrl Pts',(17.6779765764719,8.97199242617497,0.6));
#2173=CARTESIAN_POINT('Ctrl Pts',(17.4091074235629,8.94336832550904,0.6));
#2174=CARTESIAN_POINT('Ctrl Pts',(17.1846704266868,8.82850519995515,0.6));
#2175=CARTESIAN_POINT('Ctrl Pts',(16.9554733197742,8.71120592918279,0.6));
#2176=CARTESIAN_POINT('Ctrl Pts',(16.772613089056,8.50397073415767,0.6));
#2177=CARTESIAN_POINT('Ctrl Pts',(16.5897528583378,8.29673553913256,0.6));
#2178=CARTESIAN_POINT('',(16.5897528583378,8.29673553913256,0.));
#2179=CARTESIAN_POINT('',(16.5897528583378,8.29673553913256,0.));
#2180=CARTESIAN_POINT('Ctrl Pts',(17.9468457293809,9.00061652684091,0.));
#2181=CARTESIAN_POINT('Ctrl Pts',(17.6779765764719,8.97199242617497,0.));
#2182=CARTESIAN_POINT('Ctrl Pts',(17.1345357939183,8.91413713300546,0.));
#2183=CARTESIAN_POINT('Ctrl Pts',(16.772613089056,8.50397073415767,0.));
#2184=CARTESIAN_POINT('Ctrl Pts',(16.5897528583378,8.29673553913256,0.));
#2185=CARTESIAN_POINT('Ctrl Pts',(15.9245907699516,4.92612930200297,0.));
#2186=CARTESIAN_POINT('Ctrl Pts',(15.9245907699516,4.92612930200297,0.66));
#2187=CARTESIAN_POINT('Ctrl Pts',(15.9282214597671,5.62997883433284,0.));
#2188=CARTESIAN_POINT('Ctrl Pts',(15.9282214597671,5.62997883433284,0.66));
#2189=CARTESIAN_POINT('Ctrl Pts',(15.934268775932,6.80231821634723,0.));
#2190=CARTESIAN_POINT('Ctrl Pts',(15.934268775932,6.80231821634723,0.66));
#2191=CARTESIAN_POINT('Ctrl Pts',(16.4025989282979,7.87004924333032,0.));
#2192=CARTESIAN_POINT('Ctrl Pts',(16.4025989282979,7.87004924333032,0.66));
#2193=CARTESIAN_POINT('Ctrl Pts',(16.5897528583378,8.29673553913256,0.));
#2194=CARTESIAN_POINT('Ctrl Pts',(16.5897528583378,8.29673553913256,0.66));
#2195=CARTESIAN_POINT('',(15.9245907699516,4.92612930200297,0.6));
#2196=CARTESIAN_POINT('Ctrl Pts',(16.5897528583378,8.29673553913256,0.6));
#2197=CARTESIAN_POINT('Ctrl Pts',(16.3217422351418,7.68570663889658,0.6));
#2198=CARTESIAN_POINT('Ctrl Pts',(16.1348909139167,7.25971025131176,0.6));
#2199=CARTESIAN_POINT('Ctrl Pts',(15.9306380861166,6.09846868401735,0.6));
#2200=CARTESIAN_POINT('Ctrl Pts',(15.9276144280341,5.51229899301015,0.6));
#2201=CARTESIAN_POINT('Ctrl Pts',(15.9245907699516,4.92612930200297,0.6));
#2202=CARTESIAN_POINT('',(15.9245907699516,4.92612930200297,0.));
#2203=CARTESIAN_POINT('',(15.9245907699516,4.92612930200297,0.));
#2204=CARTESIAN_POINT('Ctrl Pts',(16.5897528583378,8.29673553913256,0.));
#2205=CARTESIAN_POINT('Ctrl Pts',(16.4025989282979,7.87004924333032,0.));
#2206=CARTESIAN_POINT('Ctrl Pts',(15.934268775932,6.80231821634723,0.));
#2207=CARTESIAN_POINT('Ctrl Pts',(15.9282214597671,5.62997883433284,0.));
#2208=CARTESIAN_POINT('Ctrl Pts',(15.9245907699516,4.92612930200297,0.));
#2209=CARTESIAN_POINT('Ctrl Pts',(21.1835805141508,4.87814178516628,0.));
#2210=CARTESIAN_POINT('Ctrl Pts',(21.1835805141508,4.87814178516628,0.66));
#2211=CARTESIAN_POINT('Ctrl Pts',(21.1838624827192,5.3244998415335,0.));
#2212=CARTESIAN_POINT('Ctrl Pts',(21.1838624827192,5.3244998415335,0.66));
#2213=CARTESIAN_POINT('Ctrl Pts',(21.1843646293807,6.11940123453959,0.));
#2214=CARTESIAN_POINT('Ctrl Pts',(21.1843646293807,6.11940123453959,0.66));
#2215=CARTESIAN_POINT('Ctrl Pts',(21.0423320838963,6.90097312935466,0.));
#2216=CARTESIAN_POINT('Ctrl Pts',(21.0423320838963,6.90097312935466,0.66));
#2217=CARTESIAN_POINT('Ctrl Pts',(20.9800545514249,7.24367183190923,0.));
#2218=CARTESIAN_POINT('Ctrl Pts',(20.9800545514249,7.24367183190923,0.66));
#2219=CARTESIAN_POINT('',(20.9800545514249,7.24367183190923,0.6));
#2220=CARTESIAN_POINT('',(21.1835805141508,4.87814178516628,0.6));
#2221=CARTESIAN_POINT('Ctrl Pts',(20.9800545514249,7.24367183190923,0.6));
#2222=CARTESIAN_POINT('Ctrl Pts',(21.0423320838963,6.90097312935466,0.6));
#2223=CARTESIAN_POINT('Ctrl Pts',(21.1046096163676,6.5582744268001,0.6));
#2224=CARTESIAN_POINT('Ctrl Pts',(21.1394835478841,6.21301300604791,0.6));
#2225=CARTESIAN_POINT('Ctrl Pts',(21.1841444512877,5.77085789790073,0.6));
#2226=CARTESIAN_POINT('Ctrl Pts',(21.1838624827192,5.3244998415335,0.6));
#2227=CARTESIAN_POINT('Ctrl Pts',(21.1835805141508,4.87814178516628,0.6));
#2228=CARTESIAN_POINT('',(21.1835805141508,4.87814178516628,0.));
#2229=CARTESIAN_POINT('',(21.1835805141508,4.87814178516628,0.));
#2230=CARTESIAN_POINT('',(20.9800545514249,7.24367183190923,0.));
#2231=CARTESIAN_POINT('Ctrl Pts',(20.9800545514249,7.24367183190923,0.));
#2232=CARTESIAN_POINT('Ctrl Pts',(21.0423320838963,6.90097312935466,0.));
#2233=CARTESIAN_POINT('Ctrl Pts',(21.1843646293807,6.11940123453959,0.));
#2234=CARTESIAN_POINT('Ctrl Pts',(21.1838624827192,5.3244998415335,0.));
#2235=CARTESIAN_POINT('Ctrl Pts',(21.1835805141508,4.87814178516628,0.));
#2236=CARTESIAN_POINT('',(20.9800545514249,7.24367183190923,0.));
#2237=CARTESIAN_POINT('Ctrl Pts',(20.7961451398134,2.0404944674463,0.));
#2238=CARTESIAN_POINT('Ctrl Pts',(20.7961451398134,2.0404944674463,0.66));
#2239=CARTESIAN_POINT('Ctrl Pts',(20.9050499562838,2.45446491623817,0.));
#2240=CARTESIAN_POINT('Ctrl Pts',(20.9050499562838,2.45446491623817,0.66));
#2241=CARTESIAN_POINT('Ctrl Pts',(21.1494815433289,3.38360154276687,0.));
#2242=CARTESIAN_POINT('Ctrl Pts',(21.1494815433289,3.38360154276687,0.66));
#2243=CARTESIAN_POINT('Ctrl Pts',(21.1714178039413,4.34505649177983,0.));
#2244=CARTESIAN_POINT('Ctrl Pts',(21.1714178039413,4.34505649177983,0.66));
#2245=CARTESIAN_POINT('Ctrl Pts',(21.1835805141508,4.87814178516628,0.));
#2246=CARTESIAN_POINT('Ctrl Pts',(21.1835805141508,4.87814178516628,0.66));
#2247=CARTESIAN_POINT('',(20.7961451398134,2.0404944674463,0.6));
#2248=CARTESIAN_POINT('Ctrl Pts',(21.1835805141508,4.87814178516628,0.6));
#2249=CARTESIAN_POINT('Ctrl Pts',(21.1714178039413,4.34505649177983,0.6));
#2250=CARTESIAN_POINT('Ctrl Pts',(21.1592550937318,3.81197119839337,0.6));
#2251=CARTESIAN_POINT('Ctrl Pts',(21.0786923338053,3.2888212816287,0.6));
#2252=CARTESIAN_POINT('Ctrl Pts',(21.0139547727542,2.86843536503006,0.6));
#2253=CARTESIAN_POINT('Ctrl Pts',(20.9050499562838,2.45446491623817,0.6));
#2254=CARTESIAN_POINT('Ctrl Pts',(20.7961451398134,2.0404944674463,0.6));
#2255=CARTESIAN_POINT('',(20.7961451398134,2.0404944674463,0.));
#2256=CARTESIAN_POINT('',(20.7961451398134,2.0404944674463,0.));
#2257=CARTESIAN_POINT('Ctrl Pts',(21.1835805141508,4.87814178516628,0.));
#2258=CARTESIAN_POINT('Ctrl Pts',(21.1714178039413,4.34505649177983,0.));
#2259=CARTESIAN_POINT('Ctrl Pts',(21.1494815433289,3.38360154276687,0.));
#2260=CARTESIAN_POINT('Ctrl Pts',(20.9050499562838,2.45446491623817,0.));
#2261=CARTESIAN_POINT('Ctrl Pts',(20.7961451398134,2.0404944674463,0.));
#2262=CARTESIAN_POINT('Ctrl Pts',(19.6997677824418,0.379215670129687,0.));
#2263=CARTESIAN_POINT('Ctrl Pts',(19.6997677824418,0.379215670129687,0.66));
#2264=CARTESIAN_POINT('Ctrl Pts',(19.9296012262394,0.60306355329337,0.));
#2265=CARTESIAN_POINT('Ctrl Pts',(19.9296012262394,0.60306355329337,0.66));
#2266=CARTESIAN_POINT('Ctrl Pts',(20.4153160720759,1.07612890994983,0.));
#2267=CARTESIAN_POINT('Ctrl Pts',(20.4153160720759,1.07612890994983,0.66));
#2268=CARTESIAN_POINT('Ctrl Pts',(20.6647433479772,1.70774843260969,0.));
#2269=CARTESIAN_POINT('Ctrl Pts',(20.6647433479772,1.70774843260969,0.66));
#2270=CARTESIAN_POINT('Ctrl Pts',(20.7961451398134,2.0404944674463,0.));
#2271=CARTESIAN_POINT('Ctrl Pts',(20.7961451398134,2.0404944674463,0.66));
#2272=CARTESIAN_POINT('',(19.6997677824418,0.379215670129687,0.6));
#2273=CARTESIAN_POINT('Ctrl Pts',(20.7961451398134,2.0404944674463,0.6));
#2274=CARTESIAN_POINT('Ctrl Pts',(20.6647433479772,1.70774843260969,0.6));
#2275=CARTESIAN_POINT('Ctrl Pts',(20.533341556141,1.37500239777308,0.6));
#2276=CARTESIAN_POINT('Ctrl Pts',(20.3363621574909,1.08626038210568,0.6));
#2277=CARTESIAN_POINT('Ctrl Pts',(20.1594346700369,0.826911436457055,0.6));
#2278=CARTESIAN_POINT('Ctrl Pts',(19.9296012262394,0.60306355329337,0.6));
#2279=CARTESIAN_POINT('Ctrl Pts',(19.6997677824418,0.379215670129687,0.6));
#2280=CARTESIAN_POINT('',(19.6997677824418,0.379215670129687,0.));
#2281=CARTESIAN_POINT('',(19.6997677824418,0.379215670129687,0.));
#2282=CARTESIAN_POINT('Ctrl Pts',(20.7961451398134,2.0404944674463,0.));
#2283=CARTESIAN_POINT('Ctrl Pts',(20.6647433479772,1.70774843260969,0.));
#2284=CARTESIAN_POINT('Ctrl Pts',(20.4153160720759,1.07612890994983,0.));
#2285=CARTESIAN_POINT('Ctrl Pts',(19.9296012262394,0.60306355329337,0.));
#2286=CARTESIAN_POINT('Ctrl Pts',(19.6997677824418,0.379215670129687,0.));
#2287=CARTESIAN_POINT('Ctrl Pts',(17.8765871119871,-0.194214510963795,0.));
#2288=CARTESIAN_POINT('Ctrl Pts',(17.8765871119871,-0.194214510963795,0.66));
#2289=CARTESIAN_POINT('Ctrl Pts',(18.2210638635623,-0.1775239133804,0.));
#2290=CARTESIAN_POINT('Ctrl Pts',(18.2210638635623,-0.1775239133804,0.66));
#2291=CARTESIAN_POINT('Ctrl Pts',(18.8802707283144,-0.145584003202193,0.));
#2292=CARTESIAN_POINT('Ctrl Pts',(18.8802707283144,-0.145584003202193,0.66));
#2293=CARTESIAN_POINT('Ctrl Pts',(19.4349453078479,0.209625373913418,0.));
#2294=CARTESIAN_POINT('Ctrl Pts',(19.4349453078479,0.209625373913418,0.66));
#2295=CARTESIAN_POINT('Ctrl Pts',(19.6997677824418,0.379215670129687,0.));
#2296=CARTESIAN_POINT('Ctrl Pts',(19.6997677824418,0.379215670129687,0.66));
#2297=CARTESIAN_POINT('',(17.8765871119871,-0.194214510963795,0.6));
#2298=CARTESIAN_POINT('Ctrl Pts',(19.6997677824418,0.379215670129687,0.6));
#2299=CARTESIAN_POINT('Ctrl Pts',(19.4349453078479,0.209625373913418,0.6));
#2300=CARTESIAN_POINT('Ctrl Pts',(19.170122833254,0.040035077697153,0.6));
#2301=CARTESIAN_POINT('Ctrl Pts',(18.8814725777623,-0.0558670367959323,
0.6));
#2302=CARTESIAN_POINT('Ctrl Pts',(18.5655406151375,-0.160833315797001,0.6));
#2303=CARTESIAN_POINT('Ctrl Pts',(18.2210638635623,-0.1775239133804,0.6));
#2304=CARTESIAN_POINT('Ctrl Pts',(17.8765871119871,-0.194214510963795,0.6));
#2305=CARTESIAN_POINT('',(17.8765871119871,-0.194214510963795,0.));
#2306=CARTESIAN_POINT('',(17.8765871119871,-0.194214510963795,0.));
#2307=CARTESIAN_POINT('Ctrl Pts',(19.6997677824418,0.379215670129687,0.));
#2308=CARTESIAN_POINT('Ctrl Pts',(19.4349453078479,0.209625373913418,0.));
#2309=CARTESIAN_POINT('Ctrl Pts',(18.8802707283144,-0.145584003202193,0.));
#2310=CARTESIAN_POINT('Ctrl Pts',(18.2210638635623,-0.1775239133804,0.));
#2311=CARTESIAN_POINT('Ctrl Pts',(17.8765871119871,-0.194214510963795,0.));
#2312=CARTESIAN_POINT('Ctrl Pts',(15.6146545417088,0.863304367899325,0.));
#2313=CARTESIAN_POINT('Ctrl Pts',(15.6146545417088,0.863304367899325,0.66));
#2314=CARTESIAN_POINT('Ctrl Pts',(15.9187222797746,0.558161506638217,0.));
#2315=CARTESIAN_POINT('Ctrl Pts',(15.9187222797746,0.558161506638217,0.66));
#2316=CARTESIAN_POINT('Ctrl Pts',(16.5427025339348,-0.0680250179039676,
0.));
#2317=CARTESIAN_POINT('Ctrl Pts',(16.5427025339348,-0.0680250179039676,
0.66));
#2318=CARTESIAN_POINT('Ctrl Pts',(17.4244951106583,-0.151445247863551,0.));
#2319=CARTESIAN_POINT('Ctrl Pts',(17.4244951106583,-0.151445247863551,0.66));
#2320=CARTESIAN_POINT('Ctrl Pts',(17.8765871119871,-0.194214510963795,0.));
#2321=CARTESIAN_POINT('Ctrl Pts',(17.8765871119871,-0.194214510963795,0.66));
#2322=CARTESIAN_POINT('',(15.6146545417088,0.863304367899325,0.6));
#2323=CARTESIAN_POINT('Ctrl Pts',(17.8765871119871,-0.194214510963795,0.6));
#2324=CARTESIAN_POINT('Ctrl Pts',(17.4244951106583,-0.151445247863551,0.6));
#2325=CARTESIAN_POINT('Ctrl Pts',(16.9724031093296,-0.108675984763304,0.6));
#2326=CARTESIAN_POINT('Ctrl Pts',(16.5880790724764,0.076763599926365,0.6));
#2327=CARTESIAN_POINT('Ctrl Pts',(16.2227900178405,0.253018645377105,0.6));
#2328=CARTESIAN_POINT('Ctrl Pts',(15.9187222797746,0.558161506638217,0.6));
#2329=CARTESIAN_POINT('Ctrl Pts',(15.6146545417088,0.863304367899325,0.6));
#2330=CARTESIAN_POINT('',(15.6146545417088,0.863304367899325,0.));
#2331=CARTESIAN_POINT('',(15.6146545417088,0.863304367899325,0.));
#2332=CARTESIAN_POINT('Ctrl Pts',(17.8765871119871,-0.194214510963795,0.));
#2333=CARTESIAN_POINT('Ctrl Pts',(17.4244951106583,-0.151445247863551,0.));
#2334=CARTESIAN_POINT('Ctrl Pts',(16.5427025339348,-0.0680250179039676,
0.));
#2335=CARTESIAN_POINT('Ctrl Pts',(15.9187222797746,0.558161506638217,0.));
#2336=CARTESIAN_POINT('Ctrl Pts',(15.6146545417088,0.863304367899325,0.));
#2337=CARTESIAN_POINT('Ctrl Pts',(14.6627056847536,4.93764381994602,0.));
#2338=CARTESIAN_POINT('Ctrl Pts',(14.6627056847536,4.93764381994602,0.66));
#2339=CARTESIAN_POINT('Ctrl Pts',(14.6650048351322,4.10971662997474,0.));
#2340=CARTESIAN_POINT('Ctrl Pts',(14.6650048351322,4.10971662997474,0.66));
#2341=CARTESIAN_POINT('Ctrl Pts',(14.669002206909,2.67025759625105,0.));
#2342=CARTESIAN_POINT('Ctrl Pts',(14.669002206909,2.67025759625105,0.66));
#2343=CARTESIAN_POINT('Ctrl Pts',(15.3326949668517,1.40207294626965,0.));
#2344=CARTESIAN_POINT('Ctrl Pts',(15.3326949668517,1.40207294626965,0.66));
#2345=CARTESIAN_POINT('Ctrl Pts',(15.6146545417088,0.863304367899325,0.));
#2346=CARTESIAN_POINT('Ctrl Pts',(15.6146545417088,0.863304367899325,0.66));
#2347=CARTESIAN_POINT('',(14.6627056847536,4.93764381994602,0.6));
#2348=CARTESIAN_POINT('Ctrl Pts',(15.6146545417088,0.863304367899325,0.6));
#2349=CARTESIAN_POINT('Ctrl Pts',(15.3326949668517,1.40207294626965,0.6));
#2350=CARTESIAN_POINT('Ctrl Pts',(15.0507353919946,1.94084152463997,0.6));
#2351=CARTESIAN_POINT('Ctrl Pts',(14.8878405061617,2.51052244771345,0.6));
#2352=CARTESIAN_POINT('Ctrl Pts',(14.6673039855108,3.28178944000345,0.6));
#2353=CARTESIAN_POINT('Ctrl Pts',(14.6650048351322,4.10971662997474,0.6));
#2354=CARTESIAN_POINT('Ctrl Pts',(14.6627056847536,4.93764381994602,0.6));
#2355=CARTESIAN_POINT('',(14.6627056847536,4.93764381994602,0.));
#2356=CARTESIAN_POINT('',(14.6627056847536,4.93764381994602,0.));
#2357=CARTESIAN_POINT('Ctrl Pts',(15.6146545417088,0.863304367899325,0.));
#2358=CARTESIAN_POINT('Ctrl Pts',(15.3326949668517,1.40207294626965,0.));
#2359=CARTESIAN_POINT('Ctrl Pts',(14.669002206909,2.67025759625105,0.));
#2360=CARTESIAN_POINT('Ctrl Pts',(14.6650048351322,4.10971662997474,0.));
#2361=CARTESIAN_POINT('Ctrl Pts',(14.6627056847536,4.93764381994602,0.));
#2362=CARTESIAN_POINT('Ctrl Pts',(16.4710585317355,1.64338037592551,0.));
#2363=CARTESIAN_POINT('Ctrl Pts',(16.4710585317355,1.64338037592551,0.66));
#2364=CARTESIAN_POINT('Ctrl Pts',(16.3086223604762,2.04930354703301,0.));
#2365=CARTESIAN_POINT('Ctrl Pts',(16.3086223604762,2.04930354703301,0.66));
#2366=CARTESIAN_POINT('Ctrl Pts',(15.8895030721152,3.09667020979532,0.));
#2367=CARTESIAN_POINT('Ctrl Pts',(15.8895030721152,3.09667020979532,0.66));
#2368=CARTESIAN_POINT('Ctrl Pts',(15.9112637684793,4.23126456254365,0.));
#2369=CARTESIAN_POINT('Ctrl Pts',(15.9112637684793,4.23126456254365,0.66));
#2370=CARTESIAN_POINT('Ctrl Pts',(15.9245907699516,4.92612930200297,0.));
#2371=CARTESIAN_POINT('Ctrl Pts',(15.9245907699516,4.92612930200297,0.66));
#2372=CARTESIAN_POINT('',(16.4710585317355,1.64338037592551,0.6));
#2373=CARTESIAN_POINT('Ctrl Pts',(15.9245907699516,4.92612930200297,0.6));
#2374=CARTESIAN_POINT('Ctrl Pts',(15.9137104217695,4.35883212562875,0.6));
#2375=CARTESIAN_POINT('Ctrl Pts',(15.9028300735875,3.79153494925462,0.6));
#2376=CARTESIAN_POINT('Ctrl Pts',(16.0665578973016,2.65421545638454,0.6));
#2377=CARTESIAN_POINT('Ctrl Pts',(16.2319786320481,2.24083394970017,0.6));
#2378=CARTESIAN_POINT('Ctrl Pts',(16.4710585317355,1.64338037592551,0.6));
#2379=CARTESIAN_POINT('',(16.4710585317355,1.64338037592551,0.));
#2380=CARTESIAN_POINT('',(16.4710585317355,1.64338037592551,0.));
#2381=CARTESIAN_POINT('Ctrl Pts',(15.9245907699516,4.92612930200297,0.));
#2382=CARTESIAN_POINT('Ctrl Pts',(15.9112637684793,4.23126456254365,0.));
#2383=CARTESIAN_POINT('Ctrl Pts',(15.8895030721152,3.09667020979532,0.));
#2384=CARTESIAN_POINT('Ctrl Pts',(16.3086223604762,2.04930354703301,0.));
#2385=CARTESIAN_POINT('Ctrl Pts',(16.4710585317355,1.64338037592551,0.));
#2386=CARTESIAN_POINT('Ctrl Pts',(17.8857987263415,0.815293557194614,0.));
#2387=CARTESIAN_POINT('Ctrl Pts',(17.8857987263415,0.815293557194614,0.66));
#2388=CARTESIAN_POINT('Ctrl Pts',(17.611234136664,0.857966200920601,0.));
#2389=CARTESIAN_POINT('Ctrl Pts',(17.611234136664,0.857966200920601,0.66));
#2390=CARTESIAN_POINT('Ctrl Pts',(17.0337557037297,0.947717510282773,0.));
#2391=CARTESIAN_POINT('Ctrl Pts',(17.0337557037297,0.947717510282773,0.66));
#2392=CARTESIAN_POINT('Ctrl Pts',(16.664664004623,1.40402580871538,0.));
#2393=CARTESIAN_POINT('Ctrl Pts',(16.664664004623,1.40402580871538,0.66));
#2394=CARTESIAN_POINT('Ctrl Pts',(16.4710585317355,1.64338037592551,0.));
#2395=CARTESIAN_POINT('Ctrl Pts',(16.4710585317355,1.64338037592551,0.66));
#2396=CARTESIAN_POINT('',(17.8857987263415,0.815293557194614,0.6));
#2397=CARTESIAN_POINT('Ctrl Pts',(16.4710585317355,1.64338037592551,0.6));
#2398=CARTESIAN_POINT('Ctrl Pts',(16.664664004623,1.40402580871538,0.6));
#2399=CARTESIAN_POINT('Ctrl Pts',(16.8582694775105,1.16467124150525,0.6));
#2400=CARTESIAN_POINT('Ctrl Pts',(17.1092121887784,1.02617417648005,0.6));
#2401=CARTESIAN_POINT('Ctrl Pts',(17.3366695469864,0.900638844646588,0.6));
#2402=CARTESIAN_POINT('Ctrl Pts',(17.611234136664,0.857966200920601,0.6));
#2403=CARTESIAN_POINT('Ctrl Pts',(17.8857987263415,0.815293557194614,0.6));
#2404=CARTESIAN_POINT('',(17.8857987263415,0.815293557194614,0.));
#2405=CARTESIAN_POINT('',(17.8857987263415,0.815293557194614,0.));
#2406=CARTESIAN_POINT('Ctrl Pts',(16.4710585317355,1.64338037592551,0.));
#2407=CARTESIAN_POINT('Ctrl Pts',(16.664664004623,1.40402580871538,0.));
#2408=CARTESIAN_POINT('Ctrl Pts',(17.0337557037297,0.947717510282773,0.));
#2409=CARTESIAN_POINT('Ctrl Pts',(17.611234136664,0.857966200920601,0.));
#2410=CARTESIAN_POINT('Ctrl Pts',(17.8857987263415,0.815293557194614,0.));
#2411=CARTESIAN_POINT('Ctrl Pts',(19.3154467468551,1.62083646675292,0.));
#2412=CARTESIAN_POINT('Ctrl Pts',(19.3154467468551,1.62083646675292,0.66));
#2413=CARTESIAN_POINT('Ctrl Pts',(19.1176406694121,1.3840654908406,0.));
#2414=CARTESIAN_POINT('Ctrl Pts',(19.1176406694121,1.3840654908406,0.66));
#2415=CARTESIAN_POINT('Ctrl Pts',(18.7408484294216,0.93305070134579,0.));
#2416=CARTESIAN_POINT('Ctrl Pts',(18.7408484294216,0.93305070134579,0.66));
#2417=CARTESIAN_POINT('Ctrl Pts',(18.1611639878249,0.85321676408413,0.));
#2418=CARTESIAN_POINT('Ctrl Pts',(18.1611639878249,0.85321676408413,0.66));
#2419=CARTESIAN_POINT('Ctrl Pts',(17.8857987263415,0.815293557194614,0.));
#2420=CARTESIAN_POINT('Ctrl Pts',(17.8857987263415,0.815293557194614,0.66));
#2421=CARTESIAN_POINT('',(19.3154467468551,1.62083646675292,0.6));
#2422=CARTESIAN_POINT('Ctrl Pts',(17.8857987263415,0.815293557194614,0.6));
#2423=CARTESIAN_POINT('Ctrl Pts',(18.1611639878249,0.85321676408413,0.6));
#2424=CARTESIAN_POINT('Ctrl Pts',(18.4365292493083,0.891139970973646,0.6));
#2425=CARTESIAN_POINT('Ctrl Pts',(18.6661119196514,1.01282007468997,0.6));
#2426=CARTESIAN_POINT('Ctrl Pts',(18.9198345919692,1.14729451492828,0.6));
#2427=CARTESIAN_POINT('Ctrl Pts',(19.1176406694121,1.3840654908406,0.6));
#2428=CARTESIAN_POINT('Ctrl Pts',(19.3154467468551,1.62083646675292,0.6));
#2429=CARTESIAN_POINT('',(19.3154467468551,1.62083646675292,0.));
#2430=CARTESIAN_POINT('',(19.3154467468551,1.62083646675292,0.));
#2431=CARTESIAN_POINT('Ctrl Pts',(17.8857987263415,0.815293557194614,0.));
#2432=CARTESIAN_POINT('Ctrl Pts',(18.1611639878249,0.85321676408413,0.));
#2433=CARTESIAN_POINT('Ctrl Pts',(18.7408484294216,0.93305070134579,0.));
#2434=CARTESIAN_POINT('Ctrl Pts',(19.1176406694121,1.3840654908406,0.));
#2435=CARTESIAN_POINT('Ctrl Pts',(19.3154467468551,1.62083646675292,0.));
#2436=CARTESIAN_POINT('Ctrl Pts',(19.921696620996,4.88965629223211,0.));
#2437=CARTESIAN_POINT('Ctrl Pts',(19.921696620996,4.88965629223211,0.66));
#2438=CARTESIAN_POINT('Ctrl Pts',(19.9221108106653,4.19613989250296,0.));
#2439=CARTESIAN_POINT('Ctrl Pts',(19.9221108106653,4.19613989250296,0.66));
#2440=CARTESIAN_POINT('Ctrl Pts',(19.9227878166912,3.06256555083597,0.));
#2441=CARTESIAN_POINT('Ctrl Pts',(19.9227878166912,3.06256555083597,0.66));
#2442=CARTESIAN_POINT('Ctrl Pts',(19.4852864635608,2.02400837685136,0.));
#2443=CARTESIAN_POINT('Ctrl Pts',(19.4852864635608,2.02400837685136,0.66));
#2444=CARTESIAN_POINT('Ctrl Pts',(19.3154467468551,1.62083646675292,0.));
#2445=CARTESIAN_POINT('Ctrl Pts',(19.3154467468551,1.62083646675292,0.66));
#2446=CARTESIAN_POINT('Ctrl Pts',(19.3154467468551,1.62083646675292,0.6));
#2447=CARTESIAN_POINT('Ctrl Pts',(19.4852864635608,2.02400837685136,0.6));
#2448=CARTESIAN_POINT('Ctrl Pts',(19.6551261802665,2.42718028694979,0.6));
#2449=CARTESIAN_POINT('Ctrl Pts',(19.7589314360054,2.84467149721308,0.6));
#2450=CARTESIAN_POINT('Ctrl Pts',(19.9225250003346,3.50262349277382,0.6));
#2451=CARTESIAN_POINT('Ctrl Pts',(19.9221108106653,4.19613989250296,0.6));
#2452=CARTESIAN_POINT('Ctrl Pts',(19.921696620996,4.88965629223211,0.6));
#2453=CARTESIAN_POINT('Ctrl Pts',(19.3154467468551,1.62083646675292,0.));
#2454=CARTESIAN_POINT('Ctrl Pts',(19.4852864635608,2.02400837685136,0.));
#2455=CARTESIAN_POINT('Ctrl Pts',(19.9227878166912,3.06256555083597,0.));
#2456=CARTESIAN_POINT('Ctrl Pts',(19.9221108106653,4.19613989250296,0.));
#2457=CARTESIAN_POINT('Ctrl Pts',(19.921696620996,4.88965629223211,0.));
#2458=CARTESIAN_POINT('Ctrl Pts',(15.0536771658529,7.78890175023995,0.));
#2459=CARTESIAN_POINT('Ctrl Pts',(15.0536771658529,7.78890175023995,0.66));
#2460=CARTESIAN_POINT('Ctrl Pts',(14.9437795530791,7.37383304398682,0.));
#2461=CARTESIAN_POINT('Ctrl Pts',(14.9437795530791,7.37383304398682,0.66));
#2462=CARTESIAN_POINT('Ctrl Pts',(14.6966539326255,6.4404723551166,0.));
#2463=CARTESIAN_POINT('Ctrl Pts',(14.6966539326255,6.4404723551166,0.66));
#2464=CARTESIAN_POINT('Ctrl Pts',(14.6748264248187,5.474207418337,0.));
#2465=CARTESIAN_POINT('Ctrl Pts',(14.6748264248187,5.474207418337,0.66));
#2466=CARTESIAN_POINT('Ctrl Pts',(14.6627056847536,4.93764381994602,0.));
#2467=CARTESIAN_POINT('Ctrl Pts',(14.6627056847536,4.93764381994602,0.66));
#2468=CARTESIAN_POINT('',(15.0536771658529,7.78890175023995,0.6));
#2469=CARTESIAN_POINT('Ctrl Pts',(14.6627056847536,4.93764381994602,0.6));
#2470=CARTESIAN_POINT('Ctrl Pts',(14.6748264248187,5.474207418337,0.6));
#2471=CARTESIAN_POINT('Ctrl Pts',(14.6869471648838,6.01077101672798,0.6));
#2472=CARTESIAN_POINT('Ctrl Pts',(14.7685395406682,6.53718844967832,0.6));
#2473=CARTESIAN_POINT('Ctrl Pts',(14.8338819403054,6.9587643377337,0.6));
#2474=CARTESIAN_POINT('Ctrl Pts',(14.9437795530791,7.37383304398682,0.6));
#2475=CARTESIAN_POINT('Ctrl Pts',(15.0536771658529,7.78890175023995,0.6));
#2476=CARTESIAN_POINT('',(15.0536771658529,7.78890175023995,0.));
#2477=CARTESIAN_POINT('',(15.0536771658529,7.78890175023995,0.));
#2478=CARTESIAN_POINT('Ctrl Pts',(14.6627056847536,4.93764381994602,0.));
#2479=CARTESIAN_POINT('Ctrl Pts',(14.6748264248187,5.474207418337,0.));
#2480=CARTESIAN_POINT('Ctrl Pts',(14.6966539326255,6.4404723551166,0.));
#2481=CARTESIAN_POINT('Ctrl Pts',(14.9437795530791,7.37383304398682,0.));
#2482=CARTESIAN_POINT('Ctrl Pts',(15.0536771658529,7.78890175023995,0.));
#2483=CARTESIAN_POINT('Ctrl Pts',(16.1534338447278,9.44673958805189,0.));
#2484=CARTESIAN_POINT('Ctrl Pts',(16.1534338447278,9.44673958805189,0.66));
#2485=CARTESIAN_POINT('Ctrl Pts',(15.9233986634175,9.22376027657645,0.));
#2486=CARTESIAN_POINT('Ctrl Pts',(15.9233986634175,9.22376027657645,0.66));
#2487=CARTESIAN_POINT('Ctrl Pts',(15.436816039181,8.75210260269316,0.));
#2488=CARTESIAN_POINT('Ctrl Pts',(15.436816039181,8.75210260269316,0.66));
#2489=CARTESIAN_POINT('Ctrl Pts',(15.1859464718348,8.12142323825432,0.));
#2490=CARTESIAN_POINT('Ctrl Pts',(15.1859464718348,8.12142323825432,0.66));
#2491=CARTESIAN_POINT('Ctrl Pts',(15.0536771658529,7.78890175023995,0.));
#2492=CARTESIAN_POINT('Ctrl Pts',(15.0536771658529,7.78890175023995,0.66));
#2493=CARTESIAN_POINT('',(16.1534338447278,9.44673958805189,0.6));
#2494=CARTESIAN_POINT('Ctrl Pts',(15.0536771658529,7.78890175023995,0.6));
#2495=CARTESIAN_POINT('Ctrl Pts',(15.1859464718348,8.12142323825432,0.6));
#2496=CARTESIAN_POINT('Ctrl Pts',(15.3182157778168,8.45394472626869,0.6));
#2497=CARTESIAN_POINT('Ctrl Pts',(15.5160099025172,8.74226048557453,0.6));
#2498=CARTESIAN_POINT('Ctrl Pts',(15.6933634821071,9.000780965101,0.6));
#2499=CARTESIAN_POINT('Ctrl Pts',(15.9233986634175,9.22376027657645,0.6));
#2500=CARTESIAN_POINT('Ctrl Pts',(16.1534338447278,9.44673958805189,0.6));
#2501=CARTESIAN_POINT('',(16.1534338447278,9.44673958805189,0.));
#2502=CARTESIAN_POINT('',(16.1534338447278,9.44673958805189,0.));
#2503=CARTESIAN_POINT('Ctrl Pts',(15.0536771658529,7.78890175023995,0.));
#2504=CARTESIAN_POINT('Ctrl Pts',(15.1859464718348,8.12142323825432,0.));
#2505=CARTESIAN_POINT('Ctrl Pts',(15.436816039181,8.75210260269316,0.));
#2506=CARTESIAN_POINT('Ctrl Pts',(15.9233986634175,9.22376027657645,0.));
#2507=CARTESIAN_POINT('Ctrl Pts',(16.1534338447278,9.44673958805189,0.));
#2508=CARTESIAN_POINT('Ctrl Pts',(17.9697613155017,10.0168197956238,0.));
#2509=CARTESIAN_POINT('Ctrl Pts',(17.9697613155017,10.0168197956238,0.66));
#2510=CARTESIAN_POINT('Ctrl Pts',(17.6271137850474,10.0001053742402,0.));
#2511=CARTESIAN_POINT('Ctrl Pts',(17.6271137850474,10.0001053742402,0.66));
#2512=CARTESIAN_POINT('Ctrl Pts',(16.9707219958994,9.96808643938309,0.));
#2513=CARTESIAN_POINT('Ctrl Pts',(16.9707219958994,9.96808643938309,0.66));
#2514=CARTESIAN_POINT('Ctrl Pts',(16.4177467374391,9.61534437472806,0.));
#2515=CARTESIAN_POINT('Ctrl Pts',(16.4177467374391,9.61534437472806,0.66));
#2516=CARTESIAN_POINT('Ctrl Pts',(16.1534338447278,9.44673958805189,0.));
#2517=CARTESIAN_POINT('Ctrl Pts',(16.1534338447278,9.44673958805189,0.66));
#2518=CARTESIAN_POINT('',(17.9697613155017,10.0168197956238,0.6));
#2519=CARTESIAN_POINT('Ctrl Pts',(16.1534338447278,9.44673958805189,0.6));
#2520=CARTESIAN_POINT('Ctrl Pts',(16.4177467374391,9.61534437472806,0.6));
#2521=CARTESIAN_POINT('Ctrl Pts',(16.6820596301503,9.78394916140422,0.6));
#2522=CARTESIAN_POINT('Ctrl Pts',(16.9699998861723,9.87927899039704,0.6));
#2523=CARTESIAN_POINT('Ctrl Pts',(17.2844662545931,9.98339095285658,0.6));
#2524=CARTESIAN_POINT('Ctrl Pts',(17.6271137850474,10.0001053742402,0.6));
#2525=CARTESIAN_POINT('Ctrl Pts',(17.9697613155017,10.0168197956238,0.6));
#2526=CARTESIAN_POINT('',(17.9697613155017,10.0168197956238,0.));
#2527=CARTESIAN_POINT('',(17.9697613155017,10.0168197956238,0.));
#2528=CARTESIAN_POINT('Ctrl Pts',(16.1534338447278,9.44673958805189,0.));
#2529=CARTESIAN_POINT('Ctrl Pts',(16.4177467374391,9.61534437472806,0.));
#2530=CARTESIAN_POINT('Ctrl Pts',(16.9707219958994,9.96808643938309,0.));
#2531=CARTESIAN_POINT('Ctrl Pts',(17.6271137850474,10.0001053742402,0.));
#2532=CARTESIAN_POINT('Ctrl Pts',(17.9697613155017,10.0168197956238,0.));
#2533=CARTESIAN_POINT('Ctrl Pts',(19.3787515418524,9.67993981902584,0.));
#2534=CARTESIAN_POINT('Ctrl Pts',(19.3787515418524,9.67993981902584,0.66));
#2535=CARTESIAN_POINT('Ctrl Pts',(19.1639329861486,9.77636336252418,0.));
#2536=CARTESIAN_POINT('Ctrl Pts',(19.1639329861486,9.77636336252418,0.66));
#2537=CARTESIAN_POINT('Ctrl Pts',(18.7159741138424,9.97743436250261,0.));
#2538=CARTESIAN_POINT('Ctrl Pts',(18.7159741138424,9.97743436250261,0.66));
#2539=CARTESIAN_POINT('Ctrl Pts',(18.225190026754,10.0033381581517,0.));
#2540=CARTESIAN_POINT('Ctrl Pts',(18.225190026754,10.0033381581517,0.66));
#2541=CARTESIAN_POINT('Ctrl Pts',(17.9697613155017,10.0168197956238,0.));
#2542=CARTESIAN_POINT('Ctrl Pts',(17.9697613155017,10.0168197956238,0.66));
#2543=CARTESIAN_POINT('',(19.3787515418524,9.67993981902584,0.6));
#2544=CARTESIAN_POINT('Ctrl Pts',(17.9697613155017,10.0168197956238,0.6));
#2545=CARTESIAN_POINT('Ctrl Pts',(18.225190026754,10.0033381581517,0.6));
#2546=CARTESIAN_POINT('Ctrl Pts',(18.4806187380063,9.98985652067964,0.6));
#2547=CARTESIAN_POINT('Ctrl Pts',(18.7244474482172,9.92892760797575,0.6));
#2548=CARTESIAN_POINT('Ctrl Pts',(18.9491144304448,9.87278690602253,0.6));
#2549=CARTESIAN_POINT('Ctrl Pts',(19.1639329861486,9.77636336252418,0.6));
#2550=CARTESIAN_POINT('Ctrl Pts',(19.3787515418524,9.67993981902584,0.6));
#2551=CARTESIAN_POINT('',(19.3787515418524,9.67993981902584,0.));
#2552=CARTESIAN_POINT('',(19.3787515418524,9.67993981902584,0.));
#2553=CARTESIAN_POINT('Ctrl Pts',(17.9697613155017,10.0168197956238,0.));
#2554=CARTESIAN_POINT('Ctrl Pts',(18.225190026754,10.0033381581517,0.));
#2555=CARTESIAN_POINT('Ctrl Pts',(18.7159741138424,9.97743436250261,0.));
#2556=CARTESIAN_POINT('Ctrl Pts',(19.1639329861486,9.77636336252418,0.));
#2557=CARTESIAN_POINT('Ctrl Pts',(19.3787515418524,9.67993981902584,0.));
#2558=CARTESIAN_POINT('Ctrl Pts',(20.3729117690203,8.73631315551873,0.));
#2559=CARTESIAN_POINT('Ctrl Pts',(20.3729117690203,8.73631315551873,0.66));
#2560=CARTESIAN_POINT('Ctrl Pts',(20.2354843739165,8.92832374645115,0.));
#2561=CARTESIAN_POINT('Ctrl Pts',(20.2354843739165,8.92832374645115,0.66));
#2562=CARTESIAN_POINT('Ctrl Pts',(19.9645790075359,9.3068268785684,0.));
#2563=CARTESIAN_POINT('Ctrl Pts',(19.9645790075359,9.3068268785684,0.66));
#2564=CARTESIAN_POINT('Ctrl Pts',(19.5721201956912,9.55678351234444,0.));
#2565=CARTESIAN_POINT('Ctrl Pts',(19.5721201956912,9.55678351234444,0.66));
#2566=CARTESIAN_POINT('Ctrl Pts',(19.3787515418524,9.67993981902584,0.));
#2567=CARTESIAN_POINT('Ctrl Pts',(19.3787515418524,9.67993981902584,0.66));
#2568=CARTESIAN_POINT('',(20.3729117690203,8.73631315551873,0.6));
#2569=CARTESIAN_POINT('Ctrl Pts',(19.3787515418524,9.67993981902584,0.6));
#2570=CARTESIAN_POINT('Ctrl Pts',(19.5721201956912,9.55678351234444,0.6));
#2571=CARTESIAN_POINT('Ctrl Pts',(19.76548884953,9.43362720566305,0.6));
#2572=CARTESIAN_POINT('Ctrl Pts',(19.9293487235556,9.27926445887757,0.6));
#2573=CARTESIAN_POINT('Ctrl Pts',(20.0980569788127,9.12033433738357,0.6));
#2574=CARTESIAN_POINT('Ctrl Pts',(20.2354843739165,8.92832374645115,0.6));
#2575=CARTESIAN_POINT('Ctrl Pts',(20.3729117690203,8.73631315551873,0.6));
#2576=CARTESIAN_POINT('',(20.3729117690203,8.73631315551873,0.));
#2577=CARTESIAN_POINT('',(20.3729117690203,8.73631315551873,0.));
#2578=CARTESIAN_POINT('Ctrl Pts',(19.3787515418524,9.67993981902584,0.));
#2579=CARTESIAN_POINT('Ctrl Pts',(19.5721201956912,9.55678351234444,0.));
#2580=CARTESIAN_POINT('Ctrl Pts',(19.9645790075359,9.3068268785684,0.));
#2581=CARTESIAN_POINT('Ctrl Pts',(20.2354843739165,8.92832374645115,0.));
#2582=CARTESIAN_POINT('Ctrl Pts',(20.3729117690203,8.73631315551873,0.));
#2583=CARTESIAN_POINT('Ctrl Pts',(20.9800545514249,7.24367183190923,0.));
#2584=CARTESIAN_POINT('Ctrl Pts',(20.9800545514249,7.24367183190923,0.66));
#2585=CARTESIAN_POINT('Ctrl Pts',(20.9044625323843,7.51909241274558,0.));
#2586=CARTESIAN_POINT('Ctrl Pts',(20.9044625323843,7.51909241274558,0.66));
#2587=CARTESIAN_POINT('Ctrl Pts',(20.7612186516274,8.04100349992171,0.));
#2588=CARTESIAN_POINT('Ctrl Pts',(20.7612186516274,8.04100349992171,0.66));
#2589=CARTESIAN_POINT('Ctrl Pts',(20.4974741865331,8.5132693324485,0.));
#2590=CARTESIAN_POINT('Ctrl Pts',(20.4974741865331,8.5132693324485,0.66));
#2591=CARTESIAN_POINT('Ctrl Pts',(20.3729117690203,8.73631315551873,0.));
#2592=CARTESIAN_POINT('Ctrl Pts',(20.3729117690203,8.73631315551873,0.66));
#2593=CARTESIAN_POINT('Ctrl Pts',(20.3729117690203,8.73631315551873,0.6));
#2594=CARTESIAN_POINT('Ctrl Pts',(20.4974741865331,8.5132693324485,0.6));
#2595=CARTESIAN_POINT('Ctrl Pts',(20.6220366040459,8.29022550937828,0.6));
#2596=CARTESIAN_POINT('Ctrl Pts',(20.7197210493159,8.05610818169567,0.6));
#2597=CARTESIAN_POINT('Ctrl Pts',(20.8288705133437,7.79451299358194,0.6));
#2598=CARTESIAN_POINT('Ctrl Pts',(20.9044625323843,7.51909241274558,0.6));
#2599=CARTESIAN_POINT('Ctrl Pts',(20.9800545514249,7.24367183190923,0.6));
#2600=CARTESIAN_POINT('Ctrl Pts',(20.3729117690203,8.73631315551873,0.));
#2601=CARTESIAN_POINT('Ctrl Pts',(20.4974741865331,8.5132693324485,0.));
#2602=CARTESIAN_POINT('Ctrl Pts',(20.7612186516274,8.04100349992171,0.));
#2603=CARTESIAN_POINT('Ctrl Pts',(20.9044625323843,7.51909241274558,0.));
#2604=CARTESIAN_POINT('Ctrl Pts',(20.9800545514249,7.24367183190923,0.));
#2605=CARTESIAN_POINT('Origin',(12.156475606833,4.91130264233001,0.));
#2606=CARTESIAN_POINT('Origin',(12.156475606833,4.91130264233001,0.6));
#2607=CARTESIAN_POINT('Origin',(12.8237831108193,0.0224311552972942,0.));
#2608=CARTESIAN_POINT('',(12.8365424397491,1.42073605640159,0.6));
#2609=CARTESIAN_POINT('',(12.8237831108193,0.0224311552972942,0.6));
#2610=CARTESIAN_POINT('',(12.8460585958682,2.46361909627248,0.6));
#2611=CARTESIAN_POINT('',(12.8237831108193,0.0224311552972942,0.));
#2612=CARTESIAN_POINT('',(12.8237831108193,0.0224311552972942,0.));
#2613=CARTESIAN_POINT('',(12.8365424397491,1.42073605640159,0.));
#2614=CARTESIAN_POINT('',(12.8365424397491,1.42073605640159,0.));
#2615=CARTESIAN_POINT('',(12.8365424397491,1.42073605640159,0.));
#2616=CARTESIAN_POINT('Origin',(11.425478209715,0.0351904842270724,0.));
#2617=CARTESIAN_POINT('',(11.425478209715,0.0351904842270723,0.6));
#2618=CARTESIAN_POINT('',(11.7687014232251,0.0320586223033581,0.6));
#2619=CARTESIAN_POINT('',(11.425478209715,0.0351904842270723,0.));
#2620=CARTESIAN_POINT('',(11.425478209715,0.0351904842270723,0.));
#2621=CARTESIAN_POINT('',(12.8237831108193,0.0224311552972933,0.));
#2622=CARTESIAN_POINT('Origin',(11.4382375386448,1.43349538533137,0.));
#2623=CARTESIAN_POINT('',(11.4382375386448,1.43349538533137,0.6));
#2624=CARTESIAN_POINT('',(11.4541333592288,3.1755308757544,0.6));
#2625=CARTESIAN_POINT('',(11.4382375386448,1.43349538533137,0.));
#2626=CARTESIAN_POINT('',(11.4382375386448,1.43349538533137,0.));
#2627=CARTESIAN_POINT('',(11.425478209715,0.0351904842270723,0.));
#2628=CARTESIAN_POINT('Origin',(12.8365424397491,1.42073605640159,0.));
#2629=CARTESIAN_POINT('',(12.4806132027071,1.42398385894276,0.6));
#2630=CARTESIAN_POINT('',(11.4382375386448,1.43349538533137,0.));
#2631=CARTESIAN_POINT('Origin',(12.156475606833,4.91130264233001,0.));
#2632=CARTESIAN_POINT('Origin',(12.156475606833,4.91130264233001,0.6));
#2633=CARTESIAN_POINT('Origin',(4.44759693742961,0.098862636356211,0.));
#2634=CARTESIAN_POINT('',(5.70948142660598,0.0873481238517693,0.6));
#2635=CARTESIAN_POINT('',(4.44759693742961,0.098862636356211,0.6));
#2636=CARTESIAN_POINT('',(8.27976078708243,0.0638946983679267,0.6));
#2637=CARTESIAN_POINT('',(4.44759693742961,0.098862636356211,0.));
#2638=CARTESIAN_POINT('',(4.44759693742961,0.098862636356211,0.));
#2639=CARTESIAN_POINT('',(5.70948142660598,0.0873481238517693,0.));
#2640=CARTESIAN_POINT('',(5.70948142660598,0.0873481238517693,0.));
#2641=CARTESIAN_POINT('',(5.70948142660598,0.0873481238517693,0.));
#2642=CARTESIAN_POINT('Ctrl Pts',(4.9374411289107,2.94580764778402,0.));
#2643=CARTESIAN_POINT('Ctrl Pts',(4.9374411289107,2.94580764778402,0.66));
#2644=CARTESIAN_POINT('Ctrl Pts',(4.80333596834973,2.43351361590985,0.));
#2645=CARTESIAN_POINT('Ctrl Pts',(4.80333596834973,2.43351361590985,0.66));
#2646=CARTESIAN_POINT('Ctrl Pts',(4.55846827433223,1.49809653189001,0.));
#2647=CARTESIAN_POINT('Ctrl Pts',(4.55846827433223,1.49809653189001,0.66));
#2648=CARTESIAN_POINT('Ctrl Pts',(4.48212828267062,0.534659931396018,0.));
#2649=CARTESIAN_POINT('Ctrl Pts',(4.48212828267062,0.534659931396018,0.66));
#2650=CARTESIAN_POINT('Ctrl Pts',(4.44759693742961,0.0988626363562117,0.));
#2651=CARTESIAN_POINT('Ctrl Pts',(4.44759693742961,0.0988626363562117,0.66));
#2652=CARTESIAN_POINT('',(4.9374411289107,2.94580764778402,0.6));
#2653=CARTESIAN_POINT('Ctrl Pts',(4.44759693742961,0.0988626363562117,0.6));
#2654=CARTESIAN_POINT('Ctrl Pts',(4.48212828267062,0.534659931396018,0.6));
#2655=CARTESIAN_POINT('Ctrl Pts',(4.51665962791164,0.970457226435824,0.6));
#2656=CARTESIAN_POINT('Ctrl Pts',(4.58567310265133,1.40052150202515,0.6));
#2657=CARTESIAN_POINT('Ctrl Pts',(4.66923080778876,1.92121958403568,0.6));
#2658=CARTESIAN_POINT('Ctrl Pts',(4.80333596834973,2.43351361590985,0.6));
#2659=CARTESIAN_POINT('Ctrl Pts',(4.9374411289107,2.94580764778402,0.6));
#2660=CARTESIAN_POINT('',(4.9374411289107,2.94580764778402,0.));
#2661=CARTESIAN_POINT('',(4.9374411289107,2.94580764778402,0.));
#2662=CARTESIAN_POINT('Ctrl Pts',(4.44759693742961,0.0988626363562117,0.));
#2663=CARTESIAN_POINT('Ctrl Pts',(4.48212828267062,0.534659931396018,0.));
#2664=CARTESIAN_POINT('Ctrl Pts',(4.55846827433223,1.49809653189001,0.));
#2665=CARTESIAN_POINT('Ctrl Pts',(4.80333596834973,2.43351361590985,0.));
#2666=CARTESIAN_POINT('Ctrl Pts',(4.9374411289107,2.94580764778402,0.));
#2667=CARTESIAN_POINT('Ctrl Pts',(6.23896621640757,6.15712179557508,0.));
#2668=CARTESIAN_POINT('Ctrl Pts',(6.23896621640757,6.15712179557508,0.66));
#2669=CARTESIAN_POINT('Ctrl Pts',(5.97434663962578,5.6384910400661,0.));
#2670=CARTESIAN_POINT('Ctrl Pts',(5.97434663962578,5.6384910400661,0.66));
#2671=CARTESIAN_POINT('Ctrl Pts',(5.44741590387747,4.60575382195997,0.));
#2672=CARTESIAN_POINT('Ctrl Pts',(5.44741590387747,4.60575382195997,0.66));
#2673=CARTESIAN_POINT('Ctrl Pts',(5.10693551987123,3.4975046720879,0.));
#2674=CARTESIAN_POINT('Ctrl Pts',(5.10693551987123,3.4975046720879,0.66));
#2675=CARTESIAN_POINT('Ctrl Pts',(4.9374411289107,2.94580764778402,0.));
#2676=CARTESIAN_POINT('Ctrl Pts',(4.9374411289107,2.94580764778402,0.66));
#2677=CARTESIAN_POINT('',(6.23896621640757,6.15712179557508,0.6));
#2678=CARTESIAN_POINT('Ctrl Pts',(4.9374411289107,2.94580764778402,0.6));
#2679=CARTESIAN_POINT('Ctrl Pts',(5.10693551987123,3.4975046720879,0.6));
#2680=CARTESIAN_POINT('Ctrl Pts',(5.27642991083176,4.04920169639179,0.6));
#2681=CARTESIAN_POINT('Ctrl Pts',(5.49212937645471,4.58218577962289,0.6));
#2682=CARTESIAN_POINT('Ctrl Pts',(5.70972706284399,5.11986028455711,0.6));
#2683=CARTESIAN_POINT('Ctrl Pts',(5.97434663962578,5.6384910400661,0.6));
#2684=CARTESIAN_POINT('Ctrl Pts',(6.23896621640757,6.15712179557508,0.6));
#2685=CARTESIAN_POINT('',(6.23896621640757,6.15712179557508,0.));
#2686=CARTESIAN_POINT('',(6.23896621640757,6.15712179557508,0.));
#2687=CARTESIAN_POINT('Ctrl Pts',(4.9374411289107,2.94580764778402,0.));
#2688=CARTESIAN_POINT('Ctrl Pts',(5.10693551987123,3.4975046720879,0.));
#2689=CARTESIAN_POINT('Ctrl Pts',(5.44741590387747,4.60575382195997,0.));
#2690=CARTESIAN_POINT('Ctrl Pts',(5.97434663962578,5.6384910400661,0.));
#2691=CARTESIAN_POINT('Ctrl Pts',(6.23896621640757,6.15712179557508,0.));
#2692=CARTESIAN_POINT('Ctrl Pts',(8.02606387593498,8.7568851258009,0.));
#2693=CARTESIAN_POINT('Ctrl Pts',(8.02606387593498,8.7568851258009,0.66));
#2694=CARTESIAN_POINT('Ctrl Pts',(7.70870761818537,8.3719720091367,0.));
#2695=CARTESIAN_POINT('Ctrl Pts',(7.70870761818537,8.3719720091367,0.66));
#2696=CARTESIAN_POINT('Ctrl Pts',(7.03737170714108,7.55772621584106,0.));
#2697=CARTESIAN_POINT('Ctrl Pts',(7.03737170714108,7.55772621584106,0.66));
#2698=CARTESIAN_POINT('Ctrl Pts',(6.51460750054298,6.64066606656095,0.));
#2699=CARTESIAN_POINT('Ctrl Pts',(6.51460750054298,6.64066606656095,0.66));
#2700=CARTESIAN_POINT('Ctrl Pts',(6.23896621640757,6.15712179557508,0.));
#2701=CARTESIAN_POINT('Ctrl Pts',(6.23896621640757,6.15712179557508,0.66));
#2702=CARTESIAN_POINT('',(8.02606387593498,8.7568851258009,0.6));
#2703=CARTESIAN_POINT('Ctrl Pts',(6.23896621640757,6.15712179557508,0.6));
#2704=CARTESIAN_POINT('Ctrl Pts',(6.51460750054298,6.64066606656095,0.6));
#2705=CARTESIAN_POINT('Ctrl Pts',(6.7902487846784,7.12421033754682,0.6));
#2706=CARTESIAN_POINT('Ctrl Pts',(7.10719605036266,7.57917010849562,0.6));
#2707=CARTESIAN_POINT('Ctrl Pts',(7.39135136043577,7.98705889247249,0.6));
#2708=CARTESIAN_POINT('Ctrl Pts',(7.70870761818537,8.3719720091367,0.6));
#2709=CARTESIAN_POINT('Ctrl Pts',(8.02606387593498,8.7568851258009,0.6));
#2710=CARTESIAN_POINT('',(8.02606387593498,8.7568851258009,0.));
#2711=CARTESIAN_POINT('',(8.02606387593498,8.7568851258009,0.));
#2712=CARTESIAN_POINT('Ctrl Pts',(6.23896621640757,6.15712179557508,0.));
#2713=CARTESIAN_POINT('Ctrl Pts',(6.51460750054298,6.64066606656095,0.));
#2714=CARTESIAN_POINT('Ctrl Pts',(7.03737170714108,7.55772621584106,0.));
#2715=CARTESIAN_POINT('Ctrl Pts',(7.70870761818537,8.3719720091367,0.));
#2716=CARTESIAN_POINT('Ctrl Pts',(8.02606387593498,8.7568851258009,0.));
#2717=CARTESIAN_POINT('Origin',(3.12858658428527,8.80157389406663,0.));
#2718=CARTESIAN_POINT('',(3.12858658428527,8.80157389406663,0.6));
#2719=CARTESIAN_POINT('',(7.65990288449025,8.76022629161346,0.6));
#2720=CARTESIAN_POINT('',(3.12858658428527,8.80157389406663,0.));
#2721=CARTESIAN_POINT('',(3.12858658428527,8.80157389406663,0.));
#2722=CARTESIAN_POINT('',(8.02606387593498,8.7568851258009,0.));
#2723=CARTESIAN_POINT('Origin',(3.13935421237312,9.98160673210789,0.));
#2724=CARTESIAN_POINT('',(3.13935421237312,9.98160673210789,0.6));
#2725=CARTESIAN_POINT('',(3.11659860939809,7.48780228967212,0.6));
#2726=CARTESIAN_POINT('',(3.13935421237312,9.98160673210789,0.));
#2727=CARTESIAN_POINT('',(3.13935421237312,9.98160673210789,0.));
#2728=CARTESIAN_POINT('',(3.12858658428527,8.80157389406663,0.));
#2729=CARTESIAN_POINT('Origin',(9.61248204660096,9.92254038171736,0.));
#2730=CARTESIAN_POINT('',(9.61248204660096,9.92254038171736,0.6));
#2731=CARTESIAN_POINT('',(10.907234429692,9.91072595445946,0.6));
#2732=CARTESIAN_POINT('',(9.61248204660096,9.92254038171736,0.));
#2733=CARTESIAN_POINT('',(9.61248204660096,9.92254038171736,0.));
#2734=CARTESIAN_POINT('',(3.13935421237312,9.98160673210789,0.));
#2735=CARTESIAN_POINT('Origin',(9.60376835881666,8.96760047833012,0.));
#2736=CARTESIAN_POINT('',(9.60376835881666,8.96760047833012,0.6));
#2737=CARTESIAN_POINT('',(9.58536959973377,6.95126598758797,0.6));
#2738=CARTESIAN_POINT('',(9.60376835881666,8.96760047833012,0.));
#2739=CARTESIAN_POINT('',(9.60376835881666,8.96760047833012,0.));
#2740=CARTESIAN_POINT('',(9.61248204660096,9.92254038171736,0.));
#2741=CARTESIAN_POINT('Ctrl Pts',(7.68629404339876,6.28375703395786,0.));
#2742=CARTESIAN_POINT('Ctrl Pts',(7.68629404339876,6.28375703395786,0.66));
#2743=CARTESIAN_POINT('Ctrl Pts',(7.98915376576752,6.79819317757455,0.));
#2744=CARTESIAN_POINT('Ctrl Pts',(7.98915376576752,6.79819317757455,0.66));
#2745=CARTESIAN_POINT('Ctrl Pts',(8.5493796561837,7.74979032085202,0.));
#2746=CARTESIAN_POINT('Ctrl Pts',(8.5493796561837,7.74979032085202,0.66));
#2747=CARTESIAN_POINT('Ctrl Pts',(9.27186202824506,8.5842514347639,0.));
#2748=CARTESIAN_POINT('Ctrl Pts',(9.27186202824506,8.5842514347639,0.66));
#2749=CARTESIAN_POINT('Ctrl Pts',(9.60376835881665,8.96760047833012,0.));
#2750=CARTESIAN_POINT('Ctrl Pts',(9.60376835881665,8.96760047833012,0.66));
#2751=CARTESIAN_POINT('',(7.68629404339876,6.28375703395786,0.6));
#2752=CARTESIAN_POINT('Ctrl Pts',(9.60376835881665,8.96760047833012,0.6));
#2753=CARTESIAN_POINT('Ctrl Pts',(9.27186202824506,8.5842514347639,0.6));
#2754=CARTESIAN_POINT('Ctrl Pts',(8.93995569767347,8.20090239119768,0.6));
#2755=CARTESIAN_POINT('Ctrl Pts',(8.64229290407984,7.79283228926533,0.6));
#2756=CARTESIAN_POINT('Ctrl Pts',(8.29201348813629,7.31262932119123,0.6));
#2757=CARTESIAN_POINT('Ctrl Pts',(7.98915376576752,6.79819317757455,0.6));
#2758=CARTESIAN_POINT('Ctrl Pts',(7.68629404339876,6.28375703395786,0.6));
#2759=CARTESIAN_POINT('',(7.68629404339876,6.28375703395786,0.));
#2760=CARTESIAN_POINT('',(7.68629404339876,6.28375703395786,0.));
#2761=CARTESIAN_POINT('Ctrl Pts',(9.60376835881665,8.96760047833012,0.));
#2762=CARTESIAN_POINT('Ctrl Pts',(9.27186202824506,8.5842514347639,0.));
#2763=CARTESIAN_POINT('Ctrl Pts',(8.5493796561837,7.74979032085202,0.));
#2764=CARTESIAN_POINT('Ctrl Pts',(7.98915376576752,6.79819317757455,0.));
#2765=CARTESIAN_POINT('Ctrl Pts',(7.68629404339876,6.28375703395786,0.));
#2766=CARTESIAN_POINT('Ctrl Pts',(6.20521317944883,2.83191603116895,0.));
#2767=CARTESIAN_POINT('Ctrl Pts',(6.20521317944883,2.83191603116895,0.66));
#2768=CARTESIAN_POINT('Ctrl Pts',(6.40046202350582,3.42242094341621,0.));
#2769=CARTESIAN_POINT('Ctrl Pts',(6.40046202350582,3.42242094341621,0.66));
#2770=CARTESIAN_POINT('Ctrl Pts',(6.79495975707933,4.6155283887929,0.));
#2771=CARTESIAN_POINT('Ctrl Pts',(6.79495975707933,4.6155283887929,0.66));
#2772=CARTESIAN_POINT('Ctrl Pts',(7.38718098771032,5.72393455736184,0.));
#2773=CARTESIAN_POINT('Ctrl Pts',(7.38718098771032,5.72393455736184,0.66));
#2774=CARTESIAN_POINT('Ctrl Pts',(7.68629404339876,6.28375703395786,0.));
#2775=CARTESIAN_POINT('Ctrl Pts',(7.68629404339876,6.28375703395786,0.66));
#2776=CARTESIAN_POINT('',(6.20521317944883,2.83191603116895,0.6));
#2777=CARTESIAN_POINT('Ctrl Pts',(7.68629404339876,6.28375703395786,0.6));
#2778=CARTESIAN_POINT('Ctrl Pts',(7.39018342808327,5.72955394967339,0.6));
#2779=CARTESIAN_POINT('Ctrl Pts',(7.09407281276778,5.17535086538892,0.6));
#2780=CARTESIAN_POINT('Ctrl Pts',(6.59967116035115,4.02490324972567,0.6));
#2781=CARTESIAN_POINT('Ctrl Pts',(6.4062649007437,3.4399709961742,0.6));
#2782=CARTESIAN_POINT('Ctrl Pts',(6.20521317944883,2.83191603116895,0.6));
#2783=CARTESIAN_POINT('',(6.20521317944883,2.83191603116895,0.));
#2784=CARTESIAN_POINT('',(6.20521317944883,2.83191603116895,0.));
#2785=CARTESIAN_POINT('Ctrl Pts',(7.68629404339876,6.28375703395786,0.));
#2786=CARTESIAN_POINT('Ctrl Pts',(7.38718098771032,5.72393455736184,0.));
#2787=CARTESIAN_POINT('Ctrl Pts',(6.79495975707933,4.6155283887929,0.));
#2788=CARTESIAN_POINT('Ctrl Pts',(6.40046202350582,3.42242094341621,0.));
#2789=CARTESIAN_POINT('Ctrl Pts',(6.20521317944883,2.83191603116895,0.));
#2790=CARTESIAN_POINT('Ctrl Pts',(5.70948142660598,0.0873481238517693,0.));
#2791=CARTESIAN_POINT('Ctrl Pts',(5.70948142660598,0.0873481238517693,0.66));
#2792=CARTESIAN_POINT('Ctrl Pts',(5.75684331274344,0.567295409055266,0.));
#2793=CARTESIAN_POINT('Ctrl Pts',(5.75684331274344,0.567295409055266,0.66));
#2794=CARTESIAN_POINT('Ctrl Pts',(5.84844902025253,1.49559270069048,0.));
#2795=CARTESIAN_POINT('Ctrl Pts',(5.84844902025253,1.49559270069048,0.66));
#2796=CARTESIAN_POINT('Ctrl Pts',(6.08902131731038,2.39669883744316,0.));
#2797=CARTESIAN_POINT('Ctrl Pts',(6.08902131731038,2.39669883744316,0.66));
#2798=CARTESIAN_POINT('Ctrl Pts',(6.20521317944883,2.83191603116895,0.));
#2799=CARTESIAN_POINT('Ctrl Pts',(6.20521317944883,2.83191603116895,0.66));
#2800=CARTESIAN_POINT('Ctrl Pts',(6.20521317944883,2.83191603116895,0.6));
#2801=CARTESIAN_POINT('Ctrl Pts',(6.07801050744589,2.35545589941226,0.6));
#2802=CARTESIAN_POINT('Ctrl Pts',(5.96490183926836,1.9317873546081,0.6));
#2803=CARTESIAN_POINT('Ctrl Pts',(5.80108713411508,1.015645415487,0.6));
#2804=CARTESIAN_POINT('Ctrl Pts',(5.75528428036053,0.551496769669402,0.6));
#2805=CARTESIAN_POINT('Ctrl Pts',(5.70948142660598,0.0873481238517691,0.6));
#2806=CARTESIAN_POINT('Ctrl Pts',(6.20521317944883,2.83191603116895,0.));
#2807=CARTESIAN_POINT('Ctrl Pts',(6.08902131731038,2.39669883744316,0.));
#2808=CARTESIAN_POINT('Ctrl Pts',(5.84844902025253,1.49559270069048,0.));
#2809=CARTESIAN_POINT('Ctrl Pts',(5.75684331274344,0.567295409055266,0.));
#2810=CARTESIAN_POINT('Ctrl Pts',(5.70948142660598,0.0873481238517693,0.));
#2811=CARTESIAN_POINT('Origin',(12.156475606833,4.91130264233001,0.));
#2812=CARTESIAN_POINT('Origin',(12.156475606833,4.91130264233001,0.6));
#2813=CARTESIAN_POINT('Origin',(-20.7529194812286,1.05776542300557,7.));
#2814=CARTESIAN_POINT('',(-35.7529194812286,-13.9422345769944,7.));
#2815=CARTESIAN_POINT('',(-5.75291948122862,-13.9422345769944,7.));
#2816=CARTESIAN_POINT('',(-5.75291948122862,-13.9422345769944,7.));
#2817=CARTESIAN_POINT('',(-5.75291948122862,16.0577654230056,7.));
#2818=CARTESIAN_POINT('',(-5.75291948122862,16.0577654230056,7.));
#2819=CARTESIAN_POINT('',(-35.7529194812286,16.0577654230056,7.));
#2820=CARTESIAN_POINT('',(-35.7529194812286,16.0577654230056,7.));
#2821=CARTESIAN_POINT('',(-35.7529194812286,-13.9422345769944,7.));
#2822=CARTESIAN_POINT('Origin',(-35.7529194812286,-13.9422345769944,0.));
#2823=CARTESIAN_POINT('',(44.2470805187714,-13.9422345769944,0.));
#2824=CARTESIAN_POINT('',(-35.7529194812286,-13.9422345769944,0.));
#2825=CARTESIAN_POINT('',(-5.75291948122862,-13.9422345769944,0.));
#2826=CARTESIAN_POINT('',(44.2470805187714,-13.9422345769944,7.));
#2827=CARTESIAN_POINT('',(44.2470805187714,-13.9422345769944,0.));
#2828=CARTESIAN_POINT('',(28.2470805187714,-13.9422345769944,7.));
#2829=CARTESIAN_POINT('',(32.2470805187714,-13.9422345769944,7.));
#2830=CARTESIAN_POINT('',(28.2470805187714,-13.9422345769944,0.6));
#2831=CARTESIAN_POINT('',(28.2470805187714,-13.9422345769944,0.));
#2832=CARTESIAN_POINT('',(-5.75291948122862,-13.9422345769944,0.6));
#2833=CARTESIAN_POINT('',(44.2470805187714,-13.9422345769944,0.6));
#2834=CARTESIAN_POINT('',(-5.75291948122862,-13.9422345769944,0.));
#2835=CARTESIAN_POINT('',(-35.7529194812286,-13.9422345769944,0.));
#2836=CARTESIAN_POINT('Origin',(-5.75291948122862,-13.9422345769944,0.));
#2837=CARTESIAN_POINT('',(-5.75291948122862,16.0577654230056,0.6));
#2838=CARTESIAN_POINT('',(-5.75291948122862,-6.44223457699443,0.6));
#2839=CARTESIAN_POINT('',(-5.75291948122862,16.0577654230056,0.));
#2840=CARTESIAN_POINT('Origin',(-5.75291948122862,16.0577654230056,0.));
#2841=CARTESIAN_POINT('',(-35.7529194812286,16.0577654230056,0.));
#2842=CARTESIAN_POINT('',(44.2470805187714,16.0577654230056,0.));
#2843=CARTESIAN_POINT('',(-5.75291948122862,16.0577654230056,0.));
#2844=CARTESIAN_POINT('',(-35.7529194812286,16.0577654230056,0.));
#2845=CARTESIAN_POINT('',(28.2470805187714,16.0577654230056,0.6));
#2846=CARTESIAN_POINT('',(-5.75291948122862,16.0577654230056,0.6));
#2847=CARTESIAN_POINT('',(28.2470805187714,16.0577654230056,7.));
#2848=CARTESIAN_POINT('',(28.2470805187714,16.0577654230056,0.));
#2849=CARTESIAN_POINT('',(44.2470805187714,16.0577654230056,7.));
#2850=CARTESIAN_POINT('',(40.2470805187714,16.0577654230056,7.));
#2851=CARTESIAN_POINT('',(44.2470805187714,16.0577654230056,0.));
#2852=CARTESIAN_POINT('Origin',(-35.7529194812286,16.0577654230056,0.));
#2853=CARTESIAN_POINT('',(-35.7529194812286,-13.9422345769944,0.));
#2854=CARTESIAN_POINT('Origin',(36.2470805187714,1.05776542300557,7.));
#2855=CARTESIAN_POINT('',(44.2470805187714,-6.44223457699443,7.));
#2856=CARTESIAN_POINT('',(28.2470805187714,8.55776542300557,7.));
#2857=CARTESIAN_POINT('',(33.7470805187714,1.05776542300556,7.));
#2858=CARTESIAN_POINT('Origin',(36.2470805187714,1.05776542300556,7.));
#2859=CARTESIAN_POINT('Origin',(44.2470805187714,-13.9422345769944,0.));
#2860=CARTESIAN_POINT('',(44.2470805187714,16.0577654230056,0.));
#2861=CARTESIAN_POINT('Origin',(36.2470805187714,1.05776542300556,0.));
#2862=CARTESIAN_POINT('',(33.7470805187714,1.05776542300556,0.));
#2863=CARTESIAN_POINT('',(33.7470805187714,1.05776542300556,0.));
#2864=CARTESIAN_POINT('Origin',(36.2470805187714,1.05776542300556,0.));
#2865=CARTESIAN_POINT('Origin',(28.2470805187714,16.0577654230056,0.));
#2866=CARTESIAN_POINT('',(28.2470805187714,16.0577654230056,0.6));
#2867=CARTESIAN_POINT('Origin',(-20.7529194812286,1.05776542300557,0.));
#2868=CARTESIAN_POINT('',(3.13935421237312,9.98160673210789,0.));
#2869=CARTESIAN_POINT('',(3.12858658428527,8.80157389406663,0.));
#2870=CARTESIAN_POINT('',(3.09764863677291,5.41105987293482,0.));
#2871=CARTESIAN_POINT('',(8.02606387593498,8.7568851258009,0.));
#2872=CARTESIAN_POINT('',(-8.77584468691538,8.91020009868856,0.));
#2873=CARTESIAN_POINT('',(6.23896621640757,6.15712179557508,0.));
#2874=CARTESIAN_POINT('Ctrl Pts',(8.02606387593498,8.7568851258009,0.));
#2875=CARTESIAN_POINT('Ctrl Pts',(7.70870761818537,8.3719720091367,0.));
#2876=CARTESIAN_POINT('Ctrl Pts',(7.03737170714108,7.55772621584106,0.));
#2877=CARTESIAN_POINT('Ctrl Pts',(6.51460750054298,6.64066606656095,0.));
#2878=CARTESIAN_POINT('Ctrl Pts',(6.23896621640757,6.15712179557508,0.));
#2879=CARTESIAN_POINT('',(4.9374411289107,2.94580764778402,0.));
#2880=CARTESIAN_POINT('Ctrl Pts',(6.23896621640757,6.15712179557508,0.));
#2881=CARTESIAN_POINT('Ctrl Pts',(5.97434663962578,5.6384910400661,0.));
#2882=CARTESIAN_POINT('Ctrl Pts',(5.44741590387747,4.60575382195997,0.));
#2883=CARTESIAN_POINT('Ctrl Pts',(5.10693551987123,3.4975046720879,0.));
#2884=CARTESIAN_POINT('Ctrl Pts',(4.9374411289107,2.94580764778402,0.));
#2885=CARTESIAN_POINT('',(4.44759693742961,0.098862636356211,0.));
#2886=CARTESIAN_POINT('Ctrl Pts',(4.9374411289107,2.94580764778402,0.));
#2887=CARTESIAN_POINT('Ctrl Pts',(4.80333596834973,2.43351361590985,0.));
#2888=CARTESIAN_POINT('Ctrl Pts',(4.55846827433223,1.49809653189001,0.));
#2889=CARTESIAN_POINT('Ctrl Pts',(4.48212828267062,0.534659931396018,0.));
#2890=CARTESIAN_POINT('Ctrl Pts',(4.44759693742961,0.0988626363562117,0.));
#2891=CARTESIAN_POINT('',(5.70948142660598,0.0873481238517693,0.));
#2892=CARTESIAN_POINT('',(-8.1559867843232,0.213868505443026,0.));
#2893=CARTESIAN_POINT('',(6.20521317944883,2.83191603116895,0.));
#2894=CARTESIAN_POINT('Ctrl Pts',(5.70948142660598,0.0873481238517693,0.));
#2895=CARTESIAN_POINT('Ctrl Pts',(5.75684331274344,0.567295409055266,0.));
#2896=CARTESIAN_POINT('Ctrl Pts',(5.84844902025253,1.49559270069048,0.));
#2897=CARTESIAN_POINT('Ctrl Pts',(6.08902131731038,2.39669883744316,0.));
#2898=CARTESIAN_POINT('Ctrl Pts',(6.20521317944883,2.83191603116895,0.));
#2899=CARTESIAN_POINT('',(7.68629404339876,6.28375703395786,0.));
#2900=CARTESIAN_POINT('Ctrl Pts',(6.20521317944883,2.83191603116895,0.));
#2901=CARTESIAN_POINT('Ctrl Pts',(6.40046202350582,3.42242094341621,0.));
#2902=CARTESIAN_POINT('Ctrl Pts',(6.79495975707933,4.6155283887929,0.));
#2903=CARTESIAN_POINT('Ctrl Pts',(7.38718098771032,5.72393455736184,0.));
#2904=CARTESIAN_POINT('Ctrl Pts',(7.68629404339876,6.28375703395786,0.));
#2905=CARTESIAN_POINT('',(9.60376835881666,8.96760047833012,0.));
#2906=CARTESIAN_POINT('Ctrl Pts',(7.68629404339876,6.28375703395786,0.));
#2907=CARTESIAN_POINT('Ctrl Pts',(7.98915376576752,6.79819317757455,0.));
#2908=CARTESIAN_POINT('Ctrl Pts',(8.5493796561837,7.74979032085202,0.));
#2909=CARTESIAN_POINT('Ctrl Pts',(9.27186202824506,8.5842514347639,0.));
#2910=CARTESIAN_POINT('Ctrl Pts',(9.60376835881665,8.96760047833012,0.));
#2911=CARTESIAN_POINT('',(9.61248204660096,9.92254038171736,0.));
#2912=CARTESIAN_POINT('',(9.5664196271086,4.87452357085068,0.));
#2913=CARTESIAN_POINT('',(-5.52851314171361,10.0606997615346,0.));
#2914=CARTESIAN_POINT('',(11.4382375386448,1.43349538533137,0.));
#2915=CARTESIAN_POINT('',(11.425478209715,0.0351904842270723,0.));
#2916=CARTESIAN_POINT('',(11.4351833866036,1.09878845901711,0.));
#2917=CARTESIAN_POINT('',(12.8237831108193,0.0224311552972942,0.));
#2918=CARTESIAN_POINT('',(-4.6670461481805,0.182032429378458,0.));
#2919=CARTESIAN_POINT('',(12.8365424397491,1.42073605640159,0.));
#2920=CARTESIAN_POINT('',(12.827108623243,0.386876679535185,0.));
#2921=CARTESIAN_POINT('',(-3.95513436869857,1.57395766601786,0.));
#2922=CARTESIAN_POINT('',(15.0536771658529,7.78890175023995,0.));
#2923=CARTESIAN_POINT('',(14.6627056847536,4.93764381994602,0.));
#2924=CARTESIAN_POINT('Ctrl Pts',(15.0536771658529,7.78890175023995,0.));
#2925=CARTESIAN_POINT('Ctrl Pts',(14.9437795530791,7.37383304398682,0.));
#2926=CARTESIAN_POINT('Ctrl Pts',(14.6966539326255,6.4404723551166,0.));
#2927=CARTESIAN_POINT('Ctrl Pts',(14.6748264248187,5.474207418337,0.));
#2928=CARTESIAN_POINT('Ctrl Pts',(14.6627056847536,4.93764381994602,0.));
#2929=CARTESIAN_POINT('',(15.6146545417088,0.863304367899325,0.));
#2930=CARTESIAN_POINT('Ctrl Pts',(14.6627056847536,4.93764381994602,0.));
#2931=CARTESIAN_POINT('Ctrl Pts',(14.6650048351322,4.10971662997474,0.));
#2932=CARTESIAN_POINT('Ctrl Pts',(14.669002206909,2.67025759625105,0.));
#2933=CARTESIAN_POINT('Ctrl Pts',(15.3326949668517,1.40207294626965,0.));
#2934=CARTESIAN_POINT('Ctrl Pts',(15.6146545417088,0.863304367899325,0.));
#2935=CARTESIAN_POINT('',(17.8765871119871,-0.194214510963795,0.));
#2936=CARTESIAN_POINT('Ctrl Pts',(15.6146545417088,0.863304367899325,0.));
#2937=CARTESIAN_POINT('Ctrl Pts',(15.9187222797746,0.558161506638217,0.));
#2938=CARTESIAN_POINT('Ctrl Pts',(16.5427025339348,-0.0680250179039676,
0.));
#2939=CARTESIAN_POINT('Ctrl Pts',(17.4244951106583,-0.151445247863551,0.));
#2940=CARTESIAN_POINT('Ctrl Pts',(17.8765871119871,-0.194214510963795,0.));
#2941=CARTESIAN_POINT('',(19.6997677824418,0.379215670129687,0.));
#2942=CARTESIAN_POINT('Ctrl Pts',(17.8765871119871,-0.194214510963795,0.));
#2943=CARTESIAN_POINT('Ctrl Pts',(18.2210638635623,-0.1775239133804,0.));
#2944=CARTESIAN_POINT('Ctrl Pts',(18.8802707283144,-0.145584003202193,0.));
#2945=CARTESIAN_POINT('Ctrl Pts',(19.4349453078479,0.209625373913418,0.));
#2946=CARTESIAN_POINT('Ctrl Pts',(19.6997677824418,0.379215670129687,0.));
#2947=CARTESIAN_POINT('',(20.7961451398134,2.0404944674463,0.));
#2948=CARTESIAN_POINT('Ctrl Pts',(19.6997677824418,0.379215670129687,0.));
#2949=CARTESIAN_POINT('Ctrl Pts',(19.9296012262394,0.60306355329337,0.));
#2950=CARTESIAN_POINT('Ctrl Pts',(20.4153160720759,1.07612890994983,0.));
#2951=CARTESIAN_POINT('Ctrl Pts',(20.6647433479772,1.70774843260969,0.));
#2952=CARTESIAN_POINT('Ctrl Pts',(20.7961451398134,2.0404944674463,0.));
#2953=CARTESIAN_POINT('',(21.1835805141508,4.87814178516628,0.));
#2954=CARTESIAN_POINT('Ctrl Pts',(20.7961451398134,2.0404944674463,0.));
#2955=CARTESIAN_POINT('Ctrl Pts',(20.9050499562838,2.45446491623817,0.));
#2956=CARTESIAN_POINT('Ctrl Pts',(21.1494815433289,3.38360154276687,0.));
#2957=CARTESIAN_POINT('Ctrl Pts',(21.1714178039413,4.34505649177983,0.));
#2958=CARTESIAN_POINT('Ctrl Pts',(21.1835805141508,4.87814178516628,0.));
#2959=CARTESIAN_POINT('',(20.9800545514249,7.24367183190923,0.));
#2960=CARTESIAN_POINT('Ctrl Pts',(21.1835805141508,4.87814178516628,0.));
#2961=CARTESIAN_POINT('Ctrl Pts',(21.1838624827192,5.3244998415335,0.));
#2962=CARTESIAN_POINT('Ctrl Pts',(21.1843646293807,6.11940123453959,0.));
#2963=CARTESIAN_POINT('Ctrl Pts',(21.0423320838963,6.90097312935466,0.));
#2964=CARTESIAN_POINT('Ctrl Pts',(20.9800545514249,7.24367183190923,0.));
#2965=CARTESIAN_POINT('',(20.3729117690203,8.73631315551873,0.));
#2966=CARTESIAN_POINT('Ctrl Pts',(20.9800545514249,7.24367183190923,0.));
#2967=CARTESIAN_POINT('Ctrl Pts',(20.9044625323843,7.51909241274558,0.));
#2968=CARTESIAN_POINT('Ctrl Pts',(20.7612186516274,8.04100349992171,0.));
#2969=CARTESIAN_POINT('Ctrl Pts',(20.4974741865331,8.5132693324485,0.));
#2970=CARTESIAN_POINT('Ctrl Pts',(20.3729117690203,8.73631315551873,0.));
#2971=CARTESIAN_POINT('',(19.3787515418524,9.67993981902584,0.));
#2972=CARTESIAN_POINT('Ctrl Pts',(20.3729117690203,8.73631315551873,0.));
#2973=CARTESIAN_POINT('Ctrl Pts',(20.2354843739165,8.92832374645115,0.));
#2974=CARTESIAN_POINT('Ctrl Pts',(19.9645790075359,9.3068268785684,0.));
#2975=CARTESIAN_POINT('Ctrl Pts',(19.5721201956912,9.55678351234444,0.));
#2976=CARTESIAN_POINT('Ctrl Pts',(19.3787515418524,9.67993981902584,0.));
#2977=CARTESIAN_POINT('',(17.9697613155017,10.0168197956238,0.));
#2978=CARTESIAN_POINT('Ctrl Pts',(19.3787515418524,9.67993981902584,0.));
#2979=CARTESIAN_POINT('Ctrl Pts',(19.1639329861486,9.77636336252418,0.));
#2980=CARTESIAN_POINT('Ctrl Pts',(18.7159741138424,9.97743436250261,0.));
#2981=CARTESIAN_POINT('Ctrl Pts',(18.225190026754,10.0033381581517,0.));
#2982=CARTESIAN_POINT('Ctrl Pts',(17.9697613155017,10.0168197956238,0.));
#2983=CARTESIAN_POINT('',(16.1534338447278,9.44673958805189,0.));
#2984=CARTESIAN_POINT('Ctrl Pts',(17.9697613155017,10.0168197956238,0.));
#2985=CARTESIAN_POINT('Ctrl Pts',(17.6271137850474,10.0001053742402,0.));
#2986=CARTESIAN_POINT('Ctrl Pts',(16.9707219958994,9.96808643938309,0.));
#2987=CARTESIAN_POINT('Ctrl Pts',(16.4177467374391,9.61534437472806,0.));
#2988=CARTESIAN_POINT('Ctrl Pts',(16.1534338447278,9.44673958805189,0.));
#2989=CARTESIAN_POINT('Ctrl Pts',(16.1534338447278,9.44673958805189,0.));
#2990=CARTESIAN_POINT('Ctrl Pts',(15.9233986634175,9.22376027657645,0.));
#2991=CARTESIAN_POINT('Ctrl Pts',(15.436816039181,8.75210260269316,0.));
#2992=CARTESIAN_POINT('Ctrl Pts',(15.1859464718348,8.12142323825432,0.));
#2993=CARTESIAN_POINT('Ctrl Pts',(15.0536771658529,7.78890175023995,0.));
#2994=CARTESIAN_POINT('Origin',(11.2470805187714,1.05776542300557,0.6));
#2995=CARTESIAN_POINT('',(3.12858658428527,8.80157389406663,0.6));
#2996=CARTESIAN_POINT('',(3.13935421237312,9.98160673210789,0.6));
#2997=CARTESIAN_POINT('',(3.09898073340646,5.55704539158394,0.6));
#2998=CARTESIAN_POINT('',(9.61248204660096,9.92254038171736,0.6));
#2999=CARTESIAN_POINT('',(10.4701547616528,9.91471424288541,0.6));
#3000=CARTESIAN_POINT('',(9.60376835881666,8.96760047833012,0.6));
#3001=CARTESIAN_POINT('',(9.56775172374214,5.0205090894998,0.6));
#3002=CARTESIAN_POINT('',(7.68629404339876,6.28375703395786,0.6));
#3003=CARTESIAN_POINT('Ctrl Pts',(9.60376835881665,8.96760047833012,0.6));
#3004=CARTESIAN_POINT('Ctrl Pts',(9.27186202824506,8.5842514347639,0.6));
#3005=CARTESIAN_POINT('Ctrl Pts',(8.93995569767347,8.20090239119768,0.6));
#3006=CARTESIAN_POINT('Ctrl Pts',(8.64229290407984,7.79283228926533,0.6));
#3007=CARTESIAN_POINT('Ctrl Pts',(8.29201348813629,7.31262932119123,0.6));
#3008=CARTESIAN_POINT('Ctrl Pts',(7.98915376576752,6.79819317757455,0.6));
#3009=CARTESIAN_POINT('Ctrl Pts',(7.68629404339876,6.28375703395786,0.6));
#3010=CARTESIAN_POINT('',(6.20521317944883,2.83191603116895,0.6));
#3011=CARTESIAN_POINT('Ctrl Pts',(7.68629404339876,6.28375703395786,0.6));
#3012=CARTESIAN_POINT('Ctrl Pts',(7.38718098771032,5.72393455736184,0.6));
#3013=CARTESIAN_POINT('Ctrl Pts',(7.08806793202187,5.16411208076583,0.6));
#3014=CARTESIAN_POINT('Ctrl Pts',(6.83939325029316,4.58268268977635,0.6));
#3015=CARTESIAN_POINT('Ctrl Pts',(6.5957108675628,4.01292585566348,0.6));
#3016=CARTESIAN_POINT('Ctrl Pts',(6.40046202350582,3.42242094341621,0.6));
#3017=CARTESIAN_POINT('Ctrl Pts',(6.20521317944883,2.83191603116895,0.6));
#3018=CARTESIAN_POINT('',(5.70948142660598,0.0873481238517693,0.6));
#3019=CARTESIAN_POINT('Ctrl Pts',(6.20521317944883,2.83191603116895,0.6));
#3020=CARTESIAN_POINT('Ctrl Pts',(6.08902131731038,2.39669883744316,0.6));
#3021=CARTESIAN_POINT('Ctrl Pts',(5.97282945517193,1.96148164371737,0.6));
#3022=CARTESIAN_POINT('Ctrl Pts',(5.89138713375844,1.51992155023928,0.6));
#3023=CARTESIAN_POINT('Ctrl Pts',(5.80420519888089,1.04724269425876,0.6));
#3024=CARTESIAN_POINT('Ctrl Pts',(5.75684331274344,0.567295409055266,0.6));
#3025=CARTESIAN_POINT('Ctrl Pts',(5.70948142660598,0.0873481238517693,0.6));
#3026=CARTESIAN_POINT('',(4.44759693742961,0.098862636356211,0.6));
#3027=CARTESIAN_POINT('',(7.84268111904326,0.067882986793882,0.6));
#3028=CARTESIAN_POINT('',(4.9374411289107,2.94580764778402,0.6));
#3029=CARTESIAN_POINT('Ctrl Pts',(4.44759693742961,0.0988626363562117,0.6));
#3030=CARTESIAN_POINT('Ctrl Pts',(4.48212828267062,0.534659931396018,0.6));
#3031=CARTESIAN_POINT('Ctrl Pts',(4.51665962791164,0.970457226435824,0.6));
#3032=CARTESIAN_POINT('Ctrl Pts',(4.58567310265133,1.40052150202515,0.6));
#3033=CARTESIAN_POINT('Ctrl Pts',(4.66923080778876,1.92121958403568,0.6));
#3034=CARTESIAN_POINT('Ctrl Pts',(4.80333596834973,2.43351361590985,0.6));
#3035=CARTESIAN_POINT('Ctrl Pts',(4.9374411289107,2.94580764778402,0.6));
#3036=CARTESIAN_POINT('',(6.23896621640757,6.15712179557508,0.6));
#3037=CARTESIAN_POINT('Ctrl Pts',(4.9374411289107,2.94580764778402,0.6));
#3038=CARTESIAN_POINT('Ctrl Pts',(5.10693551987123,3.4975046720879,0.6));
#3039=CARTESIAN_POINT('Ctrl Pts',(5.27642991083176,4.04920169639179,0.6));
#3040=CARTESIAN_POINT('Ctrl Pts',(5.49212937645471,4.58218577962289,0.6));
#3041=CARTESIAN_POINT('Ctrl Pts',(5.70972706284399,5.11986028455711,0.6));
#3042=CARTESIAN_POINT('Ctrl Pts',(5.97434663962578,5.6384910400661,0.6));
#3043=CARTESIAN_POINT('Ctrl Pts',(6.23896621640757,6.15712179557508,0.6));
#3044=CARTESIAN_POINT('',(8.02606387593498,8.7568851258009,0.6));
#3045=CARTESIAN_POINT('Ctrl Pts',(6.23896621640757,6.15712179557508,0.6));
#3046=CARTESIAN_POINT('Ctrl Pts',(6.51460750054298,6.64066606656095,0.6));
#3047=CARTESIAN_POINT('Ctrl Pts',(6.7902487846784,7.12421033754682,0.6));
#3048=CARTESIAN_POINT('Ctrl Pts',(7.10719605036266,7.57917010849562,0.6));
#3049=CARTESIAN_POINT('Ctrl Pts',(7.39135136043577,7.98705889247249,0.6));
#3050=CARTESIAN_POINT('Ctrl Pts',(7.70870761818537,8.3719720091367,0.6));
#3051=CARTESIAN_POINT('Ctrl Pts',(8.02606387593498,8.7568851258009,0.6));
#3052=CARTESIAN_POINT('',(7.22282321645108,8.76421458003941,0.6));
#3053=CARTESIAN_POINT('',(11.425478209715,0.0351904842270723,0.6));
#3054=CARTESIAN_POINT('',(11.4382375386448,1.43349538533137,0.6));
#3055=CARTESIAN_POINT('',(11.4365154832371,1.24477397766623,0.6));
#3056=CARTESIAN_POINT('',(12.8365424397491,1.42073605640159,0.6));
#3057=CARTESIAN_POINT('',(12.0435335346679,1.42797214736872,0.6));
#3058=CARTESIAN_POINT('',(12.8237831108193,0.0224311552972942,0.6));
#3059=CARTESIAN_POINT('',(12.8284407198765,0.532862198184302,0.6));
#3060=CARTESIAN_POINT('',(11.331621755186,0.0360469107293133,0.6));
#3061=CARTESIAN_POINT('',(14.6627056847536,4.93764381994602,0.6));
#3062=CARTESIAN_POINT('',(15.0536771658529,7.78890175023995,0.6));
#3063=CARTESIAN_POINT('Ctrl Pts',(14.6627056847536,4.93764381994602,0.6));
#3064=CARTESIAN_POINT('Ctrl Pts',(14.6748264248187,5.474207418337,0.6));
#3065=CARTESIAN_POINT('Ctrl Pts',(14.6869471648838,6.01077101672798,0.6));
#3066=CARTESIAN_POINT('Ctrl Pts',(14.7685395406682,6.53718844967832,0.6));
#3067=CARTESIAN_POINT('Ctrl Pts',(14.8338819403054,6.9587643377337,0.6));
#3068=CARTESIAN_POINT('Ctrl Pts',(14.9437795530791,7.37383304398682,0.6));
#3069=CARTESIAN_POINT('Ctrl Pts',(15.0536771658529,7.78890175023995,0.6));
#3070=CARTESIAN_POINT('',(16.1534338447278,9.44673958805189,0.6));
#3071=CARTESIAN_POINT('Ctrl Pts',(15.0536771658529,7.78890175023995,0.6));
#3072=CARTESIAN_POINT('Ctrl Pts',(15.1859464718348,8.12142323825432,0.6));
#3073=CARTESIAN_POINT('Ctrl Pts',(15.3182157778168,8.45394472626869,0.6));
#3074=CARTESIAN_POINT('Ctrl Pts',(15.5160099025172,8.74226048557453,0.6));
#3075=CARTESIAN_POINT('Ctrl Pts',(15.6933634821071,9.000780965101,0.6));
#3076=CARTESIAN_POINT('Ctrl Pts',(15.9233986634175,9.22376027657645,0.6));
#3077=CARTESIAN_POINT('Ctrl Pts',(16.1534338447278,9.44673958805189,0.6));
#3078=CARTESIAN_POINT('',(17.9697613155017,10.0168197956238,0.6));
#3079=CARTESIAN_POINT('Ctrl Pts',(16.1534338447278,9.44673958805189,0.6));
#3080=CARTESIAN_POINT('Ctrl Pts',(16.4177467374391,9.61534437472806,0.6));
#3081=CARTESIAN_POINT('Ctrl Pts',(16.6820596301503,9.78394916140422,0.6));
#3082=CARTESIAN_POINT('Ctrl Pts',(16.9699998861723,9.87927899039704,0.6));
#3083=CARTESIAN_POINT('Ctrl Pts',(17.2844662545931,9.98339095285658,0.6));
#3084=CARTESIAN_POINT('Ctrl Pts',(17.6271137850474,10.0001053742402,0.6));
#3085=CARTESIAN_POINT('Ctrl Pts',(17.9697613155017,10.0168197956238,0.6));
#3086=CARTESIAN_POINT('',(19.3787515418524,9.67993981902584,0.6));
#3087=CARTESIAN_POINT('Ctrl Pts',(17.9697613155017,10.0168197956238,0.6));
#3088=CARTESIAN_POINT('Ctrl Pts',(18.225190026754,10.0033381581517,0.6));
#3089=CARTESIAN_POINT('Ctrl Pts',(18.4806187380063,9.98985652067964,0.6));
#3090=CARTESIAN_POINT('Ctrl Pts',(18.7244474482172,9.92892760797575,0.6));
#3091=CARTESIAN_POINT('Ctrl Pts',(18.9491144304448,9.87278690602253,0.6));
#3092=CARTESIAN_POINT('Ctrl Pts',(19.1639329861486,9.77636336252418,0.6));
#3093=CARTESIAN_POINT('Ctrl Pts',(19.3787515418524,9.67993981902584,0.6));
#3094=CARTESIAN_POINT('',(20.3729117690203,8.73631315551873,0.6));
#3095=CARTESIAN_POINT('Ctrl Pts',(19.3787515418524,9.67993981902584,0.6));
#3096=CARTESIAN_POINT('Ctrl Pts',(19.5721201956912,9.55678351234444,0.6));
#3097=CARTESIAN_POINT('Ctrl Pts',(19.76548884953,9.43362720566305,0.6));
#3098=CARTESIAN_POINT('Ctrl Pts',(19.9293487235556,9.27926445887757,0.6));
#3099=CARTESIAN_POINT('Ctrl Pts',(20.0980569788127,9.12033433738357,0.6));
#3100=CARTESIAN_POINT('Ctrl Pts',(20.2354843739165,8.92832374645115,0.6));
#3101=CARTESIAN_POINT('Ctrl Pts',(20.3729117690203,8.73631315551873,0.6));
#3102=CARTESIAN_POINT('',(20.9800545514249,7.24367183190923,0.6));
#3103=CARTESIAN_POINT('Ctrl Pts',(20.3729117690203,8.73631315551873,0.6));
#3104=CARTESIAN_POINT('Ctrl Pts',(20.4974741865331,8.5132693324485,0.6));
#3105=CARTESIAN_POINT('Ctrl Pts',(20.6220366040459,8.29022550937828,0.6));
#3106=CARTESIAN_POINT('Ctrl Pts',(20.7197210493159,8.05610818169567,0.6));
#3107=CARTESIAN_POINT('Ctrl Pts',(20.8288705133437,7.79451299358194,0.6));
#3108=CARTESIAN_POINT('Ctrl Pts',(20.9044625323843,7.51909241274558,0.6));
#3109=CARTESIAN_POINT('Ctrl Pts',(20.9800545514249,7.24367183190923,0.6));
#3110=CARTESIAN_POINT('',(21.1835805141508,4.87814178516628,0.6));
#3111=CARTESIAN_POINT('Ctrl Pts',(20.9800545514249,7.24367183190923,0.6));
#3112=CARTESIAN_POINT('Ctrl Pts',(21.0423320838963,6.90097312935466,0.6));
#3113=CARTESIAN_POINT('Ctrl Pts',(21.1046096163676,6.5582744268001,0.6));
#3114=CARTESIAN_POINT('Ctrl Pts',(21.1394835478841,6.21301300604791,0.6));
#3115=CARTESIAN_POINT('Ctrl Pts',(21.1841444512877,5.77085789790073,0.6));
#3116=CARTESIAN_POINT('Ctrl Pts',(21.1838624827192,5.3244998415335,0.6));
#3117=CARTESIAN_POINT('Ctrl Pts',(21.1835805141508,4.87814178516628,0.6));
#3118=CARTESIAN_POINT('',(20.7961451398134,2.0404944674463,0.6));
#3119=CARTESIAN_POINT('Ctrl Pts',(21.1835805141508,4.87814178516628,0.6));
#3120=CARTESIAN_POINT('Ctrl Pts',(21.1714178039413,4.34505649177983,0.6));
#3121=CARTESIAN_POINT('Ctrl Pts',(21.1592550937318,3.81197119839337,0.6));
#3122=CARTESIAN_POINT('Ctrl Pts',(21.0786923338053,3.2888212816287,0.6));
#3123=CARTESIAN_POINT('Ctrl Pts',(21.0139547727542,2.86843536503006,0.6));
#3124=CARTESIAN_POINT('Ctrl Pts',(20.9050499562838,2.45446491623818,0.6));
#3125=CARTESIAN_POINT('Ctrl Pts',(20.7961451398134,2.0404944674463,0.6));
#3126=CARTESIAN_POINT('',(19.6997677824418,0.379215670129687,0.6));
#3127=CARTESIAN_POINT('Ctrl Pts',(20.7961451398134,2.0404944674463,0.6));
#3128=CARTESIAN_POINT('Ctrl Pts',(20.6647433479772,1.70774843260969,0.6));
#3129=CARTESIAN_POINT('Ctrl Pts',(20.533341556141,1.37500239777308,0.6));
#3130=CARTESIAN_POINT('Ctrl Pts',(20.3363621574909,1.08626038210568,0.6));
#3131=CARTESIAN_POINT('Ctrl Pts',(20.1594346700369,0.826911436457055,0.6));
#3132=CARTESIAN_POINT('Ctrl Pts',(19.9296012262394,0.60306355329337,0.6));
#3133=CARTESIAN_POINT('Ctrl Pts',(19.6997677824418,0.379215670129687,0.6));
#3134=CARTESIAN_POINT('',(17.8765871119871,-0.194214510963795,0.6));
#3135=CARTESIAN_POINT('Ctrl Pts',(19.6997677824418,0.379215670129687,0.6));
#3136=CARTESIAN_POINT('Ctrl Pts',(19.4349453078479,0.209625373913418,0.6));
#3137=CARTESIAN_POINT('Ctrl Pts',(19.170122833254,0.040035077697153,0.6));
#3138=CARTESIAN_POINT('Ctrl Pts',(18.8814725777623,-0.0558670367959323,
0.6));
#3139=CARTESIAN_POINT('Ctrl Pts',(18.5655406151375,-0.160833315797001,0.6));
#3140=CARTESIAN_POINT('Ctrl Pts',(18.2210638635623,-0.1775239133804,0.6));
#3141=CARTESIAN_POINT('Ctrl Pts',(17.8765871119871,-0.194214510963795,0.6));
#3142=CARTESIAN_POINT('',(15.6146545417088,0.863304367899325,0.6));
#3143=CARTESIAN_POINT('Ctrl Pts',(17.8765871119871,-0.194214510963795,0.6));
#3144=CARTESIAN_POINT('Ctrl Pts',(17.4244951106583,-0.151445247863551,0.6));
#3145=CARTESIAN_POINT('Ctrl Pts',(16.9724031093296,-0.108675984763304,0.6));
#3146=CARTESIAN_POINT('Ctrl Pts',(16.5880790724764,0.076763599926365,0.6));
#3147=CARTESIAN_POINT('Ctrl Pts',(16.2227900178405,0.253018645377105,0.6));
#3148=CARTESIAN_POINT('Ctrl Pts',(15.9187222797746,0.558161506638217,0.6));
#3149=CARTESIAN_POINT('Ctrl Pts',(15.6146545417088,0.863304367899325,0.6));
#3150=CARTESIAN_POINT('Ctrl Pts',(15.6146545417088,0.863304367899325,0.6));
#3151=CARTESIAN_POINT('Ctrl Pts',(15.3326949668517,1.40207294626965,0.6));
#3152=CARTESIAN_POINT('Ctrl Pts',(15.0507353919946,1.94084152463997,0.6));
#3153=CARTESIAN_POINT('Ctrl Pts',(14.8878405061617,2.51052244771345,0.6));
#3154=CARTESIAN_POINT('Ctrl Pts',(14.6673039855108,3.28178944000345,0.6));
#3155=CARTESIAN_POINT('Ctrl Pts',(14.6650048351322,4.10971662997474,0.6));
#3156=CARTESIAN_POINT('Ctrl Pts',(14.6627056847536,4.93764381994602,0.6));
#3157=CARTESIAN_POINT('Ctrl Pts',(5.70948142660598,0.0873481238517693,0.));
#3158=CARTESIAN_POINT('Ctrl Pts',(5.70948142660598,0.0873481238517693,5.5));
#3159=CARTESIAN_POINT('Ctrl Pts',(5.75684331274344,0.567295409055266,0.));
#3160=CARTESIAN_POINT('Ctrl Pts',(5.75684331274344,0.567295409055266,5.5));
#3161=CARTESIAN_POINT('Ctrl Pts',(5.84844902025253,1.49559270069048,0.));
#3162=CARTESIAN_POINT('Ctrl Pts',(5.84844902025253,1.49559270069048,5.5));
#3163=CARTESIAN_POINT('Ctrl Pts',(6.08902131731038,2.39669883744316,0.));
#3164=CARTESIAN_POINT('Ctrl Pts',(6.08902131731038,2.39669883744316,5.5));
#3165=CARTESIAN_POINT('Ctrl Pts',(6.20521317944883,2.83191603116895,0.));
#3166=CARTESIAN_POINT('Ctrl Pts',(6.20521317944883,2.83191603116895,5.5));
#3167=CARTESIAN_POINT('',(6.20521317944883,2.83191603116895,0.));
#3168=CARTESIAN_POINT('',(5.70948142660598,0.0873481238517693,0.));
#3169=CARTESIAN_POINT('Ctrl Pts',(6.20521317944883,2.83191603116895,0.));
#3170=CARTESIAN_POINT('Ctrl Pts',(6.20521317944883,2.83191603116895,5.5));
#3171=CARTESIAN_POINT('Ctrl Pts',(6.40046202350582,3.42242094341621,0.));
#3172=CARTESIAN_POINT('Ctrl Pts',(6.40046202350582,3.42242094341621,5.5));
#3173=CARTESIAN_POINT('Ctrl Pts',(6.79495975707933,4.6155283887929,0.));
#3174=CARTESIAN_POINT('Ctrl Pts',(6.79495975707933,4.6155283887929,5.5));
#3175=CARTESIAN_POINT('Ctrl Pts',(7.38718098771032,5.72393455736184,0.));
#3176=CARTESIAN_POINT('Ctrl Pts',(7.38718098771032,5.72393455736184,5.5));
#3177=CARTESIAN_POINT('Ctrl Pts',(7.68629404339876,6.28375703395786,0.));
#3178=CARTESIAN_POINT('Ctrl Pts',(7.68629404339876,6.28375703395786,5.5));
#3179=CARTESIAN_POINT('',(7.68629404339876,6.28375703395786,0.));
#3180=CARTESIAN_POINT('Ctrl Pts',(7.68629404339876,6.28375703395786,0.));
#3181=CARTESIAN_POINT('Ctrl Pts',(7.68629404339876,6.28375703395786,5.5));
#3182=CARTESIAN_POINT('Ctrl Pts',(7.98915376576752,6.79819317757455,0.));
#3183=CARTESIAN_POINT('Ctrl Pts',(7.98915376576752,6.79819317757455,5.5));
#3184=CARTESIAN_POINT('Ctrl Pts',(8.5493796561837,7.74979032085202,0.));
#3185=CARTESIAN_POINT('Ctrl Pts',(8.5493796561837,7.74979032085202,5.5));
#3186=CARTESIAN_POINT('Ctrl Pts',(9.27186202824506,8.5842514347639,0.));
#3187=CARTESIAN_POINT('Ctrl Pts',(9.27186202824506,8.5842514347639,5.5));
#3188=CARTESIAN_POINT('Ctrl Pts',(9.60376835881665,8.96760047833012,0.));
#3189=CARTESIAN_POINT('Ctrl Pts',(9.60376835881665,8.96760047833012,5.5));
#3190=CARTESIAN_POINT('',(9.60376835881666,8.96760047833012,0.));
#3191=CARTESIAN_POINT('Origin',(9.60376835881666,8.96760047833012,0.));
#3192=CARTESIAN_POINT('',(9.61248204660096,9.92254038171736,0.));
#3193=CARTESIAN_POINT('Origin',(9.61248204660096,9.92254038171736,0.));
#3194=CARTESIAN_POINT('',(3.13935421237312,9.98160673210789,0.));
#3195=CARTESIAN_POINT('Origin',(3.13935421237312,9.98160673210789,0.));
#3196=CARTESIAN_POINT('',(3.12858658428527,8.80157389406663,0.));
#3197=CARTESIAN_POINT('Origin',(3.12858658428527,8.80157389406663,0.));
#3198=CARTESIAN_POINT('',(8.02606387593498,8.7568851258009,0.));
#3199=CARTESIAN_POINT('Ctrl Pts',(8.02606387593498,8.7568851258009,0.));
#3200=CARTESIAN_POINT('Ctrl Pts',(8.02606387593498,8.7568851258009,5.5));
#3201=CARTESIAN_POINT('Ctrl Pts',(7.70870761818537,8.3719720091367,0.));
#3202=CARTESIAN_POINT('Ctrl Pts',(7.70870761818537,8.3719720091367,5.5));
#3203=CARTESIAN_POINT('Ctrl Pts',(7.03737170714108,7.55772621584106,0.));
#3204=CARTESIAN_POINT('Ctrl Pts',(7.03737170714108,7.55772621584106,5.5));
#3205=CARTESIAN_POINT('Ctrl Pts',(6.51460750054298,6.64066606656095,0.));
#3206=CARTESIAN_POINT('Ctrl Pts',(6.51460750054298,6.64066606656095,5.5));
#3207=CARTESIAN_POINT('Ctrl Pts',(6.23896621640757,6.15712179557508,0.));
#3208=CARTESIAN_POINT('Ctrl Pts',(6.23896621640757,6.15712179557508,5.5));
#3209=CARTESIAN_POINT('',(6.23896621640757,6.15712179557508,0.));
#3210=CARTESIAN_POINT('Ctrl Pts',(6.23896621640757,6.15712179557508,0.));
#3211=CARTESIAN_POINT('Ctrl Pts',(6.23896621640757,6.15712179557508,5.5));
#3212=CARTESIAN_POINT('Ctrl Pts',(5.97434663962578,5.6384910400661,0.));
#3213=CARTESIAN_POINT('Ctrl Pts',(5.97434663962578,5.6384910400661,5.5));
#3214=CARTESIAN_POINT('Ctrl Pts',(5.44741590387747,4.60575382195997,0.));
#3215=CARTESIAN_POINT('Ctrl Pts',(5.44741590387747,4.60575382195997,5.5));
#3216=CARTESIAN_POINT('Ctrl Pts',(5.10693551987123,3.4975046720879,0.));
#3217=CARTESIAN_POINT('Ctrl Pts',(5.10693551987123,3.4975046720879,5.5));
#3218=CARTESIAN_POINT('Ctrl Pts',(4.9374411289107,2.94580764778402,0.));
#3219=CARTESIAN_POINT('Ctrl Pts',(4.9374411289107,2.94580764778402,5.5));
#3220=CARTESIAN_POINT('',(4.9374411289107,2.94580764778402,0.));
#3221=CARTESIAN_POINT('Ctrl Pts',(4.9374411289107,2.94580764778402,0.));
#3222=CARTESIAN_POINT('Ctrl Pts',(4.9374411289107,2.94580764778402,5.5));
#3223=CARTESIAN_POINT('Ctrl Pts',(4.80333596834973,2.43351361590985,0.));
#3224=CARTESIAN_POINT('Ctrl Pts',(4.80333596834973,2.43351361590985,5.5));
#3225=CARTESIAN_POINT('Ctrl Pts',(4.55846827433223,1.49809653189001,0.));
#3226=CARTESIAN_POINT('Ctrl Pts',(4.55846827433223,1.49809653189001,5.5));
#3227=CARTESIAN_POINT('Ctrl Pts',(4.48212828267062,0.534659931396018,0.));
#3228=CARTESIAN_POINT('Ctrl Pts',(4.48212828267062,0.534659931396018,5.5));
#3229=CARTESIAN_POINT('Ctrl Pts',(4.44759693742961,0.0988626363562117,0.));
#3230=CARTESIAN_POINT('Ctrl Pts',(4.44759693742961,0.0988626363562117,5.5));
#3231=CARTESIAN_POINT('',(4.44759693742961,0.098862636356211,0.));
#3232=CARTESIAN_POINT('Origin',(4.44759693742961,0.098862636356211,0.));
#3233=CARTESIAN_POINT('Origin',(12.8365424397491,1.42073605640159,0.));
#3234=CARTESIAN_POINT('',(11.4382375386448,1.43349538533137,0.));
#3235=CARTESIAN_POINT('',(12.8365424397491,1.42073605640159,0.));
#3236=CARTESIAN_POINT('Origin',(11.4382375386448,1.43349538533137,0.));
#3237=CARTESIAN_POINT('',(11.425478209715,0.0351904842270723,0.));
#3238=CARTESIAN_POINT('Origin',(11.425478209715,0.0351904842270724,0.));
#3239=CARTESIAN_POINT('',(12.8237831108193,0.0224311552972942,0.));
#3240=CARTESIAN_POINT('Origin',(12.8237831108193,0.0224311552972942,0.));
#3241=CARTESIAN_POINT('Ctrl Pts',(20.9800545514249,7.24367183190923,0.));
#3242=CARTESIAN_POINT('Ctrl Pts',(20.9800545514249,7.24367183190923,5.5));
#3243=CARTESIAN_POINT('Ctrl Pts',(20.9044625323843,7.51909241274558,0.));
#3244=CARTESIAN_POINT('Ctrl Pts',(20.9044625323843,7.51909241274558,5.5));
#3245=CARTESIAN_POINT('Ctrl Pts',(20.7612186516274,8.04100349992171,0.));
#3246=CARTESIAN_POINT('Ctrl Pts',(20.7612186516274,8.04100349992171,5.5));
#3247=CARTESIAN_POINT('Ctrl Pts',(20.4974741865331,8.5132693324485,0.));
#3248=CARTESIAN_POINT('Ctrl Pts',(20.4974741865331,8.5132693324485,5.5));
#3249=CARTESIAN_POINT('Ctrl Pts',(20.3729117690203,8.73631315551873,0.));
#3250=CARTESIAN_POINT('Ctrl Pts',(20.3729117690203,8.73631315551873,5.5));
#3251=CARTESIAN_POINT('',(20.3729117690203,8.73631315551873,0.));
#3252=CARTESIAN_POINT('',(20.9800545514249,7.24367183190923,0.));
#3253=CARTESIAN_POINT('Ctrl Pts',(20.3729117690203,8.73631315551873,0.));
#3254=CARTESIAN_POINT('Ctrl Pts',(20.3729117690203,8.73631315551873,5.5));
#3255=CARTESIAN_POINT('Ctrl Pts',(20.2354843739165,8.92832374645115,0.));
#3256=CARTESIAN_POINT('Ctrl Pts',(20.2354843739165,8.92832374645115,5.5));
#3257=CARTESIAN_POINT('Ctrl Pts',(19.9645790075359,9.3068268785684,0.));
#3258=CARTESIAN_POINT('Ctrl Pts',(19.9645790075359,9.3068268785684,5.5));
#3259=CARTESIAN_POINT('Ctrl Pts',(19.5721201956912,9.55678351234444,0.));
#3260=CARTESIAN_POINT('Ctrl Pts',(19.5721201956912,9.55678351234444,5.5));
#3261=CARTESIAN_POINT('Ctrl Pts',(19.3787515418524,9.67993981902584,0.));
#3262=CARTESIAN_POINT('Ctrl Pts',(19.3787515418524,9.67993981902584,5.5));
#3263=CARTESIAN_POINT('',(19.3787515418524,9.67993981902584,0.));
#3264=CARTESIAN_POINT('Ctrl Pts',(19.3787515418524,9.67993981902584,0.));
#3265=CARTESIAN_POINT('Ctrl Pts',(19.3787515418524,9.67993981902584,5.5));
#3266=CARTESIAN_POINT('Ctrl Pts',(19.1639329861486,9.77636336252418,0.));
#3267=CARTESIAN_POINT('Ctrl Pts',(19.1639329861486,9.77636336252418,5.5));
#3268=CARTESIAN_POINT('Ctrl Pts',(18.7159741138424,9.97743436250261,0.));
#3269=CARTESIAN_POINT('Ctrl Pts',(18.7159741138424,9.97743436250261,5.5));
#3270=CARTESIAN_POINT('Ctrl Pts',(18.225190026754,10.0033381581517,0.));
#3271=CARTESIAN_POINT('Ctrl Pts',(18.225190026754,10.0033381581517,5.5));
#3272=CARTESIAN_POINT('Ctrl Pts',(17.9697613155017,10.0168197956238,0.));
#3273=CARTESIAN_POINT('Ctrl Pts',(17.9697613155017,10.0168197956238,5.5));
#3274=CARTESIAN_POINT('',(17.9697613155017,10.0168197956238,0.));
#3275=CARTESIAN_POINT('Ctrl Pts',(17.9697613155017,10.0168197956238,0.));
#3276=CARTESIAN_POINT('Ctrl Pts',(17.9697613155017,10.0168197956238,5.5));
#3277=CARTESIAN_POINT('Ctrl Pts',(17.6271137850474,10.0001053742402,0.));
#3278=CARTESIAN_POINT('Ctrl Pts',(17.6271137850474,10.0001053742402,5.5));
#3279=CARTESIAN_POINT('Ctrl Pts',(16.9707219958994,9.96808643938309,0.));
#3280=CARTESIAN_POINT('Ctrl Pts',(16.9707219958994,9.96808643938309,5.5));
#3281=CARTESIAN_POINT('Ctrl Pts',(16.4177467374391,9.61534437472806,0.));
#3282=CARTESIAN_POINT('Ctrl Pts',(16.4177467374391,9.61534437472806,5.5));
#3283=CARTESIAN_POINT('Ctrl Pts',(16.1534338447278,9.44673958805189,0.));
#3284=CARTESIAN_POINT('Ctrl Pts',(16.1534338447278,9.44673958805189,5.5));
#3285=CARTESIAN_POINT('',(16.1534338447278,9.44673958805189,0.));
#3286=CARTESIAN_POINT('Ctrl Pts',(16.1534338447278,9.44673958805189,0.));
#3287=CARTESIAN_POINT('Ctrl Pts',(16.1534338447278,9.44673958805189,5.5));
#3288=CARTESIAN_POINT('Ctrl Pts',(15.9233986634175,9.22376027657645,0.));
#3289=CARTESIAN_POINT('Ctrl Pts',(15.9233986634175,9.22376027657645,5.5));
#3290=CARTESIAN_POINT('Ctrl Pts',(15.436816039181,8.75210260269316,0.));
#3291=CARTESIAN_POINT('Ctrl Pts',(15.436816039181,8.75210260269316,5.5));
#3292=CARTESIAN_POINT('Ctrl Pts',(15.1859464718348,8.12142323825432,0.));
#3293=CARTESIAN_POINT('Ctrl Pts',(15.1859464718348,8.12142323825432,5.5));
#3294=CARTESIAN_POINT('Ctrl Pts',(15.0536771658529,7.78890175023995,0.));
#3295=CARTESIAN_POINT('Ctrl Pts',(15.0536771658529,7.78890175023995,5.5));
#3296=CARTESIAN_POINT('',(15.0536771658529,7.78890175023995,0.));
#3297=CARTESIAN_POINT('Ctrl Pts',(15.0536771658529,7.78890175023995,0.));
#3298=CARTESIAN_POINT('Ctrl Pts',(15.0536771658529,7.78890175023995,5.5));
#3299=CARTESIAN_POINT('Ctrl Pts',(14.9437795530791,7.37383304398682,0.));
#3300=CARTESIAN_POINT('Ctrl Pts',(14.9437795530791,7.37383304398682,5.5));
#3301=CARTESIAN_POINT('Ctrl Pts',(14.6966539326255,6.4404723551166,0.));
#3302=CARTESIAN_POINT('Ctrl Pts',(14.6966539326255,6.4404723551166,5.5));
#3303=CARTESIAN_POINT('Ctrl Pts',(14.6748264248187,5.474207418337,0.));
#3304=CARTESIAN_POINT('Ctrl Pts',(14.6748264248187,5.474207418337,5.5));
#3305=CARTESIAN_POINT('Ctrl Pts',(14.6627056847536,4.93764381994602,0.));
#3306=CARTESIAN_POINT('Ctrl Pts',(14.6627056847536,4.93764381994602,5.5));
#3307=CARTESIAN_POINT('',(14.6627056847536,4.93764381994602,0.));
#3308=CARTESIAN_POINT('Ctrl Pts',(14.6627056847536,4.93764381994602,0.));
#3309=CARTESIAN_POINT('Ctrl Pts',(14.6627056847536,4.93764381994602,5.5));
#3310=CARTESIAN_POINT('Ctrl Pts',(14.6650048351322,4.10971662997474,0.));
#3311=CARTESIAN_POINT('Ctrl Pts',(14.6650048351322,4.10971662997474,5.5));
#3312=CARTESIAN_POINT('Ctrl Pts',(14.669002206909,2.67025759625105,0.));
#3313=CARTESIAN_POINT('Ctrl Pts',(14.669002206909,2.67025759625105,5.5));
#3314=CARTESIAN_POINT('Ctrl Pts',(15.3326949668517,1.40207294626965,0.));
#3315=CARTESIAN_POINT('Ctrl Pts',(15.3326949668517,1.40207294626965,5.5));
#3316=CARTESIAN_POINT('Ctrl Pts',(15.6146545417088,0.863304367899325,0.));
#3317=CARTESIAN_POINT('Ctrl Pts',(15.6146545417088,0.863304367899325,5.5));
#3318=CARTESIAN_POINT('',(15.6146545417088,0.863304367899325,0.));
#3319=CARTESIAN_POINT('Ctrl Pts',(15.6146545417088,0.863304367899325,0.));
#3320=CARTESIAN_POINT('Ctrl Pts',(15.6146545417088,0.863304367899325,5.5));
#3321=CARTESIAN_POINT('Ctrl Pts',(15.9187222797746,0.558161506638217,0.));
#3322=CARTESIAN_POINT('Ctrl Pts',(15.9187222797746,0.558161506638217,5.5));
#3323=CARTESIAN_POINT('Ctrl Pts',(16.5427025339348,-0.0680250179039676,
0.));
#3324=CARTESIAN_POINT('Ctrl Pts',(16.5427025339348,-0.0680250179039676,
5.5));
#3325=CARTESIAN_POINT('Ctrl Pts',(17.4244951106583,-0.151445247863551,0.));
#3326=CARTESIAN_POINT('Ctrl Pts',(17.4244951106583,-0.151445247863551,5.5));
#3327=CARTESIAN_POINT('Ctrl Pts',(17.8765871119871,-0.194214510963795,0.));
#3328=CARTESIAN_POINT('Ctrl Pts',(17.8765871119871,-0.194214510963795,5.5));
#3329=CARTESIAN_POINT('',(17.8765871119871,-0.194214510963795,0.));
#3330=CARTESIAN_POINT('Ctrl Pts',(17.8765871119871,-0.194214510963795,0.));
#3331=CARTESIAN_POINT('Ctrl Pts',(17.8765871119871,-0.194214510963795,5.5));
#3332=CARTESIAN_POINT('Ctrl Pts',(18.2210638635623,-0.1775239133804,0.));
#3333=CARTESIAN_POINT('Ctrl Pts',(18.2210638635623,-0.1775239133804,5.5));
#3334=CARTESIAN_POINT('Ctrl Pts',(18.8802707283144,-0.145584003202193,0.));
#3335=CARTESIAN_POINT('Ctrl Pts',(18.8802707283144,-0.145584003202193,5.5));
#3336=CARTESIAN_POINT('Ctrl Pts',(19.4349453078479,0.209625373913418,0.));
#3337=CARTESIAN_POINT('Ctrl Pts',(19.4349453078479,0.209625373913418,5.5));
#3338=CARTESIAN_POINT('Ctrl Pts',(19.6997677824418,0.379215670129687,0.));
#3339=CARTESIAN_POINT('Ctrl Pts',(19.6997677824418,0.379215670129687,5.5));
#3340=CARTESIAN_POINT('',(19.6997677824418,0.379215670129687,0.));
#3341=CARTESIAN_POINT('Ctrl Pts',(19.6997677824418,0.379215670129687,0.));
#3342=CARTESIAN_POINT('Ctrl Pts',(19.6997677824418,0.379215670129687,5.5));
#3343=CARTESIAN_POINT('Ctrl Pts',(19.9296012262394,0.60306355329337,0.));
#3344=CARTESIAN_POINT('Ctrl Pts',(19.9296012262394,0.60306355329337,5.5));
#3345=CARTESIAN_POINT('Ctrl Pts',(20.4153160720759,1.07612890994983,0.));
#3346=CARTESIAN_POINT('Ctrl Pts',(20.4153160720759,1.07612890994983,5.5));
#3347=CARTESIAN_POINT('Ctrl Pts',(20.6647433479772,1.70774843260969,0.));
#3348=CARTESIAN_POINT('Ctrl Pts',(20.6647433479772,1.70774843260969,5.5));
#3349=CARTESIAN_POINT('Ctrl Pts',(20.7961451398134,2.0404944674463,0.));
#3350=CARTESIAN_POINT('Ctrl Pts',(20.7961451398134,2.0404944674463,5.5));
#3351=CARTESIAN_POINT('',(20.7961451398134,2.0404944674463,0.));
#3352=CARTESIAN_POINT('Ctrl Pts',(20.7961451398134,2.0404944674463,0.));
#3353=CARTESIAN_POINT('Ctrl Pts',(20.7961451398134,2.0404944674463,5.5));
#3354=CARTESIAN_POINT('Ctrl Pts',(20.9050499562838,2.45446491623817,0.));
#3355=CARTESIAN_POINT('Ctrl Pts',(20.9050499562838,2.45446491623817,5.5));
#3356=CARTESIAN_POINT('Ctrl Pts',(21.1494815433289,3.38360154276687,0.));
#3357=CARTESIAN_POINT('Ctrl Pts',(21.1494815433289,3.38360154276687,5.5));
#3358=CARTESIAN_POINT('Ctrl Pts',(21.1714178039413,4.34505649177983,0.));
#3359=CARTESIAN_POINT('Ctrl Pts',(21.1714178039413,4.34505649177983,5.5));
#3360=CARTESIAN_POINT('Ctrl Pts',(21.1835805141508,4.87814178516628,0.));
#3361=CARTESIAN_POINT('Ctrl Pts',(21.1835805141508,4.87814178516628,5.5));
#3362=CARTESIAN_POINT('',(21.1835805141508,4.87814178516628,0.));
#3363=CARTESIAN_POINT('Ctrl Pts',(21.1835805141508,4.87814178516628,0.));
#3364=CARTESIAN_POINT('Ctrl Pts',(21.1835805141508,4.87814178516628,5.5));
#3365=CARTESIAN_POINT('Ctrl Pts',(21.1838624827192,5.3244998415335,0.));
#3366=CARTESIAN_POINT('Ctrl Pts',(21.1838624827192,5.3244998415335,5.5));
#3367=CARTESIAN_POINT('Ctrl Pts',(21.1843646293807,6.11940123453959,0.));
#3368=CARTESIAN_POINT('Ctrl Pts',(21.1843646293807,6.11940123453959,5.5));
#3369=CARTESIAN_POINT('Ctrl Pts',(21.0423320838963,6.90097312935466,0.));
#3370=CARTESIAN_POINT('Ctrl Pts',(21.0423320838963,6.90097312935466,5.5));
#3371=CARTESIAN_POINT('Ctrl Pts',(20.9800545514249,7.24367183190923,0.));
#3372=CARTESIAN_POINT('Ctrl Pts',(20.9800545514249,7.24367183190923,5.5));
#3373=UNCERTAINTY_MEASURE_WITH_UNIT(LENGTH_MEASURE(0.01),#3377,
'DISTANCE_ACCURACY_VALUE',
'Maximum model space distance between geometric entities at asserted c
onnectivities');
#3374=UNCERTAINTY_MEASURE_WITH_UNIT(LENGTH_MEASURE(0.01),#3377,
'DISTANCE_ACCURACY_VALUE',
'Maximum model space distance between geometric entities at asserted c
onnectivities');
#3375=(
GEOMETRIC_REPRESENTATION_CONTEXT(3)
GLOBAL_UNCERTAINTY_ASSIGNED_CONTEXT((#3373))
GLOBAL_UNIT_ASSIGNED_CONTEXT((#3377,#3379,#3380))
REPRESENTATION_CONTEXT('','3D')
);
#3376=(
GEOMETRIC_REPRESENTATION_CONTEXT(3)
GLOBAL_UNCERTAINTY_ASSIGNED_CONTEXT((#3374))
GLOBAL_UNIT_ASSIGNED_CONTEXT((#3377,#3379,#3380))
REPRESENTATION_CONTEXT('','3D')
);
#3377=(
LENGTH_UNIT()
NAMED_UNIT(*)
SI_UNIT(.MILLI.,.METRE.)
);
#3378=(
LENGTH_UNIT()
NAMED_UNIT(*)
SI_UNIT($,.METRE.)
);
#3379=(
NAMED_UNIT(*)
PLANE_ANGLE_UNIT()
SI_UNIT($,.RADIAN.)
);
#3380=(
NAMED_UNIT(*)
SI_UNIT($,.STERADIAN.)
SOLID_ANGLE_UNIT()
);
#3381=SHAPE_DEFINITION_REPRESENTATION(#3382,#3383);
#3382=PRODUCT_DEFINITION_SHAPE('',$,#3385);
#3383=SHAPE_REPRESENTATION('',(#1653),#3375);
#3384=PRODUCT_DEFINITION_CONTEXT('part definition',#3389,'design');
#3385=PRODUCT_DEFINITION('Thickness-7.0 mm','Thickness-7.0 mm v2',#3386,
#3384);
#3386=PRODUCT_DEFINITION_FORMATION('',$,#3391);
#3387=PRODUCT_RELATED_PRODUCT_CATEGORY('Thickness-7.0 mm v2',
'Thickness-7.0 mm v2',(#3391));
#3388=APPLICATION_PROTOCOL_DEFINITION('international standard',
'automotive_design',2009,#3389);
#3389=APPLICATION_CONTEXT(
'Core Data for Automotive Mechanical Design Process');
#3390=PRODUCT_CONTEXT('part definition',#3389,'mechanical');
#3391=PRODUCT('Thickness-7.0 mm','Thickness-7.0 mm v2',$,(#3390));
#3392=PRESENTATION_STYLE_ASSIGNMENT((#3393));
#3393=SURFACE_STYLE_USAGE(.BOTH.,#3394);
#3394=SURFACE_SIDE_STYLE('',(#3395));
#3395=SURFACE_STYLE_FILL_AREA(#3396);
#3396=FILL_AREA_STYLE('Acciaio - Satinato',(#3397));
#3397=FILL_AREA_STYLE_COLOUR('Acciaio - Satinato',#3398);
#3398=COLOUR_RGB('Acciaio - Satinato',0.627450980392157,0.627450980392157,
0.627450980392157);
ENDSEC;
END-ISO-10303-21;
