ISO-10303-21;
HEADER;
/* Generated by software containing ST-Developer
 * from STEP Tools, Inc. (www.steptools.com) 
 */

FILE_DESCRIPTION(
/* description */ (''),
/* implementation_level */ '2;1');

FILE_NAME(
/* name */ 'Thickness-8.0 mm.step',
/* time_stamp */ '2026-05-11T21:26:26+02:00',
/* author */ (''),
/* organization */ (''),
/* preprocessor_version */ 'ST-DEVELOPER v20.1',
/* originating_system */ 'Autodesk Translation Framework v15.8.0.0',
/* authorisation */ '');

FILE_SCHEMA (('AUTOMOTIVE_DESIGN { 1 0 10303 214 3 1 1 }'));
ENDSEC;

DATA;
#10=MECHANICAL_DESIGN_GEOMETRIC_PRESENTATION_REPRESENTATION('',(#30,#31,
#32,#33,#34,#35,#36),#5522);
#11=SHAPE_REPRESENTATION_RELATIONSHIP('SRR','None',#5529,#12);
#12=ADVANCED_BREP_SHAPE_REPRESENTATION('',(#37,#38,#39,#40,#41,#42,#43),
#5521);
#13=CYLINDRICAL_SURFACE('',#2524,2.5);
#14=CIRCLE('',#2522,2.5);
#15=CIRCLE('',#2525,2.5);
#16=FACE_BOUND('',#242,.T.);
#17=FACE_BOUND('',#244,.T.);
#18=FACE_BOUND('',#285,.T.);
#19=FACE_BOUND('',#286,.T.);
#20=FACE_BOUND('',#288,.T.);
#21=FACE_BOUND('',#289,.T.);
#22=FACE_BOUND('',#317,.T.);
#23=FACE_BOUND('',#322,.T.);
#24=FACE_BOUND('',#323,.T.);
#25=FACE_BOUND('',#324,.T.);
#26=FACE_BOUND('',#325,.T.);
#27=FACE_BOUND('',#327,.T.);
#28=FACE_BOUND('',#328,.T.);
#29=FACE_BOUND('',#329,.T.);
#30=STYLED_ITEM('',(#5538),#37);
#31=STYLED_ITEM('',(#5538),#38);
#32=STYLED_ITEM('',(#5538),#39);
#33=STYLED_ITEM('',(#5538),#40);
#34=STYLED_ITEM('',(#5538),#41);
#35=STYLED_ITEM('',(#5538),#42);
#36=STYLED_ITEM('',(#5538),#43);
#37=MANIFOLD_SOLID_BREP('Corpo1',#2480);
#38=MANIFOLD_SOLID_BREP('Corpo9',#2481);
#39=MANIFOLD_SOLID_BREP('Corpo3',#2482);
#40=MANIFOLD_SOLID_BREP('Corpo5',#2483);
#41=MANIFOLD_SOLID_BREP('Corpo8',#2484);
#42=MANIFOLD_SOLID_BREP('Corpo7',#2485);
#43=MANIFOLD_SOLID_BREP('Corpo6',#2486);
#44=PLANE('',#2500);
#45=PLANE('',#2501);
#46=PLANE('',#2502);
#47=PLANE('',#2503);
#48=PLANE('',#2504);
#49=PLANE('',#2505);
#50=PLANE('',#2506);
#51=PLANE('',#2507);
#52=PLANE('',#2508);
#53=PLANE('',#2509);
#54=PLANE('',#2510);
#55=PLANE('',#2511);
#56=PLANE('',#2512);
#57=PLANE('',#2513);
#58=PLANE('',#2514);
#59=PLANE('',#2515);
#60=PLANE('',#2516);
#61=PLANE('',#2517);
#62=PLANE('',#2518);
#63=PLANE('',#2519);
#64=PLANE('',#2520);
#65=PLANE('',#2521);
#66=PLANE('',#2523);
#67=PLANE('',#2526);
#68=PLANE('',#2527);
#69=PLANE('',#2528);
#70=PLANE('',#2529);
#71=PLANE('',#2530);
#72=PLANE('',#2531);
#73=PLANE('',#2532);
#74=FACE_OUTER_BOUND('',#211,.T.);
#75=FACE_OUTER_BOUND('',#212,.T.);
#76=FACE_OUTER_BOUND('',#213,.T.);
#77=FACE_OUTER_BOUND('',#214,.T.);
#78=FACE_OUTER_BOUND('',#215,.T.);
#79=FACE_OUTER_BOUND('',#216,.T.);
#80=FACE_OUTER_BOUND('',#217,.T.);
#81=FACE_OUTER_BOUND('',#218,.T.);
#82=FACE_OUTER_BOUND('',#219,.T.);
#83=FACE_OUTER_BOUND('',#220,.T.);
#84=FACE_OUTER_BOUND('',#221,.T.);
#85=FACE_OUTER_BOUND('',#222,.T.);
#86=FACE_OUTER_BOUND('',#223,.T.);
#87=FACE_OUTER_BOUND('',#224,.T.);
#88=FACE_OUTER_BOUND('',#225,.T.);
#89=FACE_OUTER_BOUND('',#226,.T.);
#90=FACE_OUTER_BOUND('',#227,.T.);
#91=FACE_OUTER_BOUND('',#228,.T.);
#92=FACE_OUTER_BOUND('',#229,.T.);
#93=FACE_OUTER_BOUND('',#230,.T.);
#94=FACE_OUTER_BOUND('',#231,.T.);
#95=FACE_OUTER_BOUND('',#232,.T.);
#96=FACE_OUTER_BOUND('',#233,.T.);
#97=FACE_OUTER_BOUND('',#234,.T.);
#98=FACE_OUTER_BOUND('',#235,.T.);
#99=FACE_OUTER_BOUND('',#236,.T.);
#100=FACE_OUTER_BOUND('',#237,.T.);
#101=FACE_OUTER_BOUND('',#238,.T.);
#102=FACE_OUTER_BOUND('',#239,.T.);
#103=FACE_OUTER_BOUND('',#240,.T.);
#104=FACE_OUTER_BOUND('',#241,.T.);
#105=FACE_OUTER_BOUND('',#243,.T.);
#106=FACE_OUTER_BOUND('',#245,.T.);
#107=FACE_OUTER_BOUND('',#246,.T.);
#108=FACE_OUTER_BOUND('',#247,.T.);
#109=FACE_OUTER_BOUND('',#248,.T.);
#110=FACE_OUTER_BOUND('',#249,.T.);
#111=FACE_OUTER_BOUND('',#250,.T.);
#112=FACE_OUTER_BOUND('',#251,.T.);
#113=FACE_OUTER_BOUND('',#252,.T.);
#114=FACE_OUTER_BOUND('',#253,.T.);
#115=FACE_OUTER_BOUND('',#254,.T.);
#116=FACE_OUTER_BOUND('',#255,.T.);
#117=FACE_OUTER_BOUND('',#256,.T.);
#118=FACE_OUTER_BOUND('',#257,.T.);
#119=FACE_OUTER_BOUND('',#258,.T.);
#120=FACE_OUTER_BOUND('',#259,.T.);
#121=FACE_OUTER_BOUND('',#260,.T.);
#122=FACE_OUTER_BOUND('',#261,.T.);
#123=FACE_OUTER_BOUND('',#262,.T.);
#124=FACE_OUTER_BOUND('',#263,.T.);
#125=FACE_OUTER_BOUND('',#264,.T.);
#126=FACE_OUTER_BOUND('',#265,.T.);
#127=FACE_OUTER_BOUND('',#266,.T.);
#128=FACE_OUTER_BOUND('',#267,.T.);
#129=FACE_OUTER_BOUND('',#268,.T.);
#130=FACE_OUTER_BOUND('',#269,.T.);
#131=FACE_OUTER_BOUND('',#270,.T.);
#132=FACE_OUTER_BOUND('',#271,.T.);
#133=FACE_OUTER_BOUND('',#272,.T.);
#134=FACE_OUTER_BOUND('',#273,.T.);
#135=FACE_OUTER_BOUND('',#274,.T.);
#136=FACE_OUTER_BOUND('',#275,.T.);
#137=FACE_OUTER_BOUND('',#276,.T.);
#138=FACE_OUTER_BOUND('',#277,.T.);
#139=FACE_OUTER_BOUND('',#278,.T.);
#140=FACE_OUTER_BOUND('',#279,.T.);
#141=FACE_OUTER_BOUND('',#280,.T.);
#142=FACE_OUTER_BOUND('',#281,.T.);
#143=FACE_OUTER_BOUND('',#282,.T.);
#144=FACE_OUTER_BOUND('',#283,.T.);
#145=FACE_OUTER_BOUND('',#284,.T.);
#146=FACE_OUTER_BOUND('',#287,.T.);
#147=FACE_OUTER_BOUND('',#290,.T.);
#148=FACE_OUTER_BOUND('',#291,.T.);
#149=FACE_OUTER_BOUND('',#292,.T.);
#150=FACE_OUTER_BOUND('',#293,.T.);
#151=FACE_OUTER_BOUND('',#294,.T.);
#152=FACE_OUTER_BOUND('',#295,.T.);
#153=FACE_OUTER_BOUND('',#296,.T.);
#154=FACE_OUTER_BOUND('',#297,.T.);
#155=FACE_OUTER_BOUND('',#298,.T.);
#156=FACE_OUTER_BOUND('',#299,.T.);
#157=FACE_OUTER_BOUND('',#300,.T.);
#158=FACE_OUTER_BOUND('',#301,.T.);
#159=FACE_OUTER_BOUND('',#302,.T.);
#160=FACE_OUTER_BOUND('',#303,.T.);
#161=FACE_OUTER_BOUND('',#304,.T.);
#162=FACE_OUTER_BOUND('',#305,.T.);
#163=FACE_OUTER_BOUND('',#306,.T.);
#164=FACE_OUTER_BOUND('',#307,.T.);
#165=FACE_OUTER_BOUND('',#308,.T.);
#166=FACE_OUTER_BOUND('',#309,.T.);
#167=FACE_OUTER_BOUND('',#310,.T.);
#168=FACE_OUTER_BOUND('',#311,.T.);
#169=FACE_OUTER_BOUND('',#312,.T.);
#170=FACE_OUTER_BOUND('',#313,.T.);
#171=FACE_OUTER_BOUND('',#314,.T.);
#172=FACE_OUTER_BOUND('',#315,.T.);
#173=FACE_OUTER_BOUND('',#316,.T.);
#174=FACE_OUTER_BOUND('',#318,.T.);
#175=FACE_OUTER_BOUND('',#319,.T.);
#176=FACE_OUTER_BOUND('',#320,.T.);
#177=FACE_OUTER_BOUND('',#321,.T.);
#178=FACE_OUTER_BOUND('',#326,.T.);
#179=FACE_OUTER_BOUND('',#330,.T.);
#180=FACE_OUTER_BOUND('',#331,.T.);
#181=FACE_OUTER_BOUND('',#332,.T.);
#182=FACE_OUTER_BOUND('',#333,.T.);
#183=FACE_OUTER_BOUND('',#334,.T.);
#184=FACE_OUTER_BOUND('',#335,.T.);
#185=FACE_OUTER_BOUND('',#336,.T.);
#186=FACE_OUTER_BOUND('',#337,.T.);
#187=FACE_OUTER_BOUND('',#338,.T.);
#188=FACE_OUTER_BOUND('',#339,.T.);
#189=FACE_OUTER_BOUND('',#340,.T.);
#190=FACE_OUTER_BOUND('',#341,.T.);
#191=FACE_OUTER_BOUND('',#342,.T.);
#192=FACE_OUTER_BOUND('',#343,.T.);
#193=FACE_OUTER_BOUND('',#344,.T.);
#194=FACE_OUTER_BOUND('',#345,.T.);
#195=FACE_OUTER_BOUND('',#346,.T.);
#196=FACE_OUTER_BOUND('',#347,.T.);
#197=FACE_OUTER_BOUND('',#348,.T.);
#198=FACE_OUTER_BOUND('',#349,.T.);
#199=FACE_OUTER_BOUND('',#350,.T.);
#200=FACE_OUTER_BOUND('',#351,.T.);
#201=FACE_OUTER_BOUND('',#352,.T.);
#202=FACE_OUTER_BOUND('',#353,.T.);
#203=FACE_OUTER_BOUND('',#354,.T.);
#204=FACE_OUTER_BOUND('',#355,.T.);
#205=FACE_OUTER_BOUND('',#356,.T.);
#206=FACE_OUTER_BOUND('',#357,.T.);
#207=FACE_OUTER_BOUND('',#358,.T.);
#208=FACE_OUTER_BOUND('',#359,.T.);
#209=FACE_OUTER_BOUND('',#360,.T.);
#210=FACE_OUTER_BOUND('',#361,.T.);
#211=EDGE_LOOP('',(#1499,#1500,#1501,#1502));
#212=EDGE_LOOP('',(#1503,#1504,#1505,#1506));
#213=EDGE_LOOP('',(#1507,#1508,#1509,#1510));
#214=EDGE_LOOP('',(#1511,#1512,#1513,#1514));
#215=EDGE_LOOP('',(#1515,#1516,#1517,#1518));
#216=EDGE_LOOP('',(#1519,#1520,#1521,#1522));
#217=EDGE_LOOP('',(#1523,#1524,#1525,#1526));
#218=EDGE_LOOP('',(#1527,#1528,#1529,#1530));
#219=EDGE_LOOP('',(#1531,#1532,#1533,#1534,#1535,#1536,#1537,#1538));
#220=EDGE_LOOP('',(#1539,#1540,#1541,#1542,#1543,#1544,#1545,#1546));
#221=EDGE_LOOP('',(#1547,#1548,#1549,#1550));
#222=EDGE_LOOP('',(#1551,#1552,#1553,#1554));
#223=EDGE_LOOP('',(#1555,#1556,#1557,#1558));
#224=EDGE_LOOP('',(#1559,#1560,#1561,#1562));
#225=EDGE_LOOP('',(#1563,#1564,#1565,#1566));
#226=EDGE_LOOP('',(#1567,#1568,#1569,#1570));
#227=EDGE_LOOP('',(#1571,#1572,#1573,#1574));
#228=EDGE_LOOP('',(#1575,#1576,#1577,#1578));
#229=EDGE_LOOP('',(#1579,#1580,#1581,#1582));
#230=EDGE_LOOP('',(#1583,#1584,#1585,#1586));
#231=EDGE_LOOP('',(#1587,#1588,#1589,#1590));
#232=EDGE_LOOP('',(#1591,#1592,#1593,#1594));
#233=EDGE_LOOP('',(#1595,#1596,#1597,#1598));
#234=EDGE_LOOP('',(#1599,#1600,#1601,#1602));
#235=EDGE_LOOP('',(#1603,#1604,#1605,#1606));
#236=EDGE_LOOP('',(#1607,#1608,#1609,#1610));
#237=EDGE_LOOP('',(#1611,#1612,#1613,#1614));
#238=EDGE_LOOP('',(#1615,#1616,#1617,#1618));
#239=EDGE_LOOP('',(#1619,#1620,#1621,#1622));
#240=EDGE_LOOP('',(#1623,#1624,#1625,#1626));
#241=EDGE_LOOP('',(#1627,#1628,#1629,#1630,#1631,#1632,#1633,#1634,#1635,
#1636,#1637,#1638));
#242=EDGE_LOOP('',(#1639,#1640,#1641,#1642,#1643,#1644,#1645,#1646));
#243=EDGE_LOOP('',(#1647,#1648,#1649,#1650,#1651,#1652,#1653,#1654,#1655,
#1656,#1657,#1658));
#244=EDGE_LOOP('',(#1659,#1660,#1661,#1662,#1663,#1664,#1665,#1666));
#245=EDGE_LOOP('',(#1667,#1668,#1669,#1670));
#246=EDGE_LOOP('',(#1671,#1672,#1673,#1674));
#247=EDGE_LOOP('',(#1675,#1676,#1677,#1678));
#248=EDGE_LOOP('',(#1679,#1680,#1681,#1682));
#249=EDGE_LOOP('',(#1683,#1684,#1685,#1686));
#250=EDGE_LOOP('',(#1687,#1688,#1689,#1690));
#251=EDGE_LOOP('',(#1691,#1692,#1693,#1694));
#252=EDGE_LOOP('',(#1695,#1696,#1697,#1698));
#253=EDGE_LOOP('',(#1699,#1700,#1701,#1702));
#254=EDGE_LOOP('',(#1703,#1704,#1705,#1706));
#255=EDGE_LOOP('',(#1707,#1708,#1709,#1710));
#256=EDGE_LOOP('',(#1711,#1712,#1713,#1714));
#257=EDGE_LOOP('',(#1715,#1716,#1717,#1718));
#258=EDGE_LOOP('',(#1719,#1720,#1721,#1722));
#259=EDGE_LOOP('',(#1723,#1724,#1725,#1726));
#260=EDGE_LOOP('',(#1727,#1728,#1729,#1730));
#261=EDGE_LOOP('',(#1731,#1732,#1733,#1734));
#262=EDGE_LOOP('',(#1735,#1736,#1737,#1738));
#263=EDGE_LOOP('',(#1739,#1740,#1741,#1742));
#264=EDGE_LOOP('',(#1743,#1744,#1745,#1746));
#265=EDGE_LOOP('',(#1747,#1748,#1749,#1750));
#266=EDGE_LOOP('',(#1751,#1752,#1753,#1754));
#267=EDGE_LOOP('',(#1755,#1756,#1757,#1758));
#268=EDGE_LOOP('',(#1759,#1760,#1761,#1762));
#269=EDGE_LOOP('',(#1763,#1764,#1765,#1766));
#270=EDGE_LOOP('',(#1767,#1768,#1769,#1770));
#271=EDGE_LOOP('',(#1771,#1772,#1773,#1774));
#272=EDGE_LOOP('',(#1775,#1776,#1777,#1778));
#273=EDGE_LOOP('',(#1779,#1780,#1781,#1782));
#274=EDGE_LOOP('',(#1783,#1784,#1785,#1786));
#275=EDGE_LOOP('',(#1787,#1788,#1789,#1790));
#276=EDGE_LOOP('',(#1791,#1792,#1793,#1794));
#277=EDGE_LOOP('',(#1795,#1796,#1797,#1798));
#278=EDGE_LOOP('',(#1799,#1800,#1801,#1802));
#279=EDGE_LOOP('',(#1803,#1804,#1805,#1806));
#280=EDGE_LOOP('',(#1807,#1808,#1809,#1810));
#281=EDGE_LOOP('',(#1811,#1812,#1813,#1814));
#282=EDGE_LOOP('',(#1815,#1816,#1817,#1818));
#283=EDGE_LOOP('',(#1819,#1820,#1821,#1822));
#284=EDGE_LOOP('',(#1823,#1824,#1825,#1826,#1827,#1828,#1829,#1830,#1831,
#1832,#1833,#1834,#1835,#1836,#1837,#1838));
#285=EDGE_LOOP('',(#1839,#1840,#1841,#1842,#1843,#1844,#1845,#1846,#1847));
#286=EDGE_LOOP('',(#1848,#1849,#1850,#1851,#1852,#1853,#1854,#1855));
#287=EDGE_LOOP('',(#1856,#1857,#1858,#1859,#1860,#1861,#1862,#1863,#1864,
#1865,#1866,#1867,#1868,#1869,#1870,#1871));
#288=EDGE_LOOP('',(#1872,#1873,#1874,#1875,#1876,#1877,#1878,#1879,#1880));
#289=EDGE_LOOP('',(#1881,#1882,#1883,#1884,#1885,#1886,#1887,#1888));
#290=EDGE_LOOP('',(#1889,#1890,#1891,#1892,#1893,#1894,#1895,#1896,#1897));
#291=EDGE_LOOP('',(#1898,#1899,#1900,#1901,#1902,#1903,#1904,#1905,#1906));
#292=EDGE_LOOP('',(#1907,#1908,#1909,#1910));
#293=EDGE_LOOP('',(#1911,#1912,#1913,#1914));
#294=EDGE_LOOP('',(#1915,#1916,#1917,#1918));
#295=EDGE_LOOP('',(#1919,#1920,#1921,#1922));
#296=EDGE_LOOP('',(#1923,#1924,#1925,#1926));
#297=EDGE_LOOP('',(#1927,#1928,#1929,#1930));
#298=EDGE_LOOP('',(#1931,#1932,#1933,#1934));
#299=EDGE_LOOP('',(#1935,#1936,#1937,#1938));
#300=EDGE_LOOP('',(#1939,#1940,#1941,#1942));
#301=EDGE_LOOP('',(#1943,#1944,#1945,#1946));
#302=EDGE_LOOP('',(#1947,#1948,#1949,#1950));
#303=EDGE_LOOP('',(#1951,#1952,#1953,#1954));
#304=EDGE_LOOP('',(#1955,#1956,#1957,#1958));
#305=EDGE_LOOP('',(#1959,#1960,#1961,#1962));
#306=EDGE_LOOP('',(#1963,#1964,#1965,#1966));
#307=EDGE_LOOP('',(#1967,#1968,#1969,#1970));
#308=EDGE_LOOP('',(#1971,#1972,#1973,#1974));
#309=EDGE_LOOP('',(#1975,#1976,#1977,#1978,#1979,#1980,#1981,#1982));
#310=EDGE_LOOP('',(#1983,#1984,#1985,#1986,#1987,#1988,#1989,#1990));
#311=EDGE_LOOP('',(#1991,#1992,#1993,#1994));
#312=EDGE_LOOP('',(#1995,#1996,#1997,#1998,#1999,#2000,#2001,#2002));
#313=EDGE_LOOP('',(#2003,#2004,#2005,#2006));
#314=EDGE_LOOP('',(#2007,#2008,#2009,#2010,#2011,#2012,#2013,#2014));
#315=EDGE_LOOP('',(#2015,#2016,#2017,#2018));
#316=EDGE_LOOP('',(#2019,#2020,#2021,#2022));
#317=EDGE_LOOP('',(#2023));
#318=EDGE_LOOP('',(#2024,#2025,#2026,#2027));
#319=EDGE_LOOP('',(#2028,#2029,#2030,#2031));
#320=EDGE_LOOP('',(#2032,#2033,#2034,#2035));
#321=EDGE_LOOP('',(#2036,#2037,#2038,#2039));
#322=EDGE_LOOP('',(#2040));
#323=EDGE_LOOP('',(#2041,#2042,#2043,#2044,#2045,#2046,#2047,#2048,#2049,
#2050,#2051,#2052,#2053,#2054,#2055,#2056));
#324=EDGE_LOOP('',(#2057,#2058,#2059,#2060));
#325=EDGE_LOOP('',(#2061,#2062,#2063,#2064,#2065,#2066,#2067,#2068,#2069,
#2070,#2071,#2072));
#326=EDGE_LOOP('',(#2073,#2074,#2075,#2076));
#327=EDGE_LOOP('',(#2077,#2078,#2079,#2080,#2081,#2082,#2083,#2084,#2085,
#2086,#2087,#2088,#2089,#2090,#2091,#2092));
#328=EDGE_LOOP('',(#2093,#2094,#2095,#2096));
#329=EDGE_LOOP('',(#2097,#2098,#2099,#2100,#2101,#2102,#2103,#2104,#2105,
#2106,#2107,#2108));
#330=EDGE_LOOP('',(#2109,#2110,#2111,#2112));
#331=EDGE_LOOP('',(#2113,#2114,#2115,#2116));
#332=EDGE_LOOP('',(#2117,#2118,#2119,#2120));
#333=EDGE_LOOP('',(#2121,#2122,#2123,#2124));
#334=EDGE_LOOP('',(#2125,#2126,#2127,#2128));
#335=EDGE_LOOP('',(#2129,#2130,#2131,#2132));
#336=EDGE_LOOP('',(#2133,#2134,#2135,#2136));
#337=EDGE_LOOP('',(#2137,#2138,#2139,#2140));
#338=EDGE_LOOP('',(#2141,#2142,#2143,#2144));
#339=EDGE_LOOP('',(#2145,#2146,#2147,#2148));
#340=EDGE_LOOP('',(#2149,#2150,#2151,#2152));
#341=EDGE_LOOP('',(#2153,#2154,#2155,#2156));
#342=EDGE_LOOP('',(#2157,#2158,#2159,#2160));
#343=EDGE_LOOP('',(#2161,#2162,#2163,#2164));
#344=EDGE_LOOP('',(#2165,#2166,#2167,#2168));
#345=EDGE_LOOP('',(#2169,#2170,#2171,#2172));
#346=EDGE_LOOP('',(#2173,#2174,#2175,#2176));
#347=EDGE_LOOP('',(#2177,#2178,#2179,#2180));
#348=EDGE_LOOP('',(#2181,#2182,#2183,#2184));
#349=EDGE_LOOP('',(#2185,#2186,#2187,#2188));
#350=EDGE_LOOP('',(#2189,#2190,#2191,#2192));
#351=EDGE_LOOP('',(#2193,#2194,#2195,#2196));
#352=EDGE_LOOP('',(#2197,#2198,#2199,#2200));
#353=EDGE_LOOP('',(#2201,#2202,#2203,#2204));
#354=EDGE_LOOP('',(#2205,#2206,#2207,#2208));
#355=EDGE_LOOP('',(#2209,#2210,#2211,#2212));
#356=EDGE_LOOP('',(#2213,#2214,#2215,#2216));
#357=EDGE_LOOP('',(#2217,#2218,#2219,#2220));
#358=EDGE_LOOP('',(#2221,#2222,#2223,#2224));
#359=EDGE_LOOP('',(#2225,#2226,#2227,#2228));
#360=EDGE_LOOP('',(#2229,#2230,#2231,#2232));
#361=EDGE_LOOP('',(#2233,#2234,#2235,#2236));
#362=LINE('',#2777,#517);
#363=LINE('',#2784,#518);
#364=LINE('',#2809,#519);
#365=LINE('',#2834,#520);
#366=LINE('',#2859,#521);
#367=LINE('',#2884,#522);
#368=LINE('',#2909,#523);
#369=LINE('',#2934,#524);
#370=LINE('',#2979,#525);
#371=LINE('',#2986,#526);
#372=LINE('',#3005,#527);
#373=LINE('',#3030,#528);
#374=LINE('',#3055,#529);
#375=LINE('',#3081,#530);
#376=LINE('',#3088,#531);
#377=LINE('',#3108,#532);
#378=LINE('',#3133,#533);
#379=LINE('',#3158,#534);
#380=LINE('',#3183,#535);
#381=LINE('',#3208,#536);
#382=LINE('',#3233,#537);
#383=LINE('',#3258,#538);
#384=LINE('',#3283,#539);
#385=LINE('',#3330,#540);
#386=LINE('',#3355,#541);
#387=LINE('',#3380,#542);
#388=LINE('',#3405,#543);
#389=LINE('',#3430,#544);
#390=LINE('',#3463,#545);
#391=LINE('',#3465,#546);
#392=LINE('',#3467,#547);
#393=LINE('',#3468,#548);
#394=LINE('',#3471,#549);
#395=LINE('',#3473,#550);
#396=LINE('',#3474,#551);
#397=LINE('',#3477,#552);
#398=LINE('',#3479,#553);
#399=LINE('',#3480,#554);
#400=LINE('',#3482,#555);
#401=LINE('',#3483,#556);
#402=LINE('',#3506,#557);
#403=LINE('',#3513,#558);
#404=LINE('',#3533,#559);
#405=LINE('',#3558,#560);
#406=LINE('',#3583,#561);
#407=LINE('',#3609,#562);
#408=LINE('',#3616,#563);
#409=LINE('',#3636,#564);
#410=LINE('',#3661,#565);
#411=LINE('',#3686,#566);
#412=LINE('',#3712,#567);
#413=LINE('',#3719,#568);
#414=LINE('',#3739,#569);
#415=LINE('',#3764,#570);
#416=LINE('',#3789,#571);
#417=LINE('',#3814,#572);
#418=LINE('',#3839,#573);
#419=LINE('',#3864,#574);
#420=LINE('',#3889,#575);
#421=LINE('',#3914,#576);
#422=LINE('',#3939,#577);
#423=LINE('',#3964,#578);
#424=LINE('',#4010,#579);
#425=LINE('',#4035,#580);
#426=LINE('',#4060,#581);
#427=LINE('',#4084,#582);
#428=LINE('',#4131,#583);
#429=LINE('',#4156,#584);
#430=LINE('',#4181,#585);
#431=LINE('',#4205,#586);
#432=LINE('',#4230,#587);
#433=LINE('',#4255,#588);
#434=LINE('',#4280,#589);
#435=LINE('',#4448,#590);
#436=LINE('',#4449,#591);
#437=LINE('',#4460,#592);
#438=LINE('',#4471,#593);
#439=LINE('',#4482,#594);
#440=LINE('',#4493,#595);
#441=LINE('',#4504,#596);
#442=LINE('',#4515,#597);
#443=LINE('',#4526,#598);
#444=LINE('',#4557,#599);
#445=LINE('',#4564,#600);
#446=LINE('',#4589,#601);
#447=LINE('',#4614,#602);
#448=LINE('',#4639,#603);
#449=LINE('',#4664,#604);
#450=LINE('',#4689,#605);
#451=LINE('',#4714,#606);
#452=LINE('',#4742,#607);
#453=LINE('',#4744,#608);
#454=LINE('',#4746,#609);
#455=LINE('',#4747,#610);
#456=LINE('',#4751,#611);
#457=LINE('',#4753,#612);
#458=LINE('',#4755,#613);
#459=LINE('',#4757,#614);
#460=LINE('',#4759,#615);
#461=LINE('',#4760,#616);
#462=LINE('',#4761,#617);
#463=LINE('',#4764,#618);
#464=LINE('',#4765,#619);
#465=LINE('',#4769,#620);
#466=LINE('',#4770,#621);
#467=LINE('',#4772,#622);
#468=LINE('',#4774,#623);
#469=LINE('',#4776,#624);
#470=LINE('',#4777,#625);
#471=LINE('',#4779,#626);
#472=LINE('',#4781,#627);
#473=LINE('',#4782,#628);
#474=LINE('',#4786,#629);
#475=LINE('',#4789,#630);
#476=LINE('',#4792,#631);
#477=LINE('',#4892,#632);
#478=LINE('',#4894,#633);
#479=LINE('',#4896,#634);
#480=LINE('',#4897,#635);
#481=LINE('',#5101,#636);
#482=LINE('',#5103,#637);
#483=LINE('',#5105,#638);
#484=LINE('',#5106,#639);
#485=LINE('',#5213,#640);
#486=LINE('',#5214,#641);
#487=LINE('',#5225,#642);
#488=LINE('',#5236,#643);
#489=LINE('',#5247,#644);
#490=LINE('',#5258,#645);
#491=LINE('',#5269,#646);
#492=LINE('',#5280,#647);
#493=LINE('',#5291,#648);
#494=LINE('',#5302,#649);
#495=LINE('',#5313,#650);
#496=LINE('',#5324,#651);
#497=LINE('',#5335,#652);
#498=LINE('',#5346,#653);
#499=LINE('',#5357,#654);
#500=LINE('',#5368,#655);
#501=LINE('',#5380,#656);
#502=LINE('',#5381,#657);
#503=LINE('',#5383,#658);
#504=LINE('',#5385,#659);
#505=LINE('',#5397,#660);
#506=LINE('',#5398,#661);
#507=LINE('',#5409,#662);
#508=LINE('',#5420,#663);
#509=LINE('',#5431,#664);
#510=LINE('',#5442,#665);
#511=LINE('',#5453,#666);
#512=LINE('',#5464,#667);
#513=LINE('',#5475,#668);
#514=LINE('',#5486,#669);
#515=LINE('',#5497,#670);
#516=LINE('',#5508,#671);
#517=VECTOR('',#2535,10.);
#518=VECTOR('',#2536,10.);
#519=VECTOR('',#2537,10.);
#520=VECTOR('',#2538,10.);
#521=VECTOR('',#2539,10.);
#522=VECTOR('',#2540,10.);
#523=VECTOR('',#2541,10.);
#524=VECTOR('',#2542,10.);
#525=VECTOR('',#2547,10.);
#526=VECTOR('',#2548,10.);
#527=VECTOR('',#2549,10.);
#528=VECTOR('',#2550,10.);
#529=VECTOR('',#2551,10.);
#530=VECTOR('',#2552,10.);
#531=VECTOR('',#2553,10.);
#532=VECTOR('',#2554,10.);
#533=VECTOR('',#2555,10.);
#534=VECTOR('',#2556,10.);
#535=VECTOR('',#2557,10.);
#536=VECTOR('',#2558,10.);
#537=VECTOR('',#2559,10.);
#538=VECTOR('',#2560,10.);
#539=VECTOR('',#2561,10.);
#540=VECTOR('',#2562,10.);
#541=VECTOR('',#2563,10.);
#542=VECTOR('',#2564,10.);
#543=VECTOR('',#2565,10.);
#544=VECTOR('',#2566,10.);
#545=VECTOR('',#2573,10.);
#546=VECTOR('',#2574,10.);
#547=VECTOR('',#2575,10.);
#548=VECTOR('',#2576,10.);
#549=VECTOR('',#2579,10.);
#550=VECTOR('',#2580,10.);
#551=VECTOR('',#2581,10.);
#552=VECTOR('',#2584,10.);
#553=VECTOR('',#2585,10.);
#554=VECTOR('',#2586,10.);
#555=VECTOR('',#2589,10.);
#556=VECTOR('',#2590,10.);
#557=VECTOR('',#2595,10.);
#558=VECTOR('',#2596,10.);
#559=VECTOR('',#2597,10.);
#560=VECTOR('',#2598,10.);
#561=VECTOR('',#2599,10.);
#562=VECTOR('',#2600,10.);
#563=VECTOR('',#2601,10.);
#564=VECTOR('',#2602,10.);
#565=VECTOR('',#2603,10.);
#566=VECTOR('',#2604,10.);
#567=VECTOR('',#2605,10.);
#568=VECTOR('',#2606,10.);
#569=VECTOR('',#2607,10.);
#570=VECTOR('',#2608,10.);
#571=VECTOR('',#2609,10.);
#572=VECTOR('',#2610,10.);
#573=VECTOR('',#2611,10.);
#574=VECTOR('',#2612,10.);
#575=VECTOR('',#2613,10.);
#576=VECTOR('',#2614,10.);
#577=VECTOR('',#2615,10.);
#578=VECTOR('',#2616,10.);
#579=VECTOR('',#2617,10.);
#580=VECTOR('',#2618,10.);
#581=VECTOR('',#2619,10.);
#582=VECTOR('',#2620,10.);
#583=VECTOR('',#2621,10.);
#584=VECTOR('',#2622,10.);
#585=VECTOR('',#2623,10.);
#586=VECTOR('',#2624,10.);
#587=VECTOR('',#2625,10.);
#588=VECTOR('',#2626,10.);
#589=VECTOR('',#2627,10.);
#590=VECTOR('',#2636,10.);
#591=VECTOR('',#2637,10.);
#592=VECTOR('',#2638,10.);
#593=VECTOR('',#2639,10.);
#594=VECTOR('',#2640,10.);
#595=VECTOR('',#2641,10.);
#596=VECTOR('',#2642,10.);
#597=VECTOR('',#2643,10.);
#598=VECTOR('',#2644,10.);
#599=VECTOR('',#2645,10.);
#600=VECTOR('',#2646,10.);
#601=VECTOR('',#2647,10.);
#602=VECTOR('',#2648,10.);
#603=VECTOR('',#2649,10.);
#604=VECTOR('',#2650,10.);
#605=VECTOR('',#2651,10.);
#606=VECTOR('',#2652,10.);
#607=VECTOR('',#2659,10.);
#608=VECTOR('',#2660,10.);
#609=VECTOR('',#2661,10.);
#610=VECTOR('',#2662,10.);
#611=VECTOR('',#2665,10.);
#612=VECTOR('',#2666,10.);
#613=VECTOR('',#2667,10.);
#614=VECTOR('',#2668,10.);
#615=VECTOR('',#2669,10.);
#616=VECTOR('',#2670,10.);
#617=VECTOR('',#2671,10.);
#618=VECTOR('',#2674,10.);
#619=VECTOR('',#2675,10.);
#620=VECTOR('',#2678,10.);
#621=VECTOR('',#2679,10.);
#622=VECTOR('',#2680,10.);
#623=VECTOR('',#2681,10.);
#624=VECTOR('',#2682,10.);
#625=VECTOR('',#2683,10.);
#626=VECTOR('',#2686,10.);
#627=VECTOR('',#2689,10.);
#628=VECTOR('',#2690,10.);
#629=VECTOR('',#2695,10.);
#630=VECTOR('',#2698,2.5);
#631=VECTOR('',#2703,10.);
#632=VECTOR('',#2706,10.);
#633=VECTOR('',#2707,10.);
#634=VECTOR('',#2708,10.);
#635=VECTOR('',#2709,10.);
#636=VECTOR('',#2712,10.);
#637=VECTOR('',#2713,10.);
#638=VECTOR('',#2714,10.);
#639=VECTOR('',#2715,10.);
#640=VECTOR('',#2716,10.);
#641=VECTOR('',#2717,10.);
#642=VECTOR('',#2718,10.);
#643=VECTOR('',#2719,10.);
#644=VECTOR('',#2720,10.);
#645=VECTOR('',#2721,10.);
#646=VECTOR('',#2722,10.);
#647=VECTOR('',#2723,10.);
#648=VECTOR('',#2724,10.);
#649=VECTOR('',#2725,10.);
#650=VECTOR('',#2726,10.);
#651=VECTOR('',#2727,10.);
#652=VECTOR('',#2728,10.);
#653=VECTOR('',#2729,10.);
#654=VECTOR('',#2730,10.);
#655=VECTOR('',#2731,10.);
#656=VECTOR('',#2734,10.);
#657=VECTOR('',#2735,10.);
#658=VECTOR('',#2738,10.);
#659=VECTOR('',#2741,10.);
#660=VECTOR('',#2744,10.);
#661=VECTOR('',#2745,10.);
#662=VECTOR('',#2746,10.);
#663=VECTOR('',#2747,10.);
#664=VECTOR('',#2748,10.);
#665=VECTOR('',#2749,10.);
#666=VECTOR('',#2750,10.);
#667=VECTOR('',#2751,10.);
#668=VECTOR('',#2752,10.);
#669=VECTOR('',#2753,10.);
#670=VECTOR('',#2754,10.);
#671=VECTOR('',#2755,10.);
#672=B_SPLINE_CURVE_WITH_KNOTS('',3,(#2769,#2770,#2771,#2772,#2773,#2774,
#2775),.UNSPECIFIED.,.F.,.F.,(4,3,4),(0.,0.216298322473044,0.352810841661944),
 .UNSPECIFIED.);
#673=B_SPLINE_CURVE_WITH_KNOTS('',3,(#2779,#2780,#2781,#2782,#2783),
 .UNSPECIFIED.,.F.,.F.,(4,1,4),(-0.336006008242764,-0.205995755633303,0.),
 .UNSPECIFIED.);
#674=B_SPLINE_CURVE_WITH_KNOTS('',3,(#2796,#2797,#2798,#2799,#2800,#2801,
#2802),.UNSPECIFIED.,.F.,.F.,(4,3,4),(0.,0.0925624184463259,0.177403261708114),
 .UNSPECIFIED.);
#675=B_SPLINE_CURVE_WITH_KNOTS('',3,(#2804,#2805,#2806,#2807,#2808),
 .UNSPECIFIED.,.F.,.F.,(4,1,4),(-0.170291808629417,-0.0888519269407369,
0.),.UNSPECIFIED.);
#676=B_SPLINE_CURVE_WITH_KNOTS('',3,(#2821,#2822,#2823,#2824,#2825,#2826,
#2827),.UNSPECIFIED.,.F.,.F.,(4,3,4),(0.,0.0840611328540436,0.169905127926695),
 .UNSPECIFIED.);
#677=B_SPLINE_CURVE_WITH_KNOTS('',3,(#2829,#2830,#2831,#2832,#2833),
 .UNSPECIFIED.,.F.,.F.,(4,1,4),(-0.157930495414354,-0.078136643188655,0.),
 .UNSPECIFIED.);
#678=B_SPLINE_CURVE_WITH_KNOTS('',3,(#2846,#2847,#2848,#2849,#2850,#2851,
#2852),.UNSPECIFIED.,.F.,.F.,(4,3,4),(0.,0.155630653532545,0.389446952389049),
 .UNSPECIFIED.);
#679=B_SPLINE_CURVE_WITH_KNOTS('',3,(#2854,#2855,#2856,#2857,#2858),
 .UNSPECIFIED.,.F.,.F.,(4,1,4),(-0.346684596116817,-0.138541975825829,0.),
 .UNSPECIFIED.);
#680=B_SPLINE_CURVE_WITH_KNOTS('',3,(#2871,#2872,#2873,#2874,#2875,#2876,
#2877),.UNSPECIFIED.,.F.,.F.,(4,3,4),(0.,0.215770040665914,0.352315262748652),
 .UNSPECIFIED.);
#681=B_SPLINE_CURVE_WITH_KNOTS('',3,(#2879,#2880,#2881,#2882,#2883),
 .UNSPECIFIED.,.F.,.F.,(4,1,4),(-0.335661090651214,-0.205570450211937,0.),
 .UNSPECIFIED.);
#682=B_SPLINE_CURVE_WITH_KNOTS('',3,(#2896,#2897,#2898,#2899,#2900,#2901,
#2902),.UNSPECIFIED.,.F.,.F.,(4,3,4),(0.,0.0925585956467791,0.17645497266783),
 .UNSPECIFIED.);
#683=B_SPLINE_CURVE_WITH_KNOTS('',3,(#2904,#2905,#2906,#2907,#2908),
 .UNSPECIFIED.,.F.,.F.,(4,1,4),(-0.169250676984269,-0.0887796174688742,
0.),.UNSPECIFIED.);
#684=B_SPLINE_CURVE_WITH_KNOTS('',3,(#2921,#2922,#2923,#2924,#2925,#2926,
#2927),.UNSPECIFIED.,.F.,.F.,(4,3,4),(0.,0.0896923115896974,0.188815291053344),
 .UNSPECIFIED.);
#685=B_SPLINE_CURVE_WITH_KNOTS('',3,(#2929,#2930,#2931,#2932,#2933),
 .UNSPECIFIED.,.F.,.F.,(4,1,4),(-0.169448749761436,-0.0804926866743731,
0.),.UNSPECIFIED.);
#686=B_SPLINE_CURVE_WITH_KNOTS('',3,(#2945,#2946,#2947,#2948,#2949,#2950,
#2951),.UNSPECIFIED.,.F.,.F.,(4,3,4),(0.,0.144928799226543,0.373331752904324),
 .UNSPECIFIED.);
#687=B_SPLINE_CURVE_WITH_KNOTS('',3,(#2952,#2953,#2954,#2955,#2956),
 .UNSPECIFIED.,.F.,.F.,(4,1,4),(-0.335316243028855,-0.130171034435911,0.),
 .UNSPECIFIED.);
#688=B_SPLINE_CURVE_WITH_KNOTS('',3,(#2971,#2972,#2973,#2974,#2975,#2976,
#2977),.UNSPECIFIED.,.F.,.F.,(4,3,4),(0.,0.216298322473044,0.352810841661944),
 .UNSPECIFIED.);
#689=B_SPLINE_CURVE_WITH_KNOTS('',3,(#2981,#2982,#2983,#2984,#2985),
 .UNSPECIFIED.,.F.,.F.,(4,1,4),(0.,0.205995755633303,0.336006008242764),
 .UNSPECIFIED.);
#690=B_SPLINE_CURVE_WITH_KNOTS('',3,(#2998,#2999,#3000,#3001,#3002,#3003),
 .UNSPECIFIED.,.F.,.F.,(4,2,4),(0.,0.088547313760182,0.177403261708114),
 .UNSPECIFIED.);
#691=B_SPLINE_CURVE_WITH_KNOTS('',3,(#3006,#3007,#3008,#3009,#3010),
 .UNSPECIFIED.,.F.,.F.,(4,1,4),(0.,0.0888519269407369,0.170291808629417),
 .UNSPECIFIED.);
#692=B_SPLINE_CURVE_WITH_KNOTS('',3,(#3022,#3023,#3024,#3025,#3026,#3027,
#3028),.UNSPECIFIED.,.F.,.F.,(4,3,4),(0.,0.0840611328540401,0.169905127926688),
 .UNSPECIFIED.);
#693=B_SPLINE_CURVE_WITH_KNOTS('',3,(#3031,#3032,#3033,#3034,#3035),
 .UNSPECIFIED.,.F.,.F.,(4,1,4),(0.,0.078136643188655,0.157930495414354),
 .UNSPECIFIED.);
#694=B_SPLINE_CURVE_WITH_KNOTS('',3,(#3047,#3048,#3049,#3050,#3051,#3052,
#3053),.UNSPECIFIED.,.F.,.F.,(4,3,4),(0.,0.155630653532545,0.389446952389049),
 .UNSPECIFIED.);
#695=B_SPLINE_CURVE_WITH_KNOTS('',3,(#3056,#3057,#3058,#3059,#3060),
 .UNSPECIFIED.,.F.,.F.,(4,1,4),(0.,0.138541975825829,0.346684596116817),
 .UNSPECIFIED.);
#696=B_SPLINE_CURVE_WITH_KNOTS('',3,(#3073,#3074,#3075,#3076,#3077,#3078,
#3079),.UNSPECIFIED.,.F.,.F.,(4,3,4),(0.,0.117060560193888,0.266972867405078),
 .UNSPECIFIED.);
#697=B_SPLINE_CURVE_WITH_KNOTS('',3,(#3083,#3084,#3085,#3086,#3087),
 .UNSPECIFIED.,.F.,.F.,(4,1,4),(0.,0.104291649604622,0.237851593185911),
 .UNSPECIFIED.);
#698=B_SPLINE_CURVE_WITH_KNOTS('',3,(#3100,#3101,#3102,#3103,#3104,#3105,
#3106),.UNSPECIFIED.,.F.,.F.,(4,3,4),(0.,0.161525366448312,0.291321823131865),
 .UNSPECIFIED.);
#699=B_SPLINE_CURVE_WITH_KNOTS('',3,(#3109,#3110,#3111,#3112,#3113),
 .UNSPECIFIED.,.F.,.F.,(4,1,4),(0.,0.159277775532396,0.287268142291038),
 .UNSPECIFIED.);
#700=B_SPLINE_CURVE_WITH_KNOTS('',3,(#3125,#3126,#3127,#3128,#3129,#3130,
#3131),.UNSPECIFIED.,.F.,.F.,(4,3,4),(0.,0.107604347570866,0.204254769200178),
 .UNSPECIFIED.);
#701=B_SPLINE_CURVE_WITH_KNOTS('',3,(#3134,#3135,#3136,#3137,#3138),
 .UNSPECIFIED.,.F.,.F.,(4,1,4),(0.,0.105922809435188,0.201062870438113),
 .UNSPECIFIED.);
#702=B_SPLINE_CURVE_WITH_KNOTS('',3,(#3150,#3151,#3152,#3153,#3154,#3155,
#3156),.UNSPECIFIED.,.F.,.F.,(4,3,4),(0.,0.100962391198292,0.211467217699266),
 .UNSPECIFIED.);
#703=B_SPLINE_CURVE_WITH_KNOTS('',3,(#3159,#3160,#3161,#3162,#3163),
 .UNSPECIFIED.,.F.,.F.,(4,1,4),(0.,0.0926770739647712,0.194113498533806),
 .UNSPECIFIED.);
#704=B_SPLINE_CURVE_WITH_KNOTS('',3,(#3175,#3176,#3177,#3178,#3179,#3180,
#3181),.UNSPECIFIED.,.F.,.F.,(4,3,4),(0.,0.136316762272662,0.265881963630688),
 .UNSPECIFIED.);
#705=B_SPLINE_CURVE_WITH_KNOTS('',3,(#3184,#3185,#3186,#3187,#3188),
 .UNSPECIFIED.,.F.,.F.,(4,1,4),(0.,0.131669362589219,0.256817342867918),
 .UNSPECIFIED.);
#706=B_SPLINE_CURVE_WITH_KNOTS('',3,(#3200,#3201,#3202,#3203,#3204,#3205,
#3206),.UNSPECIFIED.,.F.,.F.,(4,3,4),(0.,0.204841544390935,0.482167833495799),
 .UNSPECIFIED.);
#707=B_SPLINE_CURVE_WITH_KNOTS('',3,(#3209,#3210,#3211,#3212,#3213),
 .UNSPECIFIED.,.F.,.F.,(4,1,4),(0.,0.180044075966027,0.423798123082955),
 .UNSPECIFIED.);
#708=B_SPLINE_CURVE_WITH_KNOTS('',3,(#3225,#3226,#3227,#3228,#3229,#3230,
#3231),.UNSPECIFIED.,.F.,.F.,(4,3,4),(0.,0.215770040665914,0.352315262748652),
 .UNSPECIFIED.);
#709=B_SPLINE_CURVE_WITH_KNOTS('',3,(#3234,#3235,#3236,#3237,#3238),
 .UNSPECIFIED.,.F.,.F.,(4,1,4),(0.,0.205570450211937,0.335661090651214),
 .UNSPECIFIED.);
#710=B_SPLINE_CURVE_WITH_KNOTS('',3,(#3250,#3251,#3252,#3253,#3254,#3255,
#3256),.UNSPECIFIED.,.F.,.F.,(4,3,4),(0.,0.0925585956467791,0.17645497266783),
 .UNSPECIFIED.);
#711=B_SPLINE_CURVE_WITH_KNOTS('',3,(#3259,#3260,#3261,#3262,#3263),
 .UNSPECIFIED.,.F.,.F.,(4,1,4),(0.,0.0887796174688742,0.169250676984269),
 .UNSPECIFIED.);
#712=B_SPLINE_CURVE_WITH_KNOTS('',3,(#3275,#3276,#3277,#3278,#3279,#3280,
#3281),.UNSPECIFIED.,.F.,.F.,(4,3,4),(0.,0.0896923115896974,0.188815291053344),
 .UNSPECIFIED.);
#713=B_SPLINE_CURVE_WITH_KNOTS('',3,(#3284,#3285,#3286,#3287,#3288),
 .UNSPECIFIED.,.F.,.F.,(4,1,4),(0.,0.0804926866743731,0.169448749761436),
 .UNSPECIFIED.);
#714=B_SPLINE_CURVE_WITH_KNOTS('',3,(#3299,#3300,#3301,#3302,#3303,#3304,
#3305),.UNSPECIFIED.,.F.,.F.,(4,3,4),(0.,0.144928799226543,0.373331752904324),
 .UNSPECIFIED.);
#715=B_SPLINE_CURVE_WITH_KNOTS('',3,(#3306,#3307,#3308,#3309,#3310),
 .UNSPECIFIED.,.F.,.F.,(4,1,4),(0.,0.130171034435911,0.335316243028855),
 .UNSPECIFIED.);
#716=B_SPLINE_CURVE_WITH_KNOTS('',3,(#3322,#3323,#3324,#3325,#3326,#3327,
#3328),.UNSPECIFIED.,.F.,.F.,(4,3,4),(0.,0.162622748137562,0.292857472849969),
 .UNSPECIFIED.);
#717=B_SPLINE_CURVE_WITH_KNOTS('',3,(#3331,#3332,#3333,#3334,#3335),
 .UNSPECIFIED.,.F.,.F.,(4,1,4),(0.,0.160304205420918,0.288682149480591),
 .UNSPECIFIED.);
#718=B_SPLINE_CURVE_WITH_KNOTS('',3,(#3347,#3348,#3349,#3350,#3351,#3352,
#3353),.UNSPECIFIED.,.F.,.F.,(4,3,4),(0.,0.107646235759954,0.204167973792033),
 .UNSPECIFIED.);
#719=B_SPLINE_CURVE_WITH_KNOTS('',3,(#3356,#3357,#3358,#3359,#3360),
 .UNSPECIFIED.,.F.,.F.,(4,1,4),(0.,0.105954942234015,0.200960170287891),
 .UNSPECIFIED.);
#720=B_SPLINE_CURVE_WITH_KNOTS('',3,(#3372,#3373,#3374,#3375,#3376,#3377,
#3378),.UNSPECIFIED.,.F.,.F.,(4,3,4),(0.,0.100534468551351,0.21033079393229),
 .UNSPECIFIED.);
#721=B_SPLINE_CURVE_WITH_KNOTS('',3,(#3381,#3382,#3383,#3384,#3385),
 .UNSPECIFIED.,.F.,.F.,(4,1,4),(0.,0.0924050051278769,0.193322930651753),
 .UNSPECIFIED.);
#722=B_SPLINE_CURVE_WITH_KNOTS('',3,(#3397,#3398,#3399,#3400,#3401,#3402,
#3403),.UNSPECIFIED.,.F.,.F.,(4,3,4),(0.,0.076854069194505,0.147668196345504),
 .UNSPECIFIED.);
#723=B_SPLINE_CURVE_WITH_KNOTS('',3,(#3406,#3407,#3408,#3409,#3410),
 .UNSPECIFIED.,.F.,.F.,(4,1,4),(0.,0.0759788126199147,0.145986469391239),
 .UNSPECIFIED.);
#724=B_SPLINE_CURVE_WITH_KNOTS('',3,(#3422,#3423,#3424,#3425,#3426,#3427,
#3428),.UNSPECIFIED.,.F.,.F.,(4,3,4),(0.,0.0706275241940299,0.143344816641393),
 .UNSPECIFIED.);
#725=B_SPLINE_CURVE_WITH_KNOTS('',3,(#3431,#3432,#3433,#3434,#3435),
 .UNSPECIFIED.,.F.,.F.,(4,1,4),(0.,0.0680953743457991,0.138205594222864),
 .UNSPECIFIED.);
#726=B_SPLINE_CURVE_WITH_KNOTS('',3,(#3446,#3447,#3448,#3449,#3450,#3451,
#3452),.UNSPECIFIED.,.F.,.F.,(4,3,4),(0.,0.0828712788056535,0.175468986044907),
 .UNSPECIFIED.);
#727=B_SPLINE_CURVE_WITH_KNOTS('',3,(#3453,#3454,#3455,#3456,#3457),
 .UNSPECIFIED.,.F.,.F.,(4,1,4),(0.,0.0763515214853463,0.161664261142133),
 .UNSPECIFIED.);
#728=B_SPLINE_CURVE_WITH_KNOTS('',3,(#3498,#3499,#3500,#3501,#3502,#3503,
#3504),.UNSPECIFIED.,.F.,.F.,(4,3,4),(0.,0.0649038412224804,0.128756388052094),
 .UNSPECIFIED.);
#729=B_SPLINE_CURVE_WITH_KNOTS('',3,(#3508,#3509,#3510,#3511,#3512),
 .UNSPECIFIED.,.F.,.F.,(4,1,4),(0.,0.0632470559008093,0.125469653557214),
 .UNSPECIFIED.);
#730=B_SPLINE_CURVE_WITH_KNOTS('',3,(#3525,#3526,#3527,#3528,#3529,#3530,
#3531),.UNSPECIFIED.,.F.,.F.,(4,3,4),(0.,0.066254468347671,0.134730639079425),
 .UNSPECIFIED.);
#731=B_SPLINE_CURVE_WITH_KNOTS('',3,(#3534,#3535,#3536,#3537,#3538),
 .UNSPECIFIED.,.F.,.F.,(4,1,4),(0.,0.0627878908839869,0.127681239865327),
 .UNSPECIFIED.);
#732=B_SPLINE_CURVE_WITH_KNOTS('',3,(#3550,#3551,#3552,#3553,#3554,#3555,
#3556),.UNSPECIFIED.,.F.,.F.,(4,3,4),(0.,0.0669338632481777,0.130820994029375),
 .UNSPECIFIED.);
#733=B_SPLINE_CURVE_WITH_KNOTS('',3,(#3559,#3560,#3561,#3562,#3563),
 .UNSPECIFIED.,.F.,.F.,(4,1,4),(0.,0.0652683437772531,0.127565767120482),
 .UNSPECIFIED.);
#734=B_SPLINE_CURVE_WITH_KNOTS('',3,(#3575,#3576,#3577,#3578,#3579,#3580,
#3581),.UNSPECIFIED.,.F.,.F.,(4,3,4),(0.,0.0620809627486017,0.123134178566461),
 .UNSPECIFIED.);
#735=B_SPLINE_CURVE_WITH_KNOTS('',3,(#3584,#3585,#3586,#3587,#3588),
 .UNSPECIFIED.,.F.,.F.,(4,1,4),(0.,0.060464602342253,0.11992821651157),
 .UNSPECIFIED.);
#736=B_SPLINE_CURVE_WITH_KNOTS('',3,(#3601,#3602,#3603,#3604,#3605,#3606,
#3607),.UNSPECIFIED.,.F.,.F.,(4,3,4),(0.,0.0845507126427961,0.165857898880069),
 .UNSPECIFIED.);
#737=B_SPLINE_CURVE_WITH_KNOTS('',3,(#3611,#3612,#3613,#3614,#3615),
 .UNSPECIFIED.,.F.,.F.,(4,1,4),(0.,0.0823348765537069,0.161511230395421),
 .UNSPECIFIED.);
#738=B_SPLINE_CURVE_WITH_KNOTS('',3,(#3628,#3629,#3630,#3631,#3632,#3633,
#3634),.UNSPECIFIED.,.F.,.F.,(4,3,4),(0.,0.084151544084711,0.171642346069868),
 .UNSPECIFIED.);
#739=B_SPLINE_CURVE_WITH_KNOTS('',3,(#3637,#3638,#3639,#3640,#3641),
 .UNSPECIFIED.,.F.,.F.,(4,1,4),(0.,0.079390917684476,0.161932184563194),
 .UNSPECIFIED.);
#740=B_SPLINE_CURVE_WITH_KNOTS('',3,(#3653,#3654,#3655,#3656,#3657,#3658,
#3659),.UNSPECIFIED.,.F.,.F.,(4,3,4),(0.,0.0826310662898468,0.162084825108628),
 .UNSPECIFIED.);
#741=B_SPLINE_CURVE_WITH_KNOTS('',3,(#3662,#3663,#3664,#3665,#3666),
 .UNSPECIFIED.,.F.,.F.,(4,1,4),(0.,0.0804969478229299,0.157898648722401),
 .UNSPECIFIED.);
#742=B_SPLINE_CURVE_WITH_KNOTS('',3,(#3678,#3679,#3680,#3681,#3682,#3683,
#3684),.UNSPECIFIED.,.F.,.F.,(4,3,4),(0.,0.0817340416939507,0.166354801005646),
 .UNSPECIFIED.);
#743=B_SPLINE_CURVE_WITH_KNOTS('',3,(#3687,#3688,#3689,#3690,#3691),
 .UNSPECIFIED.,.F.,.F.,(4,1,4),(0.,0.0773310164175409,0.157393242535032),
 .UNSPECIFIED.);
#744=B_SPLINE_CURVE_WITH_KNOTS('',3,(#3704,#3705,#3706,#3707,#3708,#3709,
#3710),.UNSPECIFIED.,.F.,.F.,(4,3,4),(0.,0.0917506955793706,0.175831890786834),
 .UNSPECIFIED.);
#745=B_SPLINE_CURVE_WITH_KNOTS('',3,(#3714,#3715,#3716,#3717,#3718),
 .UNSPECIFIED.,.F.,.F.,(4,1,4),(0.,0.0900758734086092,0.172622245920851),
 .UNSPECIFIED.);
#746=B_SPLINE_CURVE_WITH_KNOTS('',3,(#3731,#3732,#3733,#3734,#3735,#3736,
#3737),.UNSPECIFIED.,.F.,.F.,(4,3,4),(0.,0.0873921398588896,0.180563262824421),
 .UNSPECIFIED.);
#747=B_SPLINE_CURVE_WITH_KNOTS('',3,(#3740,#3741,#3742,#3743,#3744),
 .UNSPECIFIED.,.F.,.F.,(4,1,4),(0.,0.0817189067608665,0.168841642543734),
 .UNSPECIFIED.);
#748=B_SPLINE_CURVE_WITH_KNOTS('',3,(#3756,#3757,#3758,#3759,#3760,#3761,
#3762),.UNSPECIFIED.,.F.,.F.,(4,3,4),(0.,0.12339961591784,0.245529254708171),
 .UNSPECIFIED.);
#749=B_SPLINE_CURVE_WITH_KNOTS('',3,(#3765,#3766,#3767,#3768,#3769),
 .UNSPECIFIED.,.F.,.F.,(4,1,4),(0.,0.120168012611601,0.239099306402485),
 .UNSPECIFIED.);
#750=B_SPLINE_CURVE_WITH_KNOTS('',3,(#3781,#3782,#3783,#3784,#3785,#3786,
#3787),.UNSPECIFIED.,.F.,.F.,(4,3,4),(0.,0.135456299988748,0.283693946966755),
 .UNSPECIFIED.);
#751=B_SPLINE_CURVE_WITH_KNOTS('',3,(#3790,#3791,#3792,#3793,#3794),
 .UNSPECIFIED.,.F.,.F.,(4,1,4),(0.,0.123787048449066,0.259254359972903),
 .UNSPECIFIED.);
#752=B_SPLINE_CURVE_WITH_KNOTS('',3,(#3806,#3807,#3808,#3809,#3810,#3811,
#3812),.UNSPECIFIED.,.F.,.F.,(4,3,4),(0.,0.139156487451812,0.266440878738709),
 .UNSPECIFIED.);
#753=B_SPLINE_CURVE_WITH_KNOTS('',3,(#3815,#3816,#3817,#3818,#3819),
 .UNSPECIFIED.,.F.,.F.,(4,1,4),(0.,0.135481061499359,0.259403594754016),
 .UNSPECIFIED.);
#754=B_SPLINE_CURVE_WITH_KNOTS('',3,(#3831,#3832,#3833,#3834,#3835,#3836,
#3837),.UNSPECIFIED.,.F.,.F.,(4,3,4),(0.,0.125292808897034,0.253265453212283),
 .UNSPECIFIED.);
#755=B_SPLINE_CURVE_WITH_KNOTS('',3,(#3840,#3841,#3842,#3843,#3844),
 .UNSPECIFIED.,.F.,.F.,(4,1,4),(0.,0.119701752223939,0.241963755096388),
 .UNSPECIFIED.);
#756=B_SPLINE_CURVE_WITH_KNOTS('',3,(#3856,#3857,#3858,#3859,#3860,#3861,
#3862),.UNSPECIFIED.,.F.,.F.,(4,3,4),(0.,0.0922243957621368,0.176387647193042),
 .UNSPECIFIED.);
#757=B_SPLINE_CURVE_WITH_KNOTS('',3,(#3865,#3866,#3867,#3868,#3869),
 .UNSPECIFIED.,.F.,.F.,(4,1,4),(0.,0.0904634735420689,0.173019721334369),
 .UNSPECIFIED.);
#758=B_SPLINE_CURVE_WITH_KNOTS('',3,(#3881,#3882,#3883,#3884,#3885,#3886,
#3887),.UNSPECIFIED.,.F.,.F.,(4,3,4),(0.,0.0880321755667867,0.182896310354086),
 .UNSPECIFIED.);
#759=B_SPLINE_CURVE_WITH_KNOTS('',3,(#3890,#3891,#3892,#3893,#3894),
 .UNSPECIFIED.,.F.,.F.,(4,1,4),(0.,0.0815800835659527,0.169491395464502),
 .UNSPECIFIED.);
#760=B_SPLINE_CURVE_WITH_KNOTS('',3,(#3906,#3907,#3908,#3909,#3910,#3911,
#3912),.UNSPECIFIED.,.F.,.F.,(4,3,4),(0.,0.0672621911149424,0.130824285950993),
 .UNSPECIFIED.);
#761=B_SPLINE_CURVE_WITH_KNOTS('',3,(#3915,#3916,#3917,#3918,#3919),
 .UNSPECIFIED.,.F.,.F.,(4,1,4),(0.,0.0654659006644092,0.127330519071618),
 .UNSPECIFIED.);
#762=B_SPLINE_CURVE_WITH_KNOTS('',3,(#3931,#3932,#3933,#3934,#3935,#3936,
#3937),.UNSPECIFIED.,.F.,.F.,(4,3,4),(0.,0.0676938685024023,0.140457193177276),
 .UNSPECIFIED.);
#763=B_SPLINE_CURVE_WITH_KNOTS('',3,(#3940,#3941,#3942,#3943,#3944),
 .UNSPECIFIED.,.F.,.F.,(4,1,4),(0.,0.0624408092613866,0.129557683769555),
 .UNSPECIFIED.);
#764=B_SPLINE_CURVE_WITH_KNOTS('',3,(#3956,#3957,#3958,#3959,#3960,#3961,
#3962),.UNSPECIFIED.,.F.,.F.,(4,3,4),(0.,0.0672438518606379,0.130537173169931),
 .UNSPECIFIED.);
#765=B_SPLINE_CURVE_WITH_KNOTS('',3,(#3965,#3966,#3967,#3968,#3969),
 .UNSPECIFIED.,.F.,.F.,(4,1,4),(0.,0.0655057344381738,0.127163051541145),
 .UNSPECIFIED.);
#766=B_SPLINE_CURVE_WITH_KNOTS('',3,(#3980,#3981,#3982,#3983,#3984,#3985),
 .UNSPECIFIED.,.F.,.F.,(4,2,4),(0.,0.0626970141080678,0.125390974367494),
 .UNSPECIFIED.);
#767=B_SPLINE_CURVE_WITH_KNOTS('',3,(#3986,#3987,#3988,#3989,#3990),
 .UNSPECIFIED.,.F.,.F.,(4,1,4),(0.,0.060237292822146,0.121075059180204),
 .UNSPECIFIED.);
#768=B_SPLINE_CURVE_WITH_KNOTS('',3,(#4002,#4003,#4004,#4005,#4006,#4007,
#4008),.UNSPECIFIED.,.F.,.F.,(4,3,4),(0.,0.053700481862027,0.108738766228028),
 .UNSPECIFIED.);
#769=B_SPLINE_CURVE_WITH_KNOTS('',3,(#4011,#4012,#4013,#4014,#4015),
 .UNSPECIFIED.,.F.,.F.,(4,1,4),(0.,0.0520447011504513,0.105385955499374),
 .UNSPECIFIED.);
#770=B_SPLINE_CURVE_WITH_KNOTS('',3,(#4027,#4028,#4029,#4030,#4031,#4032,
#4033),.UNSPECIFIED.,.F.,.F.,(4,3,4),(0.,0.0547019095940233,0.109909506185787),
 .UNSPECIFIED.);
#771=B_SPLINE_CURVE_WITH_KNOTS('',3,(#4036,#4037,#4038,#4039,#4040),
 .UNSPECIFIED.,.F.,.F.,(4,1,4),(0.,0.0534454889039154,0.107385049934877),
 .UNSPECIFIED.);
#772=B_SPLINE_CURVE_WITH_KNOTS('',3,(#4052,#4053,#4054,#4055,#4056,#4057,
#4058),.UNSPECIFIED.,.F.,.F.,(4,3,4),(0.,0.0557003898632725,0.111711722510736),
 .UNSPECIFIED.);
#773=B_SPLINE_CURVE_WITH_KNOTS('',3,(#4061,#4062,#4063,#4064,#4065),
 .UNSPECIFIED.,.F.,.F.,(4,1,4),(0.,0.0548475088930614,0.110001199433379),
 .UNSPECIFIED.);
#774=B_SPLINE_CURVE_WITH_KNOTS('',3,(#4077,#4078,#4079,#4080,#4081,#4082),
 .UNSPECIFIED.,.F.,.F.,(4,2,4),(0.,0.0816281228921434,0.163351572929858),
 .UNSPECIFIED.);
#775=B_SPLINE_CURVE_WITH_KNOTS('',3,(#4085,#4086,#4087,#4088,#4089),
 .UNSPECIFIED.,.F.,.F.,(4,1,4),(0.,0.0815581824100257,0.15917592981591),
 .UNSPECIFIED.);
#776=B_SPLINE_CURVE_WITH_KNOTS('',3,(#4100,#4101,#4102,#4103,#4104,#4105,
#4106),.UNSPECIFIED.,.F.,.F.,(4,3,4),(0.,0.082436003294658,0.168694405573225),
 .UNSPECIFIED.);
#777=B_SPLINE_CURVE_WITH_KNOTS('',3,(#4107,#4108,#4109,#4110,#4111),
 .UNSPECIFIED.,.F.,.F.,(4,1,4),(0.,0.0773307896521744,0.158247259346779),
 .UNSPECIFIED.);
#778=B_SPLINE_CURVE_WITH_KNOTS('',3,(#4123,#4124,#4125,#4126,#4127,#4128,
#4129),.UNSPECIFIED.,.F.,.F.,(4,3,4),(0.,0.0761020154715166,0.142842168225897),
 .UNSPECIFIED.);
#779=B_SPLINE_CURVE_WITH_KNOTS('',3,(#4132,#4133,#4134,#4135,#4136),
 .UNSPECIFIED.,.F.,.F.,(4,1,4),(0.,0.0746651831590112,0.140145258799469),
 .UNSPECIFIED.);
#780=B_SPLINE_CURVE_WITH_KNOTS('',3,(#4148,#4149,#4150,#4151,#4152,#4153,
#4154),.UNSPECIFIED.,.F.,.F.,(4,3,4),(0.,0.067885919656409,0.14061235636411),
 .UNSPECIFIED.);
#781=B_SPLINE_CURVE_WITH_KNOTS('',3,(#4157,#4158,#4159,#4160,#4161),
 .UNSPECIFIED.,.F.,.F.,(4,1,4),(0.,0.0633039484995778,0.131121702567044),
 .UNSPECIFIED.);
#782=B_SPLINE_CURVE_WITH_KNOTS('',3,(#4173,#4174,#4175,#4176,#4177,#4178,
#4179),.UNSPECIFIED.,.F.,.F.,(4,3,4),(0.,0.105137715142486,0.209696968861423),
 .UNSPECIFIED.);
#783=B_SPLINE_CURVE_WITH_KNOTS('',3,(#4182,#4183,#4184,#4185,#4186),
 .UNSPECIFIED.,.F.,.F.,(4,1,4),(0.,0.10233999008218,0.204116911656844),
 .UNSPECIFIED.);
#784=B_SPLINE_CURVE_WITH_KNOTS('',3,(#4198,#4199,#4200,#4201,#4202,#4203),
 .UNSPECIFIED.,.F.,.F.,(4,2,4),(0.,0.124661498585784,0.248718052806802),
 .UNSPECIFIED.);
#785=B_SPLINE_CURVE_WITH_KNOTS('',3,(#4206,#4207,#4208,#4209,#4210),
 .UNSPECIFIED.,.F.,.F.,(4,1,4),(0.,0.107072501920211,0.225861874845905),
 .UNSPECIFIED.);
#786=B_SPLINE_CURVE_WITH_KNOTS('',3,(#4222,#4223,#4224,#4225,#4226,#4227,
#4228),.UNSPECIFIED.,.F.,.F.,(4,3,4),(0.,0.12292900609784,0.234622837227694),
 .UNSPECIFIED.);
#787=B_SPLINE_CURVE_WITH_KNOTS('',3,(#4231,#4232,#4233,#4234,#4235),
 .UNSPECIFIED.,.F.,.F.,(4,1,4),(0.,0.119698621321352,0.22845731075306),
 .UNSPECIFIED.);
#788=B_SPLINE_CURVE_WITH_KNOTS('',3,(#4247,#4248,#4249,#4250,#4251,#4252,
#4253),.UNSPECIFIED.,.F.,.F.,(4,3,4),(0.,0.10621960132994,0.211835209053355),
 .UNSPECIFIED.);
#789=B_SPLINE_CURVE_WITH_KNOTS('',3,(#4256,#4257,#4258,#4259,#4260),
 .UNSPECIFIED.,.F.,.F.,(4,1,4),(0.,0.103412108488496,0.206236187540032),
 .UNSPECIFIED.);
#790=B_SPLINE_CURVE_WITH_KNOTS('',3,(#4272,#4273,#4274,#4275,#4276,#4277,
#4278),.UNSPECIFIED.,.F.,.F.,(4,3,4),(0.,0.0667726548899004,0.130144470410378),
 .UNSPECIFIED.);
#791=B_SPLINE_CURVE_WITH_KNOTS('',3,(#4281,#4282,#4283,#4284,#4285),
 .UNSPECIFIED.,.F.,.F.,(4,1,4),(0.,0.0656945981732341,0.128043264150207),
 .UNSPECIFIED.);
#792=B_SPLINE_CURVE_WITH_KNOTS('',3,(#4296,#4297,#4298,#4299,#4300,#4301,
#4302),.UNSPECIFIED.,.F.,.F.,(4,3,4),(0.,0.0712827288921753,0.151847646930483),
 .UNSPECIFIED.);
#793=B_SPLINE_CURVE_WITH_KNOTS('',3,(#4303,#4304,#4305,#4306,#4307),
 .UNSPECIFIED.,.F.,.F.,(4,1,4),(0.,0.0647542559299355,0.137940585952712),
 .UNSPECIFIED.);
#794=B_SPLINE_CURVE_WITH_KNOTS('',3,(#4313,#4314,#4315,#4316,#4317),
 .UNSPECIFIED.,.F.,.F.,(4,1,4),(-0.105385955499374,-0.0520447011504513,
0.),.UNSPECIFIED.);
#795=B_SPLINE_CURVE_WITH_KNOTS('',3,(#4319,#4320,#4321,#4322,#4323),
 .UNSPECIFIED.,.F.,.F.,(4,1,4),(-0.157393242535032,-0.0773310164175409,
0.),.UNSPECIFIED.);
#796=B_SPLINE_CURVE_WITH_KNOTS('',3,(#4325,#4326,#4327,#4328,#4329),
 .UNSPECIFIED.,.F.,.F.,(4,1,4),(-0.157898648722401,-0.0804969478229299,
0.),.UNSPECIFIED.);
#797=B_SPLINE_CURVE_WITH_KNOTS('',3,(#4331,#4332,#4333,#4334,#4335),
 .UNSPECIFIED.,.F.,.F.,(4,1,4),(-0.161932184563194,-0.079390917684476,0.),
 .UNSPECIFIED.);
#798=B_SPLINE_CURVE_WITH_KNOTS('',3,(#4337,#4338,#4339,#4340,#4341),
 .UNSPECIFIED.,.F.,.F.,(4,1,4),(-0.161511230395421,-0.0823348765537069,
0.),.UNSPECIFIED.);
#799=B_SPLINE_CURVE_WITH_KNOTS('',3,(#4343,#4344,#4345,#4346,#4347),
 .UNSPECIFIED.,.F.,.F.,(4,1,4),(-0.158247259346779,-0.0773307896521744,
0.),.UNSPECIFIED.);
#800=B_SPLINE_CURVE_WITH_KNOTS('',3,(#4349,#4350,#4351,#4352,#4353),
 .UNSPECIFIED.,.F.,.F.,(4,1,4),(-0.15917592981591,-0.0815581824100257,0.),
 .UNSPECIFIED.);
#801=B_SPLINE_CURVE_WITH_KNOTS('',3,(#4355,#4356,#4357,#4358,#4359),
 .UNSPECIFIED.,.F.,.F.,(4,1,4),(-0.110001199433379,-0.0548475088930614,
0.),.UNSPECIFIED.);
#802=B_SPLINE_CURVE_WITH_KNOTS('',3,(#4360,#4361,#4362,#4363,#4364),
 .UNSPECIFIED.,.F.,.F.,(4,1,4),(-0.107385049934877,-0.0534454889039154,
0.),.UNSPECIFIED.);
#803=B_SPLINE_CURVE_WITH_KNOTS('',3,(#4368,#4369,#4370,#4371,#4372,#4373,
#4374),.UNSPECIFIED.,.F.,.F.,(4,3,4),(0.,0.053700481862027,0.108738766228028),
 .UNSPECIFIED.);
#804=B_SPLINE_CURVE_WITH_KNOTS('',3,(#4376,#4377,#4378,#4379,#4380,#4381,
#4382),.UNSPECIFIED.,.F.,.F.,(4,3,4),(0.,0.0547019095940233,0.109909506185787),
 .UNSPECIFIED.);
#805=B_SPLINE_CURVE_WITH_KNOTS('',3,(#4384,#4385,#4386,#4387,#4388,#4389,
#4390),.UNSPECIFIED.,.F.,.F.,(4,3,4),(0.,0.0557003898632725,0.111711722510736),
 .UNSPECIFIED.);
#806=B_SPLINE_CURVE_WITH_KNOTS('',3,(#4392,#4393,#4394,#4395,#4396,#4397,
#4398),.UNSPECIFIED.,.F.,.F.,(4,3,4),(0.,0.0836976884469021,0.163351572929858),
 .UNSPECIFIED.);
#807=B_SPLINE_CURVE_WITH_KNOTS('',3,(#4400,#4401,#4402,#4403,#4404,#4405,
#4406),.UNSPECIFIED.,.F.,.F.,(4,3,4),(0.,0.082436003294658,0.168694405573225),
 .UNSPECIFIED.);
#808=B_SPLINE_CURVE_WITH_KNOTS('',3,(#4408,#4409,#4410,#4411,#4412,#4413,
#4414),.UNSPECIFIED.,.F.,.F.,(4,3,4),(0.,0.0845507126427961,0.165857898880069),
 .UNSPECIFIED.);
#809=B_SPLINE_CURVE_WITH_KNOTS('',3,(#4416,#4417,#4418,#4419,#4420,#4421,
#4422),.UNSPECIFIED.,.F.,.F.,(4,3,4),(0.,0.084151544084711,0.171642346069868),
 .UNSPECIFIED.);
#810=B_SPLINE_CURVE_WITH_KNOTS('',3,(#4424,#4425,#4426,#4427,#4428,#4429,
#4430),.UNSPECIFIED.,.F.,.F.,(4,3,4),(0.,0.0826310662898468,0.162084825108628),
 .UNSPECIFIED.);
#811=B_SPLINE_CURVE_WITH_KNOTS('',3,(#4431,#4432,#4433,#4434,#4435,#4436,
#4437),.UNSPECIFIED.,.F.,.F.,(4,3,4),(0.,0.0817340416939507,0.166354801005646),
 .UNSPECIFIED.);
#812=B_SPLINE_CURVE_WITH_KNOTS('',3,(#4549,#4550,#4551,#4552,#4553,#4554,
#4555),.UNSPECIFIED.,.F.,.F.,(4,3,4),(0.,0.0649038412224804,0.128756388052094),
 .UNSPECIFIED.);
#813=B_SPLINE_CURVE_WITH_KNOTS('',3,(#4559,#4560,#4561,#4562,#4563),
 .UNSPECIFIED.,.F.,.F.,(4,1,4),(-0.125469653557214,-0.0632470559008093,
0.),.UNSPECIFIED.);
#814=B_SPLINE_CURVE_WITH_KNOTS('',3,(#4576,#4577,#4578,#4579,#4580,#4581,
#4582),.UNSPECIFIED.,.F.,.F.,(4,3,4),(0.,0.066254468347671,0.134730639079425),
 .UNSPECIFIED.);
#815=B_SPLINE_CURVE_WITH_KNOTS('',3,(#4584,#4585,#4586,#4587,#4588),
 .UNSPECIFIED.,.F.,.F.,(4,1,4),(-0.127681239865327,-0.0627878908839869,
0.),.UNSPECIFIED.);
#816=B_SPLINE_CURVE_WITH_KNOTS('',3,(#4601,#4602,#4603,#4604,#4605,#4606,
#4607),.UNSPECIFIED.,.F.,.F.,(4,3,4),(0.,0.0669338632481777,0.130820994029375),
 .UNSPECIFIED.);
#817=B_SPLINE_CURVE_WITH_KNOTS('',3,(#4609,#4610,#4611,#4612,#4613),
 .UNSPECIFIED.,.F.,.F.,(4,1,4),(-0.127565767120482,-0.0652683437772531,
0.),.UNSPECIFIED.);
#818=B_SPLINE_CURVE_WITH_KNOTS('',3,(#4626,#4627,#4628,#4629,#4630,#4631,
#4632),.UNSPECIFIED.,.F.,.F.,(4,3,4),(0.,0.0620809627486017,0.123134178566461),
 .UNSPECIFIED.);
#819=B_SPLINE_CURVE_WITH_KNOTS('',3,(#4634,#4635,#4636,#4637,#4638),
 .UNSPECIFIED.,.F.,.F.,(4,1,4),(-0.11992821651157,-0.060464602342253,0.),
 .UNSPECIFIED.);
#820=B_SPLINE_CURVE_WITH_KNOTS('',3,(#4651,#4652,#4653,#4654,#4655,#4656,
#4657),.UNSPECIFIED.,.F.,.F.,(4,3,4),(0.,0.0672621911149424,0.130824285950993),
 .UNSPECIFIED.);
#821=B_SPLINE_CURVE_WITH_KNOTS('',3,(#4659,#4660,#4661,#4662,#4663),
 .UNSPECIFIED.,.F.,.F.,(4,1,4),(-0.127330519071618,-0.0654659006644092,
0.),.UNSPECIFIED.);
#822=B_SPLINE_CURVE_WITH_KNOTS('',3,(#4676,#4677,#4678,#4679,#4680,#4681,
#4682),.UNSPECIFIED.,.F.,.F.,(4,3,4),(0.,0.0676938685024023,0.140457193177276),
 .UNSPECIFIED.);
#823=B_SPLINE_CURVE_WITH_KNOTS('',3,(#4684,#4685,#4686,#4687,#4688),
 .UNSPECIFIED.,.F.,.F.,(4,1,4),(-0.129557683769555,-0.0624408092613866,
0.),.UNSPECIFIED.);
#824=B_SPLINE_CURVE_WITH_KNOTS('',3,(#4701,#4702,#4703,#4704,#4705,#4706,
#4707),.UNSPECIFIED.,.F.,.F.,(4,3,4),(0.,0.0672438518606379,0.130537173169931),
 .UNSPECIFIED.);
#825=B_SPLINE_CURVE_WITH_KNOTS('',3,(#4709,#4710,#4711,#4712,#4713),
 .UNSPECIFIED.,.F.,.F.,(4,1,4),(-0.127163051541145,-0.0655057344381738,
0.),.UNSPECIFIED.);
#826=B_SPLINE_CURVE_WITH_KNOTS('',3,(#4725,#4726,#4727,#4728,#4729,#4730,
#4731),.UNSPECIFIED.,.F.,.F.,(4,3,4),(0.,0.0623845479933816,0.125390974367494),
 .UNSPECIFIED.);
#827=B_SPLINE_CURVE_WITH_KNOTS('',3,(#4732,#4733,#4734,#4735,#4736),
 .UNSPECIFIED.,.F.,.F.,(4,1,4),(-0.121075059180204,-0.060237292822146,0.),
 .UNSPECIFIED.);
#828=B_SPLINE_CURVE_WITH_KNOTS('',3,(#4796,#4797,#4798,#4799,#4800),
 .UNSPECIFIED.,.F.,.F.,(4,1,4),(-0.140145258799469,-0.0746651831590112,
0.),.UNSPECIFIED.);
#829=B_SPLINE_CURVE_WITH_KNOTS('',3,(#4802,#4803,#4804,#4805,#4806),
 .UNSPECIFIED.,.F.,.F.,(4,1,4),(-0.169491395464502,-0.0815800835659527,
0.),.UNSPECIFIED.);
#830=B_SPLINE_CURVE_WITH_KNOTS('',3,(#4808,#4809,#4810,#4811,#4812),
 .UNSPECIFIED.,.F.,.F.,(4,1,4),(-0.173019721334369,-0.0904634735420689,
0.),.UNSPECIFIED.);
#831=B_SPLINE_CURVE_WITH_KNOTS('',3,(#4814,#4815,#4816,#4817,#4818),
 .UNSPECIFIED.,.F.,.F.,(4,1,4),(-0.241963755096388,-0.119701752223939,0.),
 .UNSPECIFIED.);
#832=B_SPLINE_CURVE_WITH_KNOTS('',3,(#4820,#4821,#4822,#4823,#4824),
 .UNSPECIFIED.,.F.,.F.,(4,1,4),(-0.259403594754016,-0.135481061499359,0.),
 .UNSPECIFIED.);
#833=B_SPLINE_CURVE_WITH_KNOTS('',3,(#4826,#4827,#4828,#4829,#4830),
 .UNSPECIFIED.,.F.,.F.,(4,1,4),(-0.259254359972903,-0.123787048449066,0.),
 .UNSPECIFIED.);
#834=B_SPLINE_CURVE_WITH_KNOTS('',3,(#4832,#4833,#4834,#4835,#4836),
 .UNSPECIFIED.,.F.,.F.,(4,1,4),(-0.239099306402485,-0.120168012611601,0.),
 .UNSPECIFIED.);
#835=B_SPLINE_CURVE_WITH_KNOTS('',3,(#4838,#4839,#4840,#4841,#4842),
 .UNSPECIFIED.,.F.,.F.,(4,1,4),(-0.168841642543734,-0.0817189067608665,
0.),.UNSPECIFIED.);
#836=B_SPLINE_CURVE_WITH_KNOTS('',3,(#4844,#4845,#4846,#4847,#4848),
 .UNSPECIFIED.,.F.,.F.,(4,1,4),(-0.172622245920851,-0.0900758734086092,
0.),.UNSPECIFIED.);
#837=B_SPLINE_CURVE_WITH_KNOTS('',3,(#4850,#4851,#4852,#4853,#4854),
 .UNSPECIFIED.,.F.,.F.,(4,1,4),(-0.137940585952712,-0.0647542559299355,
0.),.UNSPECIFIED.);
#838=B_SPLINE_CURVE_WITH_KNOTS('',3,(#4856,#4857,#4858,#4859,#4860),
 .UNSPECIFIED.,.F.,.F.,(4,1,4),(-0.128043264150207,-0.0656945981732341,
0.),.UNSPECIFIED.);
#839=B_SPLINE_CURVE_WITH_KNOTS('',3,(#4862,#4863,#4864,#4865,#4866),
 .UNSPECIFIED.,.F.,.F.,(4,1,4),(-0.206236187540032,-0.103412108488496,0.),
 .UNSPECIFIED.);
#840=B_SPLINE_CURVE_WITH_KNOTS('',3,(#4868,#4869,#4870,#4871,#4872),
 .UNSPECIFIED.,.F.,.F.,(4,1,4),(-0.22845731075306,-0.119698621321352,0.),
 .UNSPECIFIED.);
#841=B_SPLINE_CURVE_WITH_KNOTS('',3,(#4874,#4875,#4876,#4877,#4878),
 .UNSPECIFIED.,.F.,.F.,(4,1,4),(-0.225861874845905,-0.107072501920211,0.),
 .UNSPECIFIED.);
#842=B_SPLINE_CURVE_WITH_KNOTS('',3,(#4880,#4881,#4882,#4883,#4884),
 .UNSPECIFIED.,.F.,.F.,(4,1,4),(-0.204116911656844,-0.10233999008218,0.),
 .UNSPECIFIED.);
#843=B_SPLINE_CURVE_WITH_KNOTS('',3,(#4885,#4886,#4887,#4888,#4889),
 .UNSPECIFIED.,.F.,.F.,(4,1,4),(-0.131121702567044,-0.0633039484995778,
0.),.UNSPECIFIED.);
#844=B_SPLINE_CURVE_WITH_KNOTS('',3,(#4900,#4901,#4902,#4903,#4904),
 .UNSPECIFIED.,.F.,.F.,(4,1,4),(-0.288682149480591,-0.160304205420918,0.),
 .UNSPECIFIED.);
#845=B_SPLINE_CURVE_WITH_KNOTS('',3,(#4906,#4907,#4908,#4909,#4910),
 .UNSPECIFIED.,.F.,.F.,(4,1,4),(-0.423798123082955,-0.180044075966027,0.),
 .UNSPECIFIED.);
#846=B_SPLINE_CURVE_WITH_KNOTS('',3,(#4912,#4913,#4914,#4915,#4916),
 .UNSPECIFIED.,.F.,.F.,(4,1,4),(-0.256817342867918,-0.131669362589219,0.),
 .UNSPECIFIED.);
#847=B_SPLINE_CURVE_WITH_KNOTS('',3,(#4918,#4919,#4920,#4921,#4922),
 .UNSPECIFIED.,.F.,.F.,(4,1,4),(-0.194113498533806,-0.0926770739647712,
0.),.UNSPECIFIED.);
#848=B_SPLINE_CURVE_WITH_KNOTS('',3,(#4924,#4925,#4926,#4927,#4928),
 .UNSPECIFIED.,.F.,.F.,(4,1,4),(-0.201062870438113,-0.105922809435188,0.),
 .UNSPECIFIED.);
#849=B_SPLINE_CURVE_WITH_KNOTS('',3,(#4930,#4931,#4932,#4933,#4934),
 .UNSPECIFIED.,.F.,.F.,(4,1,4),(-0.287268142291038,-0.159277775532396,0.),
 .UNSPECIFIED.);
#850=B_SPLINE_CURVE_WITH_KNOTS('',3,(#4936,#4937,#4938,#4939,#4940),
 .UNSPECIFIED.,.F.,.F.,(4,1,4),(-0.237851593185911,-0.104291649604622,0.),
 .UNSPECIFIED.);
#851=B_SPLINE_CURVE_WITH_KNOTS('',3,(#4942,#4943,#4944,#4945,#4946),
 .UNSPECIFIED.,.F.,.F.,(4,1,4),(-0.161664261142133,-0.0763515214853463,
0.),.UNSPECIFIED.);
#852=B_SPLINE_CURVE_WITH_KNOTS('',3,(#4948,#4949,#4950,#4951,#4952),
 .UNSPECIFIED.,.F.,.F.,(4,1,4),(-0.138205594222864,-0.0680953743457991,
0.),.UNSPECIFIED.);
#853=B_SPLINE_CURVE_WITH_KNOTS('',3,(#4954,#4955,#4956,#4957,#4958),
 .UNSPECIFIED.,.F.,.F.,(4,1,4),(-0.145986469391239,-0.0759788126199147,
0.),.UNSPECIFIED.);
#854=B_SPLINE_CURVE_WITH_KNOTS('',3,(#4960,#4961,#4962,#4963,#4964),
 .UNSPECIFIED.,.F.,.F.,(4,1,4),(-0.193322930651753,-0.0924050051278769,
0.),.UNSPECIFIED.);
#855=B_SPLINE_CURVE_WITH_KNOTS('',3,(#4965,#4966,#4967,#4968,#4969),
 .UNSPECIFIED.,.F.,.F.,(4,1,4),(-0.200960170287891,-0.105954942234015,0.),
 .UNSPECIFIED.);
#856=B_SPLINE_CURVE_WITH_KNOTS('',3,(#4973,#4974,#4975,#4976,#4977,#4978,
#4979),.UNSPECIFIED.,.F.,.F.,(4,3,4),(0.,0.0761020154715166,0.142842168225897),
 .UNSPECIFIED.);
#857=B_SPLINE_CURVE_WITH_KNOTS('',3,(#4981,#4982,#4983,#4984,#4985,#4986,
#4987),.UNSPECIFIED.,.F.,.F.,(4,3,4),(0.,0.067885919656409,0.14061235636411),
 .UNSPECIFIED.);
#858=B_SPLINE_CURVE_WITH_KNOTS('',3,(#4989,#4990,#4991,#4992,#4993,#4994,
#4995),.UNSPECIFIED.,.F.,.F.,(4,3,4),(0.,0.105137715142486,0.209696968861423),
 .UNSPECIFIED.);
#859=B_SPLINE_CURVE_WITH_KNOTS('',3,(#4997,#4998,#4999,#5000,#5001,#5002,
#5003),.UNSPECIFIED.,.F.,.F.,(4,3,4),(0.,0.117907744301318,0.248718052806802),
 .UNSPECIFIED.);
#860=B_SPLINE_CURVE_WITH_KNOTS('',3,(#5005,#5006,#5007,#5008,#5009,#5010,
#5011),.UNSPECIFIED.,.F.,.F.,(4,3,4),(0.,0.12292900609784,0.234622837227694),
 .UNSPECIFIED.);
#861=B_SPLINE_CURVE_WITH_KNOTS('',3,(#5013,#5014,#5015,#5016,#5017,#5018,
#5019),.UNSPECIFIED.,.F.,.F.,(4,3,4),(0.,0.10621960132994,0.211835209053355),
 .UNSPECIFIED.);
#862=B_SPLINE_CURVE_WITH_KNOTS('',3,(#5021,#5022,#5023,#5024,#5025,#5026,
#5027),.UNSPECIFIED.,.F.,.F.,(4,3,4),(0.,0.0667726548899004,0.130144470410378),
 .UNSPECIFIED.);
#863=B_SPLINE_CURVE_WITH_KNOTS('',3,(#5029,#5030,#5031,#5032,#5033,#5034,
#5035),.UNSPECIFIED.,.F.,.F.,(4,3,4),(0.,0.0712827288921753,0.151847646930483),
 .UNSPECIFIED.);
#864=B_SPLINE_CURVE_WITH_KNOTS('',3,(#5037,#5038,#5039,#5040,#5041,#5042,
#5043),.UNSPECIFIED.,.F.,.F.,(4,3,4),(0.,0.0917506955793706,0.175831890786834),
 .UNSPECIFIED.);
#865=B_SPLINE_CURVE_WITH_KNOTS('',3,(#5045,#5046,#5047,#5048,#5049,#5050,
#5051),.UNSPECIFIED.,.F.,.F.,(4,3,4),(0.,0.0873921398588896,0.180563262824421),
 .UNSPECIFIED.);
#866=B_SPLINE_CURVE_WITH_KNOTS('',3,(#5053,#5054,#5055,#5056,#5057,#5058,
#5059),.UNSPECIFIED.,.F.,.F.,(4,3,4),(0.,0.12339961591784,0.245529254708172),
 .UNSPECIFIED.);
#867=B_SPLINE_CURVE_WITH_KNOTS('',3,(#5061,#5062,#5063,#5064,#5065,#5066,
#5067),.UNSPECIFIED.,.F.,.F.,(4,3,4),(0.,0.135456299988748,0.283693946966755),
 .UNSPECIFIED.);
#868=B_SPLINE_CURVE_WITH_KNOTS('',3,(#5069,#5070,#5071,#5072,#5073,#5074,
#5075),.UNSPECIFIED.,.F.,.F.,(4,3,4),(0.,0.139156487451812,0.266440878738709),
 .UNSPECIFIED.);
#869=B_SPLINE_CURVE_WITH_KNOTS('',3,(#5077,#5078,#5079,#5080,#5081,#5082,
#5083),.UNSPECIFIED.,.F.,.F.,(4,3,4),(0.,0.125292808897034,0.253265453212283),
 .UNSPECIFIED.);
#870=B_SPLINE_CURVE_WITH_KNOTS('',3,(#5085,#5086,#5087,#5088,#5089,#5090,
#5091),.UNSPECIFIED.,.F.,.F.,(4,3,4),(0.,0.0922243957621368,0.176387647193042),
 .UNSPECIFIED.);
#871=B_SPLINE_CURVE_WITH_KNOTS('',3,(#5092,#5093,#5094,#5095,#5096,#5097,
#5098),.UNSPECIFIED.,.F.,.F.,(4,3,4),(0.,0.0880321755667867,0.182896310354086),
 .UNSPECIFIED.);
#872=B_SPLINE_CURVE_WITH_KNOTS('',3,(#5109,#5110,#5111,#5112,#5113,#5114,
#5115),.UNSPECIFIED.,.F.,.F.,(4,3,4),(0.,0.162622748137562,0.292857472849969),
 .UNSPECIFIED.);
#873=B_SPLINE_CURVE_WITH_KNOTS('',3,(#5117,#5118,#5119,#5120,#5121,#5122,
#5123),.UNSPECIFIED.,.F.,.F.,(4,3,4),(0.,0.107646235759954,0.204167973792033),
 .UNSPECIFIED.);
#874=B_SPLINE_CURVE_WITH_KNOTS('',3,(#5125,#5126,#5127,#5128,#5129,#5130,
#5131),.UNSPECIFIED.,.F.,.F.,(4,3,4),(0.,0.100534468551351,0.21033079393229),
 .UNSPECIFIED.);
#875=B_SPLINE_CURVE_WITH_KNOTS('',3,(#5133,#5134,#5135,#5136,#5137,#5138,
#5139),.UNSPECIFIED.,.F.,.F.,(4,3,4),(0.,0.0768540691945102,0.147668196345514),
 .UNSPECIFIED.);
#876=B_SPLINE_CURVE_WITH_KNOTS('',3,(#5141,#5142,#5143,#5144,#5145,#5146,
#5147),.UNSPECIFIED.,.F.,.F.,(4,3,4),(0.,0.0706275241940299,0.143344816641393),
 .UNSPECIFIED.);
#877=B_SPLINE_CURVE_WITH_KNOTS('',3,(#5149,#5150,#5151,#5152,#5153,#5154,
#5155),.UNSPECIFIED.,.F.,.F.,(4,3,4),(0.,0.0828712788056535,0.175468986044907),
 .UNSPECIFIED.);
#878=B_SPLINE_CURVE_WITH_KNOTS('',3,(#5157,#5158,#5159,#5160,#5161,#5162,
#5163),.UNSPECIFIED.,.F.,.F.,(4,3,4),(0.,0.117060560193888,0.266972867405078),
 .UNSPECIFIED.);
#879=B_SPLINE_CURVE_WITH_KNOTS('',3,(#5165,#5166,#5167,#5168,#5169,#5170,
#5171),.UNSPECIFIED.,.F.,.F.,(4,3,4),(0.,0.161525366448312,0.291321823131865),
 .UNSPECIFIED.);
#880=B_SPLINE_CURVE_WITH_KNOTS('',3,(#5173,#5174,#5175,#5176,#5177,#5178,
#5179),.UNSPECIFIED.,.F.,.F.,(4,3,4),(0.,0.107604347570866,0.204254769200178),
 .UNSPECIFIED.);
#881=B_SPLINE_CURVE_WITH_KNOTS('',3,(#5181,#5182,#5183,#5184,#5185,#5186,
#5187),.UNSPECIFIED.,.F.,.F.,(4,3,4),(0.,0.100962391198292,0.211467217699266),
 .UNSPECIFIED.);
#882=B_SPLINE_CURVE_WITH_KNOTS('',3,(#5189,#5190,#5191,#5192,#5193,#5194,
#5195),.UNSPECIFIED.,.F.,.F.,(4,3,4),(0.,0.136316762272662,0.265881963630688),
 .UNSPECIFIED.);
#883=B_SPLINE_CURVE_WITH_KNOTS('',3,(#5196,#5197,#5198,#5199,#5200,#5201,
#5202),.UNSPECIFIED.,.F.,.F.,(4,3,4),(0.,0.204841544390939,0.482167833495807),
 .UNSPECIFIED.);
#884=VERTEX_POINT('',#2767);
#885=VERTEX_POINT('',#2768);
#886=VERTEX_POINT('',#2776);
#887=VERTEX_POINT('',#2778);
#888=VERTEX_POINT('',#2795);
#889=VERTEX_POINT('',#2803);
#890=VERTEX_POINT('',#2820);
#891=VERTEX_POINT('',#2828);
#892=VERTEX_POINT('',#2845);
#893=VERTEX_POINT('',#2853);
#894=VERTEX_POINT('',#2870);
#895=VERTEX_POINT('',#2878);
#896=VERTEX_POINT('',#2895);
#897=VERTEX_POINT('',#2903);
#898=VERTEX_POINT('',#2920);
#899=VERTEX_POINT('',#2928);
#900=VERTEX_POINT('',#2969);
#901=VERTEX_POINT('',#2970);
#902=VERTEX_POINT('',#2978);
#903=VERTEX_POINT('',#2980);
#904=VERTEX_POINT('',#2997);
#905=VERTEX_POINT('',#3004);
#906=VERTEX_POINT('',#3021);
#907=VERTEX_POINT('',#3029);
#908=VERTEX_POINT('',#3046);
#909=VERTEX_POINT('',#3054);
#910=VERTEX_POINT('',#3071);
#911=VERTEX_POINT('',#3072);
#912=VERTEX_POINT('',#3080);
#913=VERTEX_POINT('',#3082);
#914=VERTEX_POINT('',#3099);
#915=VERTEX_POINT('',#3107);
#916=VERTEX_POINT('',#3124);
#917=VERTEX_POINT('',#3132);
#918=VERTEX_POINT('',#3149);
#919=VERTEX_POINT('',#3157);
#920=VERTEX_POINT('',#3174);
#921=VERTEX_POINT('',#3182);
#922=VERTEX_POINT('',#3199);
#923=VERTEX_POINT('',#3207);
#924=VERTEX_POINT('',#3224);
#925=VERTEX_POINT('',#3232);
#926=VERTEX_POINT('',#3249);
#927=VERTEX_POINT('',#3257);
#928=VERTEX_POINT('',#3274);
#929=VERTEX_POINT('',#3282);
#930=VERTEX_POINT('',#3321);
#931=VERTEX_POINT('',#3329);
#932=VERTEX_POINT('',#3346);
#933=VERTEX_POINT('',#3354);
#934=VERTEX_POINT('',#3371);
#935=VERTEX_POINT('',#3379);
#936=VERTEX_POINT('',#3396);
#937=VERTEX_POINT('',#3404);
#938=VERTEX_POINT('',#3421);
#939=VERTEX_POINT('',#3429);
#940=VERTEX_POINT('',#3461);
#941=VERTEX_POINT('',#3462);
#942=VERTEX_POINT('',#3464);
#943=VERTEX_POINT('',#3466);
#944=VERTEX_POINT('',#3470);
#945=VERTEX_POINT('',#3472);
#946=VERTEX_POINT('',#3476);
#947=VERTEX_POINT('',#3478);
#948=VERTEX_POINT('',#3496);
#949=VERTEX_POINT('',#3497);
#950=VERTEX_POINT('',#3505);
#951=VERTEX_POINT('',#3507);
#952=VERTEX_POINT('',#3524);
#953=VERTEX_POINT('',#3532);
#954=VERTEX_POINT('',#3549);
#955=VERTEX_POINT('',#3557);
#956=VERTEX_POINT('',#3574);
#957=VERTEX_POINT('',#3582);
#958=VERTEX_POINT('',#3599);
#959=VERTEX_POINT('',#3600);
#960=VERTEX_POINT('',#3608);
#961=VERTEX_POINT('',#3610);
#962=VERTEX_POINT('',#3627);
#963=VERTEX_POINT('',#3635);
#964=VERTEX_POINT('',#3652);
#965=VERTEX_POINT('',#3660);
#966=VERTEX_POINT('',#3677);
#967=VERTEX_POINT('',#3685);
#968=VERTEX_POINT('',#3702);
#969=VERTEX_POINT('',#3703);
#970=VERTEX_POINT('',#3711);
#971=VERTEX_POINT('',#3713);
#972=VERTEX_POINT('',#3730);
#973=VERTEX_POINT('',#3738);
#974=VERTEX_POINT('',#3755);
#975=VERTEX_POINT('',#3763);
#976=VERTEX_POINT('',#3780);
#977=VERTEX_POINT('',#3788);
#978=VERTEX_POINT('',#3805);
#979=VERTEX_POINT('',#3813);
#980=VERTEX_POINT('',#3830);
#981=VERTEX_POINT('',#3838);
#982=VERTEX_POINT('',#3855);
#983=VERTEX_POINT('',#3863);
#984=VERTEX_POINT('',#3880);
#985=VERTEX_POINT('',#3888);
#986=VERTEX_POINT('',#3905);
#987=VERTEX_POINT('',#3913);
#988=VERTEX_POINT('',#3930);
#989=VERTEX_POINT('',#3938);
#990=VERTEX_POINT('',#3955);
#991=VERTEX_POINT('',#3963);
#992=VERTEX_POINT('',#4001);
#993=VERTEX_POINT('',#4009);
#994=VERTEX_POINT('',#4026);
#995=VERTEX_POINT('',#4034);
#996=VERTEX_POINT('',#4051);
#997=VERTEX_POINT('',#4059);
#998=VERTEX_POINT('',#4076);
#999=VERTEX_POINT('',#4083);
#1000=VERTEX_POINT('',#4122);
#1001=VERTEX_POINT('',#4130);
#1002=VERTEX_POINT('',#4147);
#1003=VERTEX_POINT('',#4155);
#1004=VERTEX_POINT('',#4172);
#1005=VERTEX_POINT('',#4180);
#1006=VERTEX_POINT('',#4197);
#1007=VERTEX_POINT('',#4204);
#1008=VERTEX_POINT('',#4221);
#1009=VERTEX_POINT('',#4229);
#1010=VERTEX_POINT('',#4246);
#1011=VERTEX_POINT('',#4254);
#1012=VERTEX_POINT('',#4271);
#1013=VERTEX_POINT('',#4279);
#1014=VERTEX_POINT('',#4311);
#1015=VERTEX_POINT('',#4312);
#1016=VERTEX_POINT('',#4318);
#1017=VERTEX_POINT('',#4324);
#1018=VERTEX_POINT('',#4330);
#1019=VERTEX_POINT('',#4336);
#1020=VERTEX_POINT('',#4342);
#1021=VERTEX_POINT('',#4348);
#1022=VERTEX_POINT('',#4354);
#1023=VERTEX_POINT('',#4366);
#1024=VERTEX_POINT('',#4367);
#1025=VERTEX_POINT('',#4375);
#1026=VERTEX_POINT('',#4383);
#1027=VERTEX_POINT('',#4391);
#1028=VERTEX_POINT('',#4399);
#1029=VERTEX_POINT('',#4407);
#1030=VERTEX_POINT('',#4415);
#1031=VERTEX_POINT('',#4423);
#1032=VERTEX_POINT('',#4547);
#1033=VERTEX_POINT('',#4548);
#1034=VERTEX_POINT('',#4556);
#1035=VERTEX_POINT('',#4558);
#1036=VERTEX_POINT('',#4575);
#1037=VERTEX_POINT('',#4583);
#1038=VERTEX_POINT('',#4600);
#1039=VERTEX_POINT('',#4608);
#1040=VERTEX_POINT('',#4625);
#1041=VERTEX_POINT('',#4633);
#1042=VERTEX_POINT('',#4650);
#1043=VERTEX_POINT('',#4658);
#1044=VERTEX_POINT('',#4675);
#1045=VERTEX_POINT('',#4683);
#1046=VERTEX_POINT('',#4700);
#1047=VERTEX_POINT('',#4708);
#1048=VERTEX_POINT('',#4740);
#1049=VERTEX_POINT('',#4741);
#1050=VERTEX_POINT('',#4743);
#1051=VERTEX_POINT('',#4745);
#1052=VERTEX_POINT('',#4749);
#1053=VERTEX_POINT('',#4750);
#1054=VERTEX_POINT('',#4752);
#1055=VERTEX_POINT('',#4754);
#1056=VERTEX_POINT('',#4756);
#1057=VERTEX_POINT('',#4758);
#1058=VERTEX_POINT('',#4763);
#1059=VERTEX_POINT('',#4767);
#1060=VERTEX_POINT('',#4768);
#1061=VERTEX_POINT('',#4771);
#1062=VERTEX_POINT('',#4773);
#1063=VERTEX_POINT('',#4775);
#1064=VERTEX_POINT('',#4783);
#1065=VERTEX_POINT('',#4788);
#1066=VERTEX_POINT('',#4794);
#1067=VERTEX_POINT('',#4795);
#1068=VERTEX_POINT('',#4801);
#1069=VERTEX_POINT('',#4807);
#1070=VERTEX_POINT('',#4813);
#1071=VERTEX_POINT('',#4819);
#1072=VERTEX_POINT('',#4825);
#1073=VERTEX_POINT('',#4831);
#1074=VERTEX_POINT('',#4837);
#1075=VERTEX_POINT('',#4843);
#1076=VERTEX_POINT('',#4849);
#1077=VERTEX_POINT('',#4855);
#1078=VERTEX_POINT('',#4861);
#1079=VERTEX_POINT('',#4867);
#1080=VERTEX_POINT('',#4873);
#1081=VERTEX_POINT('',#4879);
#1082=VERTEX_POINT('',#4890);
#1083=VERTEX_POINT('',#4891);
#1084=VERTEX_POINT('',#4893);
#1085=VERTEX_POINT('',#4895);
#1086=VERTEX_POINT('',#4898);
#1087=VERTEX_POINT('',#4899);
#1088=VERTEX_POINT('',#4905);
#1089=VERTEX_POINT('',#4911);
#1090=VERTEX_POINT('',#4917);
#1091=VERTEX_POINT('',#4923);
#1092=VERTEX_POINT('',#4929);
#1093=VERTEX_POINT('',#4935);
#1094=VERTEX_POINT('',#4941);
#1095=VERTEX_POINT('',#4947);
#1096=VERTEX_POINT('',#4953);
#1097=VERTEX_POINT('',#4959);
#1098=VERTEX_POINT('',#4971);
#1099=VERTEX_POINT('',#4972);
#1100=VERTEX_POINT('',#4980);
#1101=VERTEX_POINT('',#4988);
#1102=VERTEX_POINT('',#4996);
#1103=VERTEX_POINT('',#5004);
#1104=VERTEX_POINT('',#5012);
#1105=VERTEX_POINT('',#5020);
#1106=VERTEX_POINT('',#5028);
#1107=VERTEX_POINT('',#5036);
#1108=VERTEX_POINT('',#5044);
#1109=VERTEX_POINT('',#5052);
#1110=VERTEX_POINT('',#5060);
#1111=VERTEX_POINT('',#5068);
#1112=VERTEX_POINT('',#5076);
#1113=VERTEX_POINT('',#5084);
#1114=VERTEX_POINT('',#5099);
#1115=VERTEX_POINT('',#5100);
#1116=VERTEX_POINT('',#5102);
#1117=VERTEX_POINT('',#5104);
#1118=VERTEX_POINT('',#5107);
#1119=VERTEX_POINT('',#5108);
#1120=VERTEX_POINT('',#5116);
#1121=VERTEX_POINT('',#5124);
#1122=VERTEX_POINT('',#5132);
#1123=VERTEX_POINT('',#5140);
#1124=VERTEX_POINT('',#5148);
#1125=VERTEX_POINT('',#5156);
#1126=VERTEX_POINT('',#5164);
#1127=VERTEX_POINT('',#5172);
#1128=VERTEX_POINT('',#5180);
#1129=VERTEX_POINT('',#5188);
#1130=EDGE_CURVE('',#884,#885,#672,.T.);
#1131=EDGE_CURVE('',#886,#884,#362,.T.);
#1132=EDGE_CURVE('',#887,#886,#673,.T.);
#1133=EDGE_CURVE('',#887,#885,#363,.T.);
#1134=EDGE_CURVE('',#885,#888,#674,.T.);
#1135=EDGE_CURVE('',#889,#887,#675,.T.);
#1136=EDGE_CURVE('',#889,#888,#364,.T.);
#1137=EDGE_CURVE('',#888,#890,#676,.T.);
#1138=EDGE_CURVE('',#891,#889,#677,.T.);
#1139=EDGE_CURVE('',#891,#890,#365,.T.);
#1140=EDGE_CURVE('',#890,#892,#678,.T.);
#1141=EDGE_CURVE('',#893,#891,#679,.T.);
#1142=EDGE_CURVE('',#893,#892,#366,.T.);
#1143=EDGE_CURVE('',#892,#894,#680,.T.);
#1144=EDGE_CURVE('',#895,#893,#681,.T.);
#1145=EDGE_CURVE('',#895,#894,#367,.T.);
#1146=EDGE_CURVE('',#894,#896,#682,.T.);
#1147=EDGE_CURVE('',#897,#895,#683,.T.);
#1148=EDGE_CURVE('',#897,#896,#368,.T.);
#1149=EDGE_CURVE('',#896,#898,#684,.T.);
#1150=EDGE_CURVE('',#899,#897,#685,.T.);
#1151=EDGE_CURVE('',#899,#898,#369,.T.);
#1152=EDGE_CURVE('',#898,#884,#686,.T.);
#1153=EDGE_CURVE('',#886,#899,#687,.T.);
#1154=EDGE_CURVE('',#900,#901,#688,.T.);
#1155=EDGE_CURVE('',#902,#901,#370,.T.);
#1156=EDGE_CURVE('',#903,#902,#689,.T.);
#1157=EDGE_CURVE('',#903,#900,#371,.T.);
#1158=EDGE_CURVE('',#901,#904,#690,.T.);
#1159=EDGE_CURVE('',#905,#904,#372,.T.);
#1160=EDGE_CURVE('',#902,#905,#691,.T.);
#1161=EDGE_CURVE('',#904,#906,#692,.T.);
#1162=EDGE_CURVE('',#907,#906,#373,.T.);
#1163=EDGE_CURVE('',#905,#907,#693,.T.);
#1164=EDGE_CURVE('',#906,#908,#694,.T.);
#1165=EDGE_CURVE('',#909,#908,#374,.T.);
#1166=EDGE_CURVE('',#907,#909,#695,.T.);
#1167=EDGE_CURVE('',#910,#911,#696,.T.);
#1168=EDGE_CURVE('',#912,#911,#375,.T.);
#1169=EDGE_CURVE('',#913,#912,#697,.T.);
#1170=EDGE_CURVE('',#913,#910,#376,.T.);
#1171=EDGE_CURVE('',#911,#914,#698,.T.);
#1172=EDGE_CURVE('',#915,#914,#377,.T.);
#1173=EDGE_CURVE('',#912,#915,#699,.T.);
#1174=EDGE_CURVE('',#914,#916,#700,.T.);
#1175=EDGE_CURVE('',#917,#916,#378,.T.);
#1176=EDGE_CURVE('',#915,#917,#701,.T.);
#1177=EDGE_CURVE('',#916,#918,#702,.T.);
#1178=EDGE_CURVE('',#919,#918,#379,.T.);
#1179=EDGE_CURVE('',#917,#919,#703,.T.);
#1180=EDGE_CURVE('',#918,#920,#704,.T.);
#1181=EDGE_CURVE('',#921,#920,#380,.T.);
#1182=EDGE_CURVE('',#919,#921,#705,.T.);
#1183=EDGE_CURVE('',#920,#922,#706,.T.);
#1184=EDGE_CURVE('',#923,#922,#381,.T.);
#1185=EDGE_CURVE('',#921,#923,#707,.T.);
#1186=EDGE_CURVE('',#908,#924,#708,.T.);
#1187=EDGE_CURVE('',#925,#924,#382,.T.);
#1188=EDGE_CURVE('',#909,#925,#709,.T.);
#1189=EDGE_CURVE('',#924,#926,#710,.T.);
#1190=EDGE_CURVE('',#927,#926,#383,.T.);
#1191=EDGE_CURVE('',#925,#927,#711,.T.);
#1192=EDGE_CURVE('',#926,#928,#712,.T.);
#1193=EDGE_CURVE('',#929,#928,#384,.T.);
#1194=EDGE_CURVE('',#927,#929,#713,.T.);
#1195=EDGE_CURVE('',#928,#900,#714,.T.);
#1196=EDGE_CURVE('',#929,#903,#715,.T.);
#1197=EDGE_CURVE('',#922,#930,#716,.T.);
#1198=EDGE_CURVE('',#931,#930,#385,.T.);
#1199=EDGE_CURVE('',#923,#931,#717,.T.);
#1200=EDGE_CURVE('',#930,#932,#718,.T.);
#1201=EDGE_CURVE('',#933,#932,#386,.T.);
#1202=EDGE_CURVE('',#931,#933,#719,.T.);
#1203=EDGE_CURVE('',#932,#934,#720,.T.);
#1204=EDGE_CURVE('',#935,#934,#387,.T.);
#1205=EDGE_CURVE('',#933,#935,#721,.T.);
#1206=EDGE_CURVE('',#934,#936,#722,.T.);
#1207=EDGE_CURVE('',#937,#936,#388,.T.);
#1208=EDGE_CURVE('',#935,#937,#723,.T.);
#1209=EDGE_CURVE('',#936,#938,#724,.T.);
#1210=EDGE_CURVE('',#939,#938,#389,.T.);
#1211=EDGE_CURVE('',#937,#939,#725,.T.);
#1212=EDGE_CURVE('',#938,#910,#726,.T.);
#1213=EDGE_CURVE('',#939,#913,#727,.T.);
#1214=EDGE_CURVE('',#940,#941,#390,.T.);
#1215=EDGE_CURVE('',#942,#941,#391,.T.);
#1216=EDGE_CURVE('',#943,#942,#392,.T.);
#1217=EDGE_CURVE('',#943,#940,#393,.T.);
#1218=EDGE_CURVE('',#941,#944,#394,.T.);
#1219=EDGE_CURVE('',#945,#944,#395,.T.);
#1220=EDGE_CURVE('',#942,#945,#396,.T.);
#1221=EDGE_CURVE('',#944,#946,#397,.T.);
#1222=EDGE_CURVE('',#947,#946,#398,.T.);
#1223=EDGE_CURVE('',#945,#947,#399,.T.);
#1224=EDGE_CURVE('',#946,#940,#400,.T.);
#1225=EDGE_CURVE('',#947,#943,#401,.T.);
#1226=EDGE_CURVE('',#948,#949,#728,.T.);
#1227=EDGE_CURVE('',#950,#949,#402,.T.);
#1228=EDGE_CURVE('',#951,#950,#729,.T.);
#1229=EDGE_CURVE('',#951,#948,#403,.T.);
#1230=EDGE_CURVE('',#949,#952,#730,.T.);
#1231=EDGE_CURVE('',#953,#952,#404,.T.);
#1232=EDGE_CURVE('',#950,#953,#731,.T.);
#1233=EDGE_CURVE('',#952,#954,#732,.T.);
#1234=EDGE_CURVE('',#955,#954,#405,.T.);
#1235=EDGE_CURVE('',#953,#955,#733,.T.);
#1236=EDGE_CURVE('',#954,#956,#734,.T.);
#1237=EDGE_CURVE('',#957,#956,#406,.T.);
#1238=EDGE_CURVE('',#955,#957,#735,.T.);
#1239=EDGE_CURVE('',#958,#959,#736,.T.);
#1240=EDGE_CURVE('',#960,#959,#407,.T.);
#1241=EDGE_CURVE('',#961,#960,#737,.T.);
#1242=EDGE_CURVE('',#961,#958,#408,.T.);
#1243=EDGE_CURVE('',#959,#962,#738,.T.);
#1244=EDGE_CURVE('',#963,#962,#409,.T.);
#1245=EDGE_CURVE('',#960,#963,#739,.T.);
#1246=EDGE_CURVE('',#962,#964,#740,.T.);
#1247=EDGE_CURVE('',#965,#964,#410,.T.);
#1248=EDGE_CURVE('',#963,#965,#741,.T.);
#1249=EDGE_CURVE('',#964,#966,#742,.T.);
#1250=EDGE_CURVE('',#967,#966,#411,.T.);
#1251=EDGE_CURVE('',#965,#967,#743,.T.);
#1252=EDGE_CURVE('',#968,#969,#744,.T.);
#1253=EDGE_CURVE('',#970,#969,#412,.T.);
#1254=EDGE_CURVE('',#971,#970,#745,.T.);
#1255=EDGE_CURVE('',#971,#968,#413,.T.);
#1256=EDGE_CURVE('',#969,#972,#746,.T.);
#1257=EDGE_CURVE('',#973,#972,#414,.T.);
#1258=EDGE_CURVE('',#970,#973,#747,.T.);
#1259=EDGE_CURVE('',#972,#974,#748,.T.);
#1260=EDGE_CURVE('',#975,#974,#415,.T.);
#1261=EDGE_CURVE('',#973,#975,#749,.T.);
#1262=EDGE_CURVE('',#974,#976,#750,.T.);
#1263=EDGE_CURVE('',#977,#976,#416,.T.);
#1264=EDGE_CURVE('',#975,#977,#751,.T.);
#1265=EDGE_CURVE('',#976,#978,#752,.T.);
#1266=EDGE_CURVE('',#979,#978,#417,.T.);
#1267=EDGE_CURVE('',#977,#979,#753,.T.);
#1268=EDGE_CURVE('',#978,#980,#754,.T.);
#1269=EDGE_CURVE('',#981,#980,#418,.T.);
#1270=EDGE_CURVE('',#979,#981,#755,.T.);
#1271=EDGE_CURVE('',#980,#982,#756,.T.);
#1272=EDGE_CURVE('',#983,#982,#419,.T.);
#1273=EDGE_CURVE('',#981,#983,#757,.T.);
#1274=EDGE_CURVE('',#982,#984,#758,.T.);
#1275=EDGE_CURVE('',#985,#984,#420,.T.);
#1276=EDGE_CURVE('',#983,#985,#759,.T.);
#1277=EDGE_CURVE('',#956,#986,#760,.T.);
#1278=EDGE_CURVE('',#987,#986,#421,.T.);
#1279=EDGE_CURVE('',#957,#987,#761,.T.);
#1280=EDGE_CURVE('',#986,#988,#762,.T.);
#1281=EDGE_CURVE('',#989,#988,#422,.T.);
#1282=EDGE_CURVE('',#987,#989,#763,.T.);
#1283=EDGE_CURVE('',#988,#990,#764,.T.);
#1284=EDGE_CURVE('',#991,#990,#423,.T.);
#1285=EDGE_CURVE('',#989,#991,#765,.T.);
#1286=EDGE_CURVE('',#990,#948,#766,.T.);
#1287=EDGE_CURVE('',#991,#951,#767,.T.);
#1288=EDGE_CURVE('',#966,#992,#768,.T.);
#1289=EDGE_CURVE('',#993,#992,#424,.T.);
#1290=EDGE_CURVE('',#967,#993,#769,.T.);
#1291=EDGE_CURVE('',#992,#994,#770,.T.);
#1292=EDGE_CURVE('',#995,#994,#425,.T.);
#1293=EDGE_CURVE('',#993,#995,#771,.T.);
#1294=EDGE_CURVE('',#994,#996,#772,.T.);
#1295=EDGE_CURVE('',#997,#996,#426,.T.);
#1296=EDGE_CURVE('',#995,#997,#773,.T.);
#1297=EDGE_CURVE('',#996,#998,#774,.T.);
#1298=EDGE_CURVE('',#999,#998,#427,.T.);
#1299=EDGE_CURVE('',#997,#999,#775,.T.);
#1300=EDGE_CURVE('',#998,#958,#776,.T.);
#1301=EDGE_CURVE('',#999,#961,#777,.T.);
#1302=EDGE_CURVE('',#984,#1000,#778,.T.);
#1303=EDGE_CURVE('',#1001,#1000,#428,.T.);
#1304=EDGE_CURVE('',#985,#1001,#779,.T.);
#1305=EDGE_CURVE('',#1000,#1002,#780,.T.);
#1306=EDGE_CURVE('',#1003,#1002,#429,.T.);
#1307=EDGE_CURVE('',#1001,#1003,#781,.T.);
#1308=EDGE_CURVE('',#1002,#1004,#782,.T.);
#1309=EDGE_CURVE('',#1005,#1004,#430,.T.);
#1310=EDGE_CURVE('',#1003,#1005,#783,.T.);
#1311=EDGE_CURVE('',#1004,#1006,#784,.T.);
#1312=EDGE_CURVE('',#1007,#1006,#431,.T.);
#1313=EDGE_CURVE('',#1005,#1007,#785,.T.);
#1314=EDGE_CURVE('',#1006,#1008,#786,.T.);
#1315=EDGE_CURVE('',#1009,#1008,#432,.T.);
#1316=EDGE_CURVE('',#1007,#1009,#787,.T.);
#1317=EDGE_CURVE('',#1008,#1010,#788,.T.);
#1318=EDGE_CURVE('',#1011,#1010,#433,.T.);
#1319=EDGE_CURVE('',#1009,#1011,#789,.T.);
#1320=EDGE_CURVE('',#1010,#1012,#790,.T.);
#1321=EDGE_CURVE('',#1013,#1012,#434,.T.);
#1322=EDGE_CURVE('',#1011,#1013,#791,.T.);
#1323=EDGE_CURVE('',#1012,#968,#792,.T.);
#1324=EDGE_CURVE('',#1013,#971,#793,.T.);
#1325=EDGE_CURVE('',#1014,#1015,#794,.T.);
#1326=EDGE_CURVE('',#1015,#1016,#795,.T.);
#1327=EDGE_CURVE('',#1016,#1017,#796,.T.);
#1328=EDGE_CURVE('',#1017,#1018,#797,.T.);
#1329=EDGE_CURVE('',#1018,#1019,#798,.T.);
#1330=EDGE_CURVE('',#1019,#1020,#799,.T.);
#1331=EDGE_CURVE('',#1020,#1021,#800,.T.);
#1332=EDGE_CURVE('',#1021,#1022,#801,.T.);
#1333=EDGE_CURVE('',#1022,#1014,#802,.T.);
#1334=EDGE_CURVE('',#1023,#1024,#803,.T.);
#1335=EDGE_CURVE('',#1024,#1025,#804,.T.);
#1336=EDGE_CURVE('',#1025,#1026,#805,.T.);
#1337=EDGE_CURVE('',#1026,#1027,#806,.T.);
#1338=EDGE_CURVE('',#1027,#1028,#807,.T.);
#1339=EDGE_CURVE('',#1028,#1029,#808,.T.);
#1340=EDGE_CURVE('',#1029,#1030,#809,.T.);
#1341=EDGE_CURVE('',#1030,#1031,#810,.T.);
#1342=EDGE_CURVE('',#1031,#1023,#811,.T.);
#1343=EDGE_CURVE('',#1020,#1027,#435,.T.);
#1344=EDGE_CURVE('',#1019,#1028,#436,.T.);
#1345=EDGE_CURVE('',#1021,#1026,#437,.T.);
#1346=EDGE_CURVE('',#1022,#1025,#438,.T.);
#1347=EDGE_CURVE('',#1014,#1024,#439,.T.);
#1348=EDGE_CURVE('',#1015,#1023,#440,.T.);
#1349=EDGE_CURVE('',#1016,#1031,#441,.T.);
#1350=EDGE_CURVE('',#1017,#1030,#442,.T.);
#1351=EDGE_CURVE('',#1018,#1029,#443,.T.);
#1352=EDGE_CURVE('',#1032,#1033,#812,.T.);
#1353=EDGE_CURVE('',#1034,#1032,#444,.T.);
#1354=EDGE_CURVE('',#1035,#1034,#813,.T.);
#1355=EDGE_CURVE('',#1035,#1033,#445,.T.);
#1356=EDGE_CURVE('',#1033,#1036,#814,.T.);
#1357=EDGE_CURVE('',#1037,#1035,#815,.T.);
#1358=EDGE_CURVE('',#1037,#1036,#446,.T.);
#1359=EDGE_CURVE('',#1036,#1038,#816,.T.);
#1360=EDGE_CURVE('',#1039,#1037,#817,.T.);
#1361=EDGE_CURVE('',#1039,#1038,#447,.T.);
#1362=EDGE_CURVE('',#1038,#1040,#818,.T.);
#1363=EDGE_CURVE('',#1041,#1039,#819,.T.);
#1364=EDGE_CURVE('',#1041,#1040,#448,.T.);
#1365=EDGE_CURVE('',#1040,#1042,#820,.T.);
#1366=EDGE_CURVE('',#1043,#1041,#821,.T.);
#1367=EDGE_CURVE('',#1043,#1042,#449,.T.);
#1368=EDGE_CURVE('',#1042,#1044,#822,.T.);
#1369=EDGE_CURVE('',#1045,#1043,#823,.T.);
#1370=EDGE_CURVE('',#1045,#1044,#450,.T.);
#1371=EDGE_CURVE('',#1044,#1046,#824,.T.);
#1372=EDGE_CURVE('',#1047,#1045,#825,.T.);
#1373=EDGE_CURVE('',#1047,#1046,#451,.T.);
#1374=EDGE_CURVE('',#1046,#1032,#826,.T.);
#1375=EDGE_CURVE('',#1034,#1047,#827,.T.);
#1376=EDGE_CURVE('',#1048,#1049,#452,.T.);
#1377=EDGE_CURVE('',#1049,#1050,#453,.T.);
#1378=EDGE_CURVE('',#1050,#1051,#454,.T.);
#1379=EDGE_CURVE('',#1051,#1048,#455,.T.);
#1380=EDGE_CURVE('',#1052,#1053,#456,.T.);
#1381=EDGE_CURVE('',#1052,#1054,#457,.T.);
#1382=EDGE_CURVE('',#1054,#1055,#458,.T.);
#1383=EDGE_CURVE('',#1056,#1055,#459,.T.);
#1384=EDGE_CURVE('',#1057,#1056,#460,.T.);
#1385=EDGE_CURVE('',#1057,#1049,#461,.T.);
#1386=EDGE_CURVE('',#1053,#1048,#462,.T.);
#1387=EDGE_CURVE('',#1057,#1058,#463,.T.);
#1388=EDGE_CURVE('',#1058,#1050,#464,.T.);
#1389=EDGE_CURVE('',#1059,#1060,#465,.T.);
#1390=EDGE_CURVE('',#1059,#1051,#466,.T.);
#1391=EDGE_CURVE('',#1061,#1058,#467,.T.);
#1392=EDGE_CURVE('',#1061,#1062,#468,.T.);
#1393=EDGE_CURVE('',#1062,#1063,#469,.T.);
#1394=EDGE_CURVE('',#1060,#1063,#470,.T.);
#1395=EDGE_CURVE('',#1053,#1059,#471,.T.);
#1396=EDGE_CURVE('',#1063,#1054,#472,.T.);
#1397=EDGE_CURVE('',#1055,#1062,#473,.T.);
#1398=EDGE_CURVE('',#1064,#1064,#14,.T.);
#1399=EDGE_CURVE('',#1060,#1052,#474,.T.);
#1400=EDGE_CURVE('',#1064,#1065,#475,.T.);
#1401=EDGE_CURVE('',#1065,#1065,#15,.T.);
#1402=EDGE_CURVE('',#1056,#1061,#476,.T.);
#1403=EDGE_CURVE('',#1066,#1067,#828,.T.);
#1404=EDGE_CURVE('',#1067,#1068,#829,.T.);
#1405=EDGE_CURVE('',#1068,#1069,#830,.T.);
#1406=EDGE_CURVE('',#1069,#1070,#831,.T.);
#1407=EDGE_CURVE('',#1070,#1071,#832,.T.);
#1408=EDGE_CURVE('',#1071,#1072,#833,.T.);
#1409=EDGE_CURVE('',#1072,#1073,#834,.T.);
#1410=EDGE_CURVE('',#1073,#1074,#835,.T.);
#1411=EDGE_CURVE('',#1074,#1075,#836,.T.);
#1412=EDGE_CURVE('',#1075,#1076,#837,.T.);
#1413=EDGE_CURVE('',#1076,#1077,#838,.T.);
#1414=EDGE_CURVE('',#1077,#1078,#839,.T.);
#1415=EDGE_CURVE('',#1078,#1079,#840,.T.);
#1416=EDGE_CURVE('',#1079,#1080,#841,.T.);
#1417=EDGE_CURVE('',#1080,#1081,#842,.T.);
#1418=EDGE_CURVE('',#1081,#1066,#843,.T.);
#1419=EDGE_CURVE('',#1082,#1083,#477,.T.);
#1420=EDGE_CURVE('',#1083,#1084,#478,.T.);
#1421=EDGE_CURVE('',#1084,#1085,#479,.T.);
#1422=EDGE_CURVE('',#1085,#1082,#480,.T.);
#1423=EDGE_CURVE('',#1086,#1087,#844,.T.);
#1424=EDGE_CURVE('',#1087,#1088,#845,.T.);
#1425=EDGE_CURVE('',#1088,#1089,#846,.T.);
#1426=EDGE_CURVE('',#1089,#1090,#847,.T.);
#1427=EDGE_CURVE('',#1090,#1091,#848,.T.);
#1428=EDGE_CURVE('',#1091,#1092,#849,.T.);
#1429=EDGE_CURVE('',#1092,#1093,#850,.T.);
#1430=EDGE_CURVE('',#1093,#1094,#851,.T.);
#1431=EDGE_CURVE('',#1094,#1095,#852,.T.);
#1432=EDGE_CURVE('',#1095,#1096,#853,.T.);
#1433=EDGE_CURVE('',#1096,#1097,#854,.T.);
#1434=EDGE_CURVE('',#1097,#1086,#855,.T.);
#1435=EDGE_CURVE('',#1098,#1099,#856,.T.);
#1436=EDGE_CURVE('',#1099,#1100,#857,.T.);
#1437=EDGE_CURVE('',#1100,#1101,#858,.T.);
#1438=EDGE_CURVE('',#1101,#1102,#859,.T.);
#1439=EDGE_CURVE('',#1102,#1103,#860,.T.);
#1440=EDGE_CURVE('',#1103,#1104,#861,.T.);
#1441=EDGE_CURVE('',#1104,#1105,#862,.T.);
#1442=EDGE_CURVE('',#1105,#1106,#863,.T.);
#1443=EDGE_CURVE('',#1106,#1107,#864,.T.);
#1444=EDGE_CURVE('',#1107,#1108,#865,.T.);
#1445=EDGE_CURVE('',#1108,#1109,#866,.T.);
#1446=EDGE_CURVE('',#1109,#1110,#867,.T.);
#1447=EDGE_CURVE('',#1110,#1111,#868,.T.);
#1448=EDGE_CURVE('',#1111,#1112,#869,.T.);
#1449=EDGE_CURVE('',#1112,#1113,#870,.T.);
#1450=EDGE_CURVE('',#1113,#1098,#871,.T.);
#1451=EDGE_CURVE('',#1114,#1115,#481,.T.);
#1452=EDGE_CURVE('',#1115,#1116,#482,.T.);
#1453=EDGE_CURVE('',#1116,#1117,#483,.T.);
#1454=EDGE_CURVE('',#1117,#1114,#484,.T.);
#1455=EDGE_CURVE('',#1118,#1119,#872,.T.);
#1456=EDGE_CURVE('',#1119,#1120,#873,.T.);
#1457=EDGE_CURVE('',#1120,#1121,#874,.T.);
#1458=EDGE_CURVE('',#1121,#1122,#875,.T.);
#1459=EDGE_CURVE('',#1122,#1123,#876,.T.);
#1460=EDGE_CURVE('',#1123,#1124,#877,.T.);
#1461=EDGE_CURVE('',#1124,#1125,#878,.T.);
#1462=EDGE_CURVE('',#1125,#1126,#879,.T.);
#1463=EDGE_CURVE('',#1126,#1127,#880,.T.);
#1464=EDGE_CURVE('',#1127,#1128,#881,.T.);
#1465=EDGE_CURVE('',#1128,#1129,#882,.T.);
#1466=EDGE_CURVE('',#1129,#1118,#883,.T.);
#1467=EDGE_CURVE('',#1076,#1105,#485,.T.);
#1468=EDGE_CURVE('',#1075,#1106,#486,.T.);
#1469=EDGE_CURVE('',#1077,#1104,#487,.T.);
#1470=EDGE_CURVE('',#1078,#1103,#488,.T.);
#1471=EDGE_CURVE('',#1079,#1102,#489,.T.);
#1472=EDGE_CURVE('',#1080,#1101,#490,.T.);
#1473=EDGE_CURVE('',#1081,#1100,#491,.T.);
#1474=EDGE_CURVE('',#1066,#1099,#492,.T.);
#1475=EDGE_CURVE('',#1067,#1098,#493,.T.);
#1476=EDGE_CURVE('',#1068,#1113,#494,.T.);
#1477=EDGE_CURVE('',#1069,#1112,#495,.T.);
#1478=EDGE_CURVE('',#1070,#1111,#496,.T.);
#1479=EDGE_CURVE('',#1071,#1110,#497,.T.);
#1480=EDGE_CURVE('',#1072,#1109,#498,.T.);
#1481=EDGE_CURVE('',#1073,#1108,#499,.T.);
#1482=EDGE_CURVE('',#1074,#1107,#500,.T.);
#1483=EDGE_CURVE('',#1082,#1115,#501,.T.);
#1484=EDGE_CURVE('',#1085,#1116,#502,.T.);
#1485=EDGE_CURVE('',#1083,#1114,#503,.T.);
#1486=EDGE_CURVE('',#1084,#1117,#504,.T.);
#1487=EDGE_CURVE('',#1094,#1123,#505,.T.);
#1488=EDGE_CURVE('',#1093,#1124,#506,.T.);
#1489=EDGE_CURVE('',#1095,#1122,#507,.T.);
#1490=EDGE_CURVE('',#1096,#1121,#508,.T.);
#1491=EDGE_CURVE('',#1097,#1120,#509,.T.);
#1492=EDGE_CURVE('',#1086,#1119,#510,.T.);
#1493=EDGE_CURVE('',#1087,#1118,#511,.T.);
#1494=EDGE_CURVE('',#1088,#1129,#512,.T.);
#1495=EDGE_CURVE('',#1089,#1128,#513,.T.);
#1496=EDGE_CURVE('',#1090,#1127,#514,.T.);
#1497=EDGE_CURVE('',#1091,#1126,#515,.T.);
#1498=EDGE_CURVE('',#1092,#1125,#516,.T.);
#1499=ORIENTED_EDGE('',*,*,#1130,.F.);
#1500=ORIENTED_EDGE('',*,*,#1131,.F.);
#1501=ORIENTED_EDGE('',*,*,#1132,.F.);
#1502=ORIENTED_EDGE('',*,*,#1133,.T.);
#1503=ORIENTED_EDGE('',*,*,#1134,.F.);
#1504=ORIENTED_EDGE('',*,*,#1133,.F.);
#1505=ORIENTED_EDGE('',*,*,#1135,.F.);
#1506=ORIENTED_EDGE('',*,*,#1136,.T.);
#1507=ORIENTED_EDGE('',*,*,#1137,.F.);
#1508=ORIENTED_EDGE('',*,*,#1136,.F.);
#1509=ORIENTED_EDGE('',*,*,#1138,.F.);
#1510=ORIENTED_EDGE('',*,*,#1139,.T.);
#1511=ORIENTED_EDGE('',*,*,#1140,.F.);
#1512=ORIENTED_EDGE('',*,*,#1139,.F.);
#1513=ORIENTED_EDGE('',*,*,#1141,.F.);
#1514=ORIENTED_EDGE('',*,*,#1142,.T.);
#1515=ORIENTED_EDGE('',*,*,#1143,.F.);
#1516=ORIENTED_EDGE('',*,*,#1142,.F.);
#1517=ORIENTED_EDGE('',*,*,#1144,.F.);
#1518=ORIENTED_EDGE('',*,*,#1145,.T.);
#1519=ORIENTED_EDGE('',*,*,#1146,.F.);
#1520=ORIENTED_EDGE('',*,*,#1145,.F.);
#1521=ORIENTED_EDGE('',*,*,#1147,.F.);
#1522=ORIENTED_EDGE('',*,*,#1148,.T.);
#1523=ORIENTED_EDGE('',*,*,#1149,.F.);
#1524=ORIENTED_EDGE('',*,*,#1148,.F.);
#1525=ORIENTED_EDGE('',*,*,#1150,.F.);
#1526=ORIENTED_EDGE('',*,*,#1151,.T.);
#1527=ORIENTED_EDGE('',*,*,#1152,.F.);
#1528=ORIENTED_EDGE('',*,*,#1151,.F.);
#1529=ORIENTED_EDGE('',*,*,#1153,.F.);
#1530=ORIENTED_EDGE('',*,*,#1131,.T.);
#1531=ORIENTED_EDGE('',*,*,#1143,.T.);
#1532=ORIENTED_EDGE('',*,*,#1146,.T.);
#1533=ORIENTED_EDGE('',*,*,#1149,.T.);
#1534=ORIENTED_EDGE('',*,*,#1152,.T.);
#1535=ORIENTED_EDGE('',*,*,#1130,.T.);
#1536=ORIENTED_EDGE('',*,*,#1134,.T.);
#1537=ORIENTED_EDGE('',*,*,#1137,.T.);
#1538=ORIENTED_EDGE('',*,*,#1140,.T.);
#1539=ORIENTED_EDGE('',*,*,#1144,.T.);
#1540=ORIENTED_EDGE('',*,*,#1141,.T.);
#1541=ORIENTED_EDGE('',*,*,#1138,.T.);
#1542=ORIENTED_EDGE('',*,*,#1135,.T.);
#1543=ORIENTED_EDGE('',*,*,#1132,.T.);
#1544=ORIENTED_EDGE('',*,*,#1153,.T.);
#1545=ORIENTED_EDGE('',*,*,#1150,.T.);
#1546=ORIENTED_EDGE('',*,*,#1147,.T.);
#1547=ORIENTED_EDGE('',*,*,#1154,.T.);
#1548=ORIENTED_EDGE('',*,*,#1155,.F.);
#1549=ORIENTED_EDGE('',*,*,#1156,.F.);
#1550=ORIENTED_EDGE('',*,*,#1157,.T.);
#1551=ORIENTED_EDGE('',*,*,#1158,.T.);
#1552=ORIENTED_EDGE('',*,*,#1159,.F.);
#1553=ORIENTED_EDGE('',*,*,#1160,.F.);
#1554=ORIENTED_EDGE('',*,*,#1155,.T.);
#1555=ORIENTED_EDGE('',*,*,#1161,.T.);
#1556=ORIENTED_EDGE('',*,*,#1162,.F.);
#1557=ORIENTED_EDGE('',*,*,#1163,.F.);
#1558=ORIENTED_EDGE('',*,*,#1159,.T.);
#1559=ORIENTED_EDGE('',*,*,#1164,.T.);
#1560=ORIENTED_EDGE('',*,*,#1165,.F.);
#1561=ORIENTED_EDGE('',*,*,#1166,.F.);
#1562=ORIENTED_EDGE('',*,*,#1162,.T.);
#1563=ORIENTED_EDGE('',*,*,#1167,.T.);
#1564=ORIENTED_EDGE('',*,*,#1168,.F.);
#1565=ORIENTED_EDGE('',*,*,#1169,.F.);
#1566=ORIENTED_EDGE('',*,*,#1170,.T.);
#1567=ORIENTED_EDGE('',*,*,#1171,.T.);
#1568=ORIENTED_EDGE('',*,*,#1172,.F.);
#1569=ORIENTED_EDGE('',*,*,#1173,.F.);
#1570=ORIENTED_EDGE('',*,*,#1168,.T.);
#1571=ORIENTED_EDGE('',*,*,#1174,.T.);
#1572=ORIENTED_EDGE('',*,*,#1175,.F.);
#1573=ORIENTED_EDGE('',*,*,#1176,.F.);
#1574=ORIENTED_EDGE('',*,*,#1172,.T.);
#1575=ORIENTED_EDGE('',*,*,#1177,.T.);
#1576=ORIENTED_EDGE('',*,*,#1178,.F.);
#1577=ORIENTED_EDGE('',*,*,#1179,.F.);
#1578=ORIENTED_EDGE('',*,*,#1175,.T.);
#1579=ORIENTED_EDGE('',*,*,#1180,.T.);
#1580=ORIENTED_EDGE('',*,*,#1181,.F.);
#1581=ORIENTED_EDGE('',*,*,#1182,.F.);
#1582=ORIENTED_EDGE('',*,*,#1178,.T.);
#1583=ORIENTED_EDGE('',*,*,#1183,.T.);
#1584=ORIENTED_EDGE('',*,*,#1184,.F.);
#1585=ORIENTED_EDGE('',*,*,#1185,.F.);
#1586=ORIENTED_EDGE('',*,*,#1181,.T.);
#1587=ORIENTED_EDGE('',*,*,#1186,.T.);
#1588=ORIENTED_EDGE('',*,*,#1187,.F.);
#1589=ORIENTED_EDGE('',*,*,#1188,.F.);
#1590=ORIENTED_EDGE('',*,*,#1165,.T.);
#1591=ORIENTED_EDGE('',*,*,#1189,.T.);
#1592=ORIENTED_EDGE('',*,*,#1190,.F.);
#1593=ORIENTED_EDGE('',*,*,#1191,.F.);
#1594=ORIENTED_EDGE('',*,*,#1187,.T.);
#1595=ORIENTED_EDGE('',*,*,#1192,.T.);
#1596=ORIENTED_EDGE('',*,*,#1193,.F.);
#1597=ORIENTED_EDGE('',*,*,#1194,.F.);
#1598=ORIENTED_EDGE('',*,*,#1190,.T.);
#1599=ORIENTED_EDGE('',*,*,#1195,.T.);
#1600=ORIENTED_EDGE('',*,*,#1157,.F.);
#1601=ORIENTED_EDGE('',*,*,#1196,.F.);
#1602=ORIENTED_EDGE('',*,*,#1193,.T.);
#1603=ORIENTED_EDGE('',*,*,#1197,.T.);
#1604=ORIENTED_EDGE('',*,*,#1198,.F.);
#1605=ORIENTED_EDGE('',*,*,#1199,.F.);
#1606=ORIENTED_EDGE('',*,*,#1184,.T.);
#1607=ORIENTED_EDGE('',*,*,#1200,.T.);
#1608=ORIENTED_EDGE('',*,*,#1201,.F.);
#1609=ORIENTED_EDGE('',*,*,#1202,.F.);
#1610=ORIENTED_EDGE('',*,*,#1198,.T.);
#1611=ORIENTED_EDGE('',*,*,#1203,.T.);
#1612=ORIENTED_EDGE('',*,*,#1204,.F.);
#1613=ORIENTED_EDGE('',*,*,#1205,.F.);
#1614=ORIENTED_EDGE('',*,*,#1201,.T.);
#1615=ORIENTED_EDGE('',*,*,#1206,.T.);
#1616=ORIENTED_EDGE('',*,*,#1207,.F.);
#1617=ORIENTED_EDGE('',*,*,#1208,.F.);
#1618=ORIENTED_EDGE('',*,*,#1204,.T.);
#1619=ORIENTED_EDGE('',*,*,#1209,.T.);
#1620=ORIENTED_EDGE('',*,*,#1210,.F.);
#1621=ORIENTED_EDGE('',*,*,#1211,.F.);
#1622=ORIENTED_EDGE('',*,*,#1207,.T.);
#1623=ORIENTED_EDGE('',*,*,#1212,.T.);
#1624=ORIENTED_EDGE('',*,*,#1170,.F.);
#1625=ORIENTED_EDGE('',*,*,#1213,.F.);
#1626=ORIENTED_EDGE('',*,*,#1210,.T.);
#1627=ORIENTED_EDGE('',*,*,#1185,.T.);
#1628=ORIENTED_EDGE('',*,*,#1199,.T.);
#1629=ORIENTED_EDGE('',*,*,#1202,.T.);
#1630=ORIENTED_EDGE('',*,*,#1205,.T.);
#1631=ORIENTED_EDGE('',*,*,#1208,.T.);
#1632=ORIENTED_EDGE('',*,*,#1211,.T.);
#1633=ORIENTED_EDGE('',*,*,#1213,.T.);
#1634=ORIENTED_EDGE('',*,*,#1169,.T.);
#1635=ORIENTED_EDGE('',*,*,#1173,.T.);
#1636=ORIENTED_EDGE('',*,*,#1176,.T.);
#1637=ORIENTED_EDGE('',*,*,#1179,.T.);
#1638=ORIENTED_EDGE('',*,*,#1182,.T.);
#1639=ORIENTED_EDGE('',*,*,#1166,.T.);
#1640=ORIENTED_EDGE('',*,*,#1188,.T.);
#1641=ORIENTED_EDGE('',*,*,#1191,.T.);
#1642=ORIENTED_EDGE('',*,*,#1194,.T.);
#1643=ORIENTED_EDGE('',*,*,#1196,.T.);
#1644=ORIENTED_EDGE('',*,*,#1156,.T.);
#1645=ORIENTED_EDGE('',*,*,#1160,.T.);
#1646=ORIENTED_EDGE('',*,*,#1163,.T.);
#1647=ORIENTED_EDGE('',*,*,#1197,.F.);
#1648=ORIENTED_EDGE('',*,*,#1183,.F.);
#1649=ORIENTED_EDGE('',*,*,#1180,.F.);
#1650=ORIENTED_EDGE('',*,*,#1177,.F.);
#1651=ORIENTED_EDGE('',*,*,#1174,.F.);
#1652=ORIENTED_EDGE('',*,*,#1171,.F.);
#1653=ORIENTED_EDGE('',*,*,#1167,.F.);
#1654=ORIENTED_EDGE('',*,*,#1212,.F.);
#1655=ORIENTED_EDGE('',*,*,#1209,.F.);
#1656=ORIENTED_EDGE('',*,*,#1206,.F.);
#1657=ORIENTED_EDGE('',*,*,#1203,.F.);
#1658=ORIENTED_EDGE('',*,*,#1200,.F.);
#1659=ORIENTED_EDGE('',*,*,#1186,.F.);
#1660=ORIENTED_EDGE('',*,*,#1164,.F.);
#1661=ORIENTED_EDGE('',*,*,#1161,.F.);
#1662=ORIENTED_EDGE('',*,*,#1158,.F.);
#1663=ORIENTED_EDGE('',*,*,#1154,.F.);
#1664=ORIENTED_EDGE('',*,*,#1195,.F.);
#1665=ORIENTED_EDGE('',*,*,#1192,.F.);
#1666=ORIENTED_EDGE('',*,*,#1189,.F.);
#1667=ORIENTED_EDGE('',*,*,#1214,.T.);
#1668=ORIENTED_EDGE('',*,*,#1215,.F.);
#1669=ORIENTED_EDGE('',*,*,#1216,.F.);
#1670=ORIENTED_EDGE('',*,*,#1217,.T.);
#1671=ORIENTED_EDGE('',*,*,#1218,.T.);
#1672=ORIENTED_EDGE('',*,*,#1219,.F.);
#1673=ORIENTED_EDGE('',*,*,#1220,.F.);
#1674=ORIENTED_EDGE('',*,*,#1215,.T.);
#1675=ORIENTED_EDGE('',*,*,#1221,.T.);
#1676=ORIENTED_EDGE('',*,*,#1222,.F.);
#1677=ORIENTED_EDGE('',*,*,#1223,.F.);
#1678=ORIENTED_EDGE('',*,*,#1219,.T.);
#1679=ORIENTED_EDGE('',*,*,#1224,.T.);
#1680=ORIENTED_EDGE('',*,*,#1217,.F.);
#1681=ORIENTED_EDGE('',*,*,#1225,.F.);
#1682=ORIENTED_EDGE('',*,*,#1222,.T.);
#1683=ORIENTED_EDGE('',*,*,#1220,.T.);
#1684=ORIENTED_EDGE('',*,*,#1223,.T.);
#1685=ORIENTED_EDGE('',*,*,#1225,.T.);
#1686=ORIENTED_EDGE('',*,*,#1216,.T.);
#1687=ORIENTED_EDGE('',*,*,#1221,.F.);
#1688=ORIENTED_EDGE('',*,*,#1218,.F.);
#1689=ORIENTED_EDGE('',*,*,#1214,.F.);
#1690=ORIENTED_EDGE('',*,*,#1224,.F.);
#1691=ORIENTED_EDGE('',*,*,#1226,.T.);
#1692=ORIENTED_EDGE('',*,*,#1227,.F.);
#1693=ORIENTED_EDGE('',*,*,#1228,.F.);
#1694=ORIENTED_EDGE('',*,*,#1229,.T.);
#1695=ORIENTED_EDGE('',*,*,#1230,.T.);
#1696=ORIENTED_EDGE('',*,*,#1231,.F.);
#1697=ORIENTED_EDGE('',*,*,#1232,.F.);
#1698=ORIENTED_EDGE('',*,*,#1227,.T.);
#1699=ORIENTED_EDGE('',*,*,#1233,.T.);
#1700=ORIENTED_EDGE('',*,*,#1234,.F.);
#1701=ORIENTED_EDGE('',*,*,#1235,.F.);
#1702=ORIENTED_EDGE('',*,*,#1231,.T.);
#1703=ORIENTED_EDGE('',*,*,#1236,.T.);
#1704=ORIENTED_EDGE('',*,*,#1237,.F.);
#1705=ORIENTED_EDGE('',*,*,#1238,.F.);
#1706=ORIENTED_EDGE('',*,*,#1234,.T.);
#1707=ORIENTED_EDGE('',*,*,#1239,.T.);
#1708=ORIENTED_EDGE('',*,*,#1240,.F.);
#1709=ORIENTED_EDGE('',*,*,#1241,.F.);
#1710=ORIENTED_EDGE('',*,*,#1242,.T.);
#1711=ORIENTED_EDGE('',*,*,#1243,.T.);
#1712=ORIENTED_EDGE('',*,*,#1244,.F.);
#1713=ORIENTED_EDGE('',*,*,#1245,.F.);
#1714=ORIENTED_EDGE('',*,*,#1240,.T.);
#1715=ORIENTED_EDGE('',*,*,#1246,.T.);
#1716=ORIENTED_EDGE('',*,*,#1247,.F.);
#1717=ORIENTED_EDGE('',*,*,#1248,.F.);
#1718=ORIENTED_EDGE('',*,*,#1244,.T.);
#1719=ORIENTED_EDGE('',*,*,#1249,.T.);
#1720=ORIENTED_EDGE('',*,*,#1250,.F.);
#1721=ORIENTED_EDGE('',*,*,#1251,.F.);
#1722=ORIENTED_EDGE('',*,*,#1247,.T.);
#1723=ORIENTED_EDGE('',*,*,#1252,.T.);
#1724=ORIENTED_EDGE('',*,*,#1253,.F.);
#1725=ORIENTED_EDGE('',*,*,#1254,.F.);
#1726=ORIENTED_EDGE('',*,*,#1255,.T.);
#1727=ORIENTED_EDGE('',*,*,#1256,.T.);
#1728=ORIENTED_EDGE('',*,*,#1257,.F.);
#1729=ORIENTED_EDGE('',*,*,#1258,.F.);
#1730=ORIENTED_EDGE('',*,*,#1253,.T.);
#1731=ORIENTED_EDGE('',*,*,#1259,.T.);
#1732=ORIENTED_EDGE('',*,*,#1260,.F.);
#1733=ORIENTED_EDGE('',*,*,#1261,.F.);
#1734=ORIENTED_EDGE('',*,*,#1257,.T.);
#1735=ORIENTED_EDGE('',*,*,#1262,.T.);
#1736=ORIENTED_EDGE('',*,*,#1263,.F.);
#1737=ORIENTED_EDGE('',*,*,#1264,.F.);
#1738=ORIENTED_EDGE('',*,*,#1260,.T.);
#1739=ORIENTED_EDGE('',*,*,#1265,.T.);
#1740=ORIENTED_EDGE('',*,*,#1266,.F.);
#1741=ORIENTED_EDGE('',*,*,#1267,.F.);
#1742=ORIENTED_EDGE('',*,*,#1263,.T.);
#1743=ORIENTED_EDGE('',*,*,#1268,.T.);
#1744=ORIENTED_EDGE('',*,*,#1269,.F.);
#1745=ORIENTED_EDGE('',*,*,#1270,.F.);
#1746=ORIENTED_EDGE('',*,*,#1266,.T.);
#1747=ORIENTED_EDGE('',*,*,#1271,.T.);
#1748=ORIENTED_EDGE('',*,*,#1272,.F.);
#1749=ORIENTED_EDGE('',*,*,#1273,.F.);
#1750=ORIENTED_EDGE('',*,*,#1269,.T.);
#1751=ORIENTED_EDGE('',*,*,#1274,.T.);
#1752=ORIENTED_EDGE('',*,*,#1275,.F.);
#1753=ORIENTED_EDGE('',*,*,#1276,.F.);
#1754=ORIENTED_EDGE('',*,*,#1272,.T.);
#1755=ORIENTED_EDGE('',*,*,#1277,.T.);
#1756=ORIENTED_EDGE('',*,*,#1278,.F.);
#1757=ORIENTED_EDGE('',*,*,#1279,.F.);
#1758=ORIENTED_EDGE('',*,*,#1237,.T.);
#1759=ORIENTED_EDGE('',*,*,#1280,.T.);
#1760=ORIENTED_EDGE('',*,*,#1281,.F.);
#1761=ORIENTED_EDGE('',*,*,#1282,.F.);
#1762=ORIENTED_EDGE('',*,*,#1278,.T.);
#1763=ORIENTED_EDGE('',*,*,#1283,.T.);
#1764=ORIENTED_EDGE('',*,*,#1284,.F.);
#1765=ORIENTED_EDGE('',*,*,#1285,.F.);
#1766=ORIENTED_EDGE('',*,*,#1281,.T.);
#1767=ORIENTED_EDGE('',*,*,#1286,.T.);
#1768=ORIENTED_EDGE('',*,*,#1229,.F.);
#1769=ORIENTED_EDGE('',*,*,#1287,.F.);
#1770=ORIENTED_EDGE('',*,*,#1284,.T.);
#1771=ORIENTED_EDGE('',*,*,#1288,.T.);
#1772=ORIENTED_EDGE('',*,*,#1289,.F.);
#1773=ORIENTED_EDGE('',*,*,#1290,.F.);
#1774=ORIENTED_EDGE('',*,*,#1250,.T.);
#1775=ORIENTED_EDGE('',*,*,#1291,.T.);
#1776=ORIENTED_EDGE('',*,*,#1292,.F.);
#1777=ORIENTED_EDGE('',*,*,#1293,.F.);
#1778=ORIENTED_EDGE('',*,*,#1289,.T.);
#1779=ORIENTED_EDGE('',*,*,#1294,.T.);
#1780=ORIENTED_EDGE('',*,*,#1295,.F.);
#1781=ORIENTED_EDGE('',*,*,#1296,.F.);
#1782=ORIENTED_EDGE('',*,*,#1292,.T.);
#1783=ORIENTED_EDGE('',*,*,#1297,.T.);
#1784=ORIENTED_EDGE('',*,*,#1298,.F.);
#1785=ORIENTED_EDGE('',*,*,#1299,.F.);
#1786=ORIENTED_EDGE('',*,*,#1295,.T.);
#1787=ORIENTED_EDGE('',*,*,#1300,.T.);
#1788=ORIENTED_EDGE('',*,*,#1242,.F.);
#1789=ORIENTED_EDGE('',*,*,#1301,.F.);
#1790=ORIENTED_EDGE('',*,*,#1298,.T.);
#1791=ORIENTED_EDGE('',*,*,#1302,.T.);
#1792=ORIENTED_EDGE('',*,*,#1303,.F.);
#1793=ORIENTED_EDGE('',*,*,#1304,.F.);
#1794=ORIENTED_EDGE('',*,*,#1275,.T.);
#1795=ORIENTED_EDGE('',*,*,#1305,.T.);
#1796=ORIENTED_EDGE('',*,*,#1306,.F.);
#1797=ORIENTED_EDGE('',*,*,#1307,.F.);
#1798=ORIENTED_EDGE('',*,*,#1303,.T.);
#1799=ORIENTED_EDGE('',*,*,#1308,.T.);
#1800=ORIENTED_EDGE('',*,*,#1309,.F.);
#1801=ORIENTED_EDGE('',*,*,#1310,.F.);
#1802=ORIENTED_EDGE('',*,*,#1306,.T.);
#1803=ORIENTED_EDGE('',*,*,#1311,.T.);
#1804=ORIENTED_EDGE('',*,*,#1312,.F.);
#1805=ORIENTED_EDGE('',*,*,#1313,.F.);
#1806=ORIENTED_EDGE('',*,*,#1309,.T.);
#1807=ORIENTED_EDGE('',*,*,#1314,.T.);
#1808=ORIENTED_EDGE('',*,*,#1315,.F.);
#1809=ORIENTED_EDGE('',*,*,#1316,.F.);
#1810=ORIENTED_EDGE('',*,*,#1312,.T.);
#1811=ORIENTED_EDGE('',*,*,#1317,.T.);
#1812=ORIENTED_EDGE('',*,*,#1318,.F.);
#1813=ORIENTED_EDGE('',*,*,#1319,.F.);
#1814=ORIENTED_EDGE('',*,*,#1315,.T.);
#1815=ORIENTED_EDGE('',*,*,#1320,.T.);
#1816=ORIENTED_EDGE('',*,*,#1321,.F.);
#1817=ORIENTED_EDGE('',*,*,#1322,.F.);
#1818=ORIENTED_EDGE('',*,*,#1318,.T.);
#1819=ORIENTED_EDGE('',*,*,#1323,.T.);
#1820=ORIENTED_EDGE('',*,*,#1255,.F.);
#1821=ORIENTED_EDGE('',*,*,#1324,.F.);
#1822=ORIENTED_EDGE('',*,*,#1321,.T.);
#1823=ORIENTED_EDGE('',*,*,#1276,.T.);
#1824=ORIENTED_EDGE('',*,*,#1304,.T.);
#1825=ORIENTED_EDGE('',*,*,#1307,.T.);
#1826=ORIENTED_EDGE('',*,*,#1310,.T.);
#1827=ORIENTED_EDGE('',*,*,#1313,.T.);
#1828=ORIENTED_EDGE('',*,*,#1316,.T.);
#1829=ORIENTED_EDGE('',*,*,#1319,.T.);
#1830=ORIENTED_EDGE('',*,*,#1322,.T.);
#1831=ORIENTED_EDGE('',*,*,#1324,.T.);
#1832=ORIENTED_EDGE('',*,*,#1254,.T.);
#1833=ORIENTED_EDGE('',*,*,#1258,.T.);
#1834=ORIENTED_EDGE('',*,*,#1261,.T.);
#1835=ORIENTED_EDGE('',*,*,#1264,.T.);
#1836=ORIENTED_EDGE('',*,*,#1267,.T.);
#1837=ORIENTED_EDGE('',*,*,#1270,.T.);
#1838=ORIENTED_EDGE('',*,*,#1273,.T.);
#1839=ORIENTED_EDGE('',*,*,#1251,.T.);
#1840=ORIENTED_EDGE('',*,*,#1290,.T.);
#1841=ORIENTED_EDGE('',*,*,#1293,.T.);
#1842=ORIENTED_EDGE('',*,*,#1296,.T.);
#1843=ORIENTED_EDGE('',*,*,#1299,.T.);
#1844=ORIENTED_EDGE('',*,*,#1301,.T.);
#1845=ORIENTED_EDGE('',*,*,#1241,.T.);
#1846=ORIENTED_EDGE('',*,*,#1245,.T.);
#1847=ORIENTED_EDGE('',*,*,#1248,.T.);
#1848=ORIENTED_EDGE('',*,*,#1238,.T.);
#1849=ORIENTED_EDGE('',*,*,#1279,.T.);
#1850=ORIENTED_EDGE('',*,*,#1282,.T.);
#1851=ORIENTED_EDGE('',*,*,#1285,.T.);
#1852=ORIENTED_EDGE('',*,*,#1287,.T.);
#1853=ORIENTED_EDGE('',*,*,#1228,.T.);
#1854=ORIENTED_EDGE('',*,*,#1232,.T.);
#1855=ORIENTED_EDGE('',*,*,#1235,.T.);
#1856=ORIENTED_EDGE('',*,*,#1302,.F.);
#1857=ORIENTED_EDGE('',*,*,#1274,.F.);
#1858=ORIENTED_EDGE('',*,*,#1271,.F.);
#1859=ORIENTED_EDGE('',*,*,#1268,.F.);
#1860=ORIENTED_EDGE('',*,*,#1265,.F.);
#1861=ORIENTED_EDGE('',*,*,#1262,.F.);
#1862=ORIENTED_EDGE('',*,*,#1259,.F.);
#1863=ORIENTED_EDGE('',*,*,#1256,.F.);
#1864=ORIENTED_EDGE('',*,*,#1252,.F.);
#1865=ORIENTED_EDGE('',*,*,#1323,.F.);
#1866=ORIENTED_EDGE('',*,*,#1320,.F.);
#1867=ORIENTED_EDGE('',*,*,#1317,.F.);
#1868=ORIENTED_EDGE('',*,*,#1314,.F.);
#1869=ORIENTED_EDGE('',*,*,#1311,.F.);
#1870=ORIENTED_EDGE('',*,*,#1308,.F.);
#1871=ORIENTED_EDGE('',*,*,#1305,.F.);
#1872=ORIENTED_EDGE('',*,*,#1288,.F.);
#1873=ORIENTED_EDGE('',*,*,#1249,.F.);
#1874=ORIENTED_EDGE('',*,*,#1246,.F.);
#1875=ORIENTED_EDGE('',*,*,#1243,.F.);
#1876=ORIENTED_EDGE('',*,*,#1239,.F.);
#1877=ORIENTED_EDGE('',*,*,#1300,.F.);
#1878=ORIENTED_EDGE('',*,*,#1297,.F.);
#1879=ORIENTED_EDGE('',*,*,#1294,.F.);
#1880=ORIENTED_EDGE('',*,*,#1291,.F.);
#1881=ORIENTED_EDGE('',*,*,#1277,.F.);
#1882=ORIENTED_EDGE('',*,*,#1236,.F.);
#1883=ORIENTED_EDGE('',*,*,#1233,.F.);
#1884=ORIENTED_EDGE('',*,*,#1230,.F.);
#1885=ORIENTED_EDGE('',*,*,#1226,.F.);
#1886=ORIENTED_EDGE('',*,*,#1286,.F.);
#1887=ORIENTED_EDGE('',*,*,#1283,.F.);
#1888=ORIENTED_EDGE('',*,*,#1280,.F.);
#1889=ORIENTED_EDGE('',*,*,#1325,.T.);
#1890=ORIENTED_EDGE('',*,*,#1326,.T.);
#1891=ORIENTED_EDGE('',*,*,#1327,.T.);
#1892=ORIENTED_EDGE('',*,*,#1328,.T.);
#1893=ORIENTED_EDGE('',*,*,#1329,.T.);
#1894=ORIENTED_EDGE('',*,*,#1330,.T.);
#1895=ORIENTED_EDGE('',*,*,#1331,.T.);
#1896=ORIENTED_EDGE('',*,*,#1332,.T.);
#1897=ORIENTED_EDGE('',*,*,#1333,.T.);
#1898=ORIENTED_EDGE('',*,*,#1334,.T.);
#1899=ORIENTED_EDGE('',*,*,#1335,.T.);
#1900=ORIENTED_EDGE('',*,*,#1336,.T.);
#1901=ORIENTED_EDGE('',*,*,#1337,.T.);
#1902=ORIENTED_EDGE('',*,*,#1338,.T.);
#1903=ORIENTED_EDGE('',*,*,#1339,.T.);
#1904=ORIENTED_EDGE('',*,*,#1340,.T.);
#1905=ORIENTED_EDGE('',*,*,#1341,.T.);
#1906=ORIENTED_EDGE('',*,*,#1342,.T.);
#1907=ORIENTED_EDGE('',*,*,#1338,.F.);
#1908=ORIENTED_EDGE('',*,*,#1343,.F.);
#1909=ORIENTED_EDGE('',*,*,#1330,.F.);
#1910=ORIENTED_EDGE('',*,*,#1344,.T.);
#1911=ORIENTED_EDGE('',*,*,#1337,.F.);
#1912=ORIENTED_EDGE('',*,*,#1345,.F.);
#1913=ORIENTED_EDGE('',*,*,#1331,.F.);
#1914=ORIENTED_EDGE('',*,*,#1343,.T.);
#1915=ORIENTED_EDGE('',*,*,#1336,.F.);
#1916=ORIENTED_EDGE('',*,*,#1346,.F.);
#1917=ORIENTED_EDGE('',*,*,#1332,.F.);
#1918=ORIENTED_EDGE('',*,*,#1345,.T.);
#1919=ORIENTED_EDGE('',*,*,#1335,.F.);
#1920=ORIENTED_EDGE('',*,*,#1347,.F.);
#1921=ORIENTED_EDGE('',*,*,#1333,.F.);
#1922=ORIENTED_EDGE('',*,*,#1346,.T.);
#1923=ORIENTED_EDGE('',*,*,#1334,.F.);
#1924=ORIENTED_EDGE('',*,*,#1348,.F.);
#1925=ORIENTED_EDGE('',*,*,#1325,.F.);
#1926=ORIENTED_EDGE('',*,*,#1347,.T.);
#1927=ORIENTED_EDGE('',*,*,#1342,.F.);
#1928=ORIENTED_EDGE('',*,*,#1349,.F.);
#1929=ORIENTED_EDGE('',*,*,#1326,.F.);
#1930=ORIENTED_EDGE('',*,*,#1348,.T.);
#1931=ORIENTED_EDGE('',*,*,#1341,.F.);
#1932=ORIENTED_EDGE('',*,*,#1350,.F.);
#1933=ORIENTED_EDGE('',*,*,#1327,.F.);
#1934=ORIENTED_EDGE('',*,*,#1349,.T.);
#1935=ORIENTED_EDGE('',*,*,#1340,.F.);
#1936=ORIENTED_EDGE('',*,*,#1351,.F.);
#1937=ORIENTED_EDGE('',*,*,#1328,.F.);
#1938=ORIENTED_EDGE('',*,*,#1350,.T.);
#1939=ORIENTED_EDGE('',*,*,#1339,.F.);
#1940=ORIENTED_EDGE('',*,*,#1344,.F.);
#1941=ORIENTED_EDGE('',*,*,#1329,.F.);
#1942=ORIENTED_EDGE('',*,*,#1351,.T.);
#1943=ORIENTED_EDGE('',*,*,#1352,.F.);
#1944=ORIENTED_EDGE('',*,*,#1353,.F.);
#1945=ORIENTED_EDGE('',*,*,#1354,.F.);
#1946=ORIENTED_EDGE('',*,*,#1355,.T.);
#1947=ORIENTED_EDGE('',*,*,#1356,.F.);
#1948=ORIENTED_EDGE('',*,*,#1355,.F.);
#1949=ORIENTED_EDGE('',*,*,#1357,.F.);
#1950=ORIENTED_EDGE('',*,*,#1358,.T.);
#1951=ORIENTED_EDGE('',*,*,#1359,.F.);
#1952=ORIENTED_EDGE('',*,*,#1358,.F.);
#1953=ORIENTED_EDGE('',*,*,#1360,.F.);
#1954=ORIENTED_EDGE('',*,*,#1361,.T.);
#1955=ORIENTED_EDGE('',*,*,#1362,.F.);
#1956=ORIENTED_EDGE('',*,*,#1361,.F.);
#1957=ORIENTED_EDGE('',*,*,#1363,.F.);
#1958=ORIENTED_EDGE('',*,*,#1364,.T.);
#1959=ORIENTED_EDGE('',*,*,#1365,.F.);
#1960=ORIENTED_EDGE('',*,*,#1364,.F.);
#1961=ORIENTED_EDGE('',*,*,#1366,.F.);
#1962=ORIENTED_EDGE('',*,*,#1367,.T.);
#1963=ORIENTED_EDGE('',*,*,#1368,.F.);
#1964=ORIENTED_EDGE('',*,*,#1367,.F.);
#1965=ORIENTED_EDGE('',*,*,#1369,.F.);
#1966=ORIENTED_EDGE('',*,*,#1370,.T.);
#1967=ORIENTED_EDGE('',*,*,#1371,.F.);
#1968=ORIENTED_EDGE('',*,*,#1370,.F.);
#1969=ORIENTED_EDGE('',*,*,#1372,.F.);
#1970=ORIENTED_EDGE('',*,*,#1373,.T.);
#1971=ORIENTED_EDGE('',*,*,#1374,.F.);
#1972=ORIENTED_EDGE('',*,*,#1373,.F.);
#1973=ORIENTED_EDGE('',*,*,#1375,.F.);
#1974=ORIENTED_EDGE('',*,*,#1353,.T.);
#1975=ORIENTED_EDGE('',*,*,#1365,.T.);
#1976=ORIENTED_EDGE('',*,*,#1368,.T.);
#1977=ORIENTED_EDGE('',*,*,#1371,.T.);
#1978=ORIENTED_EDGE('',*,*,#1374,.T.);
#1979=ORIENTED_EDGE('',*,*,#1352,.T.);
#1980=ORIENTED_EDGE('',*,*,#1356,.T.);
#1981=ORIENTED_EDGE('',*,*,#1359,.T.);
#1982=ORIENTED_EDGE('',*,*,#1362,.T.);
#1983=ORIENTED_EDGE('',*,*,#1366,.T.);
#1984=ORIENTED_EDGE('',*,*,#1363,.T.);
#1985=ORIENTED_EDGE('',*,*,#1360,.T.);
#1986=ORIENTED_EDGE('',*,*,#1357,.T.);
#1987=ORIENTED_EDGE('',*,*,#1354,.T.);
#1988=ORIENTED_EDGE('',*,*,#1375,.T.);
#1989=ORIENTED_EDGE('',*,*,#1372,.T.);
#1990=ORIENTED_EDGE('',*,*,#1369,.T.);
#1991=ORIENTED_EDGE('',*,*,#1376,.T.);
#1992=ORIENTED_EDGE('',*,*,#1377,.T.);
#1993=ORIENTED_EDGE('',*,*,#1378,.T.);
#1994=ORIENTED_EDGE('',*,*,#1379,.T.);
#1995=ORIENTED_EDGE('',*,*,#1380,.F.);
#1996=ORIENTED_EDGE('',*,*,#1381,.T.);
#1997=ORIENTED_EDGE('',*,*,#1382,.T.);
#1998=ORIENTED_EDGE('',*,*,#1383,.F.);
#1999=ORIENTED_EDGE('',*,*,#1384,.F.);
#2000=ORIENTED_EDGE('',*,*,#1385,.T.);
#2001=ORIENTED_EDGE('',*,*,#1376,.F.);
#2002=ORIENTED_EDGE('',*,*,#1386,.F.);
#2003=ORIENTED_EDGE('',*,*,#1387,.T.);
#2004=ORIENTED_EDGE('',*,*,#1388,.T.);
#2005=ORIENTED_EDGE('',*,*,#1377,.F.);
#2006=ORIENTED_EDGE('',*,*,#1385,.F.);
#2007=ORIENTED_EDGE('',*,*,#1389,.F.);
#2008=ORIENTED_EDGE('',*,*,#1390,.T.);
#2009=ORIENTED_EDGE('',*,*,#1378,.F.);
#2010=ORIENTED_EDGE('',*,*,#1388,.F.);
#2011=ORIENTED_EDGE('',*,*,#1391,.F.);
#2012=ORIENTED_EDGE('',*,*,#1392,.T.);
#2013=ORIENTED_EDGE('',*,*,#1393,.T.);
#2014=ORIENTED_EDGE('',*,*,#1394,.F.);
#2015=ORIENTED_EDGE('',*,*,#1395,.F.);
#2016=ORIENTED_EDGE('',*,*,#1386,.T.);
#2017=ORIENTED_EDGE('',*,*,#1379,.F.);
#2018=ORIENTED_EDGE('',*,*,#1390,.F.);
#2019=ORIENTED_EDGE('',*,*,#1396,.F.);
#2020=ORIENTED_EDGE('',*,*,#1393,.F.);
#2021=ORIENTED_EDGE('',*,*,#1397,.F.);
#2022=ORIENTED_EDGE('',*,*,#1382,.F.);
#2023=ORIENTED_EDGE('',*,*,#1398,.F.);
#2024=ORIENTED_EDGE('',*,*,#1396,.T.);
#2025=ORIENTED_EDGE('',*,*,#1381,.F.);
#2026=ORIENTED_EDGE('',*,*,#1399,.F.);
#2027=ORIENTED_EDGE('',*,*,#1394,.T.);
#2028=ORIENTED_EDGE('',*,*,#1398,.T.);
#2029=ORIENTED_EDGE('',*,*,#1400,.T.);
#2030=ORIENTED_EDGE('',*,*,#1401,.F.);
#2031=ORIENTED_EDGE('',*,*,#1400,.F.);
#2032=ORIENTED_EDGE('',*,*,#1402,.F.);
#2033=ORIENTED_EDGE('',*,*,#1383,.T.);
#2034=ORIENTED_EDGE('',*,*,#1397,.T.);
#2035=ORIENTED_EDGE('',*,*,#1392,.F.);
#2036=ORIENTED_EDGE('',*,*,#1380,.T.);
#2037=ORIENTED_EDGE('',*,*,#1395,.T.);
#2038=ORIENTED_EDGE('',*,*,#1389,.T.);
#2039=ORIENTED_EDGE('',*,*,#1399,.T.);
#2040=ORIENTED_EDGE('',*,*,#1401,.T.);
#2041=ORIENTED_EDGE('',*,*,#1403,.T.);
#2042=ORIENTED_EDGE('',*,*,#1404,.T.);
#2043=ORIENTED_EDGE('',*,*,#1405,.T.);
#2044=ORIENTED_EDGE('',*,*,#1406,.T.);
#2045=ORIENTED_EDGE('',*,*,#1407,.T.);
#2046=ORIENTED_EDGE('',*,*,#1408,.T.);
#2047=ORIENTED_EDGE('',*,*,#1409,.T.);
#2048=ORIENTED_EDGE('',*,*,#1410,.T.);
#2049=ORIENTED_EDGE('',*,*,#1411,.T.);
#2050=ORIENTED_EDGE('',*,*,#1412,.T.);
#2051=ORIENTED_EDGE('',*,*,#1413,.T.);
#2052=ORIENTED_EDGE('',*,*,#1414,.T.);
#2053=ORIENTED_EDGE('',*,*,#1415,.T.);
#2054=ORIENTED_EDGE('',*,*,#1416,.T.);
#2055=ORIENTED_EDGE('',*,*,#1417,.T.);
#2056=ORIENTED_EDGE('',*,*,#1418,.T.);
#2057=ORIENTED_EDGE('',*,*,#1419,.T.);
#2058=ORIENTED_EDGE('',*,*,#1420,.T.);
#2059=ORIENTED_EDGE('',*,*,#1421,.T.);
#2060=ORIENTED_EDGE('',*,*,#1422,.T.);
#2061=ORIENTED_EDGE('',*,*,#1423,.T.);
#2062=ORIENTED_EDGE('',*,*,#1424,.T.);
#2063=ORIENTED_EDGE('',*,*,#1425,.T.);
#2064=ORIENTED_EDGE('',*,*,#1426,.T.);
#2065=ORIENTED_EDGE('',*,*,#1427,.T.);
#2066=ORIENTED_EDGE('',*,*,#1428,.T.);
#2067=ORIENTED_EDGE('',*,*,#1429,.T.);
#2068=ORIENTED_EDGE('',*,*,#1430,.T.);
#2069=ORIENTED_EDGE('',*,*,#1431,.T.);
#2070=ORIENTED_EDGE('',*,*,#1432,.T.);
#2071=ORIENTED_EDGE('',*,*,#1433,.T.);
#2072=ORIENTED_EDGE('',*,*,#1434,.T.);
#2073=ORIENTED_EDGE('',*,*,#1387,.F.);
#2074=ORIENTED_EDGE('',*,*,#1384,.T.);
#2075=ORIENTED_EDGE('',*,*,#1402,.T.);
#2076=ORIENTED_EDGE('',*,*,#1391,.T.);
#2077=ORIENTED_EDGE('',*,*,#1435,.T.);
#2078=ORIENTED_EDGE('',*,*,#1436,.T.);
#2079=ORIENTED_EDGE('',*,*,#1437,.T.);
#2080=ORIENTED_EDGE('',*,*,#1438,.T.);
#2081=ORIENTED_EDGE('',*,*,#1439,.T.);
#2082=ORIENTED_EDGE('',*,*,#1440,.T.);
#2083=ORIENTED_EDGE('',*,*,#1441,.T.);
#2084=ORIENTED_EDGE('',*,*,#1442,.T.);
#2085=ORIENTED_EDGE('',*,*,#1443,.T.);
#2086=ORIENTED_EDGE('',*,*,#1444,.T.);
#2087=ORIENTED_EDGE('',*,*,#1445,.T.);
#2088=ORIENTED_EDGE('',*,*,#1446,.T.);
#2089=ORIENTED_EDGE('',*,*,#1447,.T.);
#2090=ORIENTED_EDGE('',*,*,#1448,.T.);
#2091=ORIENTED_EDGE('',*,*,#1449,.T.);
#2092=ORIENTED_EDGE('',*,*,#1450,.T.);
#2093=ORIENTED_EDGE('',*,*,#1451,.T.);
#2094=ORIENTED_EDGE('',*,*,#1452,.T.);
#2095=ORIENTED_EDGE('',*,*,#1453,.T.);
#2096=ORIENTED_EDGE('',*,*,#1454,.T.);
#2097=ORIENTED_EDGE('',*,*,#1455,.T.);
#2098=ORIENTED_EDGE('',*,*,#1456,.T.);
#2099=ORIENTED_EDGE('',*,*,#1457,.T.);
#2100=ORIENTED_EDGE('',*,*,#1458,.T.);
#2101=ORIENTED_EDGE('',*,*,#1459,.T.);
#2102=ORIENTED_EDGE('',*,*,#1460,.T.);
#2103=ORIENTED_EDGE('',*,*,#1461,.T.);
#2104=ORIENTED_EDGE('',*,*,#1462,.T.);
#2105=ORIENTED_EDGE('',*,*,#1463,.T.);
#2106=ORIENTED_EDGE('',*,*,#1464,.T.);
#2107=ORIENTED_EDGE('',*,*,#1465,.T.);
#2108=ORIENTED_EDGE('',*,*,#1466,.T.);
#2109=ORIENTED_EDGE('',*,*,#1442,.F.);
#2110=ORIENTED_EDGE('',*,*,#1467,.F.);
#2111=ORIENTED_EDGE('',*,*,#1412,.F.);
#2112=ORIENTED_EDGE('',*,*,#1468,.T.);
#2113=ORIENTED_EDGE('',*,*,#1441,.F.);
#2114=ORIENTED_EDGE('',*,*,#1469,.F.);
#2115=ORIENTED_EDGE('',*,*,#1413,.F.);
#2116=ORIENTED_EDGE('',*,*,#1467,.T.);
#2117=ORIENTED_EDGE('',*,*,#1440,.F.);
#2118=ORIENTED_EDGE('',*,*,#1470,.F.);
#2119=ORIENTED_EDGE('',*,*,#1414,.F.);
#2120=ORIENTED_EDGE('',*,*,#1469,.T.);
#2121=ORIENTED_EDGE('',*,*,#1439,.F.);
#2122=ORIENTED_EDGE('',*,*,#1471,.F.);
#2123=ORIENTED_EDGE('',*,*,#1415,.F.);
#2124=ORIENTED_EDGE('',*,*,#1470,.T.);
#2125=ORIENTED_EDGE('',*,*,#1438,.F.);
#2126=ORIENTED_EDGE('',*,*,#1472,.F.);
#2127=ORIENTED_EDGE('',*,*,#1416,.F.);
#2128=ORIENTED_EDGE('',*,*,#1471,.T.);
#2129=ORIENTED_EDGE('',*,*,#1437,.F.);
#2130=ORIENTED_EDGE('',*,*,#1473,.F.);
#2131=ORIENTED_EDGE('',*,*,#1417,.F.);
#2132=ORIENTED_EDGE('',*,*,#1472,.T.);
#2133=ORIENTED_EDGE('',*,*,#1436,.F.);
#2134=ORIENTED_EDGE('',*,*,#1474,.F.);
#2135=ORIENTED_EDGE('',*,*,#1418,.F.);
#2136=ORIENTED_EDGE('',*,*,#1473,.T.);
#2137=ORIENTED_EDGE('',*,*,#1435,.F.);
#2138=ORIENTED_EDGE('',*,*,#1475,.F.);
#2139=ORIENTED_EDGE('',*,*,#1403,.F.);
#2140=ORIENTED_EDGE('',*,*,#1474,.T.);
#2141=ORIENTED_EDGE('',*,*,#1450,.F.);
#2142=ORIENTED_EDGE('',*,*,#1476,.F.);
#2143=ORIENTED_EDGE('',*,*,#1404,.F.);
#2144=ORIENTED_EDGE('',*,*,#1475,.T.);
#2145=ORIENTED_EDGE('',*,*,#1449,.F.);
#2146=ORIENTED_EDGE('',*,*,#1477,.F.);
#2147=ORIENTED_EDGE('',*,*,#1405,.F.);
#2148=ORIENTED_EDGE('',*,*,#1476,.T.);
#2149=ORIENTED_EDGE('',*,*,#1448,.F.);
#2150=ORIENTED_EDGE('',*,*,#1478,.F.);
#2151=ORIENTED_EDGE('',*,*,#1406,.F.);
#2152=ORIENTED_EDGE('',*,*,#1477,.T.);
#2153=ORIENTED_EDGE('',*,*,#1447,.F.);
#2154=ORIENTED_EDGE('',*,*,#1479,.F.);
#2155=ORIENTED_EDGE('',*,*,#1407,.F.);
#2156=ORIENTED_EDGE('',*,*,#1478,.T.);
#2157=ORIENTED_EDGE('',*,*,#1446,.F.);
#2158=ORIENTED_EDGE('',*,*,#1480,.F.);
#2159=ORIENTED_EDGE('',*,*,#1408,.F.);
#2160=ORIENTED_EDGE('',*,*,#1479,.T.);
#2161=ORIENTED_EDGE('',*,*,#1445,.F.);
#2162=ORIENTED_EDGE('',*,*,#1481,.F.);
#2163=ORIENTED_EDGE('',*,*,#1409,.F.);
#2164=ORIENTED_EDGE('',*,*,#1480,.T.);
#2165=ORIENTED_EDGE('',*,*,#1444,.F.);
#2166=ORIENTED_EDGE('',*,*,#1482,.F.);
#2167=ORIENTED_EDGE('',*,*,#1410,.F.);
#2168=ORIENTED_EDGE('',*,*,#1481,.T.);
#2169=ORIENTED_EDGE('',*,*,#1443,.F.);
#2170=ORIENTED_EDGE('',*,*,#1468,.F.);
#2171=ORIENTED_EDGE('',*,*,#1411,.F.);
#2172=ORIENTED_EDGE('',*,*,#1482,.T.);
#2173=ORIENTED_EDGE('',*,*,#1452,.F.);
#2174=ORIENTED_EDGE('',*,*,#1483,.F.);
#2175=ORIENTED_EDGE('',*,*,#1422,.F.);
#2176=ORIENTED_EDGE('',*,*,#1484,.T.);
#2177=ORIENTED_EDGE('',*,*,#1451,.F.);
#2178=ORIENTED_EDGE('',*,*,#1485,.F.);
#2179=ORIENTED_EDGE('',*,*,#1419,.F.);
#2180=ORIENTED_EDGE('',*,*,#1483,.T.);
#2181=ORIENTED_EDGE('',*,*,#1454,.F.);
#2182=ORIENTED_EDGE('',*,*,#1486,.F.);
#2183=ORIENTED_EDGE('',*,*,#1420,.F.);
#2184=ORIENTED_EDGE('',*,*,#1485,.T.);
#2185=ORIENTED_EDGE('',*,*,#1453,.F.);
#2186=ORIENTED_EDGE('',*,*,#1484,.F.);
#2187=ORIENTED_EDGE('',*,*,#1421,.F.);
#2188=ORIENTED_EDGE('',*,*,#1486,.T.);
#2189=ORIENTED_EDGE('',*,*,#1460,.F.);
#2190=ORIENTED_EDGE('',*,*,#1487,.F.);
#2191=ORIENTED_EDGE('',*,*,#1430,.F.);
#2192=ORIENTED_EDGE('',*,*,#1488,.T.);
#2193=ORIENTED_EDGE('',*,*,#1459,.F.);
#2194=ORIENTED_EDGE('',*,*,#1489,.F.);
#2195=ORIENTED_EDGE('',*,*,#1431,.F.);
#2196=ORIENTED_EDGE('',*,*,#1487,.T.);
#2197=ORIENTED_EDGE('',*,*,#1458,.F.);
#2198=ORIENTED_EDGE('',*,*,#1490,.F.);
#2199=ORIENTED_EDGE('',*,*,#1432,.F.);
#2200=ORIENTED_EDGE('',*,*,#1489,.T.);
#2201=ORIENTED_EDGE('',*,*,#1457,.F.);
#2202=ORIENTED_EDGE('',*,*,#1491,.F.);
#2203=ORIENTED_EDGE('',*,*,#1433,.F.);
#2204=ORIENTED_EDGE('',*,*,#1490,.T.);
#2205=ORIENTED_EDGE('',*,*,#1456,.F.);
#2206=ORIENTED_EDGE('',*,*,#1492,.F.);
#2207=ORIENTED_EDGE('',*,*,#1434,.F.);
#2208=ORIENTED_EDGE('',*,*,#1491,.T.);
#2209=ORIENTED_EDGE('',*,*,#1455,.F.);
#2210=ORIENTED_EDGE('',*,*,#1493,.F.);
#2211=ORIENTED_EDGE('',*,*,#1423,.F.);
#2212=ORIENTED_EDGE('',*,*,#1492,.T.);
#2213=ORIENTED_EDGE('',*,*,#1466,.F.);
#2214=ORIENTED_EDGE('',*,*,#1494,.F.);
#2215=ORIENTED_EDGE('',*,*,#1424,.F.);
#2216=ORIENTED_EDGE('',*,*,#1493,.T.);
#2217=ORIENTED_EDGE('',*,*,#1465,.F.);
#2218=ORIENTED_EDGE('',*,*,#1495,.F.);
#2219=ORIENTED_EDGE('',*,*,#1425,.F.);
#2220=ORIENTED_EDGE('',*,*,#1494,.T.);
#2221=ORIENTED_EDGE('',*,*,#1464,.F.);
#2222=ORIENTED_EDGE('',*,*,#1496,.F.);
#2223=ORIENTED_EDGE('',*,*,#1426,.F.);
#2224=ORIENTED_EDGE('',*,*,#1495,.T.);
#2225=ORIENTED_EDGE('',*,*,#1463,.F.);
#2226=ORIENTED_EDGE('',*,*,#1497,.F.);
#2227=ORIENTED_EDGE('',*,*,#1427,.F.);
#2228=ORIENTED_EDGE('',*,*,#1496,.T.);
#2229=ORIENTED_EDGE('',*,*,#1462,.F.);
#2230=ORIENTED_EDGE('',*,*,#1498,.F.);
#2231=ORIENTED_EDGE('',*,*,#1428,.F.);
#2232=ORIENTED_EDGE('',*,*,#1497,.T.);
#2233=ORIENTED_EDGE('',*,*,#1461,.F.);
#2234=ORIENTED_EDGE('',*,*,#1488,.F.);
#2235=ORIENTED_EDGE('',*,*,#1429,.F.);
#2236=ORIENTED_EDGE('',*,*,#1498,.T.);
#2237=B_SPLINE_SURFACE_WITH_KNOTS('',3,1,((#2757,#2758),(#2759,#2760),(#2761,
#2762),(#2763,#2764),(#2765,#2766)),.UNSPECIFIED.,.F.,.F.,.F.,(4,1,4),(2,
2),(-0.336006008242764,-0.205995755633303,0.),(0.,0.55),.UNSPECIFIED.);
#2238=B_SPLINE_SURFACE_WITH_KNOTS('',3,1,((#2785,#2786),(#2787,#2788),(#2789,
#2790),(#2791,#2792),(#2793,#2794)),.UNSPECIFIED.,.F.,.F.,.F.,(4,1,4),(2,
2),(-0.170291808629417,-0.0888519269407369,0.),(0.,0.55),.UNSPECIFIED.);
#2239=B_SPLINE_SURFACE_WITH_KNOTS('',3,1,((#2810,#2811),(#2812,#2813),(#2814,
#2815),(#2816,#2817),(#2818,#2819)),.UNSPECIFIED.,.F.,.F.,.F.,(4,1,4),(2,
2),(-0.157930495414354,-0.078136643188655,0.),(0.,0.55),.UNSPECIFIED.);
#2240=B_SPLINE_SURFACE_WITH_KNOTS('',3,1,((#2835,#2836),(#2837,#2838),(#2839,
#2840),(#2841,#2842),(#2843,#2844)),.UNSPECIFIED.,.F.,.F.,.F.,(4,1,4),(2,
2),(-0.346684596116817,-0.138541975825829,0.),(0.,0.55),.UNSPECIFIED.);
#2241=B_SPLINE_SURFACE_WITH_KNOTS('',3,1,((#2860,#2861),(#2862,#2863),(#2864,
#2865),(#2866,#2867),(#2868,#2869)),.UNSPECIFIED.,.F.,.F.,.F.,(4,1,4),(2,
2),(-0.335661090651214,-0.205570450211937,0.),(0.,0.55),.UNSPECIFIED.);
#2242=B_SPLINE_SURFACE_WITH_KNOTS('',3,1,((#2885,#2886),(#2887,#2888),(#2889,
#2890),(#2891,#2892),(#2893,#2894)),.UNSPECIFIED.,.F.,.F.,.F.,(4,1,4),(2,
2),(-0.169250676984269,-0.0887796174688742,0.),(0.,0.55),.UNSPECIFIED.);
#2243=B_SPLINE_SURFACE_WITH_KNOTS('',3,1,((#2910,#2911),(#2912,#2913),(#2914,
#2915),(#2916,#2917),(#2918,#2919)),.UNSPECIFIED.,.F.,.F.,.F.,(4,1,4),(2,
2),(-0.169448749761436,-0.0804926866743731,0.),(0.,0.55),.UNSPECIFIED.);
#2244=B_SPLINE_SURFACE_WITH_KNOTS('',3,1,((#2935,#2936),(#2937,#2938),(#2939,
#2940),(#2941,#2942),(#2943,#2944)),.UNSPECIFIED.,.F.,.F.,.F.,(4,1,4),(2,
2),(-0.335316243028855,-0.130171034435911,0.),(0.,0.55),.UNSPECIFIED.);
#2245=B_SPLINE_SURFACE_WITH_KNOTS('',3,1,((#2959,#2960),(#2961,#2962),(#2963,
#2964),(#2965,#2966),(#2967,#2968)),.UNSPECIFIED.,.F.,.F.,.F.,(4,1,4),(2,
2),(-0.336006008242764,-0.205995755633303,0.),(0.,0.066),.UNSPECIFIED.);
#2246=B_SPLINE_SURFACE_WITH_KNOTS('',3,1,((#2987,#2988),(#2989,#2990),(#2991,
#2992),(#2993,#2994),(#2995,#2996)),.UNSPECIFIED.,.F.,.F.,.F.,(4,1,4),(2,
2),(-0.170291808629417,-0.0888519269407369,0.),(0.,0.066),.UNSPECIFIED.);
#2247=B_SPLINE_SURFACE_WITH_KNOTS('',3,1,((#3011,#3012),(#3013,#3014),(#3015,
#3016),(#3017,#3018),(#3019,#3020)),.UNSPECIFIED.,.F.,.F.,.F.,(4,1,4),(2,
2),(-0.157930495414354,-0.078136643188655,0.),(0.,0.066),.UNSPECIFIED.);
#2248=B_SPLINE_SURFACE_WITH_KNOTS('',3,1,((#3036,#3037),(#3038,#3039),(#3040,
#3041),(#3042,#3043),(#3044,#3045)),.UNSPECIFIED.,.F.,.F.,.F.,(4,1,4),(2,
2),(-0.346684596116817,-0.138541975825829,0.),(0.,0.066),.UNSPECIFIED.);
#2249=B_SPLINE_SURFACE_WITH_KNOTS('',3,1,((#3061,#3062),(#3063,#3064),(#3065,
#3066),(#3067,#3068),(#3069,#3070)),.UNSPECIFIED.,.F.,.F.,.F.,(4,1,4),(2,
2),(-0.237851593185911,-0.104291649604622,0.),(0.,0.066),.UNSPECIFIED.);
#2250=B_SPLINE_SURFACE_WITH_KNOTS('',3,1,((#3089,#3090),(#3091,#3092),(#3093,
#3094),(#3095,#3096),(#3097,#3098)),.UNSPECIFIED.,.F.,.F.,.F.,(4,1,4),(2,
2),(-0.287268142291038,-0.159277775532396,0.),(0.,0.066),.UNSPECIFIED.);
#2251=B_SPLINE_SURFACE_WITH_KNOTS('',3,1,((#3114,#3115),(#3116,#3117),(#3118,
#3119),(#3120,#3121),(#3122,#3123)),.UNSPECIFIED.,.F.,.F.,.F.,(4,1,4),(2,
2),(-0.201062870438113,-0.105922809435188,0.),(0.,0.066),.UNSPECIFIED.);
#2252=B_SPLINE_SURFACE_WITH_KNOTS('',3,1,((#3139,#3140),(#3141,#3142),(#3143,
#3144),(#3145,#3146),(#3147,#3148)),.UNSPECIFIED.,.F.,.F.,.F.,(4,1,4),(2,
2),(-0.194113498533806,-0.0926770739647712,0.),(0.,0.066),.UNSPECIFIED.);
#2253=B_SPLINE_SURFACE_WITH_KNOTS('',3,1,((#3164,#3165),(#3166,#3167),(#3168,
#3169),(#3170,#3171),(#3172,#3173)),.UNSPECIFIED.,.F.,.F.,.F.,(4,1,4),(2,
2),(-0.256817342867918,-0.131669362589219,0.),(0.,0.066),.UNSPECIFIED.);
#2254=B_SPLINE_SURFACE_WITH_KNOTS('',3,1,((#3189,#3190),(#3191,#3192),(#3193,
#3194),(#3195,#3196),(#3197,#3198)),.UNSPECIFIED.,.F.,.F.,.F.,(4,1,4),(2,
2),(-0.423798123082955,-0.180044075966027,0.),(0.,0.066),.UNSPECIFIED.);
#2255=B_SPLINE_SURFACE_WITH_KNOTS('',3,1,((#3214,#3215),(#3216,#3217),(#3218,
#3219),(#3220,#3221),(#3222,#3223)),.UNSPECIFIED.,.F.,.F.,.F.,(4,1,4),(2,
2),(-0.335661090651214,-0.205570450211937,0.),(0.,0.066),.UNSPECIFIED.);
#2256=B_SPLINE_SURFACE_WITH_KNOTS('',3,1,((#3239,#3240),(#3241,#3242),(#3243,
#3244),(#3245,#3246),(#3247,#3248)),.UNSPECIFIED.,.F.,.F.,.F.,(4,1,4),(2,
2),(-0.169250676984269,-0.0887796174688742,0.),(0.,0.066),.UNSPECIFIED.);
#2257=B_SPLINE_SURFACE_WITH_KNOTS('',3,1,((#3264,#3265),(#3266,#3267),(#3268,
#3269),(#3270,#3271),(#3272,#3273)),.UNSPECIFIED.,.F.,.F.,.F.,(4,1,4),(2,
2),(-0.169448749761436,-0.0804926866743731,0.),(0.,0.066),.UNSPECIFIED.);
#2258=B_SPLINE_SURFACE_WITH_KNOTS('',3,1,((#3289,#3290),(#3291,#3292),(#3293,
#3294),(#3295,#3296),(#3297,#3298)),.UNSPECIFIED.,.F.,.F.,.F.,(4,1,4),(2,
2),(-0.335316243028855,-0.130171034435911,0.),(0.,0.066),.UNSPECIFIED.);
#2259=B_SPLINE_SURFACE_WITH_KNOTS('',3,1,((#3311,#3312),(#3313,#3314),(#3315,
#3316),(#3317,#3318),(#3319,#3320)),.UNSPECIFIED.,.F.,.F.,.F.,(4,1,4),(2,
2),(-0.288682149480591,-0.160304205420918,0.),(0.,0.066),.UNSPECIFIED.);
#2260=B_SPLINE_SURFACE_WITH_KNOTS('',3,1,((#3336,#3337),(#3338,#3339),(#3340,
#3341),(#3342,#3343),(#3344,#3345)),.UNSPECIFIED.,.F.,.F.,.F.,(4,1,4),(2,
2),(-0.200960170287891,-0.105954942234015,0.),(0.,0.066),.UNSPECIFIED.);
#2261=B_SPLINE_SURFACE_WITH_KNOTS('',3,1,((#3361,#3362),(#3363,#3364),(#3365,
#3366),(#3367,#3368),(#3369,#3370)),.UNSPECIFIED.,.F.,.F.,.F.,(4,1,4),(2,
2),(-0.193322930651753,-0.0924050051278769,0.),(0.,0.066),.UNSPECIFIED.);
#2262=B_SPLINE_SURFACE_WITH_KNOTS('',3,1,((#3386,#3387),(#3388,#3389),(#3390,
#3391),(#3392,#3393),(#3394,#3395)),.UNSPECIFIED.,.F.,.F.,.F.,(4,1,4),(2,
2),(-0.145986469391239,-0.0759788126199147,0.),(0.,0.066),.UNSPECIFIED.);
#2263=B_SPLINE_SURFACE_WITH_KNOTS('',3,1,((#3411,#3412),(#3413,#3414),(#3415,
#3416),(#3417,#3418),(#3419,#3420)),.UNSPECIFIED.,.F.,.F.,.F.,(4,1,4),(2,
2),(-0.138205594222864,-0.0680953743457991,0.),(0.,0.066),.UNSPECIFIED.);
#2264=B_SPLINE_SURFACE_WITH_KNOTS('',3,1,((#3436,#3437),(#3438,#3439),(#3440,
#3441),(#3442,#3443),(#3444,#3445)),.UNSPECIFIED.,.F.,.F.,.F.,(4,1,4),(2,
2),(-0.161664261142133,-0.0763515214853463,0.),(0.,0.066),.UNSPECIFIED.);
#2265=B_SPLINE_SURFACE_WITH_KNOTS('',3,1,((#3486,#3487),(#3488,#3489),(#3490,
#3491),(#3492,#3493),(#3494,#3495)),.UNSPECIFIED.,.F.,.F.,.F.,(4,1,4),(2,
2),(-0.125469653557214,-0.0632470559008093,0.),(0.,0.066),.UNSPECIFIED.);
#2266=B_SPLINE_SURFACE_WITH_KNOTS('',3,1,((#3514,#3515),(#3516,#3517),(#3518,
#3519),(#3520,#3521),(#3522,#3523)),.UNSPECIFIED.,.F.,.F.,.F.,(4,1,4),(2,
2),(-0.127681239865327,-0.0627878908839869,0.),(0.,0.066),.UNSPECIFIED.);
#2267=B_SPLINE_SURFACE_WITH_KNOTS('',3,1,((#3539,#3540),(#3541,#3542),(#3543,
#3544),(#3545,#3546),(#3547,#3548)),.UNSPECIFIED.,.F.,.F.,.F.,(4,1,4),(2,
2),(-0.127565767120482,-0.0652683437772531,0.),(0.,0.066),.UNSPECIFIED.);
#2268=B_SPLINE_SURFACE_WITH_KNOTS('',3,1,((#3564,#3565),(#3566,#3567),(#3568,
#3569),(#3570,#3571),(#3572,#3573)),.UNSPECIFIED.,.F.,.F.,.F.,(4,1,4),(2,
2),(-0.11992821651157,-0.060464602342253,0.),(0.,0.066),.UNSPECIFIED.);
#2269=B_SPLINE_SURFACE_WITH_KNOTS('',3,1,((#3589,#3590),(#3591,#3592),(#3593,
#3594),(#3595,#3596),(#3597,#3598)),.UNSPECIFIED.,.F.,.F.,.F.,(4,1,4),(2,
2),(-0.161511230395421,-0.0823348765537069,0.),(0.,0.066),.UNSPECIFIED.);
#2270=B_SPLINE_SURFACE_WITH_KNOTS('',3,1,((#3617,#3618),(#3619,#3620),(#3621,
#3622),(#3623,#3624),(#3625,#3626)),.UNSPECIFIED.,.F.,.F.,.F.,(4,1,4),(2,
2),(-0.161932184563194,-0.079390917684476,0.),(0.,0.066),.UNSPECIFIED.);
#2271=B_SPLINE_SURFACE_WITH_KNOTS('',3,1,((#3642,#3643),(#3644,#3645),(#3646,
#3647),(#3648,#3649),(#3650,#3651)),.UNSPECIFIED.,.F.,.F.,.F.,(4,1,4),(2,
2),(-0.157898648722401,-0.0804969478229299,0.),(0.,0.066),.UNSPECIFIED.);
#2272=B_SPLINE_SURFACE_WITH_KNOTS('',3,1,((#3667,#3668),(#3669,#3670),(#3671,
#3672),(#3673,#3674),(#3675,#3676)),.UNSPECIFIED.,.F.,.F.,.F.,(4,1,4),(2,
2),(-0.157393242535032,-0.0773310164175409,0.),(0.,0.066),.UNSPECIFIED.);
#2273=B_SPLINE_SURFACE_WITH_KNOTS('',3,1,((#3692,#3693),(#3694,#3695),(#3696,
#3697),(#3698,#3699),(#3700,#3701)),.UNSPECIFIED.,.F.,.F.,.F.,(4,1,4),(2,
2),(-0.172622245920851,-0.0900758734086092,0.),(0.,0.066),.UNSPECIFIED.);
#2274=B_SPLINE_SURFACE_WITH_KNOTS('',3,1,((#3720,#3721),(#3722,#3723),(#3724,
#3725),(#3726,#3727),(#3728,#3729)),.UNSPECIFIED.,.F.,.F.,.F.,(4,1,4),(2,
2),(-0.168841642543734,-0.0817189067608665,0.),(0.,0.066),.UNSPECIFIED.);
#2275=B_SPLINE_SURFACE_WITH_KNOTS('',3,1,((#3745,#3746),(#3747,#3748),(#3749,
#3750),(#3751,#3752),(#3753,#3754)),.UNSPECIFIED.,.F.,.F.,.F.,(4,1,4),(2,
2),(-0.239099306402485,-0.120168012611601,0.),(0.,0.066),.UNSPECIFIED.);
#2276=B_SPLINE_SURFACE_WITH_KNOTS('',3,1,((#3770,#3771),(#3772,#3773),(#3774,
#3775),(#3776,#3777),(#3778,#3779)),.UNSPECIFIED.,.F.,.F.,.F.,(4,1,4),(2,
2),(-0.259254359972903,-0.123787048449066,0.),(0.,0.066),.UNSPECIFIED.);
#2277=B_SPLINE_SURFACE_WITH_KNOTS('',3,1,((#3795,#3796),(#3797,#3798),(#3799,
#3800),(#3801,#3802),(#3803,#3804)),.UNSPECIFIED.,.F.,.F.,.F.,(4,1,4),(2,
2),(-0.259403594754016,-0.135481061499359,0.),(0.,0.066),.UNSPECIFIED.);
#2278=B_SPLINE_SURFACE_WITH_KNOTS('',3,1,((#3820,#3821),(#3822,#3823),(#3824,
#3825),(#3826,#3827),(#3828,#3829)),.UNSPECIFIED.,.F.,.F.,.F.,(4,1,4),(2,
2),(-0.241963755096388,-0.119701752223939,0.),(0.,0.066),.UNSPECIFIED.);
#2279=B_SPLINE_SURFACE_WITH_KNOTS('',3,1,((#3845,#3846),(#3847,#3848),(#3849,
#3850),(#3851,#3852),(#3853,#3854)),.UNSPECIFIED.,.F.,.F.,.F.,(4,1,4),(2,
2),(-0.173019721334369,-0.0904634735420689,0.),(0.,0.066),.UNSPECIFIED.);
#2280=B_SPLINE_SURFACE_WITH_KNOTS('',3,1,((#3870,#3871),(#3872,#3873),(#3874,
#3875),(#3876,#3877),(#3878,#3879)),.UNSPECIFIED.,.F.,.F.,.F.,(4,1,4),(2,
2),(-0.169491395464502,-0.0815800835659527,0.),(0.,0.066),.UNSPECIFIED.);
#2281=B_SPLINE_SURFACE_WITH_KNOTS('',3,1,((#3895,#3896),(#3897,#3898),(#3899,
#3900),(#3901,#3902),(#3903,#3904)),.UNSPECIFIED.,.F.,.F.,.F.,(4,1,4),(2,
2),(-0.127330519071618,-0.0654659006644092,0.),(0.,0.066),.UNSPECIFIED.);
#2282=B_SPLINE_SURFACE_WITH_KNOTS('',3,1,((#3920,#3921),(#3922,#3923),(#3924,
#3925),(#3926,#3927),(#3928,#3929)),.UNSPECIFIED.,.F.,.F.,.F.,(4,1,4),(2,
2),(-0.129557683769555,-0.0624408092613866,0.),(0.,0.066),.UNSPECIFIED.);
#2283=B_SPLINE_SURFACE_WITH_KNOTS('',3,1,((#3945,#3946),(#3947,#3948),(#3949,
#3950),(#3951,#3952),(#3953,#3954)),.UNSPECIFIED.,.F.,.F.,.F.,(4,1,4),(2,
2),(-0.127163051541145,-0.0655057344381738,0.),(0.,0.066),.UNSPECIFIED.);
#2284=B_SPLINE_SURFACE_WITH_KNOTS('',3,1,((#3970,#3971),(#3972,#3973),(#3974,
#3975),(#3976,#3977),(#3978,#3979)),.UNSPECIFIED.,.F.,.F.,.F.,(4,1,4),(2,
2),(-0.121075059180204,-0.060237292822146,0.),(0.,0.066),.UNSPECIFIED.);
#2285=B_SPLINE_SURFACE_WITH_KNOTS('',3,1,((#3991,#3992),(#3993,#3994),(#3995,
#3996),(#3997,#3998),(#3999,#4000)),.UNSPECIFIED.,.F.,.F.,.F.,(4,1,4),(2,
2),(-0.105385955499374,-0.0520447011504513,0.),(0.,0.066),.UNSPECIFIED.);
#2286=B_SPLINE_SURFACE_WITH_KNOTS('',3,1,((#4016,#4017),(#4018,#4019),(#4020,
#4021),(#4022,#4023),(#4024,#4025)),.UNSPECIFIED.,.F.,.F.,.F.,(4,1,4),(2,
2),(-0.107385049934877,-0.0534454889039154,0.),(0.,0.066),.UNSPECIFIED.);
#2287=B_SPLINE_SURFACE_WITH_KNOTS('',3,1,((#4041,#4042),(#4043,#4044),(#4045,
#4046),(#4047,#4048),(#4049,#4050)),.UNSPECIFIED.,.F.,.F.,.F.,(4,1,4),(2,
2),(-0.110001199433379,-0.0548475088930614,0.),(0.,0.066),.UNSPECIFIED.);
#2288=B_SPLINE_SURFACE_WITH_KNOTS('',3,1,((#4066,#4067),(#4068,#4069),(#4070,
#4071),(#4072,#4073),(#4074,#4075)),.UNSPECIFIED.,.F.,.F.,.F.,(4,1,4),(2,
2),(-0.15917592981591,-0.0815581824100257,0.),(0.,0.066),.UNSPECIFIED.);
#2289=B_SPLINE_SURFACE_WITH_KNOTS('',3,1,((#4090,#4091),(#4092,#4093),(#4094,
#4095),(#4096,#4097),(#4098,#4099)),.UNSPECIFIED.,.F.,.F.,.F.,(4,1,4),(2,
2),(-0.158247259346779,-0.0773307896521744,0.),(0.,0.066),.UNSPECIFIED.);
#2290=B_SPLINE_SURFACE_WITH_KNOTS('',3,1,((#4112,#4113),(#4114,#4115),(#4116,
#4117),(#4118,#4119),(#4120,#4121)),.UNSPECIFIED.,.F.,.F.,.F.,(4,1,4),(2,
2),(-0.140145258799469,-0.0746651831590112,0.),(0.,0.066),.UNSPECIFIED.);
#2291=B_SPLINE_SURFACE_WITH_KNOTS('',3,1,((#4137,#4138),(#4139,#4140),(#4141,
#4142),(#4143,#4144),(#4145,#4146)),.UNSPECIFIED.,.F.,.F.,.F.,(4,1,4),(2,
2),(-0.131121702567044,-0.0633039484995778,0.),(0.,0.066),.UNSPECIFIED.);
#2292=B_SPLINE_SURFACE_WITH_KNOTS('',3,1,((#4162,#4163),(#4164,#4165),(#4166,
#4167),(#4168,#4169),(#4170,#4171)),.UNSPECIFIED.,.F.,.F.,.F.,(4,1,4),(2,
2),(-0.204116911656844,-0.10233999008218,0.),(0.,0.066),.UNSPECIFIED.);
#2293=B_SPLINE_SURFACE_WITH_KNOTS('',3,1,((#4187,#4188),(#4189,#4190),(#4191,
#4192),(#4193,#4194),(#4195,#4196)),.UNSPECIFIED.,.F.,.F.,.F.,(4,1,4),(2,
2),(-0.225861874845905,-0.107072501920211,0.),(0.,0.066),.UNSPECIFIED.);
#2294=B_SPLINE_SURFACE_WITH_KNOTS('',3,1,((#4211,#4212),(#4213,#4214),(#4215,
#4216),(#4217,#4218),(#4219,#4220)),.UNSPECIFIED.,.F.,.F.,.F.,(4,1,4),(2,
2),(-0.22845731075306,-0.119698621321352,0.),(0.,0.066),.UNSPECIFIED.);
#2295=B_SPLINE_SURFACE_WITH_KNOTS('',3,1,((#4236,#4237),(#4238,#4239),(#4240,
#4241),(#4242,#4243),(#4244,#4245)),.UNSPECIFIED.,.F.,.F.,.F.,(4,1,4),(2,
2),(-0.206236187540032,-0.103412108488496,0.),(0.,0.066),.UNSPECIFIED.);
#2296=B_SPLINE_SURFACE_WITH_KNOTS('',3,1,((#4261,#4262),(#4263,#4264),(#4265,
#4266),(#4267,#4268),(#4269,#4270)),.UNSPECIFIED.,.F.,.F.,.F.,(4,1,4),(2,
2),(-0.128043264150207,-0.0656945981732341,0.),(0.,0.066),.UNSPECIFIED.);
#2297=B_SPLINE_SURFACE_WITH_KNOTS('',3,1,((#4286,#4287),(#4288,#4289),(#4290,
#4291),(#4292,#4293),(#4294,#4295)),.UNSPECIFIED.,.F.,.F.,.F.,(4,1,4),(2,
2),(-0.137940585952712,-0.0647542559299355,0.),(0.,0.066),.UNSPECIFIED.);
#2298=B_SPLINE_SURFACE_WITH_KNOTS('',3,1,((#4438,#4439),(#4440,#4441),(#4442,
#4443),(#4444,#4445),(#4446,#4447)),.UNSPECIFIED.,.F.,.F.,.F.,(4,1,4),(2,
2),(-0.158247259346779,-0.0773307896521744,0.),(0.,0.55),.UNSPECIFIED.);
#2299=B_SPLINE_SURFACE_WITH_KNOTS('',3,1,((#4450,#4451),(#4452,#4453),(#4454,
#4455),(#4456,#4457),(#4458,#4459)),.UNSPECIFIED.,.F.,.F.,.F.,(4,1,4),(2,
2),(-0.15917592981591,-0.0815581824100257,0.),(0.,0.55),.UNSPECIFIED.);
#2300=B_SPLINE_SURFACE_WITH_KNOTS('',3,1,((#4461,#4462),(#4463,#4464),(#4465,
#4466),(#4467,#4468),(#4469,#4470)),.UNSPECIFIED.,.F.,.F.,.F.,(4,1,4),(2,
2),(-0.110001199433379,-0.0548475088930614,0.),(0.,0.55),.UNSPECIFIED.);
#2301=B_SPLINE_SURFACE_WITH_KNOTS('',3,1,((#4472,#4473),(#4474,#4475),(#4476,
#4477),(#4478,#4479),(#4480,#4481)),.UNSPECIFIED.,.F.,.F.,.F.,(4,1,4),(2,
2),(-0.107385049934877,-0.0534454889039154,0.),(0.,0.55),.UNSPECIFIED.);
#2302=B_SPLINE_SURFACE_WITH_KNOTS('',3,1,((#4483,#4484),(#4485,#4486),(#4487,
#4488),(#4489,#4490),(#4491,#4492)),.UNSPECIFIED.,.F.,.F.,.F.,(4,1,4),(2,
2),(-0.105385955499374,-0.0520447011504513,0.),(0.,0.55),.UNSPECIFIED.);
#2303=B_SPLINE_SURFACE_WITH_KNOTS('',3,1,((#4494,#4495),(#4496,#4497),(#4498,
#4499),(#4500,#4501),(#4502,#4503)),.UNSPECIFIED.,.F.,.F.,.F.,(4,1,4),(2,
2),(-0.157393242535032,-0.0773310164175409,0.),(0.,0.55),.UNSPECIFIED.);
#2304=B_SPLINE_SURFACE_WITH_KNOTS('',3,1,((#4505,#4506),(#4507,#4508),(#4509,
#4510),(#4511,#4512),(#4513,#4514)),.UNSPECIFIED.,.F.,.F.,.F.,(4,1,4),(2,
2),(-0.157898648722401,-0.0804969478229299,0.),(0.,0.55),.UNSPECIFIED.);
#2305=B_SPLINE_SURFACE_WITH_KNOTS('',3,1,((#4516,#4517),(#4518,#4519),(#4520,
#4521),(#4522,#4523),(#4524,#4525)),.UNSPECIFIED.,.F.,.F.,.F.,(4,1,4),(2,
2),(-0.161932184563194,-0.079390917684476,0.),(0.,0.55),.UNSPECIFIED.);
#2306=B_SPLINE_SURFACE_WITH_KNOTS('',3,1,((#4527,#4528),(#4529,#4530),(#4531,
#4532),(#4533,#4534),(#4535,#4536)),.UNSPECIFIED.,.F.,.F.,.F.,(4,1,4),(2,
2),(-0.161511230395421,-0.0823348765537069,0.),(0.,0.55),.UNSPECIFIED.);
#2307=B_SPLINE_SURFACE_WITH_KNOTS('',3,1,((#4537,#4538),(#4539,#4540),(#4541,
#4542),(#4543,#4544),(#4545,#4546)),.UNSPECIFIED.,.F.,.F.,.F.,(4,1,4),(2,
2),(-0.125469653557214,-0.0632470559008093,0.),(0.,0.55),.UNSPECIFIED.);
#2308=B_SPLINE_SURFACE_WITH_KNOTS('',3,1,((#4565,#4566),(#4567,#4568),(#4569,
#4570),(#4571,#4572),(#4573,#4574)),.UNSPECIFIED.,.F.,.F.,.F.,(4,1,4),(2,
2),(-0.127681239865327,-0.0627878908839869,0.),(0.,0.55),.UNSPECIFIED.);
#2309=B_SPLINE_SURFACE_WITH_KNOTS('',3,1,((#4590,#4591),(#4592,#4593),(#4594,
#4595),(#4596,#4597),(#4598,#4599)),.UNSPECIFIED.,.F.,.F.,.F.,(4,1,4),(2,
2),(-0.127565767120482,-0.0652683437772531,0.),(0.,0.55),.UNSPECIFIED.);
#2310=B_SPLINE_SURFACE_WITH_KNOTS('',3,1,((#4615,#4616),(#4617,#4618),(#4619,
#4620),(#4621,#4622),(#4623,#4624)),.UNSPECIFIED.,.F.,.F.,.F.,(4,1,4),(2,
2),(-0.11992821651157,-0.060464602342253,0.),(0.,0.55),.UNSPECIFIED.);
#2311=B_SPLINE_SURFACE_WITH_KNOTS('',3,1,((#4640,#4641),(#4642,#4643),(#4644,
#4645),(#4646,#4647),(#4648,#4649)),.UNSPECIFIED.,.F.,.F.,.F.,(4,1,4),(2,
2),(-0.127330519071618,-0.0654659006644092,0.),(0.,0.55),.UNSPECIFIED.);
#2312=B_SPLINE_SURFACE_WITH_KNOTS('',3,1,((#4665,#4666),(#4667,#4668),(#4669,
#4670),(#4671,#4672),(#4673,#4674)),.UNSPECIFIED.,.F.,.F.,.F.,(4,1,4),(2,
2),(-0.129557683769555,-0.0624408092613866,0.),(0.,0.55),.UNSPECIFIED.);
#2313=B_SPLINE_SURFACE_WITH_KNOTS('',3,1,((#4690,#4691),(#4692,#4693),(#4694,
#4695),(#4696,#4697),(#4698,#4699)),.UNSPECIFIED.,.F.,.F.,.F.,(4,1,4),(2,
2),(-0.127163051541145,-0.0655057344381738,0.),(0.,0.55),.UNSPECIFIED.);
#2314=B_SPLINE_SURFACE_WITH_KNOTS('',3,1,((#4715,#4716),(#4717,#4718),(#4719,
#4720),(#4721,#4722),(#4723,#4724)),.UNSPECIFIED.,.F.,.F.,.F.,(4,1,4),(2,
2),(-0.121075059180204,-0.060237292822146,0.),(0.,0.55),.UNSPECIFIED.);
#2315=B_SPLINE_SURFACE_WITH_KNOTS('',3,1,((#5203,#5204),(#5205,#5206),(#5207,
#5208),(#5209,#5210),(#5211,#5212)),.UNSPECIFIED.,.F.,.F.,.F.,(4,1,4),(2,
2),(-0.137940585952712,-0.0647542559299355,0.),(0.,0.55),.UNSPECIFIED.);
#2316=B_SPLINE_SURFACE_WITH_KNOTS('',3,1,((#5215,#5216),(#5217,#5218),(#5219,
#5220),(#5221,#5222),(#5223,#5224)),.UNSPECIFIED.,.F.,.F.,.F.,(4,1,4),(2,
2),(-0.128043264150207,-0.0656945981732341,0.),(0.,0.55),.UNSPECIFIED.);
#2317=B_SPLINE_SURFACE_WITH_KNOTS('',3,1,((#5226,#5227),(#5228,#5229),(#5230,
#5231),(#5232,#5233),(#5234,#5235)),.UNSPECIFIED.,.F.,.F.,.F.,(4,1,4),(2,
2),(-0.206236187540032,-0.103412108488496,0.),(0.,0.55),.UNSPECIFIED.);
#2318=B_SPLINE_SURFACE_WITH_KNOTS('',3,1,((#5237,#5238),(#5239,#5240),(#5241,
#5242),(#5243,#5244),(#5245,#5246)),.UNSPECIFIED.,.F.,.F.,.F.,(4,1,4),(2,
2),(-0.22845731075306,-0.119698621321352,0.),(0.,0.55),.UNSPECIFIED.);
#2319=B_SPLINE_SURFACE_WITH_KNOTS('',3,1,((#5248,#5249),(#5250,#5251),(#5252,
#5253),(#5254,#5255),(#5256,#5257)),.UNSPECIFIED.,.F.,.F.,.F.,(4,1,4),(2,
2),(-0.225861874845905,-0.107072501920211,0.),(0.,0.55),.UNSPECIFIED.);
#2320=B_SPLINE_SURFACE_WITH_KNOTS('',3,1,((#5259,#5260),(#5261,#5262),(#5263,
#5264),(#5265,#5266),(#5267,#5268)),.UNSPECIFIED.,.F.,.F.,.F.,(4,1,4),(2,
2),(-0.204116911656844,-0.10233999008218,0.),(0.,0.55),.UNSPECIFIED.);
#2321=B_SPLINE_SURFACE_WITH_KNOTS('',3,1,((#5270,#5271),(#5272,#5273),(#5274,
#5275),(#5276,#5277),(#5278,#5279)),.UNSPECIFIED.,.F.,.F.,.F.,(4,1,4),(2,
2),(-0.131121702567044,-0.0633039484995778,0.),(0.,0.55),.UNSPECIFIED.);
#2322=B_SPLINE_SURFACE_WITH_KNOTS('',3,1,((#5281,#5282),(#5283,#5284),(#5285,
#5286),(#5287,#5288),(#5289,#5290)),.UNSPECIFIED.,.F.,.F.,.F.,(4,1,4),(2,
2),(-0.140145258799469,-0.0746651831590112,0.),(0.,0.55),.UNSPECIFIED.);
#2323=B_SPLINE_SURFACE_WITH_KNOTS('',3,1,((#5292,#5293),(#5294,#5295),(#5296,
#5297),(#5298,#5299),(#5300,#5301)),.UNSPECIFIED.,.F.,.F.,.F.,(4,1,4),(2,
2),(-0.169491395464502,-0.0815800835659527,0.),(0.,0.55),.UNSPECIFIED.);
#2324=B_SPLINE_SURFACE_WITH_KNOTS('',3,1,((#5303,#5304),(#5305,#5306),(#5307,
#5308),(#5309,#5310),(#5311,#5312)),.UNSPECIFIED.,.F.,.F.,.F.,(4,1,4),(2,
2),(-0.173019721334369,-0.0904634735420689,0.),(0.,0.55),.UNSPECIFIED.);
#2325=B_SPLINE_SURFACE_WITH_KNOTS('',3,1,((#5314,#5315),(#5316,#5317),(#5318,
#5319),(#5320,#5321),(#5322,#5323)),.UNSPECIFIED.,.F.,.F.,.F.,(4,1,4),(2,
2),(-0.241963755096388,-0.119701752223939,0.),(0.,0.55),.UNSPECIFIED.);
#2326=B_SPLINE_SURFACE_WITH_KNOTS('',3,1,((#5325,#5326),(#5327,#5328),(#5329,
#5330),(#5331,#5332),(#5333,#5334)),.UNSPECIFIED.,.F.,.F.,.F.,(4,1,4),(2,
2),(-0.259403594754016,-0.135481061499359,0.),(0.,0.55),.UNSPECIFIED.);
#2327=B_SPLINE_SURFACE_WITH_KNOTS('',3,1,((#5336,#5337),(#5338,#5339),(#5340,
#5341),(#5342,#5343),(#5344,#5345)),.UNSPECIFIED.,.F.,.F.,.F.,(4,1,4),(2,
2),(-0.259254359972903,-0.123787048449066,0.),(0.,0.55),.UNSPECIFIED.);
#2328=B_SPLINE_SURFACE_WITH_KNOTS('',3,1,((#5347,#5348),(#5349,#5350),(#5351,
#5352),(#5353,#5354),(#5355,#5356)),.UNSPECIFIED.,.F.,.F.,.F.,(4,1,4),(2,
2),(-0.239099306402485,-0.120168012611601,0.),(0.,0.55),.UNSPECIFIED.);
#2329=B_SPLINE_SURFACE_WITH_KNOTS('',3,1,((#5358,#5359),(#5360,#5361),(#5362,
#5363),(#5364,#5365),(#5366,#5367)),.UNSPECIFIED.,.F.,.F.,.F.,(4,1,4),(2,
2),(-0.168841642543734,-0.0817189067608665,0.),(0.,0.55),.UNSPECIFIED.);
#2330=B_SPLINE_SURFACE_WITH_KNOTS('',3,1,((#5369,#5370),(#5371,#5372),(#5373,
#5374),(#5375,#5376),(#5377,#5378)),.UNSPECIFIED.,.F.,.F.,.F.,(4,1,4),(2,
2),(-0.172622245920851,-0.0900758734086092,0.),(0.,0.55),.UNSPECIFIED.);
#2331=B_SPLINE_SURFACE_WITH_KNOTS('',3,1,((#5387,#5388),(#5389,#5390),(#5391,
#5392),(#5393,#5394),(#5395,#5396)),.UNSPECIFIED.,.F.,.F.,.F.,(4,1,4),(2,
2),(-0.161664261142133,-0.0763515214853463,0.),(0.,0.55),.UNSPECIFIED.);
#2332=B_SPLINE_SURFACE_WITH_KNOTS('',3,1,((#5399,#5400),(#5401,#5402),(#5403,
#5404),(#5405,#5406),(#5407,#5408)),.UNSPECIFIED.,.F.,.F.,.F.,(4,1,4),(2,
2),(-0.138205594222864,-0.0680953743457991,0.),(0.,0.55),.UNSPECIFIED.);
#2333=B_SPLINE_SURFACE_WITH_KNOTS('',3,1,((#5410,#5411),(#5412,#5413),(#5414,
#5415),(#5416,#5417),(#5418,#5419)),.UNSPECIFIED.,.F.,.F.,.F.,(4,1,4),(2,
2),(-0.145986469391239,-0.0759788126199147,0.),(0.,0.55),.UNSPECIFIED.);
#2334=B_SPLINE_SURFACE_WITH_KNOTS('',3,1,((#5421,#5422),(#5423,#5424),(#5425,
#5426),(#5427,#5428),(#5429,#5430)),.UNSPECIFIED.,.F.,.F.,.F.,(4,1,4),(2,
2),(-0.193322930651753,-0.0924050051278769,0.),(0.,0.55),.UNSPECIFIED.);
#2335=B_SPLINE_SURFACE_WITH_KNOTS('',3,1,((#5432,#5433),(#5434,#5435),(#5436,
#5437),(#5438,#5439),(#5440,#5441)),.UNSPECIFIED.,.F.,.F.,.F.,(4,1,4),(2,
2),(-0.200960170287891,-0.105954942234015,0.),(0.,0.55),.UNSPECIFIED.);
#2336=B_SPLINE_SURFACE_WITH_KNOTS('',3,1,((#5443,#5444),(#5445,#5446),(#5447,
#5448),(#5449,#5450),(#5451,#5452)),.UNSPECIFIED.,.F.,.F.,.F.,(4,1,4),(2,
2),(-0.288682149480591,-0.160304205420918,0.),(0.,0.55),.UNSPECIFIED.);
#2337=B_SPLINE_SURFACE_WITH_KNOTS('',3,1,((#5454,#5455),(#5456,#5457),(#5458,
#5459),(#5460,#5461),(#5462,#5463)),.UNSPECIFIED.,.F.,.F.,.F.,(4,1,4),(2,
2),(-0.423798123082955,-0.180044075966027,0.),(0.,0.55),.UNSPECIFIED.);
#2338=B_SPLINE_SURFACE_WITH_KNOTS('',3,1,((#5465,#5466),(#5467,#5468),(#5469,
#5470),(#5471,#5472),(#5473,#5474)),.UNSPECIFIED.,.F.,.F.,.F.,(4,1,4),(2,
2),(-0.256817342867918,-0.131669362589219,0.),(0.,0.55),.UNSPECIFIED.);
#2339=B_SPLINE_SURFACE_WITH_KNOTS('',3,1,((#5476,#5477),(#5478,#5479),(#5480,
#5481),(#5482,#5483),(#5484,#5485)),.UNSPECIFIED.,.F.,.F.,.F.,(4,1,4),(2,
2),(-0.194113498533806,-0.0926770739647712,0.),(0.,0.55),.UNSPECIFIED.);
#2340=B_SPLINE_SURFACE_WITH_KNOTS('',3,1,((#5487,#5488),(#5489,#5490),(#5491,
#5492),(#5493,#5494),(#5495,#5496)),.UNSPECIFIED.,.F.,.F.,.F.,(4,1,4),(2,
2),(-0.201062870438113,-0.105922809435188,0.),(0.,0.55),.UNSPECIFIED.);
#2341=B_SPLINE_SURFACE_WITH_KNOTS('',3,1,((#5498,#5499),(#5500,#5501),(#5502,
#5503),(#5504,#5505),(#5506,#5507)),.UNSPECIFIED.,.F.,.F.,.F.,(4,1,4),(2,
2),(-0.287268142291038,-0.159277775532396,0.),(0.,0.55),.UNSPECIFIED.);
#2342=B_SPLINE_SURFACE_WITH_KNOTS('',3,1,((#5509,#5510),(#5511,#5512),(#5513,
#5514),(#5515,#5516),(#5517,#5518)),.UNSPECIFIED.,.F.,.F.,.F.,(4,1,4),(2,
2),(-0.237851593185911,-0.104291649604622,0.),(0.,0.55),.UNSPECIFIED.);
#2343=ADVANCED_FACE('',(#74),#2237,.F.);
#2344=ADVANCED_FACE('',(#75),#2238,.F.);
#2345=ADVANCED_FACE('',(#76),#2239,.F.);
#2346=ADVANCED_FACE('',(#77),#2240,.F.);
#2347=ADVANCED_FACE('',(#78),#2241,.F.);
#2348=ADVANCED_FACE('',(#79),#2242,.F.);
#2349=ADVANCED_FACE('',(#80),#2243,.F.);
#2350=ADVANCED_FACE('',(#81),#2244,.F.);
#2351=ADVANCED_FACE('',(#82),#44,.T.);
#2352=ADVANCED_FACE('',(#83),#45,.F.);
#2353=ADVANCED_FACE('',(#84),#2245,.T.);
#2354=ADVANCED_FACE('',(#85),#2246,.T.);
#2355=ADVANCED_FACE('',(#86),#2247,.T.);
#2356=ADVANCED_FACE('',(#87),#2248,.T.);
#2357=ADVANCED_FACE('',(#88),#2249,.T.);
#2358=ADVANCED_FACE('',(#89),#2250,.T.);
#2359=ADVANCED_FACE('',(#90),#2251,.T.);
#2360=ADVANCED_FACE('',(#91),#2252,.T.);
#2361=ADVANCED_FACE('',(#92),#2253,.T.);
#2362=ADVANCED_FACE('',(#93),#2254,.T.);
#2363=ADVANCED_FACE('',(#94),#2255,.T.);
#2364=ADVANCED_FACE('',(#95),#2256,.T.);
#2365=ADVANCED_FACE('',(#96),#2257,.T.);
#2366=ADVANCED_FACE('',(#97),#2258,.T.);
#2367=ADVANCED_FACE('',(#98),#2259,.T.);
#2368=ADVANCED_FACE('',(#99),#2260,.T.);
#2369=ADVANCED_FACE('',(#100),#2261,.T.);
#2370=ADVANCED_FACE('',(#101),#2262,.T.);
#2371=ADVANCED_FACE('',(#102),#2263,.T.);
#2372=ADVANCED_FACE('',(#103),#2264,.T.);
#2373=ADVANCED_FACE('',(#104,#16),#46,.F.);
#2374=ADVANCED_FACE('',(#105,#17),#47,.T.);
#2375=ADVANCED_FACE('',(#106),#48,.T.);
#2376=ADVANCED_FACE('',(#107),#49,.T.);
#2377=ADVANCED_FACE('',(#108),#50,.T.);
#2378=ADVANCED_FACE('',(#109),#51,.T.);
#2379=ADVANCED_FACE('',(#110),#52,.F.);
#2380=ADVANCED_FACE('',(#111),#53,.T.);
#2381=ADVANCED_FACE('',(#112),#2265,.T.);
#2382=ADVANCED_FACE('',(#113),#2266,.T.);
#2383=ADVANCED_FACE('',(#114),#2267,.T.);
#2384=ADVANCED_FACE('',(#115),#2268,.T.);
#2385=ADVANCED_FACE('',(#116),#2269,.T.);
#2386=ADVANCED_FACE('',(#117),#2270,.T.);
#2387=ADVANCED_FACE('',(#118),#2271,.T.);
#2388=ADVANCED_FACE('',(#119),#2272,.T.);
#2389=ADVANCED_FACE('',(#120),#2273,.T.);
#2390=ADVANCED_FACE('',(#121),#2274,.T.);
#2391=ADVANCED_FACE('',(#122),#2275,.T.);
#2392=ADVANCED_FACE('',(#123),#2276,.T.);
#2393=ADVANCED_FACE('',(#124),#2277,.T.);
#2394=ADVANCED_FACE('',(#125),#2278,.T.);
#2395=ADVANCED_FACE('',(#126),#2279,.T.);
#2396=ADVANCED_FACE('',(#127),#2280,.T.);
#2397=ADVANCED_FACE('',(#128),#2281,.T.);
#2398=ADVANCED_FACE('',(#129),#2282,.T.);
#2399=ADVANCED_FACE('',(#130),#2283,.T.);
#2400=ADVANCED_FACE('',(#131),#2284,.T.);
#2401=ADVANCED_FACE('',(#132),#2285,.T.);
#2402=ADVANCED_FACE('',(#133),#2286,.T.);
#2403=ADVANCED_FACE('',(#134),#2287,.T.);
#2404=ADVANCED_FACE('',(#135),#2288,.T.);
#2405=ADVANCED_FACE('',(#136),#2289,.T.);
#2406=ADVANCED_FACE('',(#137),#2290,.T.);
#2407=ADVANCED_FACE('',(#138),#2291,.T.);
#2408=ADVANCED_FACE('',(#139),#2292,.T.);
#2409=ADVANCED_FACE('',(#140),#2293,.T.);
#2410=ADVANCED_FACE('',(#141),#2294,.T.);
#2411=ADVANCED_FACE('',(#142),#2295,.T.);
#2412=ADVANCED_FACE('',(#143),#2296,.T.);
#2413=ADVANCED_FACE('',(#144),#2297,.T.);
#2414=ADVANCED_FACE('',(#145,#18,#19),#54,.F.);
#2415=ADVANCED_FACE('',(#146,#20,#21),#55,.T.);
#2416=ADVANCED_FACE('',(#147),#56,.F.);
#2417=ADVANCED_FACE('',(#148),#57,.T.);
#2418=ADVANCED_FACE('',(#149),#2298,.F.);
#2419=ADVANCED_FACE('',(#150),#2299,.F.);
#2420=ADVANCED_FACE('',(#151),#2300,.F.);
#2421=ADVANCED_FACE('',(#152),#2301,.F.);
#2422=ADVANCED_FACE('',(#153),#2302,.F.);
#2423=ADVANCED_FACE('',(#154),#2303,.F.);
#2424=ADVANCED_FACE('',(#155),#2304,.F.);
#2425=ADVANCED_FACE('',(#156),#2305,.F.);
#2426=ADVANCED_FACE('',(#157),#2306,.F.);
#2427=ADVANCED_FACE('',(#158),#2307,.F.);
#2428=ADVANCED_FACE('',(#159),#2308,.F.);
#2429=ADVANCED_FACE('',(#160),#2309,.F.);
#2430=ADVANCED_FACE('',(#161),#2310,.F.);
#2431=ADVANCED_FACE('',(#162),#2311,.F.);
#2432=ADVANCED_FACE('',(#163),#2312,.F.);
#2433=ADVANCED_FACE('',(#164),#2313,.F.);
#2434=ADVANCED_FACE('',(#165),#2314,.F.);
#2435=ADVANCED_FACE('',(#166),#58,.T.);
#2436=ADVANCED_FACE('',(#167),#59,.F.);
#2437=ADVANCED_FACE('',(#168),#60,.T.);
#2438=ADVANCED_FACE('',(#169),#61,.T.);
#2439=ADVANCED_FACE('',(#170),#62,.T.);
#2440=ADVANCED_FACE('',(#171),#63,.T.);
#2441=ADVANCED_FACE('',(#172),#64,.T.);
#2442=ADVANCED_FACE('',(#173,#22),#65,.T.);
#2443=ADVANCED_FACE('',(#174),#66,.T.);
#2444=ADVANCED_FACE('',(#175),#13,.F.);
#2445=ADVANCED_FACE('',(#176),#67,.T.);
#2446=ADVANCED_FACE('',(#177,#23,#24,#25,#26),#68,.F.);
#2447=ADVANCED_FACE('',(#178,#27,#28,#29),#69,.T.);
#2448=ADVANCED_FACE('',(#179),#2315,.F.);
#2449=ADVANCED_FACE('',(#180),#2316,.F.);
#2450=ADVANCED_FACE('',(#181),#2317,.F.);
#2451=ADVANCED_FACE('',(#182),#2318,.F.);
#2452=ADVANCED_FACE('',(#183),#2319,.F.);
#2453=ADVANCED_FACE('',(#184),#2320,.F.);
#2454=ADVANCED_FACE('',(#185),#2321,.F.);
#2455=ADVANCED_FACE('',(#186),#2322,.F.);
#2456=ADVANCED_FACE('',(#187),#2323,.F.);
#2457=ADVANCED_FACE('',(#188),#2324,.F.);
#2458=ADVANCED_FACE('',(#189),#2325,.F.);
#2459=ADVANCED_FACE('',(#190),#2326,.F.);
#2460=ADVANCED_FACE('',(#191),#2327,.F.);
#2461=ADVANCED_FACE('',(#192),#2328,.F.);
#2462=ADVANCED_FACE('',(#193),#2329,.F.);
#2463=ADVANCED_FACE('',(#194),#2330,.F.);
#2464=ADVANCED_FACE('',(#195),#70,.F.);
#2465=ADVANCED_FACE('',(#196),#71,.F.);
#2466=ADVANCED_FACE('',(#197),#72,.F.);
#2467=ADVANCED_FACE('',(#198),#73,.F.);
#2468=ADVANCED_FACE('',(#199),#2331,.F.);
#2469=ADVANCED_FACE('',(#200),#2332,.F.);
#2470=ADVANCED_FACE('',(#201),#2333,.F.);
#2471=ADVANCED_FACE('',(#202),#2334,.F.);
#2472=ADVANCED_FACE('',(#203),#2335,.F.);
#2473=ADVANCED_FACE('',(#204),#2336,.F.);
#2474=ADVANCED_FACE('',(#205),#2337,.F.);
#2475=ADVANCED_FACE('',(#206),#2338,.F.);
#2476=ADVANCED_FACE('',(#207),#2339,.F.);
#2477=ADVANCED_FACE('',(#208),#2340,.F.);
#2478=ADVANCED_FACE('',(#209),#2341,.F.);
#2479=ADVANCED_FACE('',(#210),#2342,.F.);
#2480=CLOSED_SHELL('',(#2343,#2344,#2345,#2346,#2347,#2348,#2349,#2350,
#2351,#2352));
#2481=CLOSED_SHELL('',(#2353,#2354,#2355,#2356,#2357,#2358,#2359,#2360,
#2361,#2362,#2363,#2364,#2365,#2366,#2367,#2368,#2369,#2370,#2371,#2372,
#2373,#2374));
#2482=CLOSED_SHELL('',(#2375,#2376,#2377,#2378,#2379,#2380));
#2483=CLOSED_SHELL('',(#2381,#2382,#2383,#2384,#2385,#2386,#2387,#2388,
#2389,#2390,#2391,#2392,#2393,#2394,#2395,#2396,#2397,#2398,#2399,#2400,
#2401,#2402,#2403,#2404,#2405,#2406,#2407,#2408,#2409,#2410,#2411,#2412,
#2413,#2414,#2415));
#2484=CLOSED_SHELL('',(#2416,#2417,#2418,#2419,#2420,#2421,#2422,#2423,
#2424,#2425,#2426));
#2485=CLOSED_SHELL('',(#2427,#2428,#2429,#2430,#2431,#2432,#2433,#2434,
#2435,#2436));
#2486=CLOSED_SHELL('',(#2437,#2438,#2439,#2440,#2441,#2442,#2443,#2444,
#2445,#2446,#2447,#2448,#2449,#2450,#2451,#2452,#2453,#2454,#2455,#2456,
#2457,#2458,#2459,#2460,#2461,#2462,#2463,#2464,#2465,#2466,#2467,#2468,
#2469,#2470,#2471,#2472,#2473,#2474,#2475,#2476,#2477,#2478,#2479));
#2487=DERIVED_UNIT_ELEMENT(#2489,1.);
#2488=DERIVED_UNIT_ELEMENT(#5524,-3.);
#2489=(
MASS_UNIT()
NAMED_UNIT(*)
SI_UNIT(.KILO.,.GRAM.)
);
#2490=DERIVED_UNIT((#2487,#2488));
#2491=MEASURE_REPRESENTATION_ITEM('density measure',
POSITIVE_RATIO_MEASURE(7850.),#2490);
#2492=PROPERTY_DEFINITION_REPRESENTATION(#2497,#2494);
#2493=PROPERTY_DEFINITION_REPRESENTATION(#2498,#2495);
#2494=REPRESENTATION('material name',(#2496),#5521);
#2495=REPRESENTATION('density',(#2491),#5521);
#2496=DESCRIPTIVE_REPRESENTATION_ITEM('Acciaio','Acciaio');
#2497=PROPERTY_DEFINITION('material property','material name',#5531);
#2498=PROPERTY_DEFINITION('material property','density of part',#5531);
#2499=AXIS2_PLACEMENT_3D('',#2756,#2533,#2534);
#2500=AXIS2_PLACEMENT_3D('',#2957,#2543,#2544);
#2501=AXIS2_PLACEMENT_3D('',#2958,#2545,#2546);
#2502=AXIS2_PLACEMENT_3D('',#3458,#2567,#2568);
#2503=AXIS2_PLACEMENT_3D('',#3459,#2569,#2570);
#2504=AXIS2_PLACEMENT_3D('',#3460,#2571,#2572);
#2505=AXIS2_PLACEMENT_3D('',#3469,#2577,#2578);
#2506=AXIS2_PLACEMENT_3D('',#3475,#2582,#2583);
#2507=AXIS2_PLACEMENT_3D('',#3481,#2587,#2588);
#2508=AXIS2_PLACEMENT_3D('',#3484,#2591,#2592);
#2509=AXIS2_PLACEMENT_3D('',#3485,#2593,#2594);
#2510=AXIS2_PLACEMENT_3D('',#4308,#2628,#2629);
#2511=AXIS2_PLACEMENT_3D('',#4309,#2630,#2631);
#2512=AXIS2_PLACEMENT_3D('',#4310,#2632,#2633);
#2513=AXIS2_PLACEMENT_3D('',#4365,#2634,#2635);
#2514=AXIS2_PLACEMENT_3D('',#4737,#2653,#2654);
#2515=AXIS2_PLACEMENT_3D('',#4738,#2655,#2656);
#2516=AXIS2_PLACEMENT_3D('',#4739,#2657,#2658);
#2517=AXIS2_PLACEMENT_3D('',#4748,#2663,#2664);
#2518=AXIS2_PLACEMENT_3D('',#4762,#2672,#2673);
#2519=AXIS2_PLACEMENT_3D('',#4766,#2676,#2677);
#2520=AXIS2_PLACEMENT_3D('',#4778,#2684,#2685);
#2521=AXIS2_PLACEMENT_3D('',#4780,#2687,#2688);
#2522=AXIS2_PLACEMENT_3D('',#4784,#2691,#2692);
#2523=AXIS2_PLACEMENT_3D('',#4785,#2693,#2694);
#2524=AXIS2_PLACEMENT_3D('',#4787,#2696,#2697);
#2525=AXIS2_PLACEMENT_3D('',#4790,#2699,#2700);
#2526=AXIS2_PLACEMENT_3D('',#4791,#2701,#2702);
#2527=AXIS2_PLACEMENT_3D('',#4793,#2704,#2705);
#2528=AXIS2_PLACEMENT_3D('',#4970,#2710,#2711);
#2529=AXIS2_PLACEMENT_3D('',#5379,#2732,#2733);
#2530=AXIS2_PLACEMENT_3D('',#5382,#2736,#2737);
#2531=AXIS2_PLACEMENT_3D('',#5384,#2739,#2740);
#2532=AXIS2_PLACEMENT_3D('',#5386,#2742,#2743);
#2533=DIRECTION('axis',(0.,0.,1.));
#2534=DIRECTION('refdir',(1.,0.,0.));
#2535=DIRECTION('',(0.,0.,1.));
#2536=DIRECTION('',(0.,0.,1.));
#2537=DIRECTION('',(0.,0.,1.));
#2538=DIRECTION('',(0.,0.,1.));
#2539=DIRECTION('',(0.,0.,1.));
#2540=DIRECTION('',(0.,0.,1.));
#2541=DIRECTION('',(0.,0.,1.));
#2542=DIRECTION('',(0.,0.,1.));
#2543=DIRECTION('center_axis',(0.,0.,1.));
#2544=DIRECTION('ref_axis',(1.,0.,0.));
#2545=DIRECTION('center_axis',(0.,0.,1.));
#2546=DIRECTION('ref_axis',(1.,0.,0.));
#2547=DIRECTION('',(0.,0.,1.));
#2548=DIRECTION('',(0.,0.,1.));
#2549=DIRECTION('',(0.,0.,1.));
#2550=DIRECTION('',(0.,0.,1.));
#2551=DIRECTION('',(0.,0.,1.));
#2552=DIRECTION('',(0.,0.,1.));
#2553=DIRECTION('',(0.,0.,1.));
#2554=DIRECTION('',(0.,0.,1.));
#2555=DIRECTION('',(0.,0.,1.));
#2556=DIRECTION('',(0.,0.,1.));
#2557=DIRECTION('',(0.,0.,1.));
#2558=DIRECTION('',(0.,0.,1.));
#2559=DIRECTION('',(0.,0.,1.));
#2560=DIRECTION('',(0.,0.,1.));
#2561=DIRECTION('',(0.,0.,1.));
#2562=DIRECTION('',(0.,0.,1.));
#2563=DIRECTION('',(0.,0.,1.));
#2564=DIRECTION('',(0.,0.,1.));
#2565=DIRECTION('',(0.,0.,1.));
#2566=DIRECTION('',(0.,0.,1.));
#2567=DIRECTION('center_axis',(0.,0.,1.));
#2568=DIRECTION('ref_axis',(1.,0.,0.));
#2569=DIRECTION('center_axis',(0.,0.,1.));
#2570=DIRECTION('ref_axis',(1.,0.,0.));
#2571=DIRECTION('center_axis',(0.99995837111372,-0.00912447475729191,0.));
#2572=DIRECTION('ref_axis',(0.00912447475729191,0.99995837111372,0.));
#2573=DIRECTION('',(-0.00912447475729191,-0.99995837111372,0.));
#2574=DIRECTION('',(0.,0.,1.));
#2575=DIRECTION('',(-0.00912447475729191,-0.99995837111372,0.));
#2576=DIRECTION('',(0.,0.,1.));
#2577=DIRECTION('center_axis',(-0.00912447475729355,-0.99995837111372,0.));
#2578=DIRECTION('ref_axis',(0.99995837111372,-0.00912447475729355,0.));
#2579=DIRECTION('',(-0.99995837111372,0.00912447475729355,0.));
#2580=DIRECTION('',(0.,0.,1.));
#2581=DIRECTION('',(-0.99995837111372,0.00912447475729355,0.));
#2582=DIRECTION('center_axis',(-0.99995837111372,0.00912447475729191,0.));
#2583=DIRECTION('ref_axis',(-0.00912447475729191,-0.99995837111372,0.));
#2584=DIRECTION('',(0.00912447475729191,0.99995837111372,0.));
#2585=DIRECTION('',(0.,0.,1.));
#2586=DIRECTION('',(0.00912447475729191,0.99995837111372,0.));
#2587=DIRECTION('center_axis',(0.00912447475729349,0.99995837111372,0.));
#2588=DIRECTION('ref_axis',(-0.99995837111372,0.00912447475729349,0.));
#2589=DIRECTION('',(0.99995837111372,-0.00912447475729349,0.));
#2590=DIRECTION('',(0.99995837111372,-0.00912447475729349,0.));
#2591=DIRECTION('center_axis',(0.,0.,1.));
#2592=DIRECTION('ref_axis',(1.,0.,0.));
#2593=DIRECTION('center_axis',(0.,0.,1.));
#2594=DIRECTION('ref_axis',(1.,0.,0.));
#2595=DIRECTION('',(0.,0.,1.));
#2596=DIRECTION('',(0.,0.,1.));
#2597=DIRECTION('',(0.,0.,1.));
#2598=DIRECTION('',(0.,0.,1.));
#2599=DIRECTION('',(0.,0.,1.));
#2600=DIRECTION('',(0.,0.,1.));
#2601=DIRECTION('',(0.,0.,1.));
#2602=DIRECTION('',(0.,0.,1.));
#2603=DIRECTION('',(0.,0.,1.));
#2604=DIRECTION('',(0.,0.,1.));
#2605=DIRECTION('',(0.,0.,1.));
#2606=DIRECTION('',(0.,0.,1.));
#2607=DIRECTION('',(0.,0.,1.));
#2608=DIRECTION('',(0.,0.,1.));
#2609=DIRECTION('',(0.,0.,1.));
#2610=DIRECTION('',(0.,0.,1.));
#2611=DIRECTION('',(0.,0.,1.));
#2612=DIRECTION('',(0.,0.,1.));
#2613=DIRECTION('',(0.,0.,1.));
#2614=DIRECTION('',(0.,0.,1.));
#2615=DIRECTION('',(0.,0.,1.));
#2616=DIRECTION('',(0.,0.,1.));
#2617=DIRECTION('',(0.,0.,1.));
#2618=DIRECTION('',(0.,0.,1.));
#2619=DIRECTION('',(0.,0.,1.));
#2620=DIRECTION('',(0.,0.,1.));
#2621=DIRECTION('',(0.,0.,1.));
#2622=DIRECTION('',(0.,0.,1.));
#2623=DIRECTION('',(0.,0.,1.));
#2624=DIRECTION('',(0.,0.,1.));
#2625=DIRECTION('',(0.,0.,1.));
#2626=DIRECTION('',(0.,0.,1.));
#2627=DIRECTION('',(0.,0.,1.));
#2628=DIRECTION('center_axis',(0.,0.,1.));
#2629=DIRECTION('ref_axis',(1.,0.,0.));
#2630=DIRECTION('center_axis',(0.,0.,1.));
#2631=DIRECTION('ref_axis',(1.,0.,0.));
#2632=DIRECTION('center_axis',(0.,0.,1.));
#2633=DIRECTION('ref_axis',(1.,0.,0.));
#2634=DIRECTION('center_axis',(0.,0.,1.));
#2635=DIRECTION('ref_axis',(1.,0.,0.));
#2636=DIRECTION('',(0.,0.,1.));
#2637=DIRECTION('',(0.,0.,1.));
#2638=DIRECTION('',(0.,0.,1.));
#2639=DIRECTION('',(0.,0.,1.));
#2640=DIRECTION('',(0.,0.,1.));
#2641=DIRECTION('',(0.,0.,1.));
#2642=DIRECTION('',(0.,0.,1.));
#2643=DIRECTION('',(0.,0.,1.));
#2644=DIRECTION('',(0.,0.,1.));
#2645=DIRECTION('',(0.,0.,1.));
#2646=DIRECTION('',(0.,0.,1.));
#2647=DIRECTION('',(0.,0.,1.));
#2648=DIRECTION('',(0.,0.,1.));
#2649=DIRECTION('',(0.,0.,1.));
#2650=DIRECTION('',(0.,0.,1.));
#2651=DIRECTION('',(0.,0.,1.));
#2652=DIRECTION('',(0.,0.,1.));
#2653=DIRECTION('center_axis',(0.,0.,1.));
#2654=DIRECTION('ref_axis',(1.,0.,0.));
#2655=DIRECTION('center_axis',(0.,0.,1.));
#2656=DIRECTION('ref_axis',(1.,0.,0.));
#2657=DIRECTION('center_axis',(0.,0.,1.));
#2658=DIRECTION('ref_axis',(1.,0.,0.));
#2659=DIRECTION('',(1.,0.,0.));
#2660=DIRECTION('',(0.,1.,0.));
#2661=DIRECTION('',(-1.,0.,0.));
#2662=DIRECTION('',(0.,-1.,0.));
#2663=DIRECTION('center_axis',(0.,-1.,0.));
#2664=DIRECTION('ref_axis',(1.,0.,0.));
#2665=DIRECTION('',(-1.,0.,0.));
#2666=DIRECTION('',(0.,0.,1.));
#2667=DIRECTION('',(-1.,8.88178419700125E-17,0.));
#2668=DIRECTION('',(0.,0.,1.));
#2669=DIRECTION('',(1.,-8.88178419700125E-17,0.));
#2670=DIRECTION('',(0.,0.,1.));
#2671=DIRECTION('',(0.,0.,1.));
#2672=DIRECTION('center_axis',(1.,0.,0.));
#2673=DIRECTION('ref_axis',(0.,1.,0.));
#2674=DIRECTION('',(0.,1.,0.));
#2675=DIRECTION('',(0.,0.,1.));
#2676=DIRECTION('center_axis',(0.,1.,0.));
#2677=DIRECTION('ref_axis',(-1.,0.,0.));
#2678=DIRECTION('',(1.,-8.88178419700125E-17,0.));
#2679=DIRECTION('',(0.,0.,1.));
#2680=DIRECTION('',(-1.,8.88178419700125E-17,0.));
#2681=DIRECTION('',(0.,0.,1.));
#2682=DIRECTION('',(1.,-8.88178419700125E-17,0.));
#2683=DIRECTION('',(0.,0.,1.));
#2684=DIRECTION('center_axis',(-1.,0.,0.));
#2685=DIRECTION('ref_axis',(0.,-1.,0.));
#2686=DIRECTION('',(0.,1.,0.));
#2687=DIRECTION('center_axis',(0.,0.,1.));
#2688=DIRECTION('ref_axis',(1.,0.,0.));
#2689=DIRECTION('',(0.,-1.,0.));
#2690=DIRECTION('',(0.,1.,0.));
#2691=DIRECTION('center_axis',(0.,0.,1.));
#2692=DIRECTION('ref_axis',(1.,0.,0.));
#2693=DIRECTION('center_axis',(1.,0.,0.));
#2694=DIRECTION('ref_axis',(0.,1.,0.));
#2695=DIRECTION('',(0.,-1.,0.));
#2696=DIRECTION('center_axis',(0.,0.,1.));
#2697=DIRECTION('ref_axis',(1.,0.,0.));
#2698=DIRECTION('',(0.,0.,-1.));
#2699=DIRECTION('center_axis',(0.,0.,1.));
#2700=DIRECTION('ref_axis',(1.,0.,0.));
#2701=DIRECTION('center_axis',(-1.,0.,0.));
#2702=DIRECTION('ref_axis',(0.,-1.,0.));
#2703=DIRECTION('',(0.,1.,0.));
#2704=DIRECTION('center_axis',(0.,0.,1.));
#2705=DIRECTION('ref_axis',(1.,0.,0.));
#2706=DIRECTION('',(-0.00912447475729191,-0.99995837111372,0.));
#2707=DIRECTION('',(0.99995837111372,-0.00912447475729355,0.));
#2708=DIRECTION('',(0.00912447475729191,0.99995837111372,0.));
#2709=DIRECTION('',(-0.99995837111372,0.00912447475729349,0.));
#2710=DIRECTION('center_axis',(0.,0.,1.));
#2711=DIRECTION('ref_axis',(1.,0.,0.));
#2712=DIRECTION('',(0.00912447475729191,0.99995837111372,0.));
#2713=DIRECTION('',(0.99995837111372,-0.00912447475729349,0.));
#2714=DIRECTION('',(-0.00912447475729191,-0.99995837111372,0.));
#2715=DIRECTION('',(-0.99995837111372,0.00912447475729355,0.));
#2716=DIRECTION('',(0.,0.,1.));
#2717=DIRECTION('',(0.,0.,1.));
#2718=DIRECTION('',(0.,0.,1.));
#2719=DIRECTION('',(0.,0.,1.));
#2720=DIRECTION('',(0.,0.,1.));
#2721=DIRECTION('',(0.,0.,1.));
#2722=DIRECTION('',(0.,0.,1.));
#2723=DIRECTION('',(0.,0.,1.));
#2724=DIRECTION('',(0.,0.,1.));
#2725=DIRECTION('',(0.,0.,1.));
#2726=DIRECTION('',(0.,0.,1.));
#2727=DIRECTION('',(0.,0.,1.));
#2728=DIRECTION('',(0.,0.,1.));
#2729=DIRECTION('',(0.,0.,1.));
#2730=DIRECTION('',(0.,0.,1.));
#2731=DIRECTION('',(0.,0.,1.));
#2732=DIRECTION('center_axis',(0.00912447475729349,0.99995837111372,0.));
#2733=DIRECTION('ref_axis',(-0.99995837111372,0.00912447475729349,0.));
#2734=DIRECTION('',(0.,0.,1.));
#2735=DIRECTION('',(0.,0.,1.));
#2736=DIRECTION('center_axis',(-0.99995837111372,0.00912447475729191,0.));
#2737=DIRECTION('ref_axis',(-0.00912447475729191,-0.99995837111372,0.));
#2738=DIRECTION('',(0.,0.,1.));
#2739=DIRECTION('center_axis',(-0.00912447475729355,-0.99995837111372,0.));
#2740=DIRECTION('ref_axis',(0.99995837111372,-0.00912447475729355,0.));
#2741=DIRECTION('',(0.,0.,1.));
#2742=DIRECTION('center_axis',(0.99995837111372,-0.00912447475729191,0.));
#2743=DIRECTION('ref_axis',(0.00912447475729191,0.99995837111372,0.));
#2744=DIRECTION('',(0.,0.,1.));
#2745=DIRECTION('',(0.,0.,1.));
#2746=DIRECTION('',(0.,0.,1.));
#2747=DIRECTION('',(0.,0.,1.));
#2748=DIRECTION('',(0.,0.,1.));
#2749=DIRECTION('',(0.,0.,1.));
#2750=DIRECTION('',(0.,0.,1.));
#2751=DIRECTION('',(0.,0.,1.));
#2752=DIRECTION('',(0.,0.,1.));
#2753=DIRECTION('',(0.,0.,1.));
#2754=DIRECTION('',(0.,0.,1.));
#2755=DIRECTION('',(0.,0.,1.));
#2756=CARTESIAN_POINT('',(0.,0.,0.));
#2757=CARTESIAN_POINT('Ctrl Pts',(19.4230066442887,8.1753805687967,0.));
#2758=CARTESIAN_POINT('Ctrl Pts',(19.4230066442887,8.1753805687967,5.5));
#2759=CARTESIAN_POINT('Ctrl Pts',(19.5854246632781,7.76973827043146,0.));
#2760=CARTESIAN_POINT('Ctrl Pts',(19.5854246632781,7.76973827043146,5.5));
#2761=CARTESIAN_POINT('Ctrl Pts',(20.0051871753259,6.72137287837617,0.));
#2762=CARTESIAN_POINT('Ctrl Pts',(20.0051871753259,6.72137287837617,5.5));
#2763=CARTESIAN_POINT('Ctrl Pts',(19.9830282745907,5.5855570731205,0.));
#2764=CARTESIAN_POINT('Ctrl Pts',(19.9830282745907,5.5855570731205,5.5));
#2765=CARTESIAN_POINT('Ctrl Pts',(19.9694432809032,4.88922061090211,0.));
#2766=CARTESIAN_POINT('Ctrl Pts',(19.9694432809032,4.88922061090211,5.5));
#2767=CARTESIAN_POINT('',(19.9694432809032,4.88922061090211,0.6));
#2768=CARTESIAN_POINT('',(19.4230066442887,8.1753805687967,0.6));
#2769=CARTESIAN_POINT('Ctrl Pts',(19.9694432809032,4.88922061090211,0.6));
#2770=CARTESIAN_POINT('Ctrl Pts',(19.9830282745907,5.5855570731205,0.6));
#2771=CARTESIAN_POINT('Ctrl Pts',(19.9966132682782,6.2818935353389,0.6));
#2772=CARTESIAN_POINT('Ctrl Pts',(19.844099076307,6.94536116161057,0.6));
#2773=CARTESIAN_POINT('Ctrl Pts',(19.7478426822674,7.36409597206622,0.6));
#2774=CARTESIAN_POINT('Ctrl Pts',(19.5854246632781,7.76973827043146,0.6));
#2775=CARTESIAN_POINT('Ctrl Pts',(19.4230066442887,8.1753805687967,0.6));
#2776=CARTESIAN_POINT('',(19.9694432809032,4.88922061090211,0.));
#2777=CARTESIAN_POINT('',(19.9694432809032,4.88922061090211,0.));
#2778=CARTESIAN_POINT('',(19.4230066442887,8.1753805687967,0.));
#2779=CARTESIAN_POINT('Ctrl Pts',(19.4230066442887,8.1753805687967,0.));
#2780=CARTESIAN_POINT('Ctrl Pts',(19.5854246632781,7.76973827043146,0.));
#2781=CARTESIAN_POINT('Ctrl Pts',(20.0051871753259,6.72137287837617,0.));
#2782=CARTESIAN_POINT('Ctrl Pts',(19.9830282745907,5.5855570731205,0.));
#2783=CARTESIAN_POINT('Ctrl Pts',(19.9694432809032,4.88922061090211,0.));
#2784=CARTESIAN_POINT('',(19.4230066442887,8.1753805687967,0.));
#2785=CARTESIAN_POINT('Ctrl Pts',(17.9945923892881,9.00018084551091,0.));
#2786=CARTESIAN_POINT('Ctrl Pts',(17.9945923892881,9.00018084551091,5.5));
#2787=CARTESIAN_POINT('Ctrl Pts',(18.2727098800169,8.95829921346752,0.));
#2788=CARTESIAN_POINT('Ctrl Pts',(18.2727098800169,8.95829921346752,5.5));
#2789=CARTESIAN_POINT('Ctrl Pts',(18.8542570228373,8.8707241983627,0.));
#2790=CARTESIAN_POINT('Ctrl Pts',(18.8542570228373,8.8707241983627,5.5));
#2791=CARTESIAN_POINT('Ctrl Pts',(19.228000966449,8.41379119924074,0.));
#2792=CARTESIAN_POINT('Ctrl Pts',(19.228000966449,8.41379119924074,5.5));
#2793=CARTESIAN_POINT('Ctrl Pts',(19.4230066442887,8.1753805687967,0.));
#2794=CARTESIAN_POINT('Ctrl Pts',(19.4230066442887,8.1753805687967,5.5));
#2795=CARTESIAN_POINT('',(17.9945923892881,9.00018084551091,0.6));
#2796=CARTESIAN_POINT('Ctrl Pts',(19.4230066442887,8.1753805687967,0.6));
#2797=CARTESIAN_POINT('Ctrl Pts',(19.228000966449,8.41379119924074,0.6));
#2798=CARTESIAN_POINT('Ctrl Pts',(19.0329952886093,8.65220182968479,0.6));
#2799=CARTESIAN_POINT('Ctrl Pts',(18.7814180168897,8.79005977399275,0.6));
#2800=CARTESIAN_POINT('Ctrl Pts',(18.5508273707457,8.91641758142413,0.6));
#2801=CARTESIAN_POINT('Ctrl Pts',(18.2727098800169,8.95829921346752,0.6));
#2802=CARTESIAN_POINT('Ctrl Pts',(17.9945923892881,9.00018084551091,0.6));
#2803=CARTESIAN_POINT('',(17.9945923892881,9.00018084551091,0.));
#2804=CARTESIAN_POINT('Ctrl Pts',(17.9945923892881,9.00018084551091,0.));
#2805=CARTESIAN_POINT('Ctrl Pts',(18.2727098800169,8.95829921346752,0.));
#2806=CARTESIAN_POINT('Ctrl Pts',(18.8542570228373,8.8707241983627,0.));
#2807=CARTESIAN_POINT('Ctrl Pts',(19.228000966449,8.41379119924074,0.));
#2808=CARTESIAN_POINT('Ctrl Pts',(19.4230066442887,8.1753805687967,0.));
#2809=CARTESIAN_POINT('',(17.9945923892881,9.00018084551091,0.));
#2810=CARTESIAN_POINT('Ctrl Pts',(16.637499518245,8.29629985780256,0.));
#2811=CARTESIAN_POINT('Ctrl Pts',(16.637499518245,8.29629985780256,5.5));
#2812=CARTESIAN_POINT('Ctrl Pts',(16.8203597489632,8.50353505282768,0.));
#2813=CARTESIAN_POINT('Ctrl Pts',(16.8203597489632,8.50353505282768,5.5));
#2814=CARTESIAN_POINT('Ctrl Pts',(17.1822824538255,8.91370145167546,0.));
#2815=CARTESIAN_POINT('Ctrl Pts',(17.1822824538255,8.91370145167546,5.5));
#2816=CARTESIAN_POINT('Ctrl Pts',(17.7257232363791,8.97155674484498,0.));
#2817=CARTESIAN_POINT('Ctrl Pts',(17.7257232363791,8.97155674484498,5.5));
#2818=CARTESIAN_POINT('Ctrl Pts',(17.9945923892881,9.00018084551091,0.));
#2819=CARTESIAN_POINT('Ctrl Pts',(17.9945923892881,9.00018084551091,5.5));
#2820=CARTESIAN_POINT('',(16.637499518245,8.29629985780256,0.6));
#2821=CARTESIAN_POINT('Ctrl Pts',(17.9945923892881,9.00018084551091,0.6));
#2822=CARTESIAN_POINT('Ctrl Pts',(17.7257232363791,8.97155674484498,0.6));
#2823=CARTESIAN_POINT('Ctrl Pts',(17.4568540834701,8.94293264417904,0.6));
#2824=CARTESIAN_POINT('Ctrl Pts',(17.232417086594,8.82806951862515,0.6));
#2825=CARTESIAN_POINT('Ctrl Pts',(17.0032199796814,8.71077024785279,0.6));
#2826=CARTESIAN_POINT('Ctrl Pts',(16.8203597489632,8.50353505282768,0.6));
#2827=CARTESIAN_POINT('Ctrl Pts',(16.637499518245,8.29629985780256,0.6));
#2828=CARTESIAN_POINT('',(16.637499518245,8.29629985780256,0.));
#2829=CARTESIAN_POINT('Ctrl Pts',(16.637499518245,8.29629985780256,0.));
#2830=CARTESIAN_POINT('Ctrl Pts',(16.8203597489632,8.50353505282768,0.));
#2831=CARTESIAN_POINT('Ctrl Pts',(17.1822824538255,8.91370145167546,0.));
#2832=CARTESIAN_POINT('Ctrl Pts',(17.7257232363791,8.97155674484498,0.));
#2833=CARTESIAN_POINT('Ctrl Pts',(17.9945923892881,9.00018084551091,0.));
#2834=CARTESIAN_POINT('',(16.637499518245,8.29629985780256,0.));
#2835=CARTESIAN_POINT('Ctrl Pts',(15.9723374298588,4.92569362067297,0.));
#2836=CARTESIAN_POINT('Ctrl Pts',(15.9723374298588,4.92569362067297,5.5));
#2837=CARTESIAN_POINT('Ctrl Pts',(15.9759681196743,5.62954315300284,0.));
#2838=CARTESIAN_POINT('Ctrl Pts',(15.9759681196743,5.62954315300284,5.5));
#2839=CARTESIAN_POINT('Ctrl Pts',(15.9820154358392,6.80188253501723,0.));
#2840=CARTESIAN_POINT('Ctrl Pts',(15.9820154358392,6.80188253501723,5.5));
#2841=CARTESIAN_POINT('Ctrl Pts',(16.4503455882051,7.86961356200032,0.));
#2842=CARTESIAN_POINT('Ctrl Pts',(16.4503455882051,7.86961356200032,5.5));
#2843=CARTESIAN_POINT('Ctrl Pts',(16.637499518245,8.29629985780256,0.));
#2844=CARTESIAN_POINT('Ctrl Pts',(16.637499518245,8.29629985780256,5.5));
#2845=CARTESIAN_POINT('',(15.9723374298588,4.92569362067297,0.6));
#2846=CARTESIAN_POINT('Ctrl Pts',(16.637499518245,8.29629985780256,0.6));
#2847=CARTESIAN_POINT('Ctrl Pts',(16.4503455882051,7.86961356200032,0.6));
#2848=CARTESIAN_POINT('Ctrl Pts',(16.2631916581651,7.44292726619808,0.6));
#2849=CARTESIAN_POINT('Ctrl Pts',(16.1498623841632,6.99953544896148,0.6));
#2850=CARTESIAN_POINT('Ctrl Pts',(15.9795988094897,6.33339268533271,0.6));
#2851=CARTESIAN_POINT('Ctrl Pts',(15.9759681196743,5.62954315300284,0.6));
#2852=CARTESIAN_POINT('Ctrl Pts',(15.9723374298588,4.92569362067297,0.6));
#2853=CARTESIAN_POINT('',(15.9723374298588,4.92569362067297,0.));
#2854=CARTESIAN_POINT('Ctrl Pts',(15.9723374298588,4.92569362067297,0.));
#2855=CARTESIAN_POINT('Ctrl Pts',(15.9759681196743,5.62954315300284,0.));
#2856=CARTESIAN_POINT('Ctrl Pts',(15.9820154358392,6.80188253501723,0.));
#2857=CARTESIAN_POINT('Ctrl Pts',(16.4503455882051,7.86961356200032,0.));
#2858=CARTESIAN_POINT('Ctrl Pts',(16.637499518245,8.29629985780256,0.));
#2859=CARTESIAN_POINT('',(15.9723374298588,4.92569362067297,0.));
#2860=CARTESIAN_POINT('Ctrl Pts',(16.5188051916427,1.64294469459551,0.));
#2861=CARTESIAN_POINT('Ctrl Pts',(16.5188051916427,1.64294469459551,5.5));
#2862=CARTESIAN_POINT('Ctrl Pts',(16.356369283369,2.04886787825319,0.));
#2863=CARTESIAN_POINT('Ctrl Pts',(16.356369283369,2.04886787825319,5.5));
#2864=CARTESIAN_POINT('Ctrl Pts',(15.9372506292677,3.09623468409767,0.));
#2865=CARTESIAN_POINT('Ctrl Pts',(15.9372506292677,3.09623468409767,5.5));
#2866=CARTESIAN_POINT('Ctrl Pts',(15.9590107686252,4.23082891150199,0.));
#2867=CARTESIAN_POINT('Ctrl Pts',(15.9590107686252,4.23082891150199,5.5));
#2868=CARTESIAN_POINT('Ctrl Pts',(15.9723374298588,4.92569362067297,0.));
#2869=CARTESIAN_POINT('Ctrl Pts',(15.9723374298588,4.92569362067297,5.5));
#2870=CARTESIAN_POINT('',(16.5188051916427,1.64294469459551,0.6));
#2871=CARTESIAN_POINT('Ctrl Pts',(15.9723374298588,4.92569362067297,0.6));
#2872=CARTESIAN_POINT('Ctrl Pts',(15.9590107686252,4.23082891150199,0.6));
#2873=CARTESIAN_POINT('Ctrl Pts',(15.9456841073917,3.53596420233101,0.6));
#2874=CARTESIAN_POINT('Ctrl Pts',(16.0977205368378,2.8738164127197,0.6));
#2875=CARTESIAN_POINT('Ctrl Pts',(16.1939333750953,2.45479106191086,0.6));
#2876=CARTESIAN_POINT('Ctrl Pts',(16.356369283369,2.04886787825319,0.6));
#2877=CARTESIAN_POINT('Ctrl Pts',(16.5188051916427,1.64294469459551,0.6));
#2878=CARTESIAN_POINT('',(16.5188051916427,1.64294469459551,0.));
#2879=CARTESIAN_POINT('Ctrl Pts',(16.5188051916427,1.64294469459551,0.));
#2880=CARTESIAN_POINT('Ctrl Pts',(16.356369283369,2.04886787825319,0.));
#2881=CARTESIAN_POINT('Ctrl Pts',(15.9372506292677,3.09623468409767,0.));
#2882=CARTESIAN_POINT('Ctrl Pts',(15.9590107686252,4.23082891150199,0.));
#2883=CARTESIAN_POINT('Ctrl Pts',(15.9723374298588,4.92569362067297,0.));
#2884=CARTESIAN_POINT('',(16.5188051916427,1.64294469459551,0.));
#2885=CARTESIAN_POINT('Ctrl Pts',(17.9335453862487,0.814857875864616,0.));
#2886=CARTESIAN_POINT('Ctrl Pts',(17.9335453862487,0.814857875864616,5.5));
#2887=CARTESIAN_POINT('Ctrl Pts',(17.6589803096361,0.857530383293528,0.));
#2888=CARTESIAN_POINT('Ctrl Pts',(17.6589803096361,0.857530383293528,5.5));
#2889=CARTESIAN_POINT('Ctrl Pts',(17.0815015815968,0.947281292681983,0.));
#2890=CARTESIAN_POINT('Ctrl Pts',(17.0815015815968,0.947281292681983,5.5));
#2891=CARTESIAN_POINT('Ctrl Pts',(16.7124102501383,1.40359012252919,0.));
#2892=CARTESIAN_POINT('Ctrl Pts',(16.7124102501383,1.40359012252919,5.5));
#2893=CARTESIAN_POINT('Ctrl Pts',(16.5188051916427,1.64294469459551,0.));
#2894=CARTESIAN_POINT('Ctrl Pts',(16.5188051916427,1.64294469459551,5.5));
#2895=CARTESIAN_POINT('',(17.9335453862487,0.814857875864616,0.6));
#2896=CARTESIAN_POINT('Ctrl Pts',(16.5188051916427,1.64294469459551,0.6));
#2897=CARTESIAN_POINT('Ctrl Pts',(16.7124102501383,1.40359012252919,0.6));
#2898=CARTESIAN_POINT('Ctrl Pts',(16.9060153086339,1.16423555046287,0.6));
#2899=CARTESIAN_POINT('Ctrl Pts',(17.1569576566423,1.02573850602727,0.6));
#2900=CARTESIAN_POINT('Ctrl Pts',(17.3844152330234,0.900202890722437,0.6));
#2901=CARTESIAN_POINT('Ctrl Pts',(17.6589803096361,0.857530383293528,0.6));
#2902=CARTESIAN_POINT('Ctrl Pts',(17.9335453862487,0.814857875864616,0.6));
#2903=CARTESIAN_POINT('',(17.9335453862487,0.814857875864616,0.));
#2904=CARTESIAN_POINT('Ctrl Pts',(17.9335453862487,0.814857875864616,0.));
#2905=CARTESIAN_POINT('Ctrl Pts',(17.6589803096361,0.857530383293528,0.));
#2906=CARTESIAN_POINT('Ctrl Pts',(17.0815015815968,0.947281292681983,0.));
#2907=CARTESIAN_POINT('Ctrl Pts',(16.7124102501383,1.40359012252919,0.));
#2908=CARTESIAN_POINT('Ctrl Pts',(16.5188051916427,1.64294469459551,0.));
#2909=CARTESIAN_POINT('',(17.9335453862487,0.814857875864616,0.));
#2910=CARTESIAN_POINT('Ctrl Pts',(19.3631934067623,1.62040078542293,0.));
#2911=CARTESIAN_POINT('Ctrl Pts',(19.3631934067623,1.62040078542293,5.5));
#2912=CARTESIAN_POINT('Ctrl Pts',(19.1653877437146,1.38362979691026,0.));
#2913=CARTESIAN_POINT('Ctrl Pts',(19.1653877437146,1.38362979691026,5.5));
#2914=CARTESIAN_POINT('Ctrl Pts',(18.7885958631391,0.932614468770292,0.));
#2915=CARTESIAN_POINT('Ctrl Pts',(18.7885958631391,0.932614468770292,5.5));
#2916=CARTESIAN_POINT('Ctrl Pts',(18.2089111323553,0.852780937649662,0.));
#2917=CARTESIAN_POINT('Ctrl Pts',(18.2089111323553,0.852780937649662,5.5));
#2918=CARTESIAN_POINT('Ctrl Pts',(17.9335453862487,0.814857875864616,0.));
#2919=CARTESIAN_POINT('Ctrl Pts',(17.9335453862487,0.814857875864616,5.5));
#2920=CARTESIAN_POINT('',(19.3631934067623,1.62040078542293,0.6));
#2921=CARTESIAN_POINT('Ctrl Pts',(17.9335453862487,0.814857875864616,0.6));
#2922=CARTESIAN_POINT('Ctrl Pts',(18.2089111323553,0.852780937649662,0.6));
#2923=CARTESIAN_POINT('Ctrl Pts',(18.4842768784619,0.890703999434708,0.6));
#2924=CARTESIAN_POINT('Ctrl Pts',(18.7138597716019,1.01238438248275,0.6));
#2925=CARTESIAN_POINT('Ctrl Pts',(18.9675820806668,1.14685880839759,0.6));
#2926=CARTESIAN_POINT('Ctrl Pts',(19.1653877437146,1.38362979691026,0.6));
#2927=CARTESIAN_POINT('Ctrl Pts',(19.3631934067623,1.62040078542293,0.6));
#2928=CARTESIAN_POINT('',(19.3631934067623,1.62040078542293,0.));
#2929=CARTESIAN_POINT('Ctrl Pts',(19.3631934067623,1.62040078542293,0.));
#2930=CARTESIAN_POINT('Ctrl Pts',(19.1653877437146,1.38362979691026,0.));
#2931=CARTESIAN_POINT('Ctrl Pts',(18.7885958631391,0.932614468770292,0.));
#2932=CARTESIAN_POINT('Ctrl Pts',(18.2089111323553,0.852780937649662,0.));
#2933=CARTESIAN_POINT('Ctrl Pts',(17.9335453862487,0.814857875864616,0.));
#2934=CARTESIAN_POINT('',(19.3631934067623,1.62040078542293,0.));
#2935=CARTESIAN_POINT('Ctrl Pts',(19.9694432809032,4.88922061090211,0.));
#2936=CARTESIAN_POINT('Ctrl Pts',(19.9694432809032,4.88922061090211,5.5));
#2937=CARTESIAN_POINT('Ctrl Pts',(19.9698567920255,4.19570428390796,0.));
#2938=CARTESIAN_POINT('Ctrl Pts',(19.9698567920255,4.19570428390796,5.5));
#2939=CARTESIAN_POINT('Ctrl Pts',(19.9705326888544,3.06213021292745,0.));
#2940=CARTESIAN_POINT('Ctrl Pts',(19.9705326888544,3.06213021292745,5.5));
#2941=CARTESIAN_POINT('Ctrl Pts',(19.5330325977152,2.02357273026553,0.));
#2942=CARTESIAN_POINT('Ctrl Pts',(19.5330325977152,2.02357273026553,5.5));
#2943=CARTESIAN_POINT('Ctrl Pts',(19.3631934067623,1.62040078542293,0.));
#2944=CARTESIAN_POINT('Ctrl Pts',(19.3631934067623,1.62040078542293,5.5));
#2945=CARTESIAN_POINT('Ctrl Pts',(19.3631934067623,1.62040078542293,0.6));
#2946=CARTESIAN_POINT('Ctrl Pts',(19.5330325977152,2.02357273026553,0.6));
#2947=CARTESIAN_POINT('Ctrl Pts',(19.7028717886681,2.42674467510813,0.6));
#2948=CARTESIAN_POINT('Ctrl Pts',(19.8066769038693,2.8442358267603,0.6));
#2949=CARTESIAN_POINT('Ctrl Pts',(19.9702703031477,3.50218795691381,0.6));
#2950=CARTESIAN_POINT('Ctrl Pts',(19.9698567920255,4.19570428390796,0.6));
#2951=CARTESIAN_POINT('Ctrl Pts',(19.9694432809032,4.88922061090211,0.6));
#2952=CARTESIAN_POINT('Ctrl Pts',(19.9694432809032,4.88922061090211,0.));
#2953=CARTESIAN_POINT('Ctrl Pts',(19.9698567920255,4.19570428390796,0.));
#2954=CARTESIAN_POINT('Ctrl Pts',(19.9705326888544,3.06213021292745,0.));
#2955=CARTESIAN_POINT('Ctrl Pts',(19.5330325977152,2.02357273026553,0.));
#2956=CARTESIAN_POINT('Ctrl Pts',(19.3631934067623,1.62040078542293,0.));
#2957=CARTESIAN_POINT('Origin',(11.2470805187714,1.05776542300557,0.6));
#2958=CARTESIAN_POINT('Origin',(-20.7529194812286,1.05776542300557,0.));
#2959=CARTESIAN_POINT('Ctrl Pts',(19.4230066442887,8.1753805687967,0.));
#2960=CARTESIAN_POINT('Ctrl Pts',(19.4230066442887,8.1753805687967,0.66));
#2961=CARTESIAN_POINT('Ctrl Pts',(19.5854246632781,7.76973827043146,0.));
#2962=CARTESIAN_POINT('Ctrl Pts',(19.5854246632781,7.76973827043146,0.66));
#2963=CARTESIAN_POINT('Ctrl Pts',(20.0051871753259,6.72137287837617,0.));
#2964=CARTESIAN_POINT('Ctrl Pts',(20.0051871753259,6.72137287837617,0.66));
#2965=CARTESIAN_POINT('Ctrl Pts',(19.9830282745907,5.5855570731205,0.));
#2966=CARTESIAN_POINT('Ctrl Pts',(19.9830282745907,5.5855570731205,0.66));
#2967=CARTESIAN_POINT('Ctrl Pts',(19.9694432809032,4.88922061090211,0.));
#2968=CARTESIAN_POINT('Ctrl Pts',(19.9694432809032,4.88922061090211,0.66));
#2969=CARTESIAN_POINT('',(19.9694432809032,4.88922061090211,0.6));
#2970=CARTESIAN_POINT('',(19.4230066442887,8.1753805687967,0.6));
#2971=CARTESIAN_POINT('Ctrl Pts',(19.9694432809032,4.88922061090211,0.6));
#2972=CARTESIAN_POINT('Ctrl Pts',(19.9830282745907,5.5855570731205,0.6));
#2973=CARTESIAN_POINT('Ctrl Pts',(19.9966132682782,6.2818935353389,0.6));
#2974=CARTESIAN_POINT('Ctrl Pts',(19.844099076307,6.94536116161057,0.6));
#2975=CARTESIAN_POINT('Ctrl Pts',(19.7478426822674,7.36409597206622,0.6));
#2976=CARTESIAN_POINT('Ctrl Pts',(19.5854246632781,7.76973827043146,0.6));
#2977=CARTESIAN_POINT('Ctrl Pts',(19.4230066442887,8.1753805687967,0.6));
#2978=CARTESIAN_POINT('',(19.4230066442887,8.1753805687967,0.));
#2979=CARTESIAN_POINT('',(19.4230066442887,8.1753805687967,0.));
#2980=CARTESIAN_POINT('',(19.9694432809032,4.88922061090211,0.));
#2981=CARTESIAN_POINT('Ctrl Pts',(19.9694432809032,4.88922061090211,0.));
#2982=CARTESIAN_POINT('Ctrl Pts',(19.9830282745907,5.5855570731205,0.));
#2983=CARTESIAN_POINT('Ctrl Pts',(20.0051871753259,6.72137287837617,0.));
#2984=CARTESIAN_POINT('Ctrl Pts',(19.5854246632781,7.76973827043146,0.));
#2985=CARTESIAN_POINT('Ctrl Pts',(19.4230066442887,8.1753805687967,0.));
#2986=CARTESIAN_POINT('',(19.9694432809032,4.88922061090211,0.));
#2987=CARTESIAN_POINT('Ctrl Pts',(17.9945923892881,9.00018084551091,0.));
#2988=CARTESIAN_POINT('Ctrl Pts',(17.9945923892881,9.00018084551091,0.66));
#2989=CARTESIAN_POINT('Ctrl Pts',(18.2727098800169,8.95829921346752,0.));
#2990=CARTESIAN_POINT('Ctrl Pts',(18.2727098800169,8.95829921346752,0.66));
#2991=CARTESIAN_POINT('Ctrl Pts',(18.8542570228373,8.8707241983627,0.));
#2992=CARTESIAN_POINT('Ctrl Pts',(18.8542570228373,8.8707241983627,0.66));
#2993=CARTESIAN_POINT('Ctrl Pts',(19.228000966449,8.41379119924074,0.));
#2994=CARTESIAN_POINT('Ctrl Pts',(19.228000966449,8.41379119924074,0.66));
#2995=CARTESIAN_POINT('Ctrl Pts',(19.4230066442887,8.1753805687967,0.));
#2996=CARTESIAN_POINT('Ctrl Pts',(19.4230066442887,8.1753805687967,0.66));
#2997=CARTESIAN_POINT('',(17.9945923892881,9.00018084551091,0.6));
#2998=CARTESIAN_POINT('Ctrl Pts',(19.4230066442887,8.1753805687967,0.6));
#2999=CARTESIAN_POINT('Ctrl Pts',(19.2361346724828,8.40384706835769,0.6));
#3000=CARTESIAN_POINT('Ctrl Pts',(19.049262700677,8.63231356791866,0.6));
#3001=CARTESIAN_POINT('Ctrl Pts',(18.5751260325316,8.91275845301262,0.6));
#3002=CARTESIAN_POINT('Ctrl Pts',(18.3057696966783,8.95332074529133,0.6));
#3003=CARTESIAN_POINT('Ctrl Pts',(17.9945923892881,9.00018084551091,0.6));
#3004=CARTESIAN_POINT('',(17.9945923892881,9.00018084551091,0.));
#3005=CARTESIAN_POINT('',(17.9945923892881,9.00018084551091,0.));
#3006=CARTESIAN_POINT('Ctrl Pts',(19.4230066442887,8.1753805687967,0.));
#3007=CARTESIAN_POINT('Ctrl Pts',(19.228000966449,8.41379119924074,0.));
#3008=CARTESIAN_POINT('Ctrl Pts',(18.8542570228373,8.8707241983627,0.));
#3009=CARTESIAN_POINT('Ctrl Pts',(18.2727098800169,8.95829921346752,0.));
#3010=CARTESIAN_POINT('Ctrl Pts',(17.9945923892881,9.00018084551091,0.));
#3011=CARTESIAN_POINT('Ctrl Pts',(16.637499518245,8.29629985780256,0.));
#3012=CARTESIAN_POINT('Ctrl Pts',(16.637499518245,8.29629985780256,0.66));
#3013=CARTESIAN_POINT('Ctrl Pts',(16.8203597489632,8.50353505282768,0.));
#3014=CARTESIAN_POINT('Ctrl Pts',(16.8203597489632,8.50353505282768,0.66));
#3015=CARTESIAN_POINT('Ctrl Pts',(17.1822824538255,8.91370145167546,0.));
#3016=CARTESIAN_POINT('Ctrl Pts',(17.1822824538255,8.91370145167546,0.66));
#3017=CARTESIAN_POINT('Ctrl Pts',(17.7257232363791,8.97155674484498,0.));
#3018=CARTESIAN_POINT('Ctrl Pts',(17.7257232363791,8.97155674484498,0.66));
#3019=CARTESIAN_POINT('Ctrl Pts',(17.9945923892881,9.00018084551091,0.));
#3020=CARTESIAN_POINT('Ctrl Pts',(17.9945923892881,9.00018084551091,0.66));
#3021=CARTESIAN_POINT('',(16.637499518245,8.29629985780256,0.6));
#3022=CARTESIAN_POINT('Ctrl Pts',(17.9945923892881,9.00018084551091,0.6));
#3023=CARTESIAN_POINT('Ctrl Pts',(17.7257232363791,8.97155674484498,0.6));
#3024=CARTESIAN_POINT('Ctrl Pts',(17.4568540834701,8.94293264417904,0.6));
#3025=CARTESIAN_POINT('Ctrl Pts',(17.232417086594,8.82806951862515,0.6));
#3026=CARTESIAN_POINT('Ctrl Pts',(17.0032199796814,8.71077024785279,0.6));
#3027=CARTESIAN_POINT('Ctrl Pts',(16.8203597489632,8.50353505282768,0.6));
#3028=CARTESIAN_POINT('Ctrl Pts',(16.637499518245,8.29629985780256,0.6));
#3029=CARTESIAN_POINT('',(16.637499518245,8.29629985780256,0.));
#3030=CARTESIAN_POINT('',(16.637499518245,8.29629985780256,0.));
#3031=CARTESIAN_POINT('Ctrl Pts',(17.9945923892881,9.00018084551091,0.));
#3032=CARTESIAN_POINT('Ctrl Pts',(17.7257232363791,8.97155674484498,0.));
#3033=CARTESIAN_POINT('Ctrl Pts',(17.1822824538255,8.91370145167546,0.));
#3034=CARTESIAN_POINT('Ctrl Pts',(16.8203597489632,8.50353505282768,0.));
#3035=CARTESIAN_POINT('Ctrl Pts',(16.637499518245,8.29629985780256,0.));
#3036=CARTESIAN_POINT('Ctrl Pts',(15.9723374298588,4.92569362067297,0.));
#3037=CARTESIAN_POINT('Ctrl Pts',(15.9723374298588,4.92569362067297,0.66));
#3038=CARTESIAN_POINT('Ctrl Pts',(15.9759681196743,5.62954315300284,0.));
#3039=CARTESIAN_POINT('Ctrl Pts',(15.9759681196743,5.62954315300284,0.66));
#3040=CARTESIAN_POINT('Ctrl Pts',(15.9820154358392,6.80188253501723,0.));
#3041=CARTESIAN_POINT('Ctrl Pts',(15.9820154358392,6.80188253501723,0.66));
#3042=CARTESIAN_POINT('Ctrl Pts',(16.4503455882051,7.86961356200032,0.));
#3043=CARTESIAN_POINT('Ctrl Pts',(16.4503455882051,7.86961356200032,0.66));
#3044=CARTESIAN_POINT('Ctrl Pts',(16.637499518245,8.29629985780256,0.));
#3045=CARTESIAN_POINT('Ctrl Pts',(16.637499518245,8.29629985780256,0.66));
#3046=CARTESIAN_POINT('',(15.9723374298588,4.92569362067297,0.6));
#3047=CARTESIAN_POINT('Ctrl Pts',(16.637499518245,8.29629985780256,0.6));
#3048=CARTESIAN_POINT('Ctrl Pts',(16.4503455882051,7.86961356200032,0.6));
#3049=CARTESIAN_POINT('Ctrl Pts',(16.2631916581651,7.44292726619808,0.6));
#3050=CARTESIAN_POINT('Ctrl Pts',(16.1498623841632,6.99953544896148,0.6));
#3051=CARTESIAN_POINT('Ctrl Pts',(15.9795988094897,6.33339268533271,0.6));
#3052=CARTESIAN_POINT('Ctrl Pts',(15.9759681196743,5.62954315300284,0.6));
#3053=CARTESIAN_POINT('Ctrl Pts',(15.9723374298588,4.92569362067297,0.6));
#3054=CARTESIAN_POINT('',(15.9723374298588,4.92569362067297,0.));
#3055=CARTESIAN_POINT('',(15.9723374298588,4.92569362067297,0.));
#3056=CARTESIAN_POINT('Ctrl Pts',(16.637499518245,8.29629985780256,0.));
#3057=CARTESIAN_POINT('Ctrl Pts',(16.4503455882051,7.86961356200032,0.));
#3058=CARTESIAN_POINT('Ctrl Pts',(15.9820154358392,6.80188253501723,0.));
#3059=CARTESIAN_POINT('Ctrl Pts',(15.9759681196743,5.62954315300284,0.));
#3060=CARTESIAN_POINT('Ctrl Pts',(15.9723374298588,4.92569362067297,0.));
#3061=CARTESIAN_POINT('Ctrl Pts',(21.231327174058,4.87770610383628,0.));
#3062=CARTESIAN_POINT('Ctrl Pts',(21.231327174058,4.87770610383628,0.66));
#3063=CARTESIAN_POINT('Ctrl Pts',(21.2316084965658,5.32406413878552,0.));
#3064=CARTESIAN_POINT('Ctrl Pts',(21.2316084965658,5.32406413878552,0.66));
#3065=CARTESIAN_POINT('Ctrl Pts',(21.2321094926347,6.11896541604903,0.));
#3066=CARTESIAN_POINT('Ctrl Pts',(21.2321094926347,6.11896541604903,0.66));
#3067=CARTESIAN_POINT('Ctrl Pts',(21.0900781907374,6.9005374359998,0.));
#3068=CARTESIAN_POINT('Ctrl Pts',(21.0900781907374,6.9005374359998,0.66));
#3069=CARTESIAN_POINT('Ctrl Pts',(21.0278012113321,7.24323615057923,0.));
#3070=CARTESIAN_POINT('Ctrl Pts',(21.0278012113321,7.24323615057923,0.66));
#3071=CARTESIAN_POINT('',(21.0278012113321,7.24323615057923,0.6));
#3072=CARTESIAN_POINT('',(21.231327174058,4.87770610383628,0.6));
#3073=CARTESIAN_POINT('Ctrl Pts',(21.0278012113321,7.24323615057923,0.6));
#3074=CARTESIAN_POINT('Ctrl Pts',(21.0900781907374,6.9005374359998,0.6));
#3075=CARTESIAN_POINT('Ctrl Pts',(21.1523551701427,6.55783872142037,0.6));
#3076=CARTESIAN_POINT('Ctrl Pts',(21.187229015748,6.21257733559513,0.6));
#3077=CARTESIAN_POINT('Ctrl Pts',(21.2318898190737,5.77042217373476,0.6));
#3078=CARTESIAN_POINT('Ctrl Pts',(21.2316084965658,5.32406413878552,0.6));
#3079=CARTESIAN_POINT('Ctrl Pts',(21.231327174058,4.87770610383628,0.6));
#3080=CARTESIAN_POINT('',(21.231327174058,4.87770610383628,0.));
#3081=CARTESIAN_POINT('',(21.231327174058,4.87770610383628,0.));
#3082=CARTESIAN_POINT('',(21.0278012113321,7.24323615057923,0.));
#3083=CARTESIAN_POINT('Ctrl Pts',(21.0278012113321,7.24323615057923,0.));
#3084=CARTESIAN_POINT('Ctrl Pts',(21.0900781907374,6.9005374359998,0.));
#3085=CARTESIAN_POINT('Ctrl Pts',(21.2321094926347,6.11896541604903,0.));
#3086=CARTESIAN_POINT('Ctrl Pts',(21.2316084965658,5.32406413878552,0.));
#3087=CARTESIAN_POINT('Ctrl Pts',(21.231327174058,4.87770610383628,0.));
#3088=CARTESIAN_POINT('',(21.0278012113321,7.24323615057923,0.));
#3089=CARTESIAN_POINT('Ctrl Pts',(20.8438917997206,2.0400587861163,0.));
#3090=CARTESIAN_POINT('Ctrl Pts',(20.8438917997206,2.0400587861163,0.66));
#3091=CARTESIAN_POINT('Ctrl Pts',(20.9527971736431,2.45402920680128,0.));
#3092=CARTESIAN_POINT('Ctrl Pts',(20.9527971736431,2.45402920680128,0.66));
#3093=CARTESIAN_POINT('Ctrl Pts',(21.1972299793653,3.38316564671685,0.));
#3094=CARTESIAN_POINT('Ctrl Pts',(21.1972299793653,3.38316564671685,0.66));
#3095=CARTESIAN_POINT('Ctrl Pts',(21.2191650982091,4.34462077049934,0.));
#3096=CARTESIAN_POINT('Ctrl Pts',(21.2191650982091,4.34462077049934,0.66));
#3097=CARTESIAN_POINT('Ctrl Pts',(21.231327174058,4.87770610383628,0.));
#3098=CARTESIAN_POINT('Ctrl Pts',(21.231327174058,4.87770610383628,0.66));
#3099=CARTESIAN_POINT('',(20.8438917997206,2.0400587861163,0.6));
#3100=CARTESIAN_POINT('Ctrl Pts',(21.231327174058,4.87770610383628,0.6));
#3101=CARTESIAN_POINT('Ctrl Pts',(21.2191650982091,4.34462077049934,0.6));
#3102=CARTESIAN_POINT('Ctrl Pts',(21.2070030223603,3.81153543716241,0.6));
#3103=CARTESIAN_POINT('Ctrl Pts',(21.1264401857557,3.28838558942148,0.6));
#3104=CARTESIAN_POINT('Ctrl Pts',(21.0617025475656,2.86799962748626,0.6));
#3105=CARTESIAN_POINT('Ctrl Pts',(20.9527971736431,2.45402920680128,0.6));
#3106=CARTESIAN_POINT('Ctrl Pts',(20.8438917997206,2.0400587861163,0.6));
#3107=CARTESIAN_POINT('',(20.8438917997206,2.0400587861163,0.));
#3108=CARTESIAN_POINT('',(20.8438917997206,2.0400587861163,0.));
#3109=CARTESIAN_POINT('Ctrl Pts',(21.231327174058,4.87770610383628,0.));
#3110=CARTESIAN_POINT('Ctrl Pts',(21.2191650982091,4.34462077049934,0.));
#3111=CARTESIAN_POINT('Ctrl Pts',(21.1972299793653,3.38316564671685,0.));
#3112=CARTESIAN_POINT('Ctrl Pts',(20.9527971736431,2.45402920680128,0.));
#3113=CARTESIAN_POINT('Ctrl Pts',(20.8438917997206,2.0400587861163,0.));
#3114=CARTESIAN_POINT('Ctrl Pts',(19.747514442349,0.378779988799691,0.));
#3115=CARTESIAN_POINT('Ctrl Pts',(19.747514442349,0.378779988799691,0.66));
#3116=CARTESIAN_POINT('Ctrl Pts',(19.9773473408239,0.602627973866754,0.));
#3117=CARTESIAN_POINT('Ctrl Pts',(19.9773473408239,0.602627973866754,0.66));
#3118=CARTESIAN_POINT('Ctrl Pts',(20.4630613691874,1.07569387213214,0.));
#3119=CARTESIAN_POINT('Ctrl Pts',(20.4630613691874,1.07569387213214,0.66));
#3120=CARTESIAN_POINT('Ctrl Pts',(20.7124894843516,1.70731283831807,0.));
#3121=CARTESIAN_POINT('Ctrl Pts',(20.7124894843516,1.70731283831807,0.66));
#3122=CARTESIAN_POINT('Ctrl Pts',(20.8438917997206,2.0400587861163,0.));
#3123=CARTESIAN_POINT('Ctrl Pts',(20.8438917997206,2.0400587861163,0.66));
#3124=CARTESIAN_POINT('',(19.747514442349,0.378779988799691,0.6));
#3125=CARTESIAN_POINT('Ctrl Pts',(20.8438917997206,2.0400587861163,0.6));
#3126=CARTESIAN_POINT('Ctrl Pts',(20.7124894843516,1.70731283831807,0.6));
#3127=CARTESIAN_POINT('Ctrl Pts',(20.5810871689825,1.37456689051984,0.6));
#3128=CARTESIAN_POINT('Ctrl Pts',(20.3841076253548,1.0858247116529,0.6));
#3129=CARTESIAN_POINT('Ctrl Pts',(20.2071802392988,0.826475958933819,0.6));
#3130=CARTESIAN_POINT('Ctrl Pts',(19.9773473408239,0.602627973866754,0.6));
#3131=CARTESIAN_POINT('Ctrl Pts',(19.747514442349,0.378779988799691,0.6));
#3132=CARTESIAN_POINT('',(19.747514442349,0.378779988799691,0.));
#3133=CARTESIAN_POINT('',(19.747514442349,0.378779988799691,0.));
#3134=CARTESIAN_POINT('Ctrl Pts',(20.8438917997206,2.0400587861163,0.));
#3135=CARTESIAN_POINT('Ctrl Pts',(20.7124894843516,1.70731283831807,0.));
#3136=CARTESIAN_POINT('Ctrl Pts',(20.4630613691874,1.07569387213214,0.));
#3137=CARTESIAN_POINT('Ctrl Pts',(19.9773473408239,0.602627973866754,0.));
#3138=CARTESIAN_POINT('Ctrl Pts',(19.747514442349,0.378779988799691,0.));
#3139=CARTESIAN_POINT('Ctrl Pts',(17.9243337718942,-0.194650192293793,0.));
#3140=CARTESIAN_POINT('Ctrl Pts',(17.9243337718942,-0.194650192293793,0.66));
#3141=CARTESIAN_POINT('Ctrl Pts',(18.2688105234695,-0.177959594710395,0.));
#3142=CARTESIAN_POINT('Ctrl Pts',(18.2688105234695,-0.177959594710395,0.66));
#3143=CARTESIAN_POINT('Ctrl Pts',(18.9280173882216,-0.14601968453219,0.));
#3144=CARTESIAN_POINT('Ctrl Pts',(18.9280173882216,-0.14601968453219,0.66));
#3145=CARTESIAN_POINT('Ctrl Pts',(19.4826919677551,0.209189692583422,0.));
#3146=CARTESIAN_POINT('Ctrl Pts',(19.4826919677551,0.209189692583422,0.66));
#3147=CARTESIAN_POINT('Ctrl Pts',(19.747514442349,0.378779988799691,0.));
#3148=CARTESIAN_POINT('Ctrl Pts',(19.747514442349,0.378779988799691,0.66));
#3149=CARTESIAN_POINT('',(17.9243337718942,-0.194650192293793,0.6));
#3150=CARTESIAN_POINT('Ctrl Pts',(19.747514442349,0.378779988799691,0.6));
#3151=CARTESIAN_POINT('Ctrl Pts',(19.4826919677551,0.209189692583422,0.6));
#3152=CARTESIAN_POINT('Ctrl Pts',(19.2178694931612,0.0395993963671564,0.6));
#3153=CARTESIAN_POINT('Ctrl Pts',(18.9292192376695,-0.0563027181259289,
0.6));
#3154=CARTESIAN_POINT('Ctrl Pts',(18.6132872750447,-0.161268997126997,0.6));
#3155=CARTESIAN_POINT('Ctrl Pts',(18.2688105234695,-0.177959594710395,0.6));
#3156=CARTESIAN_POINT('Ctrl Pts',(17.9243337718942,-0.194650192293793,0.6));
#3157=CARTESIAN_POINT('',(17.9243337718942,-0.194650192293793,0.));
#3158=CARTESIAN_POINT('',(17.9243337718942,-0.194650192293793,0.));
#3159=CARTESIAN_POINT('Ctrl Pts',(19.747514442349,0.378779988799691,0.));
#3160=CARTESIAN_POINT('Ctrl Pts',(19.4826919677551,0.209189692583422,0.));
#3161=CARTESIAN_POINT('Ctrl Pts',(18.9280173882216,-0.14601968453219,0.));
#3162=CARTESIAN_POINT('Ctrl Pts',(18.2688105234695,-0.177959594710395,0.));
#3163=CARTESIAN_POINT('Ctrl Pts',(17.9243337718942,-0.194650192293793,0.));
#3164=CARTESIAN_POINT('Ctrl Pts',(15.6624012016159,0.862868686569329,0.));
#3165=CARTESIAN_POINT('Ctrl Pts',(15.6624012016159,0.862868686569329,0.66));
#3166=CARTESIAN_POINT('Ctrl Pts',(15.9664689396818,0.557725825308222,0.));
#3167=CARTESIAN_POINT('Ctrl Pts',(15.9664689396818,0.557725825308222,0.66));
#3168=CARTESIAN_POINT('Ctrl Pts',(16.590449193842,-0.0684606992339631,0.));
#3169=CARTESIAN_POINT('Ctrl Pts',(16.590449193842,-0.0684606992339631,0.66));
#3170=CARTESIAN_POINT('Ctrl Pts',(17.4722417705655,-0.151880929193546,0.));
#3171=CARTESIAN_POINT('Ctrl Pts',(17.4722417705655,-0.151880929193546,0.66));
#3172=CARTESIAN_POINT('Ctrl Pts',(17.9243337718942,-0.194650192293793,0.));
#3173=CARTESIAN_POINT('Ctrl Pts',(17.9243337718942,-0.194650192293793,0.66));
#3174=CARTESIAN_POINT('',(15.6624012016159,0.862868686569329,0.6));
#3175=CARTESIAN_POINT('Ctrl Pts',(17.9243337718942,-0.194650192293793,0.6));
#3176=CARTESIAN_POINT('Ctrl Pts',(17.4722417705655,-0.151880929193546,0.6));
#3177=CARTESIAN_POINT('Ctrl Pts',(17.0201497692368,-0.109111666093299,0.6));
#3178=CARTESIAN_POINT('Ctrl Pts',(16.6358257323836,0.0763279185963695,0.6));
#3179=CARTESIAN_POINT('Ctrl Pts',(16.2705366777477,0.25258296404711,0.6));
#3180=CARTESIAN_POINT('Ctrl Pts',(15.9664689396818,0.557725825308222,0.6));
#3181=CARTESIAN_POINT('Ctrl Pts',(15.6624012016159,0.862868686569329,0.6));
#3182=CARTESIAN_POINT('',(15.6624012016159,0.862868686569329,0.));
#3183=CARTESIAN_POINT('',(15.6624012016159,0.862868686569329,0.));
#3184=CARTESIAN_POINT('Ctrl Pts',(17.9243337718942,-0.194650192293793,0.));
#3185=CARTESIAN_POINT('Ctrl Pts',(17.4722417705655,-0.151880929193546,0.));
#3186=CARTESIAN_POINT('Ctrl Pts',(16.590449193842,-0.0684606992339631,0.));
#3187=CARTESIAN_POINT('Ctrl Pts',(15.9664689396818,0.557725825308222,0.));
#3188=CARTESIAN_POINT('Ctrl Pts',(15.6624012016159,0.862868686569329,0.));
#3189=CARTESIAN_POINT('Ctrl Pts',(14.7104523446608,4.93720813861603,0.));
#3190=CARTESIAN_POINT('Ctrl Pts',(14.7104523446608,4.93720813861603,0.66));
#3191=CARTESIAN_POINT('Ctrl Pts',(14.7127511820657,4.10928091851563,0.));
#3192=CARTESIAN_POINT('Ctrl Pts',(14.7127511820657,4.10928091851563,0.66));
#3193=CARTESIAN_POINT('Ctrl Pts',(14.7167480099708,2.66982173382558,0.));
#3194=CARTESIAN_POINT('Ctrl Pts',(14.7167480099708,2.66982173382558,0.66));
#3195=CARTESIAN_POINT('Ctrl Pts',(15.3804413529299,1.40163724600361,0.));
#3196=CARTESIAN_POINT('Ctrl Pts',(15.3804413529299,1.40163724600361,0.66));
#3197=CARTESIAN_POINT('Ctrl Pts',(15.6624012016159,0.862868686569329,0.));
#3198=CARTESIAN_POINT('Ctrl Pts',(15.6624012016159,0.862868686569329,0.66));
#3199=CARTESIAN_POINT('',(14.7104523446608,4.93720813861603,0.6));
#3200=CARTESIAN_POINT('Ctrl Pts',(15.6624012016159,0.862868686569329,0.6));
#3201=CARTESIAN_POINT('Ctrl Pts',(15.3804413529299,1.40163724600361,0.6));
#3202=CARTESIAN_POINT('Ctrl Pts',(15.0984815042439,1.94040580543789,0.6));
#3203=CARTESIAN_POINT('Ctrl Pts',(14.9355865700472,2.51008677182206,0.6));
#3204=CARTESIAN_POINT('Ctrl Pts',(14.7150500194707,3.28135369841524,0.6));
#3205=CARTESIAN_POINT('Ctrl Pts',(14.7127511820657,4.10928091851563,0.6));
#3206=CARTESIAN_POINT('Ctrl Pts',(14.7104523446608,4.93720813861603,0.6));
#3207=CARTESIAN_POINT('',(14.7104523446608,4.93720813861603,0.));
#3208=CARTESIAN_POINT('',(14.7104523446608,4.93720813861603,0.));
#3209=CARTESIAN_POINT('Ctrl Pts',(15.6624012016159,0.862868686569329,0.));
#3210=CARTESIAN_POINT('Ctrl Pts',(15.3804413529299,1.40163724600361,0.));
#3211=CARTESIAN_POINT('Ctrl Pts',(14.7167480099708,2.66982173382558,0.));
#3212=CARTESIAN_POINT('Ctrl Pts',(14.7127511820657,4.10928091851563,0.));
#3213=CARTESIAN_POINT('Ctrl Pts',(14.7104523446608,4.93720813861603,0.));
#3214=CARTESIAN_POINT('Ctrl Pts',(16.5188051916427,1.64294469459551,0.));
#3215=CARTESIAN_POINT('Ctrl Pts',(16.5188051916427,1.64294469459551,0.66));
#3216=CARTESIAN_POINT('Ctrl Pts',(16.356369283369,2.04886787825319,0.));
#3217=CARTESIAN_POINT('Ctrl Pts',(16.356369283369,2.04886787825319,0.66));
#3218=CARTESIAN_POINT('Ctrl Pts',(15.9372506292677,3.09623468409767,0.));
#3219=CARTESIAN_POINT('Ctrl Pts',(15.9372506292677,3.09623468409767,0.66));
#3220=CARTESIAN_POINT('Ctrl Pts',(15.9590107686252,4.23082891150199,0.));
#3221=CARTESIAN_POINT('Ctrl Pts',(15.9590107686252,4.23082891150199,0.66));
#3222=CARTESIAN_POINT('Ctrl Pts',(15.9723374298588,4.92569362067297,0.));
#3223=CARTESIAN_POINT('Ctrl Pts',(15.9723374298588,4.92569362067297,0.66));
#3224=CARTESIAN_POINT('',(16.5188051916427,1.64294469459551,0.6));
#3225=CARTESIAN_POINT('Ctrl Pts',(15.9723374298588,4.92569362067297,0.6));
#3226=CARTESIAN_POINT('Ctrl Pts',(15.9590107686252,4.23082891150199,0.6));
#3227=CARTESIAN_POINT('Ctrl Pts',(15.9456841073917,3.53596420233101,0.6));
#3228=CARTESIAN_POINT('Ctrl Pts',(16.0977205368378,2.8738164127197,0.6));
#3229=CARTESIAN_POINT('Ctrl Pts',(16.1939333750953,2.45479106191086,0.6));
#3230=CARTESIAN_POINT('Ctrl Pts',(16.356369283369,2.04886787825319,0.6));
#3231=CARTESIAN_POINT('Ctrl Pts',(16.5188051916427,1.64294469459551,0.6));
#3232=CARTESIAN_POINT('',(16.5188051916427,1.64294469459551,0.));
#3233=CARTESIAN_POINT('',(16.5188051916427,1.64294469459551,0.));
#3234=CARTESIAN_POINT('Ctrl Pts',(15.9723374298588,4.92569362067297,0.));
#3235=CARTESIAN_POINT('Ctrl Pts',(15.9590107686252,4.23082891150199,0.));
#3236=CARTESIAN_POINT('Ctrl Pts',(15.9372506292677,3.09623468409767,0.));
#3237=CARTESIAN_POINT('Ctrl Pts',(16.356369283369,2.04886787825319,0.));
#3238=CARTESIAN_POINT('Ctrl Pts',(16.5188051916427,1.64294469459551,0.));
#3239=CARTESIAN_POINT('Ctrl Pts',(17.9335453862487,0.814857875864616,0.));
#3240=CARTESIAN_POINT('Ctrl Pts',(17.9335453862487,0.814857875864616,0.66));
#3241=CARTESIAN_POINT('Ctrl Pts',(17.6589803096361,0.857530383293528,0.));
#3242=CARTESIAN_POINT('Ctrl Pts',(17.6589803096361,0.857530383293528,0.66));
#3243=CARTESIAN_POINT('Ctrl Pts',(17.0815015815968,0.947281292681983,0.));
#3244=CARTESIAN_POINT('Ctrl Pts',(17.0815015815968,0.947281292681983,0.66));
#3245=CARTESIAN_POINT('Ctrl Pts',(16.7124102501383,1.40359012252919,0.));
#3246=CARTESIAN_POINT('Ctrl Pts',(16.7124102501383,1.40359012252919,0.66));
#3247=CARTESIAN_POINT('Ctrl Pts',(16.5188051916427,1.64294469459551,0.));
#3248=CARTESIAN_POINT('Ctrl Pts',(16.5188051916427,1.64294469459551,0.66));
#3249=CARTESIAN_POINT('',(17.9335453862487,0.814857875864616,0.6));
#3250=CARTESIAN_POINT('Ctrl Pts',(16.5188051916427,1.64294469459551,0.6));
#3251=CARTESIAN_POINT('Ctrl Pts',(16.7124102501383,1.40359012252919,0.6));
#3252=CARTESIAN_POINT('Ctrl Pts',(16.9060153086339,1.16423555046287,0.6));
#3253=CARTESIAN_POINT('Ctrl Pts',(17.1569576566423,1.02573850602727,0.6));
#3254=CARTESIAN_POINT('Ctrl Pts',(17.3844152330234,0.900202890722437,0.6));
#3255=CARTESIAN_POINT('Ctrl Pts',(17.6589803096361,0.857530383293528,0.6));
#3256=CARTESIAN_POINT('Ctrl Pts',(17.9335453862487,0.814857875864616,0.6));
#3257=CARTESIAN_POINT('',(17.9335453862487,0.814857875864616,0.));
#3258=CARTESIAN_POINT('',(17.9335453862487,0.814857875864616,0.));
#3259=CARTESIAN_POINT('Ctrl Pts',(16.5188051916427,1.64294469459551,0.));
#3260=CARTESIAN_POINT('Ctrl Pts',(16.7124102501383,1.40359012252919,0.));
#3261=CARTESIAN_POINT('Ctrl Pts',(17.0815015815968,0.947281292681983,0.));
#3262=CARTESIAN_POINT('Ctrl Pts',(17.6589803096361,0.857530383293528,0.));
#3263=CARTESIAN_POINT('Ctrl Pts',(17.9335453862487,0.814857875864616,0.));
#3264=CARTESIAN_POINT('Ctrl Pts',(19.3631934067623,1.62040078542293,0.));
#3265=CARTESIAN_POINT('Ctrl Pts',(19.3631934067623,1.62040078542293,0.66));
#3266=CARTESIAN_POINT('Ctrl Pts',(19.1653877437146,1.38362979691026,0.));
#3267=CARTESIAN_POINT('Ctrl Pts',(19.1653877437146,1.38362979691026,0.66));
#3268=CARTESIAN_POINT('Ctrl Pts',(18.7885958631391,0.932614468770292,0.));
#3269=CARTESIAN_POINT('Ctrl Pts',(18.7885958631391,0.932614468770292,0.66));
#3270=CARTESIAN_POINT('Ctrl Pts',(18.2089111323553,0.852780937649662,0.));
#3271=CARTESIAN_POINT('Ctrl Pts',(18.2089111323553,0.852780937649662,0.66));
#3272=CARTESIAN_POINT('Ctrl Pts',(17.9335453862487,0.814857875864616,0.));
#3273=CARTESIAN_POINT('Ctrl Pts',(17.9335453862487,0.814857875864616,0.66));
#3274=CARTESIAN_POINT('',(19.3631934067623,1.62040078542293,0.6));
#3275=CARTESIAN_POINT('Ctrl Pts',(17.9335453862487,0.814857875864616,0.6));
#3276=CARTESIAN_POINT('Ctrl Pts',(18.2089111323553,0.852780937649662,0.6));
#3277=CARTESIAN_POINT('Ctrl Pts',(18.4842768784619,0.890703999434708,0.6));
#3278=CARTESIAN_POINT('Ctrl Pts',(18.7138597716019,1.01238438248275,0.6));
#3279=CARTESIAN_POINT('Ctrl Pts',(18.9675820806668,1.14685880839759,0.6));
#3280=CARTESIAN_POINT('Ctrl Pts',(19.1653877437146,1.38362979691026,0.6));
#3281=CARTESIAN_POINT('Ctrl Pts',(19.3631934067623,1.62040078542293,0.6));
#3282=CARTESIAN_POINT('',(19.3631934067623,1.62040078542293,0.));
#3283=CARTESIAN_POINT('',(19.3631934067623,1.62040078542293,0.));
#3284=CARTESIAN_POINT('Ctrl Pts',(17.9335453862487,0.814857875864616,0.));
#3285=CARTESIAN_POINT('Ctrl Pts',(18.2089111323553,0.852780937649662,0.));
#3286=CARTESIAN_POINT('Ctrl Pts',(18.7885958631391,0.932614468770292,0.));
#3287=CARTESIAN_POINT('Ctrl Pts',(19.1653877437146,1.38362979691026,0.));
#3288=CARTESIAN_POINT('Ctrl Pts',(19.3631934067623,1.62040078542293,0.));
#3289=CARTESIAN_POINT('Ctrl Pts',(19.9694432809032,4.88922061090211,0.));
#3290=CARTESIAN_POINT('Ctrl Pts',(19.9694432809032,4.88922061090211,0.66));
#3291=CARTESIAN_POINT('Ctrl Pts',(19.9698567920255,4.19570428390796,0.));
#3292=CARTESIAN_POINT('Ctrl Pts',(19.9698567920255,4.19570428390796,0.66));
#3293=CARTESIAN_POINT('Ctrl Pts',(19.9705326888544,3.06213021292745,0.));
#3294=CARTESIAN_POINT('Ctrl Pts',(19.9705326888544,3.06213021292745,0.66));
#3295=CARTESIAN_POINT('Ctrl Pts',(19.5330325977152,2.02357273026553,0.));
#3296=CARTESIAN_POINT('Ctrl Pts',(19.5330325977152,2.02357273026553,0.66));
#3297=CARTESIAN_POINT('Ctrl Pts',(19.3631934067623,1.62040078542293,0.));
#3298=CARTESIAN_POINT('Ctrl Pts',(19.3631934067623,1.62040078542293,0.66));
#3299=CARTESIAN_POINT('Ctrl Pts',(19.3631934067623,1.62040078542293,0.6));
#3300=CARTESIAN_POINT('Ctrl Pts',(19.5330325977152,2.02357273026553,0.6));
#3301=CARTESIAN_POINT('Ctrl Pts',(19.7028717886681,2.42674467510813,0.6));
#3302=CARTESIAN_POINT('Ctrl Pts',(19.8066769038693,2.8442358267603,0.6));
#3303=CARTESIAN_POINT('Ctrl Pts',(19.9702703031477,3.50218795691381,0.6));
#3304=CARTESIAN_POINT('Ctrl Pts',(19.9698567920255,4.19570428390796,0.6));
#3305=CARTESIAN_POINT('Ctrl Pts',(19.9694432809032,4.88922061090211,0.6));
#3306=CARTESIAN_POINT('Ctrl Pts',(19.3631934067623,1.62040078542293,0.));
#3307=CARTESIAN_POINT('Ctrl Pts',(19.5330325977152,2.02357273026553,0.));
#3308=CARTESIAN_POINT('Ctrl Pts',(19.9705326888544,3.06213021292745,0.));
#3309=CARTESIAN_POINT('Ctrl Pts',(19.9698567920255,4.19570428390796,0.));
#3310=CARTESIAN_POINT('Ctrl Pts',(19.9694432809032,4.88922061090211,0.));
#3311=CARTESIAN_POINT('Ctrl Pts',(15.1014238257601,7.78846606890995,0.));
#3312=CARTESIAN_POINT('Ctrl Pts',(15.1014238257601,7.78846606890995,0.66));
#3313=CARTESIAN_POINT('Ctrl Pts',(14.9915262129863,7.37339736265683,0.));
#3314=CARTESIAN_POINT('Ctrl Pts',(14.9915262129863,7.37339736265683,0.66));
#3315=CARTESIAN_POINT('Ctrl Pts',(14.7444005925327,6.44003667378661,0.));
#3316=CARTESIAN_POINT('Ctrl Pts',(14.7444005925327,6.44003667378661,0.66));
#3317=CARTESIAN_POINT('Ctrl Pts',(14.7225730847259,5.473771737007,0.));
#3318=CARTESIAN_POINT('Ctrl Pts',(14.7225730847259,5.473771737007,0.66));
#3319=CARTESIAN_POINT('Ctrl Pts',(14.7104523446608,4.93720813861603,0.));
#3320=CARTESIAN_POINT('Ctrl Pts',(14.7104523446608,4.93720813861603,0.66));
#3321=CARTESIAN_POINT('',(15.1014238257601,7.78846606890995,0.6));
#3322=CARTESIAN_POINT('Ctrl Pts',(14.7104523446608,4.93720813861603,0.6));
#3323=CARTESIAN_POINT('Ctrl Pts',(14.7225730847259,5.473771737007,0.6));
#3324=CARTESIAN_POINT('Ctrl Pts',(14.734693824791,6.01033533539798,0.6));
#3325=CARTESIAN_POINT('Ctrl Pts',(14.8162862005754,6.53675276834832,0.6));
#3326=CARTESIAN_POINT('Ctrl Pts',(14.8816286002126,6.9583286564037,0.6));
#3327=CARTESIAN_POINT('Ctrl Pts',(14.9915262129863,7.37339736265683,0.6));
#3328=CARTESIAN_POINT('Ctrl Pts',(15.1014238257601,7.78846606890995,0.6));
#3329=CARTESIAN_POINT('',(15.1014238257601,7.78846606890995,0.));
#3330=CARTESIAN_POINT('',(15.1014238257601,7.78846606890995,0.));
#3331=CARTESIAN_POINT('Ctrl Pts',(14.7104523446608,4.93720813861603,0.));
#3332=CARTESIAN_POINT('Ctrl Pts',(14.7225730847259,5.473771737007,0.));
#3333=CARTESIAN_POINT('Ctrl Pts',(14.7444005925327,6.44003667378661,0.));
#3334=CARTESIAN_POINT('Ctrl Pts',(14.9915262129863,7.37339736265683,0.));
#3335=CARTESIAN_POINT('Ctrl Pts',(15.1014238257601,7.78846606890995,0.));
#3336=CARTESIAN_POINT('Ctrl Pts',(16.201180504635,9.44630390672189,0.));
#3337=CARTESIAN_POINT('Ctrl Pts',(16.201180504635,9.44630390672189,0.66));
#3338=CARTESIAN_POINT('Ctrl Pts',(15.9711455956806,9.22332454422741,0.));
#3339=CARTESIAN_POINT('Ctrl Pts',(15.9711455956806,9.22332454422741,0.66));
#3340=CARTESIAN_POINT('Ctrl Pts',(15.4845633788637,8.75166659891764,0.));
#3341=CARTESIAN_POINT('Ctrl Pts',(15.4845633788637,8.75166659891764,0.66));
#3342=CARTESIAN_POINT('Ctrl Pts',(15.2336933933389,8.12098751328638,0.));
#3343=CARTESIAN_POINT('Ctrl Pts',(15.2336933933389,8.12098751328638,0.66));
#3344=CARTESIAN_POINT('Ctrl Pts',(15.1014238257601,7.78846606890995,0.));
#3345=CARTESIAN_POINT('Ctrl Pts',(15.1014238257601,7.78846606890995,0.66));
#3346=CARTESIAN_POINT('',(16.201180504635,9.44630390672189,0.6));
#3347=CARTESIAN_POINT('Ctrl Pts',(15.1014238257601,7.78846606890995,0.6));
#3348=CARTESIAN_POINT('Ctrl Pts',(15.2336933933389,8.12098751328638,0.6));
#3349=CARTESIAN_POINT('Ctrl Pts',(15.3659629609176,8.45350895766281,0.6));
#3350=CARTESIAN_POINT('Ctrl Pts',(15.563757158446,8.74182479880592,0.6));
#3351=CARTESIAN_POINT('Ctrl Pts',(15.7411106867261,9.00034518173293,0.6));
#3352=CARTESIAN_POINT('Ctrl Pts',(15.9711455956806,9.22332454422741,0.6));
#3353=CARTESIAN_POINT('Ctrl Pts',(16.201180504635,9.44630390672189,0.6));
#3354=CARTESIAN_POINT('',(16.201180504635,9.44630390672189,0.));
#3355=CARTESIAN_POINT('',(16.201180504635,9.44630390672189,0.));
#3356=CARTESIAN_POINT('Ctrl Pts',(15.1014238257601,7.78846606890995,0.));
#3357=CARTESIAN_POINT('Ctrl Pts',(15.2336933933389,8.12098751328638,0.));
#3358=CARTESIAN_POINT('Ctrl Pts',(15.4845633788637,8.75166659891764,0.));
#3359=CARTESIAN_POINT('Ctrl Pts',(15.9711455956806,9.22332454422741,0.));
#3360=CARTESIAN_POINT('Ctrl Pts',(16.201180504635,9.44630390672189,0.));
#3361=CARTESIAN_POINT('Ctrl Pts',(18.0175079754089,10.0163841142938,0.));
#3362=CARTESIAN_POINT('Ctrl Pts',(18.0175079754089,10.0163841142938,0.66));
#3363=CARTESIAN_POINT('Ctrl Pts',(17.6748599989877,9.99966982524496,0.));
#3364=CARTESIAN_POINT('Ctrl Pts',(17.6748599989877,9.99966982524496,0.66));
#3365=CARTESIAN_POINT('Ctrl Pts',(17.0184680781297,9.9676511791431,0.));
#3366=CARTESIAN_POINT('Ctrl Pts',(17.0184680781297,9.9676511791431,0.66));
#3367=CARTESIAN_POINT('Ctrl Pts',(16.4654929955144,9.6149086924249,0.));
#3368=CARTESIAN_POINT('Ctrl Pts',(16.4654929955144,9.6149086924249,0.66));
#3369=CARTESIAN_POINT('Ctrl Pts',(16.201180504635,9.44630390672189,0.));
#3370=CARTESIAN_POINT('Ctrl Pts',(16.201180504635,9.44630390672189,0.66));
#3371=CARTESIAN_POINT('',(18.0175079754089,10.0163841142938,0.6));
#3372=CARTESIAN_POINT('Ctrl Pts',(16.201180504635,9.44630390672189,0.6));
#3373=CARTESIAN_POINT('Ctrl Pts',(16.4654929955144,9.6149086924249,0.6));
#3374=CARTESIAN_POINT('Ctrl Pts',(16.7298054863937,9.7835134781279,0.6));
#3375=CARTESIAN_POINT('Ctrl Pts',(17.0177453540362,9.87884331994427,0.6));
#3376=CARTESIAN_POINT('Ctrl Pts',(17.3322120225666,9.98295553619612,0.6));
#3377=CARTESIAN_POINT('Ctrl Pts',(17.6748599989877,9.99966982524496,0.6));
#3378=CARTESIAN_POINT('Ctrl Pts',(18.0175079754089,10.0163841142938,0.6));
#3379=CARTESIAN_POINT('',(18.0175079754089,10.0163841142938,0.));
#3380=CARTESIAN_POINT('',(18.0175079754089,10.0163841142938,0.));
#3381=CARTESIAN_POINT('Ctrl Pts',(16.201180504635,9.44630390672189,0.));
#3382=CARTESIAN_POINT('Ctrl Pts',(16.4654929955144,9.6149086924249,0.));
#3383=CARTESIAN_POINT('Ctrl Pts',(17.0184680781297,9.9676511791431,0.));
#3384=CARTESIAN_POINT('Ctrl Pts',(17.6748599989877,9.99966982524496,0.));
#3385=CARTESIAN_POINT('Ctrl Pts',(18.0175079754089,10.0163841142938,0.));
#3386=CARTESIAN_POINT('Ctrl Pts',(19.4264982017596,9.67950413769584,0.));
#3387=CARTESIAN_POINT('Ctrl Pts',(19.4264982017596,9.67950413769584,0.66));
#3388=CARTESIAN_POINT('Ctrl Pts',(19.2116800456125,9.77592767427,0.));
#3389=CARTESIAN_POINT('Ctrl Pts',(19.2116800456125,9.77592767427,0.66));
#3390=CARTESIAN_POINT('Ctrl Pts',(18.7637212704818,9.97699899017846,0.));
#3391=CARTESIAN_POINT('Ctrl Pts',(18.7637212704818,9.97699899017846,0.66));
#3392=CARTESIAN_POINT('Ctrl Pts',(18.2729371110247,10.0029025691708,0.));
#3393=CARTESIAN_POINT('Ctrl Pts',(18.2729371110247,10.0029025691708,0.66));
#3394=CARTESIAN_POINT('Ctrl Pts',(18.0175079754089,10.0163841142938,0.));
#3395=CARTESIAN_POINT('Ctrl Pts',(18.0175079754089,10.0163841142938,0.66));
#3396=CARTESIAN_POINT('',(19.4264982017596,9.67950413769584,0.6));
#3397=CARTESIAN_POINT('Ctrl Pts',(18.0175079754089,10.0163841142938,0.6));
#3398=CARTESIAN_POINT('Ctrl Pts',(18.2729371110247,10.0029025691708,0.6));
#3399=CARTESIAN_POINT('Ctrl Pts',(18.5283662466405,9.98942102404782,0.6));
#3400=CARTESIAN_POINT('Ctrl Pts',(18.7721953001677,9.92849191576853,0.6));
#3401=CARTESIAN_POINT('Ctrl Pts',(18.9968618894654,9.87235121084416,0.6));
#3402=CARTESIAN_POINT('Ctrl Pts',(19.2116800456125,9.77592767427,0.6));
#3403=CARTESIAN_POINT('Ctrl Pts',(19.4264982017596,9.67950413769584,0.6));
#3404=CARTESIAN_POINT('',(19.4264982017596,9.67950413769584,0.));
#3405=CARTESIAN_POINT('',(19.4264982017596,9.67950413769584,0.));
#3406=CARTESIAN_POINT('Ctrl Pts',(18.0175079754089,10.0163841142938,0.));
#3407=CARTESIAN_POINT('Ctrl Pts',(18.2729371110247,10.0029025691708,0.));
#3408=CARTESIAN_POINT('Ctrl Pts',(18.7637212704818,9.97699899017846,0.));
#3409=CARTESIAN_POINT('Ctrl Pts',(19.2116800456125,9.77592767427,0.));
#3410=CARTESIAN_POINT('Ctrl Pts',(19.4264982017596,9.67950413769584,0.));
#3411=CARTESIAN_POINT('Ctrl Pts',(20.4206584289275,8.73587747418873,0.));
#3412=CARTESIAN_POINT('Ctrl Pts',(20.4206584289275,8.73587747418873,0.66));
#3413=CARTESIAN_POINT('Ctrl Pts',(20.2832310338237,8.92788806512115,0.));
#3414=CARTESIAN_POINT('Ctrl Pts',(20.2832310338237,8.92788806512115,0.66));
#3415=CARTESIAN_POINT('Ctrl Pts',(20.0123256674431,9.30639119723841,0.));
#3416=CARTESIAN_POINT('Ctrl Pts',(20.0123256674431,9.30639119723841,0.66));
#3417=CARTESIAN_POINT('Ctrl Pts',(19.6198668555984,9.55634783101445,0.));
#3418=CARTESIAN_POINT('Ctrl Pts',(19.6198668555984,9.55634783101445,0.66));
#3419=CARTESIAN_POINT('Ctrl Pts',(19.4264982017596,9.67950413769584,0.));
#3420=CARTESIAN_POINT('Ctrl Pts',(19.4264982017596,9.67950413769584,0.66));
#3421=CARTESIAN_POINT('',(20.4206584289275,8.73587747418873,0.6));
#3422=CARTESIAN_POINT('Ctrl Pts',(19.4264982017596,9.67950413769584,0.6));
#3423=CARTESIAN_POINT('Ctrl Pts',(19.6198668555984,9.55634783101445,0.6));
#3424=CARTESIAN_POINT('Ctrl Pts',(19.8132355094372,9.43319152433305,0.6));
#3425=CARTESIAN_POINT('Ctrl Pts',(19.9770953834628,9.27882877754758,0.6));
#3426=CARTESIAN_POINT('Ctrl Pts',(20.1458036387199,9.11989865605357,0.6));
#3427=CARTESIAN_POINT('Ctrl Pts',(20.2832310338237,8.92788806512115,0.6));
#3428=CARTESIAN_POINT('Ctrl Pts',(20.4206584289275,8.73587747418873,0.6));
#3429=CARTESIAN_POINT('',(20.4206584289275,8.73587747418873,0.));
#3430=CARTESIAN_POINT('',(20.4206584289275,8.73587747418873,0.));
#3431=CARTESIAN_POINT('Ctrl Pts',(19.4264982017596,9.67950413769584,0.));
#3432=CARTESIAN_POINT('Ctrl Pts',(19.6198668555984,9.55634783101445,0.));
#3433=CARTESIAN_POINT('Ctrl Pts',(20.0123256674431,9.30639119723841,0.));
#3434=CARTESIAN_POINT('Ctrl Pts',(20.2832310338237,8.92788806512115,0.));
#3435=CARTESIAN_POINT('Ctrl Pts',(20.4206584289275,8.73587747418873,0.));
#3436=CARTESIAN_POINT('Ctrl Pts',(21.0278012113321,7.24323615057923,0.));
#3437=CARTESIAN_POINT('Ctrl Pts',(21.0278012113321,7.24323615057923,0.66));
#3438=CARTESIAN_POINT('Ctrl Pts',(20.9522091922915,7.51865673141559,0.));
#3439=CARTESIAN_POINT('Ctrl Pts',(20.9522091922915,7.51865673141559,0.66));
#3440=CARTESIAN_POINT('Ctrl Pts',(20.8089653115346,8.04056781859171,0.));
#3441=CARTESIAN_POINT('Ctrl Pts',(20.8089653115346,8.04056781859171,0.66));
#3442=CARTESIAN_POINT('Ctrl Pts',(20.5452208464403,8.5128336511185,0.));
#3443=CARTESIAN_POINT('Ctrl Pts',(20.5452208464403,8.5128336511185,0.66));
#3444=CARTESIAN_POINT('Ctrl Pts',(20.4206584289275,8.73587747418873,0.));
#3445=CARTESIAN_POINT('Ctrl Pts',(20.4206584289275,8.73587747418873,0.66));
#3446=CARTESIAN_POINT('Ctrl Pts',(20.4206584289275,8.73587747418873,0.6));
#3447=CARTESIAN_POINT('Ctrl Pts',(20.5452208464403,8.5128336511185,0.6));
#3448=CARTESIAN_POINT('Ctrl Pts',(20.6697832639531,8.28978982804828,0.6));
#3449=CARTESIAN_POINT('Ctrl Pts',(20.7674677092231,8.05567250036567,0.6));
#3450=CARTESIAN_POINT('Ctrl Pts',(20.8766171732509,7.79407731225194,0.6));
#3451=CARTESIAN_POINT('Ctrl Pts',(20.9522091922915,7.51865673141559,0.6));
#3452=CARTESIAN_POINT('Ctrl Pts',(21.0278012113321,7.24323615057923,0.6));
#3453=CARTESIAN_POINT('Ctrl Pts',(20.4206584289275,8.73587747418873,0.));
#3454=CARTESIAN_POINT('Ctrl Pts',(20.5452208464403,8.5128336511185,0.));
#3455=CARTESIAN_POINT('Ctrl Pts',(20.8089653115346,8.04056781859171,0.));
#3456=CARTESIAN_POINT('Ctrl Pts',(20.9522091922915,7.51865673141559,0.));
#3457=CARTESIAN_POINT('Ctrl Pts',(21.0278012113321,7.24323615057923,0.));
#3458=CARTESIAN_POINT('Origin',(12.1300221098639,4.96402045240533,0.));
#3459=CARTESIAN_POINT('Origin',(12.1300221098639,4.96402045240533,0.6));
#3460=CARTESIAN_POINT('Origin',(12.8715297707265,0.0219954739672965,0.));
#3461=CARTESIAN_POINT('',(12.8842890996563,1.42030037507159,0.6));
#3462=CARTESIAN_POINT('',(12.8715297707265,0.0219954739672965,0.6));
#3463=CARTESIAN_POINT('',(12.8940446557201,2.4894194433335,0.6));
#3464=CARTESIAN_POINT('',(12.8715297707265,0.0219954739672965,0.));
#3465=CARTESIAN_POINT('',(12.8715297707265,0.0219954739672965,0.));
#3466=CARTESIAN_POINT('',(12.8842890996563,1.42030037507159,0.));
#3467=CARTESIAN_POINT('',(12.8842890996563,1.42030037507159,0.));
#3468=CARTESIAN_POINT('',(12.8842890996563,1.42030037507159,0.));
#3469=CARTESIAN_POINT('Origin',(11.4732248696222,0.0347548028970746,0.));
#3470=CARTESIAN_POINT('',(11.4732248696222,0.0347548028970746,0.6));
#3471=CARTESIAN_POINT('',(11.7791086047495,0.0319636582849975,0.6));
#3472=CARTESIAN_POINT('',(11.4732248696222,0.0347548028970746,0.));
#3473=CARTESIAN_POINT('',(11.4732248696222,0.0347548028970746,0.));
#3474=CARTESIAN_POINT('',(12.8715297707265,0.0219954739672956,0.));
#3475=CARTESIAN_POINT('Origin',(11.485984198552,1.43305970400137,0.));
#3476=CARTESIAN_POINT('',(11.485984198552,1.43305970400137,0.6));
#3477=CARTESIAN_POINT('',(11.5021194190807,3.20133122281542,0.6));
#3478=CARTESIAN_POINT('',(11.485984198552,1.43305970400137,0.));
#3479=CARTESIAN_POINT('',(11.485984198552,1.43305970400137,0.));
#3480=CARTESIAN_POINT('',(11.4732248696222,0.0347548028970746,0.));
#3481=CARTESIAN_POINT('Origin',(12.8842890996563,1.42030037507159,0.));
#3482=CARTESIAN_POINT('',(12.4910203842314,1.4238888949244,0.6));
#3483=CARTESIAN_POINT('',(11.485984198552,1.43305970400137,0.));
#3484=CARTESIAN_POINT('Origin',(12.1300221098639,4.96402045240533,0.));
#3485=CARTESIAN_POINT('Origin',(12.1300221098639,4.96402045240533,0.6));
#3486=CARTESIAN_POINT('Ctrl Pts',(7.53045190509682,8.64203053321844,0.));
#3487=CARTESIAN_POINT('Ctrl Pts',(7.53045190509682,8.64203053321844,0.66));
#3488=CARTESIAN_POINT('Ctrl Pts',(7.66523672850738,8.4774566682061,0.));
#3489=CARTESIAN_POINT('Ctrl Pts',(7.66523672850738,8.4774566682061,0.66));
#3490=CARTESIAN_POINT('Ctrl Pts',(7.93702552767448,8.1455993268959,0.));
#3491=CARTESIAN_POINT('Ctrl Pts',(7.93702552767448,8.1455993268959,0.66));
#3492=CARTESIAN_POINT('Ctrl Pts',(7.97046874621863,7.71774457016885,0.));
#3493=CARTESIAN_POINT('Ctrl Pts',(7.97046874621863,7.71774457016885,0.66));
#3494=CARTESIAN_POINT('Ctrl Pts',(7.98732688723358,7.50207047727911,0.));
#3495=CARTESIAN_POINT('Ctrl Pts',(7.98732688723358,7.50207047727911,0.66));
#3496=CARTESIAN_POINT('',(7.98732688723358,7.50207047727911,0.6));
#3497=CARTESIAN_POINT('',(7.53045190509682,8.64203053321844,0.6));
#3498=CARTESIAN_POINT('Ctrl Pts',(7.98732688723358,7.50207047727911,0.6));
#3499=CARTESIAN_POINT('Ctrl Pts',(7.97046874621863,7.71774457016885,0.6));
#3500=CARTESIAN_POINT('Ctrl Pts',(7.95361060520368,7.93341866305859,0.6));
#3501=CARTESIAN_POINT('Ctrl Pts',(7.87618905215471,8.12469989324497,0.6));
#3502=CARTESIAN_POINT('Ctrl Pts',(7.80002155191793,8.31288280319377,0.6));
#3503=CARTESIAN_POINT('Ctrl Pts',(7.66523672850738,8.4774566682061,0.6));
#3504=CARTESIAN_POINT('Ctrl Pts',(7.53045190509682,8.64203053321844,0.6));
#3505=CARTESIAN_POINT('',(7.53045190509682,8.64203053321844,0.));
#3506=CARTESIAN_POINT('',(7.53045190509682,8.64203053321844,0.));
#3507=CARTESIAN_POINT('',(7.98732688723358,7.50207047727911,0.));
#3508=CARTESIAN_POINT('Ctrl Pts',(7.98732688723358,7.50207047727911,0.));
#3509=CARTESIAN_POINT('Ctrl Pts',(7.97046874621863,7.71774457016885,0.));
#3510=CARTESIAN_POINT('Ctrl Pts',(7.93702552767448,8.1455993268959,0.));
#3511=CARTESIAN_POINT('Ctrl Pts',(7.66523672850738,8.4774566682061,0.));
#3512=CARTESIAN_POINT('Ctrl Pts',(7.53045190509682,8.64203053321844,0.));
#3513=CARTESIAN_POINT('',(7.98732688723358,7.50207047727911,0.));
#3514=CARTESIAN_POINT('Ctrl Pts',(6.37167248583253,9.11305973934677,0.));
#3515=CARTESIAN_POINT('Ctrl Pts',(6.37167248583253,9.11305973934677,0.66));
#3516=CARTESIAN_POINT('Ctrl Pts',(6.59256985288974,9.09315574496502,0.));
#3517=CARTESIAN_POINT('Ctrl Pts',(6.59256985288974,9.09315574496502,0.66));
#3518=CARTESIAN_POINT('Ctrl Pts',(7.02719759443163,9.05399353927171,0.));
#3519=CARTESIAN_POINT('Ctrl Pts',(7.02719759443163,9.05399353927171,0.66));
#3520=CARTESIAN_POINT('Ctrl Pts',(7.36455480344769,8.77783357999328,0.));
#3521=CARTESIAN_POINT('Ctrl Pts',(7.36455480344769,8.77783357999328,0.66));
#3522=CARTESIAN_POINT('Ctrl Pts',(7.53045190509682,8.64203053321844,0.));
#3523=CARTESIAN_POINT('Ctrl Pts',(7.53045190509682,8.64203053321844,0.66));
#3524=CARTESIAN_POINT('',(6.37167248583253,9.11305973934677,0.6));
#3525=CARTESIAN_POINT('Ctrl Pts',(7.53045190509682,8.64203053321844,0.6));
#3526=CARTESIAN_POINT('Ctrl Pts',(7.36455480344769,8.77783357999328,0.6));
#3527=CARTESIAN_POINT('Ctrl Pts',(7.19865770179855,8.91363662676812,0.6));
#3528=CARTESIAN_POINT('Ctrl Pts',(7.00923834802693,8.99212816544765,0.6));
#3529=CARTESIAN_POINT('Ctrl Pts',(6.81346721994694,9.07325175058327,0.6));
#3530=CARTESIAN_POINT('Ctrl Pts',(6.59256985288974,9.09315574496502,0.6));
#3531=CARTESIAN_POINT('Ctrl Pts',(6.37167248583253,9.11305973934677,0.6));
#3532=CARTESIAN_POINT('',(6.37167248583253,9.11305973934677,0.));
#3533=CARTESIAN_POINT('',(6.37167248583253,9.11305973934677,0.));
#3534=CARTESIAN_POINT('Ctrl Pts',(7.53045190509682,8.64203053321844,0.));
#3535=CARTESIAN_POINT('Ctrl Pts',(7.36455480344769,8.77783357999328,0.));
#3536=CARTESIAN_POINT('Ctrl Pts',(7.02719759443163,9.05399353927171,0.));
#3537=CARTESIAN_POINT('Ctrl Pts',(6.59256985288974,9.09315574496502,0.));
#3538=CARTESIAN_POINT('Ctrl Pts',(6.37167248583253,9.11305973934677,0.));
#3539=CARTESIAN_POINT('Ctrl Pts',(5.2011741063878,8.67351701376474,0.));
#3540=CARTESIAN_POINT('Ctrl Pts',(5.2011741063878,8.67351701376474,0.66));
#3541=CARTESIAN_POINT('Ctrl Pts',(5.36954201414588,8.80327593907442,0.));
#3542=CARTESIAN_POINT('Ctrl Pts',(5.36954201414588,8.80327593907442,0.66));
#3543=CARTESIAN_POINT('Ctrl Pts',(5.71430717711734,9.06898190185012,0.));
#3544=CARTESIAN_POINT('Ctrl Pts',(5.71430717711734,9.06898190185012,0.66));
#3545=CARTESIAN_POINT('Ctrl Pts',(6.1491747920546,9.09814076345969,0.));
#3546=CARTESIAN_POINT('Ctrl Pts',(6.1491747920546,9.09814076345969,0.66));
#3547=CARTESIAN_POINT('Ctrl Pts',(6.37167248583253,9.11305973934677,0.));
#3548=CARTESIAN_POINT('Ctrl Pts',(6.37167248583253,9.11305973934677,0.66));
#3549=CARTESIAN_POINT('',(5.2011741063878,8.67351701376474,0.6));
#3550=CARTESIAN_POINT('Ctrl Pts',(6.37167248583253,9.11305973934677,0.6));
#3551=CARTESIAN_POINT('Ctrl Pts',(6.1491747920546,9.09814076345969,0.6));
#3552=CARTESIAN_POINT('Ctrl Pts',(5.92667709827668,9.08322178757261,0.6));
#3553=CARTESIAN_POINT('Ctrl Pts',(5.72776644779753,9.00637945004911,0.6));
#3554=CARTESIAN_POINT('Ctrl Pts',(5.53790992190396,8.93303486438409,0.6));
#3555=CARTESIAN_POINT('Ctrl Pts',(5.36954201414588,8.80327593907442,0.6));
#3556=CARTESIAN_POINT('Ctrl Pts',(5.2011741063878,8.67351701376474,0.6));
#3557=CARTESIAN_POINT('',(5.2011741063878,8.67351701376474,0.));
#3558=CARTESIAN_POINT('',(5.2011741063878,8.67351701376474,0.));
#3559=CARTESIAN_POINT('Ctrl Pts',(6.37167248583253,9.11305973934677,0.));
#3560=CARTESIAN_POINT('Ctrl Pts',(6.1491747920546,9.09814076345969,0.));
#3561=CARTESIAN_POINT('Ctrl Pts',(5.71430717711734,9.06898190185012,0.));
#3562=CARTESIAN_POINT('Ctrl Pts',(5.36954201414588,8.80327593907442,0.));
#3563=CARTESIAN_POINT('Ctrl Pts',(5.2011741063878,8.67351701376474,0.));
#3564=CARTESIAN_POINT('Ctrl Pts',(4.72751218147777,7.60003199592445,0.));
#3565=CARTESIAN_POINT('Ctrl Pts',(4.72751218147777,7.60003199592445,0.66));
#3566=CARTESIAN_POINT('Ctrl Pts',(4.74932241932807,7.802252537996,0.));
#3567=CARTESIAN_POINT('Ctrl Pts',(4.74932241932807,7.802252537996,0.66));
#3568=CARTESIAN_POINT('Ctrl Pts',(4.79331004039044,8.21009772688056,0.));
#3569=CARTESIAN_POINT('Ctrl Pts',(4.79331004039044,8.21009772688056,0.66));
#3570=CARTESIAN_POINT('Ctrl Pts',(5.06446501388114,8.51818675684422,0.));
#3571=CARTESIAN_POINT('Ctrl Pts',(5.06446501388114,8.51818675684422,0.66));
#3572=CARTESIAN_POINT('Ctrl Pts',(5.2011741063878,8.67351701376474,0.));
#3573=CARTESIAN_POINT('Ctrl Pts',(5.2011741063878,8.67351701376474,0.66));
#3574=CARTESIAN_POINT('',(4.72751218147777,7.60003199592445,0.6));
#3575=CARTESIAN_POINT('Ctrl Pts',(5.2011741063878,8.67351701376474,0.6));
#3576=CARTESIAN_POINT('Ctrl Pts',(5.06446501388114,8.51818675684422,0.6));
#3577=CARTESIAN_POINT('Ctrl Pts',(4.92775592137448,8.36285649992369,0.6));
#3578=CARTESIAN_POINT('Ctrl Pts',(4.84879065646328,8.1821691554607,0.6));
#3579=CARTESIAN_POINT('Ctrl Pts',(4.77113265717837,8.00447308006755,0.6));
#3580=CARTESIAN_POINT('Ctrl Pts',(4.74932241932807,7.802252537996,0.6));
#3581=CARTESIAN_POINT('Ctrl Pts',(4.72751218147777,7.60003199592445,0.6));
#3582=CARTESIAN_POINT('',(4.72751218147777,7.60003199592445,0.));
#3583=CARTESIAN_POINT('',(4.72751218147777,7.60003199592445,0.));
#3584=CARTESIAN_POINT('Ctrl Pts',(5.2011741063878,8.67351701376474,0.));
#3585=CARTESIAN_POINT('Ctrl Pts',(5.06446501388114,8.51818675684422,0.));
#3586=CARTESIAN_POINT('Ctrl Pts',(4.79331004039044,8.21009772688056,0.));
#3587=CARTESIAN_POINT('Ctrl Pts',(4.74932241932807,7.802252537996,0.));
#3588=CARTESIAN_POINT('Ctrl Pts',(4.72751218147777,7.60003199592445,0.));
#3589=CARTESIAN_POINT('Ctrl Pts',(7.78488547515209,4.379640011951,0.));
#3590=CARTESIAN_POINT('Ctrl Pts',(7.78488547515209,4.379640011951,0.66));
#3591=CARTESIAN_POINT('Ctrl Pts',(7.95504943257498,4.16922988800693,0.));
#3592=CARTESIAN_POINT('Ctrl Pts',(7.95504943257498,4.16922988800693,0.66));
#3593=CARTESIAN_POINT('Ctrl Pts',(8.30216557014387,3.7400159073556,0.));
#3594=CARTESIAN_POINT('Ctrl Pts',(8.30216557014387,3.7400159073556,0.66));
#3595=CARTESIAN_POINT('Ctrl Pts',(8.34147882711844,3.18875969599645,0.));
#3596=CARTESIAN_POINT('Ctrl Pts',(8.34147882711844,3.18875969599645,0.66));
#3597=CARTESIAN_POINT('Ctrl Pts',(8.36151986173877,2.90774139156895,0.));
#3598=CARTESIAN_POINT('Ctrl Pts',(8.36151986173877,2.90774139156895,0.66));
#3599=CARTESIAN_POINT('',(8.36151986173877,2.90774139156895,0.6));
#3600=CARTESIAN_POINT('',(7.78488547515209,4.379640011951,0.6));
#3601=CARTESIAN_POINT('Ctrl Pts',(8.36151986173877,2.90774139156895,0.6));
#3602=CARTESIAN_POINT('Ctrl Pts',(8.34147882711844,3.18875969599645,0.6));
#3603=CARTESIAN_POINT('Ctrl Pts',(8.32143779249812,3.46977800042394,0.6));
#3604=CARTESIAN_POINT('Ctrl Pts',(8.22140690351827,3.7190807463707,0.6));
#3605=CARTESIAN_POINT('Ctrl Pts',(8.12521338999786,3.95881976406286,0.6));
#3606=CARTESIAN_POINT('Ctrl Pts',(7.95504943257498,4.16922988800693,0.6));
#3607=CARTESIAN_POINT('Ctrl Pts',(7.78488547515209,4.379640011951,0.6));
#3608=CARTESIAN_POINT('',(7.78488547515209,4.379640011951,0.));
#3609=CARTESIAN_POINT('',(7.78488547515209,4.379640011951,0.));
#3610=CARTESIAN_POINT('',(8.36151986173877,2.90774139156895,0.));
#3611=CARTESIAN_POINT('Ctrl Pts',(8.36151986173877,2.90774139156895,0.));
#3612=CARTESIAN_POINT('Ctrl Pts',(8.34147882711844,3.18875969599645,0.));
#3613=CARTESIAN_POINT('Ctrl Pts',(8.30216557014387,3.7400159073556,0.));
#3614=CARTESIAN_POINT('Ctrl Pts',(7.95504943257498,4.16922988800693,0.));
#3615=CARTESIAN_POINT('Ctrl Pts',(7.78488547515209,4.379640011951,0.));
#3616=CARTESIAN_POINT('',(8.36151986173877,2.90774139156895,0.));
#3617=CARTESIAN_POINT('Ctrl Pts',(6.31342951282956,4.9728999219092,0.));
#3618=CARTESIAN_POINT('Ctrl Pts',(6.31342951282956,4.9728999219092,0.66));
#3619=CARTESIAN_POINT('Ctrl Pts',(6.59444170248108,4.94811190097275,0.));
#3620=CARTESIAN_POINT('Ctrl Pts',(6.59444170248108,4.94811190097275,0.66));
#3621=CARTESIAN_POINT('Ctrl Pts',(7.14574070090836,4.89948194249227,0.));
#3622=CARTESIAN_POINT('Ctrl Pts',(7.14574070090836,4.89948194249227,0.66));
#3623=CARTESIAN_POINT('Ctrl Pts',(7.57461845269201,4.55065856563338,0.));
#3624=CARTESIAN_POINT('Ctrl Pts',(7.57461845269201,4.55065856563338,0.66));
#3625=CARTESIAN_POINT('Ctrl Pts',(7.78488547515209,4.379640011951,0.));
#3626=CARTESIAN_POINT('Ctrl Pts',(7.78488547515209,4.379640011951,0.66));
#3627=CARTESIAN_POINT('',(6.31342951282956,4.9728999219092,0.6));
#3628=CARTESIAN_POINT('Ctrl Pts',(7.78488547515209,4.379640011951,0.6));
#3629=CARTESIAN_POINT('Ctrl Pts',(7.57461845269201,4.55065856563338,0.6));
#3630=CARTESIAN_POINT('Ctrl Pts',(7.36435143023193,4.72167711931575,0.6));
#3631=CARTESIAN_POINT('Ctrl Pts',(7.12465834940253,4.82053900662302,0.6));
#3632=CARTESIAN_POINT('Ctrl Pts',(6.87545389213259,4.92332388003629,0.6));
#3633=CARTESIAN_POINT('Ctrl Pts',(6.59444170248108,4.94811190097275,0.6));
#3634=CARTESIAN_POINT('Ctrl Pts',(6.31342951282956,4.9728999219092,0.6));
#3635=CARTESIAN_POINT('',(6.31342951282956,4.9728999219092,0.));
#3636=CARTESIAN_POINT('',(6.31342951282956,4.9728999219092,0.));
#3637=CARTESIAN_POINT('Ctrl Pts',(7.78488547515209,4.379640011951,0.));
#3638=CARTESIAN_POINT('Ctrl Pts',(7.57461845269201,4.55065856563338,0.));
#3639=CARTESIAN_POINT('Ctrl Pts',(7.14574070090836,4.89948194249227,0.));
#3640=CARTESIAN_POINT('Ctrl Pts',(6.59444170248108,4.94811190097275,0.));
#3641=CARTESIAN_POINT('Ctrl Pts',(6.31342951282956,4.9728999219092,0.));
#3642=CARTESIAN_POINT('Ctrl Pts',(4.87238130729343,4.41303762856482,0.));
#3643=CARTESIAN_POINT('Ctrl Pts',(4.87238130729343,4.41303762856482,0.66));
#3644=CARTESIAN_POINT('Ctrl Pts',(5.0788508686629,4.57826417211112,0.));
#3645=CARTESIAN_POINT('Ctrl Pts',(5.0788508686629,4.57826417211112,0.66));
#3646=CARTESIAN_POINT('Ctrl Pts',(5.50004658353341,4.91532456814709,0.));
#3647=CARTESIAN_POINT('Ctrl Pts',(5.50004658353341,4.91532456814709,0.66));
#3648=CARTESIAN_POINT('Ctrl Pts',(6.03878164110528,4.95345895775199,0.));
#3649=CARTESIAN_POINT('Ctrl Pts',(6.03878164110528,4.95345895775199,0.66));
#3650=CARTESIAN_POINT('Ctrl Pts',(6.31342951282956,4.9728999219092,0.));
#3651=CARTESIAN_POINT('Ctrl Pts',(6.31342951282956,4.9728999219092,0.66));
#3652=CARTESIAN_POINT('',(4.87238130729343,4.41303762856482,0.6));
#3653=CARTESIAN_POINT('Ctrl Pts',(6.31342951282956,4.9728999219092,0.6));
#3654=CARTESIAN_POINT('Ctrl Pts',(6.03878164110528,4.95345895775199,0.6));
#3655=CARTESIAN_POINT('Ctrl Pts',(5.76413376938101,4.93401799359477,0.6));
#3656=CARTESIAN_POINT('Ctrl Pts',(5.52003407184508,4.83688692581767,0.6));
#3657=CARTESIAN_POINT('Ctrl Pts',(5.28532043003237,4.74349071565742,0.6));
#3658=CARTESIAN_POINT('Ctrl Pts',(5.0788508686629,4.57826417211112,0.6));
#3659=CARTESIAN_POINT('Ctrl Pts',(4.87238130729343,4.41303762856482,0.6));
#3660=CARTESIAN_POINT('',(4.87238130729343,4.41303762856482,0.));
#3661=CARTESIAN_POINT('',(4.87238130729343,4.41303762856482,0.));
#3662=CARTESIAN_POINT('Ctrl Pts',(6.31342951282956,4.9728999219092,0.));
#3663=CARTESIAN_POINT('Ctrl Pts',(6.03878164110528,4.95345895775199,0.));
#3664=CARTESIAN_POINT('Ctrl Pts',(5.50004658353341,4.91532456814709,0.));
#3665=CARTESIAN_POINT('Ctrl Pts',(5.0788508686629,4.57826417211112,0.));
#3666=CARTESIAN_POINT('Ctrl Pts',(4.87238130729343,4.41303762856482,0.));
#3667=CARTESIAN_POINT('Ctrl Pts',(4.28975742382414,2.98582546108571,0.));
#3668=CARTESIAN_POINT('Ctrl Pts',(4.28975742382414,2.98582546108571,0.66));
#3669=CARTESIAN_POINT('Ctrl Pts',(4.31428743979848,3.258446465432,0.));
#3670=CARTESIAN_POINT('Ctrl Pts',(4.31428743979848,3.258446465432,0.66));
#3671=CARTESIAN_POINT('Ctrl Pts',(4.36251066491804,3.79438839382968,0.));
#3672=CARTESIAN_POINT('Ctrl Pts',(4.36251066491804,3.79438839382968,0.66));
#3673=CARTESIAN_POINT('Ctrl Pts',(4.70440201451688,4.20922071444829,0.));
#3674=CARTESIAN_POINT('Ctrl Pts',(4.70440201451688,4.20922071444829,0.66));
#3675=CARTESIAN_POINT('Ctrl Pts',(4.87238130729343,4.41303762856482,0.));
#3676=CARTESIAN_POINT('Ctrl Pts',(4.87238130729343,4.41303762856482,0.66));
#3677=CARTESIAN_POINT('',(4.28975742382414,2.98582546108571,0.6));
#3678=CARTESIAN_POINT('Ctrl Pts',(4.87238130729343,4.41303762856482,0.6));
#3679=CARTESIAN_POINT('Ctrl Pts',(4.70440201451688,4.20922071444829,0.6));
#3680=CARTESIAN_POINT('Ctrl Pts',(4.53642272174033,4.00540380033176,0.6));
#3681=CARTESIAN_POINT('Ctrl Pts',(4.43933458872645,3.77235116112902,0.6));
#3682=CARTESIAN_POINT('Ctrl Pts',(4.33881745577281,3.53106746977829,0.6));
#3683=CARTESIAN_POINT('Ctrl Pts',(4.31428743979848,3.258446465432,0.6));
#3684=CARTESIAN_POINT('Ctrl Pts',(4.28975742382414,2.98582546108571,0.6));
#3685=CARTESIAN_POINT('',(4.28975742382414,2.98582546108571,0.));
#3686=CARTESIAN_POINT('',(4.28975742382414,2.98582546108571,0.));
#3687=CARTESIAN_POINT('Ctrl Pts',(4.87238130729343,4.41303762856482,0.));
#3688=CARTESIAN_POINT('Ctrl Pts',(4.70440201451688,4.20922071444829,0.));
#3689=CARTESIAN_POINT('Ctrl Pts',(4.36251066491804,3.79438839382968,0.));
#3690=CARTESIAN_POINT('Ctrl Pts',(4.31428743979848,3.258446465432,0.));
#3691=CARTESIAN_POINT('Ctrl Pts',(4.28975742382414,2.98582546108571,0.));
#3692=CARTESIAN_POINT('Ctrl Pts',(9.15039247816677,4.51043316928681,0.));
#3693=CARTESIAN_POINT('Ctrl Pts',(9.15039247816677,4.51043316928681,0.66));
#3694=CARTESIAN_POINT('Ctrl Pts',(8.96747697779721,4.72153517217037,0.));
#3695=CARTESIAN_POINT('Ctrl Pts',(8.96747697779721,4.72153517217037,0.66));
#3696=CARTESIAN_POINT('Ctrl Pts',(8.58496126539754,5.16299493287331,0.));
#3697=CARTESIAN_POINT('Ctrl Pts',(8.58496126539754,5.16299493287331,0.66));
#3698=CARTESIAN_POINT('Ctrl Pts',(8.04123609913348,5.37906073860393,0.));
#3699=CARTESIAN_POINT('Ctrl Pts',(8.04123609913348,5.37906073860393,0.66));
#3700=CARTESIAN_POINT('Ctrl Pts',(7.75751531341313,5.49180586053825,0.));
#3701=CARTESIAN_POINT('Ctrl Pts',(7.75751531341313,5.49180586053825,0.66));
#3702=CARTESIAN_POINT('',(7.75751531341313,5.49180586053825,0.6));
#3703=CARTESIAN_POINT('',(9.15039247816677,4.51043316928681,0.6));
#3704=CARTESIAN_POINT('Ctrl Pts',(7.75751531341313,5.49180586053825,0.6));
#3705=CARTESIAN_POINT('Ctrl Pts',(8.04123609913348,5.37906073860393,0.6));
#3706=CARTESIAN_POINT('Ctrl Pts',(8.32495688485384,5.26631561666962,0.6));
#3707=CARTESIAN_POINT('Ctrl Pts',(8.56478278259866,5.09219914109127,0.6));
#3708=CARTESIAN_POINT('Ctrl Pts',(8.78456147742766,4.93263717505393,0.6));
#3709=CARTESIAN_POINT('Ctrl Pts',(8.96747697779721,4.72153517217037,0.6));
#3710=CARTESIAN_POINT('Ctrl Pts',(9.15039247816677,4.51043316928681,0.6));
#3711=CARTESIAN_POINT('',(9.15039247816677,4.51043316928681,0.));
#3712=CARTESIAN_POINT('',(9.15039247816677,4.51043316928681,0.));
#3713=CARTESIAN_POINT('',(7.75751531341313,5.49180586053825,0.));
#3714=CARTESIAN_POINT('Ctrl Pts',(7.75751531341313,5.49180586053825,0.));
#3715=CARTESIAN_POINT('Ctrl Pts',(8.04123609913348,5.37906073860393,0.));
#3716=CARTESIAN_POINT('Ctrl Pts',(8.58496126539754,5.16299493287331,0.));
#3717=CARTESIAN_POINT('Ctrl Pts',(8.96747697779721,4.72153517217037,0.));
#3718=CARTESIAN_POINT('Ctrl Pts',(9.15039247816677,4.51043316928681,0.));
#3719=CARTESIAN_POINT('',(7.75751531341313,5.49180586053825,0.));
#3720=CARTESIAN_POINT('Ctrl Pts',(9.61670855970763,2.90993145229112,0.));
#3721=CARTESIAN_POINT('Ctrl Pts',(9.61670855970763,2.90993145229112,0.66));
#3722=CARTESIAN_POINT('Ctrl Pts',(9.60205242245674,3.204684064377,0.));
#3723=CARTESIAN_POINT('Ctrl Pts',(9.60205242245674,3.204684064377,0.66));
#3724=CARTESIAN_POINT('Ctrl Pts',(9.57364920182149,3.77590711793981,0.));
#3725=CARTESIAN_POINT('Ctrl Pts',(9.57364920182149,3.77590711793981,0.66));
#3726=CARTESIAN_POINT('Ctrl Pts',(9.28843526595697,4.27087164984553,0.));
#3727=CARTESIAN_POINT('Ctrl Pts',(9.28843526595697,4.27087164984553,0.66));
#3728=CARTESIAN_POINT('Ctrl Pts',(9.15039247816677,4.51043316928681,0.));
#3729=CARTESIAN_POINT('Ctrl Pts',(9.15039247816677,4.51043316928681,0.66));
#3730=CARTESIAN_POINT('',(9.61670855970763,2.90993145229112,0.6));
#3731=CARTESIAN_POINT('Ctrl Pts',(9.15039247816677,4.51043316928681,0.6));
#3732=CARTESIAN_POINT('Ctrl Pts',(9.28843526595697,4.27087164984553,0.6));
#3733=CARTESIAN_POINT('Ctrl Pts',(9.42647805374716,4.03131013040424,0.6));
#3734=CARTESIAN_POINT('Ctrl Pts',(9.50436205057744,3.77388479068122,0.6));
#3735=CARTESIAN_POINT('Ctrl Pts',(9.58739628520585,3.49943667646288,0.6));
#3736=CARTESIAN_POINT('Ctrl Pts',(9.60205242245674,3.204684064377,0.6));
#3737=CARTESIAN_POINT('Ctrl Pts',(9.61670855970763,2.90993145229112,0.6));
#3738=CARTESIAN_POINT('',(9.61670855970763,2.90993145229112,0.));
#3739=CARTESIAN_POINT('',(9.61670855970763,2.90993145229112,0.));
#3740=CARTESIAN_POINT('Ctrl Pts',(9.15039247816677,4.51043316928681,0.));
#3741=CARTESIAN_POINT('Ctrl Pts',(9.28843526595697,4.27087164984553,0.));
#3742=CARTESIAN_POINT('Ctrl Pts',(9.57364920182149,3.77590711793981,0.));
#3743=CARTESIAN_POINT('Ctrl Pts',(9.60205242245674,3.204684064377,0.));
#3744=CARTESIAN_POINT('Ctrl Pts',(9.61670855970763,2.90993145229112,0.));
#3745=CARTESIAN_POINT('Ctrl Pts',(8.68984731922194,0.762774102204049,0.));
#3746=CARTESIAN_POINT('Ctrl Pts',(8.68984731922194,0.762774102204049,0.66));
#3747=CARTESIAN_POINT('Ctrl Pts',(8.95726459174874,1.06953634906788,0.));
#3748=CARTESIAN_POINT('Ctrl Pts',(8.95726459174874,1.06953634906788,0.66));
#3749=CARTESIAN_POINT('Ctrl Pts',(9.49487990175811,1.68625074035816,0.));
#3750=CARTESIAN_POINT('Ctrl Pts',(9.49487990175811,1.68625074035816,0.66));
#3751=CARTESIAN_POINT('Ctrl Pts',(9.57595921533334,2.50063377493025,0.));
#3752=CARTESIAN_POINT('Ctrl Pts',(9.57595921533334,2.50063377493025,0.66));
#3753=CARTESIAN_POINT('Ctrl Pts',(9.61670855970763,2.90993145229112,0.));
#3754=CARTESIAN_POINT('Ctrl Pts',(9.61670855970763,2.90993145229112,0.66));
#3755=CARTESIAN_POINT('',(8.68984731922194,0.762774102204049,0.6));
#3756=CARTESIAN_POINT('Ctrl Pts',(9.61670855970763,2.90993145229112,0.6));
#3757=CARTESIAN_POINT('Ctrl Pts',(9.57595921533334,2.50063377493025,0.6));
#3758=CARTESIAN_POINT('Ctrl Pts',(9.53520987095906,2.09133609756938,0.6));
#3759=CARTESIAN_POINT('Ctrl Pts',(9.37914277906802,1.7319681144188,0.6));
#3760=CARTESIAN_POINT('Ctrl Pts',(9.22468186427554,1.37629859593172,0.6));
#3761=CARTESIAN_POINT('Ctrl Pts',(8.95726459174874,1.06953634906788,0.6));
#3762=CARTESIAN_POINT('Ctrl Pts',(8.68984731922194,0.762774102204049,0.6));
#3763=CARTESIAN_POINT('',(8.68984731922194,0.762774102204049,0.));
#3764=CARTESIAN_POINT('',(8.68984731922194,0.762774102204049,0.));
#3765=CARTESIAN_POINT('Ctrl Pts',(9.61670855970763,2.90993145229112,0.));
#3766=CARTESIAN_POINT('Ctrl Pts',(9.57595921533334,2.50063377493025,0.));
#3767=CARTESIAN_POINT('Ctrl Pts',(9.49487990175811,1.68625074035816,0.));
#3768=CARTESIAN_POINT('Ctrl Pts',(8.95726459174874,1.06953634906788,0.));
#3769=CARTESIAN_POINT('Ctrl Pts',(8.68984731922194,0.762774102204049,0.));
#3770=CARTESIAN_POINT('Ctrl Pts',(6.29453105539693,-0.0885299333066158,
0.));
#3771=CARTESIAN_POINT('Ctrl Pts',(6.29453105539693,-0.0885299333066158,
0.66));
#3772=CARTESIAN_POINT('Ctrl Pts',(6.75675483565691,-0.0633867118981835,
0.));
#3773=CARTESIAN_POINT('Ctrl Pts',(6.75675483565691,-0.0633867118981835,
0.66));
#3774=CARTESIAN_POINT('Ctrl Pts',(7.64134853555084,-0.0152681680179256,
0.));
#3775=CARTESIAN_POINT('Ctrl Pts',(7.64134853555084,-0.0152681680179256,
0.66));
#3776=CARTESIAN_POINT('Ctrl Pts',(8.35100518132414,0.511335082605184,0.));
#3777=CARTESIAN_POINT('Ctrl Pts',(8.35100518132414,0.511335082605184,0.66));
#3778=CARTESIAN_POINT('Ctrl Pts',(8.68984731922194,0.762774102204049,0.));
#3779=CARTESIAN_POINT('Ctrl Pts',(8.68984731922194,0.762774102204049,0.66));
#3780=CARTESIAN_POINT('',(6.29453105539693,-0.0885299333066158,0.6));
#3781=CARTESIAN_POINT('Ctrl Pts',(8.68984731922194,0.762774102204049,0.6));
#3782=CARTESIAN_POINT('Ctrl Pts',(8.35100518132414,0.511335082605184,0.6));
#3783=CARTESIAN_POINT('Ctrl Pts',(8.01216304342635,0.259896063006317,0.6));
#3784=CARTESIAN_POINT('Ctrl Pts',(7.63343861554239,0.11754237083675,0.6));
#3785=CARTESIAN_POINT('Ctrl Pts',(7.21897861591688,-0.0382434904897504,
0.6));
#3786=CARTESIAN_POINT('Ctrl Pts',(6.75675483565691,-0.0633867118981835,
0.6));
#3787=CARTESIAN_POINT('Ctrl Pts',(6.29453105539693,-0.0885299333066158,
0.6));
#3788=CARTESIAN_POINT('',(6.29453105539693,-0.0885299333066158,0.));
#3789=CARTESIAN_POINT('',(6.29453105539693,-0.0885299333066158,0.));
#3790=CARTESIAN_POINT('Ctrl Pts',(8.68984731922194,0.762774102204049,0.));
#3791=CARTESIAN_POINT('Ctrl Pts',(8.35100518132414,0.511335082605184,0.));
#3792=CARTESIAN_POINT('Ctrl Pts',(7.64134853555084,-0.0152681680179256,
0.));
#3793=CARTESIAN_POINT('Ctrl Pts',(6.75675483565691,-0.0633867118981835,
0.));
#3794=CARTESIAN_POINT('Ctrl Pts',(6.29453105539693,-0.0885299333066158,
0.));
#3795=CARTESIAN_POINT('Ctrl Pts',(3.91517951803816,0.809752971482467,0.));
#3796=CARTESIAN_POINT('Ctrl Pts',(3.91517951803816,0.809752971482467,0.66));
#3797=CARTESIAN_POINT('Ctrl Pts',(4.24926433504241,0.551176748259452,0.));
#3798=CARTESIAN_POINT('Ctrl Pts',(4.24926433504241,0.551176748259452,0.66));
#3799=CARTESIAN_POINT('Ctrl Pts',(4.9485947974495,0.00990632664751301,0.));
#3800=CARTESIAN_POINT('Ctrl Pts',(4.9485947974495,0.00990632664751301,0.66));
#3801=CARTESIAN_POINT('Ctrl Pts',(5.83275349567279,-0.054757415743778,0.));
#3802=CARTESIAN_POINT('Ctrl Pts',(5.83275349567279,-0.054757415743778,0.66));
#3803=CARTESIAN_POINT('Ctrl Pts',(6.29453105539693,-0.0885299333066158,
0.));
#3804=CARTESIAN_POINT('Ctrl Pts',(6.29453105539693,-0.0885299333066158,
0.66));
#3805=CARTESIAN_POINT('',(3.91517951803816,0.809752971482467,0.6));
#3806=CARTESIAN_POINT('Ctrl Pts',(6.29453105539693,-0.0885299333066159,
0.6));
#3807=CARTESIAN_POINT('Ctrl Pts',(5.83275349567279,-0.054757415743778,0.6));
#3808=CARTESIAN_POINT('Ctrl Pts',(5.37097593594864,-0.0209848981809406,
0.6));
#3809=CARTESIAN_POINT('Ctrl Pts',(4.95961497215955,0.142794196894833,0.6));
#3810=CARTESIAN_POINT('Ctrl Pts',(4.58334915204665,0.292600525036433,0.6));
#3811=CARTESIAN_POINT('Ctrl Pts',(4.24926433504241,0.551176748259452,0.6));
#3812=CARTESIAN_POINT('Ctrl Pts',(3.91517951803816,0.809752971482467,0.6));
#3813=CARTESIAN_POINT('',(3.91517951803816,0.809752971482467,0.));
#3814=CARTESIAN_POINT('',(3.91517951803816,0.809752971482467,0.));
#3815=CARTESIAN_POINT('Ctrl Pts',(6.29453105539693,-0.0885299333066158,
0.));
#3816=CARTESIAN_POINT('Ctrl Pts',(5.83275349567279,-0.054757415743778,0.));
#3817=CARTESIAN_POINT('Ctrl Pts',(4.9485947974495,0.00990632664751301,0.));
#3818=CARTESIAN_POINT('Ctrl Pts',(4.24926433504241,0.551176748259452,0.));
#3819=CARTESIAN_POINT('Ctrl Pts',(3.91517951803816,0.809752971482467,0.));
#3820=CARTESIAN_POINT('Ctrl Pts',(3.02793472709316,3.0041608492601,0.));
#3821=CARTESIAN_POINT('Ctrl Pts',(3.02793472709316,3.0041608492601,0.66));
#3822=CARTESIAN_POINT('Ctrl Pts',(3.0603045973233,2.58691694406763,0.));
#3823=CARTESIAN_POINT('Ctrl Pts',(3.0603045973233,2.58691694406763,0.66));
#3824=CARTESIAN_POINT('Ctrl Pts',(3.12436649037963,1.7611665087768,0.));
#3825=CARTESIAN_POINT('Ctrl Pts',(3.12436649037963,1.7611665087768,0.66));
#3826=CARTESIAN_POINT('Ctrl Pts',(3.6534412455841,1.12464578044155,0.));
#3827=CARTESIAN_POINT('Ctrl Pts',(3.6534412455841,1.12464578044155,0.66));
#3828=CARTESIAN_POINT('Ctrl Pts',(3.91517951803816,0.809752971482467,0.));
#3829=CARTESIAN_POINT('Ctrl Pts',(3.91517951803816,0.809752971482467,0.66));
#3830=CARTESIAN_POINT('',(3.02793472709316,3.0041608492601,0.6));
#3831=CARTESIAN_POINT('Ctrl Pts',(3.91517951803816,0.809752971482467,0.6));
#3832=CARTESIAN_POINT('Ctrl Pts',(3.6534412455841,1.12464578044155,0.6));
#3833=CARTESIAN_POINT('Ctrl Pts',(3.39170297313003,1.43953858940062,0.6));
#3834=CARTESIAN_POINT('Ctrl Pts',(3.24377075052022,1.80074298931724,0.6));
#3835=CARTESIAN_POINT('Ctrl Pts',(3.09267446755344,2.16967303887515,0.6));
#3836=CARTESIAN_POINT('Ctrl Pts',(3.0603045973233,2.58691694406763,0.6));
#3837=CARTESIAN_POINT('Ctrl Pts',(3.02793472709316,3.0041608492601,0.6));
#3838=CARTESIAN_POINT('',(3.02793472709316,3.0041608492601,0.));
#3839=CARTESIAN_POINT('',(3.02793472709316,3.0041608492601,0.));
#3840=CARTESIAN_POINT('Ctrl Pts',(3.91517951803816,0.809752971482467,0.));
#3841=CARTESIAN_POINT('Ctrl Pts',(3.6534412455841,1.12464578044155,0.));
#3842=CARTESIAN_POINT('Ctrl Pts',(3.12436649037963,1.7611665087768,0.));
#3843=CARTESIAN_POINT('Ctrl Pts',(3.0603045973233,2.58691694406763,0.));
#3844=CARTESIAN_POINT('Ctrl Pts',(3.02793472709316,3.0041608492601,0.));
#3845=CARTESIAN_POINT('Ctrl Pts',(3.5373637842008,4.6332775471394,0.));
#3846=CARTESIAN_POINT('Ctrl Pts',(3.5373637842008,4.6332775471394,0.66));
#3847=CARTESIAN_POINT('Ctrl Pts',(3.3910254098007,4.39513568621819,0.));
#3848=CARTESIAN_POINT('Ctrl Pts',(3.3910254098007,4.39513568621819,0.66));
#3849=CARTESIAN_POINT('Ctrl Pts',(3.08433239217555,3.89604277058207,0.));
#3850=CARTESIAN_POINT('Ctrl Pts',(3.08433239217555,3.89604277058207,0.66));
#3851=CARTESIAN_POINT('Ctrl Pts',(3.04729812021357,3.31037672245838,0.));
#3852=CARTESIAN_POINT('Ctrl Pts',(3.04729812021357,3.31037672245838,0.66));
#3853=CARTESIAN_POINT('Ctrl Pts',(3.02793472709316,3.0041608492601,0.));
#3854=CARTESIAN_POINT('Ctrl Pts',(3.02793472709316,3.0041608492601,0.66));
#3855=CARTESIAN_POINT('',(3.5373637842008,4.6332775471394,0.6));
#3856=CARTESIAN_POINT('Ctrl Pts',(3.02793472709316,3.0041608492601,0.6));
#3857=CARTESIAN_POINT('Ctrl Pts',(3.04729812021357,3.31037672245838,0.6));
#3858=CARTESIAN_POINT('Ctrl Pts',(3.06666151333399,3.61659259565665,0.6));
#3859=CARTESIAN_POINT('Ctrl Pts',(3.1597422730363,3.89914172914643,0.6));
#3860=CARTESIAN_POINT('Ctrl Pts',(3.2446870354006,4.15699382529697,0.6));
#3861=CARTESIAN_POINT('Ctrl Pts',(3.3910254098007,4.39513568621819,0.6));
#3862=CARTESIAN_POINT('Ctrl Pts',(3.5373637842008,4.6332775471394,0.6));
#3863=CARTESIAN_POINT('',(3.5373637842008,4.6332775471394,0.));
#3864=CARTESIAN_POINT('',(3.5373637842008,4.6332775471394,0.));
#3865=CARTESIAN_POINT('Ctrl Pts',(3.02793472709316,3.0041608492601,0.));
#3866=CARTESIAN_POINT('Ctrl Pts',(3.04729812021357,3.31037672245838,0.));
#3867=CARTESIAN_POINT('Ctrl Pts',(3.08433239217555,3.89604277058207,0.));
#3868=CARTESIAN_POINT('Ctrl Pts',(3.3910254098007,4.39513568621819,0.));
#3869=CARTESIAN_POINT('Ctrl Pts',(3.5373637842008,4.6332775471394,0.));
#3870=CARTESIAN_POINT('Ctrl Pts',(4.95408478861896,5.51738675649977,0.));
#3871=CARTESIAN_POINT('Ctrl Pts',(4.95408478861896,5.51738675649977,0.66));
#3872=CARTESIAN_POINT('Ctrl Pts',(4.66941483366741,5.42728489845676,0.));
#3873=CARTESIAN_POINT('Ctrl Pts',(4.66941483366741,5.42728489845676,0.66));
#3874=CARTESIAN_POINT('Ctrl Pts',(4.12057638649196,5.25357017023978,0.));
#3875=CARTESIAN_POINT('Ctrl Pts',(4.12057638649196,5.25357017023978,0.66));
#3876=CARTESIAN_POINT('Ctrl Pts',(3.72686572609942,4.83482781570549,0.));
#3877=CARTESIAN_POINT('Ctrl Pts',(3.72686572609942,4.83482781570549,0.66));
#3878=CARTESIAN_POINT('Ctrl Pts',(3.5373637842008,4.6332775471394,0.));
#3879=CARTESIAN_POINT('Ctrl Pts',(3.5373637842008,4.6332775471394,0.66));
#3880=CARTESIAN_POINT('',(4.95408478861896,5.51738675649977,0.6));
#3881=CARTESIAN_POINT('Ctrl Pts',(3.5373637842008,4.6332775471394,0.6));
#3882=CARTESIAN_POINT('Ctrl Pts',(3.72686572609942,4.83482781570549,0.6));
#3883=CARTESIAN_POINT('Ctrl Pts',(3.91636766799804,5.03637808427158,0.6));
#3884=CARTESIAN_POINT('Ctrl Pts',(4.1418083276022,5.18116238669518,0.6));
#3885=CARTESIAN_POINT('Ctrl Pts',(4.38474487871585,5.33718304041375,0.6));
#3886=CARTESIAN_POINT('Ctrl Pts',(4.66941483366741,5.42728489845676,0.6));
#3887=CARTESIAN_POINT('Ctrl Pts',(4.95408478861896,5.51738675649977,0.6));
#3888=CARTESIAN_POINT('',(4.95408478861896,5.51738675649977,0.));
#3889=CARTESIAN_POINT('',(4.95408478861896,5.51738675649977,0.));
#3890=CARTESIAN_POINT('Ctrl Pts',(3.5373637842008,4.6332775471394,0.));
#3891=CARTESIAN_POINT('Ctrl Pts',(3.72686572609942,4.83482781570549,0.));
#3892=CARTESIAN_POINT('Ctrl Pts',(4.12057638649196,5.25357017023978,0.));
#3893=CARTESIAN_POINT('Ctrl Pts',(4.66941483366741,5.42728489845676,0.));
#3894=CARTESIAN_POINT('Ctrl Pts',(4.95408478861896,5.51738675649977,0.));
#3895=CARTESIAN_POINT('Ctrl Pts',(5.17393801267379,6.43629165258745,0.));
#3896=CARTESIAN_POINT('Ctrl Pts',(5.17393801267379,6.43629165258745,0.66));
#3897=CARTESIAN_POINT('Ctrl Pts',(5.04217083585182,6.60154640120612,0.));
#3898=CARTESIAN_POINT('Ctrl Pts',(5.04217083585182,6.60154640120612,0.66));
#3899=CARTESIAN_POINT('Ctrl Pts',(4.77096601064937,6.94167575886516,0.));
#3900=CARTESIAN_POINT('Ctrl Pts',(4.77096601064937,6.94167575886516,0.66));
#3901=CARTESIAN_POINT('Ctrl Pts',(4.74226735207654,7.37648072834319,0.));
#3902=CARTESIAN_POINT('Ctrl Pts',(4.74226735207654,7.37648072834319,0.66));
#3903=CARTESIAN_POINT('Ctrl Pts',(4.72751218147777,7.60003199592445,0.));
#3904=CARTESIAN_POINT('Ctrl Pts',(4.72751218147777,7.60003199592445,0.66));
#3905=CARTESIAN_POINT('',(5.17393801267379,6.43629165258745,0.6));
#3906=CARTESIAN_POINT('Ctrl Pts',(4.72751218147777,7.60003199592445,0.6));
#3907=CARTESIAN_POINT('Ctrl Pts',(4.74226735207654,7.37648072834319,0.6));
#3908=CARTESIAN_POINT('Ctrl Pts',(4.7570225226753,7.15292946076192,0.6));
#3909=CARTESIAN_POINT('Ctrl Pts',(4.83588212608847,6.95440488211547,0.6));
#3910=CARTESIAN_POINT('Ctrl Pts',(4.91040365902985,6.76680114982479,0.6));
#3911=CARTESIAN_POINT('Ctrl Pts',(5.04217083585182,6.60154640120612,0.6));
#3912=CARTESIAN_POINT('Ctrl Pts',(5.17393801267379,6.43629165258745,0.6));
#3913=CARTESIAN_POINT('',(5.17393801267379,6.43629165258745,0.));
#3914=CARTESIAN_POINT('',(5.17393801267379,6.43629165258745,0.));
#3915=CARTESIAN_POINT('Ctrl Pts',(4.72751218147777,7.60003199592445,0.));
#3916=CARTESIAN_POINT('Ctrl Pts',(4.74226735207654,7.37648072834319,0.));
#3917=CARTESIAN_POINT('Ctrl Pts',(4.77096601064937,6.94167575886516,0.));
#3918=CARTESIAN_POINT('Ctrl Pts',(5.04217083585182,6.60154640120612,0.));
#3919=CARTESIAN_POINT('Ctrl Pts',(5.17393801267379,6.43629165258745,0.));
#3920=CARTESIAN_POINT('Ctrl Pts',(6.35668384169896,5.97527591572995,0.));
#3921=CARTESIAN_POINT('Ctrl Pts',(6.35668384169896,5.97527591572995,0.66));
#3922=CARTESIAN_POINT('Ctrl Pts',(6.12790069227931,5.9932625907354,0.));
#3923=CARTESIAN_POINT('Ctrl Pts',(6.12790069227931,5.9932625907354,0.66));
#3924=CARTESIAN_POINT('Ctrl Pts',(5.6862738265839,6.02798280036225,0.));
#3925=CARTESIAN_POINT('Ctrl Pts',(5.6862738265839,6.02798280036225,0.66));
#3926=CARTESIAN_POINT('Ctrl Pts',(5.3405573560297,6.30350344806013,0.));
#3927=CARTESIAN_POINT('Ctrl Pts',(5.3405573560297,6.30350344806013,0.66));
#3928=CARTESIAN_POINT('Ctrl Pts',(5.17393801267379,6.43629165258745,0.));
#3929=CARTESIAN_POINT('Ctrl Pts',(5.17393801267379,6.43629165258745,0.66));
#3930=CARTESIAN_POINT('',(6.35668384169896,5.97527591572995,0.6));
#3931=CARTESIAN_POINT('Ctrl Pts',(5.17393801267379,6.43629165258745,0.6));
#3932=CARTESIAN_POINT('Ctrl Pts',(5.3405573560297,6.30350344806013,0.6));
#3933=CARTESIAN_POINT('Ctrl Pts',(5.5071766993856,6.17071524353281,0.6));
#3934=CARTESIAN_POINT('Ctrl Pts',(5.69607405180077,6.09386002033587,0.6));
#3935=CARTESIAN_POINT('Ctrl Pts',(5.89911754285965,6.01124926574085,0.6));
#3936=CARTESIAN_POINT('Ctrl Pts',(6.12790069227931,5.9932625907354,0.6));
#3937=CARTESIAN_POINT('Ctrl Pts',(6.35668384169896,5.97527591572995,0.6));
#3938=CARTESIAN_POINT('',(6.35668384169896,5.97527591572995,0.));
#3939=CARTESIAN_POINT('',(6.35668384169896,5.97527591572995,0.));
#3940=CARTESIAN_POINT('Ctrl Pts',(5.17393801267379,6.43629165258745,0.));
#3941=CARTESIAN_POINT('Ctrl Pts',(5.3405573560297,6.30350344806013,0.));
#3942=CARTESIAN_POINT('Ctrl Pts',(5.6862738265839,6.02798280036225,0.));
#3943=CARTESIAN_POINT('Ctrl Pts',(6.12790069227931,5.9932625907354,0.));
#3944=CARTESIAN_POINT('Ctrl Pts',(6.35668384169896,5.97527591572995,0.));
#3945=CARTESIAN_POINT('Ctrl Pts',(7.52374096362821,6.41143932252798,0.));
#3946=CARTESIAN_POINT('Ctrl Pts',(7.52374096362821,6.41143932252798,0.66));
#3947=CARTESIAN_POINT('Ctrl Pts',(7.35730871606778,6.28267074197556,0.));
#3948=CARTESIAN_POINT('Ctrl Pts',(7.35730871606778,6.28267074197556,0.66));
#3949=CARTESIAN_POINT('Ctrl Pts',(7.01405614736957,6.01709633142636,0.));
#3950=CARTESIAN_POINT('Ctrl Pts',(7.01405614736957,6.01709633142636,0.66));
#3951=CARTESIAN_POINT('Ctrl Pts',(6.58018478640772,5.98949449831341,0.));
#3952=CARTESIAN_POINT('Ctrl Pts',(6.58018478640772,5.98949449831341,0.66));
#3953=CARTESIAN_POINT('Ctrl Pts',(6.35668384169896,5.97527591572995,0.));
#3954=CARTESIAN_POINT('Ctrl Pts',(6.35668384169896,5.97527591572995,0.66));
#3955=CARTESIAN_POINT('',(7.52374096362821,6.41143932252798,0.6));
#3956=CARTESIAN_POINT('Ctrl Pts',(6.35668384169896,5.97527591572995,0.6));
#3957=CARTESIAN_POINT('Ctrl Pts',(6.58018478640772,5.98949449831341,0.6));
#3958=CARTESIAN_POINT('Ctrl Pts',(6.80368573111649,6.00371308089688,0.6));
#3959=CARTESIAN_POINT('Ctrl Pts',(7.00314000115058,6.0810802556008,0.6));
#3960=CARTESIAN_POINT('Ctrl Pts',(7.19087646850736,6.15390216142315,0.6));
#3961=CARTESIAN_POINT('Ctrl Pts',(7.35730871606778,6.28267074197556,0.6));
#3962=CARTESIAN_POINT('Ctrl Pts',(7.52374096362821,6.41143932252798,0.6));
#3963=CARTESIAN_POINT('',(7.52374096362821,6.41143932252798,0.));
#3964=CARTESIAN_POINT('',(7.52374096362821,6.41143932252798,0.));
#3965=CARTESIAN_POINT('Ctrl Pts',(6.35668384169896,5.97527591572995,0.));
#3966=CARTESIAN_POINT('Ctrl Pts',(6.58018478640772,5.98949449831341,0.));
#3967=CARTESIAN_POINT('Ctrl Pts',(7.01405614736957,6.01709633142636,0.));
#3968=CARTESIAN_POINT('Ctrl Pts',(7.35730871606778,6.28267074197556,0.));
#3969=CARTESIAN_POINT('Ctrl Pts',(7.52374096362821,6.41143932252798,0.));
#3970=CARTESIAN_POINT('Ctrl Pts',(7.98732688723358,7.50207047727911,0.));
#3971=CARTESIAN_POINT('Ctrl Pts',(7.98732688723358,7.50207047727911,0.66));
#3972=CARTESIAN_POINT('Ctrl Pts',(7.96691373925583,7.29499877934716,0.));
#3973=CARTESIAN_POINT('Ctrl Pts',(7.96691373925583,7.29499877934716,0.66));
#3974=CARTESIAN_POINT('Ctrl Pts',(7.92628892267538,6.88289919741807,0.));
#3975=CARTESIAN_POINT('Ctrl Pts',(7.92628892267538,6.88289919741807,0.66));
#3976=CARTESIAN_POINT('Ctrl Pts',(7.65747922809994,6.56807215103642,0.));
#3977=CARTESIAN_POINT('Ctrl Pts',(7.65747922809994,6.56807215103642,0.66));
#3978=CARTESIAN_POINT('Ctrl Pts',(7.52374096362821,6.41143932252798,0.));
#3979=CARTESIAN_POINT('Ctrl Pts',(7.52374096362821,6.41143932252798,0.66));
#3980=CARTESIAN_POINT('Ctrl Pts',(7.52374096362821,6.41143932252798,0.6));
#3981=CARTESIAN_POINT('Ctrl Pts',(7.65944637025712,6.57037604694366,0.6));
#3982=CARTESIAN_POINT('Ctrl Pts',(7.79254411128815,6.72625870123204,0.6));
#3983=CARTESIAN_POINT('Ctrl Pts',(7.94670207065313,7.08997089535001,0.6));
#3984=CARTESIAN_POINT('Ctrl Pts',(7.96701447894336,7.29602068631456,0.6));
#3985=CARTESIAN_POINT('Ctrl Pts',(7.98732688723358,7.50207047727911,0.6));
#3986=CARTESIAN_POINT('Ctrl Pts',(7.52374096362821,6.41143932252798,0.));
#3987=CARTESIAN_POINT('Ctrl Pts',(7.65747922809994,6.56807215103642,0.));
#3988=CARTESIAN_POINT('Ctrl Pts',(7.92628892267538,6.88289919741807,0.));
#3989=CARTESIAN_POINT('Ctrl Pts',(7.96691373925583,7.29499877934716,0.));
#3990=CARTESIAN_POINT('Ctrl Pts',(7.98732688723358,7.50207047727911,0.));
#3991=CARTESIAN_POINT('Ctrl Pts',(4.52945000224679,1.96722473883817,0.));
#3992=CARTESIAN_POINT('Ctrl Pts',(4.52945000224679,1.96722473883817,0.66));
#3993=CARTESIAN_POINT('Ctrl Pts',(4.45833466861259,2.13190938326759,0.));
#3994=CARTESIAN_POINT('Ctrl Pts',(4.45833466861259,2.13190938326759,0.66));
#3995=CARTESIAN_POINT('Ctrl Pts',(4.31783258486569,2.45727572159442,0.));
#3996=CARTESIAN_POINT('Ctrl Pts',(4.31783258486569,2.45727572159442,0.66));
#3997=CARTESIAN_POINT('Ctrl Pts',(4.29903873787855,2.81109320867467,0.));
#3998=CARTESIAN_POINT('Ctrl Pts',(4.29903873787855,2.81109320867467,0.66));
#3999=CARTESIAN_POINT('Ctrl Pts',(4.28975742382414,2.98582546108571,0.));
#4000=CARTESIAN_POINT('Ctrl Pts',(4.28975742382414,2.98582546108571,0.66));
#4001=CARTESIAN_POINT('',(4.52945000224679,1.96722473883817,0.6));
#4002=CARTESIAN_POINT('Ctrl Pts',(4.28975742382414,2.98582546108571,0.6));
#4003=CARTESIAN_POINT('Ctrl Pts',(4.29903873787855,2.81109320867467,0.6));
#4004=CARTESIAN_POINT('Ctrl Pts',(4.30832005193295,2.63636095626363,0.6));
#4005=CARTESIAN_POINT('Ctrl Pts',(4.34728434833874,2.46856755177947,0.6));
#4006=CARTESIAN_POINT('Ctrl Pts',(4.38721933497839,2.29659402769701,0.6));
#4007=CARTESIAN_POINT('Ctrl Pts',(4.45833466861259,2.13190938326759,0.6));
#4008=CARTESIAN_POINT('Ctrl Pts',(4.52945000224679,1.96722473883817,0.6));
#4009=CARTESIAN_POINT('',(4.52945000224679,1.96722473883817,0.));
#4010=CARTESIAN_POINT('',(4.52945000224679,1.96722473883817,0.));
#4011=CARTESIAN_POINT('Ctrl Pts',(4.28975742382414,2.98582546108571,0.));
#4012=CARTESIAN_POINT('Ctrl Pts',(4.29903873787855,2.81109320867467,0.));
#4013=CARTESIAN_POINT('Ctrl Pts',(4.31783258486569,2.45727572159442,0.));
#4014=CARTESIAN_POINT('Ctrl Pts',(4.45833466861259,2.13190938326759,0.));
#4015=CARTESIAN_POINT('Ctrl Pts',(4.52945000224679,1.96722473883817,0.));
#4016=CARTESIAN_POINT('Ctrl Pts',(5.26258844786986,1.19993014525068,0.));
#4017=CARTESIAN_POINT('Ctrl Pts',(5.26258844786986,1.19993014525068,0.66));
#4018=CARTESIAN_POINT('Ctrl Pts',(5.11006728664704,1.29999738515061,0.));
#4019=CARTESIAN_POINT('Ctrl Pts',(5.11006728664704,1.29999738515061,0.66));
#4020=CARTESIAN_POINT('Ctrl Pts',(4.80642201773881,1.49921527547292,0.));
#4021=CARTESIAN_POINT('Ctrl Pts',(4.80642201773881,1.49921527547292,0.66));
#4022=CARTESIAN_POINT('Ctrl Pts',(4.62149038765837,1.81170082676394,0.));
#4023=CARTESIAN_POINT('Ctrl Pts',(4.62149038765837,1.81170082676394,0.66));
#4024=CARTESIAN_POINT('Ctrl Pts',(4.52945000224679,1.96722473883817,0.));
#4025=CARTESIAN_POINT('Ctrl Pts',(4.52945000224679,1.96722473883817,0.66));
#4026=CARTESIAN_POINT('',(5.26258844786986,1.19993014525068,0.6));
#4027=CARTESIAN_POINT('Ctrl Pts',(4.52945000224679,1.96722473883817,0.6));
#4028=CARTESIAN_POINT('Ctrl Pts',(4.62149038765837,1.81170082676394,0.6));
#4029=CARTESIAN_POINT('Ctrl Pts',(4.71353077306994,1.65617691468971,0.6));
#4030=CARTESIAN_POINT('Ctrl Pts',(4.83497709930012,1.52870994845589,0.6));
#4031=CARTESIAN_POINT('Ctrl Pts',(4.95754612542421,1.40006462505054,0.6));
#4032=CARTESIAN_POINT('Ctrl Pts',(5.11006728664704,1.29999738515061,0.6));
#4033=CARTESIAN_POINT('Ctrl Pts',(5.26258844786986,1.19993014525068,0.6));
#4034=CARTESIAN_POINT('',(5.26258844786986,1.19993014525068,0.));
#4035=CARTESIAN_POINT('',(5.26258844786986,1.19993014525068,0.));
#4036=CARTESIAN_POINT('Ctrl Pts',(4.52945000224679,1.96722473883817,0.));
#4037=CARTESIAN_POINT('Ctrl Pts',(4.62149038765837,1.81170082676394,0.));
#4038=CARTESIAN_POINT('Ctrl Pts',(4.80642201773881,1.49921527547292,0.));
#4039=CARTESIAN_POINT('Ctrl Pts',(5.11006728664704,1.29999738515061,0.));
#4040=CARTESIAN_POINT('Ctrl Pts',(5.26258844786986,1.19993014525068,0.));
#4041=CARTESIAN_POINT('Ctrl Pts',(6.31738471094416,0.920853653209259,0.));
#4042=CARTESIAN_POINT('Ctrl Pts',(6.31738471094416,0.920853653209259,0.66));
#4043=CARTESIAN_POINT('Ctrl Pts',(6.13212710545138,0.933645878726534,0.));
#4044=CARTESIAN_POINT('Ctrl Pts',(6.13212710545138,0.933645878726534,0.66));
#4045=CARTESIAN_POINT('Ctrl Pts',(5.76264033840603,0.959159314664131,0.));
#4046=CARTESIAN_POINT('Ctrl Pts',(5.76264033840603,0.959159314664131,0.66));
#4047=CARTESIAN_POINT('Ctrl Pts',(5.42896282102457,1.11982226690665,0.));
#4048=CARTESIAN_POINT('Ctrl Pts',(5.42896282102457,1.11982226690665,0.66));
#4049=CARTESIAN_POINT('Ctrl Pts',(5.26258844786986,1.19993014525068,0.));
#4050=CARTESIAN_POINT('Ctrl Pts',(5.26258844786986,1.19993014525068,0.66));
#4051=CARTESIAN_POINT('',(6.31738471094416,0.920853653209259,0.6));
#4052=CARTESIAN_POINT('Ctrl Pts',(5.26258844786986,1.19993014525068,0.6));
#4053=CARTESIAN_POINT('Ctrl Pts',(5.42896282102457,1.11982226690665,0.6));
#4054=CARTESIAN_POINT('Ctrl Pts',(5.59533719417927,1.03971438856261,0.6));
#4055=CARTESIAN_POINT('Ctrl Pts',(5.77061411267421,0.993206060834916,0.6));
#4056=CARTESIAN_POINT('Ctrl Pts',(5.9468694999586,0.946438104243808,0.6));
#4057=CARTESIAN_POINT('Ctrl Pts',(6.13212710545138,0.933645878726534,0.6));
#4058=CARTESIAN_POINT('Ctrl Pts',(6.31738471094416,0.920853653209259,0.6));
#4059=CARTESIAN_POINT('',(6.31738471094416,0.920853653209259,0.));
#4060=CARTESIAN_POINT('',(6.31738471094416,0.920853653209259,0.));
#4061=CARTESIAN_POINT('Ctrl Pts',(5.26258844786986,1.19993014525068,0.));
#4062=CARTESIAN_POINT('Ctrl Pts',(5.42896282102457,1.11982226690665,0.));
#4063=CARTESIAN_POINT('Ctrl Pts',(5.76264033840603,0.959159314664131,0.));
#4064=CARTESIAN_POINT('Ctrl Pts',(6.13212710545138,0.933645878726534,0.));
#4065=CARTESIAN_POINT('Ctrl Pts',(6.31738471094416,0.920853653209259,0.));
#4066=CARTESIAN_POINT('Ctrl Pts',(7.77542315400696,1.47373947358932,0.));
#4067=CARTESIAN_POINT('Ctrl Pts',(7.77542315400696,1.47373947358932,0.66));
#4068=CARTESIAN_POINT('Ctrl Pts',(7.56666904766614,1.31053387600193,0.));
#4069=CARTESIAN_POINT('Ctrl Pts',(7.56666904766614,1.31053387600193,0.66));
#4070=CARTESIAN_POINT('Ctrl Pts',(7.13856297540501,0.975837191089317,0.));
#4071=CARTESIAN_POINT('Ctrl Pts',(7.13856297540501,0.975837191089317,0.66));
#4072=CARTESIAN_POINT('Ctrl Pts',(6.59559126033917,0.939481496893337,0.));
#4073=CARTESIAN_POINT('Ctrl Pts',(6.59559126033917,0.939481496893337,0.66));
#4074=CARTESIAN_POINT('Ctrl Pts',(6.31738471094416,0.920853653209259,0.));
#4075=CARTESIAN_POINT('Ctrl Pts',(6.31738471094416,0.920853653209259,0.66));
#4076=CARTESIAN_POINT('',(7.77542315400696,1.47373947358932,0.6));
#4077=CARTESIAN_POINT('Ctrl Pts',(6.31738471094416,0.920853653209259,0.6));
#4078=CARTESIAN_POINT('Ctrl Pts',(6.58887056847708,0.939031500307247,0.6));
#4079=CARTESIAN_POINT('Ctrl Pts',(6.86035642601001,0.957209347405235,0.6));
#4080=CARTESIAN_POINT('Ctrl Pts',(7.3475670576636,1.13923822180977,0.6));
#4081=CARTESIAN_POINT('Ctrl Pts',(7.55199883091708,1.29906458548959,0.6));
#4082=CARTESIAN_POINT('Ctrl Pts',(7.77542315400696,1.47373947358932,0.6));
#4083=CARTESIAN_POINT('',(7.77542315400696,1.47373947358932,0.));
#4084=CARTESIAN_POINT('',(7.77542315400696,1.47373947358932,0.));
#4085=CARTESIAN_POINT('Ctrl Pts',(6.31738471094416,0.920853653209259,0.));
#4086=CARTESIAN_POINT('Ctrl Pts',(6.59559126033917,0.939481496893337,0.));
#4087=CARTESIAN_POINT('Ctrl Pts',(7.13856297540501,0.975837191089317,0.));
#4088=CARTESIAN_POINT('Ctrl Pts',(7.56666904766614,1.31053387600193,0.));
#4089=CARTESIAN_POINT('Ctrl Pts',(7.77542315400696,1.47373947358932,0.));
#4090=CARTESIAN_POINT('Ctrl Pts',(8.36151986173877,2.90774139156895,0.));
#4091=CARTESIAN_POINT('Ctrl Pts',(8.36151986173877,2.90774139156895,0.66));
#4092=CARTESIAN_POINT('Ctrl Pts',(8.33736702257302,2.63194970112615,0.));
#4093=CARTESIAN_POINT('Ctrl Pts',(8.33736702257302,2.63194970112615,0.66));
#4094=CARTESIAN_POINT('Ctrl Pts',(8.29013163751669,2.09258757462821,0.));
#4095=CARTESIAN_POINT('Ctrl Pts',(8.29013163751669,2.09258757462821,0.66));
#4096=CARTESIAN_POINT('Ctrl Pts',(7.94438122815528,1.67688239174931,0.));
#4097=CARTESIAN_POINT('Ctrl Pts',(7.94438122815528,1.67688239174931,0.66));
#4098=CARTESIAN_POINT('Ctrl Pts',(7.77542315400696,1.47373947358932,0.));
#4099=CARTESIAN_POINT('Ctrl Pts',(7.77542315400696,1.47373947358932,0.66));
#4100=CARTESIAN_POINT('Ctrl Pts',(7.77542315400696,1.47373947358932,0.6));
#4101=CARTESIAN_POINT('Ctrl Pts',(7.94438122815528,1.67688239174931,0.6));
#4102=CARTESIAN_POINT('Ctrl Pts',(8.1133393023036,1.88002530990931,0.6));
#4103=CARTESIAN_POINT('Ctrl Pts',(8.21101228856057,2.11269738196961,0.6));
#4104=CARTESIAN_POINT('Ctrl Pts',(8.31321418340727,2.35615801068335,0.6));
#4105=CARTESIAN_POINT('Ctrl Pts',(8.33736702257302,2.63194970112615,0.6));
#4106=CARTESIAN_POINT('Ctrl Pts',(8.36151986173877,2.90774139156895,0.6));
#4107=CARTESIAN_POINT('Ctrl Pts',(7.77542315400696,1.47373947358932,0.));
#4108=CARTESIAN_POINT('Ctrl Pts',(7.94438122815528,1.67688239174931,0.));
#4109=CARTESIAN_POINT('Ctrl Pts',(8.29013163751669,2.09258757462821,0.));
#4110=CARTESIAN_POINT('Ctrl Pts',(8.33736702257302,2.63194970112615,0.));
#4111=CARTESIAN_POINT('Ctrl Pts',(8.36151986173877,2.90774139156895,0.));
#4112=CARTESIAN_POINT('Ctrl Pts',(3.82908124228798,6.32577497950348,0.));
#4113=CARTESIAN_POINT('Ctrl Pts',(3.82908124228798,6.32577497950348,0.66));
#4114=CARTESIAN_POINT('Ctrl Pts',(3.97428479322355,6.15898612859959,0.));
#4115=CARTESIAN_POINT('Ctrl Pts',(3.97428479322355,6.15898612859959,0.66));
#4116=CARTESIAN_POINT('Ctrl Pts',(4.28506007907087,5.80201240115402,0.));
#4117=CARTESIAN_POINT('Ctrl Pts',(4.28506007907087,5.80201240115402,0.66));
#4118=CARTESIAN_POINT('Ctrl Pts',(4.72154091402478,5.61631875298981,0.));
#4119=CARTESIAN_POINT('Ctrl Pts',(4.72154091402478,5.61631875298981,0.66));
#4120=CARTESIAN_POINT('Ctrl Pts',(4.95408478861896,5.51738675649977,0.));
#4121=CARTESIAN_POINT('Ctrl Pts',(4.95408478861896,5.51738675649977,0.66));
#4122=CARTESIAN_POINT('',(3.82908124228798,6.32577497950348,0.6));
#4123=CARTESIAN_POINT('Ctrl Pts',(4.95408478861896,5.51738675649977,0.6));
#4124=CARTESIAN_POINT('Ctrl Pts',(4.72154091402478,5.61631875298981,0.6));
#4125=CARTESIAN_POINT('Ctrl Pts',(4.4889970394306,5.71525074947986,0.6));
#4126=CARTESIAN_POINT('Ctrl Pts',(4.29213390865021,5.86279953872628,0.6));
#4127=CARTESIAN_POINT('Ctrl Pts',(4.11948834415912,5.9921972776957,0.6));
#4128=CARTESIAN_POINT('Ctrl Pts',(3.97428479322355,6.15898612859959,0.6));
#4129=CARTESIAN_POINT('Ctrl Pts',(3.82908124228798,6.32577497950348,0.6));
#4130=CARTESIAN_POINT('',(3.82908124228798,6.32577497950348,0.));
#4131=CARTESIAN_POINT('',(3.82908124228798,6.32577497950348,0.));
#4132=CARTESIAN_POINT('Ctrl Pts',(4.95408478861896,5.51738675649977,0.));
#4133=CARTESIAN_POINT('Ctrl Pts',(4.72154091402478,5.61631875298981,0.));
#4134=CARTESIAN_POINT('Ctrl Pts',(4.28506007907087,5.80201240115402,0.));
#4135=CARTESIAN_POINT('Ctrl Pts',(3.97428479322355,6.15898612859959,0.));
#4136=CARTESIAN_POINT('Ctrl Pts',(3.82908124228798,6.32577497950348,0.));
#4137=CARTESIAN_POINT('Ctrl Pts',(3.47207481823466,7.57055785009739,0.));
#4138=CARTESIAN_POINT('Ctrl Pts',(3.47207481823466,7.57055785009739,0.66));
#4139=CARTESIAN_POINT('Ctrl Pts',(3.48310367141161,7.3411630247679,0.));
#4140=CARTESIAN_POINT('Ctrl Pts',(3.48310367141161,7.3411630247679,0.66));
#4141=CARTESIAN_POINT('Ctrl Pts',(3.50442732073928,6.89764140611698,0.));
#4142=CARTESIAN_POINT('Ctrl Pts',(3.50442732073928,6.89764140611698,0.66));
#4143=CARTESIAN_POINT('Ctrl Pts',(3.72337566785808,6.5119716187863,0.));
#4144=CARTESIAN_POINT('Ctrl Pts',(3.72337566785808,6.5119716187863,0.66));
#4145=CARTESIAN_POINT('Ctrl Pts',(3.82908124228798,6.32577497950348,0.));
#4146=CARTESIAN_POINT('Ctrl Pts',(3.82908124228798,6.32577497950348,0.66));
#4147=CARTESIAN_POINT('',(3.47207481823466,7.57055785009739,0.6));
#4148=CARTESIAN_POINT('Ctrl Pts',(3.82908124228798,6.32577497950348,0.6));
#4149=CARTESIAN_POINT('Ctrl Pts',(3.72337566785808,6.5119716187863,0.6));
#4150=CARTESIAN_POINT('Ctrl Pts',(3.61767009342818,6.69816825806911,0.6));
#4151=CARTESIAN_POINT('Ctrl Pts',(3.55802767159807,6.8978492328832,0.6));
#4152=CARTESIAN_POINT('Ctrl Pts',(3.49413252458857,7.11176819943841,0.6));
#4153=CARTESIAN_POINT('Ctrl Pts',(3.48310367141161,7.3411630247679,0.6));
#4154=CARTESIAN_POINT('Ctrl Pts',(3.47207481823466,7.57055785009739,0.6));
#4155=CARTESIAN_POINT('',(3.47207481823466,7.57055785009739,0.));
#4156=CARTESIAN_POINT('',(3.47207481823466,7.57055785009739,0.));
#4157=CARTESIAN_POINT('Ctrl Pts',(3.82908124228798,6.32577497950348,0.));
#4158=CARTESIAN_POINT('Ctrl Pts',(3.72337566785808,6.5119716187863,0.));
#4159=CARTESIAN_POINT('Ctrl Pts',(3.50442732073928,6.89764140611698,0.));
#4160=CARTESIAN_POINT('Ctrl Pts',(3.48310367141161,7.3411630247679,0.));
#4161=CARTESIAN_POINT('Ctrl Pts',(3.47207481823466,7.57055785009739,0.));
#4162=CARTESIAN_POINT('Ctrl Pts',(4.27323252790866,9.39824860861486,0.));
#4163=CARTESIAN_POINT('Ctrl Pts',(4.27323252790866,9.39824860861486,0.66));
#4164=CARTESIAN_POINT('Ctrl Pts',(4.04204703957477,9.13751291490287,0.));
#4165=CARTESIAN_POINT('Ctrl Pts',(4.04204703957477,9.13751291490287,0.66));
#4166=CARTESIAN_POINT('Ctrl Pts',(3.57839705715735,8.61459903879242,0.));
#4167=CARTESIAN_POINT('Ctrl Pts',(3.57839705715735,8.61459903879242,0.66));
#4168=CARTESIAN_POINT('Ctrl Pts',(3.50758068158809,7.91921100259655,0.));
#4169=CARTESIAN_POINT('Ctrl Pts',(3.50758068158809,7.91921100259655,0.66));
#4170=CARTESIAN_POINT('Ctrl Pts',(3.47207481823466,7.57055785009739,0.));
#4171=CARTESIAN_POINT('Ctrl Pts',(3.47207481823466,7.57055785009739,0.66));
#4172=CARTESIAN_POINT('',(4.27323252790866,9.39824860861486,0.6));
#4173=CARTESIAN_POINT('Ctrl Pts',(3.47207481823466,7.57055785009739,0.6));
#4174=CARTESIAN_POINT('Ctrl Pts',(3.50758068158809,7.91921100259655,0.6));
#4175=CARTESIAN_POINT('Ctrl Pts',(3.54308654494153,8.26786415509572,0.6));
#4176=CARTESIAN_POINT('Ctrl Pts',(3.67734338464427,8.57316054939867,0.6));
#4177=CARTESIAN_POINT('Ctrl Pts',(3.81086155124089,8.87677722119088,0.6));
#4178=CARTESIAN_POINT('Ctrl Pts',(4.04204703957477,9.13751291490287,0.6));
#4179=CARTESIAN_POINT('Ctrl Pts',(4.27323252790866,9.39824860861486,0.6));
#4180=CARTESIAN_POINT('',(4.27323252790866,9.39824860861486,0.));
#4181=CARTESIAN_POINT('',(4.27323252790866,9.39824860861486,0.));
#4182=CARTESIAN_POINT('Ctrl Pts',(3.47207481823466,7.57055785009739,0.));
#4183=CARTESIAN_POINT('Ctrl Pts',(3.50758068158809,7.91921100259655,0.));
#4184=CARTESIAN_POINT('Ctrl Pts',(3.57839705715735,8.61459903879242,0.));
#4185=CARTESIAN_POINT('Ctrl Pts',(4.04204703957477,9.13751291490287,0.));
#4186=CARTESIAN_POINT('Ctrl Pts',(4.27323252790866,9.39824860861486,0.));
#4187=CARTESIAN_POINT('Ctrl Pts',(6.36724204811696,10.1226910971044,0.));
#4188=CARTESIAN_POINT('Ctrl Pts',(6.36724204811696,10.1226910971044,0.66));
#4189=CARTESIAN_POINT('Ctrl Pts',(5.96199931048404,10.1023640155765,0.));
#4190=CARTESIAN_POINT('Ctrl Pts',(5.96199931048404,10.1023640155765,0.66));
#4191=CARTESIAN_POINT('Ctrl Pts',(5.19148522967722,10.0637148281032,0.));
#4192=CARTESIAN_POINT('Ctrl Pts',(5.19148522967722,10.0637148281032,0.66));
#4193=CARTESIAN_POINT('Ctrl Pts',(4.56854482076456,9.61226415653185,0.));
#4194=CARTESIAN_POINT('Ctrl Pts',(4.56854482076456,9.61226415653185,0.66));
#4195=CARTESIAN_POINT('Ctrl Pts',(4.27323252790866,9.39824860861486,0.));
#4196=CARTESIAN_POINT('Ctrl Pts',(4.27323252790866,9.39824860861486,0.66));
#4197=CARTESIAN_POINT('',(6.36724204811696,10.1226910971044,0.6));
#4198=CARTESIAN_POINT('Ctrl Pts',(4.27323252790866,9.39824860861486,0.6));
#4199=CARTESIAN_POINT('Ctrl Pts',(4.60970318329387,9.64209200224355,0.6));
#4200=CARTESIAN_POINT('Ctrl Pts',(4.89465409611062,9.84859856228601,0.6));
#4201=CARTESIAN_POINT('Ctrl Pts',(5.59672796731015,10.0840419096311,0.6));
#4202=CARTESIAN_POINT('Ctrl Pts',(5.98198500771358,10.1033665033678,0.6));
#4203=CARTESIAN_POINT('Ctrl Pts',(6.36724204811696,10.1226910971044,0.6));
#4204=CARTESIAN_POINT('',(6.36724204811696,10.1226910971044,0.));
#4205=CARTESIAN_POINT('',(6.36724204811696,10.1226910971044,0.));
#4206=CARTESIAN_POINT('Ctrl Pts',(4.27323252790866,9.39824860861486,0.));
#4207=CARTESIAN_POINT('Ctrl Pts',(4.56854482076456,9.61226415653185,0.));
#4208=CARTESIAN_POINT('Ctrl Pts',(5.19148522967722,10.0637148281032,0.));
#4209=CARTESIAN_POINT('Ctrl Pts',(5.96199931048404,10.1023640155765,0.));
#4210=CARTESIAN_POINT('Ctrl Pts',(6.36724204811696,10.1226910971044,0.));
#4211=CARTESIAN_POINT('Ctrl Pts',(8.46799118555128,9.34291844692702,0.));
#4212=CARTESIAN_POINT('Ctrl Pts',(8.46799118555128,9.34291844692702,0.66));
#4213=CARTESIAN_POINT('Ctrl Pts',(8.17308923973874,9.56731340490086,0.));
#4214=CARTESIAN_POINT('Ctrl Pts',(8.17308923973874,9.56731340490086,0.66));
#4215=CARTESIAN_POINT('Ctrl Pts',(7.55362144522765,10.0386749936909,0.));
#4216=CARTESIAN_POINT('Ctrl Pts',(7.55362144522765,10.0386749936909,0.66));
#4217=CARTESIAN_POINT('Ctrl Pts',(6.77512818509036,10.09380573046,0.));
#4218=CARTESIAN_POINT('Ctrl Pts',(6.77512818509036,10.09380573046,0.66));
#4219=CARTESIAN_POINT('Ctrl Pts',(6.36724204811696,10.1226910971044,0.));
#4220=CARTESIAN_POINT('Ctrl Pts',(6.36724204811696,10.1226910971044,0.66));
#4221=CARTESIAN_POINT('',(8.46799118555128,9.34291844692702,0.6));
#4222=CARTESIAN_POINT('Ctrl Pts',(6.36724204811696,10.1226910971044,0.6));
#4223=CARTESIAN_POINT('Ctrl Pts',(6.77512818509036,10.09380573046,0.6));
#4224=CARTESIAN_POINT('Ctrl Pts',(7.18301432206377,10.0649203638156,0.6));
#4225=CARTESIAN_POINT('Ctrl Pts',(7.54724537265923,9.92177283339395,0.6));
#4226=CARTESIAN_POINT('Ctrl Pts',(7.87818729392621,9.7917083628747,0.6));
#4227=CARTESIAN_POINT('Ctrl Pts',(8.17308923973874,9.56731340490086,0.6));
#4228=CARTESIAN_POINT('Ctrl Pts',(8.46799118555128,9.34291844692702,0.6));
#4229=CARTESIAN_POINT('',(8.46799118555128,9.34291844692702,0.));
#4230=CARTESIAN_POINT('',(8.46799118555128,9.34291844692702,0.));
#4231=CARTESIAN_POINT('Ctrl Pts',(6.36724204811696,10.1226910971044,0.));
#4232=CARTESIAN_POINT('Ctrl Pts',(6.77512818509036,10.09380573046,0.));
#4233=CARTESIAN_POINT('Ctrl Pts',(7.55362144522765,10.0386749936909,0.));
#4234=CARTESIAN_POINT('Ctrl Pts',(8.17308923973874,9.56731340490086,0.));
#4235=CARTESIAN_POINT('Ctrl Pts',(8.46799118555128,9.34291844692702,0.));
#4236=CARTESIAN_POINT('Ctrl Pts',(9.24914973296998,7.48373508774506,0.));
#4237=CARTESIAN_POINT('Ctrl Pts',(9.24914973296998,7.48373508774506,0.66));
#4238=CARTESIAN_POINT('Ctrl Pts',(9.21871681132113,7.83440357211354,0.));
#4239=CARTESIAN_POINT('Ctrl Pts',(9.21871681132113,7.83440357211354,0.66));
#4240=CARTESIAN_POINT('Ctrl Pts',(9.15767692849936,8.53774594068799,0.));
#4241=CARTESIAN_POINT('Ctrl Pts',(9.15767692849936,8.53774594068799,0.66));
#4242=CARTESIAN_POINT('Ctrl Pts',(8.69832300971267,9.07401793097045,0.));
#4243=CARTESIAN_POINT('Ctrl Pts',(8.69832300971267,9.07401793097045,0.66));
#4244=CARTESIAN_POINT('Ctrl Pts',(8.46799118555128,9.34291844692702,0.));
#4245=CARTESIAN_POINT('Ctrl Pts',(8.46799118555128,9.34291844692702,0.66));
#4246=CARTESIAN_POINT('',(9.24914973296998,7.48373508774506,0.6));
#4247=CARTESIAN_POINT('Ctrl Pts',(8.46799118555128,9.34291844692702,0.6));
#4248=CARTESIAN_POINT('Ctrl Pts',(8.69832300971267,9.07401793097045,0.6));
#4249=CARTESIAN_POINT('Ctrl Pts',(8.92865483387406,8.80511741501387,0.6));
#4250=CARTESIAN_POINT('Ctrl Pts',(9.05883949450623,8.49421078582766,0.6));
#4251=CARTESIAN_POINT('Ctrl Pts',(9.18828388967229,8.185072056482,0.6));
#4252=CARTESIAN_POINT('Ctrl Pts',(9.21871681132113,7.83440357211354,0.6));
#4253=CARTESIAN_POINT('Ctrl Pts',(9.24914973296998,7.48373508774506,0.6));
#4254=CARTESIAN_POINT('',(9.24914973296998,7.48373508774506,0.));
#4255=CARTESIAN_POINT('',(9.24914973296998,7.48373508774506,0.));
#4256=CARTESIAN_POINT('Ctrl Pts',(8.46799118555128,9.34291844692702,0.));
#4257=CARTESIAN_POINT('Ctrl Pts',(8.69832300971267,9.07401793097045,0.));
#4258=CARTESIAN_POINT('Ctrl Pts',(9.15767692849936,8.53774594068799,0.));
#4259=CARTESIAN_POINT('Ctrl Pts',(9.21871681132113,7.83440357211354,0.));
#4260=CARTESIAN_POINT('Ctrl Pts',(9.24914973296998,7.48373508774506,0.));
#4261=CARTESIAN_POINT('Ctrl Pts',(8.87317823948883,6.27633760798241,0.));
#4262=CARTESIAN_POINT('Ctrl Pts',(8.87317823948883,6.27633760798241,0.66));
#4263=CARTESIAN_POINT('Ctrl Pts',(8.98125555140527,6.4574456858509,0.));
#4264=CARTESIAN_POINT('Ctrl Pts',(8.98125555140527,6.4574456858509,0.66));
#4265=CARTESIAN_POINT('Ctrl Pts',(9.20321012864471,6.82938098055015,0.));
#4266=CARTESIAN_POINT('Ctrl Pts',(9.20321012864471,6.82938098055015,0.66));
#4267=CARTESIAN_POINT('Ctrl Pts',(9.23357206627028,7.26185006424146,0.));
#4268=CARTESIAN_POINT('Ctrl Pts',(9.23357206627028,7.26185006424146,0.66));
#4269=CARTESIAN_POINT('Ctrl Pts',(9.24914973296998,7.48373508774506,0.));
#4270=CARTESIAN_POINT('Ctrl Pts',(9.24914973296998,7.48373508774506,0.66));
#4271=CARTESIAN_POINT('',(8.87317823948883,6.27633760798241,0.6));
#4272=CARTESIAN_POINT('Ctrl Pts',(9.24914973296998,7.48373508774506,0.6));
#4273=CARTESIAN_POINT('Ctrl Pts',(9.23357206627028,7.26185006424146,0.6));
#4274=CARTESIAN_POINT('Ctrl Pts',(9.21799439957059,7.03996504073785,0.6));
#4275=CARTESIAN_POINT('Ctrl Pts',(9.15198258723265,6.83401471042608,0.6));
#4276=CARTESIAN_POINT('Ctrl Pts',(9.08933286332172,6.63855376371938,0.6));
#4277=CARTESIAN_POINT('Ctrl Pts',(8.98125555140527,6.4574456858509,0.6));
#4278=CARTESIAN_POINT('Ctrl Pts',(8.87317823948883,6.27633760798241,0.6));
#4279=CARTESIAN_POINT('',(8.87317823948883,6.27633760798241,0.));
#4280=CARTESIAN_POINT('',(8.87317823948883,6.27633760798241,0.));
#4281=CARTESIAN_POINT('Ctrl Pts',(9.24914973296998,7.48373508774506,0.));
#4282=CARTESIAN_POINT('Ctrl Pts',(9.23357206627028,7.26185006424146,0.));
#4283=CARTESIAN_POINT('Ctrl Pts',(9.20321012864471,6.82938098055015,0.));
#4284=CARTESIAN_POINT('Ctrl Pts',(8.98125555140527,6.4574456858509,0.));
#4285=CARTESIAN_POINT('Ctrl Pts',(8.87317823948883,6.27633760798241,0.));
#4286=CARTESIAN_POINT('Ctrl Pts',(7.75751531341313,5.49180586053825,0.));
#4287=CARTESIAN_POINT('Ctrl Pts',(7.75751531341313,5.49180586053825,0.66));
#4288=CARTESIAN_POINT('Ctrl Pts',(7.98613047483723,5.58690123048071,0.));
#4289=CARTESIAN_POINT('Ctrl Pts',(7.98613047483723,5.58690123048071,0.66));
#4290=CARTESIAN_POINT('Ctrl Pts',(8.41702117962733,5.76613567285773,0.));
#4291=CARTESIAN_POINT('Ctrl Pts',(8.41702117962733,5.76613567285773,0.66));
#4292=CARTESIAN_POINT('Ctrl Pts',(8.72745124059647,6.11334507015484,0.));
#4293=CARTESIAN_POINT('Ctrl Pts',(8.72745124059647,6.11334507015484,0.66));
#4294=CARTESIAN_POINT('Ctrl Pts',(8.87317823948883,6.27633760798241,0.));
#4295=CARTESIAN_POINT('Ctrl Pts',(8.87317823948883,6.27633760798241,0.66));
#4296=CARTESIAN_POINT('Ctrl Pts',(8.87317823948883,6.27633760798241,0.6));
#4297=CARTESIAN_POINT('Ctrl Pts',(8.72745124059647,6.11334507015484,0.6));
#4298=CARTESIAN_POINT('Ctrl Pts',(8.58172424170412,5.95035253232726,0.6));
#4299=CARTESIAN_POINT('Ctrl Pts',(8.40945132888788,5.82437663788825,0.6));
#4300=CARTESIAN_POINT('Ctrl Pts',(8.21474563626134,5.68199660042317,0.6));
#4301=CARTESIAN_POINT('Ctrl Pts',(7.98613047483723,5.58690123048071,0.6));
#4302=CARTESIAN_POINT('Ctrl Pts',(7.75751531341313,5.49180586053825,0.6));
#4303=CARTESIAN_POINT('Ctrl Pts',(8.87317823948883,6.27633760798241,0.));
#4304=CARTESIAN_POINT('Ctrl Pts',(8.72745124059647,6.11334507015484,0.));
#4305=CARTESIAN_POINT('Ctrl Pts',(8.41702117962733,5.76613567285773,0.));
#4306=CARTESIAN_POINT('Ctrl Pts',(7.98613047483723,5.58690123048071,0.));
#4307=CARTESIAN_POINT('Ctrl Pts',(7.75751531341313,5.49180586053825,0.));
#4308=CARTESIAN_POINT('Origin',(12.1300221098639,4.96402045240533,0.));
#4309=CARTESIAN_POINT('Origin',(12.1300221098639,4.96402045240533,0.6));
#4310=CARTESIAN_POINT('Origin',(-20.7529194812286,1.05776542300557,0.));
#4311=CARTESIAN_POINT('',(4.52945000224679,1.96722473883817,0.));
#4312=CARTESIAN_POINT('',(4.28975742382414,2.98582546108571,0.));
#4313=CARTESIAN_POINT('Ctrl Pts',(4.52945000224679,1.96722473883817,0.));
#4314=CARTESIAN_POINT('Ctrl Pts',(4.45833466861259,2.13190938326759,0.));
#4315=CARTESIAN_POINT('Ctrl Pts',(4.31783258486569,2.45727572159442,0.));
#4316=CARTESIAN_POINT('Ctrl Pts',(4.29903873787855,2.81109320867467,0.));
#4317=CARTESIAN_POINT('Ctrl Pts',(4.28975742382414,2.98582546108571,0.));
#4318=CARTESIAN_POINT('',(4.87238130729343,4.41303762856482,0.));
#4319=CARTESIAN_POINT('Ctrl Pts',(4.28975742382414,2.98582546108571,0.));
#4320=CARTESIAN_POINT('Ctrl Pts',(4.31428743979848,3.258446465432,0.));
#4321=CARTESIAN_POINT('Ctrl Pts',(4.36251066491804,3.79438839382968,0.));
#4322=CARTESIAN_POINT('Ctrl Pts',(4.70440201451688,4.20922071444829,0.));
#4323=CARTESIAN_POINT('Ctrl Pts',(4.87238130729343,4.41303762856482,0.));
#4324=CARTESIAN_POINT('',(6.31342951282956,4.9728999219092,0.));
#4325=CARTESIAN_POINT('Ctrl Pts',(4.87238130729343,4.41303762856482,0.));
#4326=CARTESIAN_POINT('Ctrl Pts',(5.0788508686629,4.57826417211112,0.));
#4327=CARTESIAN_POINT('Ctrl Pts',(5.50004658353341,4.91532456814709,0.));
#4328=CARTESIAN_POINT('Ctrl Pts',(6.03878164110528,4.95345895775199,0.));
#4329=CARTESIAN_POINT('Ctrl Pts',(6.31342951282956,4.9728999219092,0.));
#4330=CARTESIAN_POINT('',(7.78488547515209,4.379640011951,0.));
#4331=CARTESIAN_POINT('Ctrl Pts',(6.31342951282956,4.9728999219092,0.));
#4332=CARTESIAN_POINT('Ctrl Pts',(6.59444170248108,4.94811190097275,0.));
#4333=CARTESIAN_POINT('Ctrl Pts',(7.14574070090836,4.89948194249227,0.));
#4334=CARTESIAN_POINT('Ctrl Pts',(7.57461845269201,4.55065856563338,0.));
#4335=CARTESIAN_POINT('Ctrl Pts',(7.78488547515209,4.379640011951,0.));
#4336=CARTESIAN_POINT('',(8.36151986173877,2.90774139156895,0.));
#4337=CARTESIAN_POINT('Ctrl Pts',(7.78488547515209,4.379640011951,0.));
#4338=CARTESIAN_POINT('Ctrl Pts',(7.95504943257498,4.16922988800693,0.));
#4339=CARTESIAN_POINT('Ctrl Pts',(8.30216557014387,3.7400159073556,0.));
#4340=CARTESIAN_POINT('Ctrl Pts',(8.34147882711844,3.18875969599645,0.));
#4341=CARTESIAN_POINT('Ctrl Pts',(8.36151986173877,2.90774139156895,0.));
#4342=CARTESIAN_POINT('',(7.77542315400696,1.47373947358932,0.));
#4343=CARTESIAN_POINT('Ctrl Pts',(8.36151986173877,2.90774139156895,0.));
#4344=CARTESIAN_POINT('Ctrl Pts',(8.33736702257302,2.63194970112615,0.));
#4345=CARTESIAN_POINT('Ctrl Pts',(8.29013163751669,2.09258757462821,0.));
#4346=CARTESIAN_POINT('Ctrl Pts',(7.94438122815528,1.67688239174931,0.));
#4347=CARTESIAN_POINT('Ctrl Pts',(7.77542315400696,1.47373947358932,0.));
#4348=CARTESIAN_POINT('',(6.31738471094416,0.920853653209259,0.));
#4349=CARTESIAN_POINT('Ctrl Pts',(7.77542315400696,1.47373947358932,0.));
#4350=CARTESIAN_POINT('Ctrl Pts',(7.56666904766614,1.31053387600193,0.));
#4351=CARTESIAN_POINT('Ctrl Pts',(7.13856297540501,0.975837191089317,0.));
#4352=CARTESIAN_POINT('Ctrl Pts',(6.59559126033917,0.939481496893337,0.));
#4353=CARTESIAN_POINT('Ctrl Pts',(6.31738471094416,0.920853653209259,0.));
#4354=CARTESIAN_POINT('',(5.26258844786986,1.19993014525068,0.));
#4355=CARTESIAN_POINT('Ctrl Pts',(6.31738471094416,0.920853653209259,0.));
#4356=CARTESIAN_POINT('Ctrl Pts',(6.13212710545138,0.933645878726534,0.));
#4357=CARTESIAN_POINT('Ctrl Pts',(5.76264033840603,0.959159314664131,0.));
#4358=CARTESIAN_POINT('Ctrl Pts',(5.42896282102457,1.11982226690665,0.));
#4359=CARTESIAN_POINT('Ctrl Pts',(5.26258844786986,1.19993014525068,0.));
#4360=CARTESIAN_POINT('Ctrl Pts',(5.26258844786986,1.19993014525068,0.));
#4361=CARTESIAN_POINT('Ctrl Pts',(5.11006728664704,1.29999738515061,0.));
#4362=CARTESIAN_POINT('Ctrl Pts',(4.80642201773881,1.49921527547292,0.));
#4363=CARTESIAN_POINT('Ctrl Pts',(4.62149038765837,1.81170082676394,0.));
#4364=CARTESIAN_POINT('Ctrl Pts',(4.52945000224679,1.96722473883817,0.));
#4365=CARTESIAN_POINT('Origin',(11.2470805187714,1.05776542300557,0.6));
#4366=CARTESIAN_POINT('',(4.28975742382414,2.98582546108571,0.6));
#4367=CARTESIAN_POINT('',(4.52945000224679,1.96722473883817,0.6));
#4368=CARTESIAN_POINT('Ctrl Pts',(4.28975742382414,2.98582546108571,0.6));
#4369=CARTESIAN_POINT('Ctrl Pts',(4.29903873787855,2.81109320867467,0.6));
#4370=CARTESIAN_POINT('Ctrl Pts',(4.30832005193295,2.63636095626363,0.6));
#4371=CARTESIAN_POINT('Ctrl Pts',(4.34728434833874,2.46856755177947,0.6));
#4372=CARTESIAN_POINT('Ctrl Pts',(4.38721933497839,2.29659402769701,0.6));
#4373=CARTESIAN_POINT('Ctrl Pts',(4.45833466861259,2.13190938326759,0.6));
#4374=CARTESIAN_POINT('Ctrl Pts',(4.52945000224679,1.96722473883817,0.6));
#4375=CARTESIAN_POINT('',(5.26258844786986,1.19993014525068,0.6));
#4376=CARTESIAN_POINT('Ctrl Pts',(4.52945000224679,1.96722473883817,0.6));
#4377=CARTESIAN_POINT('Ctrl Pts',(4.62149038765837,1.81170082676394,0.6));
#4378=CARTESIAN_POINT('Ctrl Pts',(4.71353077306994,1.65617691468971,0.6));
#4379=CARTESIAN_POINT('Ctrl Pts',(4.83497709930012,1.52870994845589,0.6));
#4380=CARTESIAN_POINT('Ctrl Pts',(4.95754612542421,1.40006462505054,0.6));
#4381=CARTESIAN_POINT('Ctrl Pts',(5.11006728664704,1.29999738515061,0.6));
#4382=CARTESIAN_POINT('Ctrl Pts',(5.26258844786986,1.19993014525068,0.6));
#4383=CARTESIAN_POINT('',(6.31738471094416,0.920853653209259,0.6));
#4384=CARTESIAN_POINT('Ctrl Pts',(5.26258844786986,1.19993014525068,0.6));
#4385=CARTESIAN_POINT('Ctrl Pts',(5.42896282102457,1.11982226690665,0.6));
#4386=CARTESIAN_POINT('Ctrl Pts',(5.59533719417927,1.03971438856261,0.6));
#4387=CARTESIAN_POINT('Ctrl Pts',(5.77061411267421,0.993206060834916,0.6));
#4388=CARTESIAN_POINT('Ctrl Pts',(5.9468694999586,0.946438104243808,0.6));
#4389=CARTESIAN_POINT('Ctrl Pts',(6.13212710545138,0.933645878726534,0.6));
#4390=CARTESIAN_POINT('Ctrl Pts',(6.31738471094416,0.920853653209259,0.6));
#4391=CARTESIAN_POINT('',(7.77542315400696,1.47373947358932,0.6));
#4392=CARTESIAN_POINT('Ctrl Pts',(6.31738471094416,0.920853653209259,0.6));
#4393=CARTESIAN_POINT('Ctrl Pts',(6.59559126033917,0.939481496893337,0.6));
#4394=CARTESIAN_POINT('Ctrl Pts',(6.87379780973417,0.958109340577417,0.6));
#4395=CARTESIAN_POINT('Ctrl Pts',(7.12184858833991,1.05506088761973,0.6));
#4396=CARTESIAN_POINT('Ctrl Pts',(7.35791494132532,1.14732827841454,0.6));
#4397=CARTESIAN_POINT('Ctrl Pts',(7.56666904766614,1.31053387600193,0.6));
#4398=CARTESIAN_POINT('Ctrl Pts',(7.77542315400696,1.47373947358932,0.6));
#4399=CARTESIAN_POINT('',(8.36151986173877,2.90774139156895,0.6));
#4400=CARTESIAN_POINT('Ctrl Pts',(7.77542315400696,1.47373947358932,0.6));
#4401=CARTESIAN_POINT('Ctrl Pts',(7.94438122815528,1.67688239174931,0.6));
#4402=CARTESIAN_POINT('Ctrl Pts',(8.1133393023036,1.88002530990931,0.6));
#4403=CARTESIAN_POINT('Ctrl Pts',(8.21101228856057,2.11269738196961,0.6));
#4404=CARTESIAN_POINT('Ctrl Pts',(8.31321418340727,2.35615801068335,0.6));
#4405=CARTESIAN_POINT('Ctrl Pts',(8.33736702257302,2.63194970112615,0.6));
#4406=CARTESIAN_POINT('Ctrl Pts',(8.36151986173877,2.90774139156895,0.6));
#4407=CARTESIAN_POINT('',(7.78488547515209,4.379640011951,0.6));
#4408=CARTESIAN_POINT('Ctrl Pts',(8.36151986173877,2.90774139156895,0.6));
#4409=CARTESIAN_POINT('Ctrl Pts',(8.34147882711844,3.18875969599645,0.6));
#4410=CARTESIAN_POINT('Ctrl Pts',(8.32143779249812,3.46977800042394,0.6));
#4411=CARTESIAN_POINT('Ctrl Pts',(8.22140690351827,3.7190807463707,0.6));
#4412=CARTESIAN_POINT('Ctrl Pts',(8.12521338999786,3.95881976406286,0.6));
#4413=CARTESIAN_POINT('Ctrl Pts',(7.95504943257498,4.16922988800693,0.6));
#4414=CARTESIAN_POINT('Ctrl Pts',(7.78488547515209,4.379640011951,0.6));
#4415=CARTESIAN_POINT('',(6.31342951282956,4.9728999219092,0.6));
#4416=CARTESIAN_POINT('Ctrl Pts',(7.78488547515209,4.379640011951,0.6));
#4417=CARTESIAN_POINT('Ctrl Pts',(7.57461845269201,4.55065856563338,0.6));
#4418=CARTESIAN_POINT('Ctrl Pts',(7.36435143023193,4.72167711931575,0.6));
#4419=CARTESIAN_POINT('Ctrl Pts',(7.12465834940253,4.82053900662302,0.6));
#4420=CARTESIAN_POINT('Ctrl Pts',(6.87545389213259,4.92332388003629,0.6));
#4421=CARTESIAN_POINT('Ctrl Pts',(6.59444170248108,4.94811190097275,0.6));
#4422=CARTESIAN_POINT('Ctrl Pts',(6.31342951282956,4.9728999219092,0.6));
#4423=CARTESIAN_POINT('',(4.87238130729343,4.41303762856482,0.6));
#4424=CARTESIAN_POINT('Ctrl Pts',(6.31342951282956,4.9728999219092,0.6));
#4425=CARTESIAN_POINT('Ctrl Pts',(6.03878164110528,4.95345895775199,0.6));
#4426=CARTESIAN_POINT('Ctrl Pts',(5.76413376938101,4.93401799359477,0.6));
#4427=CARTESIAN_POINT('Ctrl Pts',(5.52003407184508,4.83688692581767,0.6));
#4428=CARTESIAN_POINT('Ctrl Pts',(5.28532043003237,4.74349071565742,0.6));
#4429=CARTESIAN_POINT('Ctrl Pts',(5.0788508686629,4.57826417211112,0.6));
#4430=CARTESIAN_POINT('Ctrl Pts',(4.87238130729343,4.41303762856482,0.6));
#4431=CARTESIAN_POINT('Ctrl Pts',(4.87238130729343,4.41303762856482,0.6));
#4432=CARTESIAN_POINT('Ctrl Pts',(4.70440201451688,4.20922071444829,0.6));
#4433=CARTESIAN_POINT('Ctrl Pts',(4.53642272174033,4.00540380033176,0.6));
#4434=CARTESIAN_POINT('Ctrl Pts',(4.43933458872645,3.77235116112902,0.6));
#4435=CARTESIAN_POINT('Ctrl Pts',(4.33881745577281,3.53106746977829,0.6));
#4436=CARTESIAN_POINT('Ctrl Pts',(4.31428743979848,3.258446465432,0.6));
#4437=CARTESIAN_POINT('Ctrl Pts',(4.28975742382414,2.98582546108571,0.6));
#4438=CARTESIAN_POINT('Ctrl Pts',(8.36151986173877,2.90774139156895,0.));
#4439=CARTESIAN_POINT('Ctrl Pts',(8.36151986173877,2.90774139156895,5.5));
#4440=CARTESIAN_POINT('Ctrl Pts',(8.33736702257302,2.63194970112615,0.));
#4441=CARTESIAN_POINT('Ctrl Pts',(8.33736702257302,2.63194970112615,5.5));
#4442=CARTESIAN_POINT('Ctrl Pts',(8.29013163751669,2.09258757462821,0.));
#4443=CARTESIAN_POINT('Ctrl Pts',(8.29013163751669,2.09258757462821,5.5));
#4444=CARTESIAN_POINT('Ctrl Pts',(7.94438122815528,1.67688239174931,0.));
#4445=CARTESIAN_POINT('Ctrl Pts',(7.94438122815528,1.67688239174931,5.5));
#4446=CARTESIAN_POINT('Ctrl Pts',(7.77542315400696,1.47373947358932,0.));
#4447=CARTESIAN_POINT('Ctrl Pts',(7.77542315400696,1.47373947358932,5.5));
#4448=CARTESIAN_POINT('',(7.77542315400696,1.47373947358932,0.));
#4449=CARTESIAN_POINT('',(8.36151986173877,2.90774139156895,0.));
#4450=CARTESIAN_POINT('Ctrl Pts',(7.77542315400696,1.47373947358932,0.));
#4451=CARTESIAN_POINT('Ctrl Pts',(7.77542315400696,1.47373947358932,5.5));
#4452=CARTESIAN_POINT('Ctrl Pts',(7.56666904766614,1.31053387600193,0.));
#4453=CARTESIAN_POINT('Ctrl Pts',(7.56666904766614,1.31053387600193,5.5));
#4454=CARTESIAN_POINT('Ctrl Pts',(7.13856297540501,0.975837191089317,0.));
#4455=CARTESIAN_POINT('Ctrl Pts',(7.13856297540501,0.975837191089317,5.5));
#4456=CARTESIAN_POINT('Ctrl Pts',(6.59559126033917,0.939481496893337,0.));
#4457=CARTESIAN_POINT('Ctrl Pts',(6.59559126033917,0.939481496893337,5.5));
#4458=CARTESIAN_POINT('Ctrl Pts',(6.31738471094416,0.920853653209259,0.));
#4459=CARTESIAN_POINT('Ctrl Pts',(6.31738471094416,0.920853653209259,5.5));
#4460=CARTESIAN_POINT('',(6.31738471094416,0.920853653209259,0.));
#4461=CARTESIAN_POINT('Ctrl Pts',(6.31738471094416,0.920853653209259,0.));
#4462=CARTESIAN_POINT('Ctrl Pts',(6.31738471094416,0.920853653209259,5.5));
#4463=CARTESIAN_POINT('Ctrl Pts',(6.13212710545138,0.933645878726534,0.));
#4464=CARTESIAN_POINT('Ctrl Pts',(6.13212710545138,0.933645878726534,5.5));
#4465=CARTESIAN_POINT('Ctrl Pts',(5.76264033840603,0.959159314664131,0.));
#4466=CARTESIAN_POINT('Ctrl Pts',(5.76264033840603,0.959159314664131,5.5));
#4467=CARTESIAN_POINT('Ctrl Pts',(5.42896282102457,1.11982226690665,0.));
#4468=CARTESIAN_POINT('Ctrl Pts',(5.42896282102457,1.11982226690665,5.5));
#4469=CARTESIAN_POINT('Ctrl Pts',(5.26258844786986,1.19993014525068,0.));
#4470=CARTESIAN_POINT('Ctrl Pts',(5.26258844786986,1.19993014525068,5.5));
#4471=CARTESIAN_POINT('',(5.26258844786986,1.19993014525068,0.));
#4472=CARTESIAN_POINT('Ctrl Pts',(5.26258844786986,1.19993014525068,0.));
#4473=CARTESIAN_POINT('Ctrl Pts',(5.26258844786986,1.19993014525068,5.5));
#4474=CARTESIAN_POINT('Ctrl Pts',(5.11006728664704,1.29999738515061,0.));
#4475=CARTESIAN_POINT('Ctrl Pts',(5.11006728664704,1.29999738515061,5.5));
#4476=CARTESIAN_POINT('Ctrl Pts',(4.80642201773881,1.49921527547292,0.));
#4477=CARTESIAN_POINT('Ctrl Pts',(4.80642201773881,1.49921527547292,5.5));
#4478=CARTESIAN_POINT('Ctrl Pts',(4.62149038765837,1.81170082676394,0.));
#4479=CARTESIAN_POINT('Ctrl Pts',(4.62149038765837,1.81170082676394,5.5));
#4480=CARTESIAN_POINT('Ctrl Pts',(4.52945000224679,1.96722473883817,0.));
#4481=CARTESIAN_POINT('Ctrl Pts',(4.52945000224679,1.96722473883817,5.5));
#4482=CARTESIAN_POINT('',(4.52945000224679,1.96722473883817,0.));
#4483=CARTESIAN_POINT('Ctrl Pts',(4.52945000224679,1.96722473883817,0.));
#4484=CARTESIAN_POINT('Ctrl Pts',(4.52945000224679,1.96722473883817,5.5));
#4485=CARTESIAN_POINT('Ctrl Pts',(4.45833466861259,2.13190938326759,0.));
#4486=CARTESIAN_POINT('Ctrl Pts',(4.45833466861259,2.13190938326759,5.5));
#4487=CARTESIAN_POINT('Ctrl Pts',(4.31783258486569,2.45727572159442,0.));
#4488=CARTESIAN_POINT('Ctrl Pts',(4.31783258486569,2.45727572159442,5.5));
#4489=CARTESIAN_POINT('Ctrl Pts',(4.29903873787855,2.81109320867467,0.));
#4490=CARTESIAN_POINT('Ctrl Pts',(4.29903873787855,2.81109320867467,5.5));
#4491=CARTESIAN_POINT('Ctrl Pts',(4.28975742382414,2.98582546108571,0.));
#4492=CARTESIAN_POINT('Ctrl Pts',(4.28975742382414,2.98582546108571,5.5));
#4493=CARTESIAN_POINT('',(4.28975742382414,2.98582546108571,0.));
#4494=CARTESIAN_POINT('Ctrl Pts',(4.28975742382414,2.98582546108571,0.));
#4495=CARTESIAN_POINT('Ctrl Pts',(4.28975742382414,2.98582546108571,5.5));
#4496=CARTESIAN_POINT('Ctrl Pts',(4.31428743979848,3.258446465432,0.));
#4497=CARTESIAN_POINT('Ctrl Pts',(4.31428743979848,3.258446465432,5.5));
#4498=CARTESIAN_POINT('Ctrl Pts',(4.36251066491804,3.79438839382968,0.));
#4499=CARTESIAN_POINT('Ctrl Pts',(4.36251066491804,3.79438839382968,5.5));
#4500=CARTESIAN_POINT('Ctrl Pts',(4.70440201451688,4.20922071444829,0.));
#4501=CARTESIAN_POINT('Ctrl Pts',(4.70440201451688,4.20922071444829,5.5));
#4502=CARTESIAN_POINT('Ctrl Pts',(4.87238130729343,4.41303762856482,0.));
#4503=CARTESIAN_POINT('Ctrl Pts',(4.87238130729343,4.41303762856482,5.5));
#4504=CARTESIAN_POINT('',(4.87238130729343,4.41303762856482,0.));
#4505=CARTESIAN_POINT('Ctrl Pts',(4.87238130729343,4.41303762856482,0.));
#4506=CARTESIAN_POINT('Ctrl Pts',(4.87238130729343,4.41303762856482,5.5));
#4507=CARTESIAN_POINT('Ctrl Pts',(5.0788508686629,4.57826417211112,0.));
#4508=CARTESIAN_POINT('Ctrl Pts',(5.0788508686629,4.57826417211112,5.5));
#4509=CARTESIAN_POINT('Ctrl Pts',(5.50004658353341,4.91532456814709,0.));
#4510=CARTESIAN_POINT('Ctrl Pts',(5.50004658353341,4.91532456814709,5.5));
#4511=CARTESIAN_POINT('Ctrl Pts',(6.03878164110528,4.95345895775199,0.));
#4512=CARTESIAN_POINT('Ctrl Pts',(6.03878164110528,4.95345895775199,5.5));
#4513=CARTESIAN_POINT('Ctrl Pts',(6.31342951282956,4.9728999219092,0.));
#4514=CARTESIAN_POINT('Ctrl Pts',(6.31342951282956,4.9728999219092,5.5));
#4515=CARTESIAN_POINT('',(6.31342951282956,4.9728999219092,0.));
#4516=CARTESIAN_POINT('Ctrl Pts',(6.31342951282956,4.9728999219092,0.));
#4517=CARTESIAN_POINT('Ctrl Pts',(6.31342951282956,4.9728999219092,5.5));
#4518=CARTESIAN_POINT('Ctrl Pts',(6.59444170248108,4.94811190097275,0.));
#4519=CARTESIAN_POINT('Ctrl Pts',(6.59444170248108,4.94811190097275,5.5));
#4520=CARTESIAN_POINT('Ctrl Pts',(7.14574070090836,4.89948194249227,0.));
#4521=CARTESIAN_POINT('Ctrl Pts',(7.14574070090836,4.89948194249227,5.5));
#4522=CARTESIAN_POINT('Ctrl Pts',(7.57461845269201,4.55065856563338,0.));
#4523=CARTESIAN_POINT('Ctrl Pts',(7.57461845269201,4.55065856563338,5.5));
#4524=CARTESIAN_POINT('Ctrl Pts',(7.78488547515209,4.379640011951,0.));
#4525=CARTESIAN_POINT('Ctrl Pts',(7.78488547515209,4.379640011951,5.5));
#4526=CARTESIAN_POINT('',(7.78488547515209,4.379640011951,0.));
#4527=CARTESIAN_POINT('Ctrl Pts',(7.78488547515209,4.379640011951,0.));
#4528=CARTESIAN_POINT('Ctrl Pts',(7.78488547515209,4.379640011951,5.5));
#4529=CARTESIAN_POINT('Ctrl Pts',(7.95504943257498,4.16922988800693,0.));
#4530=CARTESIAN_POINT('Ctrl Pts',(7.95504943257498,4.16922988800693,5.5));
#4531=CARTESIAN_POINT('Ctrl Pts',(8.30216557014387,3.7400159073556,0.));
#4532=CARTESIAN_POINT('Ctrl Pts',(8.30216557014387,3.7400159073556,5.5));
#4533=CARTESIAN_POINT('Ctrl Pts',(8.34147882711844,3.18875969599645,0.));
#4534=CARTESIAN_POINT('Ctrl Pts',(8.34147882711844,3.18875969599645,5.5));
#4535=CARTESIAN_POINT('Ctrl Pts',(8.36151986173877,2.90774139156895,0.));
#4536=CARTESIAN_POINT('Ctrl Pts',(8.36151986173877,2.90774139156895,5.5));
#4537=CARTESIAN_POINT('Ctrl Pts',(7.53045190509682,8.64203053321844,0.));
#4538=CARTESIAN_POINT('Ctrl Pts',(7.53045190509682,8.64203053321844,5.5));
#4539=CARTESIAN_POINT('Ctrl Pts',(7.66523672850738,8.4774566682061,0.));
#4540=CARTESIAN_POINT('Ctrl Pts',(7.66523672850738,8.4774566682061,5.5));
#4541=CARTESIAN_POINT('Ctrl Pts',(7.93702552767448,8.1455993268959,0.));
#4542=CARTESIAN_POINT('Ctrl Pts',(7.93702552767448,8.1455993268959,5.5));
#4543=CARTESIAN_POINT('Ctrl Pts',(7.97046874621863,7.71774457016885,0.));
#4544=CARTESIAN_POINT('Ctrl Pts',(7.97046874621863,7.71774457016885,5.5));
#4545=CARTESIAN_POINT('Ctrl Pts',(7.98732688723358,7.50207047727911,0.));
#4546=CARTESIAN_POINT('Ctrl Pts',(7.98732688723358,7.50207047727911,5.5));
#4547=CARTESIAN_POINT('',(7.98732688723358,7.50207047727911,0.6));
#4548=CARTESIAN_POINT('',(7.53045190509682,8.64203053321844,0.6));
#4549=CARTESIAN_POINT('Ctrl Pts',(7.98732688723358,7.50207047727911,0.6));
#4550=CARTESIAN_POINT('Ctrl Pts',(7.97046874621863,7.71774457016885,0.6));
#4551=CARTESIAN_POINT('Ctrl Pts',(7.95361060520368,7.93341866305859,0.6));
#4552=CARTESIAN_POINT('Ctrl Pts',(7.87618905215471,8.12469989324497,0.6));
#4553=CARTESIAN_POINT('Ctrl Pts',(7.80002155191793,8.31288280319377,0.6));
#4554=CARTESIAN_POINT('Ctrl Pts',(7.66523672850738,8.4774566682061,0.6));
#4555=CARTESIAN_POINT('Ctrl Pts',(7.53045190509682,8.64203053321844,0.6));
#4556=CARTESIAN_POINT('',(7.98732688723358,7.50207047727911,0.));
#4557=CARTESIAN_POINT('',(7.98732688723358,7.50207047727911,0.));
#4558=CARTESIAN_POINT('',(7.53045190509682,8.64203053321844,0.));
#4559=CARTESIAN_POINT('Ctrl Pts',(7.53045190509682,8.64203053321844,0.));
#4560=CARTESIAN_POINT('Ctrl Pts',(7.66523672850738,8.4774566682061,0.));
#4561=CARTESIAN_POINT('Ctrl Pts',(7.93702552767448,8.1455993268959,0.));
#4562=CARTESIAN_POINT('Ctrl Pts',(7.97046874621863,7.71774457016885,0.));
#4563=CARTESIAN_POINT('Ctrl Pts',(7.98732688723358,7.50207047727911,0.));
#4564=CARTESIAN_POINT('',(7.53045190509682,8.64203053321844,0.));
#4565=CARTESIAN_POINT('Ctrl Pts',(6.37167248583253,9.11305973934677,0.));
#4566=CARTESIAN_POINT('Ctrl Pts',(6.37167248583253,9.11305973934677,5.5));
#4567=CARTESIAN_POINT('Ctrl Pts',(6.59256985288974,9.09315574496502,0.));
#4568=CARTESIAN_POINT('Ctrl Pts',(6.59256985288974,9.09315574496502,5.5));
#4569=CARTESIAN_POINT('Ctrl Pts',(7.02719759443163,9.05399353927171,0.));
#4570=CARTESIAN_POINT('Ctrl Pts',(7.02719759443163,9.05399353927171,5.5));
#4571=CARTESIAN_POINT('Ctrl Pts',(7.36455480344769,8.77783357999328,0.));
#4572=CARTESIAN_POINT('Ctrl Pts',(7.36455480344769,8.77783357999328,5.5));
#4573=CARTESIAN_POINT('Ctrl Pts',(7.53045190509682,8.64203053321844,0.));
#4574=CARTESIAN_POINT('Ctrl Pts',(7.53045190509682,8.64203053321844,5.5));
#4575=CARTESIAN_POINT('',(6.37167248583253,9.11305973934677,0.6));
#4576=CARTESIAN_POINT('Ctrl Pts',(7.53045190509682,8.64203053321844,0.6));
#4577=CARTESIAN_POINT('Ctrl Pts',(7.36455480344769,8.77783357999328,0.6));
#4578=CARTESIAN_POINT('Ctrl Pts',(7.19865770179855,8.91363662676812,0.6));
#4579=CARTESIAN_POINT('Ctrl Pts',(7.00923834802693,8.99212816544765,0.6));
#4580=CARTESIAN_POINT('Ctrl Pts',(6.81346721994694,9.07325175058327,0.6));
#4581=CARTESIAN_POINT('Ctrl Pts',(6.59256985288974,9.09315574496502,0.6));
#4582=CARTESIAN_POINT('Ctrl Pts',(6.37167248583253,9.11305973934677,0.6));
#4583=CARTESIAN_POINT('',(6.37167248583253,9.11305973934677,0.));
#4584=CARTESIAN_POINT('Ctrl Pts',(6.37167248583253,9.11305973934677,0.));
#4585=CARTESIAN_POINT('Ctrl Pts',(6.59256985288974,9.09315574496502,0.));
#4586=CARTESIAN_POINT('Ctrl Pts',(7.02719759443163,9.05399353927171,0.));
#4587=CARTESIAN_POINT('Ctrl Pts',(7.36455480344769,8.77783357999328,0.));
#4588=CARTESIAN_POINT('Ctrl Pts',(7.53045190509682,8.64203053321844,0.));
#4589=CARTESIAN_POINT('',(6.37167248583253,9.11305973934677,0.));
#4590=CARTESIAN_POINT('Ctrl Pts',(5.2011741063878,8.67351701376474,0.));
#4591=CARTESIAN_POINT('Ctrl Pts',(5.2011741063878,8.67351701376474,5.5));
#4592=CARTESIAN_POINT('Ctrl Pts',(5.36954201414588,8.80327593907442,0.));
#4593=CARTESIAN_POINT('Ctrl Pts',(5.36954201414588,8.80327593907442,5.5));
#4594=CARTESIAN_POINT('Ctrl Pts',(5.71430717711734,9.06898190185012,0.));
#4595=CARTESIAN_POINT('Ctrl Pts',(5.71430717711734,9.06898190185012,5.5));
#4596=CARTESIAN_POINT('Ctrl Pts',(6.1491747920546,9.09814076345969,0.));
#4597=CARTESIAN_POINT('Ctrl Pts',(6.1491747920546,9.09814076345969,5.5));
#4598=CARTESIAN_POINT('Ctrl Pts',(6.37167248583253,9.11305973934677,0.));
#4599=CARTESIAN_POINT('Ctrl Pts',(6.37167248583253,9.11305973934677,5.5));
#4600=CARTESIAN_POINT('',(5.2011741063878,8.67351701376474,0.6));
#4601=CARTESIAN_POINT('Ctrl Pts',(6.37167248583253,9.11305973934677,0.6));
#4602=CARTESIAN_POINT('Ctrl Pts',(6.1491747920546,9.09814076345969,0.6));
#4603=CARTESIAN_POINT('Ctrl Pts',(5.92667709827668,9.08322178757261,0.6));
#4604=CARTESIAN_POINT('Ctrl Pts',(5.72776644779753,9.00637945004911,0.6));
#4605=CARTESIAN_POINT('Ctrl Pts',(5.53790992190396,8.93303486438409,0.6));
#4606=CARTESIAN_POINT('Ctrl Pts',(5.36954201414588,8.80327593907442,0.6));
#4607=CARTESIAN_POINT('Ctrl Pts',(5.2011741063878,8.67351701376474,0.6));
#4608=CARTESIAN_POINT('',(5.2011741063878,8.67351701376474,0.));
#4609=CARTESIAN_POINT('Ctrl Pts',(5.2011741063878,8.67351701376474,0.));
#4610=CARTESIAN_POINT('Ctrl Pts',(5.36954201414588,8.80327593907442,0.));
#4611=CARTESIAN_POINT('Ctrl Pts',(5.71430717711734,9.06898190185012,0.));
#4612=CARTESIAN_POINT('Ctrl Pts',(6.1491747920546,9.09814076345969,0.));
#4613=CARTESIAN_POINT('Ctrl Pts',(6.37167248583253,9.11305973934677,0.));
#4614=CARTESIAN_POINT('',(5.2011741063878,8.67351701376474,0.));
#4615=CARTESIAN_POINT('Ctrl Pts',(4.72751218147777,7.60003199592445,0.));
#4616=CARTESIAN_POINT('Ctrl Pts',(4.72751218147777,7.60003199592445,5.5));
#4617=CARTESIAN_POINT('Ctrl Pts',(4.74932241932807,7.802252537996,0.));
#4618=CARTESIAN_POINT('Ctrl Pts',(4.74932241932807,7.802252537996,5.5));
#4619=CARTESIAN_POINT('Ctrl Pts',(4.79331004039044,8.21009772688056,0.));
#4620=CARTESIAN_POINT('Ctrl Pts',(4.79331004039044,8.21009772688056,5.5));
#4621=CARTESIAN_POINT('Ctrl Pts',(5.06446501388114,8.51818675684422,0.));
#4622=CARTESIAN_POINT('Ctrl Pts',(5.06446501388114,8.51818675684422,5.5));
#4623=CARTESIAN_POINT('Ctrl Pts',(5.2011741063878,8.67351701376474,0.));
#4624=CARTESIAN_POINT('Ctrl Pts',(5.2011741063878,8.67351701376474,5.5));
#4625=CARTESIAN_POINT('',(4.72751218147777,7.60003199592445,0.6));
#4626=CARTESIAN_POINT('Ctrl Pts',(5.2011741063878,8.67351701376474,0.6));
#4627=CARTESIAN_POINT('Ctrl Pts',(5.06446501388114,8.51818675684422,0.6));
#4628=CARTESIAN_POINT('Ctrl Pts',(4.92775592137448,8.36285649992369,0.6));
#4629=CARTESIAN_POINT('Ctrl Pts',(4.84879065646328,8.1821691554607,0.6));
#4630=CARTESIAN_POINT('Ctrl Pts',(4.77113265717837,8.00447308006755,0.6));
#4631=CARTESIAN_POINT('Ctrl Pts',(4.74932241932807,7.802252537996,0.6));
#4632=CARTESIAN_POINT('Ctrl Pts',(4.72751218147777,7.60003199592445,0.6));
#4633=CARTESIAN_POINT('',(4.72751218147777,7.60003199592445,0.));
#4634=CARTESIAN_POINT('Ctrl Pts',(4.72751218147777,7.60003199592445,0.));
#4635=CARTESIAN_POINT('Ctrl Pts',(4.74932241932807,7.802252537996,0.));
#4636=CARTESIAN_POINT('Ctrl Pts',(4.79331004039044,8.21009772688056,0.));
#4637=CARTESIAN_POINT('Ctrl Pts',(5.06446501388114,8.51818675684422,0.));
#4638=CARTESIAN_POINT('Ctrl Pts',(5.2011741063878,8.67351701376474,0.));
#4639=CARTESIAN_POINT('',(4.72751218147777,7.60003199592445,0.));
#4640=CARTESIAN_POINT('Ctrl Pts',(5.17393801267379,6.43629165258745,0.));
#4641=CARTESIAN_POINT('Ctrl Pts',(5.17393801267379,6.43629165258745,5.5));
#4642=CARTESIAN_POINT('Ctrl Pts',(5.04217083585182,6.60154640120612,0.));
#4643=CARTESIAN_POINT('Ctrl Pts',(5.04217083585182,6.60154640120612,5.5));
#4644=CARTESIAN_POINT('Ctrl Pts',(4.77096601064937,6.94167575886516,0.));
#4645=CARTESIAN_POINT('Ctrl Pts',(4.77096601064937,6.94167575886516,5.5));
#4646=CARTESIAN_POINT('Ctrl Pts',(4.74226735207654,7.37648072834319,0.));
#4647=CARTESIAN_POINT('Ctrl Pts',(4.74226735207654,7.37648072834319,5.5));
#4648=CARTESIAN_POINT('Ctrl Pts',(4.72751218147777,7.60003199592445,0.));
#4649=CARTESIAN_POINT('Ctrl Pts',(4.72751218147777,7.60003199592445,5.5));
#4650=CARTESIAN_POINT('',(5.17393801267379,6.43629165258745,0.6));
#4651=CARTESIAN_POINT('Ctrl Pts',(4.72751218147777,7.60003199592445,0.6));
#4652=CARTESIAN_POINT('Ctrl Pts',(4.74226735207654,7.37648072834319,0.6));
#4653=CARTESIAN_POINT('Ctrl Pts',(4.7570225226753,7.15292946076192,0.6));
#4654=CARTESIAN_POINT('Ctrl Pts',(4.83588212608847,6.95440488211547,0.6));
#4655=CARTESIAN_POINT('Ctrl Pts',(4.91040365902985,6.76680114982479,0.6));
#4656=CARTESIAN_POINT('Ctrl Pts',(5.04217083585182,6.60154640120612,0.6));
#4657=CARTESIAN_POINT('Ctrl Pts',(5.17393801267379,6.43629165258745,0.6));
#4658=CARTESIAN_POINT('',(5.17393801267379,6.43629165258745,0.));
#4659=CARTESIAN_POINT('Ctrl Pts',(5.17393801267379,6.43629165258745,0.));
#4660=CARTESIAN_POINT('Ctrl Pts',(5.04217083585182,6.60154640120612,0.));
#4661=CARTESIAN_POINT('Ctrl Pts',(4.77096601064937,6.94167575886516,0.));
#4662=CARTESIAN_POINT('Ctrl Pts',(4.74226735207654,7.37648072834319,0.));
#4663=CARTESIAN_POINT('Ctrl Pts',(4.72751218147777,7.60003199592445,0.));
#4664=CARTESIAN_POINT('',(5.17393801267379,6.43629165258745,0.));
#4665=CARTESIAN_POINT('Ctrl Pts',(6.35668384169896,5.97527591572995,0.));
#4666=CARTESIAN_POINT('Ctrl Pts',(6.35668384169896,5.97527591572995,5.5));
#4667=CARTESIAN_POINT('Ctrl Pts',(6.12790069227931,5.9932625907354,0.));
#4668=CARTESIAN_POINT('Ctrl Pts',(6.12790069227931,5.9932625907354,5.5));
#4669=CARTESIAN_POINT('Ctrl Pts',(5.6862738265839,6.02798280036225,0.));
#4670=CARTESIAN_POINT('Ctrl Pts',(5.6862738265839,6.02798280036225,5.5));
#4671=CARTESIAN_POINT('Ctrl Pts',(5.3405573560297,6.30350344806013,0.));
#4672=CARTESIAN_POINT('Ctrl Pts',(5.3405573560297,6.30350344806013,5.5));
#4673=CARTESIAN_POINT('Ctrl Pts',(5.17393801267379,6.43629165258745,0.));
#4674=CARTESIAN_POINT('Ctrl Pts',(5.17393801267379,6.43629165258745,5.5));
#4675=CARTESIAN_POINT('',(6.35668384169896,5.97527591572995,0.6));
#4676=CARTESIAN_POINT('Ctrl Pts',(5.17393801267379,6.43629165258745,0.6));
#4677=CARTESIAN_POINT('Ctrl Pts',(5.3405573560297,6.30350344806013,0.6));
#4678=CARTESIAN_POINT('Ctrl Pts',(5.5071766993856,6.17071524353281,0.6));
#4679=CARTESIAN_POINT('Ctrl Pts',(5.69607405180077,6.09386002033587,0.6));
#4680=CARTESIAN_POINT('Ctrl Pts',(5.89911754285965,6.01124926574085,0.6));
#4681=CARTESIAN_POINT('Ctrl Pts',(6.12790069227931,5.9932625907354,0.6));
#4682=CARTESIAN_POINT('Ctrl Pts',(6.35668384169896,5.97527591572995,0.6));
#4683=CARTESIAN_POINT('',(6.35668384169896,5.97527591572995,0.));
#4684=CARTESIAN_POINT('Ctrl Pts',(6.35668384169896,5.97527591572995,0.));
#4685=CARTESIAN_POINT('Ctrl Pts',(6.12790069227931,5.9932625907354,0.));
#4686=CARTESIAN_POINT('Ctrl Pts',(5.6862738265839,6.02798280036225,0.));
#4687=CARTESIAN_POINT('Ctrl Pts',(5.3405573560297,6.30350344806013,0.));
#4688=CARTESIAN_POINT('Ctrl Pts',(5.17393801267379,6.43629165258745,0.));
#4689=CARTESIAN_POINT('',(6.35668384169896,5.97527591572995,0.));
#4690=CARTESIAN_POINT('Ctrl Pts',(7.52374096362821,6.41143932252798,0.));
#4691=CARTESIAN_POINT('Ctrl Pts',(7.52374096362821,6.41143932252798,5.5));
#4692=CARTESIAN_POINT('Ctrl Pts',(7.35730871606778,6.28267074197556,0.));
#4693=CARTESIAN_POINT('Ctrl Pts',(7.35730871606778,6.28267074197556,5.5));
#4694=CARTESIAN_POINT('Ctrl Pts',(7.01405614736957,6.01709633142636,0.));
#4695=CARTESIAN_POINT('Ctrl Pts',(7.01405614736957,6.01709633142636,5.5));
#4696=CARTESIAN_POINT('Ctrl Pts',(6.58018478640772,5.98949449831341,0.));
#4697=CARTESIAN_POINT('Ctrl Pts',(6.58018478640772,5.98949449831341,5.5));
#4698=CARTESIAN_POINT('Ctrl Pts',(6.35668384169896,5.97527591572995,0.));
#4699=CARTESIAN_POINT('Ctrl Pts',(6.35668384169896,5.97527591572995,5.5));
#4700=CARTESIAN_POINT('',(7.52374096362821,6.41143932252798,0.6));
#4701=CARTESIAN_POINT('Ctrl Pts',(6.35668384169896,5.97527591572995,0.6));
#4702=CARTESIAN_POINT('Ctrl Pts',(6.58018478640772,5.98949449831341,0.6));
#4703=CARTESIAN_POINT('Ctrl Pts',(6.80368573111649,6.00371308089688,0.6));
#4704=CARTESIAN_POINT('Ctrl Pts',(7.00314000115058,6.0810802556008,0.6));
#4705=CARTESIAN_POINT('Ctrl Pts',(7.19087646850736,6.15390216142315,0.6));
#4706=CARTESIAN_POINT('Ctrl Pts',(7.35730871606778,6.28267074197556,0.6));
#4707=CARTESIAN_POINT('Ctrl Pts',(7.52374096362821,6.41143932252798,0.6));
#4708=CARTESIAN_POINT('',(7.52374096362821,6.41143932252798,0.));
#4709=CARTESIAN_POINT('Ctrl Pts',(7.52374096362821,6.41143932252798,0.));
#4710=CARTESIAN_POINT('Ctrl Pts',(7.35730871606778,6.28267074197556,0.));
#4711=CARTESIAN_POINT('Ctrl Pts',(7.01405614736957,6.01709633142636,0.));
#4712=CARTESIAN_POINT('Ctrl Pts',(6.58018478640772,5.98949449831341,0.));
#4713=CARTESIAN_POINT('Ctrl Pts',(6.35668384169896,5.97527591572995,0.));
#4714=CARTESIAN_POINT('',(7.52374096362821,6.41143932252798,0.));
#4715=CARTESIAN_POINT('Ctrl Pts',(7.98732688723358,7.50207047727911,0.));
#4716=CARTESIAN_POINT('Ctrl Pts',(7.98732688723358,7.50207047727911,5.5));
#4717=CARTESIAN_POINT('Ctrl Pts',(7.96691373925583,7.29499877934716,0.));
#4718=CARTESIAN_POINT('Ctrl Pts',(7.96691373925583,7.29499877934716,5.5));
#4719=CARTESIAN_POINT('Ctrl Pts',(7.92628892267538,6.88289919741807,0.));
#4720=CARTESIAN_POINT('Ctrl Pts',(7.92628892267538,6.88289919741807,5.5));
#4721=CARTESIAN_POINT('Ctrl Pts',(7.65747922809994,6.56807215103642,0.));
#4722=CARTESIAN_POINT('Ctrl Pts',(7.65747922809994,6.56807215103642,5.5));
#4723=CARTESIAN_POINT('Ctrl Pts',(7.52374096362821,6.41143932252798,0.));
#4724=CARTESIAN_POINT('Ctrl Pts',(7.52374096362821,6.41143932252798,5.5));
#4725=CARTESIAN_POINT('Ctrl Pts',(7.52374096362821,6.41143932252798,0.6));
#4726=CARTESIAN_POINT('Ctrl Pts',(7.65747922809994,6.56807215103642,0.6));
#4727=CARTESIAN_POINT('Ctrl Pts',(7.79121749257167,6.72470497954486,0.6));
#4728=CARTESIAN_POINT('Ctrl Pts',(7.86847397751946,6.90541532780309,0.6));
#4729=CARTESIAN_POINT('Ctrl Pts',(7.94650059127808,7.08792708141521,0.6));
#4730=CARTESIAN_POINT('Ctrl Pts',(7.96691373925583,7.29499877934716,0.6));
#4731=CARTESIAN_POINT('Ctrl Pts',(7.98732688723358,7.50207047727911,0.6));
#4732=CARTESIAN_POINT('Ctrl Pts',(7.98732688723358,7.50207047727911,0.));
#4733=CARTESIAN_POINT('Ctrl Pts',(7.96691373925583,7.29499877934716,0.));
#4734=CARTESIAN_POINT('Ctrl Pts',(7.92628892267538,6.88289919741807,0.));
#4735=CARTESIAN_POINT('Ctrl Pts',(7.65747922809994,6.56807215103642,0.));
#4736=CARTESIAN_POINT('Ctrl Pts',(7.52374096362821,6.41143932252798,0.));
#4737=CARTESIAN_POINT('Origin',(11.2470805187714,1.05776542300557,0.6));
#4738=CARTESIAN_POINT('Origin',(-20.7529194812286,1.05776542300557,0.));
#4739=CARTESIAN_POINT('Origin',(-20.7529194812286,1.05776542300557,8.));
#4740=CARTESIAN_POINT('',(-35.7529194812286,-13.9422345769944,8.));
#4741=CARTESIAN_POINT('',(-5.75291948122862,-13.9422345769944,8.));
#4742=CARTESIAN_POINT('',(-5.75291948122862,-13.9422345769944,8.));
#4743=CARTESIAN_POINT('',(-5.75291948122862,16.0577654230056,8.));
#4744=CARTESIAN_POINT('',(-5.75291948122862,16.0577654230056,8.));
#4745=CARTESIAN_POINT('',(-35.7529194812286,16.0577654230056,8.));
#4746=CARTESIAN_POINT('',(-35.7529194812286,16.0577654230056,8.));
#4747=CARTESIAN_POINT('',(-35.7529194812286,-13.9422345769944,8.));
#4748=CARTESIAN_POINT('Origin',(-35.7529194812286,-13.9422345769944,0.));
#4749=CARTESIAN_POINT('',(44.2470805187714,-13.9422345769944,0.));
#4750=CARTESIAN_POINT('',(-35.7529194812286,-13.9422345769944,0.));
#4751=CARTESIAN_POINT('',(-5.75291948122862,-13.9422345769944,0.));
#4752=CARTESIAN_POINT('',(44.2470805187714,-13.9422345769944,8.));
#4753=CARTESIAN_POINT('',(44.2470805187714,-13.9422345769944,0.));
#4754=CARTESIAN_POINT('',(28.2470805187714,-13.9422345769944,8.));
#4755=CARTESIAN_POINT('',(32.2470805187714,-13.9422345769944,8.));
#4756=CARTESIAN_POINT('',(28.2470805187714,-13.9422345769944,0.6));
#4757=CARTESIAN_POINT('',(28.2470805187714,-13.9422345769944,0.));
#4758=CARTESIAN_POINT('',(-5.75291948122862,-13.9422345769944,0.6));
#4759=CARTESIAN_POINT('',(44.2470805187714,-13.9422345769944,0.6));
#4760=CARTESIAN_POINT('',(-5.75291948122862,-13.9422345769944,0.));
#4761=CARTESIAN_POINT('',(-35.7529194812286,-13.9422345769944,0.));
#4762=CARTESIAN_POINT('Origin',(-5.75291948122862,-13.9422345769944,0.));
#4763=CARTESIAN_POINT('',(-5.75291948122862,16.0577654230056,0.6));
#4764=CARTESIAN_POINT('',(-5.75291948122862,-6.44223457699443,0.6));
#4765=CARTESIAN_POINT('',(-5.75291948122862,16.0577654230056,0.));
#4766=CARTESIAN_POINT('Origin',(-5.75291948122862,16.0577654230056,0.));
#4767=CARTESIAN_POINT('',(-35.7529194812286,16.0577654230056,0.));
#4768=CARTESIAN_POINT('',(44.2470805187714,16.0577654230056,0.));
#4769=CARTESIAN_POINT('',(-5.75291948122862,16.0577654230056,0.));
#4770=CARTESIAN_POINT('',(-35.7529194812286,16.0577654230056,0.));
#4771=CARTESIAN_POINT('',(28.2470805187714,16.0577654230056,0.6));
#4772=CARTESIAN_POINT('',(-5.75291948122862,16.0577654230056,0.6));
#4773=CARTESIAN_POINT('',(28.2470805187714,16.0577654230056,8.));
#4774=CARTESIAN_POINT('',(28.2470805187714,16.0577654230056,0.));
#4775=CARTESIAN_POINT('',(44.2470805187714,16.0577654230056,8.));
#4776=CARTESIAN_POINT('',(40.2470805187714,16.0577654230056,8.));
#4777=CARTESIAN_POINT('',(44.2470805187714,16.0577654230056,0.));
#4778=CARTESIAN_POINT('Origin',(-35.7529194812286,16.0577654230056,0.));
#4779=CARTESIAN_POINT('',(-35.7529194812286,-13.9422345769944,0.));
#4780=CARTESIAN_POINT('Origin',(36.2470805187714,1.05776542300557,8.));
#4781=CARTESIAN_POINT('',(44.2470805187714,-6.44223457699443,8.));
#4782=CARTESIAN_POINT('',(28.2470805187714,8.55776542300557,8.));
#4783=CARTESIAN_POINT('',(33.7470805187714,1.05776542300556,8.));
#4784=CARTESIAN_POINT('Origin',(36.2470805187714,1.05776542300556,8.));
#4785=CARTESIAN_POINT('Origin',(44.2470805187714,-13.9422345769944,0.));
#4786=CARTESIAN_POINT('',(44.2470805187714,16.0577654230056,0.));
#4787=CARTESIAN_POINT('Origin',(36.2470805187714,1.05776542300556,0.));
#4788=CARTESIAN_POINT('',(33.7470805187714,1.05776542300556,0.));
#4789=CARTESIAN_POINT('',(33.7470805187714,1.05776542300556,0.));
#4790=CARTESIAN_POINT('Origin',(36.2470805187714,1.05776542300556,0.));
#4791=CARTESIAN_POINT('Origin',(28.2470805187714,16.0577654230056,0.));
#4792=CARTESIAN_POINT('',(28.2470805187714,16.0577654230056,0.6));
#4793=CARTESIAN_POINT('Origin',(-20.7529194812286,1.05776542300557,0.));
#4794=CARTESIAN_POINT('',(3.82908124228798,6.32577497950348,0.));
#4795=CARTESIAN_POINT('',(4.95408478861896,5.51738675649977,0.));
#4796=CARTESIAN_POINT('Ctrl Pts',(3.82908124228798,6.32577497950348,0.));
#4797=CARTESIAN_POINT('Ctrl Pts',(3.97428479322355,6.15898612859959,0.));
#4798=CARTESIAN_POINT('Ctrl Pts',(4.28506007907087,5.80201240115402,0.));
#4799=CARTESIAN_POINT('Ctrl Pts',(4.72154091402478,5.61631875298981,0.));
#4800=CARTESIAN_POINT('Ctrl Pts',(4.95408478861896,5.51738675649977,0.));
#4801=CARTESIAN_POINT('',(3.5373637842008,4.6332775471394,0.));
#4802=CARTESIAN_POINT('Ctrl Pts',(4.95408478861896,5.51738675649977,0.));
#4803=CARTESIAN_POINT('Ctrl Pts',(4.66941483366741,5.42728489845676,0.));
#4804=CARTESIAN_POINT('Ctrl Pts',(4.12057638649196,5.25357017023978,0.));
#4805=CARTESIAN_POINT('Ctrl Pts',(3.72686572609942,4.83482781570549,0.));
#4806=CARTESIAN_POINT('Ctrl Pts',(3.5373637842008,4.6332775471394,0.));
#4807=CARTESIAN_POINT('',(3.02793472709316,3.0041608492601,0.));
#4808=CARTESIAN_POINT('Ctrl Pts',(3.5373637842008,4.6332775471394,0.));
#4809=CARTESIAN_POINT('Ctrl Pts',(3.3910254098007,4.39513568621819,0.));
#4810=CARTESIAN_POINT('Ctrl Pts',(3.08433239217555,3.89604277058207,0.));
#4811=CARTESIAN_POINT('Ctrl Pts',(3.04729812021357,3.31037672245838,0.));
#4812=CARTESIAN_POINT('Ctrl Pts',(3.02793472709316,3.0041608492601,0.));
#4813=CARTESIAN_POINT('',(3.91517951803816,0.809752971482467,0.));
#4814=CARTESIAN_POINT('Ctrl Pts',(3.02793472709316,3.0041608492601,0.));
#4815=CARTESIAN_POINT('Ctrl Pts',(3.0603045973233,2.58691694406763,0.));
#4816=CARTESIAN_POINT('Ctrl Pts',(3.12436649037963,1.7611665087768,0.));
#4817=CARTESIAN_POINT('Ctrl Pts',(3.6534412455841,1.12464578044155,0.));
#4818=CARTESIAN_POINT('Ctrl Pts',(3.91517951803816,0.809752971482467,0.));
#4819=CARTESIAN_POINT('',(6.29453105539693,-0.0885299333066158,0.));
#4820=CARTESIAN_POINT('Ctrl Pts',(3.91517951803816,0.809752971482467,0.));
#4821=CARTESIAN_POINT('Ctrl Pts',(4.24926433504241,0.551176748259452,0.));
#4822=CARTESIAN_POINT('Ctrl Pts',(4.9485947974495,0.00990632664751301,0.));
#4823=CARTESIAN_POINT('Ctrl Pts',(5.83275349567279,-0.054757415743778,0.));
#4824=CARTESIAN_POINT('Ctrl Pts',(6.29453105539693,-0.0885299333066158,
0.));
#4825=CARTESIAN_POINT('',(8.68984731922194,0.762774102204049,0.));
#4826=CARTESIAN_POINT('Ctrl Pts',(6.29453105539693,-0.0885299333066158,
0.));
#4827=CARTESIAN_POINT('Ctrl Pts',(6.75675483565691,-0.0633867118981835,
0.));
#4828=CARTESIAN_POINT('Ctrl Pts',(7.64134853555084,-0.0152681680179256,
0.));
#4829=CARTESIAN_POINT('Ctrl Pts',(8.35100518132414,0.511335082605184,0.));
#4830=CARTESIAN_POINT('Ctrl Pts',(8.68984731922194,0.762774102204049,0.));
#4831=CARTESIAN_POINT('',(9.61670855970763,2.90993145229112,0.));
#4832=CARTESIAN_POINT('Ctrl Pts',(8.68984731922194,0.762774102204049,0.));
#4833=CARTESIAN_POINT('Ctrl Pts',(8.95726459174874,1.06953634906788,0.));
#4834=CARTESIAN_POINT('Ctrl Pts',(9.49487990175811,1.68625074035816,0.));
#4835=CARTESIAN_POINT('Ctrl Pts',(9.57595921533334,2.50063377493025,0.));
#4836=CARTESIAN_POINT('Ctrl Pts',(9.61670855970763,2.90993145229112,0.));
#4837=CARTESIAN_POINT('',(9.15039247816677,4.51043316928681,0.));
#4838=CARTESIAN_POINT('Ctrl Pts',(9.61670855970763,2.90993145229112,0.));
#4839=CARTESIAN_POINT('Ctrl Pts',(9.60205242245674,3.204684064377,0.));
#4840=CARTESIAN_POINT('Ctrl Pts',(9.57364920182149,3.77590711793981,0.));
#4841=CARTESIAN_POINT('Ctrl Pts',(9.28843526595697,4.27087164984553,0.));
#4842=CARTESIAN_POINT('Ctrl Pts',(9.15039247816677,4.51043316928681,0.));
#4843=CARTESIAN_POINT('',(7.75751531341313,5.49180586053825,0.));
#4844=CARTESIAN_POINT('Ctrl Pts',(9.15039247816677,4.51043316928681,0.));
#4845=CARTESIAN_POINT('Ctrl Pts',(8.96747697779721,4.72153517217037,0.));
#4846=CARTESIAN_POINT('Ctrl Pts',(8.58496126539754,5.16299493287331,0.));
#4847=CARTESIAN_POINT('Ctrl Pts',(8.04123609913348,5.37906073860393,0.));
#4848=CARTESIAN_POINT('Ctrl Pts',(7.75751531341313,5.49180586053825,0.));
#4849=CARTESIAN_POINT('',(8.87317823948883,6.27633760798241,0.));
#4850=CARTESIAN_POINT('Ctrl Pts',(7.75751531341313,5.49180586053825,0.));
#4851=CARTESIAN_POINT('Ctrl Pts',(7.98613047483723,5.58690123048071,0.));
#4852=CARTESIAN_POINT('Ctrl Pts',(8.41702117962733,5.76613567285773,0.));
#4853=CARTESIAN_POINT('Ctrl Pts',(8.72745124059647,6.11334507015484,0.));
#4854=CARTESIAN_POINT('Ctrl Pts',(8.87317823948883,6.27633760798241,0.));
#4855=CARTESIAN_POINT('',(9.24914973296998,7.48373508774506,0.));
#4856=CARTESIAN_POINT('Ctrl Pts',(8.87317823948883,6.27633760798241,0.));
#4857=CARTESIAN_POINT('Ctrl Pts',(8.98125555140527,6.4574456858509,0.));
#4858=CARTESIAN_POINT('Ctrl Pts',(9.20321012864471,6.82938098055015,0.));
#4859=CARTESIAN_POINT('Ctrl Pts',(9.23357206627028,7.26185006424146,0.));
#4860=CARTESIAN_POINT('Ctrl Pts',(9.24914973296998,7.48373508774506,0.));
#4861=CARTESIAN_POINT('',(8.46799118555128,9.34291844692702,0.));
#4862=CARTESIAN_POINT('Ctrl Pts',(9.24914973296998,7.48373508774506,0.));
#4863=CARTESIAN_POINT('Ctrl Pts',(9.21871681132113,7.83440357211354,0.));
#4864=CARTESIAN_POINT('Ctrl Pts',(9.15767692849936,8.53774594068799,0.));
#4865=CARTESIAN_POINT('Ctrl Pts',(8.69832300971267,9.07401793097045,0.));
#4866=CARTESIAN_POINT('Ctrl Pts',(8.46799118555128,9.34291844692702,0.));
#4867=CARTESIAN_POINT('',(6.36724204811696,10.1226910971044,0.));
#4868=CARTESIAN_POINT('Ctrl Pts',(8.46799118555128,9.34291844692702,0.));
#4869=CARTESIAN_POINT('Ctrl Pts',(8.17308923973874,9.56731340490086,0.));
#4870=CARTESIAN_POINT('Ctrl Pts',(7.55362144522765,10.0386749936909,0.));
#4871=CARTESIAN_POINT('Ctrl Pts',(6.77512818509036,10.09380573046,0.));
#4872=CARTESIAN_POINT('Ctrl Pts',(6.36724204811696,10.1226910971044,0.));
#4873=CARTESIAN_POINT('',(4.27323252790866,9.39824860861486,0.));
#4874=CARTESIAN_POINT('Ctrl Pts',(6.36724204811696,10.1226910971044,0.));
#4875=CARTESIAN_POINT('Ctrl Pts',(5.96199931048404,10.1023640155765,0.));
#4876=CARTESIAN_POINT('Ctrl Pts',(5.19148522967722,10.0637148281032,0.));
#4877=CARTESIAN_POINT('Ctrl Pts',(4.56854482076456,9.61226415653185,0.));
#4878=CARTESIAN_POINT('Ctrl Pts',(4.27323252790866,9.39824860861486,0.));
#4879=CARTESIAN_POINT('',(3.47207481823466,7.57055785009739,0.));
#4880=CARTESIAN_POINT('Ctrl Pts',(4.27323252790866,9.39824860861486,0.));
#4881=CARTESIAN_POINT('Ctrl Pts',(4.04204703957477,9.13751291490287,0.));
#4882=CARTESIAN_POINT('Ctrl Pts',(3.57839705715735,8.61459903879242,0.));
#4883=CARTESIAN_POINT('Ctrl Pts',(3.50758068158809,7.91921100259655,0.));
#4884=CARTESIAN_POINT('Ctrl Pts',(3.47207481823466,7.57055785009739,0.));
#4885=CARTESIAN_POINT('Ctrl Pts',(3.47207481823466,7.57055785009739,0.));
#4886=CARTESIAN_POINT('Ctrl Pts',(3.48310367141161,7.3411630247679,0.));
#4887=CARTESIAN_POINT('Ctrl Pts',(3.50442732073928,6.89764140611698,0.));
#4888=CARTESIAN_POINT('Ctrl Pts',(3.72337566785808,6.5119716187863,0.));
#4889=CARTESIAN_POINT('Ctrl Pts',(3.82908124228798,6.32577497950348,0.));
#4890=CARTESIAN_POINT('',(11.485984198552,1.43305970400137,0.));
#4891=CARTESIAN_POINT('',(11.4732248696222,0.0347548028970746,0.));
#4892=CARTESIAN_POINT('',(11.4829300465108,1.09835277768711,0.));
#4893=CARTESIAN_POINT('',(12.8715297707265,0.0219954739672965,0.));
#4894=CARTESIAN_POINT('',(-4.6431728182269,0.181814588713458,0.));
#4895=CARTESIAN_POINT('',(12.8842890996563,1.42030037507159,0.));
#4896=CARTESIAN_POINT('',(12.8748552831502,0.386440998205188,0.));
#4897=CARTESIAN_POINT('',(-3.93126103874498,1.57373982535286,0.));
#4898=CARTESIAN_POINT('',(15.1014238257601,7.78846606890995,0.));
#4899=CARTESIAN_POINT('',(14.7104523446608,4.93720813861603,0.));
#4900=CARTESIAN_POINT('Ctrl Pts',(15.1014238257601,7.78846606890995,0.));
#4901=CARTESIAN_POINT('Ctrl Pts',(14.9915262129863,7.37339736265683,0.));
#4902=CARTESIAN_POINT('Ctrl Pts',(14.7444005925327,6.44003667378661,0.));
#4903=CARTESIAN_POINT('Ctrl Pts',(14.7225730847259,5.473771737007,0.));
#4904=CARTESIAN_POINT('Ctrl Pts',(14.7104523446608,4.93720813861603,0.));
#4905=CARTESIAN_POINT('',(15.6624012016159,0.862868686569329,0.));
#4906=CARTESIAN_POINT('Ctrl Pts',(14.7104523446608,4.93720813861603,0.));
#4907=CARTESIAN_POINT('Ctrl Pts',(14.7127511820657,4.10928091851563,0.));
#4908=CARTESIAN_POINT('Ctrl Pts',(14.7167480099708,2.66982173382558,0.));
#4909=CARTESIAN_POINT('Ctrl Pts',(15.3804413529299,1.40163724600361,0.));
#4910=CARTESIAN_POINT('Ctrl Pts',(15.6624012016159,0.862868686569329,0.));
#4911=CARTESIAN_POINT('',(17.9243337718942,-0.194650192293793,0.));
#4912=CARTESIAN_POINT('Ctrl Pts',(15.6624012016159,0.862868686569329,0.));
#4913=CARTESIAN_POINT('Ctrl Pts',(15.9664689396818,0.557725825308222,0.));
#4914=CARTESIAN_POINT('Ctrl Pts',(16.590449193842,-0.0684606992339631,0.));
#4915=CARTESIAN_POINT('Ctrl Pts',(17.4722417705655,-0.151880929193546,0.));
#4916=CARTESIAN_POINT('Ctrl Pts',(17.9243337718942,-0.194650192293793,0.));
#4917=CARTESIAN_POINT('',(19.747514442349,0.378779988799691,0.));
#4918=CARTESIAN_POINT('Ctrl Pts',(17.9243337718942,-0.194650192293793,0.));
#4919=CARTESIAN_POINT('Ctrl Pts',(18.2688105234695,-0.177959594710395,0.));
#4920=CARTESIAN_POINT('Ctrl Pts',(18.9280173882216,-0.14601968453219,0.));
#4921=CARTESIAN_POINT('Ctrl Pts',(19.4826919677551,0.209189692583422,0.));
#4922=CARTESIAN_POINT('Ctrl Pts',(19.747514442349,0.378779988799691,0.));
#4923=CARTESIAN_POINT('',(20.8438917997206,2.0400587861163,0.));
#4924=CARTESIAN_POINT('Ctrl Pts',(19.747514442349,0.378779988799691,0.));
#4925=CARTESIAN_POINT('Ctrl Pts',(19.9773473408239,0.602627973866754,0.));
#4926=CARTESIAN_POINT('Ctrl Pts',(20.4630613691874,1.07569387213214,0.));
#4927=CARTESIAN_POINT('Ctrl Pts',(20.7124894843516,1.70731283831807,0.));
#4928=CARTESIAN_POINT('Ctrl Pts',(20.8438917997206,2.0400587861163,0.));
#4929=CARTESIAN_POINT('',(21.231327174058,4.87770610383628,0.));
#4930=CARTESIAN_POINT('Ctrl Pts',(20.8438917997206,2.0400587861163,0.));
#4931=CARTESIAN_POINT('Ctrl Pts',(20.9527971736431,2.45402920680128,0.));
#4932=CARTESIAN_POINT('Ctrl Pts',(21.1972299793653,3.38316564671685,0.));
#4933=CARTESIAN_POINT('Ctrl Pts',(21.2191650982091,4.34462077049934,0.));
#4934=CARTESIAN_POINT('Ctrl Pts',(21.231327174058,4.87770610383628,0.));
#4935=CARTESIAN_POINT('',(21.0278012113321,7.24323615057923,0.));
#4936=CARTESIAN_POINT('Ctrl Pts',(21.231327174058,4.87770610383628,0.));
#4937=CARTESIAN_POINT('Ctrl Pts',(21.2316084965658,5.32406413878552,0.));
#4938=CARTESIAN_POINT('Ctrl Pts',(21.2321094926347,6.11896541604903,0.));
#4939=CARTESIAN_POINT('Ctrl Pts',(21.0900781907374,6.9005374359998,0.));
#4940=CARTESIAN_POINT('Ctrl Pts',(21.0278012113321,7.24323615057923,0.));
#4941=CARTESIAN_POINT('',(20.4206584289275,8.73587747418873,0.));
#4942=CARTESIAN_POINT('Ctrl Pts',(21.0278012113321,7.24323615057923,0.));
#4943=CARTESIAN_POINT('Ctrl Pts',(20.9522091922915,7.51865673141559,0.));
#4944=CARTESIAN_POINT('Ctrl Pts',(20.8089653115346,8.04056781859171,0.));
#4945=CARTESIAN_POINT('Ctrl Pts',(20.5452208464403,8.5128336511185,0.));
#4946=CARTESIAN_POINT('Ctrl Pts',(20.4206584289275,8.73587747418873,0.));
#4947=CARTESIAN_POINT('',(19.4264982017596,9.67950413769584,0.));
#4948=CARTESIAN_POINT('Ctrl Pts',(20.4206584289275,8.73587747418873,0.));
#4949=CARTESIAN_POINT('Ctrl Pts',(20.2832310338237,8.92788806512115,0.));
#4950=CARTESIAN_POINT('Ctrl Pts',(20.0123256674431,9.30639119723841,0.));
#4951=CARTESIAN_POINT('Ctrl Pts',(19.6198668555984,9.55634783101445,0.));
#4952=CARTESIAN_POINT('Ctrl Pts',(19.4264982017596,9.67950413769584,0.));
#4953=CARTESIAN_POINT('',(18.0175079754089,10.0163841142938,0.));
#4954=CARTESIAN_POINT('Ctrl Pts',(19.4264982017596,9.67950413769584,0.));
#4955=CARTESIAN_POINT('Ctrl Pts',(19.2116800456125,9.77592767427,0.));
#4956=CARTESIAN_POINT('Ctrl Pts',(18.7637212704818,9.97699899017846,0.));
#4957=CARTESIAN_POINT('Ctrl Pts',(18.2729371110247,10.0029025691708,0.));
#4958=CARTESIAN_POINT('Ctrl Pts',(18.0175079754089,10.0163841142938,0.));
#4959=CARTESIAN_POINT('',(16.201180504635,9.44630390672189,0.));
#4960=CARTESIAN_POINT('Ctrl Pts',(18.0175079754089,10.0163841142938,0.));
#4961=CARTESIAN_POINT('Ctrl Pts',(17.6748599989877,9.99966982524496,0.));
#4962=CARTESIAN_POINT('Ctrl Pts',(17.0184680781297,9.9676511791431,0.));
#4963=CARTESIAN_POINT('Ctrl Pts',(16.4654929955144,9.6149086924249,0.));
#4964=CARTESIAN_POINT('Ctrl Pts',(16.201180504635,9.44630390672189,0.));
#4965=CARTESIAN_POINT('Ctrl Pts',(16.201180504635,9.44630390672189,0.));
#4966=CARTESIAN_POINT('Ctrl Pts',(15.9711455956806,9.22332454422741,0.));
#4967=CARTESIAN_POINT('Ctrl Pts',(15.4845633788637,8.75166659891764,0.));
#4968=CARTESIAN_POINT('Ctrl Pts',(15.2336933933389,8.12098751328638,0.));
#4969=CARTESIAN_POINT('Ctrl Pts',(15.1014238257601,7.78846606890995,0.));
#4970=CARTESIAN_POINT('Origin',(11.2470805187714,1.05776542300557,0.6));
#4971=CARTESIAN_POINT('',(4.95408478861896,5.51738675649977,0.6));
#4972=CARTESIAN_POINT('',(3.82908124228798,6.32577497950348,0.6));
#4973=CARTESIAN_POINT('Ctrl Pts',(4.95408478861896,5.51738675649977,0.6));
#4974=CARTESIAN_POINT('Ctrl Pts',(4.72154091402478,5.61631875298981,0.6));
#4975=CARTESIAN_POINT('Ctrl Pts',(4.4889970394306,5.71525074947986,0.6));
#4976=CARTESIAN_POINT('Ctrl Pts',(4.29213390865021,5.86279953872628,0.6));
#4977=CARTESIAN_POINT('Ctrl Pts',(4.11948834415912,5.9921972776957,0.6));
#4978=CARTESIAN_POINT('Ctrl Pts',(3.97428479322355,6.15898612859959,0.6));
#4979=CARTESIAN_POINT('Ctrl Pts',(3.82908124228798,6.32577497950348,0.6));
#4980=CARTESIAN_POINT('',(3.47207481823466,7.57055785009739,0.6));
#4981=CARTESIAN_POINT('Ctrl Pts',(3.82908124228798,6.32577497950348,0.6));
#4982=CARTESIAN_POINT('Ctrl Pts',(3.72337566785808,6.5119716187863,0.6));
#4983=CARTESIAN_POINT('Ctrl Pts',(3.61767009342818,6.69816825806911,0.6));
#4984=CARTESIAN_POINT('Ctrl Pts',(3.55802767159807,6.8978492328832,0.6));
#4985=CARTESIAN_POINT('Ctrl Pts',(3.49413252458857,7.11176819943841,0.6));
#4986=CARTESIAN_POINT('Ctrl Pts',(3.48310367141161,7.3411630247679,0.6));
#4987=CARTESIAN_POINT('Ctrl Pts',(3.47207481823466,7.57055785009739,0.6));
#4988=CARTESIAN_POINT('',(4.27323252790866,9.39824860861486,0.6));
#4989=CARTESIAN_POINT('Ctrl Pts',(3.47207481823466,7.57055785009739,0.6));
#4990=CARTESIAN_POINT('Ctrl Pts',(3.50758068158809,7.91921100259655,0.6));
#4991=CARTESIAN_POINT('Ctrl Pts',(3.54308654494153,8.26786415509572,0.6));
#4992=CARTESIAN_POINT('Ctrl Pts',(3.67734338464427,8.57316054939867,0.6));
#4993=CARTESIAN_POINT('Ctrl Pts',(3.81086155124089,8.87677722119088,0.6));
#4994=CARTESIAN_POINT('Ctrl Pts',(4.04204703957477,9.13751291490287,0.6));
#4995=CARTESIAN_POINT('Ctrl Pts',(4.27323252790866,9.39824860861486,0.6));
#4996=CARTESIAN_POINT('',(6.36724204811696,10.1226910971044,0.6));
#4997=CARTESIAN_POINT('Ctrl Pts',(4.27323252790866,9.39824860861486,0.6));
#4998=CARTESIAN_POINT('Ctrl Pts',(4.56854482076456,9.61226415653185,0.6));
#4999=CARTESIAN_POINT('Ctrl Pts',(4.86385711362047,9.82627970444883,0.6));
#5000=CARTESIAN_POINT('Ctrl Pts',(5.19233432443616,9.94752445403798,0.6));
#5001=CARTESIAN_POINT('Ctrl Pts',(5.55675657285111,10.0820369340486,0.6));
#5002=CARTESIAN_POINT('Ctrl Pts',(5.96199931048404,10.1023640155765,0.6));
#5003=CARTESIAN_POINT('Ctrl Pts',(6.36724204811696,10.1226910971044,0.6));
#5004=CARTESIAN_POINT('',(8.46799118555128,9.34291844692702,0.6));
#5005=CARTESIAN_POINT('Ctrl Pts',(6.36724204811696,10.1226910971044,0.6));
#5006=CARTESIAN_POINT('Ctrl Pts',(6.77512818509036,10.09380573046,0.6));
#5007=CARTESIAN_POINT('Ctrl Pts',(7.18301432206377,10.0649203638156,0.6));
#5008=CARTESIAN_POINT('Ctrl Pts',(7.54724537265923,9.92177283339395,0.6));
#5009=CARTESIAN_POINT('Ctrl Pts',(7.87818729392621,9.7917083628747,0.6));
#5010=CARTESIAN_POINT('Ctrl Pts',(8.17308923973874,9.56731340490086,0.6));
#5011=CARTESIAN_POINT('Ctrl Pts',(8.46799118555128,9.34291844692702,0.6));
#5012=CARTESIAN_POINT('',(9.24914973296998,7.48373508774506,0.6));
#5013=CARTESIAN_POINT('Ctrl Pts',(8.46799118555128,9.34291844692702,0.6));
#5014=CARTESIAN_POINT('Ctrl Pts',(8.69832300971267,9.07401793097045,0.6));
#5015=CARTESIAN_POINT('Ctrl Pts',(8.92865483387406,8.80511741501387,0.6));
#5016=CARTESIAN_POINT('Ctrl Pts',(9.05883949450623,8.49421078582766,0.6));
#5017=CARTESIAN_POINT('Ctrl Pts',(9.18828388967229,8.185072056482,0.6));
#5018=CARTESIAN_POINT('Ctrl Pts',(9.21871681132113,7.83440357211354,0.6));
#5019=CARTESIAN_POINT('Ctrl Pts',(9.24914973296998,7.48373508774506,0.6));
#5020=CARTESIAN_POINT('',(8.87317823948883,6.27633760798241,0.6));
#5021=CARTESIAN_POINT('Ctrl Pts',(9.24914973296998,7.48373508774506,0.6));
#5022=CARTESIAN_POINT('Ctrl Pts',(9.23357206627028,7.26185006424146,0.6));
#5023=CARTESIAN_POINT('Ctrl Pts',(9.21799439957059,7.03996504073785,0.6));
#5024=CARTESIAN_POINT('Ctrl Pts',(9.15198258723265,6.83401471042608,0.6));
#5025=CARTESIAN_POINT('Ctrl Pts',(9.08933286332172,6.63855376371938,0.6));
#5026=CARTESIAN_POINT('Ctrl Pts',(8.98125555140527,6.4574456858509,0.6));
#5027=CARTESIAN_POINT('Ctrl Pts',(8.87317823948883,6.27633760798241,0.6));
#5028=CARTESIAN_POINT('',(7.75751531341313,5.49180586053825,0.6));
#5029=CARTESIAN_POINT('Ctrl Pts',(8.87317823948883,6.27633760798241,0.6));
#5030=CARTESIAN_POINT('Ctrl Pts',(8.72745124059647,6.11334507015484,0.6));
#5031=CARTESIAN_POINT('Ctrl Pts',(8.58172424170412,5.95035253232726,0.6));
#5032=CARTESIAN_POINT('Ctrl Pts',(8.40945132888788,5.82437663788825,0.6));
#5033=CARTESIAN_POINT('Ctrl Pts',(8.21474563626134,5.68199660042317,0.6));
#5034=CARTESIAN_POINT('Ctrl Pts',(7.98613047483723,5.58690123048071,0.6));
#5035=CARTESIAN_POINT('Ctrl Pts',(7.75751531341313,5.49180586053825,0.6));
#5036=CARTESIAN_POINT('',(9.15039247816677,4.51043316928681,0.6));
#5037=CARTESIAN_POINT('Ctrl Pts',(7.75751531341313,5.49180586053825,0.6));
#5038=CARTESIAN_POINT('Ctrl Pts',(8.04123609913348,5.37906073860393,0.6));
#5039=CARTESIAN_POINT('Ctrl Pts',(8.32495688485384,5.26631561666962,0.6));
#5040=CARTESIAN_POINT('Ctrl Pts',(8.56478278259866,5.09219914109127,0.6));
#5041=CARTESIAN_POINT('Ctrl Pts',(8.78456147742766,4.93263717505393,0.6));
#5042=CARTESIAN_POINT('Ctrl Pts',(8.96747697779721,4.72153517217037,0.6));
#5043=CARTESIAN_POINT('Ctrl Pts',(9.15039247816677,4.51043316928681,0.6));
#5044=CARTESIAN_POINT('',(9.61670855970763,2.90993145229112,0.6));
#5045=CARTESIAN_POINT('Ctrl Pts',(9.15039247816677,4.51043316928681,0.6));
#5046=CARTESIAN_POINT('Ctrl Pts',(9.28843526595697,4.27087164984553,0.6));
#5047=CARTESIAN_POINT('Ctrl Pts',(9.42647805374716,4.03131013040424,0.6));
#5048=CARTESIAN_POINT('Ctrl Pts',(9.50436205057744,3.77388479068122,0.6));
#5049=CARTESIAN_POINT('Ctrl Pts',(9.58739628520585,3.49943667646288,0.6));
#5050=CARTESIAN_POINT('Ctrl Pts',(9.60205242245674,3.204684064377,0.6));
#5051=CARTESIAN_POINT('Ctrl Pts',(9.61670855970763,2.90993145229112,0.6));
#5052=CARTESIAN_POINT('',(8.68984731922194,0.762774102204049,0.6));
#5053=CARTESIAN_POINT('Ctrl Pts',(9.61670855970763,2.90993145229112,0.6));
#5054=CARTESIAN_POINT('Ctrl Pts',(9.57595921533334,2.50063377493025,0.6));
#5055=CARTESIAN_POINT('Ctrl Pts',(9.53520987095906,2.09133609756938,0.6));
#5056=CARTESIAN_POINT('Ctrl Pts',(9.37914277906802,1.7319681144188,0.6));
#5057=CARTESIAN_POINT('Ctrl Pts',(9.22468186427554,1.37629859593172,0.6));
#5058=CARTESIAN_POINT('Ctrl Pts',(8.95726459174874,1.06953634906788,0.6));
#5059=CARTESIAN_POINT('Ctrl Pts',(8.68984731922194,0.762774102204049,0.6));
#5060=CARTESIAN_POINT('',(6.29453105539693,-0.0885299333066158,0.6));
#5061=CARTESIAN_POINT('Ctrl Pts',(8.68984731922194,0.762774102204049,0.6));
#5062=CARTESIAN_POINT('Ctrl Pts',(8.35100518132414,0.511335082605184,0.6));
#5063=CARTESIAN_POINT('Ctrl Pts',(8.01216304342635,0.259896063006317,0.6));
#5064=CARTESIAN_POINT('Ctrl Pts',(7.63343861554239,0.11754237083675,0.6));
#5065=CARTESIAN_POINT('Ctrl Pts',(7.21897861591688,-0.0382434904897504,
0.6));
#5066=CARTESIAN_POINT('Ctrl Pts',(6.75675483565691,-0.0633867118981835,
0.6));
#5067=CARTESIAN_POINT('Ctrl Pts',(6.29453105539693,-0.0885299333066158,
0.6));
#5068=CARTESIAN_POINT('',(3.91517951803816,0.809752971482467,0.6));
#5069=CARTESIAN_POINT('Ctrl Pts',(6.29453105539693,-0.0885299333066159,
0.6));
#5070=CARTESIAN_POINT('Ctrl Pts',(5.83275349567279,-0.054757415743778,0.6));
#5071=CARTESIAN_POINT('Ctrl Pts',(5.37097593594864,-0.0209848981809406,
0.6));
#5072=CARTESIAN_POINT('Ctrl Pts',(4.95961497215955,0.142794196894833,0.6));
#5073=CARTESIAN_POINT('Ctrl Pts',(4.58334915204665,0.292600525036433,0.6));
#5074=CARTESIAN_POINT('Ctrl Pts',(4.24926433504241,0.551176748259452,0.6));
#5075=CARTESIAN_POINT('Ctrl Pts',(3.91517951803816,0.809752971482467,0.6));
#5076=CARTESIAN_POINT('',(3.02793472709316,3.0041608492601,0.6));
#5077=CARTESIAN_POINT('Ctrl Pts',(3.91517951803816,0.809752971482467,0.6));
#5078=CARTESIAN_POINT('Ctrl Pts',(3.6534412455841,1.12464578044155,0.6));
#5079=CARTESIAN_POINT('Ctrl Pts',(3.39170297313003,1.43953858940062,0.6));
#5080=CARTESIAN_POINT('Ctrl Pts',(3.24377075052022,1.80074298931724,0.6));
#5081=CARTESIAN_POINT('Ctrl Pts',(3.09267446755344,2.16967303887515,0.6));
#5082=CARTESIAN_POINT('Ctrl Pts',(3.0603045973233,2.58691694406763,0.6));
#5083=CARTESIAN_POINT('Ctrl Pts',(3.02793472709316,3.0041608492601,0.6));
#5084=CARTESIAN_POINT('',(3.5373637842008,4.6332775471394,0.6));
#5085=CARTESIAN_POINT('Ctrl Pts',(3.02793472709316,3.0041608492601,0.6));
#5086=CARTESIAN_POINT('Ctrl Pts',(3.04729812021357,3.31037672245838,0.6));
#5087=CARTESIAN_POINT('Ctrl Pts',(3.06666151333399,3.61659259565665,0.6));
#5088=CARTESIAN_POINT('Ctrl Pts',(3.1597422730363,3.89914172914643,0.6));
#5089=CARTESIAN_POINT('Ctrl Pts',(3.2446870354006,4.15699382529697,0.6));
#5090=CARTESIAN_POINT('Ctrl Pts',(3.3910254098007,4.39513568621819,0.6));
#5091=CARTESIAN_POINT('Ctrl Pts',(3.5373637842008,4.6332775471394,0.6));
#5092=CARTESIAN_POINT('Ctrl Pts',(3.5373637842008,4.6332775471394,0.6));
#5093=CARTESIAN_POINT('Ctrl Pts',(3.72686572609942,4.83482781570549,0.6));
#5094=CARTESIAN_POINT('Ctrl Pts',(3.91636766799804,5.03637808427158,0.6));
#5095=CARTESIAN_POINT('Ctrl Pts',(4.1418083276022,5.18116238669518,0.6));
#5096=CARTESIAN_POINT('Ctrl Pts',(4.38474487871585,5.33718304041375,0.6));
#5097=CARTESIAN_POINT('Ctrl Pts',(4.66941483366741,5.42728489845676,0.6));
#5098=CARTESIAN_POINT('Ctrl Pts',(4.95408478861896,5.51738675649977,0.6));
#5099=CARTESIAN_POINT('',(11.4732248696222,0.0347548028970746,0.6));
#5100=CARTESIAN_POINT('',(11.485984198552,1.43305970400137,0.6));
#5101=CARTESIAN_POINT('',(11.4842621431443,1.24433829633623,0.6));
#5102=CARTESIAN_POINT('',(12.8842890996563,1.42030037507159,0.6));
#5103=CARTESIAN_POINT('',(12.0674068646215,1.42775430670372,0.6));
#5104=CARTESIAN_POINT('',(12.8715297707265,0.0219954739672965,0.6));
#5105=CARTESIAN_POINT('',(12.8761873797837,0.532426516854305,0.6));
#5106=CARTESIAN_POINT('',(11.3554950851396,0.035829070064314,0.6));
#5107=CARTESIAN_POINT('',(14.7104523446608,4.93720813861603,0.6));
#5108=CARTESIAN_POINT('',(15.1014238257601,7.78846606890995,0.6));
#5109=CARTESIAN_POINT('Ctrl Pts',(14.7104523446608,4.93720813861603,0.6));
#5110=CARTESIAN_POINT('Ctrl Pts',(14.7225730847259,5.473771737007,0.6));
#5111=CARTESIAN_POINT('Ctrl Pts',(14.734693824791,6.01033533539798,0.6));
#5112=CARTESIAN_POINT('Ctrl Pts',(14.8162862005754,6.53675276834832,0.6));
#5113=CARTESIAN_POINT('Ctrl Pts',(14.8816286002126,6.9583286564037,0.6));
#5114=CARTESIAN_POINT('Ctrl Pts',(14.9915262129863,7.37339736265683,0.6));
#5115=CARTESIAN_POINT('Ctrl Pts',(15.1014238257601,7.78846606890995,0.6));
#5116=CARTESIAN_POINT('',(16.201180504635,9.44630390672189,0.6));
#5117=CARTESIAN_POINT('Ctrl Pts',(15.1014238257601,7.78846606890995,0.6));
#5118=CARTESIAN_POINT('Ctrl Pts',(15.2336933933389,8.12098751328638,0.6));
#5119=CARTESIAN_POINT('Ctrl Pts',(15.3659629609176,8.45350895766281,0.6));
#5120=CARTESIAN_POINT('Ctrl Pts',(15.563757158446,8.74182479880592,0.6));
#5121=CARTESIAN_POINT('Ctrl Pts',(15.7411106867261,9.00034518173293,0.6));
#5122=CARTESIAN_POINT('Ctrl Pts',(15.9711455956806,9.22332454422741,0.6));
#5123=CARTESIAN_POINT('Ctrl Pts',(16.201180504635,9.44630390672189,0.6));
#5124=CARTESIAN_POINT('',(18.0175079754089,10.0163841142938,0.6));
#5125=CARTESIAN_POINT('Ctrl Pts',(16.201180504635,9.44630390672189,0.6));
#5126=CARTESIAN_POINT('Ctrl Pts',(16.4654929955144,9.6149086924249,0.6));
#5127=CARTESIAN_POINT('Ctrl Pts',(16.7298054863937,9.7835134781279,0.6));
#5128=CARTESIAN_POINT('Ctrl Pts',(17.0177453540362,9.87884331994427,0.6));
#5129=CARTESIAN_POINT('Ctrl Pts',(17.3322120225666,9.98295553619612,0.6));
#5130=CARTESIAN_POINT('Ctrl Pts',(17.6748599989877,9.99966982524496,0.6));
#5131=CARTESIAN_POINT('Ctrl Pts',(18.0175079754089,10.0163841142938,0.6));
#5132=CARTESIAN_POINT('',(19.4264982017596,9.67950413769584,0.6));
#5133=CARTESIAN_POINT('Ctrl Pts',(18.0175079754089,10.0163841142938,0.6));
#5134=CARTESIAN_POINT('Ctrl Pts',(18.2729371110247,10.0029025691708,0.6));
#5135=CARTESIAN_POINT('Ctrl Pts',(18.5283662466405,9.98942102404782,0.6));
#5136=CARTESIAN_POINT('Ctrl Pts',(18.7721953001677,9.92849191576853,0.6));
#5137=CARTESIAN_POINT('Ctrl Pts',(18.9968618894654,9.87235121084416,0.6));
#5138=CARTESIAN_POINT('Ctrl Pts',(19.2116800456125,9.77592767427,0.6));
#5139=CARTESIAN_POINT('Ctrl Pts',(19.4264982017596,9.67950413769584,0.6));
#5140=CARTESIAN_POINT('',(20.4206584289275,8.73587747418873,0.6));
#5141=CARTESIAN_POINT('Ctrl Pts',(19.4264982017596,9.67950413769584,0.6));
#5142=CARTESIAN_POINT('Ctrl Pts',(19.6198668555984,9.55634783101445,0.6));
#5143=CARTESIAN_POINT('Ctrl Pts',(19.8132355094372,9.43319152433305,0.6));
#5144=CARTESIAN_POINT('Ctrl Pts',(19.9770953834628,9.27882877754758,0.6));
#5145=CARTESIAN_POINT('Ctrl Pts',(20.1458036387199,9.11989865605357,0.6));
#5146=CARTESIAN_POINT('Ctrl Pts',(20.2832310338237,8.92788806512115,0.6));
#5147=CARTESIAN_POINT('Ctrl Pts',(20.4206584289275,8.73587747418873,0.6));
#5148=CARTESIAN_POINT('',(21.0278012113321,7.24323615057923,0.6));
#5149=CARTESIAN_POINT('Ctrl Pts',(20.4206584289275,8.73587747418873,0.6));
#5150=CARTESIAN_POINT('Ctrl Pts',(20.5452208464403,8.5128336511185,0.6));
#5151=CARTESIAN_POINT('Ctrl Pts',(20.6697832639531,8.28978982804828,0.6));
#5152=CARTESIAN_POINT('Ctrl Pts',(20.7674677092231,8.05567250036567,0.6));
#5153=CARTESIAN_POINT('Ctrl Pts',(20.8766171732509,7.79407731225194,0.6));
#5154=CARTESIAN_POINT('Ctrl Pts',(20.9522091922915,7.51865673141559,0.6));
#5155=CARTESIAN_POINT('Ctrl Pts',(21.0278012113321,7.24323615057923,0.6));
#5156=CARTESIAN_POINT('',(21.231327174058,4.87770610383628,0.6));
#5157=CARTESIAN_POINT('Ctrl Pts',(21.0278012113321,7.24323615057923,0.6));
#5158=CARTESIAN_POINT('Ctrl Pts',(21.0900781907374,6.9005374359998,0.6));
#5159=CARTESIAN_POINT('Ctrl Pts',(21.1523551701427,6.55783872142037,0.6));
#5160=CARTESIAN_POINT('Ctrl Pts',(21.187229015748,6.21257733559513,0.6));
#5161=CARTESIAN_POINT('Ctrl Pts',(21.2318898190737,5.77042217373476,0.6));
#5162=CARTESIAN_POINT('Ctrl Pts',(21.2316084965658,5.32406413878552,0.6));
#5163=CARTESIAN_POINT('Ctrl Pts',(21.231327174058,4.87770610383628,0.6));
#5164=CARTESIAN_POINT('',(20.8438917997206,2.0400587861163,0.6));
#5165=CARTESIAN_POINT('Ctrl Pts',(21.231327174058,4.87770610383628,0.6));
#5166=CARTESIAN_POINT('Ctrl Pts',(21.2191650982091,4.34462077049934,0.6));
#5167=CARTESIAN_POINT('Ctrl Pts',(21.2070030223603,3.81153543716241,0.6));
#5168=CARTESIAN_POINT('Ctrl Pts',(21.1264401857557,3.28838558942148,0.6));
#5169=CARTESIAN_POINT('Ctrl Pts',(21.0617025475656,2.86799962748626,0.6));
#5170=CARTESIAN_POINT('Ctrl Pts',(20.9527971736431,2.45402920680128,0.6));
#5171=CARTESIAN_POINT('Ctrl Pts',(20.8438917997206,2.0400587861163,0.6));
#5172=CARTESIAN_POINT('',(19.747514442349,0.378779988799691,0.6));
#5173=CARTESIAN_POINT('Ctrl Pts',(20.8438917997206,2.0400587861163,0.6));
#5174=CARTESIAN_POINT('Ctrl Pts',(20.7124894843516,1.70731283831807,0.6));
#5175=CARTESIAN_POINT('Ctrl Pts',(20.5810871689825,1.37456689051984,0.6));
#5176=CARTESIAN_POINT('Ctrl Pts',(20.3841076253548,1.0858247116529,0.6));
#5177=CARTESIAN_POINT('Ctrl Pts',(20.2071802392988,0.826475958933819,0.6));
#5178=CARTESIAN_POINT('Ctrl Pts',(19.9773473408239,0.602627973866754,0.6));
#5179=CARTESIAN_POINT('Ctrl Pts',(19.747514442349,0.378779988799691,0.6));
#5180=CARTESIAN_POINT('',(17.9243337718942,-0.194650192293793,0.6));
#5181=CARTESIAN_POINT('Ctrl Pts',(19.747514442349,0.378779988799691,0.6));
#5182=CARTESIAN_POINT('Ctrl Pts',(19.4826919677551,0.209189692583422,0.6));
#5183=CARTESIAN_POINT('Ctrl Pts',(19.2178694931612,0.0395993963671564,0.6));
#5184=CARTESIAN_POINT('Ctrl Pts',(18.9292192376695,-0.0563027181259289,
0.6));
#5185=CARTESIAN_POINT('Ctrl Pts',(18.6132872750447,-0.161268997126997,0.6));
#5186=CARTESIAN_POINT('Ctrl Pts',(18.2688105234695,-0.177959594710395,0.6));
#5187=CARTESIAN_POINT('Ctrl Pts',(17.9243337718942,-0.194650192293793,0.6));
#5188=CARTESIAN_POINT('',(15.6624012016159,0.862868686569329,0.6));
#5189=CARTESIAN_POINT('Ctrl Pts',(17.9243337718942,-0.194650192293793,0.6));
#5190=CARTESIAN_POINT('Ctrl Pts',(17.4722417705655,-0.151880929193546,0.6));
#5191=CARTESIAN_POINT('Ctrl Pts',(17.0201497692368,-0.109111666093299,0.6));
#5192=CARTESIAN_POINT('Ctrl Pts',(16.6358257323836,0.0763279185963695,0.6));
#5193=CARTESIAN_POINT('Ctrl Pts',(16.2705366777477,0.25258296404711,0.6));
#5194=CARTESIAN_POINT('Ctrl Pts',(15.9664689396818,0.557725825308222,0.6));
#5195=CARTESIAN_POINT('Ctrl Pts',(15.6624012016159,0.862868686569329,0.6));
#5196=CARTESIAN_POINT('Ctrl Pts',(15.6624012016159,0.862868686569329,0.6));
#5197=CARTESIAN_POINT('Ctrl Pts',(15.3804413529299,1.40163724600361,0.6));
#5198=CARTESIAN_POINT('Ctrl Pts',(15.0984815042439,1.94040580543789,0.6));
#5199=CARTESIAN_POINT('Ctrl Pts',(14.9355865700472,2.51008677182206,0.6));
#5200=CARTESIAN_POINT('Ctrl Pts',(14.7150500194707,3.28135369841524,0.6));
#5201=CARTESIAN_POINT('Ctrl Pts',(14.7127511820657,4.10928091851563,0.6));
#5202=CARTESIAN_POINT('Ctrl Pts',(14.7104523446608,4.93720813861602,0.6));
#5203=CARTESIAN_POINT('Ctrl Pts',(7.75751531341313,5.49180586053825,0.));
#5204=CARTESIAN_POINT('Ctrl Pts',(7.75751531341313,5.49180586053825,5.5));
#5205=CARTESIAN_POINT('Ctrl Pts',(7.98613047483723,5.58690123048071,0.));
#5206=CARTESIAN_POINT('Ctrl Pts',(7.98613047483723,5.58690123048071,5.5));
#5207=CARTESIAN_POINT('Ctrl Pts',(8.41702117962733,5.76613567285773,0.));
#5208=CARTESIAN_POINT('Ctrl Pts',(8.41702117962733,5.76613567285773,5.5));
#5209=CARTESIAN_POINT('Ctrl Pts',(8.72745124059647,6.11334507015484,0.));
#5210=CARTESIAN_POINT('Ctrl Pts',(8.72745124059647,6.11334507015484,5.5));
#5211=CARTESIAN_POINT('Ctrl Pts',(8.87317823948883,6.27633760798241,0.));
#5212=CARTESIAN_POINT('Ctrl Pts',(8.87317823948883,6.27633760798241,5.5));
#5213=CARTESIAN_POINT('',(8.87317823948883,6.27633760798241,0.));
#5214=CARTESIAN_POINT('',(7.75751531341313,5.49180586053825,0.));
#5215=CARTESIAN_POINT('Ctrl Pts',(8.87317823948883,6.27633760798241,0.));
#5216=CARTESIAN_POINT('Ctrl Pts',(8.87317823948883,6.27633760798241,5.5));
#5217=CARTESIAN_POINT('Ctrl Pts',(8.98125555140527,6.4574456858509,0.));
#5218=CARTESIAN_POINT('Ctrl Pts',(8.98125555140527,6.4574456858509,5.5));
#5219=CARTESIAN_POINT('Ctrl Pts',(9.20321012864471,6.82938098055015,0.));
#5220=CARTESIAN_POINT('Ctrl Pts',(9.20321012864471,6.82938098055015,5.5));
#5221=CARTESIAN_POINT('Ctrl Pts',(9.23357206627028,7.26185006424146,0.));
#5222=CARTESIAN_POINT('Ctrl Pts',(9.23357206627028,7.26185006424146,5.5));
#5223=CARTESIAN_POINT('Ctrl Pts',(9.24914973296998,7.48373508774506,0.));
#5224=CARTESIAN_POINT('Ctrl Pts',(9.24914973296998,7.48373508774506,5.5));
#5225=CARTESIAN_POINT('',(9.24914973296998,7.48373508774506,0.));
#5226=CARTESIAN_POINT('Ctrl Pts',(9.24914973296998,7.48373508774506,0.));
#5227=CARTESIAN_POINT('Ctrl Pts',(9.24914973296998,7.48373508774506,5.5));
#5228=CARTESIAN_POINT('Ctrl Pts',(9.21871681132113,7.83440357211354,0.));
#5229=CARTESIAN_POINT('Ctrl Pts',(9.21871681132113,7.83440357211354,5.5));
#5230=CARTESIAN_POINT('Ctrl Pts',(9.15767692849936,8.53774594068799,0.));
#5231=CARTESIAN_POINT('Ctrl Pts',(9.15767692849936,8.53774594068799,5.5));
#5232=CARTESIAN_POINT('Ctrl Pts',(8.69832300971267,9.07401793097045,0.));
#5233=CARTESIAN_POINT('Ctrl Pts',(8.69832300971267,9.07401793097045,5.5));
#5234=CARTESIAN_POINT('Ctrl Pts',(8.46799118555128,9.34291844692702,0.));
#5235=CARTESIAN_POINT('Ctrl Pts',(8.46799118555128,9.34291844692702,5.5));
#5236=CARTESIAN_POINT('',(8.46799118555128,9.34291844692702,0.));
#5237=CARTESIAN_POINT('Ctrl Pts',(8.46799118555128,9.34291844692702,0.));
#5238=CARTESIAN_POINT('Ctrl Pts',(8.46799118555128,9.34291844692702,5.5));
#5239=CARTESIAN_POINT('Ctrl Pts',(8.17308923973874,9.56731340490086,0.));
#5240=CARTESIAN_POINT('Ctrl Pts',(8.17308923973874,9.56731340490086,5.5));
#5241=CARTESIAN_POINT('Ctrl Pts',(7.55362144522765,10.0386749936909,0.));
#5242=CARTESIAN_POINT('Ctrl Pts',(7.55362144522765,10.0386749936909,5.5));
#5243=CARTESIAN_POINT('Ctrl Pts',(6.77512818509036,10.09380573046,0.));
#5244=CARTESIAN_POINT('Ctrl Pts',(6.77512818509036,10.09380573046,5.5));
#5245=CARTESIAN_POINT('Ctrl Pts',(6.36724204811696,10.1226910971044,0.));
#5246=CARTESIAN_POINT('Ctrl Pts',(6.36724204811696,10.1226910971044,5.5));
#5247=CARTESIAN_POINT('',(6.36724204811696,10.1226910971044,0.));
#5248=CARTESIAN_POINT('Ctrl Pts',(6.36724204811696,10.1226910971044,0.));
#5249=CARTESIAN_POINT('Ctrl Pts',(6.36724204811696,10.1226910971044,5.5));
#5250=CARTESIAN_POINT('Ctrl Pts',(5.96199931048404,10.1023640155765,0.));
#5251=CARTESIAN_POINT('Ctrl Pts',(5.96199931048404,10.1023640155765,5.5));
#5252=CARTESIAN_POINT('Ctrl Pts',(5.19148522967722,10.0637148281032,0.));
#5253=CARTESIAN_POINT('Ctrl Pts',(5.19148522967722,10.0637148281032,5.5));
#5254=CARTESIAN_POINT('Ctrl Pts',(4.56854482076456,9.61226415653185,0.));
#5255=CARTESIAN_POINT('Ctrl Pts',(4.56854482076456,9.61226415653185,5.5));
#5256=CARTESIAN_POINT('Ctrl Pts',(4.27323252790866,9.39824860861486,0.));
#5257=CARTESIAN_POINT('Ctrl Pts',(4.27323252790866,9.39824860861486,5.5));
#5258=CARTESIAN_POINT('',(4.27323252790866,9.39824860861486,0.));
#5259=CARTESIAN_POINT('Ctrl Pts',(4.27323252790866,9.39824860861486,0.));
#5260=CARTESIAN_POINT('Ctrl Pts',(4.27323252790866,9.39824860861486,5.5));
#5261=CARTESIAN_POINT('Ctrl Pts',(4.04204703957477,9.13751291490287,0.));
#5262=CARTESIAN_POINT('Ctrl Pts',(4.04204703957477,9.13751291490287,5.5));
#5263=CARTESIAN_POINT('Ctrl Pts',(3.57839705715735,8.61459903879242,0.));
#5264=CARTESIAN_POINT('Ctrl Pts',(3.57839705715735,8.61459903879242,5.5));
#5265=CARTESIAN_POINT('Ctrl Pts',(3.50758068158809,7.91921100259655,0.));
#5266=CARTESIAN_POINT('Ctrl Pts',(3.50758068158809,7.91921100259655,5.5));
#5267=CARTESIAN_POINT('Ctrl Pts',(3.47207481823466,7.57055785009739,0.));
#5268=CARTESIAN_POINT('Ctrl Pts',(3.47207481823466,7.57055785009739,5.5));
#5269=CARTESIAN_POINT('',(3.47207481823466,7.57055785009739,0.));
#5270=CARTESIAN_POINT('Ctrl Pts',(3.47207481823466,7.57055785009739,0.));
#5271=CARTESIAN_POINT('Ctrl Pts',(3.47207481823466,7.57055785009739,5.5));
#5272=CARTESIAN_POINT('Ctrl Pts',(3.48310367141161,7.3411630247679,0.));
#5273=CARTESIAN_POINT('Ctrl Pts',(3.48310367141161,7.3411630247679,5.5));
#5274=CARTESIAN_POINT('Ctrl Pts',(3.50442732073928,6.89764140611698,0.));
#5275=CARTESIAN_POINT('Ctrl Pts',(3.50442732073928,6.89764140611698,5.5));
#5276=CARTESIAN_POINT('Ctrl Pts',(3.72337566785808,6.5119716187863,0.));
#5277=CARTESIAN_POINT('Ctrl Pts',(3.72337566785808,6.5119716187863,5.5));
#5278=CARTESIAN_POINT('Ctrl Pts',(3.82908124228798,6.32577497950348,0.));
#5279=CARTESIAN_POINT('Ctrl Pts',(3.82908124228798,6.32577497950348,5.5));
#5280=CARTESIAN_POINT('',(3.82908124228798,6.32577497950348,0.));
#5281=CARTESIAN_POINT('Ctrl Pts',(3.82908124228798,6.32577497950348,0.));
#5282=CARTESIAN_POINT('Ctrl Pts',(3.82908124228798,6.32577497950348,5.5));
#5283=CARTESIAN_POINT('Ctrl Pts',(3.97428479322355,6.15898612859959,0.));
#5284=CARTESIAN_POINT('Ctrl Pts',(3.97428479322355,6.15898612859959,5.5));
#5285=CARTESIAN_POINT('Ctrl Pts',(4.28506007907087,5.80201240115402,0.));
#5286=CARTESIAN_POINT('Ctrl Pts',(4.28506007907087,5.80201240115402,5.5));
#5287=CARTESIAN_POINT('Ctrl Pts',(4.72154091402478,5.61631875298981,0.));
#5288=CARTESIAN_POINT('Ctrl Pts',(4.72154091402478,5.61631875298981,5.5));
#5289=CARTESIAN_POINT('Ctrl Pts',(4.95408478861896,5.51738675649977,0.));
#5290=CARTESIAN_POINT('Ctrl Pts',(4.95408478861896,5.51738675649977,5.5));
#5291=CARTESIAN_POINT('',(4.95408478861896,5.51738675649977,0.));
#5292=CARTESIAN_POINT('Ctrl Pts',(4.95408478861896,5.51738675649977,0.));
#5293=CARTESIAN_POINT('Ctrl Pts',(4.95408478861896,5.51738675649977,5.5));
#5294=CARTESIAN_POINT('Ctrl Pts',(4.66941483366741,5.42728489845676,0.));
#5295=CARTESIAN_POINT('Ctrl Pts',(4.66941483366741,5.42728489845676,5.5));
#5296=CARTESIAN_POINT('Ctrl Pts',(4.12057638649196,5.25357017023978,0.));
#5297=CARTESIAN_POINT('Ctrl Pts',(4.12057638649196,5.25357017023978,5.5));
#5298=CARTESIAN_POINT('Ctrl Pts',(3.72686572609942,4.83482781570549,0.));
#5299=CARTESIAN_POINT('Ctrl Pts',(3.72686572609942,4.83482781570549,5.5));
#5300=CARTESIAN_POINT('Ctrl Pts',(3.5373637842008,4.6332775471394,0.));
#5301=CARTESIAN_POINT('Ctrl Pts',(3.5373637842008,4.6332775471394,5.5));
#5302=CARTESIAN_POINT('',(3.5373637842008,4.6332775471394,0.));
#5303=CARTESIAN_POINT('Ctrl Pts',(3.5373637842008,4.6332775471394,0.));
#5304=CARTESIAN_POINT('Ctrl Pts',(3.5373637842008,4.6332775471394,5.5));
#5305=CARTESIAN_POINT('Ctrl Pts',(3.3910254098007,4.39513568621819,0.));
#5306=CARTESIAN_POINT('Ctrl Pts',(3.3910254098007,4.39513568621819,5.5));
#5307=CARTESIAN_POINT('Ctrl Pts',(3.08433239217555,3.89604277058207,0.));
#5308=CARTESIAN_POINT('Ctrl Pts',(3.08433239217555,3.89604277058207,5.5));
#5309=CARTESIAN_POINT('Ctrl Pts',(3.04729812021357,3.31037672245838,0.));
#5310=CARTESIAN_POINT('Ctrl Pts',(3.04729812021357,3.31037672245838,5.5));
#5311=CARTESIAN_POINT('Ctrl Pts',(3.02793472709316,3.0041608492601,0.));
#5312=CARTESIAN_POINT('Ctrl Pts',(3.02793472709316,3.0041608492601,5.5));
#5313=CARTESIAN_POINT('',(3.02793472709316,3.0041608492601,0.));
#5314=CARTESIAN_POINT('Ctrl Pts',(3.02793472709316,3.0041608492601,0.));
#5315=CARTESIAN_POINT('Ctrl Pts',(3.02793472709316,3.0041608492601,5.5));
#5316=CARTESIAN_POINT('Ctrl Pts',(3.0603045973233,2.58691694406763,0.));
#5317=CARTESIAN_POINT('Ctrl Pts',(3.0603045973233,2.58691694406763,5.5));
#5318=CARTESIAN_POINT('Ctrl Pts',(3.12436649037963,1.7611665087768,0.));
#5319=CARTESIAN_POINT('Ctrl Pts',(3.12436649037963,1.7611665087768,5.5));
#5320=CARTESIAN_POINT('Ctrl Pts',(3.6534412455841,1.12464578044155,0.));
#5321=CARTESIAN_POINT('Ctrl Pts',(3.6534412455841,1.12464578044155,5.5));
#5322=CARTESIAN_POINT('Ctrl Pts',(3.91517951803816,0.809752971482467,0.));
#5323=CARTESIAN_POINT('Ctrl Pts',(3.91517951803816,0.809752971482467,5.5));
#5324=CARTESIAN_POINT('',(3.91517951803816,0.809752971482467,0.));
#5325=CARTESIAN_POINT('Ctrl Pts',(3.91517951803816,0.809752971482467,0.));
#5326=CARTESIAN_POINT('Ctrl Pts',(3.91517951803816,0.809752971482467,5.5));
#5327=CARTESIAN_POINT('Ctrl Pts',(4.24926433504241,0.551176748259452,0.));
#5328=CARTESIAN_POINT('Ctrl Pts',(4.24926433504241,0.551176748259452,5.5));
#5329=CARTESIAN_POINT('Ctrl Pts',(4.9485947974495,0.00990632664751301,0.));
#5330=CARTESIAN_POINT('Ctrl Pts',(4.9485947974495,0.00990632664751301,5.5));
#5331=CARTESIAN_POINT('Ctrl Pts',(5.83275349567279,-0.054757415743778,0.));
#5332=CARTESIAN_POINT('Ctrl Pts',(5.83275349567279,-0.054757415743778,5.5));
#5333=CARTESIAN_POINT('Ctrl Pts',(6.29453105539693,-0.0885299333066158,
0.));
#5334=CARTESIAN_POINT('Ctrl Pts',(6.29453105539693,-0.0885299333066158,
5.5));
#5335=CARTESIAN_POINT('',(6.29453105539693,-0.0885299333066158,0.));
#5336=CARTESIAN_POINT('Ctrl Pts',(6.29453105539693,-0.0885299333066158,
0.));
#5337=CARTESIAN_POINT('Ctrl Pts',(6.29453105539693,-0.0885299333066158,
5.5));
#5338=CARTESIAN_POINT('Ctrl Pts',(6.75675483565691,-0.0633867118981835,
0.));
#5339=CARTESIAN_POINT('Ctrl Pts',(6.75675483565691,-0.0633867118981835,
5.5));
#5340=CARTESIAN_POINT('Ctrl Pts',(7.64134853555084,-0.0152681680179256,
0.));
#5341=CARTESIAN_POINT('Ctrl Pts',(7.64134853555084,-0.0152681680179256,
5.5));
#5342=CARTESIAN_POINT('Ctrl Pts',(8.35100518132414,0.511335082605184,0.));
#5343=CARTESIAN_POINT('Ctrl Pts',(8.35100518132414,0.511335082605184,5.5));
#5344=CARTESIAN_POINT('Ctrl Pts',(8.68984731922194,0.762774102204049,0.));
#5345=CARTESIAN_POINT('Ctrl Pts',(8.68984731922194,0.762774102204049,5.5));
#5346=CARTESIAN_POINT('',(8.68984731922194,0.762774102204049,0.));
#5347=CARTESIAN_POINT('Ctrl Pts',(8.68984731922194,0.762774102204049,0.));
#5348=CARTESIAN_POINT('Ctrl Pts',(8.68984731922194,0.762774102204049,5.5));
#5349=CARTESIAN_POINT('Ctrl Pts',(8.95726459174874,1.06953634906788,0.));
#5350=CARTESIAN_POINT('Ctrl Pts',(8.95726459174874,1.06953634906788,5.5));
#5351=CARTESIAN_POINT('Ctrl Pts',(9.49487990175811,1.68625074035816,0.));
#5352=CARTESIAN_POINT('Ctrl Pts',(9.49487990175811,1.68625074035816,5.5));
#5353=CARTESIAN_POINT('Ctrl Pts',(9.57595921533334,2.50063377493025,0.));
#5354=CARTESIAN_POINT('Ctrl Pts',(9.57595921533334,2.50063377493025,5.5));
#5355=CARTESIAN_POINT('Ctrl Pts',(9.61670855970763,2.90993145229112,0.));
#5356=CARTESIAN_POINT('Ctrl Pts',(9.61670855970763,2.90993145229112,5.5));
#5357=CARTESIAN_POINT('',(9.61670855970763,2.90993145229112,0.));
#5358=CARTESIAN_POINT('Ctrl Pts',(9.61670855970763,2.90993145229112,0.));
#5359=CARTESIAN_POINT('Ctrl Pts',(9.61670855970763,2.90993145229112,5.5));
#5360=CARTESIAN_POINT('Ctrl Pts',(9.60205242245674,3.204684064377,0.));
#5361=CARTESIAN_POINT('Ctrl Pts',(9.60205242245674,3.204684064377,5.5));
#5362=CARTESIAN_POINT('Ctrl Pts',(9.57364920182149,3.77590711793981,0.));
#5363=CARTESIAN_POINT('Ctrl Pts',(9.57364920182149,3.77590711793981,5.5));
#5364=CARTESIAN_POINT('Ctrl Pts',(9.28843526595697,4.27087164984553,0.));
#5365=CARTESIAN_POINT('Ctrl Pts',(9.28843526595697,4.27087164984553,5.5));
#5366=CARTESIAN_POINT('Ctrl Pts',(9.15039247816677,4.51043316928681,0.));
#5367=CARTESIAN_POINT('Ctrl Pts',(9.15039247816677,4.51043316928681,5.5));
#5368=CARTESIAN_POINT('',(9.15039247816677,4.51043316928681,0.));
#5369=CARTESIAN_POINT('Ctrl Pts',(9.15039247816677,4.51043316928681,0.));
#5370=CARTESIAN_POINT('Ctrl Pts',(9.15039247816677,4.51043316928681,5.5));
#5371=CARTESIAN_POINT('Ctrl Pts',(8.96747697779721,4.72153517217037,0.));
#5372=CARTESIAN_POINT('Ctrl Pts',(8.96747697779721,4.72153517217037,5.5));
#5373=CARTESIAN_POINT('Ctrl Pts',(8.58496126539754,5.16299493287331,0.));
#5374=CARTESIAN_POINT('Ctrl Pts',(8.58496126539754,5.16299493287331,5.5));
#5375=CARTESIAN_POINT('Ctrl Pts',(8.04123609913348,5.37906073860393,0.));
#5376=CARTESIAN_POINT('Ctrl Pts',(8.04123609913348,5.37906073860393,5.5));
#5377=CARTESIAN_POINT('Ctrl Pts',(7.75751531341313,5.49180586053825,0.));
#5378=CARTESIAN_POINT('Ctrl Pts',(7.75751531341313,5.49180586053825,5.5));
#5379=CARTESIAN_POINT('Origin',(12.8842890996563,1.42030037507159,0.));
#5380=CARTESIAN_POINT('',(11.485984198552,1.43305970400137,0.));
#5381=CARTESIAN_POINT('',(12.8842890996563,1.42030037507159,0.));
#5382=CARTESIAN_POINT('Origin',(11.485984198552,1.43305970400137,0.));
#5383=CARTESIAN_POINT('',(11.4732248696222,0.0347548028970746,0.));
#5384=CARTESIAN_POINT('Origin',(11.4732248696222,0.0347548028970746,0.));
#5385=CARTESIAN_POINT('',(12.8715297707265,0.0219954739672965,0.));
#5386=CARTESIAN_POINT('Origin',(12.8715297707265,0.0219954739672965,0.));
#5387=CARTESIAN_POINT('Ctrl Pts',(21.0278012113321,7.24323615057923,0.));
#5388=CARTESIAN_POINT('Ctrl Pts',(21.0278012113321,7.24323615057923,5.5));
#5389=CARTESIAN_POINT('Ctrl Pts',(20.9522091922915,7.51865673141559,0.));
#5390=CARTESIAN_POINT('Ctrl Pts',(20.9522091922915,7.51865673141559,5.5));
#5391=CARTESIAN_POINT('Ctrl Pts',(20.8089653115346,8.04056781859171,0.));
#5392=CARTESIAN_POINT('Ctrl Pts',(20.8089653115346,8.04056781859171,5.5));
#5393=CARTESIAN_POINT('Ctrl Pts',(20.5452208464403,8.5128336511185,0.));
#5394=CARTESIAN_POINT('Ctrl Pts',(20.5452208464403,8.5128336511185,5.5));
#5395=CARTESIAN_POINT('Ctrl Pts',(20.4206584289275,8.73587747418873,0.));
#5396=CARTESIAN_POINT('Ctrl Pts',(20.4206584289275,8.73587747418873,5.5));
#5397=CARTESIAN_POINT('',(20.4206584289275,8.73587747418873,0.));
#5398=CARTESIAN_POINT('',(21.0278012113321,7.24323615057923,0.));
#5399=CARTESIAN_POINT('Ctrl Pts',(20.4206584289275,8.73587747418873,0.));
#5400=CARTESIAN_POINT('Ctrl Pts',(20.4206584289275,8.73587747418873,5.5));
#5401=CARTESIAN_POINT('Ctrl Pts',(20.2832310338237,8.92788806512115,0.));
#5402=CARTESIAN_POINT('Ctrl Pts',(20.2832310338237,8.92788806512115,5.5));
#5403=CARTESIAN_POINT('Ctrl Pts',(20.0123256674431,9.30639119723841,0.));
#5404=CARTESIAN_POINT('Ctrl Pts',(20.0123256674431,9.30639119723841,5.5));
#5405=CARTESIAN_POINT('Ctrl Pts',(19.6198668555984,9.55634783101445,0.));
#5406=CARTESIAN_POINT('Ctrl Pts',(19.6198668555984,9.55634783101445,5.5));
#5407=CARTESIAN_POINT('Ctrl Pts',(19.4264982017596,9.67950413769584,0.));
#5408=CARTESIAN_POINT('Ctrl Pts',(19.4264982017596,9.67950413769584,5.5));
#5409=CARTESIAN_POINT('',(19.4264982017596,9.67950413769584,0.));
#5410=CARTESIAN_POINT('Ctrl Pts',(19.4264982017596,9.67950413769584,0.));
#5411=CARTESIAN_POINT('Ctrl Pts',(19.4264982017596,9.67950413769584,5.5));
#5412=CARTESIAN_POINT('Ctrl Pts',(19.2116800456125,9.77592767427,0.));
#5413=CARTESIAN_POINT('Ctrl Pts',(19.2116800456125,9.77592767427,5.5));
#5414=CARTESIAN_POINT('Ctrl Pts',(18.7637212704818,9.97699899017846,0.));
#5415=CARTESIAN_POINT('Ctrl Pts',(18.7637212704818,9.97699899017846,5.5));
#5416=CARTESIAN_POINT('Ctrl Pts',(18.2729371110247,10.0029025691708,0.));
#5417=CARTESIAN_POINT('Ctrl Pts',(18.2729371110247,10.0029025691708,5.5));
#5418=CARTESIAN_POINT('Ctrl Pts',(18.0175079754089,10.0163841142938,0.));
#5419=CARTESIAN_POINT('Ctrl Pts',(18.0175079754089,10.0163841142938,5.5));
#5420=CARTESIAN_POINT('',(18.0175079754089,10.0163841142938,0.));
#5421=CARTESIAN_POINT('Ctrl Pts',(18.0175079754089,10.0163841142938,0.));
#5422=CARTESIAN_POINT('Ctrl Pts',(18.0175079754089,10.0163841142938,5.5));
#5423=CARTESIAN_POINT('Ctrl Pts',(17.6748599989877,9.99966982524496,0.));
#5424=CARTESIAN_POINT('Ctrl Pts',(17.6748599989877,9.99966982524496,5.5));
#5425=CARTESIAN_POINT('Ctrl Pts',(17.0184680781297,9.9676511791431,0.));
#5426=CARTESIAN_POINT('Ctrl Pts',(17.0184680781297,9.9676511791431,5.5));
#5427=CARTESIAN_POINT('Ctrl Pts',(16.4654929955144,9.6149086924249,0.));
#5428=CARTESIAN_POINT('Ctrl Pts',(16.4654929955144,9.6149086924249,5.5));
#5429=CARTESIAN_POINT('Ctrl Pts',(16.201180504635,9.44630390672189,0.));
#5430=CARTESIAN_POINT('Ctrl Pts',(16.201180504635,9.44630390672189,5.5));
#5431=CARTESIAN_POINT('',(16.201180504635,9.44630390672189,0.));
#5432=CARTESIAN_POINT('Ctrl Pts',(16.201180504635,9.44630390672189,0.));
#5433=CARTESIAN_POINT('Ctrl Pts',(16.201180504635,9.44630390672189,5.5));
#5434=CARTESIAN_POINT('Ctrl Pts',(15.9711455956806,9.22332454422741,0.));
#5435=CARTESIAN_POINT('Ctrl Pts',(15.9711455956806,9.22332454422741,5.5));
#5436=CARTESIAN_POINT('Ctrl Pts',(15.4845633788637,8.75166659891764,0.));
#5437=CARTESIAN_POINT('Ctrl Pts',(15.4845633788637,8.75166659891764,5.5));
#5438=CARTESIAN_POINT('Ctrl Pts',(15.2336933933389,8.12098751328638,0.));
#5439=CARTESIAN_POINT('Ctrl Pts',(15.2336933933389,8.12098751328638,5.5));
#5440=CARTESIAN_POINT('Ctrl Pts',(15.1014238257601,7.78846606890995,0.));
#5441=CARTESIAN_POINT('Ctrl Pts',(15.1014238257601,7.78846606890995,5.5));
#5442=CARTESIAN_POINT('',(15.1014238257601,7.78846606890995,0.));
#5443=CARTESIAN_POINT('Ctrl Pts',(15.1014238257601,7.78846606890995,0.));
#5444=CARTESIAN_POINT('Ctrl Pts',(15.1014238257601,7.78846606890995,5.5));
#5445=CARTESIAN_POINT('Ctrl Pts',(14.9915262129863,7.37339736265683,0.));
#5446=CARTESIAN_POINT('Ctrl Pts',(14.9915262129863,7.37339736265683,5.5));
#5447=CARTESIAN_POINT('Ctrl Pts',(14.7444005925327,6.44003667378661,0.));
#5448=CARTESIAN_POINT('Ctrl Pts',(14.7444005925327,6.44003667378661,5.5));
#5449=CARTESIAN_POINT('Ctrl Pts',(14.7225730847259,5.473771737007,0.));
#5450=CARTESIAN_POINT('Ctrl Pts',(14.7225730847259,5.473771737007,5.5));
#5451=CARTESIAN_POINT('Ctrl Pts',(14.7104523446608,4.93720813861603,0.));
#5452=CARTESIAN_POINT('Ctrl Pts',(14.7104523446608,4.93720813861603,5.5));
#5453=CARTESIAN_POINT('',(14.7104523446608,4.93720813861603,0.));
#5454=CARTESIAN_POINT('Ctrl Pts',(14.7104523446608,4.93720813861603,0.));
#5455=CARTESIAN_POINT('Ctrl Pts',(14.7104523446608,4.93720813861603,5.5));
#5456=CARTESIAN_POINT('Ctrl Pts',(14.7127511820657,4.10928091851563,0.));
#5457=CARTESIAN_POINT('Ctrl Pts',(14.7127511820657,4.10928091851563,5.5));
#5458=CARTESIAN_POINT('Ctrl Pts',(14.7167480099708,2.66982173382558,0.));
#5459=CARTESIAN_POINT('Ctrl Pts',(14.7167480099708,2.66982173382558,5.5));
#5460=CARTESIAN_POINT('Ctrl Pts',(15.3804413529299,1.40163724600361,0.));
#5461=CARTESIAN_POINT('Ctrl Pts',(15.3804413529299,1.40163724600361,5.5));
#5462=CARTESIAN_POINT('Ctrl Pts',(15.6624012016159,0.862868686569329,0.));
#5463=CARTESIAN_POINT('Ctrl Pts',(15.6624012016159,0.862868686569329,5.5));
#5464=CARTESIAN_POINT('',(15.6624012016159,0.862868686569329,0.));
#5465=CARTESIAN_POINT('Ctrl Pts',(15.6624012016159,0.862868686569329,0.));
#5466=CARTESIAN_POINT('Ctrl Pts',(15.6624012016159,0.862868686569329,5.5));
#5467=CARTESIAN_POINT('Ctrl Pts',(15.9664689396818,0.557725825308222,0.));
#5468=CARTESIAN_POINT('Ctrl Pts',(15.9664689396818,0.557725825308222,5.5));
#5469=CARTESIAN_POINT('Ctrl Pts',(16.590449193842,-0.0684606992339631,0.));
#5470=CARTESIAN_POINT('Ctrl Pts',(16.590449193842,-0.0684606992339631,5.5));
#5471=CARTESIAN_POINT('Ctrl Pts',(17.4722417705655,-0.151880929193546,0.));
#5472=CARTESIAN_POINT('Ctrl Pts',(17.4722417705655,-0.151880929193546,5.5));
#5473=CARTESIAN_POINT('Ctrl Pts',(17.9243337718942,-0.194650192293793,0.));
#5474=CARTESIAN_POINT('Ctrl Pts',(17.9243337718942,-0.194650192293793,5.5));
#5475=CARTESIAN_POINT('',(17.9243337718942,-0.194650192293793,0.));
#5476=CARTESIAN_POINT('Ctrl Pts',(17.9243337718942,-0.194650192293793,0.));
#5477=CARTESIAN_POINT('Ctrl Pts',(17.9243337718942,-0.194650192293793,5.5));
#5478=CARTESIAN_POINT('Ctrl Pts',(18.2688105234695,-0.177959594710395,0.));
#5479=CARTESIAN_POINT('Ctrl Pts',(18.2688105234695,-0.177959594710395,5.5));
#5480=CARTESIAN_POINT('Ctrl Pts',(18.9280173882216,-0.14601968453219,0.));
#5481=CARTESIAN_POINT('Ctrl Pts',(18.9280173882216,-0.14601968453219,5.5));
#5482=CARTESIAN_POINT('Ctrl Pts',(19.4826919677551,0.209189692583422,0.));
#5483=CARTESIAN_POINT('Ctrl Pts',(19.4826919677551,0.209189692583422,5.5));
#5484=CARTESIAN_POINT('Ctrl Pts',(19.747514442349,0.378779988799691,0.));
#5485=CARTESIAN_POINT('Ctrl Pts',(19.747514442349,0.378779988799691,5.5));
#5486=CARTESIAN_POINT('',(19.747514442349,0.378779988799691,0.));
#5487=CARTESIAN_POINT('Ctrl Pts',(19.747514442349,0.378779988799691,0.));
#5488=CARTESIAN_POINT('Ctrl Pts',(19.747514442349,0.378779988799691,5.5));
#5489=CARTESIAN_POINT('Ctrl Pts',(19.9773473408239,0.602627973866754,0.));
#5490=CARTESIAN_POINT('Ctrl Pts',(19.9773473408239,0.602627973866754,5.5));
#5491=CARTESIAN_POINT('Ctrl Pts',(20.4630613691874,1.07569387213214,0.));
#5492=CARTESIAN_POINT('Ctrl Pts',(20.4630613691874,1.07569387213214,5.5));
#5493=CARTESIAN_POINT('Ctrl Pts',(20.7124894843516,1.70731283831807,0.));
#5494=CARTESIAN_POINT('Ctrl Pts',(20.7124894843516,1.70731283831807,5.5));
#5495=CARTESIAN_POINT('Ctrl Pts',(20.8438917997206,2.0400587861163,0.));
#5496=CARTESIAN_POINT('Ctrl Pts',(20.8438917997206,2.0400587861163,5.5));
#5497=CARTESIAN_POINT('',(20.8438917997206,2.0400587861163,0.));
#5498=CARTESIAN_POINT('Ctrl Pts',(20.8438917997206,2.0400587861163,0.));
#5499=CARTESIAN_POINT('Ctrl Pts',(20.8438917997206,2.0400587861163,5.5));
#5500=CARTESIAN_POINT('Ctrl Pts',(20.9527971736431,2.45402920680128,0.));
#5501=CARTESIAN_POINT('Ctrl Pts',(20.9527971736431,2.45402920680128,5.5));
#5502=CARTESIAN_POINT('Ctrl Pts',(21.1972299793653,3.38316564671685,0.));
#5503=CARTESIAN_POINT('Ctrl Pts',(21.1972299793653,3.38316564671685,5.5));
#5504=CARTESIAN_POINT('Ctrl Pts',(21.2191650982091,4.34462077049934,0.));
#5505=CARTESIAN_POINT('Ctrl Pts',(21.2191650982091,4.34462077049934,5.5));
#5506=CARTESIAN_POINT('Ctrl Pts',(21.231327174058,4.87770610383628,0.));
#5507=CARTESIAN_POINT('Ctrl Pts',(21.231327174058,4.87770610383628,5.5));
#5508=CARTESIAN_POINT('',(21.231327174058,4.87770610383628,0.));
#5509=CARTESIAN_POINT('Ctrl Pts',(21.231327174058,4.87770610383628,0.));
#5510=CARTESIAN_POINT('Ctrl Pts',(21.231327174058,4.87770610383628,5.5));
#5511=CARTESIAN_POINT('Ctrl Pts',(21.2316084965658,5.32406413878552,0.));
#5512=CARTESIAN_POINT('Ctrl Pts',(21.2316084965658,5.32406413878552,5.5));
#5513=CARTESIAN_POINT('Ctrl Pts',(21.2321094926347,6.11896541604903,0.));
#5514=CARTESIAN_POINT('Ctrl Pts',(21.2321094926347,6.11896541604903,5.5));
#5515=CARTESIAN_POINT('Ctrl Pts',(21.0900781907374,6.9005374359998,0.));
#5516=CARTESIAN_POINT('Ctrl Pts',(21.0900781907374,6.9005374359998,5.5));
#5517=CARTESIAN_POINT('Ctrl Pts',(21.0278012113321,7.24323615057923,0.));
#5518=CARTESIAN_POINT('Ctrl Pts',(21.0278012113321,7.24323615057923,5.5));
#5519=UNCERTAINTY_MEASURE_WITH_UNIT(LENGTH_MEASURE(0.01),#5523,
'DISTANCE_ACCURACY_VALUE',
'Maximum model space distance between geometric entities at asserted c
onnectivities');
#5520=UNCERTAINTY_MEASURE_WITH_UNIT(LENGTH_MEASURE(0.01),#5523,
'DISTANCE_ACCURACY_VALUE',
'Maximum model space distance between geometric entities at asserted c
onnectivities');
#5521=(
GEOMETRIC_REPRESENTATION_CONTEXT(3)
GLOBAL_UNCERTAINTY_ASSIGNED_CONTEXT((#5519))
GLOBAL_UNIT_ASSIGNED_CONTEXT((#5523,#5525,#5526))
REPRESENTATION_CONTEXT('','3D')
);
#5522=(
GEOMETRIC_REPRESENTATION_CONTEXT(3)
GLOBAL_UNCERTAINTY_ASSIGNED_CONTEXT((#5520))
GLOBAL_UNIT_ASSIGNED_CONTEXT((#5523,#5525,#5526))
REPRESENTATION_CONTEXT('','3D')
);
#5523=(
LENGTH_UNIT()
NAMED_UNIT(*)
SI_UNIT(.MILLI.,.METRE.)
);
#5524=(
LENGTH_UNIT()
NAMED_UNIT(*)
SI_UNIT($,.METRE.)
);
#5525=(
NAMED_UNIT(*)
PLANE_ANGLE_UNIT()
SI_UNIT($,.RADIAN.)
);
#5526=(
NAMED_UNIT(*)
SI_UNIT($,.STERADIAN.)
SOLID_ANGLE_UNIT()
);
#5527=SHAPE_DEFINITION_REPRESENTATION(#5528,#5529);
#5528=PRODUCT_DEFINITION_SHAPE('',$,#5531);
#5529=SHAPE_REPRESENTATION('',(#2499),#5521);
#5530=PRODUCT_DEFINITION_CONTEXT('part definition',#5535,'design');
#5531=PRODUCT_DEFINITION('Thickness-8.0 mm','Thickness-8.0 mm v3',#5532,
#5530);
#5532=PRODUCT_DEFINITION_FORMATION('',$,#5537);
#5533=PRODUCT_RELATED_PRODUCT_CATEGORY('Thickness-8.0 mm v3',
'Thickness-8.0 mm v3',(#5537));
#5534=APPLICATION_PROTOCOL_DEFINITION('international standard',
'automotive_design',2009,#5535);
#5535=APPLICATION_CONTEXT(
'Core Data for Automotive Mechanical Design Process');
#5536=PRODUCT_CONTEXT('part definition',#5535,'mechanical');
#5537=PRODUCT('Thickness-8.0 mm','Thickness-8.0 mm v3',$,(#5536));
#5538=PRESENTATION_STYLE_ASSIGNMENT((#5539));
#5539=SURFACE_STYLE_USAGE(.BOTH.,#5540);
#5540=SURFACE_SIDE_STYLE('',(#5541));
#5541=SURFACE_STYLE_FILL_AREA(#5542);
#5542=FILL_AREA_STYLE('Acciaio - Satinato',(#5543));
#5543=FILL_AREA_STYLE_COLOUR('Acciaio - Satinato',#5544);
#5544=COLOUR_RGB('Acciaio - Satinato',0.627450980392157,0.627450980392157,
0.627450980392157);
ENDSEC;
END-ISO-10303-21;
