ISO-10303-21;
HEADER;
/* Generated by software containing ST-Developer
 * from STEP Tools, Inc. (www.steptools.com) 
 */

FILE_DESCRIPTION(
/* description */ (''),
/* implementation_level */ '2;1');

FILE_NAME(
/* name */ 'Thickness-3.0 mm.step',
/* time_stamp */ '2026-05-11T21:25:48+02:00',
/* author */ (''),
/* organization */ (''),
/* preprocessor_version */ 'ST-DEVELOPER v20.1',
/* originating_system */ 'Autodesk Translation Framework v15.8.0.0',
/* authorisation */ '');

FILE_SCHEMA (('AUTOMOTIVE_DESIGN { 1 0 10303 214 3 1 1 }'));
ENDSEC;

DATA;
#10=MECHANICAL_DESIGN_GEOMETRIC_PRESENTATION_REPRESENTATION('',(#26,#27,
#28,#29,#30),#5131);
#11=SHAPE_REPRESENTATION_RELATIONSHIP('SRR','None',#5138,#12);
#12=ADVANCED_BREP_SHAPE_REPRESENTATION('',(#31,#32,#33,#34,#35),#5130);
#13=CYLINDRICAL_SURFACE('',#2391,2.5);
#14=CIRCLE('',#2389,2.5);
#15=CIRCLE('',#2392,2.5);
#16=FACE_BOUND('',#226,.T.);
#17=FACE_BOUND('',#228,.T.);
#18=FACE_BOUND('',#273,.T.);
#19=FACE_BOUND('',#278,.T.);
#20=FACE_BOUND('',#279,.T.);
#21=FACE_BOUND('',#280,.T.);
#22=FACE_BOUND('',#281,.T.);
#23=FACE_BOUND('',#283,.T.);
#24=FACE_BOUND('',#284,.T.);
#25=FACE_BOUND('',#285,.T.);
#26=STYLED_ITEM('',(#5147),#31);
#27=STYLED_ITEM('',(#5147),#32);
#28=STYLED_ITEM('',(#5147),#33);
#29=STYLED_ITEM('',(#5147),#34);
#30=STYLED_ITEM('',(#5147),#35);
#31=MANIFOLD_SOLID_BREP('Corpo1',#2350);
#32=MANIFOLD_SOLID_BREP('Corpo3',#2351);
#33=MANIFOLD_SOLID_BREP('Corpo9',#2352);
#34=MANIFOLD_SOLID_BREP('Corpo5',#2353);
#35=MANIFOLD_SOLID_BREP('Corpo7',#2354);
#36=PLANE('',#2368);
#37=PLANE('',#2369);
#38=PLANE('',#2370);
#39=PLANE('',#2371);
#40=PLANE('',#2372);
#41=PLANE('',#2373);
#42=PLANE('',#2374);
#43=PLANE('',#2375);
#44=PLANE('',#2376);
#45=PLANE('',#2377);
#46=PLANE('',#2378);
#47=PLANE('',#2379);
#48=PLANE('',#2380);
#49=PLANE('',#2381);
#50=PLANE('',#2382);
#51=PLANE('',#2383);
#52=PLANE('',#2384);
#53=PLANE('',#2385);
#54=PLANE('',#2386);
#55=PLANE('',#2387);
#56=PLANE('',#2388);
#57=PLANE('',#2390);
#58=PLANE('',#2393);
#59=PLANE('',#2394);
#60=PLANE('',#2395);
#61=PLANE('',#2396);
#62=PLANE('',#2397);
#63=PLANE('',#2398);
#64=PLANE('',#2399);
#65=PLANE('',#2400);
#66=PLANE('',#2401);
#67=PLANE('',#2402);
#68=FACE_OUTER_BOUND('',#195,.T.);
#69=FACE_OUTER_BOUND('',#196,.T.);
#70=FACE_OUTER_BOUND('',#197,.T.);
#71=FACE_OUTER_BOUND('',#198,.T.);
#72=FACE_OUTER_BOUND('',#199,.T.);
#73=FACE_OUTER_BOUND('',#200,.T.);
#74=FACE_OUTER_BOUND('',#201,.T.);
#75=FACE_OUTER_BOUND('',#202,.T.);
#76=FACE_OUTER_BOUND('',#203,.T.);
#77=FACE_OUTER_BOUND('',#204,.T.);
#78=FACE_OUTER_BOUND('',#205,.T.);
#79=FACE_OUTER_BOUND('',#206,.T.);
#80=FACE_OUTER_BOUND('',#207,.T.);
#81=FACE_OUTER_BOUND('',#208,.T.);
#82=FACE_OUTER_BOUND('',#209,.T.);
#83=FACE_OUTER_BOUND('',#210,.T.);
#84=FACE_OUTER_BOUND('',#211,.T.);
#85=FACE_OUTER_BOUND('',#212,.T.);
#86=FACE_OUTER_BOUND('',#213,.T.);
#87=FACE_OUTER_BOUND('',#214,.T.);
#88=FACE_OUTER_BOUND('',#215,.T.);
#89=FACE_OUTER_BOUND('',#216,.T.);
#90=FACE_OUTER_BOUND('',#217,.T.);
#91=FACE_OUTER_BOUND('',#218,.T.);
#92=FACE_OUTER_BOUND('',#219,.T.);
#93=FACE_OUTER_BOUND('',#220,.T.);
#94=FACE_OUTER_BOUND('',#221,.T.);
#95=FACE_OUTER_BOUND('',#222,.T.);
#96=FACE_OUTER_BOUND('',#223,.T.);
#97=FACE_OUTER_BOUND('',#224,.T.);
#98=FACE_OUTER_BOUND('',#225,.T.);
#99=FACE_OUTER_BOUND('',#227,.T.);
#100=FACE_OUTER_BOUND('',#229,.T.);
#101=FACE_OUTER_BOUND('',#230,.T.);
#102=FACE_OUTER_BOUND('',#231,.T.);
#103=FACE_OUTER_BOUND('',#232,.T.);
#104=FACE_OUTER_BOUND('',#233,.T.);
#105=FACE_OUTER_BOUND('',#234,.T.);
#106=FACE_OUTER_BOUND('',#235,.T.);
#107=FACE_OUTER_BOUND('',#236,.T.);
#108=FACE_OUTER_BOUND('',#237,.T.);
#109=FACE_OUTER_BOUND('',#238,.T.);
#110=FACE_OUTER_BOUND('',#239,.T.);
#111=FACE_OUTER_BOUND('',#240,.T.);
#112=FACE_OUTER_BOUND('',#241,.T.);
#113=FACE_OUTER_BOUND('',#242,.T.);
#114=FACE_OUTER_BOUND('',#243,.T.);
#115=FACE_OUTER_BOUND('',#244,.T.);
#116=FACE_OUTER_BOUND('',#245,.T.);
#117=FACE_OUTER_BOUND('',#246,.T.);
#118=FACE_OUTER_BOUND('',#247,.T.);
#119=FACE_OUTER_BOUND('',#248,.T.);
#120=FACE_OUTER_BOUND('',#249,.T.);
#121=FACE_OUTER_BOUND('',#250,.T.);
#122=FACE_OUTER_BOUND('',#251,.T.);
#123=FACE_OUTER_BOUND('',#252,.T.);
#124=FACE_OUTER_BOUND('',#253,.T.);
#125=FACE_OUTER_BOUND('',#254,.T.);
#126=FACE_OUTER_BOUND('',#255,.T.);
#127=FACE_OUTER_BOUND('',#256,.T.);
#128=FACE_OUTER_BOUND('',#257,.T.);
#129=FACE_OUTER_BOUND('',#258,.T.);
#130=FACE_OUTER_BOUND('',#259,.T.);
#131=FACE_OUTER_BOUND('',#260,.T.);
#132=FACE_OUTER_BOUND('',#261,.T.);
#133=FACE_OUTER_BOUND('',#262,.T.);
#134=FACE_OUTER_BOUND('',#263,.T.);
#135=FACE_OUTER_BOUND('',#264,.T.);
#136=FACE_OUTER_BOUND('',#265,.T.);
#137=FACE_OUTER_BOUND('',#266,.T.);
#138=FACE_OUTER_BOUND('',#267,.T.);
#139=FACE_OUTER_BOUND('',#268,.T.);
#140=FACE_OUTER_BOUND('',#269,.T.);
#141=FACE_OUTER_BOUND('',#270,.T.);
#142=FACE_OUTER_BOUND('',#271,.T.);
#143=FACE_OUTER_BOUND('',#272,.T.);
#144=FACE_OUTER_BOUND('',#274,.T.);
#145=FACE_OUTER_BOUND('',#275,.T.);
#146=FACE_OUTER_BOUND('',#276,.T.);
#147=FACE_OUTER_BOUND('',#277,.T.);
#148=FACE_OUTER_BOUND('',#282,.T.);
#149=FACE_OUTER_BOUND('',#286,.T.);
#150=FACE_OUTER_BOUND('',#287,.T.);
#151=FACE_OUTER_BOUND('',#288,.T.);
#152=FACE_OUTER_BOUND('',#289,.T.);
#153=FACE_OUTER_BOUND('',#290,.T.);
#154=FACE_OUTER_BOUND('',#291,.T.);
#155=FACE_OUTER_BOUND('',#292,.T.);
#156=FACE_OUTER_BOUND('',#293,.T.);
#157=FACE_OUTER_BOUND('',#294,.T.);
#158=FACE_OUTER_BOUND('',#295,.T.);
#159=FACE_OUTER_BOUND('',#296,.T.);
#160=FACE_OUTER_BOUND('',#297,.T.);
#161=FACE_OUTER_BOUND('',#298,.T.);
#162=FACE_OUTER_BOUND('',#299,.T.);
#163=FACE_OUTER_BOUND('',#300,.T.);
#164=FACE_OUTER_BOUND('',#301,.T.);
#165=FACE_OUTER_BOUND('',#302,.T.);
#166=FACE_OUTER_BOUND('',#303,.T.);
#167=FACE_OUTER_BOUND('',#304,.T.);
#168=FACE_OUTER_BOUND('',#305,.T.);
#169=FACE_OUTER_BOUND('',#306,.T.);
#170=FACE_OUTER_BOUND('',#307,.T.);
#171=FACE_OUTER_BOUND('',#308,.T.);
#172=FACE_OUTER_BOUND('',#309,.T.);
#173=FACE_OUTER_BOUND('',#310,.T.);
#174=FACE_OUTER_BOUND('',#311,.T.);
#175=FACE_OUTER_BOUND('',#312,.T.);
#176=FACE_OUTER_BOUND('',#313,.T.);
#177=FACE_OUTER_BOUND('',#314,.T.);
#178=FACE_OUTER_BOUND('',#315,.T.);
#179=FACE_OUTER_BOUND('',#316,.T.);
#180=FACE_OUTER_BOUND('',#317,.T.);
#181=FACE_OUTER_BOUND('',#318,.T.);
#182=FACE_OUTER_BOUND('',#319,.T.);
#183=FACE_OUTER_BOUND('',#320,.T.);
#184=FACE_OUTER_BOUND('',#321,.T.);
#185=FACE_OUTER_BOUND('',#322,.T.);
#186=FACE_OUTER_BOUND('',#323,.T.);
#187=FACE_OUTER_BOUND('',#324,.T.);
#188=FACE_OUTER_BOUND('',#325,.T.);
#189=FACE_OUTER_BOUND('',#326,.T.);
#190=FACE_OUTER_BOUND('',#327,.T.);
#191=FACE_OUTER_BOUND('',#328,.T.);
#192=FACE_OUTER_BOUND('',#329,.T.);
#193=FACE_OUTER_BOUND('',#330,.T.);
#194=FACE_OUTER_BOUND('',#331,.T.);
#195=EDGE_LOOP('',(#1427,#1428,#1429,#1430));
#196=EDGE_LOOP('',(#1431,#1432,#1433,#1434));
#197=EDGE_LOOP('',(#1435,#1436,#1437,#1438));
#198=EDGE_LOOP('',(#1439,#1440,#1441,#1442));
#199=EDGE_LOOP('',(#1443,#1444,#1445,#1446));
#200=EDGE_LOOP('',(#1447,#1448,#1449,#1450));
#201=EDGE_LOOP('',(#1451,#1452,#1453,#1454));
#202=EDGE_LOOP('',(#1455,#1456,#1457,#1458));
#203=EDGE_LOOP('',(#1459,#1460,#1461,#1462,#1463,#1464,#1465,#1466));
#204=EDGE_LOOP('',(#1467,#1468,#1469,#1470,#1471,#1472,#1473,#1474));
#205=EDGE_LOOP('',(#1475,#1476,#1477,#1478));
#206=EDGE_LOOP('',(#1479,#1480,#1481,#1482));
#207=EDGE_LOOP('',(#1483,#1484,#1485,#1486));
#208=EDGE_LOOP('',(#1487,#1488,#1489,#1490));
#209=EDGE_LOOP('',(#1491,#1492,#1493,#1494));
#210=EDGE_LOOP('',(#1495,#1496,#1497,#1498));
#211=EDGE_LOOP('',(#1499,#1500,#1501,#1502));
#212=EDGE_LOOP('',(#1503,#1504,#1505,#1506));
#213=EDGE_LOOP('',(#1507,#1508,#1509,#1510));
#214=EDGE_LOOP('',(#1511,#1512,#1513,#1514));
#215=EDGE_LOOP('',(#1515,#1516,#1517,#1518));
#216=EDGE_LOOP('',(#1519,#1520,#1521,#1522));
#217=EDGE_LOOP('',(#1523,#1524,#1525,#1526));
#218=EDGE_LOOP('',(#1527,#1528,#1529,#1530));
#219=EDGE_LOOP('',(#1531,#1532,#1533,#1534));
#220=EDGE_LOOP('',(#1535,#1536,#1537,#1538));
#221=EDGE_LOOP('',(#1539,#1540,#1541,#1542));
#222=EDGE_LOOP('',(#1543,#1544,#1545,#1546));
#223=EDGE_LOOP('',(#1547,#1548,#1549,#1550));
#224=EDGE_LOOP('',(#1551,#1552,#1553,#1554));
#225=EDGE_LOOP('',(#1555,#1556,#1557,#1558,#1559,#1560,#1561,#1562,#1563,
#1564,#1565,#1566));
#226=EDGE_LOOP('',(#1567,#1568,#1569,#1570,#1571,#1572,#1573,#1574));
#227=EDGE_LOOP('',(#1575,#1576,#1577,#1578,#1579,#1580,#1581,#1582,#1583,
#1584,#1585,#1586));
#228=EDGE_LOOP('',(#1587,#1588,#1589,#1590,#1591,#1592,#1593,#1594));
#229=EDGE_LOOP('',(#1595,#1596,#1597,#1598));
#230=EDGE_LOOP('',(#1599,#1600,#1601,#1602));
#231=EDGE_LOOP('',(#1603,#1604,#1605,#1606));
#232=EDGE_LOOP('',(#1607,#1608,#1609,#1610));
#233=EDGE_LOOP('',(#1611,#1612,#1613,#1614));
#234=EDGE_LOOP('',(#1615,#1616,#1617,#1618));
#235=EDGE_LOOP('',(#1619,#1620,#1621,#1622));
#236=EDGE_LOOP('',(#1623,#1624,#1625,#1626));
#237=EDGE_LOOP('',(#1627,#1628,#1629,#1630));
#238=EDGE_LOOP('',(#1631,#1632,#1633,#1634));
#239=EDGE_LOOP('',(#1635,#1636,#1637,#1638));
#240=EDGE_LOOP('',(#1639,#1640,#1641,#1642));
#241=EDGE_LOOP('',(#1643,#1644,#1645,#1646));
#242=EDGE_LOOP('',(#1647,#1648,#1649,#1650));
#243=EDGE_LOOP('',(#1651,#1652,#1653,#1654));
#244=EDGE_LOOP('',(#1655,#1656,#1657,#1658));
#245=EDGE_LOOP('',(#1659,#1660,#1661,#1662));
#246=EDGE_LOOP('',(#1663,#1664,#1665,#1666));
#247=EDGE_LOOP('',(#1667,#1668,#1669,#1670));
#248=EDGE_LOOP('',(#1671,#1672,#1673,#1674));
#249=EDGE_LOOP('',(#1675,#1676,#1677,#1678));
#250=EDGE_LOOP('',(#1679,#1680,#1681,#1682));
#251=EDGE_LOOP('',(#1683,#1684,#1685,#1686));
#252=EDGE_LOOP('',(#1687,#1688,#1689,#1690));
#253=EDGE_LOOP('',(#1691,#1692,#1693,#1694));
#254=EDGE_LOOP('',(#1695,#1696,#1697,#1698));
#255=EDGE_LOOP('',(#1699,#1700,#1701,#1702));
#256=EDGE_LOOP('',(#1703,#1704,#1705,#1706));
#257=EDGE_LOOP('',(#1707,#1708,#1709,#1710));
#258=EDGE_LOOP('',(#1711,#1712,#1713,#1714));
#259=EDGE_LOOP('',(#1715,#1716,#1717,#1718));
#260=EDGE_LOOP('',(#1719,#1720,#1721,#1722));
#261=EDGE_LOOP('',(#1723,#1724,#1725,#1726));
#262=EDGE_LOOP('',(#1727,#1728,#1729,#1730));
#263=EDGE_LOOP('',(#1731,#1732,#1733,#1734));
#264=EDGE_LOOP('',(#1735,#1736,#1737,#1738));
#265=EDGE_LOOP('',(#1739,#1740,#1741,#1742,#1743,#1744,#1745,#1746,#1747,
#1748,#1749,#1750,#1751,#1752,#1753,#1754,#1755,#1756,#1757,#1758,#1759,
#1760,#1761,#1762,#1763,#1764,#1765,#1766,#1767,#1768));
#266=EDGE_LOOP('',(#1769,#1770,#1771,#1772,#1773,#1774,#1775,#1776,#1777,
#1778,#1779,#1780,#1781,#1782,#1783,#1784,#1785,#1786,#1787,#1788,#1789,
#1790,#1791,#1792,#1793,#1794,#1795,#1796,#1797,#1798));
#267=EDGE_LOOP('',(#1799,#1800,#1801,#1802));
#268=EDGE_LOOP('',(#1803,#1804,#1805,#1806,#1807,#1808,#1809,#1810));
#269=EDGE_LOOP('',(#1811,#1812,#1813,#1814));
#270=EDGE_LOOP('',(#1815,#1816,#1817,#1818,#1819,#1820,#1821,#1822));
#271=EDGE_LOOP('',(#1823,#1824,#1825,#1826));
#272=EDGE_LOOP('',(#1827,#1828,#1829,#1830));
#273=EDGE_LOOP('',(#1831));
#274=EDGE_LOOP('',(#1832,#1833,#1834,#1835));
#275=EDGE_LOOP('',(#1836,#1837,#1838,#1839));
#276=EDGE_LOOP('',(#1840,#1841,#1842,#1843));
#277=EDGE_LOOP('',(#1844,#1845,#1846,#1847));
#278=EDGE_LOOP('',(#1848));
#279=EDGE_LOOP('',(#1849,#1850,#1851,#1852,#1853,#1854,#1855,#1856,#1857,
#1858,#1859,#1860,#1861,#1862,#1863,#1864,#1865,#1866,#1867,#1868,#1869,
#1870,#1871,#1872,#1873,#1874,#1875,#1876,#1877,#1878));
#280=EDGE_LOOP('',(#1879,#1880,#1881,#1882));
#281=EDGE_LOOP('',(#1883,#1884,#1885,#1886,#1887,#1888,#1889,#1890,#1891,
#1892,#1893,#1894));
#282=EDGE_LOOP('',(#1895,#1896,#1897,#1898));
#283=EDGE_LOOP('',(#1899,#1900,#1901,#1902,#1903,#1904,#1905,#1906,#1907,
#1908,#1909,#1910,#1911,#1912,#1913,#1914,#1915,#1916,#1917,#1918,#1919,
#1920,#1921,#1922,#1923,#1924,#1925,#1926,#1927,#1928));
#284=EDGE_LOOP('',(#1929,#1930,#1931,#1932));
#285=EDGE_LOOP('',(#1933,#1934,#1935,#1936,#1937,#1938,#1939,#1940,#1941,
#1942,#1943,#1944));
#286=EDGE_LOOP('',(#1945,#1946,#1947,#1948));
#287=EDGE_LOOP('',(#1949,#1950,#1951,#1952));
#288=EDGE_LOOP('',(#1953,#1954,#1955,#1956));
#289=EDGE_LOOP('',(#1957,#1958,#1959,#1960));
#290=EDGE_LOOP('',(#1961,#1962,#1963,#1964));
#291=EDGE_LOOP('',(#1965,#1966,#1967,#1968));
#292=EDGE_LOOP('',(#1969,#1970,#1971,#1972));
#293=EDGE_LOOP('',(#1973,#1974,#1975,#1976));
#294=EDGE_LOOP('',(#1977,#1978,#1979,#1980));
#295=EDGE_LOOP('',(#1981,#1982,#1983,#1984));
#296=EDGE_LOOP('',(#1985,#1986,#1987,#1988));
#297=EDGE_LOOP('',(#1989,#1990,#1991,#1992));
#298=EDGE_LOOP('',(#1993,#1994,#1995,#1996));
#299=EDGE_LOOP('',(#1997,#1998,#1999,#2000));
#300=EDGE_LOOP('',(#2001,#2002,#2003,#2004));
#301=EDGE_LOOP('',(#2005,#2006,#2007,#2008));
#302=EDGE_LOOP('',(#2009,#2010,#2011,#2012));
#303=EDGE_LOOP('',(#2013,#2014,#2015,#2016));
#304=EDGE_LOOP('',(#2017,#2018,#2019,#2020));
#305=EDGE_LOOP('',(#2021,#2022,#2023,#2024));
#306=EDGE_LOOP('',(#2025,#2026,#2027,#2028));
#307=EDGE_LOOP('',(#2029,#2030,#2031,#2032));
#308=EDGE_LOOP('',(#2033,#2034,#2035,#2036));
#309=EDGE_LOOP('',(#2037,#2038,#2039,#2040));
#310=EDGE_LOOP('',(#2041,#2042,#2043,#2044));
#311=EDGE_LOOP('',(#2045,#2046,#2047,#2048));
#312=EDGE_LOOP('',(#2049,#2050,#2051,#2052));
#313=EDGE_LOOP('',(#2053,#2054,#2055,#2056));
#314=EDGE_LOOP('',(#2057,#2058,#2059,#2060));
#315=EDGE_LOOP('',(#2061,#2062,#2063,#2064));
#316=EDGE_LOOP('',(#2065,#2066,#2067,#2068));
#317=EDGE_LOOP('',(#2069,#2070,#2071,#2072));
#318=EDGE_LOOP('',(#2073,#2074,#2075,#2076));
#319=EDGE_LOOP('',(#2077,#2078,#2079,#2080));
#320=EDGE_LOOP('',(#2081,#2082,#2083,#2084));
#321=EDGE_LOOP('',(#2085,#2086,#2087,#2088));
#322=EDGE_LOOP('',(#2089,#2090,#2091,#2092));
#323=EDGE_LOOP('',(#2093,#2094,#2095,#2096));
#324=EDGE_LOOP('',(#2097,#2098,#2099,#2100));
#325=EDGE_LOOP('',(#2101,#2102,#2103,#2104));
#326=EDGE_LOOP('',(#2105,#2106,#2107,#2108));
#327=EDGE_LOOP('',(#2109,#2110,#2111,#2112));
#328=EDGE_LOOP('',(#2113,#2114,#2115,#2116));
#329=EDGE_LOOP('',(#2117,#2118,#2119,#2120));
#330=EDGE_LOOP('',(#2121,#2122,#2123,#2124));
#331=EDGE_LOOP('',(#2125,#2126,#2127,#2128));
#332=LINE('',#2657,#493);
#333=LINE('',#2664,#494);
#334=LINE('',#2689,#495);
#335=LINE('',#2714,#496);
#336=LINE('',#2739,#497);
#337=LINE('',#2764,#498);
#338=LINE('',#2789,#499);
#339=LINE('',#2814,#500);
#340=LINE('',#2859,#501);
#341=LINE('',#2866,#502);
#342=LINE('',#2886,#503);
#343=LINE('',#2911,#504);
#344=LINE('',#2936,#505);
#345=LINE('',#2962,#506);
#346=LINE('',#2969,#507);
#347=LINE('',#2989,#508);
#348=LINE('',#3014,#509);
#349=LINE('',#3039,#510);
#350=LINE('',#3064,#511);
#351=LINE('',#3089,#512);
#352=LINE('',#3114,#513);
#353=LINE('',#3139,#514);
#354=LINE('',#3163,#515);
#355=LINE('',#3209,#516);
#356=LINE('',#3234,#517);
#357=LINE('',#3258,#518);
#358=LINE('',#3283,#519);
#359=LINE('',#3308,#520);
#360=LINE('',#3341,#521);
#361=LINE('',#3343,#522);
#362=LINE('',#3345,#523);
#363=LINE('',#3346,#524);
#364=LINE('',#3349,#525);
#365=LINE('',#3351,#526);
#366=LINE('',#3352,#527);
#367=LINE('',#3355,#528);
#368=LINE('',#3357,#529);
#369=LINE('',#3358,#530);
#370=LINE('',#3360,#531);
#371=LINE('',#3361,#532);
#372=LINE('',#3384,#533);
#373=LINE('',#3391,#534);
#374=LINE('',#3394,#535);
#375=LINE('',#3396,#536);
#376=LINE('',#3397,#537);
#377=LINE('',#3417,#538);
#378=LINE('',#3442,#539);
#379=LINE('',#3467,#540);
#380=LINE('',#3492,#541);
#381=LINE('',#3516,#542);
#382=LINE('',#3540,#543);
#383=LINE('',#3564,#544);
#384=LINE('',#3589,#545);
#385=LINE('',#3614,#546);
#386=LINE('',#3639,#547);
#387=LINE('',#3664,#548);
#388=LINE('',#3689,#549);
#389=LINE('',#3714,#550);
#390=LINE('',#3722,#551);
#391=LINE('',#3724,#552);
#392=LINE('',#3725,#553);
#393=LINE('',#3745,#554);
#394=LINE('',#3770,#555);
#395=LINE('',#3795,#556);
#396=LINE('',#3820,#557);
#397=LINE('',#3845,#558);
#398=LINE('',#3870,#559);
#399=LINE('',#3894,#560);
#400=LINE('',#3902,#561);
#401=LINE('',#3904,#562);
#402=LINE('',#3905,#563);
#403=LINE('',#3925,#564);
#404=LINE('',#3950,#565);
#405=LINE('',#3975,#566);
#406=LINE('',#4000,#567);
#407=LINE('',#4025,#568);
#408=LINE('',#4058,#569);
#409=LINE('',#4060,#570);
#410=LINE('',#4062,#571);
#411=LINE('',#4063,#572);
#412=LINE('',#4067,#573);
#413=LINE('',#4069,#574);
#414=LINE('',#4071,#575);
#415=LINE('',#4073,#576);
#416=LINE('',#4075,#577);
#417=LINE('',#4076,#578);
#418=LINE('',#4077,#579);
#419=LINE('',#4080,#580);
#420=LINE('',#4081,#581);
#421=LINE('',#4085,#582);
#422=LINE('',#4086,#583);
#423=LINE('',#4088,#584);
#424=LINE('',#4090,#585);
#425=LINE('',#4092,#586);
#426=LINE('',#4093,#587);
#427=LINE('',#4095,#588);
#428=LINE('',#4097,#589);
#429=LINE('',#4098,#590);
#430=LINE('',#4102,#591);
#431=LINE('',#4105,#592);
#432=LINE('',#4108,#593);
#433=LINE('',#4112,#594);
#434=LINE('',#4192,#595);
#435=LINE('',#4236,#596);
#436=LINE('',#4280,#597);
#437=LINE('',#4282,#598);
#438=LINE('',#4284,#599);
#439=LINE('',#4285,#600);
#440=LINE('',#4361,#601);
#441=LINE('',#4419,#602);
#442=LINE('',#4477,#603);
#443=LINE('',#4583,#604);
#444=LINE('',#4585,#605);
#445=LINE('',#4587,#606);
#446=LINE('',#4588,#607);
#447=LINE('',#4695,#608);
#448=LINE('',#4696,#609);
#449=LINE('',#4707,#610);
#450=LINE('',#4718,#611);
#451=LINE('',#4729,#612);
#452=LINE('',#4740,#613);
#453=LINE('',#4751,#614);
#454=LINE('',#4753,#615);
#455=LINE('',#4764,#616);
#456=LINE('',#4775,#617);
#457=LINE('',#4786,#618);
#458=LINE('',#4797,#619);
#459=LINE('',#4808,#620);
#460=LINE('',#4819,#621);
#461=LINE('',#4830,#622);
#462=LINE('',#4832,#623);
#463=LINE('',#4843,#624);
#464=LINE('',#4854,#625);
#465=LINE('',#4865,#626);
#466=LINE('',#4876,#627);
#467=LINE('',#4887,#628);
#468=LINE('',#4898,#629);
#469=LINE('',#4909,#630);
#470=LINE('',#4920,#631);
#471=LINE('',#4931,#632);
#472=LINE('',#4942,#633);
#473=LINE('',#4953,#634);
#474=LINE('',#4964,#635);
#475=LINE('',#4975,#636);
#476=LINE('',#4977,#637);
#477=LINE('',#4989,#638);
#478=LINE('',#4990,#639);
#479=LINE('',#4992,#640);
#480=LINE('',#4994,#641);
#481=LINE('',#5006,#642);
#482=LINE('',#5007,#643);
#483=LINE('',#5018,#644);
#484=LINE('',#5029,#645);
#485=LINE('',#5040,#646);
#486=LINE('',#5051,#647);
#487=LINE('',#5062,#648);
#488=LINE('',#5073,#649);
#489=LINE('',#5084,#650);
#490=LINE('',#5095,#651);
#491=LINE('',#5106,#652);
#492=LINE('',#5117,#653);
#493=VECTOR('',#2405,10.);
#494=VECTOR('',#2406,10.);
#495=VECTOR('',#2407,10.);
#496=VECTOR('',#2408,10.);
#497=VECTOR('',#2409,10.);
#498=VECTOR('',#2410,10.);
#499=VECTOR('',#2411,10.);
#500=VECTOR('',#2412,10.);
#501=VECTOR('',#2417,10.);
#502=VECTOR('',#2418,10.);
#503=VECTOR('',#2419,10.);
#504=VECTOR('',#2420,10.);
#505=VECTOR('',#2421,10.);
#506=VECTOR('',#2422,10.);
#507=VECTOR('',#2423,10.);
#508=VECTOR('',#2424,10.);
#509=VECTOR('',#2425,10.);
#510=VECTOR('',#2426,10.);
#511=VECTOR('',#2427,10.);
#512=VECTOR('',#2428,10.);
#513=VECTOR('',#2429,10.);
#514=VECTOR('',#2430,10.);
#515=VECTOR('',#2431,10.);
#516=VECTOR('',#2432,10.);
#517=VECTOR('',#2433,10.);
#518=VECTOR('',#2434,10.);
#519=VECTOR('',#2435,10.);
#520=VECTOR('',#2436,10.);
#521=VECTOR('',#2443,10.);
#522=VECTOR('',#2444,10.);
#523=VECTOR('',#2445,10.);
#524=VECTOR('',#2446,10.);
#525=VECTOR('',#2449,10.);
#526=VECTOR('',#2450,10.);
#527=VECTOR('',#2451,10.);
#528=VECTOR('',#2454,10.);
#529=VECTOR('',#2455,10.);
#530=VECTOR('',#2456,10.);
#531=VECTOR('',#2459,10.);
#532=VECTOR('',#2460,10.);
#533=VECTOR('',#2465,10.);
#534=VECTOR('',#2466,10.);
#535=VECTOR('',#2469,10.);
#536=VECTOR('',#2470,10.);
#537=VECTOR('',#2471,10.);
#538=VECTOR('',#2472,10.);
#539=VECTOR('',#2473,10.);
#540=VECTOR('',#2474,10.);
#541=VECTOR('',#2475,10.);
#542=VECTOR('',#2476,10.);
#543=VECTOR('',#2477,10.);
#544=VECTOR('',#2478,10.);
#545=VECTOR('',#2479,10.);
#546=VECTOR('',#2480,10.);
#547=VECTOR('',#2481,10.);
#548=VECTOR('',#2482,10.);
#549=VECTOR('',#2483,10.);
#550=VECTOR('',#2484,10.);
#551=VECTOR('',#2487,10.);
#552=VECTOR('',#2488,10.);
#553=VECTOR('',#2489,10.);
#554=VECTOR('',#2490,10.);
#555=VECTOR('',#2491,10.);
#556=VECTOR('',#2492,10.);
#557=VECTOR('',#2493,10.);
#558=VECTOR('',#2494,10.);
#559=VECTOR('',#2495,10.);
#560=VECTOR('',#2496,10.);
#561=VECTOR('',#2499,10.);
#562=VECTOR('',#2500,10.);
#563=VECTOR('',#2501,10.);
#564=VECTOR('',#2502,10.);
#565=VECTOR('',#2503,10.);
#566=VECTOR('',#2504,10.);
#567=VECTOR('',#2505,10.);
#568=VECTOR('',#2506,10.);
#569=VECTOR('',#2513,10.);
#570=VECTOR('',#2514,10.);
#571=VECTOR('',#2515,10.);
#572=VECTOR('',#2516,10.);
#573=VECTOR('',#2519,10.);
#574=VECTOR('',#2520,10.);
#575=VECTOR('',#2521,10.);
#576=VECTOR('',#2522,10.);
#577=VECTOR('',#2523,10.);
#578=VECTOR('',#2524,10.);
#579=VECTOR('',#2525,10.);
#580=VECTOR('',#2528,10.);
#581=VECTOR('',#2529,10.);
#582=VECTOR('',#2532,10.);
#583=VECTOR('',#2533,10.);
#584=VECTOR('',#2534,10.);
#585=VECTOR('',#2535,10.);
#586=VECTOR('',#2536,10.);
#587=VECTOR('',#2537,10.);
#588=VECTOR('',#2540,10.);
#589=VECTOR('',#2543,10.);
#590=VECTOR('',#2544,10.);
#591=VECTOR('',#2549,10.);
#592=VECTOR('',#2552,2.5);
#593=VECTOR('',#2557,10.);
#594=VECTOR('',#2560,10.);
#595=VECTOR('',#2561,10.);
#596=VECTOR('',#2562,10.);
#597=VECTOR('',#2563,10.);
#598=VECTOR('',#2564,10.);
#599=VECTOR('',#2565,10.);
#600=VECTOR('',#2566,10.);
#601=VECTOR('',#2569,10.);
#602=VECTOR('',#2570,10.);
#603=VECTOR('',#2571,10.);
#604=VECTOR('',#2572,10.);
#605=VECTOR('',#2573,10.);
#606=VECTOR('',#2574,10.);
#607=VECTOR('',#2575,10.);
#608=VECTOR('',#2576,10.);
#609=VECTOR('',#2577,10.);
#610=VECTOR('',#2578,10.);
#611=VECTOR('',#2579,10.);
#612=VECTOR('',#2580,10.);
#613=VECTOR('',#2581,10.);
#614=VECTOR('',#2582,10.);
#615=VECTOR('',#2585,10.);
#616=VECTOR('',#2586,10.);
#617=VECTOR('',#2587,10.);
#618=VECTOR('',#2588,10.);
#619=VECTOR('',#2589,10.);
#620=VECTOR('',#2590,10.);
#621=VECTOR('',#2591,10.);
#622=VECTOR('',#2592,10.);
#623=VECTOR('',#2595,10.);
#624=VECTOR('',#2596,10.);
#625=VECTOR('',#2597,10.);
#626=VECTOR('',#2598,10.);
#627=VECTOR('',#2599,10.);
#628=VECTOR('',#2600,10.);
#629=VECTOR('',#2601,10.);
#630=VECTOR('',#2602,10.);
#631=VECTOR('',#2603,10.);
#632=VECTOR('',#2604,10.);
#633=VECTOR('',#2605,10.);
#634=VECTOR('',#2606,10.);
#635=VECTOR('',#2607,10.);
#636=VECTOR('',#2608,10.);
#637=VECTOR('',#2611,10.);
#638=VECTOR('',#2614,10.);
#639=VECTOR('',#2615,10.);
#640=VECTOR('',#2618,10.);
#641=VECTOR('',#2621,10.);
#642=VECTOR('',#2624,10.);
#643=VECTOR('',#2625,10.);
#644=VECTOR('',#2626,10.);
#645=VECTOR('',#2627,10.);
#646=VECTOR('',#2628,10.);
#647=VECTOR('',#2629,10.);
#648=VECTOR('',#2630,10.);
#649=VECTOR('',#2631,10.);
#650=VECTOR('',#2632,10.);
#651=VECTOR('',#2633,10.);
#652=VECTOR('',#2634,10.);
#653=VECTOR('',#2635,10.);
#654=B_SPLINE_CURVE_WITH_KNOTS('',3,(#2649,#2650,#2651,#2652,#2653,#2654,
#2655),.UNSPECIFIED.,.F.,.F.,(4,3,4),(0.,0.216298322473024,0.35281084166191),
 .UNSPECIFIED.);
#655=B_SPLINE_CURVE_WITH_KNOTS('',3,(#2659,#2660,#2661,#2662,#2663),
 .UNSPECIFIED.,.F.,.F.,(4,1,4),(-0.336006008242764,-0.205995755633303,0.),
 .UNSPECIFIED.);
#656=B_SPLINE_CURVE_WITH_KNOTS('',3,(#2676,#2677,#2678,#2679,#2680,#2681,
#2682),.UNSPECIFIED.,.F.,.F.,(4,3,4),(0.,0.0925624184463252,0.177403261708113),
 .UNSPECIFIED.);
#657=B_SPLINE_CURVE_WITH_KNOTS('',3,(#2684,#2685,#2686,#2687,#2688),
 .UNSPECIFIED.,.F.,.F.,(4,1,4),(-0.170291808629417,-0.0888519269407369,
0.),.UNSPECIFIED.);
#658=B_SPLINE_CURVE_WITH_KNOTS('',3,(#2701,#2702,#2703,#2704,#2705,#2706,
#2707),.UNSPECIFIED.,.F.,.F.,(4,3,4),(0.,0.0840611543516728,0.169905043895275),
 .UNSPECIFIED.);
#659=B_SPLINE_CURVE_WITH_KNOTS('',3,(#2709,#2710,#2711,#2712,#2713),
 .UNSPECIFIED.,.F.,.F.,(4,1,4),(-0.157930611451318,-0.0781367592256189,
0.),.UNSPECIFIED.);
#660=B_SPLINE_CURVE_WITH_KNOTS('',3,(#2726,#2727,#2728,#2729,#2730,#2731,
#2732),.UNSPECIFIED.,.F.,.F.,(4,3,4),(0.,0.155630656888341,0.389446955684752),
 .UNSPECIFIED.);
#661=B_SPLINE_CURVE_WITH_KNOTS('',3,(#2734,#2735,#2736,#2737,#2738),
 .UNSPECIFIED.,.F.,.F.,(4,1,4),(-0.346684591575233,-0.138541975825829,0.),
 .UNSPECIFIED.);
#662=B_SPLINE_CURVE_WITH_KNOTS('',3,(#2751,#2752,#2753,#2754,#2755,#2756,
#2757),.UNSPECIFIED.,.F.,.F.,(4,3,4),(0.,0.21577004216357,0.352315267969296),
 .UNSPECIFIED.);
#663=B_SPLINE_CURVE_WITH_KNOTS('',3,(#2759,#2760,#2761,#2762,#2763),
 .UNSPECIFIED.,.F.,.F.,(4,1,4),(-0.335661086473073,-0.205570446033796,0.),
 .UNSPECIFIED.);
#664=B_SPLINE_CURVE_WITH_KNOTS('',3,(#2776,#2777,#2778,#2779,#2780,#2781,
#2782),.UNSPECIFIED.,.F.,.F.,(4,3,4),(0.,0.0925586789291331,0.176455049752138),
 .UNSPECIFIED.);
#665=B_SPLINE_CURVE_WITH_KNOTS('',3,(#2784,#2785,#2786,#2787,#2788),
 .UNSPECIFIED.,.F.,.F.,(4,1,4),(-0.169250763425189,-0.0887797039097937,
0.),.UNSPECIFIED.);
#666=B_SPLINE_CURVE_WITH_KNOTS('',3,(#2801,#2802,#2803,#2804,#2805,#2806,
#2807),.UNSPECIFIED.,.F.,.F.,(4,3,4),(0.,0.0896922712471579,0.188815444233462),
 .UNSPECIFIED.);
#667=B_SPLINE_CURVE_WITH_KNOTS('',3,(#2809,#2810,#2811,#2812,#2813),
 .UNSPECIFIED.,.F.,.F.,(4,1,4),(-0.169448720738606,-0.0804925713819205,
0.),.UNSPECIFIED.);
#668=B_SPLINE_CURVE_WITH_KNOTS('',3,(#2825,#2826,#2827,#2828,#2829,#2830,
#2831),.UNSPECIFIED.,.F.,.F.,(4,3,4),(0.,0.144928799226561,0.373331752904371),
 .UNSPECIFIED.);
#669=B_SPLINE_CURVE_WITH_KNOTS('',3,(#2832,#2833,#2834,#2835,#2836),
 .UNSPECIFIED.,.F.,.F.,(4,1,4),(-0.335316243028855,-0.130171034435911,0.),
 .UNSPECIFIED.);
#670=B_SPLINE_CURVE_WITH_KNOTS('',3,(#2851,#2852,#2853,#2854,#2855,#2856,
#2857),.UNSPECIFIED.,.F.,.F.,(4,3,4),(0.,0.216298322473024,0.35281084166191),
 .UNSPECIFIED.);
#671=B_SPLINE_CURVE_WITH_KNOTS('',3,(#2861,#2862,#2863,#2864,#2865),
 .UNSPECIFIED.,.F.,.F.,(4,1,4),(0.,0.205995755633303,0.336006008242764),
 .UNSPECIFIED.);
#672=B_SPLINE_CURVE_WITH_KNOTS('',3,(#2878,#2879,#2880,#2881,#2882,#2883,
#2884),.UNSPECIFIED.,.F.,.F.,(4,3,4),(0.,0.0925624184463252,0.177403261708113),
 .UNSPECIFIED.);
#673=B_SPLINE_CURVE_WITH_KNOTS('',3,(#2887,#2888,#2889,#2890,#2891),
 .UNSPECIFIED.,.F.,.F.,(4,1,4),(0.,0.0888519269407369,0.170291808629417),
 .UNSPECIFIED.);
#674=B_SPLINE_CURVE_WITH_KNOTS('',3,(#2903,#2904,#2905,#2906,#2907,#2908,
#2909),.UNSPECIFIED.,.F.,.F.,(4,3,4),(0.,0.0840611543516693,0.169905043895268),
 .UNSPECIFIED.);
#675=B_SPLINE_CURVE_WITH_KNOTS('',3,(#2912,#2913,#2914,#2915,#2916),
 .UNSPECIFIED.,.F.,.F.,(4,1,4),(0.,0.0781367592256189,0.157930611451318),
 .UNSPECIFIED.);
#676=B_SPLINE_CURVE_WITH_KNOTS('',3,(#2928,#2929,#2930,#2931,#2932,#2933,
#2934),.UNSPECIFIED.,.F.,.F.,(4,3,4),(0.,0.155630656888341,0.389446955684752),
 .UNSPECIFIED.);
#677=B_SPLINE_CURVE_WITH_KNOTS('',3,(#2937,#2938,#2939,#2940,#2941),
 .UNSPECIFIED.,.F.,.F.,(4,1,4),(0.,0.138541975825829,0.346684591575233),
 .UNSPECIFIED.);
#678=B_SPLINE_CURVE_WITH_KNOTS('',3,(#2954,#2955,#2956,#2957,#2958,#2959,
#2960),.UNSPECIFIED.,.F.,.F.,(4,3,4),(0.,0.117060563127243,0.266972868457119),
 .UNSPECIFIED.);
#679=B_SPLINE_CURVE_WITH_KNOTS('',3,(#2964,#2965,#2966,#2967,#2968),
 .UNSPECIFIED.,.F.,.F.,(4,1,4),(0.,0.104291649604622,0.237851588163006),
 .UNSPECIFIED.);
#680=B_SPLINE_CURVE_WITH_KNOTS('',3,(#2981,#2982,#2983,#2984,#2985,#2986,
#2987),.UNSPECIFIED.,.F.,.F.,(4,3,4),(0.,0.161525356379294,0.291321748238049),
 .UNSPECIFIED.);
#681=B_SPLINE_CURVE_WITH_KNOTS('',3,(#2990,#2991,#2992,#2993,#2994),
 .UNSPECIFIED.,.F.,.F.,(4,1,4),(0.,0.159277782296877,0.287268098546996),
 .UNSPECIFIED.);
#682=B_SPLINE_CURVE_WITH_KNOTS('',3,(#3006,#3007,#3008,#3009,#3010,#3011,
#3012),.UNSPECIFIED.,.F.,.F.,(4,3,4),(0.,0.107604347570851,0.204254769200148),
 .UNSPECIFIED.);
#683=B_SPLINE_CURVE_WITH_KNOTS('',3,(#3015,#3016,#3017,#3018,#3019),
 .UNSPECIFIED.,.F.,.F.,(4,1,4),(0.,0.105922809435188,0.201062870438113),
 .UNSPECIFIED.);
#684=B_SPLINE_CURVE_WITH_KNOTS('',3,(#3031,#3032,#3033,#3034,#3035,#3036,
#3037),.UNSPECIFIED.,.F.,.F.,(4,3,4),(0.,0.100962375093197,0.211466930591487),
 .UNSPECIFIED.);
#685=B_SPLINE_CURVE_WITH_KNOTS('',3,(#3040,#3041,#3042,#3043,#3044),
 .UNSPECIFIED.,.F.,.F.,(4,1,4),(0.,0.0926771787059894,0.194113485332963),
 .UNSPECIFIED.);
#686=B_SPLINE_CURVE_WITH_KNOTS('',3,(#3056,#3057,#3058,#3059,#3060,#3061,
#3062),.UNSPECIFIED.,.F.,.F.,(4,3,4),(0.,0.136316899491176,0.265882067912916),
 .UNSPECIFIED.);
#687=B_SPLINE_CURVE_WITH_KNOTS('',3,(#3065,#3066,#3067,#3068,#3069),
 .UNSPECIFIED.,.F.,.F.,(4,1,4),(0.,0.131669479465675,0.256817413042886),
 .UNSPECIFIED.);
#688=B_SPLINE_CURVE_WITH_KNOTS('',3,(#3081,#3082,#3083,#3084,#3085,#3086,
#3087),.UNSPECIFIED.,.F.,.F.,(4,3,4),(0.,0.204841544390971,0.482167833495883),
 .UNSPECIFIED.);
#689=B_SPLINE_CURVE_WITH_KNOTS('',3,(#3090,#3091,#3092,#3093,#3094),
 .UNSPECIFIED.,.F.,.F.,(4,1,4),(0.,0.180044075966027,0.423798123082955),
 .UNSPECIFIED.);
#690=B_SPLINE_CURVE_WITH_KNOTS('',3,(#3106,#3107,#3108,#3109,#3110,#3111,
#3112),.UNSPECIFIED.,.F.,.F.,(4,3,4),(0.,0.21577004216357,0.352315267969296),
 .UNSPECIFIED.);
#691=B_SPLINE_CURVE_WITH_KNOTS('',3,(#3115,#3116,#3117,#3118,#3119),
 .UNSPECIFIED.,.F.,.F.,(4,1,4),(0.,0.205570446033796,0.335661086473073),
 .UNSPECIFIED.);
#692=B_SPLINE_CURVE_WITH_KNOTS('',3,(#3131,#3132,#3133,#3134,#3135,#3136,
#3137),.UNSPECIFIED.,.F.,.F.,(4,3,4),(0.,0.0925586789291331,0.176455049752138),
 .UNSPECIFIED.);
#693=B_SPLINE_CURVE_WITH_KNOTS('',3,(#3140,#3141,#3142,#3143,#3144),
 .UNSPECIFIED.,.F.,.F.,(4,1,4),(0.,0.0887797039097937,0.169250763425189),
 .UNSPECIFIED.);
#694=B_SPLINE_CURVE_WITH_KNOTS('',3,(#3156,#3157,#3158,#3159,#3160,#3161),
 .UNSPECIFIED.,.F.,.F.,(4,2,4),(0.,0.0946213724508981,0.188815444233462),
 .UNSPECIFIED.);
#695=B_SPLINE_CURVE_WITH_KNOTS('',3,(#3164,#3165,#3166,#3167,#3168),
 .UNSPECIFIED.,.F.,.F.,(4,1,4),(0.,0.0804925713819205,0.169448720738606),
 .UNSPECIFIED.);
#696=B_SPLINE_CURVE_WITH_KNOTS('',3,(#3179,#3180,#3181,#3182,#3183,#3184,
#3185),.UNSPECIFIED.,.F.,.F.,(4,3,4),(0.,0.144928799226561,0.373331752904371),
 .UNSPECIFIED.);
#697=B_SPLINE_CURVE_WITH_KNOTS('',3,(#3186,#3187,#3188,#3189,#3190),
 .UNSPECIFIED.,.F.,.F.,(4,1,4),(0.,0.130171034435911,0.335316243028855),
 .UNSPECIFIED.);
#698=B_SPLINE_CURVE_WITH_KNOTS('',3,(#3202,#3203,#3204,#3205,#3206,#3207),
 .UNSPECIFIED.,.F.,.F.,(4,2,4),(0.,0.14497670509963,0.292857452960328),
 .UNSPECIFIED.);
#699=B_SPLINE_CURVE_WITH_KNOTS('',3,(#3210,#3211,#3212,#3213,#3214),
 .UNSPECIFIED.,.F.,.F.,(4,1,4),(0.,0.160304208813227,0.288682140165076),
 .UNSPECIFIED.);
#700=B_SPLINE_CURVE_WITH_KNOTS('',3,(#3226,#3227,#3228,#3229,#3230,#3231,
#3232),.UNSPECIFIED.,.F.,.F.,(4,3,4),(0.,0.10764621558459,0.20416799899019),
 .UNSPECIFIED.);
#701=B_SPLINE_CURVE_WITH_KNOTS('',3,(#3235,#3236,#3237,#3238,#3239),
 .UNSPECIFIED.,.F.,.F.,(4,1,4),(0.,0.105954916716038,0.200960184355821),
 .UNSPECIFIED.);
#702=B_SPLINE_CURVE_WITH_KNOTS('',3,(#3251,#3252,#3253,#3254,#3255,#3256),
 .UNSPECIFIED.,.F.,.F.,(4,2,4),(0.,0.105352470520919,0.210330780479472),
 .UNSPECIFIED.);
#703=B_SPLINE_CURVE_WITH_KNOTS('',3,(#3259,#3260,#3261,#3262,#3263),
 .UNSPECIFIED.,.F.,.F.,(4,1,4),(0.,0.092405057542564,0.19332298306644),
 .UNSPECIFIED.);
#704=B_SPLINE_CURVE_WITH_KNOTS('',3,(#3275,#3276,#3277,#3278,#3279,#3280,
#3281),.UNSPECIFIED.,.F.,.F.,(4,3,4),(0.,0.076853934530177,0.147668161157852),
 .UNSPECIFIED.);
#705=B_SPLINE_CURVE_WITH_KNOTS('',3,(#3284,#3285,#3286,#3287,#3288),
 .UNSPECIFIED.,.F.,.F.,(4,1,4),(0.,0.0759786940900337,0.145986462658523),
 .UNSPECIFIED.);
#706=B_SPLINE_CURVE_WITH_KNOTS('',3,(#3300,#3301,#3302,#3303,#3304,#3305,
#3306),.UNSPECIFIED.,.F.,.F.,(4,3,4),(0.,0.070627524194049,0.143344816641432),
 .UNSPECIFIED.);
#707=B_SPLINE_CURVE_WITH_KNOTS('',3,(#3309,#3310,#3311,#3312,#3313),
 .UNSPECIFIED.,.F.,.F.,(4,1,4),(0.,0.0680953743457991,0.138205594222864),
 .UNSPECIFIED.);
#708=B_SPLINE_CURVE_WITH_KNOTS('',3,(#3324,#3325,#3326,#3327,#3328,#3329,
#3330),.UNSPECIFIED.,.F.,.F.,(4,3,4),(0.,0.0828712788056498,0.175468986044899),
 .UNSPECIFIED.);
#709=B_SPLINE_CURVE_WITH_KNOTS('',3,(#3331,#3332,#3333,#3334,#3335),
 .UNSPECIFIED.,.F.,.F.,(4,1,4),(0.,0.0763515214853463,0.161664261142133),
 .UNSPECIFIED.);
#710=B_SPLINE_CURVE_WITH_KNOTS('',3,(#3376,#3377,#3378,#3379,#3380,#3381,
#3382),.UNSPECIFIED.,.F.,.F.,(4,3,4),(0.,0.0770860799384928,0.169062225592515),
 .UNSPECIFIED.);
#711=B_SPLINE_CURVE_WITH_KNOTS('',3,(#3386,#3387,#3388,#3389,#3390),
 .UNSPECIFIED.,.F.,.F.,(4,1,4),(0.,0.0685954371001176,0.150440874291317),
 .UNSPECIFIED.);
#712=B_SPLINE_CURVE_WITH_KNOTS('',3,(#3409,#3410,#3411,#3412,#3413,#3414,
#3415),.UNSPECIFIED.,.F.,.F.,(4,3,4),(0.,0.118161746082646,0.225249403381683),
 .UNSPECIFIED.);
#713=B_SPLINE_CURVE_WITH_KNOTS('',3,(#3418,#3419,#3420,#3421,#3422),
 .UNSPECIFIED.,.F.,.F.,(4,1,4),(0.,0.115592807259078,0.220352286027577),
 .UNSPECIFIED.);
#714=B_SPLINE_CURVE_WITH_KNOTS('',3,(#3434,#3435,#3436,#3437,#3438,#3439,
#3440),.UNSPECIFIED.,.F.,.F.,(4,3,4),(0.,0.110915109686238,0.229685879454404),
 .UNSPECIFIED.);
#715=B_SPLINE_CURVE_WITH_KNOTS('',3,(#3443,#3444,#3445,#3446,#3447),
 .UNSPECIFIED.,.F.,.F.,(4,1,4),(0.,0.102988856423018,0.213271989077421),
 .UNSPECIFIED.);
#716=B_SPLINE_CURVE_WITH_KNOTS('',3,(#3459,#3460,#3461,#3462,#3463,#3464,
#3465),.UNSPECIFIED.,.F.,.F.,(4,3,4),(0.,0.0798329528354583,0.15733641000789),
 .UNSPECIFIED.);
#717=B_SPLINE_CURVE_WITH_KNOTS('',3,(#3468,#3469,#3470,#3471,#3472),
 .UNSPECIFIED.,.F.,.F.,(4,1,4),(0.,0.0791043289466597,0.155900423202469),
 .UNSPECIFIED.);
#718=B_SPLINE_CURVE_WITH_KNOTS('',3,(#3484,#3485,#3486,#3487,#3488,#3489,
#3490),.UNSPECIFIED.,.F.,.F.,(4,3,4),(0.,0.0746032487377053,0.145815245655983),
 .UNSPECIFIED.);
#719=B_SPLINE_CURVE_WITH_KNOTS('',3,(#3493,#3494,#3495,#3496,#3497),
 .UNSPECIFIED.,.F.,.F.,(4,1,4),(0.,0.0736225541904797,0.143898436150543),
 .UNSPECIFIED.);
#720=B_SPLINE_CURVE_WITH_KNOTS('',3,(#3509,#3510,#3511,#3512,#3513,#3514),
 .UNSPECIFIED.,.F.,.F.,(4,2,4),(0.,0.0684373342898987,0.136887978201264),
 .UNSPECIFIED.);
#721=B_SPLINE_CURVE_WITH_KNOTS('',3,(#3517,#3518,#3519,#3520,#3521),
 .UNSPECIFIED.,.F.,.F.,(4,1,4),(0.,0.0683085188952595,0.135269921580834),
 .UNSPECIFIED.);
#722=B_SPLINE_CURVE_WITH_KNOTS('',3,(#3533,#3534,#3535,#3536,#3537,#3538),
 .UNSPECIFIED.,.F.,.F.,(4,2,4),(0.,0.063036211319962,0.126075684739016),
 .UNSPECIFIED.);
#723=B_SPLINE_CURVE_WITH_KNOTS('',3,(#3541,#3542,#3543,#3544,#3545),
 .UNSPECIFIED.,.F.,.F.,(4,1,4),(0.,0.0625111213925013,0.124386296854106),
 .UNSPECIFIED.);
#724=B_SPLINE_CURVE_WITH_KNOTS('',3,(#3557,#3558,#3559,#3560,#3561,#3562),
 .UNSPECIFIED.,.F.,.F.,(4,2,4),(0.,0.0729374428199366,0.145615837950344),
 .UNSPECIFIED.);
#725=B_SPLINE_CURVE_WITH_KNOTS('',3,(#3565,#3566,#3567,#3568,#3569),
 .UNSPECIFIED.,.F.,.F.,(4,1,4),(0.,0.0643538448805992,0.134636442747052),
 .UNSPECIFIED.);
#726=B_SPLINE_CURVE_WITH_KNOTS('',3,(#3581,#3582,#3583,#3584,#3585,#3586,
#3587),.UNSPECIFIED.,.F.,.F.,(4,3,4),(0.,0.0866283982025018,0.167932585936991),
 .UNSPECIFIED.);
#727=B_SPLINE_CURVE_WITH_KNOTS('',3,(#3590,#3591,#3592,#3593,#3594),
 .UNSPECIFIED.,.F.,.F.,(4,1,4),(0.,0.0848359315702996,0.164457818274222),
 .UNSPECIFIED.);
#728=B_SPLINE_CURVE_WITH_KNOTS('',3,(#3606,#3607,#3608,#3609,#3610,#3611,
#3612),.UNSPECIFIED.,.F.,.F.,(4,3,4),(0.,0.088761816835342,0.18650248756751),
 .UNSPECIFIED.);
#729=B_SPLINE_CURVE_WITH_KNOTS('',3,(#3615,#3616,#3617,#3618,#3619),
 .UNSPECIFIED.,.F.,.F.,(4,1,4),(0.,0.0813754500659242,0.170982573423144),
 .UNSPECIFIED.);
#730=B_SPLINE_CURVE_WITH_KNOTS('',3,(#3631,#3632,#3633,#3634,#3635,#3636,
#3637),.UNSPECIFIED.,.F.,.F.,(4,3,4),(0.,0.127182522671291,0.254906865786948),
 .UNSPECIFIED.);
#731=B_SPLINE_CURVE_WITH_KNOTS('',3,(#3640,#3641,#3642,#3643,#3644),
 .UNSPECIFIED.,.F.,.F.,(4,1,4),(0.,0.123325524416227,0.247176437769844),
 .UNSPECIFIED.);
#732=B_SPLINE_CURVE_WITH_KNOTS('',3,(#3656,#3657,#3658,#3659,#3660,#3661,
#3662),.UNSPECIFIED.,.F.,.F.,(4,3,4),(0.,0.137110294568519,0.282157399223604),
 .UNSPECIFIED.);
#733=B_SPLINE_CURVE_WITH_KNOTS('',3,(#3665,#3666,#3667,#3668,#3669),
 .UNSPECIFIED.,.F.,.F.,(4,1,4),(0.,0.127882714575992,0.263168088610475),
 .UNSPECIFIED.);
#734=B_SPLINE_CURVE_WITH_KNOTS('',3,(#3681,#3682,#3683,#3684,#3685,#3686,
#3687),.UNSPECIFIED.,.F.,.F.,(4,3,4),(0.,0.124965244574835,0.242107489476758),
 .UNSPECIFIED.);
#735=B_SPLINE_CURVE_WITH_KNOTS('',3,(#3690,#3691,#3692,#3693,#3694),
 .UNSPECIFIED.,.F.,.F.,(4,1,4),(0.,0.122066562568434,0.23649158702525),
 .UNSPECIFIED.);
#736=B_SPLINE_CURVE_WITH_KNOTS('',3,(#3706,#3707,#3708,#3709,#3710,#3711,
#3712),.UNSPECIFIED.,.F.,.F.,(4,3,4),(0.,0.119423523734656,0.243469225237994),
 .UNSPECIFIED.);
#737=B_SPLINE_CURVE_WITH_KNOTS('',3,(#3715,#3716,#3717,#3718,#3719),
 .UNSPECIFIED.,.F.,.F.,(4,1,4),(0.,0.113013257130081,0.230400588549192),
 .UNSPECIFIED.);
#738=B_SPLINE_CURVE_WITH_KNOTS('',3,(#3737,#3738,#3739,#3740,#3741,#3742,
#3743),.UNSPECIFIED.,.F.,.F.,(4,3,4),(0.,0.0968977390239489,0.173575114681423),
 .UNSPECIFIED.);
#739=B_SPLINE_CURVE_WITH_KNOTS('',3,(#3746,#3747,#3748,#3749,#3750),
 .UNSPECIFIED.,.F.,.F.,(4,1,4),(0.,0.0942193351378142,0.168777229133401),
 .UNSPECIFIED.);
#740=B_SPLINE_CURVE_WITH_KNOTS('',3,(#3762,#3763,#3764,#3765,#3766,#3767,
#3768),.UNSPECIFIED.,.F.,.F.,(4,3,4),(0.,0.0696506798378069,0.141747925786097),
 .UNSPECIFIED.);
#741=B_SPLINE_CURVE_WITH_KNOTS('',3,(#3771,#3772,#3773,#3774,#3775),
 .UNSPECIFIED.,.F.,.F.,(4,1,4),(0.,0.0660988602295083,0.134519524521169),
 .UNSPECIFIED.);
#742=B_SPLINE_CURVE_WITH_KNOTS('',3,(#3787,#3788,#3789,#3790,#3791,#3792,
#3793),.UNSPECIFIED.,.F.,.F.,(4,3,4),(0.,0.0833897282459776,0.16570267906119),
 .UNSPECIFIED.);
#743=B_SPLINE_CURVE_WITH_KNOTS('',3,(#3796,#3797,#3798,#3799,#3800),
 .UNSPECIFIED.,.F.,.F.,(4,1,4),(0.,0.0812914494592196,0.161533215702855),
 .UNSPECIFIED.);
#744=B_SPLINE_CURVE_WITH_KNOTS('',3,(#3812,#3813,#3814,#3815,#3816,#3817,
#3818),.UNSPECIFIED.,.F.,.F.,(4,3,4),(0.,0.0847442022540832,0.171726977700259),
 .UNSPECIFIED.);
#745=B_SPLINE_CURVE_WITH_KNOTS('',3,(#3821,#3822,#3823,#3824,#3825),
 .UNSPECIFIED.,.F.,.F.,(4,1,4),(0.,0.0807361363281862,0.163604970181515),
 .UNSPECIFIED.);
#746=B_SPLINE_CURVE_WITH_KNOTS('',3,(#3837,#3838,#3839,#3840,#3841,#3842,
#3843),.UNSPECIFIED.,.F.,.F.,(4,3,4),(0.,0.0804894548768836,0.157339490289325),
 .UNSPECIFIED.);
#747=B_SPLINE_CURVE_WITH_KNOTS('',3,(#3846,#3847,#3848,#3849,#3850),
 .UNSPECIFIED.,.F.,.F.,(4,1,4),(0.,0.0783922848827626,0.153239976155085),
 .UNSPECIFIED.);
#748=B_SPLINE_CURVE_WITH_KNOTS('',3,(#3862,#3863,#3864,#3865,#3866,#3867,
#3868),.UNSPECIFIED.,.F.,.F.,(4,3,4),(0.,0.0802759943981669,0.164725619453403),
 .UNSPECIFIED.);
#749=B_SPLINE_CURVE_WITH_KNOTS('',3,(#3871,#3872,#3873,#3874,#3875),
 .UNSPECIFIED.,.F.,.F.,(4,1,4),(0.,0.0750624720894344,0.154027518504563),
 .UNSPECIFIED.);
#750=B_SPLINE_CURVE_WITH_KNOTS('',3,(#3887,#3888,#3889,#3890,#3891,#3892),
 .UNSPECIFIED.,.F.,.F.,(4,2,4),(0.,0.0495932741744063,0.0982572411074791),
 .UNSPECIFIED.);
#751=B_SPLINE_CURVE_WITH_KNOTS('',3,(#3895,#3896,#3897,#3898,#3899),
 .UNSPECIFIED.,.F.,.F.,(4,1,4),(0.,0.0392004838453195,0.0878667199070035),
 .UNSPECIFIED.);
#752=B_SPLINE_CURVE_WITH_KNOTS('',3,(#3917,#3918,#3919,#3920,#3921,#3922,
#3923),.UNSPECIFIED.,.F.,.F.,(4,3,4),(0.,0.0112713204447835,0.0200843157860198),
 .UNSPECIFIED.);
#753=B_SPLINE_CURVE_WITH_KNOTS('',3,(#3926,#3927,#3928,#3929,#3930),
 .UNSPECIFIED.,.F.,.F.,(4,1,4),(0.,0.0111316938773771,0.0198355158263658),
 .UNSPECIFIED.);
#754=B_SPLINE_CURVE_WITH_KNOTS('',3,(#3942,#3943,#3944,#3945,#3946,#3947,
#3948),.UNSPECIFIED.,.F.,.F.,(4,3,4),(0.,0.0762561010535479,0.150669839403104),
 .UNSPECIFIED.);
#755=B_SPLINE_CURVE_WITH_KNOTS('',3,(#3951,#3952,#3953,#3954,#3955),
 .UNSPECIFIED.,.F.,.F.,(4,1,4),(0.,0.0752216494643514,0.148625928782693),
 .UNSPECIFIED.);
#756=B_SPLINE_CURVE_WITH_KNOTS('',3,(#3967,#3968,#3969,#3970,#3971,#3972,
#3973),.UNSPECIFIED.,.F.,.F.,(4,3,4),(0.,0.0777358936992994,0.161761466711658),
 .UNSPECIFIED.);
#757=B_SPLINE_CURVE_WITH_KNOTS('',3,(#3976,#3977,#3978,#3979,#3980),
 .UNSPECIFIED.,.F.,.F.,(4,1,4),(0.,0.0701467460346487,0.145969126791131),
 .UNSPECIFIED.);
#758=B_SPLINE_CURVE_WITH_KNOTS('',3,(#3992,#3993,#3994,#3995,#3996,#3997,
#3998),.UNSPECIFIED.,.F.,.F.,(4,3,4),(0.,0.0644875288295743,0.126871932442692),
 .UNSPECIFIED.);
#759=B_SPLINE_CURVE_WITH_KNOTS('',3,(#4001,#4002,#4003,#4004,#4005),
 .UNSPECIFIED.,.F.,.F.,(4,1,4),(0.,0.0627810324626264,0.123514593501185),
 .UNSPECIFIED.);
#760=B_SPLINE_CURVE_WITH_KNOTS('',3,(#4017,#4018,#4019,#4020,#4021,#4022,
#4023),.UNSPECIFIED.,.F.,.F.,(4,3,4),(0.,0.0671577500365987,0.139255636053846),
 .UNSPECIFIED.);
#761=B_SPLINE_CURVE_WITH_KNOTS('',3,(#4026,#4027,#4028,#4029,#4030),
 .UNSPECIFIED.,.F.,.F.,(4,1,4),(0.,0.0620216574692813,0.128605639040792),
 .UNSPECIFIED.);
#762=B_SPLINE_CURVE_WITH_KNOTS('',3,(#4041,#4042,#4043,#4044,#4045,#4046,
#4047),.UNSPECIFIED.,.F.,.F.,(4,3,4),(0.,0.0682521039440665,0.133261979537234),
 .UNSPECIFIED.);
#763=B_SPLINE_CURVE_WITH_KNOTS('',3,(#4048,#4049,#4050,#4051,#4052),
 .UNSPECIFIED.,.F.,.F.,(4,1,4),(0.,0.0666125899867696,0.130060834622971),
 .UNSPECIFIED.);
#764=B_SPLINE_CURVE_WITH_KNOTS('',3,(#4114,#4115,#4116,#4117,#4118),
 .UNSPECIFIED.,.F.,.F.,(4,1,4),(-0.230400588549192,-0.113013257130081,0.),
 .UNSPECIFIED.);
#765=B_SPLINE_CURVE_WITH_KNOTS('',3,(#4120,#4121,#4122,#4123,#4124),
 .UNSPECIFIED.,.F.,.F.,(4,1,4),(-0.23649158702525,-0.122066562568434,0.),
 .UNSPECIFIED.);
#766=B_SPLINE_CURVE_WITH_KNOTS('',3,(#4126,#4127,#4128,#4129,#4130),
 .UNSPECIFIED.,.F.,.F.,(4,1,4),(-0.263168088610475,-0.127882714575992,0.),
 .UNSPECIFIED.);
#767=B_SPLINE_CURVE_WITH_KNOTS('',3,(#4132,#4133,#4134,#4135,#4136),
 .UNSPECIFIED.,.F.,.F.,(4,1,4),(-0.247176437769844,-0.123325524416227,0.),
 .UNSPECIFIED.);
#768=B_SPLINE_CURVE_WITH_KNOTS('',3,(#4138,#4139,#4140,#4141,#4142),
 .UNSPECIFIED.,.F.,.F.,(4,1,4),(-0.170982573423144,-0.0813754500659242,
0.),.UNSPECIFIED.);
#769=B_SPLINE_CURVE_WITH_KNOTS('',3,(#4144,#4145,#4146,#4147,#4148),
 .UNSPECIFIED.,.F.,.F.,(4,1,4),(-0.164457818274222,-0.0848359315702996,
0.),.UNSPECIFIED.);
#770=B_SPLINE_CURVE_WITH_KNOTS('',3,(#4150,#4151,#4152,#4153,#4154),
 .UNSPECIFIED.,.F.,.F.,(4,1,4),(-0.134636442747052,-0.0643538448805992,
0.),.UNSPECIFIED.);
#771=B_SPLINE_CURVE_WITH_KNOTS('',3,(#4156,#4157,#4158,#4159,#4160),
 .UNSPECIFIED.,.F.,.F.,(4,1,4),(-0.124386296854106,-0.0625111213925013,
0.),.UNSPECIFIED.);
#772=B_SPLINE_CURVE_WITH_KNOTS('',3,(#4162,#4163,#4164,#4165,#4166),
 .UNSPECIFIED.,.F.,.F.,(4,1,4),(-0.135269921580834,-0.0683085188952595,
0.),.UNSPECIFIED.);
#773=B_SPLINE_CURVE_WITH_KNOTS('',3,(#4168,#4169,#4170,#4171,#4172),
 .UNSPECIFIED.,.F.,.F.,(4,1,4),(-0.143898436150543,-0.0736225541904797,
0.),.UNSPECIFIED.);
#774=B_SPLINE_CURVE_WITH_KNOTS('',3,(#4174,#4175,#4176,#4177,#4178),
 .UNSPECIFIED.,.F.,.F.,(4,1,4),(-0.155900423202469,-0.0791043289466597,
0.),.UNSPECIFIED.);
#775=B_SPLINE_CURVE_WITH_KNOTS('',3,(#4180,#4181,#4182,#4183,#4184),
 .UNSPECIFIED.,.F.,.F.,(4,1,4),(-0.213271989077421,-0.102988856423018,0.),
 .UNSPECIFIED.);
#776=B_SPLINE_CURVE_WITH_KNOTS('',3,(#4186,#4187,#4188,#4189,#4190),
 .UNSPECIFIED.,.F.,.F.,(4,1,4),(-0.220352286027577,-0.115592807259078,0.),
 .UNSPECIFIED.);
#777=B_SPLINE_CURVE_WITH_KNOTS('',3,(#4194,#4195,#4196,#4197,#4198),
 .UNSPECIFIED.,.F.,.F.,(4,1,4),(-0.150440874291317,-0.0685954371001176,
0.),.UNSPECIFIED.);
#778=B_SPLINE_CURVE_WITH_KNOTS('',3,(#4200,#4201,#4202,#4203,#4204),
 .UNSPECIFIED.,.F.,.F.,(4,1,4),(-0.130060834622971,-0.0666125899867696,
0.),.UNSPECIFIED.);
#779=B_SPLINE_CURVE_WITH_KNOTS('',3,(#4206,#4207,#4208,#4209,#4210),
 .UNSPECIFIED.,.F.,.F.,(4,1,4),(-0.128605639040792,-0.0620216574692813,
0.),.UNSPECIFIED.);
#780=B_SPLINE_CURVE_WITH_KNOTS('',3,(#4212,#4213,#4214,#4215,#4216),
 .UNSPECIFIED.,.F.,.F.,(4,1,4),(-0.123514593501185,-0.0627810324626264,
0.),.UNSPECIFIED.);
#781=B_SPLINE_CURVE_WITH_KNOTS('',3,(#4218,#4219,#4220,#4221,#4222),
 .UNSPECIFIED.,.F.,.F.,(4,1,4),(-0.145969126791131,-0.0701467460346487,
0.),.UNSPECIFIED.);
#782=B_SPLINE_CURVE_WITH_KNOTS('',3,(#4224,#4225,#4226,#4227,#4228),
 .UNSPECIFIED.,.F.,.F.,(4,1,4),(-0.148625928782693,-0.0752216494643514,
0.),.UNSPECIFIED.);
#783=B_SPLINE_CURVE_WITH_KNOTS('',3,(#4230,#4231,#4232,#4233,#4234),
 .UNSPECIFIED.,.F.,.F.,(4,1,4),(-0.0198355158263658,-0.0111316938773771,
0.),.UNSPECIFIED.);
#784=B_SPLINE_CURVE_WITH_KNOTS('',3,(#4238,#4239,#4240,#4241,#4242),
 .UNSPECIFIED.,.F.,.F.,(4,1,4),(-0.0878667199070035,-0.0392004838453195,
0.),.UNSPECIFIED.);
#785=B_SPLINE_CURVE_WITH_KNOTS('',3,(#4244,#4245,#4246,#4247,#4248),
 .UNSPECIFIED.,.F.,.F.,(4,1,4),(-0.154027518504563,-0.0750624720894344,
0.),.UNSPECIFIED.);
#786=B_SPLINE_CURVE_WITH_KNOTS('',3,(#4250,#4251,#4252,#4253,#4254),
 .UNSPECIFIED.,.F.,.F.,(4,1,4),(-0.153239976155085,-0.0783922848827626,
0.),.UNSPECIFIED.);
#787=B_SPLINE_CURVE_WITH_KNOTS('',3,(#4256,#4257,#4258,#4259,#4260),
 .UNSPECIFIED.,.F.,.F.,(4,1,4),(-0.163604970181515,-0.0807361363281862,
0.),.UNSPECIFIED.);
#788=B_SPLINE_CURVE_WITH_KNOTS('',3,(#4262,#4263,#4264,#4265,#4266),
 .UNSPECIFIED.,.F.,.F.,(4,1,4),(-0.161533215702855,-0.0812914494592196,
0.),.UNSPECIFIED.);
#789=B_SPLINE_CURVE_WITH_KNOTS('',3,(#4268,#4269,#4270,#4271,#4272),
 .UNSPECIFIED.,.F.,.F.,(4,1,4),(-0.134519524521169,-0.0660988602295083,
0.),.UNSPECIFIED.);
#790=B_SPLINE_CURVE_WITH_KNOTS('',3,(#4273,#4274,#4275,#4276,#4277),
 .UNSPECIFIED.,.F.,.F.,(4,1,4),(-0.168777229133401,-0.0942193351378142,
0.),.UNSPECIFIED.);
#791=B_SPLINE_CURVE_WITH_KNOTS('',3,(#4288,#4289,#4290,#4291,#4292),
 .UNSPECIFIED.,.F.,.F.,(4,1,4),(-0.288682140165076,-0.160304208813227,0.),
 .UNSPECIFIED.);
#792=B_SPLINE_CURVE_WITH_KNOTS('',3,(#4294,#4295,#4296,#4297,#4298),
 .UNSPECIFIED.,.F.,.F.,(4,1,4),(-0.423798123082955,-0.180044075966027,0.),
 .UNSPECIFIED.);
#793=B_SPLINE_CURVE_WITH_KNOTS('',3,(#4300,#4301,#4302,#4303,#4304),
 .UNSPECIFIED.,.F.,.F.,(4,1,4),(-0.256817413042886,-0.131669479465675,0.),
 .UNSPECIFIED.);
#794=B_SPLINE_CURVE_WITH_KNOTS('',3,(#4306,#4307,#4308,#4309,#4310),
 .UNSPECIFIED.,.F.,.F.,(4,1,4),(-0.194113485332963,-0.0926771787059894,
0.),.UNSPECIFIED.);
#795=B_SPLINE_CURVE_WITH_KNOTS('',3,(#4312,#4313,#4314,#4315,#4316),
 .UNSPECIFIED.,.F.,.F.,(4,1,4),(-0.201062870438113,-0.105922809435188,0.),
 .UNSPECIFIED.);
#796=B_SPLINE_CURVE_WITH_KNOTS('',3,(#4318,#4319,#4320,#4321,#4322),
 .UNSPECIFIED.,.F.,.F.,(4,1,4),(-0.287268098546996,-0.159277782296877,0.),
 .UNSPECIFIED.);
#797=B_SPLINE_CURVE_WITH_KNOTS('',3,(#4324,#4325,#4326,#4327,#4328),
 .UNSPECIFIED.,.F.,.F.,(4,1,4),(-0.237851588163006,-0.104291649604622,0.),
 .UNSPECIFIED.);
#798=B_SPLINE_CURVE_WITH_KNOTS('',3,(#4330,#4331,#4332,#4333,#4334),
 .UNSPECIFIED.,.F.,.F.,(4,1,4),(-0.161664261142133,-0.0763515214853463,
0.),.UNSPECIFIED.);
#799=B_SPLINE_CURVE_WITH_KNOTS('',3,(#4336,#4337,#4338,#4339,#4340),
 .UNSPECIFIED.,.F.,.F.,(4,1,4),(-0.138205594222864,-0.0680953743457991,
0.),.UNSPECIFIED.);
#800=B_SPLINE_CURVE_WITH_KNOTS('',3,(#4342,#4343,#4344,#4345,#4346),
 .UNSPECIFIED.,.F.,.F.,(4,1,4),(-0.145986462658523,-0.0759786940900337,
0.),.UNSPECIFIED.);
#801=B_SPLINE_CURVE_WITH_KNOTS('',3,(#4348,#4349,#4350,#4351,#4352),
 .UNSPECIFIED.,.F.,.F.,(4,1,4),(-0.19332298306644,-0.092405057542564,0.),
 .UNSPECIFIED.);
#802=B_SPLINE_CURVE_WITH_KNOTS('',3,(#4353,#4354,#4355,#4356,#4357),
 .UNSPECIFIED.,.F.,.F.,(4,1,4),(-0.200960184355821,-0.105954916716038,0.),
 .UNSPECIFIED.);
#803=B_SPLINE_CURVE_WITH_KNOTS('',3,(#4363,#4364,#4365,#4366,#4367,#4368,
#4369),.UNSPECIFIED.,.F.,.F.,(4,3,4),(0.,0.0968977390239489,0.173575114681423),
 .UNSPECIFIED.);
#804=B_SPLINE_CURVE_WITH_KNOTS('',3,(#4371,#4372,#4373,#4374,#4375,#4376,
#4377),.UNSPECIFIED.,.F.,.F.,(4,3,4),(0.,0.0696506798378069,0.141747925786097),
 .UNSPECIFIED.);
#805=B_SPLINE_CURVE_WITH_KNOTS('',3,(#4379,#4380,#4381,#4382,#4383,#4384,
#4385),.UNSPECIFIED.,.F.,.F.,(4,3,4),(0.,0.0833897282459776,0.16570267906119),
 .UNSPECIFIED.);
#806=B_SPLINE_CURVE_WITH_KNOTS('',3,(#4387,#4388,#4389,#4390,#4391,#4392,
#4393),.UNSPECIFIED.,.F.,.F.,(4,3,4),(0.,0.0847442022540809,0.171726977700254),
 .UNSPECIFIED.);
#807=B_SPLINE_CURVE_WITH_KNOTS('',3,(#4395,#4396,#4397,#4398,#4399,#4400,
#4401),.UNSPECIFIED.,.F.,.F.,(4,3,4),(0.,0.0804894548768836,0.157339490289325),
 .UNSPECIFIED.);
#808=B_SPLINE_CURVE_WITH_KNOTS('',3,(#4403,#4404,#4405,#4406,#4407,#4408,
#4409),.UNSPECIFIED.,.F.,.F.,(4,3,4),(0.,0.0802759943981669,0.164725619453403),
 .UNSPECIFIED.);
#809=B_SPLINE_CURVE_WITH_KNOTS('',3,(#4411,#4412,#4413,#4414,#4415,#4416,
#4417),.UNSPECIFIED.,.F.,.F.,(4,3,4),(0.,0.0438360666791261,0.0982572411074818),
 .UNSPECIFIED.);
#810=B_SPLINE_CURVE_WITH_KNOTS('',3,(#4421,#4422,#4423,#4424,#4425,#4426,
#4427),.UNSPECIFIED.,.F.,.F.,(4,3,4),(0.,0.0112713204447835,0.0200843157860198),
 .UNSPECIFIED.);
#811=B_SPLINE_CURVE_WITH_KNOTS('',3,(#4429,#4430,#4431,#4432,#4433,#4434,
#4435),.UNSPECIFIED.,.F.,.F.,(4,3,4),(0.,0.0762561010535479,0.150669839403104),
 .UNSPECIFIED.);
#812=B_SPLINE_CURVE_WITH_KNOTS('',3,(#4437,#4438,#4439,#4440,#4441,#4442,
#4443),.UNSPECIFIED.,.F.,.F.,(4,3,4),(0.,0.0777358936992955,0.16176146671165),
 .UNSPECIFIED.);
#813=B_SPLINE_CURVE_WITH_KNOTS('',3,(#4445,#4446,#4447,#4448,#4449,#4450,
#4451),.UNSPECIFIED.,.F.,.F.,(4,3,4),(0.,0.0644875288295729,0.126871932442689),
 .UNSPECIFIED.);
#814=B_SPLINE_CURVE_WITH_KNOTS('',3,(#4453,#4454,#4455,#4456,#4457,#4458,
#4459),.UNSPECIFIED.,.F.,.F.,(4,3,4),(0.,0.0671577500365987,0.139255636053846),
 .UNSPECIFIED.);
#815=B_SPLINE_CURVE_WITH_KNOTS('',3,(#4461,#4462,#4463,#4464,#4465,#4466,
#4467),.UNSPECIFIED.,.F.,.F.,(4,3,4),(0.,0.0682521039440665,0.133261979537234),
 .UNSPECIFIED.);
#816=B_SPLINE_CURVE_WITH_KNOTS('',3,(#4469,#4470,#4471,#4472,#4473,#4474,
#4475),.UNSPECIFIED.,.F.,.F.,(4,3,4),(0.,0.0770860799384928,0.169062225592515),
 .UNSPECIFIED.);
#817=B_SPLINE_CURVE_WITH_KNOTS('',3,(#4479,#4480,#4481,#4482,#4483,#4484,
#4485),.UNSPECIFIED.,.F.,.F.,(4,3,4),(0.,0.118161746082646,0.225249403381683),
 .UNSPECIFIED.);
#818=B_SPLINE_CURVE_WITH_KNOTS('',3,(#4487,#4488,#4489,#4490,#4491,#4492,
#4493),.UNSPECIFIED.,.F.,.F.,(4,3,4),(0.,0.110915109686238,0.229685879454404),
 .UNSPECIFIED.);
#819=B_SPLINE_CURVE_WITH_KNOTS('',3,(#4495,#4496,#4497,#4498,#4499,#4500,
#4501),.UNSPECIFIED.,.F.,.F.,(4,3,4),(0.,0.0798329528354583,0.15733641000789),
 .UNSPECIFIED.);
#820=B_SPLINE_CURVE_WITH_KNOTS('',3,(#4503,#4504,#4505,#4506,#4507,#4508,
#4509),.UNSPECIFIED.,.F.,.F.,(4,3,4),(0.,0.0746032487377053,0.145815245655983),
 .UNSPECIFIED.);
#821=B_SPLINE_CURVE_WITH_KNOTS('',3,(#4511,#4512,#4513,#4514,#4515,#4516,
#4517),.UNSPECIFIED.,.F.,.F.,(4,3,4),(0.,0.0691256040974902,0.136887978201269),
 .UNSPECIFIED.);
#822=B_SPLINE_CURVE_WITH_KNOTS('',3,(#4519,#4520,#4521,#4522,#4523,#4524,
#4525),.UNSPECIFIED.,.F.,.F.,(4,3,4),(0.,0.0633601339752656,0.126075684739016),
 .UNSPECIFIED.);
#823=B_SPLINE_CURVE_WITH_KNOTS('',3,(#4527,#4528,#4529,#4530,#4531,#4532,
#4533),.UNSPECIFIED.,.F.,.F.,(4,3,4),(0.,0.0696018021303532,0.145615837950344),
 .UNSPECIFIED.);
#824=B_SPLINE_CURVE_WITH_KNOTS('',3,(#4535,#4536,#4537,#4538,#4539,#4540,
#4541),.UNSPECIFIED.,.F.,.F.,(4,3,4),(0.,0.0866283982024998,0.167932585936987),
 .UNSPECIFIED.);
#825=B_SPLINE_CURVE_WITH_KNOTS('',3,(#4543,#4544,#4545,#4546,#4547,#4548,
#4549),.UNSPECIFIED.,.F.,.F.,(4,3,4),(0.,0.088761816835342,0.18650248756751),
 .UNSPECIFIED.);
#826=B_SPLINE_CURVE_WITH_KNOTS('',3,(#4551,#4552,#4553,#4554,#4555,#4556,
#4557),.UNSPECIFIED.,.F.,.F.,(4,3,4),(0.,0.127182522671291,0.254906865786948),
 .UNSPECIFIED.);
#827=B_SPLINE_CURVE_WITH_KNOTS('',3,(#4559,#4560,#4561,#4562,#4563,#4564,
#4565),.UNSPECIFIED.,.F.,.F.,(4,3,4),(0.,0.137110294568519,0.282157399223604),
 .UNSPECIFIED.);
#828=B_SPLINE_CURVE_WITH_KNOTS('',3,(#4567,#4568,#4569,#4570,#4571,#4572,
#4573),.UNSPECIFIED.,.F.,.F.,(4,3,4),(0.,0.124965244574835,0.242107489476758),
 .UNSPECIFIED.);
#829=B_SPLINE_CURVE_WITH_KNOTS('',3,(#4574,#4575,#4576,#4577,#4578,#4579,
#4580),.UNSPECIFIED.,.F.,.F.,(4,3,4),(0.,0.119423523734656,0.243469225237994),
 .UNSPECIFIED.);
#830=B_SPLINE_CURVE_WITH_KNOTS('',3,(#4591,#4592,#4593,#4594,#4595,#4596,
#4597),.UNSPECIFIED.,.F.,.F.,(4,3,4),(0.,0.162622745781978,0.292857452960328),
 .UNSPECIFIED.);
#831=B_SPLINE_CURVE_WITH_KNOTS('',3,(#4599,#4600,#4601,#4602,#4603,#4604,
#4605),.UNSPECIFIED.,.F.,.F.,(4,3,4),(0.,0.10764621558459,0.20416799899019),
 .UNSPECIFIED.);
#832=B_SPLINE_CURVE_WITH_KNOTS('',3,(#4607,#4608,#4609,#4610,#4611,#4612,
#4613),.UNSPECIFIED.,.F.,.F.,(4,3,4),(0.,0.10053449188966,0.210330780479472),
 .UNSPECIFIED.);
#833=B_SPLINE_CURVE_WITH_KNOTS('',3,(#4615,#4616,#4617,#4618,#4619,#4620,
#4621),.UNSPECIFIED.,.F.,.F.,(4,3,4),(0.,0.0768539345301822,0.147668161157862),
 .UNSPECIFIED.);
#834=B_SPLINE_CURVE_WITH_KNOTS('',3,(#4623,#4624,#4625,#4626,#4627,#4628,
#4629),.UNSPECIFIED.,.F.,.F.,(4,3,4),(0.,0.070627524194049,0.143344816641432),
 .UNSPECIFIED.);
#835=B_SPLINE_CURVE_WITH_KNOTS('',3,(#4631,#4632,#4633,#4634,#4635,#4636,
#4637),.UNSPECIFIED.,.F.,.F.,(4,3,4),(0.,0.0828712788056498,0.175468986044899),
 .UNSPECIFIED.);
#836=B_SPLINE_CURVE_WITH_KNOTS('',3,(#4639,#4640,#4641,#4642,#4643,#4644,
#4645),.UNSPECIFIED.,.F.,.F.,(4,3,4),(0.,0.117060563127243,0.266972868457119),
 .UNSPECIFIED.);
#837=B_SPLINE_CURVE_WITH_KNOTS('',3,(#4647,#4648,#4649,#4650,#4651,#4652,
#4653),.UNSPECIFIED.,.F.,.F.,(4,3,4),(0.,0.161525356379294,0.291321748238049),
 .UNSPECIFIED.);
#838=B_SPLINE_CURVE_WITH_KNOTS('',3,(#4655,#4656,#4657,#4658,#4659,#4660,
#4661),.UNSPECIFIED.,.F.,.F.,(4,3,4),(0.,0.107604347570851,0.204254769200148),
 .UNSPECIFIED.);
#839=B_SPLINE_CURVE_WITH_KNOTS('',3,(#4663,#4664,#4665,#4666,#4667,#4668,
#4669),.UNSPECIFIED.,.F.,.F.,(4,3,4),(0.,0.100962375093197,0.211466930591487),
 .UNSPECIFIED.);
#840=B_SPLINE_CURVE_WITH_KNOTS('',3,(#4671,#4672,#4673,#4674,#4675,#4676,
#4677),.UNSPECIFIED.,.F.,.F.,(4,3,4),(0.,0.136316899491176,0.265882067912916),
 .UNSPECIFIED.);
#841=B_SPLINE_CURVE_WITH_KNOTS('',3,(#4678,#4679,#4680,#4681,#4682,#4683,
#4684),.UNSPECIFIED.,.F.,.F.,(4,3,4),(0.,0.204841544390975,0.482167833495891),
 .UNSPECIFIED.);
#842=VERTEX_POINT('',#2647);
#843=VERTEX_POINT('',#2648);
#844=VERTEX_POINT('',#2656);
#845=VERTEX_POINT('',#2658);
#846=VERTEX_POINT('',#2675);
#847=VERTEX_POINT('',#2683);
#848=VERTEX_POINT('',#2700);
#849=VERTEX_POINT('',#2708);
#850=VERTEX_POINT('',#2725);
#851=VERTEX_POINT('',#2733);
#852=VERTEX_POINT('',#2750);
#853=VERTEX_POINT('',#2758);
#854=VERTEX_POINT('',#2775);
#855=VERTEX_POINT('',#2783);
#856=VERTEX_POINT('',#2800);
#857=VERTEX_POINT('',#2808);
#858=VERTEX_POINT('',#2849);
#859=VERTEX_POINT('',#2850);
#860=VERTEX_POINT('',#2858);
#861=VERTEX_POINT('',#2860);
#862=VERTEX_POINT('',#2877);
#863=VERTEX_POINT('',#2885);
#864=VERTEX_POINT('',#2902);
#865=VERTEX_POINT('',#2910);
#866=VERTEX_POINT('',#2927);
#867=VERTEX_POINT('',#2935);
#868=VERTEX_POINT('',#2952);
#869=VERTEX_POINT('',#2953);
#870=VERTEX_POINT('',#2961);
#871=VERTEX_POINT('',#2963);
#872=VERTEX_POINT('',#2980);
#873=VERTEX_POINT('',#2988);
#874=VERTEX_POINT('',#3005);
#875=VERTEX_POINT('',#3013);
#876=VERTEX_POINT('',#3030);
#877=VERTEX_POINT('',#3038);
#878=VERTEX_POINT('',#3055);
#879=VERTEX_POINT('',#3063);
#880=VERTEX_POINT('',#3080);
#881=VERTEX_POINT('',#3088);
#882=VERTEX_POINT('',#3105);
#883=VERTEX_POINT('',#3113);
#884=VERTEX_POINT('',#3130);
#885=VERTEX_POINT('',#3138);
#886=VERTEX_POINT('',#3155);
#887=VERTEX_POINT('',#3162);
#888=VERTEX_POINT('',#3201);
#889=VERTEX_POINT('',#3208);
#890=VERTEX_POINT('',#3225);
#891=VERTEX_POINT('',#3233);
#892=VERTEX_POINT('',#3250);
#893=VERTEX_POINT('',#3257);
#894=VERTEX_POINT('',#3274);
#895=VERTEX_POINT('',#3282);
#896=VERTEX_POINT('',#3299);
#897=VERTEX_POINT('',#3307);
#898=VERTEX_POINT('',#3339);
#899=VERTEX_POINT('',#3340);
#900=VERTEX_POINT('',#3342);
#901=VERTEX_POINT('',#3344);
#902=VERTEX_POINT('',#3348);
#903=VERTEX_POINT('',#3350);
#904=VERTEX_POINT('',#3354);
#905=VERTEX_POINT('',#3356);
#906=VERTEX_POINT('',#3374);
#907=VERTEX_POINT('',#3375);
#908=VERTEX_POINT('',#3383);
#909=VERTEX_POINT('',#3385);
#910=VERTEX_POINT('',#3393);
#911=VERTEX_POINT('',#3395);
#912=VERTEX_POINT('',#3408);
#913=VERTEX_POINT('',#3416);
#914=VERTEX_POINT('',#3433);
#915=VERTEX_POINT('',#3441);
#916=VERTEX_POINT('',#3458);
#917=VERTEX_POINT('',#3466);
#918=VERTEX_POINT('',#3483);
#919=VERTEX_POINT('',#3491);
#920=VERTEX_POINT('',#3508);
#921=VERTEX_POINT('',#3515);
#922=VERTEX_POINT('',#3532);
#923=VERTEX_POINT('',#3539);
#924=VERTEX_POINT('',#3556);
#925=VERTEX_POINT('',#3563);
#926=VERTEX_POINT('',#3580);
#927=VERTEX_POINT('',#3588);
#928=VERTEX_POINT('',#3605);
#929=VERTEX_POINT('',#3613);
#930=VERTEX_POINT('',#3630);
#931=VERTEX_POINT('',#3638);
#932=VERTEX_POINT('',#3655);
#933=VERTEX_POINT('',#3663);
#934=VERTEX_POINT('',#3680);
#935=VERTEX_POINT('',#3688);
#936=VERTEX_POINT('',#3705);
#937=VERTEX_POINT('',#3713);
#938=VERTEX_POINT('',#3721);
#939=VERTEX_POINT('',#3723);
#940=VERTEX_POINT('',#3736);
#941=VERTEX_POINT('',#3744);
#942=VERTEX_POINT('',#3761);
#943=VERTEX_POINT('',#3769);
#944=VERTEX_POINT('',#3786);
#945=VERTEX_POINT('',#3794);
#946=VERTEX_POINT('',#3811);
#947=VERTEX_POINT('',#3819);
#948=VERTEX_POINT('',#3836);
#949=VERTEX_POINT('',#3844);
#950=VERTEX_POINT('',#3861);
#951=VERTEX_POINT('',#3869);
#952=VERTEX_POINT('',#3886);
#953=VERTEX_POINT('',#3893);
#954=VERTEX_POINT('',#3901);
#955=VERTEX_POINT('',#3903);
#956=VERTEX_POINT('',#3916);
#957=VERTEX_POINT('',#3924);
#958=VERTEX_POINT('',#3941);
#959=VERTEX_POINT('',#3949);
#960=VERTEX_POINT('',#3966);
#961=VERTEX_POINT('',#3974);
#962=VERTEX_POINT('',#3991);
#963=VERTEX_POINT('',#3999);
#964=VERTEX_POINT('',#4016);
#965=VERTEX_POINT('',#4024);
#966=VERTEX_POINT('',#4056);
#967=VERTEX_POINT('',#4057);
#968=VERTEX_POINT('',#4059);
#969=VERTEX_POINT('',#4061);
#970=VERTEX_POINT('',#4065);
#971=VERTEX_POINT('',#4066);
#972=VERTEX_POINT('',#4068);
#973=VERTEX_POINT('',#4070);
#974=VERTEX_POINT('',#4072);
#975=VERTEX_POINT('',#4074);
#976=VERTEX_POINT('',#4079);
#977=VERTEX_POINT('',#4083);
#978=VERTEX_POINT('',#4084);
#979=VERTEX_POINT('',#4087);
#980=VERTEX_POINT('',#4089);
#981=VERTEX_POINT('',#4091);
#982=VERTEX_POINT('',#4099);
#983=VERTEX_POINT('',#4104);
#984=VERTEX_POINT('',#4110);
#985=VERTEX_POINT('',#4111);
#986=VERTEX_POINT('',#4113);
#987=VERTEX_POINT('',#4119);
#988=VERTEX_POINT('',#4125);
#989=VERTEX_POINT('',#4131);
#990=VERTEX_POINT('',#4137);
#991=VERTEX_POINT('',#4143);
#992=VERTEX_POINT('',#4149);
#993=VERTEX_POINT('',#4155);
#994=VERTEX_POINT('',#4161);
#995=VERTEX_POINT('',#4167);
#996=VERTEX_POINT('',#4173);
#997=VERTEX_POINT('',#4179);
#998=VERTEX_POINT('',#4185);
#999=VERTEX_POINT('',#4191);
#1000=VERTEX_POINT('',#4193);
#1001=VERTEX_POINT('',#4199);
#1002=VERTEX_POINT('',#4205);
#1003=VERTEX_POINT('',#4211);
#1004=VERTEX_POINT('',#4217);
#1005=VERTEX_POINT('',#4223);
#1006=VERTEX_POINT('',#4229);
#1007=VERTEX_POINT('',#4235);
#1008=VERTEX_POINT('',#4237);
#1009=VERTEX_POINT('',#4243);
#1010=VERTEX_POINT('',#4249);
#1011=VERTEX_POINT('',#4255);
#1012=VERTEX_POINT('',#4261);
#1013=VERTEX_POINT('',#4267);
#1014=VERTEX_POINT('',#4278);
#1015=VERTEX_POINT('',#4279);
#1016=VERTEX_POINT('',#4281);
#1017=VERTEX_POINT('',#4283);
#1018=VERTEX_POINT('',#4286);
#1019=VERTEX_POINT('',#4287);
#1020=VERTEX_POINT('',#4293);
#1021=VERTEX_POINT('',#4299);
#1022=VERTEX_POINT('',#4305);
#1023=VERTEX_POINT('',#4311);
#1024=VERTEX_POINT('',#4317);
#1025=VERTEX_POINT('',#4323);
#1026=VERTEX_POINT('',#4329);
#1027=VERTEX_POINT('',#4335);
#1028=VERTEX_POINT('',#4341);
#1029=VERTEX_POINT('',#4347);
#1030=VERTEX_POINT('',#4359);
#1031=VERTEX_POINT('',#4360);
#1032=VERTEX_POINT('',#4362);
#1033=VERTEX_POINT('',#4370);
#1034=VERTEX_POINT('',#4378);
#1035=VERTEX_POINT('',#4386);
#1036=VERTEX_POINT('',#4394);
#1037=VERTEX_POINT('',#4402);
#1038=VERTEX_POINT('',#4410);
#1039=VERTEX_POINT('',#4418);
#1040=VERTEX_POINT('',#4420);
#1041=VERTEX_POINT('',#4428);
#1042=VERTEX_POINT('',#4436);
#1043=VERTEX_POINT('',#4444);
#1044=VERTEX_POINT('',#4452);
#1045=VERTEX_POINT('',#4460);
#1046=VERTEX_POINT('',#4468);
#1047=VERTEX_POINT('',#4476);
#1048=VERTEX_POINT('',#4478);
#1049=VERTEX_POINT('',#4486);
#1050=VERTEX_POINT('',#4494);
#1051=VERTEX_POINT('',#4502);
#1052=VERTEX_POINT('',#4510);
#1053=VERTEX_POINT('',#4518);
#1054=VERTEX_POINT('',#4526);
#1055=VERTEX_POINT('',#4534);
#1056=VERTEX_POINT('',#4542);
#1057=VERTEX_POINT('',#4550);
#1058=VERTEX_POINT('',#4558);
#1059=VERTEX_POINT('',#4566);
#1060=VERTEX_POINT('',#4581);
#1061=VERTEX_POINT('',#4582);
#1062=VERTEX_POINT('',#4584);
#1063=VERTEX_POINT('',#4586);
#1064=VERTEX_POINT('',#4589);
#1065=VERTEX_POINT('',#4590);
#1066=VERTEX_POINT('',#4598);
#1067=VERTEX_POINT('',#4606);
#1068=VERTEX_POINT('',#4614);
#1069=VERTEX_POINT('',#4622);
#1070=VERTEX_POINT('',#4630);
#1071=VERTEX_POINT('',#4638);
#1072=VERTEX_POINT('',#4646);
#1073=VERTEX_POINT('',#4654);
#1074=VERTEX_POINT('',#4662);
#1075=VERTEX_POINT('',#4670);
#1076=EDGE_CURVE('',#842,#843,#654,.T.);
#1077=EDGE_CURVE('',#844,#842,#332,.T.);
#1078=EDGE_CURVE('',#845,#844,#655,.T.);
#1079=EDGE_CURVE('',#845,#843,#333,.T.);
#1080=EDGE_CURVE('',#843,#846,#656,.T.);
#1081=EDGE_CURVE('',#847,#845,#657,.T.);
#1082=EDGE_CURVE('',#847,#846,#334,.T.);
#1083=EDGE_CURVE('',#846,#848,#658,.T.);
#1084=EDGE_CURVE('',#849,#847,#659,.T.);
#1085=EDGE_CURVE('',#849,#848,#335,.T.);
#1086=EDGE_CURVE('',#848,#850,#660,.T.);
#1087=EDGE_CURVE('',#851,#849,#661,.T.);
#1088=EDGE_CURVE('',#851,#850,#336,.T.);
#1089=EDGE_CURVE('',#850,#852,#662,.T.);
#1090=EDGE_CURVE('',#853,#851,#663,.T.);
#1091=EDGE_CURVE('',#853,#852,#337,.T.);
#1092=EDGE_CURVE('',#852,#854,#664,.T.);
#1093=EDGE_CURVE('',#855,#853,#665,.T.);
#1094=EDGE_CURVE('',#855,#854,#338,.T.);
#1095=EDGE_CURVE('',#854,#856,#666,.T.);
#1096=EDGE_CURVE('',#857,#855,#667,.T.);
#1097=EDGE_CURVE('',#857,#856,#339,.T.);
#1098=EDGE_CURVE('',#856,#842,#668,.T.);
#1099=EDGE_CURVE('',#844,#857,#669,.T.);
#1100=EDGE_CURVE('',#858,#859,#670,.T.);
#1101=EDGE_CURVE('',#860,#859,#340,.T.);
#1102=EDGE_CURVE('',#861,#860,#671,.T.);
#1103=EDGE_CURVE('',#861,#858,#341,.T.);
#1104=EDGE_CURVE('',#859,#862,#672,.T.);
#1105=EDGE_CURVE('',#863,#862,#342,.T.);
#1106=EDGE_CURVE('',#860,#863,#673,.T.);
#1107=EDGE_CURVE('',#862,#864,#674,.T.);
#1108=EDGE_CURVE('',#865,#864,#343,.T.);
#1109=EDGE_CURVE('',#863,#865,#675,.T.);
#1110=EDGE_CURVE('',#864,#866,#676,.T.);
#1111=EDGE_CURVE('',#867,#866,#344,.T.);
#1112=EDGE_CURVE('',#865,#867,#677,.T.);
#1113=EDGE_CURVE('',#868,#869,#678,.T.);
#1114=EDGE_CURVE('',#870,#869,#345,.T.);
#1115=EDGE_CURVE('',#871,#870,#679,.T.);
#1116=EDGE_CURVE('',#871,#868,#346,.T.);
#1117=EDGE_CURVE('',#869,#872,#680,.T.);
#1118=EDGE_CURVE('',#873,#872,#347,.T.);
#1119=EDGE_CURVE('',#870,#873,#681,.T.);
#1120=EDGE_CURVE('',#872,#874,#682,.T.);
#1121=EDGE_CURVE('',#875,#874,#348,.T.);
#1122=EDGE_CURVE('',#873,#875,#683,.T.);
#1123=EDGE_CURVE('',#874,#876,#684,.T.);
#1124=EDGE_CURVE('',#877,#876,#349,.T.);
#1125=EDGE_CURVE('',#875,#877,#685,.T.);
#1126=EDGE_CURVE('',#876,#878,#686,.T.);
#1127=EDGE_CURVE('',#879,#878,#350,.T.);
#1128=EDGE_CURVE('',#877,#879,#687,.T.);
#1129=EDGE_CURVE('',#878,#880,#688,.T.);
#1130=EDGE_CURVE('',#881,#880,#351,.T.);
#1131=EDGE_CURVE('',#879,#881,#689,.T.);
#1132=EDGE_CURVE('',#866,#882,#690,.T.);
#1133=EDGE_CURVE('',#883,#882,#352,.T.);
#1134=EDGE_CURVE('',#867,#883,#691,.T.);
#1135=EDGE_CURVE('',#882,#884,#692,.T.);
#1136=EDGE_CURVE('',#885,#884,#353,.T.);
#1137=EDGE_CURVE('',#883,#885,#693,.T.);
#1138=EDGE_CURVE('',#884,#886,#694,.T.);
#1139=EDGE_CURVE('',#887,#886,#354,.T.);
#1140=EDGE_CURVE('',#885,#887,#695,.T.);
#1141=EDGE_CURVE('',#886,#858,#696,.T.);
#1142=EDGE_CURVE('',#887,#861,#697,.T.);
#1143=EDGE_CURVE('',#880,#888,#698,.T.);
#1144=EDGE_CURVE('',#889,#888,#355,.T.);
#1145=EDGE_CURVE('',#881,#889,#699,.T.);
#1146=EDGE_CURVE('',#888,#890,#700,.T.);
#1147=EDGE_CURVE('',#891,#890,#356,.T.);
#1148=EDGE_CURVE('',#889,#891,#701,.T.);
#1149=EDGE_CURVE('',#890,#892,#702,.T.);
#1150=EDGE_CURVE('',#893,#892,#357,.T.);
#1151=EDGE_CURVE('',#891,#893,#703,.T.);
#1152=EDGE_CURVE('',#892,#894,#704,.T.);
#1153=EDGE_CURVE('',#895,#894,#358,.T.);
#1154=EDGE_CURVE('',#893,#895,#705,.T.);
#1155=EDGE_CURVE('',#894,#896,#706,.T.);
#1156=EDGE_CURVE('',#897,#896,#359,.T.);
#1157=EDGE_CURVE('',#895,#897,#707,.T.);
#1158=EDGE_CURVE('',#896,#868,#708,.T.);
#1159=EDGE_CURVE('',#897,#871,#709,.T.);
#1160=EDGE_CURVE('',#898,#899,#360,.T.);
#1161=EDGE_CURVE('',#900,#899,#361,.T.);
#1162=EDGE_CURVE('',#901,#900,#362,.T.);
#1163=EDGE_CURVE('',#901,#898,#363,.T.);
#1164=EDGE_CURVE('',#899,#902,#364,.T.);
#1165=EDGE_CURVE('',#903,#902,#365,.T.);
#1166=EDGE_CURVE('',#900,#903,#366,.T.);
#1167=EDGE_CURVE('',#902,#904,#367,.T.);
#1168=EDGE_CURVE('',#905,#904,#368,.T.);
#1169=EDGE_CURVE('',#903,#905,#369,.T.);
#1170=EDGE_CURVE('',#904,#898,#370,.T.);
#1171=EDGE_CURVE('',#905,#901,#371,.T.);
#1172=EDGE_CURVE('',#906,#907,#710,.T.);
#1173=EDGE_CURVE('',#908,#907,#372,.T.);
#1174=EDGE_CURVE('',#909,#908,#711,.T.);
#1175=EDGE_CURVE('',#909,#906,#373,.T.);
#1176=EDGE_CURVE('',#907,#910,#374,.T.);
#1177=EDGE_CURVE('',#911,#910,#375,.T.);
#1178=EDGE_CURVE('',#908,#911,#376,.T.);
#1179=EDGE_CURVE('',#910,#912,#712,.T.);
#1180=EDGE_CURVE('',#913,#912,#377,.T.);
#1181=EDGE_CURVE('',#911,#913,#713,.T.);
#1182=EDGE_CURVE('',#912,#914,#714,.T.);
#1183=EDGE_CURVE('',#915,#914,#378,.T.);
#1184=EDGE_CURVE('',#913,#915,#715,.T.);
#1185=EDGE_CURVE('',#914,#916,#716,.T.);
#1186=EDGE_CURVE('',#917,#916,#379,.T.);
#1187=EDGE_CURVE('',#915,#917,#717,.T.);
#1188=EDGE_CURVE('',#916,#918,#718,.T.);
#1189=EDGE_CURVE('',#919,#918,#380,.T.);
#1190=EDGE_CURVE('',#917,#919,#719,.T.);
#1191=EDGE_CURVE('',#918,#920,#720,.T.);
#1192=EDGE_CURVE('',#921,#920,#381,.T.);
#1193=EDGE_CURVE('',#919,#921,#721,.T.);
#1194=EDGE_CURVE('',#920,#922,#722,.T.);
#1195=EDGE_CURVE('',#923,#922,#382,.T.);
#1196=EDGE_CURVE('',#921,#923,#723,.T.);
#1197=EDGE_CURVE('',#922,#924,#724,.T.);
#1198=EDGE_CURVE('',#925,#924,#383,.T.);
#1199=EDGE_CURVE('',#923,#925,#725,.T.);
#1200=EDGE_CURVE('',#924,#926,#726,.T.);
#1201=EDGE_CURVE('',#927,#926,#384,.T.);
#1202=EDGE_CURVE('',#925,#927,#727,.T.);
#1203=EDGE_CURVE('',#926,#928,#728,.T.);
#1204=EDGE_CURVE('',#929,#928,#385,.T.);
#1205=EDGE_CURVE('',#927,#929,#729,.T.);
#1206=EDGE_CURVE('',#928,#930,#730,.T.);
#1207=EDGE_CURVE('',#931,#930,#386,.T.);
#1208=EDGE_CURVE('',#929,#931,#731,.T.);
#1209=EDGE_CURVE('',#930,#932,#732,.T.);
#1210=EDGE_CURVE('',#933,#932,#387,.T.);
#1211=EDGE_CURVE('',#931,#933,#733,.T.);
#1212=EDGE_CURVE('',#932,#934,#734,.T.);
#1213=EDGE_CURVE('',#935,#934,#388,.T.);
#1214=EDGE_CURVE('',#933,#935,#735,.T.);
#1215=EDGE_CURVE('',#934,#936,#736,.T.);
#1216=EDGE_CURVE('',#937,#936,#389,.T.);
#1217=EDGE_CURVE('',#935,#937,#737,.T.);
#1218=EDGE_CURVE('',#936,#938,#390,.T.);
#1219=EDGE_CURVE('',#939,#938,#391,.T.);
#1220=EDGE_CURVE('',#937,#939,#392,.T.);
#1221=EDGE_CURVE('',#938,#940,#738,.T.);
#1222=EDGE_CURVE('',#941,#940,#393,.T.);
#1223=EDGE_CURVE('',#939,#941,#739,.T.);
#1224=EDGE_CURVE('',#940,#942,#740,.T.);
#1225=EDGE_CURVE('',#943,#942,#394,.T.);
#1226=EDGE_CURVE('',#941,#943,#741,.T.);
#1227=EDGE_CURVE('',#942,#944,#742,.T.);
#1228=EDGE_CURVE('',#945,#944,#395,.T.);
#1229=EDGE_CURVE('',#943,#945,#743,.T.);
#1230=EDGE_CURVE('',#944,#946,#744,.T.);
#1231=EDGE_CURVE('',#947,#946,#396,.T.);
#1232=EDGE_CURVE('',#945,#947,#745,.T.);
#1233=EDGE_CURVE('',#946,#948,#746,.T.);
#1234=EDGE_CURVE('',#949,#948,#397,.T.);
#1235=EDGE_CURVE('',#947,#949,#747,.T.);
#1236=EDGE_CURVE('',#948,#950,#748,.T.);
#1237=EDGE_CURVE('',#951,#950,#398,.T.);
#1238=EDGE_CURVE('',#949,#951,#749,.T.);
#1239=EDGE_CURVE('',#950,#952,#750,.T.);
#1240=EDGE_CURVE('',#953,#952,#399,.T.);
#1241=EDGE_CURVE('',#951,#953,#751,.T.);
#1242=EDGE_CURVE('',#952,#954,#400,.T.);
#1243=EDGE_CURVE('',#955,#954,#401,.T.);
#1244=EDGE_CURVE('',#953,#955,#402,.T.);
#1245=EDGE_CURVE('',#954,#956,#752,.T.);
#1246=EDGE_CURVE('',#957,#956,#403,.T.);
#1247=EDGE_CURVE('',#955,#957,#753,.T.);
#1248=EDGE_CURVE('',#956,#958,#754,.T.);
#1249=EDGE_CURVE('',#959,#958,#404,.T.);
#1250=EDGE_CURVE('',#957,#959,#755,.T.);
#1251=EDGE_CURVE('',#958,#960,#756,.T.);
#1252=EDGE_CURVE('',#961,#960,#405,.T.);
#1253=EDGE_CURVE('',#959,#961,#757,.T.);
#1254=EDGE_CURVE('',#960,#962,#758,.T.);
#1255=EDGE_CURVE('',#963,#962,#406,.T.);
#1256=EDGE_CURVE('',#961,#963,#759,.T.);
#1257=EDGE_CURVE('',#962,#964,#760,.T.);
#1258=EDGE_CURVE('',#965,#964,#407,.T.);
#1259=EDGE_CURVE('',#963,#965,#761,.T.);
#1260=EDGE_CURVE('',#964,#906,#762,.T.);
#1261=EDGE_CURVE('',#965,#909,#763,.T.);
#1262=EDGE_CURVE('',#966,#967,#408,.T.);
#1263=EDGE_CURVE('',#967,#968,#409,.T.);
#1264=EDGE_CURVE('',#968,#969,#410,.T.);
#1265=EDGE_CURVE('',#969,#966,#411,.T.);
#1266=EDGE_CURVE('',#970,#971,#412,.T.);
#1267=EDGE_CURVE('',#970,#972,#413,.T.);
#1268=EDGE_CURVE('',#972,#973,#414,.T.);
#1269=EDGE_CURVE('',#974,#973,#415,.T.);
#1270=EDGE_CURVE('',#975,#974,#416,.T.);
#1271=EDGE_CURVE('',#975,#967,#417,.T.);
#1272=EDGE_CURVE('',#971,#966,#418,.T.);
#1273=EDGE_CURVE('',#975,#976,#419,.T.);
#1274=EDGE_CURVE('',#976,#968,#420,.T.);
#1275=EDGE_CURVE('',#977,#978,#421,.T.);
#1276=EDGE_CURVE('',#977,#969,#422,.T.);
#1277=EDGE_CURVE('',#979,#976,#423,.T.);
#1278=EDGE_CURVE('',#979,#980,#424,.T.);
#1279=EDGE_CURVE('',#980,#981,#425,.T.);
#1280=EDGE_CURVE('',#978,#981,#426,.T.);
#1281=EDGE_CURVE('',#971,#977,#427,.T.);
#1282=EDGE_CURVE('',#981,#972,#428,.T.);
#1283=EDGE_CURVE('',#973,#980,#429,.T.);
#1284=EDGE_CURVE('',#982,#982,#14,.T.);
#1285=EDGE_CURVE('',#978,#970,#430,.T.);
#1286=EDGE_CURVE('',#982,#983,#431,.T.);
#1287=EDGE_CURVE('',#983,#983,#15,.T.);
#1288=EDGE_CURVE('',#974,#979,#432,.T.);
#1289=EDGE_CURVE('',#984,#985,#433,.T.);
#1290=EDGE_CURVE('',#985,#986,#764,.T.);
#1291=EDGE_CURVE('',#986,#987,#765,.T.);
#1292=EDGE_CURVE('',#987,#988,#766,.T.);
#1293=EDGE_CURVE('',#988,#989,#767,.T.);
#1294=EDGE_CURVE('',#989,#990,#768,.T.);
#1295=EDGE_CURVE('',#990,#991,#769,.T.);
#1296=EDGE_CURVE('',#991,#992,#770,.T.);
#1297=EDGE_CURVE('',#992,#993,#771,.T.);
#1298=EDGE_CURVE('',#993,#994,#772,.T.);
#1299=EDGE_CURVE('',#994,#995,#773,.T.);
#1300=EDGE_CURVE('',#995,#996,#774,.T.);
#1301=EDGE_CURVE('',#996,#997,#775,.T.);
#1302=EDGE_CURVE('',#997,#998,#776,.T.);
#1303=EDGE_CURVE('',#998,#999,#434,.T.);
#1304=EDGE_CURVE('',#999,#1000,#777,.T.);
#1305=EDGE_CURVE('',#1000,#1001,#778,.T.);
#1306=EDGE_CURVE('',#1001,#1002,#779,.T.);
#1307=EDGE_CURVE('',#1002,#1003,#780,.T.);
#1308=EDGE_CURVE('',#1003,#1004,#781,.T.);
#1309=EDGE_CURVE('',#1004,#1005,#782,.T.);
#1310=EDGE_CURVE('',#1005,#1006,#783,.T.);
#1311=EDGE_CURVE('',#1006,#1007,#435,.T.);
#1312=EDGE_CURVE('',#1007,#1008,#784,.T.);
#1313=EDGE_CURVE('',#1008,#1009,#785,.T.);
#1314=EDGE_CURVE('',#1009,#1010,#786,.T.);
#1315=EDGE_CURVE('',#1010,#1011,#787,.T.);
#1316=EDGE_CURVE('',#1011,#1012,#788,.T.);
#1317=EDGE_CURVE('',#1012,#1013,#789,.T.);
#1318=EDGE_CURVE('',#1013,#984,#790,.T.);
#1319=EDGE_CURVE('',#1014,#1015,#436,.T.);
#1320=EDGE_CURVE('',#1015,#1016,#437,.T.);
#1321=EDGE_CURVE('',#1016,#1017,#438,.T.);
#1322=EDGE_CURVE('',#1017,#1014,#439,.T.);
#1323=EDGE_CURVE('',#1018,#1019,#791,.T.);
#1324=EDGE_CURVE('',#1019,#1020,#792,.T.);
#1325=EDGE_CURVE('',#1020,#1021,#793,.T.);
#1326=EDGE_CURVE('',#1021,#1022,#794,.T.);
#1327=EDGE_CURVE('',#1022,#1023,#795,.T.);
#1328=EDGE_CURVE('',#1023,#1024,#796,.T.);
#1329=EDGE_CURVE('',#1024,#1025,#797,.T.);
#1330=EDGE_CURVE('',#1025,#1026,#798,.T.);
#1331=EDGE_CURVE('',#1026,#1027,#799,.T.);
#1332=EDGE_CURVE('',#1027,#1028,#800,.T.);
#1333=EDGE_CURVE('',#1028,#1029,#801,.T.);
#1334=EDGE_CURVE('',#1029,#1018,#802,.T.);
#1335=EDGE_CURVE('',#1030,#1031,#440,.T.);
#1336=EDGE_CURVE('',#1031,#1032,#803,.T.);
#1337=EDGE_CURVE('',#1032,#1033,#804,.T.);
#1338=EDGE_CURVE('',#1033,#1034,#805,.T.);
#1339=EDGE_CURVE('',#1034,#1035,#806,.T.);
#1340=EDGE_CURVE('',#1035,#1036,#807,.T.);
#1341=EDGE_CURVE('',#1036,#1037,#808,.T.);
#1342=EDGE_CURVE('',#1037,#1038,#809,.T.);
#1343=EDGE_CURVE('',#1038,#1039,#441,.T.);
#1344=EDGE_CURVE('',#1039,#1040,#810,.T.);
#1345=EDGE_CURVE('',#1040,#1041,#811,.T.);
#1346=EDGE_CURVE('',#1041,#1042,#812,.T.);
#1347=EDGE_CURVE('',#1042,#1043,#813,.T.);
#1348=EDGE_CURVE('',#1043,#1044,#814,.T.);
#1349=EDGE_CURVE('',#1044,#1045,#815,.T.);
#1350=EDGE_CURVE('',#1045,#1046,#816,.T.);
#1351=EDGE_CURVE('',#1046,#1047,#442,.T.);
#1352=EDGE_CURVE('',#1047,#1048,#817,.T.);
#1353=EDGE_CURVE('',#1048,#1049,#818,.T.);
#1354=EDGE_CURVE('',#1049,#1050,#819,.T.);
#1355=EDGE_CURVE('',#1050,#1051,#820,.T.);
#1356=EDGE_CURVE('',#1051,#1052,#821,.T.);
#1357=EDGE_CURVE('',#1052,#1053,#822,.T.);
#1358=EDGE_CURVE('',#1053,#1054,#823,.T.);
#1359=EDGE_CURVE('',#1054,#1055,#824,.T.);
#1360=EDGE_CURVE('',#1055,#1056,#825,.T.);
#1361=EDGE_CURVE('',#1056,#1057,#826,.T.);
#1362=EDGE_CURVE('',#1057,#1058,#827,.T.);
#1363=EDGE_CURVE('',#1058,#1059,#828,.T.);
#1364=EDGE_CURVE('',#1059,#1030,#829,.T.);
#1365=EDGE_CURVE('',#1060,#1061,#443,.T.);
#1366=EDGE_CURVE('',#1061,#1062,#444,.T.);
#1367=EDGE_CURVE('',#1062,#1063,#445,.T.);
#1368=EDGE_CURVE('',#1063,#1060,#446,.T.);
#1369=EDGE_CURVE('',#1064,#1065,#830,.T.);
#1370=EDGE_CURVE('',#1065,#1066,#831,.T.);
#1371=EDGE_CURVE('',#1066,#1067,#832,.T.);
#1372=EDGE_CURVE('',#1067,#1068,#833,.T.);
#1373=EDGE_CURVE('',#1068,#1069,#834,.T.);
#1374=EDGE_CURVE('',#1069,#1070,#835,.T.);
#1375=EDGE_CURVE('',#1070,#1071,#836,.T.);
#1376=EDGE_CURVE('',#1071,#1072,#837,.T.);
#1377=EDGE_CURVE('',#1072,#1073,#838,.T.);
#1378=EDGE_CURVE('',#1073,#1074,#839,.T.);
#1379=EDGE_CURVE('',#1074,#1075,#840,.T.);
#1380=EDGE_CURVE('',#1075,#1064,#841,.T.);
#1381=EDGE_CURVE('',#1001,#1044,#447,.T.);
#1382=EDGE_CURVE('',#1000,#1045,#448,.T.);
#1383=EDGE_CURVE('',#1002,#1043,#449,.T.);
#1384=EDGE_CURVE('',#1003,#1042,#450,.T.);
#1385=EDGE_CURVE('',#1004,#1041,#451,.T.);
#1386=EDGE_CURVE('',#1005,#1040,#452,.T.);
#1387=EDGE_CURVE('',#1006,#1039,#453,.T.);
#1388=EDGE_CURVE('',#1007,#1038,#454,.T.);
#1389=EDGE_CURVE('',#1008,#1037,#455,.T.);
#1390=EDGE_CURVE('',#1009,#1036,#456,.T.);
#1391=EDGE_CURVE('',#1010,#1035,#457,.T.);
#1392=EDGE_CURVE('',#1011,#1034,#458,.T.);
#1393=EDGE_CURVE('',#1012,#1033,#459,.T.);
#1394=EDGE_CURVE('',#1013,#1032,#460,.T.);
#1395=EDGE_CURVE('',#984,#1031,#461,.T.);
#1396=EDGE_CURVE('',#985,#1030,#462,.T.);
#1397=EDGE_CURVE('',#986,#1059,#463,.T.);
#1398=EDGE_CURVE('',#987,#1058,#464,.T.);
#1399=EDGE_CURVE('',#988,#1057,#465,.T.);
#1400=EDGE_CURVE('',#989,#1056,#466,.T.);
#1401=EDGE_CURVE('',#990,#1055,#467,.T.);
#1402=EDGE_CURVE('',#991,#1054,#468,.T.);
#1403=EDGE_CURVE('',#992,#1053,#469,.T.);
#1404=EDGE_CURVE('',#993,#1052,#470,.T.);
#1405=EDGE_CURVE('',#994,#1051,#471,.T.);
#1406=EDGE_CURVE('',#995,#1050,#472,.T.);
#1407=EDGE_CURVE('',#996,#1049,#473,.T.);
#1408=EDGE_CURVE('',#997,#1048,#474,.T.);
#1409=EDGE_CURVE('',#998,#1047,#475,.T.);
#1410=EDGE_CURVE('',#999,#1046,#476,.T.);
#1411=EDGE_CURVE('',#1014,#1061,#477,.T.);
#1412=EDGE_CURVE('',#1017,#1062,#478,.T.);
#1413=EDGE_CURVE('',#1015,#1060,#479,.T.);
#1414=EDGE_CURVE('',#1016,#1063,#480,.T.);
#1415=EDGE_CURVE('',#1026,#1069,#481,.T.);
#1416=EDGE_CURVE('',#1025,#1070,#482,.T.);
#1417=EDGE_CURVE('',#1027,#1068,#483,.T.);
#1418=EDGE_CURVE('',#1028,#1067,#484,.T.);
#1419=EDGE_CURVE('',#1029,#1066,#485,.T.);
#1420=EDGE_CURVE('',#1018,#1065,#486,.T.);
#1421=EDGE_CURVE('',#1019,#1064,#487,.T.);
#1422=EDGE_CURVE('',#1020,#1075,#488,.T.);
#1423=EDGE_CURVE('',#1021,#1074,#489,.T.);
#1424=EDGE_CURVE('',#1022,#1073,#490,.T.);
#1425=EDGE_CURVE('',#1023,#1072,#491,.T.);
#1426=EDGE_CURVE('',#1024,#1071,#492,.T.);
#1427=ORIENTED_EDGE('',*,*,#1076,.F.);
#1428=ORIENTED_EDGE('',*,*,#1077,.F.);
#1429=ORIENTED_EDGE('',*,*,#1078,.F.);
#1430=ORIENTED_EDGE('',*,*,#1079,.T.);
#1431=ORIENTED_EDGE('',*,*,#1080,.F.);
#1432=ORIENTED_EDGE('',*,*,#1079,.F.);
#1433=ORIENTED_EDGE('',*,*,#1081,.F.);
#1434=ORIENTED_EDGE('',*,*,#1082,.T.);
#1435=ORIENTED_EDGE('',*,*,#1083,.F.);
#1436=ORIENTED_EDGE('',*,*,#1082,.F.);
#1437=ORIENTED_EDGE('',*,*,#1084,.F.);
#1438=ORIENTED_EDGE('',*,*,#1085,.T.);
#1439=ORIENTED_EDGE('',*,*,#1086,.F.);
#1440=ORIENTED_EDGE('',*,*,#1085,.F.);
#1441=ORIENTED_EDGE('',*,*,#1087,.F.);
#1442=ORIENTED_EDGE('',*,*,#1088,.T.);
#1443=ORIENTED_EDGE('',*,*,#1089,.F.);
#1444=ORIENTED_EDGE('',*,*,#1088,.F.);
#1445=ORIENTED_EDGE('',*,*,#1090,.F.);
#1446=ORIENTED_EDGE('',*,*,#1091,.T.);
#1447=ORIENTED_EDGE('',*,*,#1092,.F.);
#1448=ORIENTED_EDGE('',*,*,#1091,.F.);
#1449=ORIENTED_EDGE('',*,*,#1093,.F.);
#1450=ORIENTED_EDGE('',*,*,#1094,.T.);
#1451=ORIENTED_EDGE('',*,*,#1095,.F.);
#1452=ORIENTED_EDGE('',*,*,#1094,.F.);
#1453=ORIENTED_EDGE('',*,*,#1096,.F.);
#1454=ORIENTED_EDGE('',*,*,#1097,.T.);
#1455=ORIENTED_EDGE('',*,*,#1098,.F.);
#1456=ORIENTED_EDGE('',*,*,#1097,.F.);
#1457=ORIENTED_EDGE('',*,*,#1099,.F.);
#1458=ORIENTED_EDGE('',*,*,#1077,.T.);
#1459=ORIENTED_EDGE('',*,*,#1089,.T.);
#1460=ORIENTED_EDGE('',*,*,#1092,.T.);
#1461=ORIENTED_EDGE('',*,*,#1095,.T.);
#1462=ORIENTED_EDGE('',*,*,#1098,.T.);
#1463=ORIENTED_EDGE('',*,*,#1076,.T.);
#1464=ORIENTED_EDGE('',*,*,#1080,.T.);
#1465=ORIENTED_EDGE('',*,*,#1083,.T.);
#1466=ORIENTED_EDGE('',*,*,#1086,.T.);
#1467=ORIENTED_EDGE('',*,*,#1090,.T.);
#1468=ORIENTED_EDGE('',*,*,#1087,.T.);
#1469=ORIENTED_EDGE('',*,*,#1084,.T.);
#1470=ORIENTED_EDGE('',*,*,#1081,.T.);
#1471=ORIENTED_EDGE('',*,*,#1078,.T.);
#1472=ORIENTED_EDGE('',*,*,#1099,.T.);
#1473=ORIENTED_EDGE('',*,*,#1096,.T.);
#1474=ORIENTED_EDGE('',*,*,#1093,.T.);
#1475=ORIENTED_EDGE('',*,*,#1100,.T.);
#1476=ORIENTED_EDGE('',*,*,#1101,.F.);
#1477=ORIENTED_EDGE('',*,*,#1102,.F.);
#1478=ORIENTED_EDGE('',*,*,#1103,.T.);
#1479=ORIENTED_EDGE('',*,*,#1104,.T.);
#1480=ORIENTED_EDGE('',*,*,#1105,.F.);
#1481=ORIENTED_EDGE('',*,*,#1106,.F.);
#1482=ORIENTED_EDGE('',*,*,#1101,.T.);
#1483=ORIENTED_EDGE('',*,*,#1107,.T.);
#1484=ORIENTED_EDGE('',*,*,#1108,.F.);
#1485=ORIENTED_EDGE('',*,*,#1109,.F.);
#1486=ORIENTED_EDGE('',*,*,#1105,.T.);
#1487=ORIENTED_EDGE('',*,*,#1110,.T.);
#1488=ORIENTED_EDGE('',*,*,#1111,.F.);
#1489=ORIENTED_EDGE('',*,*,#1112,.F.);
#1490=ORIENTED_EDGE('',*,*,#1108,.T.);
#1491=ORIENTED_EDGE('',*,*,#1113,.T.);
#1492=ORIENTED_EDGE('',*,*,#1114,.F.);
#1493=ORIENTED_EDGE('',*,*,#1115,.F.);
#1494=ORIENTED_EDGE('',*,*,#1116,.T.);
#1495=ORIENTED_EDGE('',*,*,#1117,.T.);
#1496=ORIENTED_EDGE('',*,*,#1118,.F.);
#1497=ORIENTED_EDGE('',*,*,#1119,.F.);
#1498=ORIENTED_EDGE('',*,*,#1114,.T.);
#1499=ORIENTED_EDGE('',*,*,#1120,.T.);
#1500=ORIENTED_EDGE('',*,*,#1121,.F.);
#1501=ORIENTED_EDGE('',*,*,#1122,.F.);
#1502=ORIENTED_EDGE('',*,*,#1118,.T.);
#1503=ORIENTED_EDGE('',*,*,#1123,.T.);
#1504=ORIENTED_EDGE('',*,*,#1124,.F.);
#1505=ORIENTED_EDGE('',*,*,#1125,.F.);
#1506=ORIENTED_EDGE('',*,*,#1121,.T.);
#1507=ORIENTED_EDGE('',*,*,#1126,.T.);
#1508=ORIENTED_EDGE('',*,*,#1127,.F.);
#1509=ORIENTED_EDGE('',*,*,#1128,.F.);
#1510=ORIENTED_EDGE('',*,*,#1124,.T.);
#1511=ORIENTED_EDGE('',*,*,#1129,.T.);
#1512=ORIENTED_EDGE('',*,*,#1130,.F.);
#1513=ORIENTED_EDGE('',*,*,#1131,.F.);
#1514=ORIENTED_EDGE('',*,*,#1127,.T.);
#1515=ORIENTED_EDGE('',*,*,#1132,.T.);
#1516=ORIENTED_EDGE('',*,*,#1133,.F.);
#1517=ORIENTED_EDGE('',*,*,#1134,.F.);
#1518=ORIENTED_EDGE('',*,*,#1111,.T.);
#1519=ORIENTED_EDGE('',*,*,#1135,.T.);
#1520=ORIENTED_EDGE('',*,*,#1136,.F.);
#1521=ORIENTED_EDGE('',*,*,#1137,.F.);
#1522=ORIENTED_EDGE('',*,*,#1133,.T.);
#1523=ORIENTED_EDGE('',*,*,#1138,.T.);
#1524=ORIENTED_EDGE('',*,*,#1139,.F.);
#1525=ORIENTED_EDGE('',*,*,#1140,.F.);
#1526=ORIENTED_EDGE('',*,*,#1136,.T.);
#1527=ORIENTED_EDGE('',*,*,#1141,.T.);
#1528=ORIENTED_EDGE('',*,*,#1103,.F.);
#1529=ORIENTED_EDGE('',*,*,#1142,.F.);
#1530=ORIENTED_EDGE('',*,*,#1139,.T.);
#1531=ORIENTED_EDGE('',*,*,#1143,.T.);
#1532=ORIENTED_EDGE('',*,*,#1144,.F.);
#1533=ORIENTED_EDGE('',*,*,#1145,.F.);
#1534=ORIENTED_EDGE('',*,*,#1130,.T.);
#1535=ORIENTED_EDGE('',*,*,#1146,.T.);
#1536=ORIENTED_EDGE('',*,*,#1147,.F.);
#1537=ORIENTED_EDGE('',*,*,#1148,.F.);
#1538=ORIENTED_EDGE('',*,*,#1144,.T.);
#1539=ORIENTED_EDGE('',*,*,#1149,.T.);
#1540=ORIENTED_EDGE('',*,*,#1150,.F.);
#1541=ORIENTED_EDGE('',*,*,#1151,.F.);
#1542=ORIENTED_EDGE('',*,*,#1147,.T.);
#1543=ORIENTED_EDGE('',*,*,#1152,.T.);
#1544=ORIENTED_EDGE('',*,*,#1153,.F.);
#1545=ORIENTED_EDGE('',*,*,#1154,.F.);
#1546=ORIENTED_EDGE('',*,*,#1150,.T.);
#1547=ORIENTED_EDGE('',*,*,#1155,.T.);
#1548=ORIENTED_EDGE('',*,*,#1156,.F.);
#1549=ORIENTED_EDGE('',*,*,#1157,.F.);
#1550=ORIENTED_EDGE('',*,*,#1153,.T.);
#1551=ORIENTED_EDGE('',*,*,#1158,.T.);
#1552=ORIENTED_EDGE('',*,*,#1116,.F.);
#1553=ORIENTED_EDGE('',*,*,#1159,.F.);
#1554=ORIENTED_EDGE('',*,*,#1156,.T.);
#1555=ORIENTED_EDGE('',*,*,#1131,.T.);
#1556=ORIENTED_EDGE('',*,*,#1145,.T.);
#1557=ORIENTED_EDGE('',*,*,#1148,.T.);
#1558=ORIENTED_EDGE('',*,*,#1151,.T.);
#1559=ORIENTED_EDGE('',*,*,#1154,.T.);
#1560=ORIENTED_EDGE('',*,*,#1157,.T.);
#1561=ORIENTED_EDGE('',*,*,#1159,.T.);
#1562=ORIENTED_EDGE('',*,*,#1115,.T.);
#1563=ORIENTED_EDGE('',*,*,#1119,.T.);
#1564=ORIENTED_EDGE('',*,*,#1122,.T.);
#1565=ORIENTED_EDGE('',*,*,#1125,.T.);
#1566=ORIENTED_EDGE('',*,*,#1128,.T.);
#1567=ORIENTED_EDGE('',*,*,#1112,.T.);
#1568=ORIENTED_EDGE('',*,*,#1134,.T.);
#1569=ORIENTED_EDGE('',*,*,#1137,.T.);
#1570=ORIENTED_EDGE('',*,*,#1140,.T.);
#1571=ORIENTED_EDGE('',*,*,#1142,.T.);
#1572=ORIENTED_EDGE('',*,*,#1102,.T.);
#1573=ORIENTED_EDGE('',*,*,#1106,.T.);
#1574=ORIENTED_EDGE('',*,*,#1109,.T.);
#1575=ORIENTED_EDGE('',*,*,#1143,.F.);
#1576=ORIENTED_EDGE('',*,*,#1129,.F.);
#1577=ORIENTED_EDGE('',*,*,#1126,.F.);
#1578=ORIENTED_EDGE('',*,*,#1123,.F.);
#1579=ORIENTED_EDGE('',*,*,#1120,.F.);
#1580=ORIENTED_EDGE('',*,*,#1117,.F.);
#1581=ORIENTED_EDGE('',*,*,#1113,.F.);
#1582=ORIENTED_EDGE('',*,*,#1158,.F.);
#1583=ORIENTED_EDGE('',*,*,#1155,.F.);
#1584=ORIENTED_EDGE('',*,*,#1152,.F.);
#1585=ORIENTED_EDGE('',*,*,#1149,.F.);
#1586=ORIENTED_EDGE('',*,*,#1146,.F.);
#1587=ORIENTED_EDGE('',*,*,#1132,.F.);
#1588=ORIENTED_EDGE('',*,*,#1110,.F.);
#1589=ORIENTED_EDGE('',*,*,#1107,.F.);
#1590=ORIENTED_EDGE('',*,*,#1104,.F.);
#1591=ORIENTED_EDGE('',*,*,#1100,.F.);
#1592=ORIENTED_EDGE('',*,*,#1141,.F.);
#1593=ORIENTED_EDGE('',*,*,#1138,.F.);
#1594=ORIENTED_EDGE('',*,*,#1135,.F.);
#1595=ORIENTED_EDGE('',*,*,#1160,.T.);
#1596=ORIENTED_EDGE('',*,*,#1161,.F.);
#1597=ORIENTED_EDGE('',*,*,#1162,.F.);
#1598=ORIENTED_EDGE('',*,*,#1163,.T.);
#1599=ORIENTED_EDGE('',*,*,#1164,.T.);
#1600=ORIENTED_EDGE('',*,*,#1165,.F.);
#1601=ORIENTED_EDGE('',*,*,#1166,.F.);
#1602=ORIENTED_EDGE('',*,*,#1161,.T.);
#1603=ORIENTED_EDGE('',*,*,#1167,.T.);
#1604=ORIENTED_EDGE('',*,*,#1168,.F.);
#1605=ORIENTED_EDGE('',*,*,#1169,.F.);
#1606=ORIENTED_EDGE('',*,*,#1165,.T.);
#1607=ORIENTED_EDGE('',*,*,#1170,.T.);
#1608=ORIENTED_EDGE('',*,*,#1163,.F.);
#1609=ORIENTED_EDGE('',*,*,#1171,.F.);
#1610=ORIENTED_EDGE('',*,*,#1168,.T.);
#1611=ORIENTED_EDGE('',*,*,#1166,.T.);
#1612=ORIENTED_EDGE('',*,*,#1169,.T.);
#1613=ORIENTED_EDGE('',*,*,#1171,.T.);
#1614=ORIENTED_EDGE('',*,*,#1162,.T.);
#1615=ORIENTED_EDGE('',*,*,#1167,.F.);
#1616=ORIENTED_EDGE('',*,*,#1164,.F.);
#1617=ORIENTED_EDGE('',*,*,#1160,.F.);
#1618=ORIENTED_EDGE('',*,*,#1170,.F.);
#1619=ORIENTED_EDGE('',*,*,#1172,.T.);
#1620=ORIENTED_EDGE('',*,*,#1173,.F.);
#1621=ORIENTED_EDGE('',*,*,#1174,.F.);
#1622=ORIENTED_EDGE('',*,*,#1175,.T.);
#1623=ORIENTED_EDGE('',*,*,#1176,.T.);
#1624=ORIENTED_EDGE('',*,*,#1177,.F.);
#1625=ORIENTED_EDGE('',*,*,#1178,.F.);
#1626=ORIENTED_EDGE('',*,*,#1173,.T.);
#1627=ORIENTED_EDGE('',*,*,#1179,.T.);
#1628=ORIENTED_EDGE('',*,*,#1180,.F.);
#1629=ORIENTED_EDGE('',*,*,#1181,.F.);
#1630=ORIENTED_EDGE('',*,*,#1177,.T.);
#1631=ORIENTED_EDGE('',*,*,#1182,.T.);
#1632=ORIENTED_EDGE('',*,*,#1183,.F.);
#1633=ORIENTED_EDGE('',*,*,#1184,.F.);
#1634=ORIENTED_EDGE('',*,*,#1180,.T.);
#1635=ORIENTED_EDGE('',*,*,#1185,.T.);
#1636=ORIENTED_EDGE('',*,*,#1186,.F.);
#1637=ORIENTED_EDGE('',*,*,#1187,.F.);
#1638=ORIENTED_EDGE('',*,*,#1183,.T.);
#1639=ORIENTED_EDGE('',*,*,#1188,.T.);
#1640=ORIENTED_EDGE('',*,*,#1189,.F.);
#1641=ORIENTED_EDGE('',*,*,#1190,.F.);
#1642=ORIENTED_EDGE('',*,*,#1186,.T.);
#1643=ORIENTED_EDGE('',*,*,#1191,.T.);
#1644=ORIENTED_EDGE('',*,*,#1192,.F.);
#1645=ORIENTED_EDGE('',*,*,#1193,.F.);
#1646=ORIENTED_EDGE('',*,*,#1189,.T.);
#1647=ORIENTED_EDGE('',*,*,#1194,.T.);
#1648=ORIENTED_EDGE('',*,*,#1195,.F.);
#1649=ORIENTED_EDGE('',*,*,#1196,.F.);
#1650=ORIENTED_EDGE('',*,*,#1192,.T.);
#1651=ORIENTED_EDGE('',*,*,#1197,.T.);
#1652=ORIENTED_EDGE('',*,*,#1198,.F.);
#1653=ORIENTED_EDGE('',*,*,#1199,.F.);
#1654=ORIENTED_EDGE('',*,*,#1195,.T.);
#1655=ORIENTED_EDGE('',*,*,#1200,.T.);
#1656=ORIENTED_EDGE('',*,*,#1201,.F.);
#1657=ORIENTED_EDGE('',*,*,#1202,.F.);
#1658=ORIENTED_EDGE('',*,*,#1198,.T.);
#1659=ORIENTED_EDGE('',*,*,#1203,.T.);
#1660=ORIENTED_EDGE('',*,*,#1204,.F.);
#1661=ORIENTED_EDGE('',*,*,#1205,.F.);
#1662=ORIENTED_EDGE('',*,*,#1201,.T.);
#1663=ORIENTED_EDGE('',*,*,#1206,.T.);
#1664=ORIENTED_EDGE('',*,*,#1207,.F.);
#1665=ORIENTED_EDGE('',*,*,#1208,.F.);
#1666=ORIENTED_EDGE('',*,*,#1204,.T.);
#1667=ORIENTED_EDGE('',*,*,#1209,.T.);
#1668=ORIENTED_EDGE('',*,*,#1210,.F.);
#1669=ORIENTED_EDGE('',*,*,#1211,.F.);
#1670=ORIENTED_EDGE('',*,*,#1207,.T.);
#1671=ORIENTED_EDGE('',*,*,#1212,.T.);
#1672=ORIENTED_EDGE('',*,*,#1213,.F.);
#1673=ORIENTED_EDGE('',*,*,#1214,.F.);
#1674=ORIENTED_EDGE('',*,*,#1210,.T.);
#1675=ORIENTED_EDGE('',*,*,#1215,.T.);
#1676=ORIENTED_EDGE('',*,*,#1216,.F.);
#1677=ORIENTED_EDGE('',*,*,#1217,.F.);
#1678=ORIENTED_EDGE('',*,*,#1213,.T.);
#1679=ORIENTED_EDGE('',*,*,#1218,.T.);
#1680=ORIENTED_EDGE('',*,*,#1219,.F.);
#1681=ORIENTED_EDGE('',*,*,#1220,.F.);
#1682=ORIENTED_EDGE('',*,*,#1216,.T.);
#1683=ORIENTED_EDGE('',*,*,#1221,.T.);
#1684=ORIENTED_EDGE('',*,*,#1222,.F.);
#1685=ORIENTED_EDGE('',*,*,#1223,.F.);
#1686=ORIENTED_EDGE('',*,*,#1219,.T.);
#1687=ORIENTED_EDGE('',*,*,#1224,.T.);
#1688=ORIENTED_EDGE('',*,*,#1225,.F.);
#1689=ORIENTED_EDGE('',*,*,#1226,.F.);
#1690=ORIENTED_EDGE('',*,*,#1222,.T.);
#1691=ORIENTED_EDGE('',*,*,#1227,.T.);
#1692=ORIENTED_EDGE('',*,*,#1228,.F.);
#1693=ORIENTED_EDGE('',*,*,#1229,.F.);
#1694=ORIENTED_EDGE('',*,*,#1225,.T.);
#1695=ORIENTED_EDGE('',*,*,#1230,.T.);
#1696=ORIENTED_EDGE('',*,*,#1231,.F.);
#1697=ORIENTED_EDGE('',*,*,#1232,.F.);
#1698=ORIENTED_EDGE('',*,*,#1228,.T.);
#1699=ORIENTED_EDGE('',*,*,#1233,.T.);
#1700=ORIENTED_EDGE('',*,*,#1234,.F.);
#1701=ORIENTED_EDGE('',*,*,#1235,.F.);
#1702=ORIENTED_EDGE('',*,*,#1231,.T.);
#1703=ORIENTED_EDGE('',*,*,#1236,.T.);
#1704=ORIENTED_EDGE('',*,*,#1237,.F.);
#1705=ORIENTED_EDGE('',*,*,#1238,.F.);
#1706=ORIENTED_EDGE('',*,*,#1234,.T.);
#1707=ORIENTED_EDGE('',*,*,#1239,.T.);
#1708=ORIENTED_EDGE('',*,*,#1240,.F.);
#1709=ORIENTED_EDGE('',*,*,#1241,.F.);
#1710=ORIENTED_EDGE('',*,*,#1237,.T.);
#1711=ORIENTED_EDGE('',*,*,#1242,.T.);
#1712=ORIENTED_EDGE('',*,*,#1243,.F.);
#1713=ORIENTED_EDGE('',*,*,#1244,.F.);
#1714=ORIENTED_EDGE('',*,*,#1240,.T.);
#1715=ORIENTED_EDGE('',*,*,#1245,.T.);
#1716=ORIENTED_EDGE('',*,*,#1246,.F.);
#1717=ORIENTED_EDGE('',*,*,#1247,.F.);
#1718=ORIENTED_EDGE('',*,*,#1243,.T.);
#1719=ORIENTED_EDGE('',*,*,#1248,.T.);
#1720=ORIENTED_EDGE('',*,*,#1249,.F.);
#1721=ORIENTED_EDGE('',*,*,#1250,.F.);
#1722=ORIENTED_EDGE('',*,*,#1246,.T.);
#1723=ORIENTED_EDGE('',*,*,#1251,.T.);
#1724=ORIENTED_EDGE('',*,*,#1252,.F.);
#1725=ORIENTED_EDGE('',*,*,#1253,.F.);
#1726=ORIENTED_EDGE('',*,*,#1249,.T.);
#1727=ORIENTED_EDGE('',*,*,#1254,.T.);
#1728=ORIENTED_EDGE('',*,*,#1255,.F.);
#1729=ORIENTED_EDGE('',*,*,#1256,.F.);
#1730=ORIENTED_EDGE('',*,*,#1252,.T.);
#1731=ORIENTED_EDGE('',*,*,#1257,.T.);
#1732=ORIENTED_EDGE('',*,*,#1258,.F.);
#1733=ORIENTED_EDGE('',*,*,#1259,.F.);
#1734=ORIENTED_EDGE('',*,*,#1255,.T.);
#1735=ORIENTED_EDGE('',*,*,#1260,.T.);
#1736=ORIENTED_EDGE('',*,*,#1175,.F.);
#1737=ORIENTED_EDGE('',*,*,#1261,.F.);
#1738=ORIENTED_EDGE('',*,*,#1258,.T.);
#1739=ORIENTED_EDGE('',*,*,#1217,.T.);
#1740=ORIENTED_EDGE('',*,*,#1220,.T.);
#1741=ORIENTED_EDGE('',*,*,#1223,.T.);
#1742=ORIENTED_EDGE('',*,*,#1226,.T.);
#1743=ORIENTED_EDGE('',*,*,#1229,.T.);
#1744=ORIENTED_EDGE('',*,*,#1232,.T.);
#1745=ORIENTED_EDGE('',*,*,#1235,.T.);
#1746=ORIENTED_EDGE('',*,*,#1238,.T.);
#1747=ORIENTED_EDGE('',*,*,#1241,.T.);
#1748=ORIENTED_EDGE('',*,*,#1244,.T.);
#1749=ORIENTED_EDGE('',*,*,#1247,.T.);
#1750=ORIENTED_EDGE('',*,*,#1250,.T.);
#1751=ORIENTED_EDGE('',*,*,#1253,.T.);
#1752=ORIENTED_EDGE('',*,*,#1256,.T.);
#1753=ORIENTED_EDGE('',*,*,#1259,.T.);
#1754=ORIENTED_EDGE('',*,*,#1261,.T.);
#1755=ORIENTED_EDGE('',*,*,#1174,.T.);
#1756=ORIENTED_EDGE('',*,*,#1178,.T.);
#1757=ORIENTED_EDGE('',*,*,#1181,.T.);
#1758=ORIENTED_EDGE('',*,*,#1184,.T.);
#1759=ORIENTED_EDGE('',*,*,#1187,.T.);
#1760=ORIENTED_EDGE('',*,*,#1190,.T.);
#1761=ORIENTED_EDGE('',*,*,#1193,.T.);
#1762=ORIENTED_EDGE('',*,*,#1196,.T.);
#1763=ORIENTED_EDGE('',*,*,#1199,.T.);
#1764=ORIENTED_EDGE('',*,*,#1202,.T.);
#1765=ORIENTED_EDGE('',*,*,#1205,.T.);
#1766=ORIENTED_EDGE('',*,*,#1208,.T.);
#1767=ORIENTED_EDGE('',*,*,#1211,.T.);
#1768=ORIENTED_EDGE('',*,*,#1214,.T.);
#1769=ORIENTED_EDGE('',*,*,#1218,.F.);
#1770=ORIENTED_EDGE('',*,*,#1215,.F.);
#1771=ORIENTED_EDGE('',*,*,#1212,.F.);
#1772=ORIENTED_EDGE('',*,*,#1209,.F.);
#1773=ORIENTED_EDGE('',*,*,#1206,.F.);
#1774=ORIENTED_EDGE('',*,*,#1203,.F.);
#1775=ORIENTED_EDGE('',*,*,#1200,.F.);
#1776=ORIENTED_EDGE('',*,*,#1197,.F.);
#1777=ORIENTED_EDGE('',*,*,#1194,.F.);
#1778=ORIENTED_EDGE('',*,*,#1191,.F.);
#1779=ORIENTED_EDGE('',*,*,#1188,.F.);
#1780=ORIENTED_EDGE('',*,*,#1185,.F.);
#1781=ORIENTED_EDGE('',*,*,#1182,.F.);
#1782=ORIENTED_EDGE('',*,*,#1179,.F.);
#1783=ORIENTED_EDGE('',*,*,#1176,.F.);
#1784=ORIENTED_EDGE('',*,*,#1172,.F.);
#1785=ORIENTED_EDGE('',*,*,#1260,.F.);
#1786=ORIENTED_EDGE('',*,*,#1257,.F.);
#1787=ORIENTED_EDGE('',*,*,#1254,.F.);
#1788=ORIENTED_EDGE('',*,*,#1251,.F.);
#1789=ORIENTED_EDGE('',*,*,#1248,.F.);
#1790=ORIENTED_EDGE('',*,*,#1245,.F.);
#1791=ORIENTED_EDGE('',*,*,#1242,.F.);
#1792=ORIENTED_EDGE('',*,*,#1239,.F.);
#1793=ORIENTED_EDGE('',*,*,#1236,.F.);
#1794=ORIENTED_EDGE('',*,*,#1233,.F.);
#1795=ORIENTED_EDGE('',*,*,#1230,.F.);
#1796=ORIENTED_EDGE('',*,*,#1227,.F.);
#1797=ORIENTED_EDGE('',*,*,#1224,.F.);
#1798=ORIENTED_EDGE('',*,*,#1221,.F.);
#1799=ORIENTED_EDGE('',*,*,#1262,.T.);
#1800=ORIENTED_EDGE('',*,*,#1263,.T.);
#1801=ORIENTED_EDGE('',*,*,#1264,.T.);
#1802=ORIENTED_EDGE('',*,*,#1265,.T.);
#1803=ORIENTED_EDGE('',*,*,#1266,.F.);
#1804=ORIENTED_EDGE('',*,*,#1267,.T.);
#1805=ORIENTED_EDGE('',*,*,#1268,.T.);
#1806=ORIENTED_EDGE('',*,*,#1269,.F.);
#1807=ORIENTED_EDGE('',*,*,#1270,.F.);
#1808=ORIENTED_EDGE('',*,*,#1271,.T.);
#1809=ORIENTED_EDGE('',*,*,#1262,.F.);
#1810=ORIENTED_EDGE('',*,*,#1272,.F.);
#1811=ORIENTED_EDGE('',*,*,#1273,.T.);
#1812=ORIENTED_EDGE('',*,*,#1274,.T.);
#1813=ORIENTED_EDGE('',*,*,#1263,.F.);
#1814=ORIENTED_EDGE('',*,*,#1271,.F.);
#1815=ORIENTED_EDGE('',*,*,#1275,.F.);
#1816=ORIENTED_EDGE('',*,*,#1276,.T.);
#1817=ORIENTED_EDGE('',*,*,#1264,.F.);
#1818=ORIENTED_EDGE('',*,*,#1274,.F.);
#1819=ORIENTED_EDGE('',*,*,#1277,.F.);
#1820=ORIENTED_EDGE('',*,*,#1278,.T.);
#1821=ORIENTED_EDGE('',*,*,#1279,.T.);
#1822=ORIENTED_EDGE('',*,*,#1280,.F.);
#1823=ORIENTED_EDGE('',*,*,#1281,.F.);
#1824=ORIENTED_EDGE('',*,*,#1272,.T.);
#1825=ORIENTED_EDGE('',*,*,#1265,.F.);
#1826=ORIENTED_EDGE('',*,*,#1276,.F.);
#1827=ORIENTED_EDGE('',*,*,#1282,.F.);
#1828=ORIENTED_EDGE('',*,*,#1279,.F.);
#1829=ORIENTED_EDGE('',*,*,#1283,.F.);
#1830=ORIENTED_EDGE('',*,*,#1268,.F.);
#1831=ORIENTED_EDGE('',*,*,#1284,.F.);
#1832=ORIENTED_EDGE('',*,*,#1282,.T.);
#1833=ORIENTED_EDGE('',*,*,#1267,.F.);
#1834=ORIENTED_EDGE('',*,*,#1285,.F.);
#1835=ORIENTED_EDGE('',*,*,#1280,.T.);
#1836=ORIENTED_EDGE('',*,*,#1284,.T.);
#1837=ORIENTED_EDGE('',*,*,#1286,.T.);
#1838=ORIENTED_EDGE('',*,*,#1287,.F.);
#1839=ORIENTED_EDGE('',*,*,#1286,.F.);
#1840=ORIENTED_EDGE('',*,*,#1288,.F.);
#1841=ORIENTED_EDGE('',*,*,#1269,.T.);
#1842=ORIENTED_EDGE('',*,*,#1283,.T.);
#1843=ORIENTED_EDGE('',*,*,#1278,.F.);
#1844=ORIENTED_EDGE('',*,*,#1266,.T.);
#1845=ORIENTED_EDGE('',*,*,#1281,.T.);
#1846=ORIENTED_EDGE('',*,*,#1275,.T.);
#1847=ORIENTED_EDGE('',*,*,#1285,.T.);
#1848=ORIENTED_EDGE('',*,*,#1287,.T.);
#1849=ORIENTED_EDGE('',*,*,#1289,.T.);
#1850=ORIENTED_EDGE('',*,*,#1290,.T.);
#1851=ORIENTED_EDGE('',*,*,#1291,.T.);
#1852=ORIENTED_EDGE('',*,*,#1292,.T.);
#1853=ORIENTED_EDGE('',*,*,#1293,.T.);
#1854=ORIENTED_EDGE('',*,*,#1294,.T.);
#1855=ORIENTED_EDGE('',*,*,#1295,.T.);
#1856=ORIENTED_EDGE('',*,*,#1296,.T.);
#1857=ORIENTED_EDGE('',*,*,#1297,.T.);
#1858=ORIENTED_EDGE('',*,*,#1298,.T.);
#1859=ORIENTED_EDGE('',*,*,#1299,.T.);
#1860=ORIENTED_EDGE('',*,*,#1300,.T.);
#1861=ORIENTED_EDGE('',*,*,#1301,.T.);
#1862=ORIENTED_EDGE('',*,*,#1302,.T.);
#1863=ORIENTED_EDGE('',*,*,#1303,.T.);
#1864=ORIENTED_EDGE('',*,*,#1304,.T.);
#1865=ORIENTED_EDGE('',*,*,#1305,.T.);
#1866=ORIENTED_EDGE('',*,*,#1306,.T.);
#1867=ORIENTED_EDGE('',*,*,#1307,.T.);
#1868=ORIENTED_EDGE('',*,*,#1308,.T.);
#1869=ORIENTED_EDGE('',*,*,#1309,.T.);
#1870=ORIENTED_EDGE('',*,*,#1310,.T.);
#1871=ORIENTED_EDGE('',*,*,#1311,.T.);
#1872=ORIENTED_EDGE('',*,*,#1312,.T.);
#1873=ORIENTED_EDGE('',*,*,#1313,.T.);
#1874=ORIENTED_EDGE('',*,*,#1314,.T.);
#1875=ORIENTED_EDGE('',*,*,#1315,.T.);
#1876=ORIENTED_EDGE('',*,*,#1316,.T.);
#1877=ORIENTED_EDGE('',*,*,#1317,.T.);
#1878=ORIENTED_EDGE('',*,*,#1318,.T.);
#1879=ORIENTED_EDGE('',*,*,#1319,.T.);
#1880=ORIENTED_EDGE('',*,*,#1320,.T.);
#1881=ORIENTED_EDGE('',*,*,#1321,.T.);
#1882=ORIENTED_EDGE('',*,*,#1322,.T.);
#1883=ORIENTED_EDGE('',*,*,#1323,.T.);
#1884=ORIENTED_EDGE('',*,*,#1324,.T.);
#1885=ORIENTED_EDGE('',*,*,#1325,.T.);
#1886=ORIENTED_EDGE('',*,*,#1326,.T.);
#1887=ORIENTED_EDGE('',*,*,#1327,.T.);
#1888=ORIENTED_EDGE('',*,*,#1328,.T.);
#1889=ORIENTED_EDGE('',*,*,#1329,.T.);
#1890=ORIENTED_EDGE('',*,*,#1330,.T.);
#1891=ORIENTED_EDGE('',*,*,#1331,.T.);
#1892=ORIENTED_EDGE('',*,*,#1332,.T.);
#1893=ORIENTED_EDGE('',*,*,#1333,.T.);
#1894=ORIENTED_EDGE('',*,*,#1334,.T.);
#1895=ORIENTED_EDGE('',*,*,#1273,.F.);
#1896=ORIENTED_EDGE('',*,*,#1270,.T.);
#1897=ORIENTED_EDGE('',*,*,#1288,.T.);
#1898=ORIENTED_EDGE('',*,*,#1277,.T.);
#1899=ORIENTED_EDGE('',*,*,#1335,.T.);
#1900=ORIENTED_EDGE('',*,*,#1336,.T.);
#1901=ORIENTED_EDGE('',*,*,#1337,.T.);
#1902=ORIENTED_EDGE('',*,*,#1338,.T.);
#1903=ORIENTED_EDGE('',*,*,#1339,.T.);
#1904=ORIENTED_EDGE('',*,*,#1340,.T.);
#1905=ORIENTED_EDGE('',*,*,#1341,.T.);
#1906=ORIENTED_EDGE('',*,*,#1342,.T.);
#1907=ORIENTED_EDGE('',*,*,#1343,.T.);
#1908=ORIENTED_EDGE('',*,*,#1344,.T.);
#1909=ORIENTED_EDGE('',*,*,#1345,.T.);
#1910=ORIENTED_EDGE('',*,*,#1346,.T.);
#1911=ORIENTED_EDGE('',*,*,#1347,.T.);
#1912=ORIENTED_EDGE('',*,*,#1348,.T.);
#1913=ORIENTED_EDGE('',*,*,#1349,.T.);
#1914=ORIENTED_EDGE('',*,*,#1350,.T.);
#1915=ORIENTED_EDGE('',*,*,#1351,.T.);
#1916=ORIENTED_EDGE('',*,*,#1352,.T.);
#1917=ORIENTED_EDGE('',*,*,#1353,.T.);
#1918=ORIENTED_EDGE('',*,*,#1354,.T.);
#1919=ORIENTED_EDGE('',*,*,#1355,.T.);
#1920=ORIENTED_EDGE('',*,*,#1356,.T.);
#1921=ORIENTED_EDGE('',*,*,#1357,.T.);
#1922=ORIENTED_EDGE('',*,*,#1358,.T.);
#1923=ORIENTED_EDGE('',*,*,#1359,.T.);
#1924=ORIENTED_EDGE('',*,*,#1360,.T.);
#1925=ORIENTED_EDGE('',*,*,#1361,.T.);
#1926=ORIENTED_EDGE('',*,*,#1362,.T.);
#1927=ORIENTED_EDGE('',*,*,#1363,.T.);
#1928=ORIENTED_EDGE('',*,*,#1364,.T.);
#1929=ORIENTED_EDGE('',*,*,#1365,.T.);
#1930=ORIENTED_EDGE('',*,*,#1366,.T.);
#1931=ORIENTED_EDGE('',*,*,#1367,.T.);
#1932=ORIENTED_EDGE('',*,*,#1368,.T.);
#1933=ORIENTED_EDGE('',*,*,#1369,.T.);
#1934=ORIENTED_EDGE('',*,*,#1370,.T.);
#1935=ORIENTED_EDGE('',*,*,#1371,.T.);
#1936=ORIENTED_EDGE('',*,*,#1372,.T.);
#1937=ORIENTED_EDGE('',*,*,#1373,.T.);
#1938=ORIENTED_EDGE('',*,*,#1374,.T.);
#1939=ORIENTED_EDGE('',*,*,#1375,.T.);
#1940=ORIENTED_EDGE('',*,*,#1376,.T.);
#1941=ORIENTED_EDGE('',*,*,#1377,.T.);
#1942=ORIENTED_EDGE('',*,*,#1378,.T.);
#1943=ORIENTED_EDGE('',*,*,#1379,.T.);
#1944=ORIENTED_EDGE('',*,*,#1380,.T.);
#1945=ORIENTED_EDGE('',*,*,#1349,.F.);
#1946=ORIENTED_EDGE('',*,*,#1381,.F.);
#1947=ORIENTED_EDGE('',*,*,#1305,.F.);
#1948=ORIENTED_EDGE('',*,*,#1382,.T.);
#1949=ORIENTED_EDGE('',*,*,#1348,.F.);
#1950=ORIENTED_EDGE('',*,*,#1383,.F.);
#1951=ORIENTED_EDGE('',*,*,#1306,.F.);
#1952=ORIENTED_EDGE('',*,*,#1381,.T.);
#1953=ORIENTED_EDGE('',*,*,#1347,.F.);
#1954=ORIENTED_EDGE('',*,*,#1384,.F.);
#1955=ORIENTED_EDGE('',*,*,#1307,.F.);
#1956=ORIENTED_EDGE('',*,*,#1383,.T.);
#1957=ORIENTED_EDGE('',*,*,#1346,.F.);
#1958=ORIENTED_EDGE('',*,*,#1385,.F.);
#1959=ORIENTED_EDGE('',*,*,#1308,.F.);
#1960=ORIENTED_EDGE('',*,*,#1384,.T.);
#1961=ORIENTED_EDGE('',*,*,#1345,.F.);
#1962=ORIENTED_EDGE('',*,*,#1386,.F.);
#1963=ORIENTED_EDGE('',*,*,#1309,.F.);
#1964=ORIENTED_EDGE('',*,*,#1385,.T.);
#1965=ORIENTED_EDGE('',*,*,#1344,.F.);
#1966=ORIENTED_EDGE('',*,*,#1387,.F.);
#1967=ORIENTED_EDGE('',*,*,#1310,.F.);
#1968=ORIENTED_EDGE('',*,*,#1386,.T.);
#1969=ORIENTED_EDGE('',*,*,#1343,.F.);
#1970=ORIENTED_EDGE('',*,*,#1388,.F.);
#1971=ORIENTED_EDGE('',*,*,#1311,.F.);
#1972=ORIENTED_EDGE('',*,*,#1387,.T.);
#1973=ORIENTED_EDGE('',*,*,#1342,.F.);
#1974=ORIENTED_EDGE('',*,*,#1389,.F.);
#1975=ORIENTED_EDGE('',*,*,#1312,.F.);
#1976=ORIENTED_EDGE('',*,*,#1388,.T.);
#1977=ORIENTED_EDGE('',*,*,#1341,.F.);
#1978=ORIENTED_EDGE('',*,*,#1390,.F.);
#1979=ORIENTED_EDGE('',*,*,#1313,.F.);
#1980=ORIENTED_EDGE('',*,*,#1389,.T.);
#1981=ORIENTED_EDGE('',*,*,#1340,.F.);
#1982=ORIENTED_EDGE('',*,*,#1391,.F.);
#1983=ORIENTED_EDGE('',*,*,#1314,.F.);
#1984=ORIENTED_EDGE('',*,*,#1390,.T.);
#1985=ORIENTED_EDGE('',*,*,#1339,.F.);
#1986=ORIENTED_EDGE('',*,*,#1392,.F.);
#1987=ORIENTED_EDGE('',*,*,#1315,.F.);
#1988=ORIENTED_EDGE('',*,*,#1391,.T.);
#1989=ORIENTED_EDGE('',*,*,#1338,.F.);
#1990=ORIENTED_EDGE('',*,*,#1393,.F.);
#1991=ORIENTED_EDGE('',*,*,#1316,.F.);
#1992=ORIENTED_EDGE('',*,*,#1392,.T.);
#1993=ORIENTED_EDGE('',*,*,#1337,.F.);
#1994=ORIENTED_EDGE('',*,*,#1394,.F.);
#1995=ORIENTED_EDGE('',*,*,#1317,.F.);
#1996=ORIENTED_EDGE('',*,*,#1393,.T.);
#1997=ORIENTED_EDGE('',*,*,#1336,.F.);
#1998=ORIENTED_EDGE('',*,*,#1395,.F.);
#1999=ORIENTED_EDGE('',*,*,#1318,.F.);
#2000=ORIENTED_EDGE('',*,*,#1394,.T.);
#2001=ORIENTED_EDGE('',*,*,#1335,.F.);
#2002=ORIENTED_EDGE('',*,*,#1396,.F.);
#2003=ORIENTED_EDGE('',*,*,#1289,.F.);
#2004=ORIENTED_EDGE('',*,*,#1395,.T.);
#2005=ORIENTED_EDGE('',*,*,#1364,.F.);
#2006=ORIENTED_EDGE('',*,*,#1397,.F.);
#2007=ORIENTED_EDGE('',*,*,#1290,.F.);
#2008=ORIENTED_EDGE('',*,*,#1396,.T.);
#2009=ORIENTED_EDGE('',*,*,#1363,.F.);
#2010=ORIENTED_EDGE('',*,*,#1398,.F.);
#2011=ORIENTED_EDGE('',*,*,#1291,.F.);
#2012=ORIENTED_EDGE('',*,*,#1397,.T.);
#2013=ORIENTED_EDGE('',*,*,#1362,.F.);
#2014=ORIENTED_EDGE('',*,*,#1399,.F.);
#2015=ORIENTED_EDGE('',*,*,#1292,.F.);
#2016=ORIENTED_EDGE('',*,*,#1398,.T.);
#2017=ORIENTED_EDGE('',*,*,#1361,.F.);
#2018=ORIENTED_EDGE('',*,*,#1400,.F.);
#2019=ORIENTED_EDGE('',*,*,#1293,.F.);
#2020=ORIENTED_EDGE('',*,*,#1399,.T.);
#2021=ORIENTED_EDGE('',*,*,#1360,.F.);
#2022=ORIENTED_EDGE('',*,*,#1401,.F.);
#2023=ORIENTED_EDGE('',*,*,#1294,.F.);
#2024=ORIENTED_EDGE('',*,*,#1400,.T.);
#2025=ORIENTED_EDGE('',*,*,#1359,.F.);
#2026=ORIENTED_EDGE('',*,*,#1402,.F.);
#2027=ORIENTED_EDGE('',*,*,#1295,.F.);
#2028=ORIENTED_EDGE('',*,*,#1401,.T.);
#2029=ORIENTED_EDGE('',*,*,#1358,.F.);
#2030=ORIENTED_EDGE('',*,*,#1403,.F.);
#2031=ORIENTED_EDGE('',*,*,#1296,.F.);
#2032=ORIENTED_EDGE('',*,*,#1402,.T.);
#2033=ORIENTED_EDGE('',*,*,#1357,.F.);
#2034=ORIENTED_EDGE('',*,*,#1404,.F.);
#2035=ORIENTED_EDGE('',*,*,#1297,.F.);
#2036=ORIENTED_EDGE('',*,*,#1403,.T.);
#2037=ORIENTED_EDGE('',*,*,#1356,.F.);
#2038=ORIENTED_EDGE('',*,*,#1405,.F.);
#2039=ORIENTED_EDGE('',*,*,#1298,.F.);
#2040=ORIENTED_EDGE('',*,*,#1404,.T.);
#2041=ORIENTED_EDGE('',*,*,#1355,.F.);
#2042=ORIENTED_EDGE('',*,*,#1406,.F.);
#2043=ORIENTED_EDGE('',*,*,#1299,.F.);
#2044=ORIENTED_EDGE('',*,*,#1405,.T.);
#2045=ORIENTED_EDGE('',*,*,#1354,.F.);
#2046=ORIENTED_EDGE('',*,*,#1407,.F.);
#2047=ORIENTED_EDGE('',*,*,#1300,.F.);
#2048=ORIENTED_EDGE('',*,*,#1406,.T.);
#2049=ORIENTED_EDGE('',*,*,#1353,.F.);
#2050=ORIENTED_EDGE('',*,*,#1408,.F.);
#2051=ORIENTED_EDGE('',*,*,#1301,.F.);
#2052=ORIENTED_EDGE('',*,*,#1407,.T.);
#2053=ORIENTED_EDGE('',*,*,#1352,.F.);
#2054=ORIENTED_EDGE('',*,*,#1409,.F.);
#2055=ORIENTED_EDGE('',*,*,#1302,.F.);
#2056=ORIENTED_EDGE('',*,*,#1408,.T.);
#2057=ORIENTED_EDGE('',*,*,#1351,.F.);
#2058=ORIENTED_EDGE('',*,*,#1410,.F.);
#2059=ORIENTED_EDGE('',*,*,#1303,.F.);
#2060=ORIENTED_EDGE('',*,*,#1409,.T.);
#2061=ORIENTED_EDGE('',*,*,#1350,.F.);
#2062=ORIENTED_EDGE('',*,*,#1382,.F.);
#2063=ORIENTED_EDGE('',*,*,#1304,.F.);
#2064=ORIENTED_EDGE('',*,*,#1410,.T.);
#2065=ORIENTED_EDGE('',*,*,#1366,.F.);
#2066=ORIENTED_EDGE('',*,*,#1411,.F.);
#2067=ORIENTED_EDGE('',*,*,#1322,.F.);
#2068=ORIENTED_EDGE('',*,*,#1412,.T.);
#2069=ORIENTED_EDGE('',*,*,#1365,.F.);
#2070=ORIENTED_EDGE('',*,*,#1413,.F.);
#2071=ORIENTED_EDGE('',*,*,#1319,.F.);
#2072=ORIENTED_EDGE('',*,*,#1411,.T.);
#2073=ORIENTED_EDGE('',*,*,#1368,.F.);
#2074=ORIENTED_EDGE('',*,*,#1414,.F.);
#2075=ORIENTED_EDGE('',*,*,#1320,.F.);
#2076=ORIENTED_EDGE('',*,*,#1413,.T.);
#2077=ORIENTED_EDGE('',*,*,#1367,.F.);
#2078=ORIENTED_EDGE('',*,*,#1412,.F.);
#2079=ORIENTED_EDGE('',*,*,#1321,.F.);
#2080=ORIENTED_EDGE('',*,*,#1414,.T.);
#2081=ORIENTED_EDGE('',*,*,#1374,.F.);
#2082=ORIENTED_EDGE('',*,*,#1415,.F.);
#2083=ORIENTED_EDGE('',*,*,#1330,.F.);
#2084=ORIENTED_EDGE('',*,*,#1416,.T.);
#2085=ORIENTED_EDGE('',*,*,#1373,.F.);
#2086=ORIENTED_EDGE('',*,*,#1417,.F.);
#2087=ORIENTED_EDGE('',*,*,#1331,.F.);
#2088=ORIENTED_EDGE('',*,*,#1415,.T.);
#2089=ORIENTED_EDGE('',*,*,#1372,.F.);
#2090=ORIENTED_EDGE('',*,*,#1418,.F.);
#2091=ORIENTED_EDGE('',*,*,#1332,.F.);
#2092=ORIENTED_EDGE('',*,*,#1417,.T.);
#2093=ORIENTED_EDGE('',*,*,#1371,.F.);
#2094=ORIENTED_EDGE('',*,*,#1419,.F.);
#2095=ORIENTED_EDGE('',*,*,#1333,.F.);
#2096=ORIENTED_EDGE('',*,*,#1418,.T.);
#2097=ORIENTED_EDGE('',*,*,#1370,.F.);
#2098=ORIENTED_EDGE('',*,*,#1420,.F.);
#2099=ORIENTED_EDGE('',*,*,#1334,.F.);
#2100=ORIENTED_EDGE('',*,*,#1419,.T.);
#2101=ORIENTED_EDGE('',*,*,#1369,.F.);
#2102=ORIENTED_EDGE('',*,*,#1421,.F.);
#2103=ORIENTED_EDGE('',*,*,#1323,.F.);
#2104=ORIENTED_EDGE('',*,*,#1420,.T.);
#2105=ORIENTED_EDGE('',*,*,#1380,.F.);
#2106=ORIENTED_EDGE('',*,*,#1422,.F.);
#2107=ORIENTED_EDGE('',*,*,#1324,.F.);
#2108=ORIENTED_EDGE('',*,*,#1421,.T.);
#2109=ORIENTED_EDGE('',*,*,#1379,.F.);
#2110=ORIENTED_EDGE('',*,*,#1423,.F.);
#2111=ORIENTED_EDGE('',*,*,#1325,.F.);
#2112=ORIENTED_EDGE('',*,*,#1422,.T.);
#2113=ORIENTED_EDGE('',*,*,#1378,.F.);
#2114=ORIENTED_EDGE('',*,*,#1424,.F.);
#2115=ORIENTED_EDGE('',*,*,#1326,.F.);
#2116=ORIENTED_EDGE('',*,*,#1423,.T.);
#2117=ORIENTED_EDGE('',*,*,#1377,.F.);
#2118=ORIENTED_EDGE('',*,*,#1425,.F.);
#2119=ORIENTED_EDGE('',*,*,#1327,.F.);
#2120=ORIENTED_EDGE('',*,*,#1424,.T.);
#2121=ORIENTED_EDGE('',*,*,#1376,.F.);
#2122=ORIENTED_EDGE('',*,*,#1426,.F.);
#2123=ORIENTED_EDGE('',*,*,#1328,.F.);
#2124=ORIENTED_EDGE('',*,*,#1425,.T.);
#2125=ORIENTED_EDGE('',*,*,#1375,.F.);
#2126=ORIENTED_EDGE('',*,*,#1416,.F.);
#2127=ORIENTED_EDGE('',*,*,#1329,.F.);
#2128=ORIENTED_EDGE('',*,*,#1426,.T.);
#2129=B_SPLINE_SURFACE_WITH_KNOTS('',3,1,((#2637,#2638),(#2639,#2640),(#2641,
#2642),(#2643,#2644),(#2645,#2646)),.UNSPECIFIED.,.F.,.F.,.F.,(4,1,4),(2,
2),(-0.336006008242764,-0.205995755633303,0.),(0.,0.55),.UNSPECIFIED.);
#2130=B_SPLINE_SURFACE_WITH_KNOTS('',3,1,((#2665,#2666),(#2667,#2668),(#2669,
#2670),(#2671,#2672),(#2673,#2674)),.UNSPECIFIED.,.F.,.F.,.F.,(4,1,4),(2,
2),(-0.170291808629417,-0.0888519269407369,0.),(0.,0.55),.UNSPECIFIED.);
#2131=B_SPLINE_SURFACE_WITH_KNOTS('',3,1,((#2690,#2691),(#2692,#2693),(#2694,
#2695),(#2696,#2697),(#2698,#2699)),.UNSPECIFIED.,.F.,.F.,.F.,(4,1,4),(2,
2),(-0.157930611451318,-0.0781367592256189,0.),(0.,0.55),.UNSPECIFIED.);
#2132=B_SPLINE_SURFACE_WITH_KNOTS('',3,1,((#2715,#2716),(#2717,#2718),(#2719,
#2720),(#2721,#2722),(#2723,#2724)),.UNSPECIFIED.,.F.,.F.,.F.,(4,1,4),(2,
2),(-0.346684591575233,-0.138541975825829,0.),(0.,0.55),.UNSPECIFIED.);
#2133=B_SPLINE_SURFACE_WITH_KNOTS('',3,1,((#2740,#2741),(#2742,#2743),(#2744,
#2745),(#2746,#2747),(#2748,#2749)),.UNSPECIFIED.,.F.,.F.,.F.,(4,1,4),(2,
2),(-0.335661086473073,-0.205570446033796,0.),(0.,0.55),.UNSPECIFIED.);
#2134=B_SPLINE_SURFACE_WITH_KNOTS('',3,1,((#2765,#2766),(#2767,#2768),(#2769,
#2770),(#2771,#2772),(#2773,#2774)),.UNSPECIFIED.,.F.,.F.,.F.,(4,1,4),(2,
2),(-0.169250763425189,-0.0887797039097937,0.),(0.,0.55),.UNSPECIFIED.);
#2135=B_SPLINE_SURFACE_WITH_KNOTS('',3,1,((#2790,#2791),(#2792,#2793),(#2794,
#2795),(#2796,#2797),(#2798,#2799)),.UNSPECIFIED.,.F.,.F.,.F.,(4,1,4),(2,
2),(-0.169448720738606,-0.0804925713819205,0.),(0.,0.55),.UNSPECIFIED.);
#2136=B_SPLINE_SURFACE_WITH_KNOTS('',3,1,((#2815,#2816),(#2817,#2818),(#2819,
#2820),(#2821,#2822),(#2823,#2824)),.UNSPECIFIED.,.F.,.F.,.F.,(4,1,4),(2,
2),(-0.335316243028855,-0.130171034435911,0.),(0.,0.55),.UNSPECIFIED.);
#2137=B_SPLINE_SURFACE_WITH_KNOTS('',3,1,((#2839,#2840),(#2841,#2842),(#2843,
#2844),(#2845,#2846),(#2847,#2848)),.UNSPECIFIED.,.F.,.F.,.F.,(4,1,4),(2,
2),(-0.336006008242764,-0.205995755633303,0.),(0.,0.066),.UNSPECIFIED.);
#2138=B_SPLINE_SURFACE_WITH_KNOTS('',3,1,((#2867,#2868),(#2869,#2870),(#2871,
#2872),(#2873,#2874),(#2875,#2876)),.UNSPECIFIED.,.F.,.F.,.F.,(4,1,4),(2,
2),(-0.170291808629417,-0.0888519269407369,0.),(0.,0.066),.UNSPECIFIED.);
#2139=B_SPLINE_SURFACE_WITH_KNOTS('',3,1,((#2892,#2893),(#2894,#2895),(#2896,
#2897),(#2898,#2899),(#2900,#2901)),.UNSPECIFIED.,.F.,.F.,.F.,(4,1,4),(2,
2),(-0.157930611451318,-0.0781367592256189,0.),(0.,0.066),.UNSPECIFIED.);
#2140=B_SPLINE_SURFACE_WITH_KNOTS('',3,1,((#2917,#2918),(#2919,#2920),(#2921,
#2922),(#2923,#2924),(#2925,#2926)),.UNSPECIFIED.,.F.,.F.,.F.,(4,1,4),(2,
2),(-0.346684591575233,-0.138541975825829,0.),(0.,0.066),.UNSPECIFIED.);
#2141=B_SPLINE_SURFACE_WITH_KNOTS('',3,1,((#2942,#2943),(#2944,#2945),(#2946,
#2947),(#2948,#2949),(#2950,#2951)),.UNSPECIFIED.,.F.,.F.,.F.,(4,1,4),(2,
2),(-0.237851588163006,-0.104291649604622,0.),(0.,0.066),.UNSPECIFIED.);
#2142=B_SPLINE_SURFACE_WITH_KNOTS('',3,1,((#2970,#2971),(#2972,#2973),(#2974,
#2975),(#2976,#2977),(#2978,#2979)),.UNSPECIFIED.,.F.,.F.,.F.,(4,1,4),(2,
2),(-0.287268098546996,-0.159277782296877,0.),(0.,0.066),.UNSPECIFIED.);
#2143=B_SPLINE_SURFACE_WITH_KNOTS('',3,1,((#2995,#2996),(#2997,#2998),(#2999,
#3000),(#3001,#3002),(#3003,#3004)),.UNSPECIFIED.,.F.,.F.,.F.,(4,1,4),(2,
2),(-0.201062870438113,-0.105922809435188,0.),(0.,0.066),.UNSPECIFIED.);
#2144=B_SPLINE_SURFACE_WITH_KNOTS('',3,1,((#3020,#3021),(#3022,#3023),(#3024,
#3025),(#3026,#3027),(#3028,#3029)),.UNSPECIFIED.,.F.,.F.,.F.,(4,1,4),(2,
2),(-0.194113485332963,-0.0926771787059894,0.),(0.,0.066),.UNSPECIFIED.);
#2145=B_SPLINE_SURFACE_WITH_KNOTS('',3,1,((#3045,#3046),(#3047,#3048),(#3049,
#3050),(#3051,#3052),(#3053,#3054)),.UNSPECIFIED.,.F.,.F.,.F.,(4,1,4),(2,
2),(-0.256817413042886,-0.131669479465675,0.),(0.,0.066),.UNSPECIFIED.);
#2146=B_SPLINE_SURFACE_WITH_KNOTS('',3,1,((#3070,#3071),(#3072,#3073),(#3074,
#3075),(#3076,#3077),(#3078,#3079)),.UNSPECIFIED.,.F.,.F.,.F.,(4,1,4),(2,
2),(-0.423798123082955,-0.180044075966027,0.),(0.,0.066),.UNSPECIFIED.);
#2147=B_SPLINE_SURFACE_WITH_KNOTS('',3,1,((#3095,#3096),(#3097,#3098),(#3099,
#3100),(#3101,#3102),(#3103,#3104)),.UNSPECIFIED.,.F.,.F.,.F.,(4,1,4),(2,
2),(-0.335661086473073,-0.205570446033796,0.),(0.,0.066),.UNSPECIFIED.);
#2148=B_SPLINE_SURFACE_WITH_KNOTS('',3,1,((#3120,#3121),(#3122,#3123),(#3124,
#3125),(#3126,#3127),(#3128,#3129)),.UNSPECIFIED.,.F.,.F.,.F.,(4,1,4),(2,
2),(-0.169250763425189,-0.0887797039097937,0.),(0.,0.066),.UNSPECIFIED.);
#2149=B_SPLINE_SURFACE_WITH_KNOTS('',3,1,((#3145,#3146),(#3147,#3148),(#3149,
#3150),(#3151,#3152),(#3153,#3154)),.UNSPECIFIED.,.F.,.F.,.F.,(4,1,4),(2,
2),(-0.169448720738606,-0.0804925713819205,0.),(0.,0.066),.UNSPECIFIED.);
#2150=B_SPLINE_SURFACE_WITH_KNOTS('',3,1,((#3169,#3170),(#3171,#3172),(#3173,
#3174),(#3175,#3176),(#3177,#3178)),.UNSPECIFIED.,.F.,.F.,.F.,(4,1,4),(2,
2),(-0.335316243028855,-0.130171034435911,0.),(0.,0.066),.UNSPECIFIED.);
#2151=B_SPLINE_SURFACE_WITH_KNOTS('',3,1,((#3191,#3192),(#3193,#3194),(#3195,
#3196),(#3197,#3198),(#3199,#3200)),.UNSPECIFIED.,.F.,.F.,.F.,(4,1,4),(2,
2),(-0.288682140165076,-0.160304208813227,0.),(0.,0.066),.UNSPECIFIED.);
#2152=B_SPLINE_SURFACE_WITH_KNOTS('',3,1,((#3215,#3216),(#3217,#3218),(#3219,
#3220),(#3221,#3222),(#3223,#3224)),.UNSPECIFIED.,.F.,.F.,.F.,(4,1,4),(2,
2),(-0.200960184355821,-0.105954916716038,0.),(0.,0.066),.UNSPECIFIED.);
#2153=B_SPLINE_SURFACE_WITH_KNOTS('',3,1,((#3240,#3241),(#3242,#3243),(#3244,
#3245),(#3246,#3247),(#3248,#3249)),.UNSPECIFIED.,.F.,.F.,.F.,(4,1,4),(2,
2),(-0.19332298306644,-0.092405057542564,0.),(0.,0.066),.UNSPECIFIED.);
#2154=B_SPLINE_SURFACE_WITH_KNOTS('',3,1,((#3264,#3265),(#3266,#3267),(#3268,
#3269),(#3270,#3271),(#3272,#3273)),.UNSPECIFIED.,.F.,.F.,.F.,(4,1,4),(2,
2),(-0.145986462658523,-0.0759786940900337,0.),(0.,0.066),.UNSPECIFIED.);
#2155=B_SPLINE_SURFACE_WITH_KNOTS('',3,1,((#3289,#3290),(#3291,#3292),(#3293,
#3294),(#3295,#3296),(#3297,#3298)),.UNSPECIFIED.,.F.,.F.,.F.,(4,1,4),(2,
2),(-0.138205594222864,-0.0680953743457991,0.),(0.,0.066),.UNSPECIFIED.);
#2156=B_SPLINE_SURFACE_WITH_KNOTS('',3,1,((#3314,#3315),(#3316,#3317),(#3318,
#3319),(#3320,#3321),(#3322,#3323)),.UNSPECIFIED.,.F.,.F.,.F.,(4,1,4),(2,
2),(-0.161664261142133,-0.0763515214853463,0.),(0.,0.066),.UNSPECIFIED.);
#2157=B_SPLINE_SURFACE_WITH_KNOTS('',3,1,((#3364,#3365),(#3366,#3367),(#3368,
#3369),(#3370,#3371),(#3372,#3373)),.UNSPECIFIED.,.F.,.F.,.F.,(4,1,4),(2,
2),(-0.150440874291317,-0.0685954371001176,0.),(0.,0.066),.UNSPECIFIED.);
#2158=B_SPLINE_SURFACE_WITH_KNOTS('',3,1,((#3398,#3399),(#3400,#3401),(#3402,
#3403),(#3404,#3405),(#3406,#3407)),.UNSPECIFIED.,.F.,.F.,.F.,(4,1,4),(2,
2),(-0.220352286027577,-0.115592807259078,0.),(0.,0.066),.UNSPECIFIED.);
#2159=B_SPLINE_SURFACE_WITH_KNOTS('',3,1,((#3423,#3424),(#3425,#3426),(#3427,
#3428),(#3429,#3430),(#3431,#3432)),.UNSPECIFIED.,.F.,.F.,.F.,(4,1,4),(2,
2),(-0.213271989077421,-0.102988856423018,0.),(0.,0.066),.UNSPECIFIED.);
#2160=B_SPLINE_SURFACE_WITH_KNOTS('',3,1,((#3448,#3449),(#3450,#3451),(#3452,
#3453),(#3454,#3455),(#3456,#3457)),.UNSPECIFIED.,.F.,.F.,.F.,(4,1,4),(2,
2),(-0.155900423202469,-0.0791043289466597,0.),(0.,0.066),.UNSPECIFIED.);
#2161=B_SPLINE_SURFACE_WITH_KNOTS('',3,1,((#3473,#3474),(#3475,#3476),(#3477,
#3478),(#3479,#3480),(#3481,#3482)),.UNSPECIFIED.,.F.,.F.,.F.,(4,1,4),(2,
2),(-0.143898436150543,-0.0736225541904797,0.),(0.,0.066),.UNSPECIFIED.);
#2162=B_SPLINE_SURFACE_WITH_KNOTS('',3,1,((#3498,#3499),(#3500,#3501),(#3502,
#3503),(#3504,#3505),(#3506,#3507)),.UNSPECIFIED.,.F.,.F.,.F.,(4,1,4),(2,
2),(-0.135269921580834,-0.0683085188952595,0.),(0.,0.066),.UNSPECIFIED.);
#2163=B_SPLINE_SURFACE_WITH_KNOTS('',3,1,((#3522,#3523),(#3524,#3525),(#3526,
#3527),(#3528,#3529),(#3530,#3531)),.UNSPECIFIED.,.F.,.F.,.F.,(4,1,4),(2,
2),(-0.124386296854106,-0.0625111213925013,0.),(0.,0.066),.UNSPECIFIED.);
#2164=B_SPLINE_SURFACE_WITH_KNOTS('',3,1,((#3546,#3547),(#3548,#3549),(#3550,
#3551),(#3552,#3553),(#3554,#3555)),.UNSPECIFIED.,.F.,.F.,.F.,(4,1,4),(2,
2),(-0.134636442747052,-0.0643538448805992,0.),(0.,0.066),.UNSPECIFIED.);
#2165=B_SPLINE_SURFACE_WITH_KNOTS('',3,1,((#3570,#3571),(#3572,#3573),(#3574,
#3575),(#3576,#3577),(#3578,#3579)),.UNSPECIFIED.,.F.,.F.,.F.,(4,1,4),(2,
2),(-0.164457818274222,-0.0848359315702996,0.),(0.,0.066),.UNSPECIFIED.);
#2166=B_SPLINE_SURFACE_WITH_KNOTS('',3,1,((#3595,#3596),(#3597,#3598),(#3599,
#3600),(#3601,#3602),(#3603,#3604)),.UNSPECIFIED.,.F.,.F.,.F.,(4,1,4),(2,
2),(-0.170982573423144,-0.0813754500659242,0.),(0.,0.066),.UNSPECIFIED.);
#2167=B_SPLINE_SURFACE_WITH_KNOTS('',3,1,((#3620,#3621),(#3622,#3623),(#3624,
#3625),(#3626,#3627),(#3628,#3629)),.UNSPECIFIED.,.F.,.F.,.F.,(4,1,4),(2,
2),(-0.247176437769844,-0.123325524416227,0.),(0.,0.066),.UNSPECIFIED.);
#2168=B_SPLINE_SURFACE_WITH_KNOTS('',3,1,((#3645,#3646),(#3647,#3648),(#3649,
#3650),(#3651,#3652),(#3653,#3654)),.UNSPECIFIED.,.F.,.F.,.F.,(4,1,4),(2,
2),(-0.263168088610475,-0.127882714575992,0.),(0.,0.066),.UNSPECIFIED.);
#2169=B_SPLINE_SURFACE_WITH_KNOTS('',3,1,((#3670,#3671),(#3672,#3673),(#3674,
#3675),(#3676,#3677),(#3678,#3679)),.UNSPECIFIED.,.F.,.F.,.F.,(4,1,4),(2,
2),(-0.23649158702525,-0.122066562568434,0.),(0.,0.066),.UNSPECIFIED.);
#2170=B_SPLINE_SURFACE_WITH_KNOTS('',3,1,((#3695,#3696),(#3697,#3698),(#3699,
#3700),(#3701,#3702),(#3703,#3704)),.UNSPECIFIED.,.F.,.F.,.F.,(4,1,4),(2,
2),(-0.230400588549192,-0.113013257130081,0.),(0.,0.066),.UNSPECIFIED.);
#2171=B_SPLINE_SURFACE_WITH_KNOTS('',3,1,((#3726,#3727),(#3728,#3729),(#3730,
#3731),(#3732,#3733),(#3734,#3735)),.UNSPECIFIED.,.F.,.F.,.F.,(4,1,4),(2,
2),(-0.168777229133401,-0.0942193351378142,0.),(0.,0.066),.UNSPECIFIED.);
#2172=B_SPLINE_SURFACE_WITH_KNOTS('',3,1,((#3751,#3752),(#3753,#3754),(#3755,
#3756),(#3757,#3758),(#3759,#3760)),.UNSPECIFIED.,.F.,.F.,.F.,(4,1,4),(2,
2),(-0.134519524521169,-0.0660988602295083,0.),(0.,0.066),.UNSPECIFIED.);
#2173=B_SPLINE_SURFACE_WITH_KNOTS('',3,1,((#3776,#3777),(#3778,#3779),(#3780,
#3781),(#3782,#3783),(#3784,#3785)),.UNSPECIFIED.,.F.,.F.,.F.,(4,1,4),(2,
2),(-0.161533215702855,-0.0812914494592196,0.),(0.,0.066),.UNSPECIFIED.);
#2174=B_SPLINE_SURFACE_WITH_KNOTS('',3,1,((#3801,#3802),(#3803,#3804),(#3805,
#3806),(#3807,#3808),(#3809,#3810)),.UNSPECIFIED.,.F.,.F.,.F.,(4,1,4),(2,
2),(-0.163604970181515,-0.0807361363281862,0.),(0.,0.066),.UNSPECIFIED.);
#2175=B_SPLINE_SURFACE_WITH_KNOTS('',3,1,((#3826,#3827),(#3828,#3829),(#3830,
#3831),(#3832,#3833),(#3834,#3835)),.UNSPECIFIED.,.F.,.F.,.F.,(4,1,4),(2,
2),(-0.153239976155085,-0.0783922848827626,0.),(0.,0.066),.UNSPECIFIED.);
#2176=B_SPLINE_SURFACE_WITH_KNOTS('',3,1,((#3851,#3852),(#3853,#3854),(#3855,
#3856),(#3857,#3858),(#3859,#3860)),.UNSPECIFIED.,.F.,.F.,.F.,(4,1,4),(2,
2),(-0.154027518504563,-0.0750624720894344,0.),(0.,0.066),.UNSPECIFIED.);
#2177=B_SPLINE_SURFACE_WITH_KNOTS('',3,1,((#3876,#3877),(#3878,#3879),(#3880,
#3881),(#3882,#3883),(#3884,#3885)),.UNSPECIFIED.,.F.,.F.,.F.,(4,1,4),(2,
2),(-0.0878667199070035,-0.0392004838453195,0.),(0.,0.066),
 .UNSPECIFIED.);
#2178=B_SPLINE_SURFACE_WITH_KNOTS('',3,1,((#3906,#3907),(#3908,#3909),(#3910,
#3911),(#3912,#3913),(#3914,#3915)),.UNSPECIFIED.,.F.,.F.,.F.,(4,1,4),(2,
2),(-0.0198355158263658,-0.0111316938773771,0.),(0.,0.066),
 .UNSPECIFIED.);
#2179=B_SPLINE_SURFACE_WITH_KNOTS('',3,1,((#3931,#3932),(#3933,#3934),(#3935,
#3936),(#3937,#3938),(#3939,#3940)),.UNSPECIFIED.,.F.,.F.,.F.,(4,1,4),(2,
2),(-0.148625928782693,-0.0752216494643514,0.),(0.,0.066),.UNSPECIFIED.);
#2180=B_SPLINE_SURFACE_WITH_KNOTS('',3,1,((#3956,#3957),(#3958,#3959),(#3960,
#3961),(#3962,#3963),(#3964,#3965)),.UNSPECIFIED.,.F.,.F.,.F.,(4,1,4),(2,
2),(-0.145969126791131,-0.0701467460346487,0.),(0.,0.066),.UNSPECIFIED.);
#2181=B_SPLINE_SURFACE_WITH_KNOTS('',3,1,((#3981,#3982),(#3983,#3984),(#3985,
#3986),(#3987,#3988),(#3989,#3990)),.UNSPECIFIED.,.F.,.F.,.F.,(4,1,4),(2,
2),(-0.123514593501185,-0.0627810324626264,0.),(0.,0.066),.UNSPECIFIED.);
#2182=B_SPLINE_SURFACE_WITH_KNOTS('',3,1,((#4006,#4007),(#4008,#4009),(#4010,
#4011),(#4012,#4013),(#4014,#4015)),.UNSPECIFIED.,.F.,.F.,.F.,(4,1,4),(2,
2),(-0.128605639040792,-0.0620216574692813,0.),(0.,0.066),.UNSPECIFIED.);
#2183=B_SPLINE_SURFACE_WITH_KNOTS('',3,1,((#4031,#4032),(#4033,#4034),(#4035,
#4036),(#4037,#4038),(#4039,#4040)),.UNSPECIFIED.,.F.,.F.,.F.,(4,1,4),(2,
2),(-0.130060834622971,-0.0666125899867696,0.),(0.,0.066),.UNSPECIFIED.);
#2184=B_SPLINE_SURFACE_WITH_KNOTS('',3,1,((#4685,#4686),(#4687,#4688),(#4689,
#4690),(#4691,#4692),(#4693,#4694)),.UNSPECIFIED.,.F.,.F.,.F.,(4,1,4),(2,
2),(-0.130060834622971,-0.0666125899867696,0.),(0.,0.55),.UNSPECIFIED.);
#2185=B_SPLINE_SURFACE_WITH_KNOTS('',3,1,((#4697,#4698),(#4699,#4700),(#4701,
#4702),(#4703,#4704),(#4705,#4706)),.UNSPECIFIED.,.F.,.F.,.F.,(4,1,4),(2,
2),(-0.128605639040792,-0.0620216574692813,0.),(0.,0.55),.UNSPECIFIED.);
#2186=B_SPLINE_SURFACE_WITH_KNOTS('',3,1,((#4708,#4709),(#4710,#4711),(#4712,
#4713),(#4714,#4715),(#4716,#4717)),.UNSPECIFIED.,.F.,.F.,.F.,(4,1,4),(2,
2),(-0.123514593501185,-0.0627810324626264,0.),(0.,0.55),.UNSPECIFIED.);
#2187=B_SPLINE_SURFACE_WITH_KNOTS('',3,1,((#4719,#4720),(#4721,#4722),(#4723,
#4724),(#4725,#4726),(#4727,#4728)),.UNSPECIFIED.,.F.,.F.,.F.,(4,1,4),(2,
2),(-0.145969126791131,-0.0701467460346487,0.),(0.,0.55),.UNSPECIFIED.);
#2188=B_SPLINE_SURFACE_WITH_KNOTS('',3,1,((#4730,#4731),(#4732,#4733),(#4734,
#4735),(#4736,#4737),(#4738,#4739)),.UNSPECIFIED.,.F.,.F.,.F.,(4,1,4),(2,
2),(-0.148625928782693,-0.0752216494643514,0.),(0.,0.55),.UNSPECIFIED.);
#2189=B_SPLINE_SURFACE_WITH_KNOTS('',3,1,((#4741,#4742),(#4743,#4744),(#4745,
#4746),(#4747,#4748),(#4749,#4750)),.UNSPECIFIED.,.F.,.F.,.F.,(4,1,4),(2,
2),(-0.0198355158263658,-0.0111316938773771,0.),(0.,0.55),.UNSPECIFIED.);
#2190=B_SPLINE_SURFACE_WITH_KNOTS('',3,1,((#4754,#4755),(#4756,#4757),(#4758,
#4759),(#4760,#4761),(#4762,#4763)),.UNSPECIFIED.,.F.,.F.,.F.,(4,1,4),(2,
2),(-0.0878667199070035,-0.0392004838453195,0.),(0.,0.55),.UNSPECIFIED.);
#2191=B_SPLINE_SURFACE_WITH_KNOTS('',3,1,((#4765,#4766),(#4767,#4768),(#4769,
#4770),(#4771,#4772),(#4773,#4774)),.UNSPECIFIED.,.F.,.F.,.F.,(4,1,4),(2,
2),(-0.154027518504563,-0.0750624720894344,0.),(0.,0.55),.UNSPECIFIED.);
#2192=B_SPLINE_SURFACE_WITH_KNOTS('',3,1,((#4776,#4777),(#4778,#4779),(#4780,
#4781),(#4782,#4783),(#4784,#4785)),.UNSPECIFIED.,.F.,.F.,.F.,(4,1,4),(2,
2),(-0.153239976155085,-0.0783922848827626,0.),(0.,0.55),.UNSPECIFIED.);
#2193=B_SPLINE_SURFACE_WITH_KNOTS('',3,1,((#4787,#4788),(#4789,#4790),(#4791,
#4792),(#4793,#4794),(#4795,#4796)),.UNSPECIFIED.,.F.,.F.,.F.,(4,1,4),(2,
2),(-0.163604970181515,-0.0807361363281862,0.),(0.,0.55),.UNSPECIFIED.);
#2194=B_SPLINE_SURFACE_WITH_KNOTS('',3,1,((#4798,#4799),(#4800,#4801),(#4802,
#4803),(#4804,#4805),(#4806,#4807)),.UNSPECIFIED.,.F.,.F.,.F.,(4,1,4),(2,
2),(-0.161533215702855,-0.0812914494592196,0.),(0.,0.55),.UNSPECIFIED.);
#2195=B_SPLINE_SURFACE_WITH_KNOTS('',3,1,((#4809,#4810),(#4811,#4812),(#4813,
#4814),(#4815,#4816),(#4817,#4818)),.UNSPECIFIED.,.F.,.F.,.F.,(4,1,4),(2,
2),(-0.134519524521169,-0.0660988602295083,0.),(0.,0.55),.UNSPECIFIED.);
#2196=B_SPLINE_SURFACE_WITH_KNOTS('',3,1,((#4820,#4821),(#4822,#4823),(#4824,
#4825),(#4826,#4827),(#4828,#4829)),.UNSPECIFIED.,.F.,.F.,.F.,(4,1,4),(2,
2),(-0.168777229133401,-0.0942193351378142,0.),(0.,0.55),.UNSPECIFIED.);
#2197=B_SPLINE_SURFACE_WITH_KNOTS('',3,1,((#4833,#4834),(#4835,#4836),(#4837,
#4838),(#4839,#4840),(#4841,#4842)),.UNSPECIFIED.,.F.,.F.,.F.,(4,1,4),(2,
2),(-0.230400588549192,-0.113013257130081,0.),(0.,0.55),.UNSPECIFIED.);
#2198=B_SPLINE_SURFACE_WITH_KNOTS('',3,1,((#4844,#4845),(#4846,#4847),(#4848,
#4849),(#4850,#4851),(#4852,#4853)),.UNSPECIFIED.,.F.,.F.,.F.,(4,1,4),(2,
2),(-0.23649158702525,-0.122066562568434,0.),(0.,0.55),.UNSPECIFIED.);
#2199=B_SPLINE_SURFACE_WITH_KNOTS('',3,1,((#4855,#4856),(#4857,#4858),(#4859,
#4860),(#4861,#4862),(#4863,#4864)),.UNSPECIFIED.,.F.,.F.,.F.,(4,1,4),(2,
2),(-0.263168088610475,-0.127882714575992,0.),(0.,0.55),.UNSPECIFIED.);
#2200=B_SPLINE_SURFACE_WITH_KNOTS('',3,1,((#4866,#4867),(#4868,#4869),(#4870,
#4871),(#4872,#4873),(#4874,#4875)),.UNSPECIFIED.,.F.,.F.,.F.,(4,1,4),(2,
2),(-0.247176437769844,-0.123325524416227,0.),(0.,0.55),.UNSPECIFIED.);
#2201=B_SPLINE_SURFACE_WITH_KNOTS('',3,1,((#4877,#4878),(#4879,#4880),(#4881,
#4882),(#4883,#4884),(#4885,#4886)),.UNSPECIFIED.,.F.,.F.,.F.,(4,1,4),(2,
2),(-0.170982573423144,-0.0813754500659242,0.),(0.,0.55),.UNSPECIFIED.);
#2202=B_SPLINE_SURFACE_WITH_KNOTS('',3,1,((#4888,#4889),(#4890,#4891),(#4892,
#4893),(#4894,#4895),(#4896,#4897)),.UNSPECIFIED.,.F.,.F.,.F.,(4,1,4),(2,
2),(-0.164457818274222,-0.0848359315702996,0.),(0.,0.55),.UNSPECIFIED.);
#2203=B_SPLINE_SURFACE_WITH_KNOTS('',3,1,((#4899,#4900),(#4901,#4902),(#4903,
#4904),(#4905,#4906),(#4907,#4908)),.UNSPECIFIED.,.F.,.F.,.F.,(4,1,4),(2,
2),(-0.134636442747052,-0.0643538448805992,0.),(0.,0.55),.UNSPECIFIED.);
#2204=B_SPLINE_SURFACE_WITH_KNOTS('',3,1,((#4910,#4911),(#4912,#4913),(#4914,
#4915),(#4916,#4917),(#4918,#4919)),.UNSPECIFIED.,.F.,.F.,.F.,(4,1,4),(2,
2),(-0.124386296854106,-0.0625111213925013,0.),(0.,0.55),.UNSPECIFIED.);
#2205=B_SPLINE_SURFACE_WITH_KNOTS('',3,1,((#4921,#4922),(#4923,#4924),(#4925,
#4926),(#4927,#4928),(#4929,#4930)),.UNSPECIFIED.,.F.,.F.,.F.,(4,1,4),(2,
2),(-0.135269921580834,-0.0683085188952595,0.),(0.,0.55),.UNSPECIFIED.);
#2206=B_SPLINE_SURFACE_WITH_KNOTS('',3,1,((#4932,#4933),(#4934,#4935),(#4936,
#4937),(#4938,#4939),(#4940,#4941)),.UNSPECIFIED.,.F.,.F.,.F.,(4,1,4),(2,
2),(-0.143898436150543,-0.0736225541904797,0.),(0.,0.55),.UNSPECIFIED.);
#2207=B_SPLINE_SURFACE_WITH_KNOTS('',3,1,((#4943,#4944),(#4945,#4946),(#4947,
#4948),(#4949,#4950),(#4951,#4952)),.UNSPECIFIED.,.F.,.F.,.F.,(4,1,4),(2,
2),(-0.155900423202469,-0.0791043289466597,0.),(0.,0.55),.UNSPECIFIED.);
#2208=B_SPLINE_SURFACE_WITH_KNOTS('',3,1,((#4954,#4955),(#4956,#4957),(#4958,
#4959),(#4960,#4961),(#4962,#4963)),.UNSPECIFIED.,.F.,.F.,.F.,(4,1,4),(2,
2),(-0.213271989077421,-0.102988856423018,0.),(0.,0.55),.UNSPECIFIED.);
#2209=B_SPLINE_SURFACE_WITH_KNOTS('',3,1,((#4965,#4966),(#4967,#4968),(#4969,
#4970),(#4971,#4972),(#4973,#4974)),.UNSPECIFIED.,.F.,.F.,.F.,(4,1,4),(2,
2),(-0.220352286027577,-0.115592807259078,0.),(0.,0.55),.UNSPECIFIED.);
#2210=B_SPLINE_SURFACE_WITH_KNOTS('',3,1,((#4978,#4979),(#4980,#4981),(#4982,
#4983),(#4984,#4985),(#4986,#4987)),.UNSPECIFIED.,.F.,.F.,.F.,(4,1,4),(2,
2),(-0.150440874291317,-0.0685954371001176,0.),(0.,0.55),.UNSPECIFIED.);
#2211=B_SPLINE_SURFACE_WITH_KNOTS('',3,1,((#4996,#4997),(#4998,#4999),(#5000,
#5001),(#5002,#5003),(#5004,#5005)),.UNSPECIFIED.,.F.,.F.,.F.,(4,1,4),(2,
2),(-0.161664261142133,-0.0763515214853463,0.),(0.,0.55),.UNSPECIFIED.);
#2212=B_SPLINE_SURFACE_WITH_KNOTS('',3,1,((#5008,#5009),(#5010,#5011),(#5012,
#5013),(#5014,#5015),(#5016,#5017)),.UNSPECIFIED.,.F.,.F.,.F.,(4,1,4),(2,
2),(-0.138205594222864,-0.0680953743457991,0.),(0.,0.55),.UNSPECIFIED.);
#2213=B_SPLINE_SURFACE_WITH_KNOTS('',3,1,((#5019,#5020),(#5021,#5022),(#5023,
#5024),(#5025,#5026),(#5027,#5028)),.UNSPECIFIED.,.F.,.F.,.F.,(4,1,4),(2,
2),(-0.145986462658523,-0.0759786940900337,0.),(0.,0.55),.UNSPECIFIED.);
#2214=B_SPLINE_SURFACE_WITH_KNOTS('',3,1,((#5030,#5031),(#5032,#5033),(#5034,
#5035),(#5036,#5037),(#5038,#5039)),.UNSPECIFIED.,.F.,.F.,.F.,(4,1,4),(2,
2),(-0.19332298306644,-0.092405057542564,0.),(0.,0.55),.UNSPECIFIED.);
#2215=B_SPLINE_SURFACE_WITH_KNOTS('',3,1,((#5041,#5042),(#5043,#5044),(#5045,
#5046),(#5047,#5048),(#5049,#5050)),.UNSPECIFIED.,.F.,.F.,.F.,(4,1,4),(2,
2),(-0.200960184355821,-0.105954916716038,0.),(0.,0.55),.UNSPECIFIED.);
#2216=B_SPLINE_SURFACE_WITH_KNOTS('',3,1,((#5052,#5053),(#5054,#5055),(#5056,
#5057),(#5058,#5059),(#5060,#5061)),.UNSPECIFIED.,.F.,.F.,.F.,(4,1,4),(2,
2),(-0.288682140165076,-0.160304208813227,0.),(0.,0.55),.UNSPECIFIED.);
#2217=B_SPLINE_SURFACE_WITH_KNOTS('',3,1,((#5063,#5064),(#5065,#5066),(#5067,
#5068),(#5069,#5070),(#5071,#5072)),.UNSPECIFIED.,.F.,.F.,.F.,(4,1,4),(2,
2),(-0.423798123082955,-0.180044075966027,0.),(0.,0.55),.UNSPECIFIED.);
#2218=B_SPLINE_SURFACE_WITH_KNOTS('',3,1,((#5074,#5075),(#5076,#5077),(#5078,
#5079),(#5080,#5081),(#5082,#5083)),.UNSPECIFIED.,.F.,.F.,.F.,(4,1,4),(2,
2),(-0.256817413042886,-0.131669479465675,0.),(0.,0.55),.UNSPECIFIED.);
#2219=B_SPLINE_SURFACE_WITH_KNOTS('',3,1,((#5085,#5086),(#5087,#5088),(#5089,
#5090),(#5091,#5092),(#5093,#5094)),.UNSPECIFIED.,.F.,.F.,.F.,(4,1,4),(2,
2),(-0.194113485332963,-0.0926771787059894,0.),(0.,0.55),.UNSPECIFIED.);
#2220=B_SPLINE_SURFACE_WITH_KNOTS('',3,1,((#5096,#5097),(#5098,#5099),(#5100,
#5101),(#5102,#5103),(#5104,#5105)),.UNSPECIFIED.,.F.,.F.,.F.,(4,1,4),(2,
2),(-0.201062870438113,-0.105922809435188,0.),(0.,0.55),.UNSPECIFIED.);
#2221=B_SPLINE_SURFACE_WITH_KNOTS('',3,1,((#5107,#5108),(#5109,#5110),(#5111,
#5112),(#5113,#5114),(#5115,#5116)),.UNSPECIFIED.,.F.,.F.,.F.,(4,1,4),(2,
2),(-0.287268098546996,-0.159277782296877,0.),(0.,0.55),.UNSPECIFIED.);
#2222=B_SPLINE_SURFACE_WITH_KNOTS('',3,1,((#5118,#5119),(#5120,#5121),(#5122,
#5123),(#5124,#5125),(#5126,#5127)),.UNSPECIFIED.,.F.,.F.,.F.,(4,1,4),(2,
2),(-0.237851588163006,-0.104291649604622,0.),(0.,0.55),.UNSPECIFIED.);
#2223=ADVANCED_FACE('',(#68),#2129,.F.);
#2224=ADVANCED_FACE('',(#69),#2130,.F.);
#2225=ADVANCED_FACE('',(#70),#2131,.F.);
#2226=ADVANCED_FACE('',(#71),#2132,.F.);
#2227=ADVANCED_FACE('',(#72),#2133,.F.);
#2228=ADVANCED_FACE('',(#73),#2134,.F.);
#2229=ADVANCED_FACE('',(#74),#2135,.F.);
#2230=ADVANCED_FACE('',(#75),#2136,.F.);
#2231=ADVANCED_FACE('',(#76),#36,.T.);
#2232=ADVANCED_FACE('',(#77),#37,.F.);
#2233=ADVANCED_FACE('',(#78),#2137,.T.);
#2234=ADVANCED_FACE('',(#79),#2138,.T.);
#2235=ADVANCED_FACE('',(#80),#2139,.T.);
#2236=ADVANCED_FACE('',(#81),#2140,.T.);
#2237=ADVANCED_FACE('',(#82),#2141,.T.);
#2238=ADVANCED_FACE('',(#83),#2142,.T.);
#2239=ADVANCED_FACE('',(#84),#2143,.T.);
#2240=ADVANCED_FACE('',(#85),#2144,.T.);
#2241=ADVANCED_FACE('',(#86),#2145,.T.);
#2242=ADVANCED_FACE('',(#87),#2146,.T.);
#2243=ADVANCED_FACE('',(#88),#2147,.T.);
#2244=ADVANCED_FACE('',(#89),#2148,.T.);
#2245=ADVANCED_FACE('',(#90),#2149,.T.);
#2246=ADVANCED_FACE('',(#91),#2150,.T.);
#2247=ADVANCED_FACE('',(#92),#2151,.T.);
#2248=ADVANCED_FACE('',(#93),#2152,.T.);
#2249=ADVANCED_FACE('',(#94),#2153,.T.);
#2250=ADVANCED_FACE('',(#95),#2154,.T.);
#2251=ADVANCED_FACE('',(#96),#2155,.T.);
#2252=ADVANCED_FACE('',(#97),#2156,.T.);
#2253=ADVANCED_FACE('',(#98,#16),#38,.F.);
#2254=ADVANCED_FACE('',(#99,#17),#39,.T.);
#2255=ADVANCED_FACE('',(#100),#40,.T.);
#2256=ADVANCED_FACE('',(#101),#41,.T.);
#2257=ADVANCED_FACE('',(#102),#42,.T.);
#2258=ADVANCED_FACE('',(#103),#43,.T.);
#2259=ADVANCED_FACE('',(#104),#44,.F.);
#2260=ADVANCED_FACE('',(#105),#45,.T.);
#2261=ADVANCED_FACE('',(#106),#2157,.T.);
#2262=ADVANCED_FACE('',(#107),#46,.T.);
#2263=ADVANCED_FACE('',(#108),#2158,.T.);
#2264=ADVANCED_FACE('',(#109),#2159,.T.);
#2265=ADVANCED_FACE('',(#110),#2160,.T.);
#2266=ADVANCED_FACE('',(#111),#2161,.T.);
#2267=ADVANCED_FACE('',(#112),#2162,.T.);
#2268=ADVANCED_FACE('',(#113),#2163,.T.);
#2269=ADVANCED_FACE('',(#114),#2164,.T.);
#2270=ADVANCED_FACE('',(#115),#2165,.T.);
#2271=ADVANCED_FACE('',(#116),#2166,.T.);
#2272=ADVANCED_FACE('',(#117),#2167,.T.);
#2273=ADVANCED_FACE('',(#118),#2168,.T.);
#2274=ADVANCED_FACE('',(#119),#2169,.T.);
#2275=ADVANCED_FACE('',(#120),#2170,.T.);
#2276=ADVANCED_FACE('',(#121),#47,.T.);
#2277=ADVANCED_FACE('',(#122),#2171,.T.);
#2278=ADVANCED_FACE('',(#123),#2172,.T.);
#2279=ADVANCED_FACE('',(#124),#2173,.T.);
#2280=ADVANCED_FACE('',(#125),#2174,.T.);
#2281=ADVANCED_FACE('',(#126),#2175,.T.);
#2282=ADVANCED_FACE('',(#127),#2176,.T.);
#2283=ADVANCED_FACE('',(#128),#2177,.T.);
#2284=ADVANCED_FACE('',(#129),#48,.T.);
#2285=ADVANCED_FACE('',(#130),#2178,.T.);
#2286=ADVANCED_FACE('',(#131),#2179,.T.);
#2287=ADVANCED_FACE('',(#132),#2180,.T.);
#2288=ADVANCED_FACE('',(#133),#2181,.T.);
#2289=ADVANCED_FACE('',(#134),#2182,.T.);
#2290=ADVANCED_FACE('',(#135),#2183,.T.);
#2291=ADVANCED_FACE('',(#136),#49,.F.);
#2292=ADVANCED_FACE('',(#137),#50,.T.);
#2293=ADVANCED_FACE('',(#138),#51,.T.);
#2294=ADVANCED_FACE('',(#139),#52,.T.);
#2295=ADVANCED_FACE('',(#140),#53,.T.);
#2296=ADVANCED_FACE('',(#141),#54,.T.);
#2297=ADVANCED_FACE('',(#142),#55,.T.);
#2298=ADVANCED_FACE('',(#143,#18),#56,.T.);
#2299=ADVANCED_FACE('',(#144),#57,.T.);
#2300=ADVANCED_FACE('',(#145),#13,.F.);
#2301=ADVANCED_FACE('',(#146),#58,.T.);
#2302=ADVANCED_FACE('',(#147,#19,#20,#21,#22),#59,.F.);
#2303=ADVANCED_FACE('',(#148,#23,#24,#25),#60,.T.);
#2304=ADVANCED_FACE('',(#149),#2184,.F.);
#2305=ADVANCED_FACE('',(#150),#2185,.F.);
#2306=ADVANCED_FACE('',(#151),#2186,.F.);
#2307=ADVANCED_FACE('',(#152),#2187,.F.);
#2308=ADVANCED_FACE('',(#153),#2188,.F.);
#2309=ADVANCED_FACE('',(#154),#2189,.F.);
#2310=ADVANCED_FACE('',(#155),#61,.F.);
#2311=ADVANCED_FACE('',(#156),#2190,.F.);
#2312=ADVANCED_FACE('',(#157),#2191,.F.);
#2313=ADVANCED_FACE('',(#158),#2192,.F.);
#2314=ADVANCED_FACE('',(#159),#2193,.F.);
#2315=ADVANCED_FACE('',(#160),#2194,.F.);
#2316=ADVANCED_FACE('',(#161),#2195,.F.);
#2317=ADVANCED_FACE('',(#162),#2196,.F.);
#2318=ADVANCED_FACE('',(#163),#62,.F.);
#2319=ADVANCED_FACE('',(#164),#2197,.F.);
#2320=ADVANCED_FACE('',(#165),#2198,.F.);
#2321=ADVANCED_FACE('',(#166),#2199,.F.);
#2322=ADVANCED_FACE('',(#167),#2200,.F.);
#2323=ADVANCED_FACE('',(#168),#2201,.F.);
#2324=ADVANCED_FACE('',(#169),#2202,.F.);
#2325=ADVANCED_FACE('',(#170),#2203,.F.);
#2326=ADVANCED_FACE('',(#171),#2204,.F.);
#2327=ADVANCED_FACE('',(#172),#2205,.F.);
#2328=ADVANCED_FACE('',(#173),#2206,.F.);
#2329=ADVANCED_FACE('',(#174),#2207,.F.);
#2330=ADVANCED_FACE('',(#175),#2208,.F.);
#2331=ADVANCED_FACE('',(#176),#2209,.F.);
#2332=ADVANCED_FACE('',(#177),#63,.F.);
#2333=ADVANCED_FACE('',(#178),#2210,.F.);
#2334=ADVANCED_FACE('',(#179),#64,.F.);
#2335=ADVANCED_FACE('',(#180),#65,.F.);
#2336=ADVANCED_FACE('',(#181),#66,.F.);
#2337=ADVANCED_FACE('',(#182),#67,.F.);
#2338=ADVANCED_FACE('',(#183),#2211,.F.);
#2339=ADVANCED_FACE('',(#184),#2212,.F.);
#2340=ADVANCED_FACE('',(#185),#2213,.F.);
#2341=ADVANCED_FACE('',(#186),#2214,.F.);
#2342=ADVANCED_FACE('',(#187),#2215,.F.);
#2343=ADVANCED_FACE('',(#188),#2216,.F.);
#2344=ADVANCED_FACE('',(#189),#2217,.F.);
#2345=ADVANCED_FACE('',(#190),#2218,.F.);
#2346=ADVANCED_FACE('',(#191),#2219,.F.);
#2347=ADVANCED_FACE('',(#192),#2220,.F.);
#2348=ADVANCED_FACE('',(#193),#2221,.F.);
#2349=ADVANCED_FACE('',(#194),#2222,.F.);
#2350=CLOSED_SHELL('',(#2223,#2224,#2225,#2226,#2227,#2228,#2229,#2230,
#2231,#2232));
#2351=CLOSED_SHELL('',(#2233,#2234,#2235,#2236,#2237,#2238,#2239,#2240,
#2241,#2242,#2243,#2244,#2245,#2246,#2247,#2248,#2249,#2250,#2251,#2252,
#2253,#2254));
#2352=CLOSED_SHELL('',(#2255,#2256,#2257,#2258,#2259,#2260));
#2353=CLOSED_SHELL('',(#2261,#2262,#2263,#2264,#2265,#2266,#2267,#2268,
#2269,#2270,#2271,#2272,#2273,#2274,#2275,#2276,#2277,#2278,#2279,#2280,
#2281,#2282,#2283,#2284,#2285,#2286,#2287,#2288,#2289,#2290,#2291,#2292));
#2354=CLOSED_SHELL('',(#2293,#2294,#2295,#2296,#2297,#2298,#2299,#2300,
#2301,#2302,#2303,#2304,#2305,#2306,#2307,#2308,#2309,#2310,#2311,#2312,
#2313,#2314,#2315,#2316,#2317,#2318,#2319,#2320,#2321,#2322,#2323,#2324,
#2325,#2326,#2327,#2328,#2329,#2330,#2331,#2332,#2333,#2334,#2335,#2336,
#2337,#2338,#2339,#2340,#2341,#2342,#2343,#2344,#2345,#2346,#2347,#2348,
#2349));
#2355=DERIVED_UNIT_ELEMENT(#2357,1.);
#2356=DERIVED_UNIT_ELEMENT(#5133,-3.);
#2357=(
MASS_UNIT()
NAMED_UNIT(*)
SI_UNIT(.KILO.,.GRAM.)
);
#2358=DERIVED_UNIT((#2355,#2356));
#2359=MEASURE_REPRESENTATION_ITEM('density measure',
POSITIVE_RATIO_MEASURE(7850.),#2358);
#2360=PROPERTY_DEFINITION_REPRESENTATION(#2365,#2362);
#2361=PROPERTY_DEFINITION_REPRESENTATION(#2366,#2363);
#2362=REPRESENTATION('material name',(#2364),#5130);
#2363=REPRESENTATION('density',(#2359),#5130);
#2364=DESCRIPTIVE_REPRESENTATION_ITEM('Acciaio','Acciaio');
#2365=PROPERTY_DEFINITION('material property','material name',#5140);
#2366=PROPERTY_DEFINITION('material property','density of part',#5140);
#2367=AXIS2_PLACEMENT_3D('',#2636,#2403,#2404);
#2368=AXIS2_PLACEMENT_3D('',#2837,#2413,#2414);
#2369=AXIS2_PLACEMENT_3D('',#2838,#2415,#2416);
#2370=AXIS2_PLACEMENT_3D('',#3336,#2437,#2438);
#2371=AXIS2_PLACEMENT_3D('',#3337,#2439,#2440);
#2372=AXIS2_PLACEMENT_3D('',#3338,#2441,#2442);
#2373=AXIS2_PLACEMENT_3D('',#3347,#2447,#2448);
#2374=AXIS2_PLACEMENT_3D('',#3353,#2452,#2453);
#2375=AXIS2_PLACEMENT_3D('',#3359,#2457,#2458);
#2376=AXIS2_PLACEMENT_3D('',#3362,#2461,#2462);
#2377=AXIS2_PLACEMENT_3D('',#3363,#2463,#2464);
#2378=AXIS2_PLACEMENT_3D('',#3392,#2467,#2468);
#2379=AXIS2_PLACEMENT_3D('',#3720,#2485,#2486);
#2380=AXIS2_PLACEMENT_3D('',#3900,#2497,#2498);
#2381=AXIS2_PLACEMENT_3D('',#4053,#2507,#2508);
#2382=AXIS2_PLACEMENT_3D('',#4054,#2509,#2510);
#2383=AXIS2_PLACEMENT_3D('',#4055,#2511,#2512);
#2384=AXIS2_PLACEMENT_3D('',#4064,#2517,#2518);
#2385=AXIS2_PLACEMENT_3D('',#4078,#2526,#2527);
#2386=AXIS2_PLACEMENT_3D('',#4082,#2530,#2531);
#2387=AXIS2_PLACEMENT_3D('',#4094,#2538,#2539);
#2388=AXIS2_PLACEMENT_3D('',#4096,#2541,#2542);
#2389=AXIS2_PLACEMENT_3D('',#4100,#2545,#2546);
#2390=AXIS2_PLACEMENT_3D('',#4101,#2547,#2548);
#2391=AXIS2_PLACEMENT_3D('',#4103,#2550,#2551);
#2392=AXIS2_PLACEMENT_3D('',#4106,#2553,#2554);
#2393=AXIS2_PLACEMENT_3D('',#4107,#2555,#2556);
#2394=AXIS2_PLACEMENT_3D('',#4109,#2558,#2559);
#2395=AXIS2_PLACEMENT_3D('',#4358,#2567,#2568);
#2396=AXIS2_PLACEMENT_3D('',#4752,#2583,#2584);
#2397=AXIS2_PLACEMENT_3D('',#4831,#2593,#2594);
#2398=AXIS2_PLACEMENT_3D('',#4976,#2609,#2610);
#2399=AXIS2_PLACEMENT_3D('',#4988,#2612,#2613);
#2400=AXIS2_PLACEMENT_3D('',#4991,#2616,#2617);
#2401=AXIS2_PLACEMENT_3D('',#4993,#2619,#2620);
#2402=AXIS2_PLACEMENT_3D('',#4995,#2622,#2623);
#2403=DIRECTION('axis',(0.,0.,1.));
#2404=DIRECTION('refdir',(1.,0.,0.));
#2405=DIRECTION('',(0.,0.,1.));
#2406=DIRECTION('',(0.,0.,1.));
#2407=DIRECTION('',(0.,0.,1.));
#2408=DIRECTION('',(0.,0.,1.));
#2409=DIRECTION('',(0.,0.,1.));
#2410=DIRECTION('',(0.,0.,1.));
#2411=DIRECTION('',(0.,0.,1.));
#2412=DIRECTION('',(0.,0.,1.));
#2413=DIRECTION('center_axis',(0.,0.,1.));
#2414=DIRECTION('ref_axis',(1.,0.,0.));
#2415=DIRECTION('center_axis',(0.,0.,1.));
#2416=DIRECTION('ref_axis',(1.,0.,0.));
#2417=DIRECTION('',(0.,0.,1.));
#2418=DIRECTION('',(0.,0.,1.));
#2419=DIRECTION('',(0.,0.,1.));
#2420=DIRECTION('',(0.,0.,1.));
#2421=DIRECTION('',(0.,0.,1.));
#2422=DIRECTION('',(0.,0.,1.));
#2423=DIRECTION('',(0.,0.,1.));
#2424=DIRECTION('',(0.,0.,1.));
#2425=DIRECTION('',(0.,0.,1.));
#2426=DIRECTION('',(0.,0.,1.));
#2427=DIRECTION('',(0.,0.,1.));
#2428=DIRECTION('',(0.,0.,1.));
#2429=DIRECTION('',(0.,0.,1.));
#2430=DIRECTION('',(0.,0.,1.));
#2431=DIRECTION('',(0.,0.,1.));
#2432=DIRECTION('',(0.,0.,1.));
#2433=DIRECTION('',(0.,0.,1.));
#2434=DIRECTION('',(0.,0.,1.));
#2435=DIRECTION('',(0.,0.,1.));
#2436=DIRECTION('',(0.,0.,1.));
#2437=DIRECTION('center_axis',(0.,0.,1.));
#2438=DIRECTION('ref_axis',(1.,0.,0.));
#2439=DIRECTION('center_axis',(0.,0.,1.));
#2440=DIRECTION('ref_axis',(1.,0.,0.));
#2441=DIRECTION('center_axis',(0.99995837111372,-0.00912447475729191,0.));
#2442=DIRECTION('ref_axis',(0.00912447475729191,0.99995837111372,0.));
#2443=DIRECTION('',(-0.00912447475729191,-0.99995837111372,0.));
#2444=DIRECTION('',(0.,0.,1.));
#2445=DIRECTION('',(-0.00912447475729191,-0.99995837111372,0.));
#2446=DIRECTION('',(0.,0.,1.));
#2447=DIRECTION('center_axis',(-0.00912447475729355,-0.99995837111372,0.));
#2448=DIRECTION('ref_axis',(0.99995837111372,-0.00912447475729355,0.));
#2449=DIRECTION('',(-0.99995837111372,0.00912447475729355,0.));
#2450=DIRECTION('',(0.,0.,1.));
#2451=DIRECTION('',(-0.99995837111372,0.00912447475729355,0.));
#2452=DIRECTION('center_axis',(-0.99995837111372,0.00912447475729191,0.));
#2453=DIRECTION('ref_axis',(-0.00912447475729191,-0.99995837111372,0.));
#2454=DIRECTION('',(0.00912447475729191,0.99995837111372,0.));
#2455=DIRECTION('',(0.,0.,1.));
#2456=DIRECTION('',(0.00912447475729191,0.99995837111372,0.));
#2457=DIRECTION('center_axis',(0.00912447475729349,0.99995837111372,0.));
#2458=DIRECTION('ref_axis',(-0.99995837111372,0.00912447475729349,0.));
#2459=DIRECTION('',(0.99995837111372,-0.00912447475729349,0.));
#2460=DIRECTION('',(0.99995837111372,-0.00912447475729349,0.));
#2461=DIRECTION('center_axis',(0.,0.,1.));
#2462=DIRECTION('ref_axis',(1.,0.,0.));
#2463=DIRECTION('center_axis',(0.,0.,1.));
#2464=DIRECTION('ref_axis',(1.,0.,0.));
#2465=DIRECTION('',(0.,0.,1.));
#2466=DIRECTION('',(0.,0.,1.));
#2467=DIRECTION('center_axis',(-0.18400973597447,-0.98292442083133,0.));
#2468=DIRECTION('ref_axis',(0.98292442083133,-0.18400973597447,0.));
#2469=DIRECTION('',(-0.98292442083133,0.18400973597447,0.));
#2470=DIRECTION('',(0.,0.,1.));
#2471=DIRECTION('',(-0.98292442083133,0.18400973597447,0.));
#2472=DIRECTION('',(0.,0.,1.));
#2473=DIRECTION('',(0.,0.,1.));
#2474=DIRECTION('',(0.,0.,1.));
#2475=DIRECTION('',(0.,0.,1.));
#2476=DIRECTION('',(0.,0.,1.));
#2477=DIRECTION('',(0.,0.,1.));
#2478=DIRECTION('',(0.,0.,1.));
#2479=DIRECTION('',(0.,0.,1.));
#2480=DIRECTION('',(0.,0.,1.));
#2481=DIRECTION('',(0.,0.,1.));
#2482=DIRECTION('',(0.,0.,1.));
#2483=DIRECTION('',(0.,0.,1.));
#2484=DIRECTION('',(0.,0.,1.));
#2485=DIRECTION('center_axis',(-0.123113736970158,0.992392567369004,0.));
#2486=DIRECTION('ref_axis',(-0.992392567369004,-0.123113736970158,0.));
#2487=DIRECTION('',(0.992392567369004,0.123113736970158,0.));
#2488=DIRECTION('',(0.,0.,1.));
#2489=DIRECTION('',(0.992392567369004,0.123113736970158,0.));
#2490=DIRECTION('',(0.,0.,1.));
#2491=DIRECTION('',(0.,0.,1.));
#2492=DIRECTION('',(0.,0.,1.));
#2493=DIRECTION('',(0.,0.,1.));
#2494=DIRECTION('',(0.,0.,1.));
#2495=DIRECTION('',(0.,0.,1.));
#2496=DIRECTION('',(0.,0.,1.));
#2497=DIRECTION('center_axis',(-0.990896296462728,0.134627373354934,0.));
#2498=DIRECTION('ref_axis',(-0.134627373354934,-0.990896296462728,0.));
#2499=DIRECTION('',(0.134627373354934,0.990896296462728,0.));
#2500=DIRECTION('',(0.,0.,1.));
#2501=DIRECTION('',(0.134627373354934,0.990896296462728,0.));
#2502=DIRECTION('',(0.,0.,1.));
#2503=DIRECTION('',(0.,0.,1.));
#2504=DIRECTION('',(0.,0.,1.));
#2505=DIRECTION('',(0.,0.,1.));
#2506=DIRECTION('',(0.,0.,1.));
#2507=DIRECTION('center_axis',(0.,0.,1.));
#2508=DIRECTION('ref_axis',(1.,0.,0.));
#2509=DIRECTION('center_axis',(0.,0.,1.));
#2510=DIRECTION('ref_axis',(1.,0.,0.));
#2511=DIRECTION('center_axis',(0.,0.,1.));
#2512=DIRECTION('ref_axis',(1.,0.,0.));
#2513=DIRECTION('',(1.,0.,0.));
#2514=DIRECTION('',(0.,1.,0.));
#2515=DIRECTION('',(-1.,0.,0.));
#2516=DIRECTION('',(0.,-1.,0.));
#2517=DIRECTION('center_axis',(0.,-1.,0.));
#2518=DIRECTION('ref_axis',(1.,0.,0.));
#2519=DIRECTION('',(-1.,0.,0.));
#2520=DIRECTION('',(0.,0.,1.));
#2521=DIRECTION('',(-1.,8.88178419700125E-17,0.));
#2522=DIRECTION('',(0.,0.,1.));
#2523=DIRECTION('',(1.,-8.88178419700125E-17,0.));
#2524=DIRECTION('',(0.,0.,1.));
#2525=DIRECTION('',(0.,0.,1.));
#2526=DIRECTION('center_axis',(1.,0.,0.));
#2527=DIRECTION('ref_axis',(0.,1.,0.));
#2528=DIRECTION('',(0.,1.,0.));
#2529=DIRECTION('',(0.,0.,1.));
#2530=DIRECTION('center_axis',(0.,1.,0.));
#2531=DIRECTION('ref_axis',(-1.,0.,0.));
#2532=DIRECTION('',(1.,-8.88178419700125E-17,0.));
#2533=DIRECTION('',(0.,0.,1.));
#2534=DIRECTION('',(-1.,8.88178419700125E-17,0.));
#2535=DIRECTION('',(0.,0.,1.));
#2536=DIRECTION('',(1.,-8.88178419700125E-17,0.));
#2537=DIRECTION('',(0.,0.,1.));
#2538=DIRECTION('center_axis',(-1.,0.,0.));
#2539=DIRECTION('ref_axis',(0.,-1.,0.));
#2540=DIRECTION('',(0.,1.,0.));
#2541=DIRECTION('center_axis',(0.,0.,1.));
#2542=DIRECTION('ref_axis',(1.,0.,0.));
#2543=DIRECTION('',(0.,-1.,0.));
#2544=DIRECTION('',(0.,1.,0.));
#2545=DIRECTION('center_axis',(0.,0.,1.));
#2546=DIRECTION('ref_axis',(1.,0.,0.));
#2547=DIRECTION('center_axis',(1.,0.,0.));
#2548=DIRECTION('ref_axis',(0.,1.,0.));
#2549=DIRECTION('',(0.,-1.,0.));
#2550=DIRECTION('center_axis',(0.,0.,1.));
#2551=DIRECTION('ref_axis',(1.,0.,0.));
#2552=DIRECTION('',(0.,0.,-1.));
#2553=DIRECTION('center_axis',(0.,0.,1.));
#2554=DIRECTION('ref_axis',(1.,0.,0.));
#2555=DIRECTION('center_axis',(-1.,0.,0.));
#2556=DIRECTION('ref_axis',(0.,-1.,0.));
#2557=DIRECTION('',(0.,1.,0.));
#2558=DIRECTION('center_axis',(0.,0.,1.));
#2559=DIRECTION('ref_axis',(1.,0.,0.));
#2560=DIRECTION('',(-0.992392567369004,-0.123113736970158,0.));
#2561=DIRECTION('',(0.98292442083133,-0.18400973597447,0.));
#2562=DIRECTION('',(-0.134627373354934,-0.990896296462728,0.));
#2563=DIRECTION('',(-0.00912447475729191,-0.99995837111372,0.));
#2564=DIRECTION('',(0.99995837111372,-0.00912447475729355,0.));
#2565=DIRECTION('',(0.00912447475729191,0.99995837111372,0.));
#2566=DIRECTION('',(-0.99995837111372,0.00912447475729349,0.));
#2567=DIRECTION('center_axis',(0.,0.,1.));
#2568=DIRECTION('ref_axis',(1.,0.,0.));
#2569=DIRECTION('',(0.992392567369004,0.123113736970158,0.));
#2570=DIRECTION('',(0.134627373354934,0.990896296462728,0.));
#2571=DIRECTION('',(-0.98292442083133,0.18400973597447,0.));
#2572=DIRECTION('',(0.00912447475729191,0.99995837111372,0.));
#2573=DIRECTION('',(0.99995837111372,-0.00912447475729349,0.));
#2574=DIRECTION('',(-0.00912447475729191,-0.99995837111372,0.));
#2575=DIRECTION('',(-0.99995837111372,0.00912447475729355,0.));
#2576=DIRECTION('',(0.,0.,1.));
#2577=DIRECTION('',(0.,0.,1.));
#2578=DIRECTION('',(0.,0.,1.));
#2579=DIRECTION('',(0.,0.,1.));
#2580=DIRECTION('',(0.,0.,1.));
#2581=DIRECTION('',(0.,0.,1.));
#2582=DIRECTION('',(0.,0.,1.));
#2583=DIRECTION('center_axis',(-0.990896296462728,0.134627373354934,0.));
#2584=DIRECTION('ref_axis',(-0.134627373354934,-0.990896296462728,0.));
#2585=DIRECTION('',(0.,0.,1.));
#2586=DIRECTION('',(0.,0.,1.));
#2587=DIRECTION('',(0.,0.,1.));
#2588=DIRECTION('',(0.,0.,1.));
#2589=DIRECTION('',(0.,0.,1.));
#2590=DIRECTION('',(0.,0.,1.));
#2591=DIRECTION('',(0.,0.,1.));
#2592=DIRECTION('',(0.,0.,1.));
#2593=DIRECTION('center_axis',(-0.123113736970158,0.992392567369004,0.));
#2594=DIRECTION('ref_axis',(-0.992392567369004,-0.123113736970158,0.));
#2595=DIRECTION('',(0.,0.,1.));
#2596=DIRECTION('',(0.,0.,1.));
#2597=DIRECTION('',(0.,0.,1.));
#2598=DIRECTION('',(0.,0.,1.));
#2599=DIRECTION('',(0.,0.,1.));
#2600=DIRECTION('',(0.,0.,1.));
#2601=DIRECTION('',(0.,0.,1.));
#2602=DIRECTION('',(0.,0.,1.));
#2603=DIRECTION('',(0.,0.,1.));
#2604=DIRECTION('',(0.,0.,1.));
#2605=DIRECTION('',(0.,0.,1.));
#2606=DIRECTION('',(0.,0.,1.));
#2607=DIRECTION('',(0.,0.,1.));
#2608=DIRECTION('',(0.,0.,1.));
#2609=DIRECTION('center_axis',(-0.18400973597447,-0.98292442083133,0.));
#2610=DIRECTION('ref_axis',(0.98292442083133,-0.18400973597447,0.));
#2611=DIRECTION('',(0.,0.,1.));
#2612=DIRECTION('center_axis',(0.00912447475729349,0.99995837111372,0.));
#2613=DIRECTION('ref_axis',(-0.99995837111372,0.00912447475729349,0.));
#2614=DIRECTION('',(0.,0.,1.));
#2615=DIRECTION('',(0.,0.,1.));
#2616=DIRECTION('center_axis',(-0.99995837111372,0.00912447475729191,0.));
#2617=DIRECTION('ref_axis',(-0.00912447475729191,-0.99995837111372,0.));
#2618=DIRECTION('',(0.,0.,1.));
#2619=DIRECTION('center_axis',(-0.00912447475729355,-0.99995837111372,0.));
#2620=DIRECTION('ref_axis',(0.99995837111372,-0.00912447475729355,0.));
#2621=DIRECTION('',(0.,0.,1.));
#2622=DIRECTION('center_axis',(0.99995837111372,-0.00912447475729191,0.));
#2623=DIRECTION('ref_axis',(0.00912447475729191,0.99995837111372,0.));
#2624=DIRECTION('',(0.,0.,1.));
#2625=DIRECTION('',(0.,0.,1.));
#2626=DIRECTION('',(0.,0.,1.));
#2627=DIRECTION('',(0.,0.,1.));
#2628=DIRECTION('',(0.,0.,1.));
#2629=DIRECTION('',(0.,0.,1.));
#2630=DIRECTION('',(0.,0.,1.));
#2631=DIRECTION('',(0.,0.,1.));
#2632=DIRECTION('',(0.,0.,1.));
#2633=DIRECTION('',(0.,0.,1.));
#2634=DIRECTION('',(0.,0.,1.));
#2635=DIRECTION('',(0.,0.,1.));
#2636=CARTESIAN_POINT('',(0.,0.,0.));
#2637=CARTESIAN_POINT('Ctrl Pts',(19.412776156432,8.17547392051103,0.));
#2638=CARTESIAN_POINT('Ctrl Pts',(19.412776156432,8.17547392051103,5.5));
#2639=CARTESIAN_POINT('Ctrl Pts',(19.5751941754213,7.76983162214579,0.));
#2640=CARTESIAN_POINT('Ctrl Pts',(19.5751941754213,7.76983162214579,5.5));
#2641=CARTESIAN_POINT('Ctrl Pts',(19.9949566874692,6.7214662300905,0.));
#2642=CARTESIAN_POINT('Ctrl Pts',(19.9949566874692,6.7214662300905,5.5));
#2643=CARTESIAN_POINT('Ctrl Pts',(19.972797786734,5.58565042483484,0.));
#2644=CARTESIAN_POINT('Ctrl Pts',(19.972797786734,5.58565042483484,5.5));
#2645=CARTESIAN_POINT('Ctrl Pts',(19.9592127930465,4.88931396261644,0.));
#2646=CARTESIAN_POINT('Ctrl Pts',(19.9592127930465,4.88931396261644,5.5));
#2647=CARTESIAN_POINT('',(19.9592127930465,4.88931396261644,0.6));
#2648=CARTESIAN_POINT('',(19.412776156432,8.17547392051103,0.6));
#2649=CARTESIAN_POINT('Ctrl Pts',(19.9592127930465,4.88931396261644,0.6));
#2650=CARTESIAN_POINT('Ctrl Pts',(19.972797786734,5.58565042483484,0.6));
#2651=CARTESIAN_POINT('Ctrl Pts',(19.9863827804215,6.28198688705323,0.6));
#2652=CARTESIAN_POINT('Ctrl Pts',(19.8338685884502,6.9454545133249,0.6));
#2653=CARTESIAN_POINT('Ctrl Pts',(19.7376121944107,7.36418932378055,0.6));
#2654=CARTESIAN_POINT('Ctrl Pts',(19.5751941754213,7.76983162214579,0.6));
#2655=CARTESIAN_POINT('Ctrl Pts',(19.412776156432,8.17547392051103,0.6));
#2656=CARTESIAN_POINT('',(19.9592127930465,4.88931396261644,0.));
#2657=CARTESIAN_POINT('',(19.9592127930465,4.88931396261644,0.));
#2658=CARTESIAN_POINT('',(19.412776156432,8.17547392051103,0.));
#2659=CARTESIAN_POINT('Ctrl Pts',(19.412776156432,8.17547392051103,0.));
#2660=CARTESIAN_POINT('Ctrl Pts',(19.5751941754213,7.76983162214579,0.));
#2661=CARTESIAN_POINT('Ctrl Pts',(19.9949566874692,6.7214662300905,0.));
#2662=CARTESIAN_POINT('Ctrl Pts',(19.972797786734,5.58565042483484,0.));
#2663=CARTESIAN_POINT('Ctrl Pts',(19.9592127930465,4.88931396261644,0.));
#2664=CARTESIAN_POINT('',(19.412776156432,8.17547392051103,0.));
#2665=CARTESIAN_POINT('Ctrl Pts',(17.9843619014313,9.00027419722525,0.));
#2666=CARTESIAN_POINT('Ctrl Pts',(17.9843619014313,9.00027419722525,5.5));
#2667=CARTESIAN_POINT('Ctrl Pts',(18.2624793921601,8.95839256518185,0.));
#2668=CARTESIAN_POINT('Ctrl Pts',(18.2624793921601,8.95839256518185,5.5));
#2669=CARTESIAN_POINT('Ctrl Pts',(18.8440265349805,8.87081755007703,0.));
#2670=CARTESIAN_POINT('Ctrl Pts',(18.8440265349805,8.87081755007703,5.5));
#2671=CARTESIAN_POINT('Ctrl Pts',(19.2177704785923,8.41388455095507,0.));
#2672=CARTESIAN_POINT('Ctrl Pts',(19.2177704785923,8.41388455095507,5.5));
#2673=CARTESIAN_POINT('Ctrl Pts',(19.412776156432,8.17547392051103,0.));
#2674=CARTESIAN_POINT('Ctrl Pts',(19.412776156432,8.17547392051103,5.5));
#2675=CARTESIAN_POINT('',(17.9843619014313,9.00027419722525,0.6));
#2676=CARTESIAN_POINT('Ctrl Pts',(19.412776156432,8.17547392051103,0.6));
#2677=CARTESIAN_POINT('Ctrl Pts',(19.2177704785923,8.41388455095507,0.6));
#2678=CARTESIAN_POINT('Ctrl Pts',(19.0227648007525,8.65229518139912,0.6));
#2679=CARTESIAN_POINT('Ctrl Pts',(18.771187529033,8.79015312570708,0.6));
#2680=CARTESIAN_POINT('Ctrl Pts',(18.5405968828889,8.91651093313846,0.6));
#2681=CARTESIAN_POINT('Ctrl Pts',(18.2624793921601,8.95839256518185,0.6));
#2682=CARTESIAN_POINT('Ctrl Pts',(17.9843619014313,9.00027419722525,0.6));
#2683=CARTESIAN_POINT('',(17.9843619014313,9.00027419722525,0.));
#2684=CARTESIAN_POINT('Ctrl Pts',(17.9843619014313,9.00027419722525,0.));
#2685=CARTESIAN_POINT('Ctrl Pts',(18.2624793921601,8.95839256518185,0.));
#2686=CARTESIAN_POINT('Ctrl Pts',(18.8440265349805,8.87081755007703,0.));
#2687=CARTESIAN_POINT('Ctrl Pts',(19.2177704785923,8.41388455095507,0.));
#2688=CARTESIAN_POINT('Ctrl Pts',(19.412776156432,8.17547392051103,0.));
#2689=CARTESIAN_POINT('',(17.9843619014313,9.00027419722525,0.));
#2690=CARTESIAN_POINT('Ctrl Pts',(16.627267838345,8.29639322039411,0.));
#2691=CARTESIAN_POINT('Ctrl Pts',(16.627267838345,8.29639322039411,5.5));
#2692=CARTESIAN_POINT('Ctrl Pts',(16.8101280752371,8.50362841630774,0.));
#2693=CARTESIAN_POINT('Ctrl Pts',(16.8101280752371,8.50362841630774,5.5));
#2694=CARTESIAN_POINT('Ctrl Pts',(17.172051058236,8.91379511827743,0.));
#2695=CARTESIAN_POINT('Ctrl Pts',(17.172051058236,8.91379511827743,5.5));
#2696=CARTESIAN_POINT('Ctrl Pts',(17.7154923131053,8.97165018641671,0.));
#2697=CARTESIAN_POINT('Ctrl Pts',(17.7154923131053,8.97165018641671,5.5));
#2698=CARTESIAN_POINT('Ctrl Pts',(17.9843619014313,9.00027419722525,0.));
#2699=CARTESIAN_POINT('Ctrl Pts',(17.9843619014313,9.00027419722525,5.5));
#2700=CARTESIAN_POINT('',(16.627267838345,8.29639322039411,0.6));
#2701=CARTESIAN_POINT('Ctrl Pts',(17.9843619014313,9.00027419722525,0.6));
#2702=CARTESIAN_POINT('Ctrl Pts',(17.7154923131053,8.97165018641671,0.6));
#2703=CARTESIAN_POINT('Ctrl Pts',(17.4466227247793,8.94302617560818,0.6));
#2704=CARTESIAN_POINT('Ctrl Pts',(17.222185406694,8.82816288121671,0.6));
#2705=CARTESIAN_POINT('Ctrl Pts',(16.9929883121292,8.71086361222136,0.6));
#2706=CARTESIAN_POINT('Ctrl Pts',(16.8101280752371,8.50362841630774,0.6));
#2707=CARTESIAN_POINT('Ctrl Pts',(16.627267838345,8.29639322039411,0.6));
#2708=CARTESIAN_POINT('',(16.627267838345,8.29639322039411,0.));
#2709=CARTESIAN_POINT('Ctrl Pts',(16.627267838345,8.29639322039411,0.));
#2710=CARTESIAN_POINT('Ctrl Pts',(16.8101280752371,8.50362841630774,0.));
#2711=CARTESIAN_POINT('Ctrl Pts',(17.172051058236,8.91379511827743,0.));
#2712=CARTESIAN_POINT('Ctrl Pts',(17.7154923131053,8.97165018641671,0.));
#2713=CARTESIAN_POINT('Ctrl Pts',(17.9843619014313,9.00027419722525,0.));
#2714=CARTESIAN_POINT('',(16.627267838345,8.29639322039411,0.));
#2715=CARTESIAN_POINT('Ctrl Pts',(15.9621063459804,4.92578697782591,0.));
#2716=CARTESIAN_POINT('Ctrl Pts',(15.9621063459804,4.92578697782591,5.5));
#2717=CARTESIAN_POINT('Ctrl Pts',(15.9657367795659,5.62963651665692,0.));
#2718=CARTESIAN_POINT('Ctrl Pts',(15.9657367795659,5.62963651665692,5.5));
#2719=CARTESIAN_POINT('Ctrl Pts',(15.9717836690042,6.80197591972192,0.));
#2720=CARTESIAN_POINT('Ctrl Pts',(15.9717836690042,6.80197591972192,5.5));
#2721=CARTESIAN_POINT('Ctrl Pts',(16.4401138817317,7.86970692691196,0.));
#2722=CARTESIAN_POINT('Ctrl Pts',(16.4401138817317,7.86970692691196,5.5));
#2723=CARTESIAN_POINT('Ctrl Pts',(16.627267838345,8.29639322039411,0.));
#2724=CARTESIAN_POINT('Ctrl Pts',(16.627267838345,8.29639322039411,5.5));
#2725=CARTESIAN_POINT('',(15.9621063459804,4.92578697782591,0.6));
#2726=CARTESIAN_POINT('Ctrl Pts',(16.627267838345,8.29639322039411,0.6));
#2727=CARTESIAN_POINT('Ctrl Pts',(16.4401138817317,7.86970692691196,0.6));
#2728=CARTESIAN_POINT('Ctrl Pts',(16.2529599251183,7.4430206334298,0.6));
#2729=CARTESIAN_POINT('Ctrl Pts',(16.1396307042632,6.99962881155304,0.6));
#2730=CARTESIAN_POINT('Ctrl Pts',(15.9693672131515,6.33348605548793,0.6));
#2731=CARTESIAN_POINT('Ctrl Pts',(15.9657367795659,5.62963651665692,0.6));
#2732=CARTESIAN_POINT('Ctrl Pts',(15.9621063459804,4.92578697782591,0.6));
#2733=CARTESIAN_POINT('',(15.9621063459804,4.92578697782591,0.));
#2734=CARTESIAN_POINT('Ctrl Pts',(15.9621063459804,4.92578697782591,0.));
#2735=CARTESIAN_POINT('Ctrl Pts',(15.9657367795659,5.62963651665692,0.));
#2736=CARTESIAN_POINT('Ctrl Pts',(15.9717836690042,6.80197591972192,0.));
#2737=CARTESIAN_POINT('Ctrl Pts',(16.4401138817317,7.86970692691196,0.));
#2738=CARTESIAN_POINT('Ctrl Pts',(16.627267838345,8.29639322039411,0.));
#2739=CARTESIAN_POINT('',(15.9621063459804,4.92578697782591,0.));
#2740=CARTESIAN_POINT('Ctrl Pts',(16.5085735117427,1.64303805718707,0.));
#2741=CARTESIAN_POINT('Ctrl Pts',(16.5085735117427,1.64303805718707,5.5));
#2742=CARTESIAN_POINT('Ctrl Pts',(16.3461375789348,2.04896123930797,0.));
#2743=CARTESIAN_POINT('Ctrl Pts',(16.3461375789348,2.04896123930797,5.5));
#2744=CARTESIAN_POINT('Ctrl Pts',(15.9270188667472,3.09632802815017,0.));
#2745=CARTESIAN_POINT('Ctrl Pts',(15.9270188667472,3.09632802815017,5.5));
#2746=CARTESIAN_POINT('Ctrl Pts',(15.9487794270502,4.2309222670737,0.));
#2747=CARTESIAN_POINT('Ctrl Pts',(15.9487794270502,4.2309222670737,5.5));
#2748=CARTESIAN_POINT('Ctrl Pts',(15.9621063459804,4.92578697782591,0.));
#2749=CARTESIAN_POINT('Ctrl Pts',(15.9621063459804,4.92578697782591,5.5));
#2750=CARTESIAN_POINT('',(16.5085735117427,1.64303805718707,0.6));
#2751=CARTESIAN_POINT('Ctrl Pts',(15.9621063459804,4.92578697782591,0.6));
#2752=CARTESIAN_POINT('Ctrl Pts',(15.9487794270502,4.2309222670737,0.6));
#2753=CARTESIAN_POINT('Ctrl Pts',(15.9354525081201,3.53605755632149,0.6));
#2754=CARTESIAN_POINT('Ctrl Pts',(16.0874888569378,2.87390977531125,0.6));
#2755=CARTESIAN_POINT('Ctrl Pts',(16.1837016461269,2.45488442142888,0.6));
#2756=CARTESIAN_POINT('Ctrl Pts',(16.3461375789348,2.04896123930797,0.6));
#2757=CARTESIAN_POINT('Ctrl Pts',(16.5085735117427,1.64303805718707,0.6));
#2758=CARTESIAN_POINT('',(16.5085735117427,1.64303805718707,0.));
#2759=CARTESIAN_POINT('Ctrl Pts',(16.5085735117427,1.64303805718707,0.));
#2760=CARTESIAN_POINT('Ctrl Pts',(16.3461375789348,2.04896123930797,0.));
#2761=CARTESIAN_POINT('Ctrl Pts',(15.9270188667472,3.09632802815017,0.));
#2762=CARTESIAN_POINT('Ctrl Pts',(15.9487794270502,4.2309222670737,0.));
#2763=CARTESIAN_POINT('Ctrl Pts',(15.9621063459804,4.92578697782591,0.));
#2764=CARTESIAN_POINT('',(16.5085735117427,1.64303805718707,0.));
#2765=CARTESIAN_POINT('Ctrl Pts',(17.923314898392,0.814951227578948,0.));
#2766=CARTESIAN_POINT('Ctrl Pts',(17.923314898392,0.814951227578948,5.5));
#2767=CARTESIAN_POINT('Ctrl Pts',(17.6487498707904,0.857623791497246,0.));
#2768=CARTESIAN_POINT('Ctrl Pts',(17.6487498707904,0.857623791497246,5.5));
#2769=CARTESIAN_POINT('Ctrl Pts',(17.0712709508997,0.947374865535255,0.));
#2770=CARTESIAN_POINT('Ctrl Pts',(17.0712709508997,0.947374865535255,5.5));
#2771=CARTESIAN_POINT('Ctrl Pts',(16.7021789900225,1.40368348478454,0.));
#2772=CARTESIAN_POINT('Ctrl Pts',(16.7021789900225,1.40368348478454,5.5));
#2773=CARTESIAN_POINT('Ctrl Pts',(16.5085735117427,1.64303805718707,0.));
#2774=CARTESIAN_POINT('Ctrl Pts',(16.5085735117427,1.64303805718707,5.5));
#2775=CARTESIAN_POINT('',(17.923314898392,0.814951227578948,0.6));
#2776=CARTESIAN_POINT('Ctrl Pts',(16.5085735117427,1.64303805718707,0.6));
#2777=CARTESIAN_POINT('Ctrl Pts',(16.7021789900225,1.40368348478454,0.6));
#2778=CARTESIAN_POINT('Ctrl Pts',(16.8957844683023,1.16432891238201,0.6));
#2779=CARTESIAN_POINT('Ctrl Pts',(17.1467271687856,1.02583185774161,0.6));
#2780=CARTESIAN_POINT('Ctrl Pts',(17.3741848431889,0.900296355415551,0.6));
#2781=CARTESIAN_POINT('Ctrl Pts',(17.6487498707904,0.857623791497246,0.6));
#2782=CARTESIAN_POINT('Ctrl Pts',(17.923314898392,0.814951227578948,0.6));
#2783=CARTESIAN_POINT('',(17.923314898392,0.814951227578948,0.));
#2784=CARTESIAN_POINT('Ctrl Pts',(17.923314898392,0.814951227578948,0.));
#2785=CARTESIAN_POINT('Ctrl Pts',(17.6487498707904,0.857623791497246,0.));
#2786=CARTESIAN_POINT('Ctrl Pts',(17.0712709508997,0.947374865535255,0.));
#2787=CARTESIAN_POINT('Ctrl Pts',(16.7021789900225,1.40368348478454,0.));
#2788=CARTESIAN_POINT('Ctrl Pts',(16.5085735117427,1.64303805718707,0.));
#2789=CARTESIAN_POINT('',(17.923314898392,0.814951227578948,0.));
#2790=CARTESIAN_POINT('Ctrl Pts',(19.3529629189056,1.62049413713726,0.));
#2791=CARTESIAN_POINT('Ctrl Pts',(19.3529629189056,1.62049413713726,5.5));
#2792=CARTESIAN_POINT('Ctrl Pts',(19.1551568414626,1.38372316122494,0.));
#2793=CARTESIAN_POINT('Ctrl Pts',(19.1551568414626,1.38372316122494,5.5));
#2794=CARTESIAN_POINT('Ctrl Pts',(18.7783646014721,0.932708371730127,0.));
#2795=CARTESIAN_POINT('Ctrl Pts',(18.7783646014721,0.932708371730127,5.5));
#2796=CARTESIAN_POINT('Ctrl Pts',(18.1986801598754,0.852874434468465,0.));
#2797=CARTESIAN_POINT('Ctrl Pts',(18.1986801598754,0.852874434468465,5.5));
#2798=CARTESIAN_POINT('Ctrl Pts',(17.923314898392,0.814951227578948,0.));
#2799=CARTESIAN_POINT('Ctrl Pts',(17.923314898392,0.814951227578948,5.5));
#2800=CARTESIAN_POINT('',(19.3529629189056,1.62049413713726,0.6));
#2801=CARTESIAN_POINT('Ctrl Pts',(17.923314898392,0.814951227578948,0.6));
#2802=CARTESIAN_POINT('Ctrl Pts',(18.1986801598754,0.852874434468465,0.6));
#2803=CARTESIAN_POINT('Ctrl Pts',(18.4740454213588,0.890797641357981,0.6));
#2804=CARTESIAN_POINT('Ctrl Pts',(18.7036280917019,1.0124777450743,0.6));
#2805=CARTESIAN_POINT('Ctrl Pts',(18.9573507640196,1.14695218531261,0.6));
#2806=CARTESIAN_POINT('Ctrl Pts',(19.1551568414626,1.38372316122494,0.6));
#2807=CARTESIAN_POINT('Ctrl Pts',(19.3529629189056,1.62049413713726,0.6));
#2808=CARTESIAN_POINT('',(19.3529629189056,1.62049413713726,0.));
#2809=CARTESIAN_POINT('Ctrl Pts',(19.3529629189056,1.62049413713726,0.));
#2810=CARTESIAN_POINT('Ctrl Pts',(19.1551568414626,1.38372316122494,0.));
#2811=CARTESIAN_POINT('Ctrl Pts',(18.7783646014721,0.932708371730127,0.));
#2812=CARTESIAN_POINT('Ctrl Pts',(18.1986801598754,0.852874434468465,0.));
#2813=CARTESIAN_POINT('Ctrl Pts',(17.923314898392,0.814951227578948,0.));
#2814=CARTESIAN_POINT('',(19.3529629189056,1.62049413713726,0.));
#2815=CARTESIAN_POINT('Ctrl Pts',(19.9592127930465,4.88931396261644,0.));
#2816=CARTESIAN_POINT('Ctrl Pts',(19.9592127930465,4.88931396261644,5.5));
#2817=CARTESIAN_POINT('Ctrl Pts',(19.9596263041687,4.19579763562229,0.));
#2818=CARTESIAN_POINT('Ctrl Pts',(19.9596263041687,4.19579763562229,5.5));
#2819=CARTESIAN_POINT('Ctrl Pts',(19.9603022009977,3.06222356464178,0.));
#2820=CARTESIAN_POINT('Ctrl Pts',(19.9603022009977,3.06222356464178,5.5));
#2821=CARTESIAN_POINT('Ctrl Pts',(19.5228021098585,2.02366608197986,0.));
#2822=CARTESIAN_POINT('Ctrl Pts',(19.5228021098585,2.02366608197986,5.5));
#2823=CARTESIAN_POINT('Ctrl Pts',(19.3529629189056,1.62049413713726,0.));
#2824=CARTESIAN_POINT('Ctrl Pts',(19.3529629189056,1.62049413713726,5.5));
#2825=CARTESIAN_POINT('Ctrl Pts',(19.3529629189056,1.62049413713726,0.6));
#2826=CARTESIAN_POINT('Ctrl Pts',(19.5228021098585,2.02366608197986,0.6));
#2827=CARTESIAN_POINT('Ctrl Pts',(19.6926413008114,2.42683802682246,0.6));
#2828=CARTESIAN_POINT('Ctrl Pts',(19.7964464160126,2.84432917847463,0.6));
#2829=CARTESIAN_POINT('Ctrl Pts',(19.960039815291,3.50228130862814,0.6));
#2830=CARTESIAN_POINT('Ctrl Pts',(19.9596263041687,4.19579763562229,0.6));
#2831=CARTESIAN_POINT('Ctrl Pts',(19.9592127930465,4.88931396261644,0.6));
#2832=CARTESIAN_POINT('Ctrl Pts',(19.9592127930465,4.88931396261644,0.));
#2833=CARTESIAN_POINT('Ctrl Pts',(19.9596263041687,4.19579763562229,0.));
#2834=CARTESIAN_POINT('Ctrl Pts',(19.9603022009977,3.06222356464178,0.));
#2835=CARTESIAN_POINT('Ctrl Pts',(19.5228021098585,2.02366608197986,0.));
#2836=CARTESIAN_POINT('Ctrl Pts',(19.3529629189056,1.62049413713726,0.));
#2837=CARTESIAN_POINT('Origin',(11.2470805187714,1.05776542300557,0.6));
#2838=CARTESIAN_POINT('Origin',(-20.7529194812286,1.05776542300557,0.));
#2839=CARTESIAN_POINT('Ctrl Pts',(19.412776156432,8.17547392051103,0.));
#2840=CARTESIAN_POINT('Ctrl Pts',(19.412776156432,8.17547392051103,0.66));
#2841=CARTESIAN_POINT('Ctrl Pts',(19.5751941754213,7.76983162214579,0.));
#2842=CARTESIAN_POINT('Ctrl Pts',(19.5751941754213,7.76983162214579,0.66));
#2843=CARTESIAN_POINT('Ctrl Pts',(19.9949566874692,6.7214662300905,0.));
#2844=CARTESIAN_POINT('Ctrl Pts',(19.9949566874692,6.7214662300905,0.66));
#2845=CARTESIAN_POINT('Ctrl Pts',(19.972797786734,5.58565042483484,0.));
#2846=CARTESIAN_POINT('Ctrl Pts',(19.972797786734,5.58565042483484,0.66));
#2847=CARTESIAN_POINT('Ctrl Pts',(19.9592127930465,4.88931396261644,0.));
#2848=CARTESIAN_POINT('Ctrl Pts',(19.9592127930465,4.88931396261644,0.66));
#2849=CARTESIAN_POINT('',(19.9592127930465,4.88931396261644,0.6));
#2850=CARTESIAN_POINT('',(19.412776156432,8.17547392051103,0.6));
#2851=CARTESIAN_POINT('Ctrl Pts',(19.9592127930465,4.88931396261644,0.6));
#2852=CARTESIAN_POINT('Ctrl Pts',(19.972797786734,5.58565042483484,0.6));
#2853=CARTESIAN_POINT('Ctrl Pts',(19.9863827804215,6.28198688705323,0.6));
#2854=CARTESIAN_POINT('Ctrl Pts',(19.8338685884502,6.9454545133249,0.6));
#2855=CARTESIAN_POINT('Ctrl Pts',(19.7376121944107,7.36418932378055,0.6));
#2856=CARTESIAN_POINT('Ctrl Pts',(19.5751941754213,7.76983162214579,0.6));
#2857=CARTESIAN_POINT('Ctrl Pts',(19.412776156432,8.17547392051103,0.6));
#2858=CARTESIAN_POINT('',(19.412776156432,8.17547392051103,0.));
#2859=CARTESIAN_POINT('',(19.412776156432,8.17547392051103,0.));
#2860=CARTESIAN_POINT('',(19.9592127930465,4.88931396261644,0.));
#2861=CARTESIAN_POINT('Ctrl Pts',(19.9592127930465,4.88931396261644,0.));
#2862=CARTESIAN_POINT('Ctrl Pts',(19.972797786734,5.58565042483484,0.));
#2863=CARTESIAN_POINT('Ctrl Pts',(19.9949566874692,6.7214662300905,0.));
#2864=CARTESIAN_POINT('Ctrl Pts',(19.5751941754213,7.76983162214579,0.));
#2865=CARTESIAN_POINT('Ctrl Pts',(19.412776156432,8.17547392051103,0.));
#2866=CARTESIAN_POINT('',(19.9592127930465,4.88931396261644,0.));
#2867=CARTESIAN_POINT('Ctrl Pts',(17.9843619014313,9.00027419722525,0.));
#2868=CARTESIAN_POINT('Ctrl Pts',(17.9843619014313,9.00027419722525,0.66));
#2869=CARTESIAN_POINT('Ctrl Pts',(18.2624793921601,8.95839256518185,0.));
#2870=CARTESIAN_POINT('Ctrl Pts',(18.2624793921601,8.95839256518185,0.66));
#2871=CARTESIAN_POINT('Ctrl Pts',(18.8440265349805,8.87081755007703,0.));
#2872=CARTESIAN_POINT('Ctrl Pts',(18.8440265349805,8.87081755007703,0.66));
#2873=CARTESIAN_POINT('Ctrl Pts',(19.2177704785923,8.41388455095507,0.));
#2874=CARTESIAN_POINT('Ctrl Pts',(19.2177704785923,8.41388455095507,0.66));
#2875=CARTESIAN_POINT('Ctrl Pts',(19.412776156432,8.17547392051103,0.));
#2876=CARTESIAN_POINT('Ctrl Pts',(19.412776156432,8.17547392051103,0.66));
#2877=CARTESIAN_POINT('',(17.9843619014313,9.00027419722525,0.6));
#2878=CARTESIAN_POINT('Ctrl Pts',(19.412776156432,8.17547392051103,0.6));
#2879=CARTESIAN_POINT('Ctrl Pts',(19.2177704785923,8.41388455095507,0.6));
#2880=CARTESIAN_POINT('Ctrl Pts',(19.0227648007525,8.65229518139912,0.6));
#2881=CARTESIAN_POINT('Ctrl Pts',(18.771187529033,8.79015312570708,0.6));
#2882=CARTESIAN_POINT('Ctrl Pts',(18.5405968828889,8.91651093313846,0.6));
#2883=CARTESIAN_POINT('Ctrl Pts',(18.2624793921601,8.95839256518185,0.6));
#2884=CARTESIAN_POINT('Ctrl Pts',(17.9843619014313,9.00027419722525,0.6));
#2885=CARTESIAN_POINT('',(17.9843619014313,9.00027419722525,0.));
#2886=CARTESIAN_POINT('',(17.9843619014313,9.00027419722525,0.));
#2887=CARTESIAN_POINT('Ctrl Pts',(19.412776156432,8.17547392051103,0.));
#2888=CARTESIAN_POINT('Ctrl Pts',(19.2177704785923,8.41388455095507,0.));
#2889=CARTESIAN_POINT('Ctrl Pts',(18.8440265349805,8.87081755007703,0.));
#2890=CARTESIAN_POINT('Ctrl Pts',(18.2624793921601,8.95839256518185,0.));
#2891=CARTESIAN_POINT('Ctrl Pts',(17.9843619014313,9.00027419722525,0.));
#2892=CARTESIAN_POINT('Ctrl Pts',(16.627267838345,8.29639322039411,0.));
#2893=CARTESIAN_POINT('Ctrl Pts',(16.627267838345,8.29639322039411,0.66));
#2894=CARTESIAN_POINT('Ctrl Pts',(16.8101280752371,8.50362841630774,0.));
#2895=CARTESIAN_POINT('Ctrl Pts',(16.8101280752371,8.50362841630774,0.66));
#2896=CARTESIAN_POINT('Ctrl Pts',(17.172051058236,8.91379511827743,0.));
#2897=CARTESIAN_POINT('Ctrl Pts',(17.172051058236,8.91379511827743,0.66));
#2898=CARTESIAN_POINT('Ctrl Pts',(17.7154923131053,8.97165018641671,0.));
#2899=CARTESIAN_POINT('Ctrl Pts',(17.7154923131053,8.97165018641671,0.66));
#2900=CARTESIAN_POINT('Ctrl Pts',(17.9843619014313,9.00027419722525,0.));
#2901=CARTESIAN_POINT('Ctrl Pts',(17.9843619014313,9.00027419722525,0.66));
#2902=CARTESIAN_POINT('',(16.627267838345,8.29639322039411,0.6));
#2903=CARTESIAN_POINT('Ctrl Pts',(17.9843619014313,9.00027419722525,0.6));
#2904=CARTESIAN_POINT('Ctrl Pts',(17.7154923131053,8.97165018641671,0.6));
#2905=CARTESIAN_POINT('Ctrl Pts',(17.4466227247793,8.94302617560818,0.6));
#2906=CARTESIAN_POINT('Ctrl Pts',(17.222185406694,8.82816288121671,0.6));
#2907=CARTESIAN_POINT('Ctrl Pts',(16.9929883121292,8.71086361222136,0.6));
#2908=CARTESIAN_POINT('Ctrl Pts',(16.8101280752371,8.50362841630774,0.6));
#2909=CARTESIAN_POINT('Ctrl Pts',(16.627267838345,8.29639322039411,0.6));
#2910=CARTESIAN_POINT('',(16.627267838345,8.29639322039411,0.));
#2911=CARTESIAN_POINT('',(16.627267838345,8.29639322039411,0.));
#2912=CARTESIAN_POINT('Ctrl Pts',(17.9843619014313,9.00027419722525,0.));
#2913=CARTESIAN_POINT('Ctrl Pts',(17.7154923131053,8.97165018641671,0.));
#2914=CARTESIAN_POINT('Ctrl Pts',(17.172051058236,8.91379511827743,0.));
#2915=CARTESIAN_POINT('Ctrl Pts',(16.8101280752371,8.50362841630774,0.));
#2916=CARTESIAN_POINT('Ctrl Pts',(16.627267838345,8.29639322039411,0.));
#2917=CARTESIAN_POINT('Ctrl Pts',(15.9621063459804,4.92578697782591,0.));
#2918=CARTESIAN_POINT('Ctrl Pts',(15.9621063459804,4.92578697782591,0.66));
#2919=CARTESIAN_POINT('Ctrl Pts',(15.9657367795659,5.62963651665692,0.));
#2920=CARTESIAN_POINT('Ctrl Pts',(15.9657367795659,5.62963651665692,0.66));
#2921=CARTESIAN_POINT('Ctrl Pts',(15.9717836690042,6.80197591972192,0.));
#2922=CARTESIAN_POINT('Ctrl Pts',(15.9717836690042,6.80197591972192,0.66));
#2923=CARTESIAN_POINT('Ctrl Pts',(16.4401138817317,7.86970692691196,0.));
#2924=CARTESIAN_POINT('Ctrl Pts',(16.4401138817317,7.86970692691196,0.66));
#2925=CARTESIAN_POINT('Ctrl Pts',(16.627267838345,8.29639322039411,0.));
#2926=CARTESIAN_POINT('Ctrl Pts',(16.627267838345,8.29639322039411,0.66));
#2927=CARTESIAN_POINT('',(15.9621063459804,4.92578697782591,0.6));
#2928=CARTESIAN_POINT('Ctrl Pts',(16.627267838345,8.29639322039411,0.6));
#2929=CARTESIAN_POINT('Ctrl Pts',(16.4401138817317,7.86970692691196,0.6));
#2930=CARTESIAN_POINT('Ctrl Pts',(16.2529599251183,7.4430206334298,0.6));
#2931=CARTESIAN_POINT('Ctrl Pts',(16.1396307042632,6.99962881155304,0.6));
#2932=CARTESIAN_POINT('Ctrl Pts',(15.9693672131515,6.33348605548793,0.6));
#2933=CARTESIAN_POINT('Ctrl Pts',(15.9657367795659,5.62963651665692,0.6));
#2934=CARTESIAN_POINT('Ctrl Pts',(15.9621063459804,4.92578697782591,0.6));
#2935=CARTESIAN_POINT('',(15.9621063459804,4.92578697782591,0.));
#2936=CARTESIAN_POINT('',(15.9621063459804,4.92578697782591,0.));
#2937=CARTESIAN_POINT('Ctrl Pts',(16.627267838345,8.29639322039411,0.));
#2938=CARTESIAN_POINT('Ctrl Pts',(16.4401138817317,7.86970692691196,0.));
#2939=CARTESIAN_POINT('Ctrl Pts',(15.9717836690042,6.80197591972192,0.));
#2940=CARTESIAN_POINT('Ctrl Pts',(15.9657367795659,5.62963651665692,0.));
#2941=CARTESIAN_POINT('Ctrl Pts',(15.9621063459804,4.92578697782591,0.));
#2942=CARTESIAN_POINT('Ctrl Pts',(21.221095494158,4.87779946642783,0.));
#2943=CARTESIAN_POINT('Ctrl Pts',(21.221095494158,4.87779946642783,0.66));
#2944=CARTESIAN_POINT('Ctrl Pts',(21.2213773246086,5.32415750135583,0.));
#2945=CARTESIAN_POINT('Ctrl Pts',(21.2213773246086,5.32415750135583,0.66));
#2946=CARTESIAN_POINT('Ctrl Pts',(21.2218792252608,6.11905879168948,0.));
#2947=CARTESIAN_POINT('Ctrl Pts',(21.2218792252608,6.11905879168948,0.66));
#2948=CARTESIAN_POINT('Ctrl Pts',(21.0798477710022,6.9006307899762,0.));
#2949=CARTESIAN_POINT('Ctrl Pts',(21.0798477710022,6.9006307899762,0.66));
#2950=CARTESIAN_POINT('Ctrl Pts',(21.0175707234754,7.24332950229356,0.));
#2951=CARTESIAN_POINT('Ctrl Pts',(21.0175707234754,7.24332950229356,0.66));
#2952=CARTESIAN_POINT('',(21.0175707234754,7.24332950229356,0.6));
#2953=CARTESIAN_POINT('',(21.221095494158,4.87779946642783,0.6));
#2954=CARTESIAN_POINT('Ctrl Pts',(21.0175707234754,7.24332950229356,0.6));
#2955=CARTESIAN_POINT('Ctrl Pts',(21.0798477710022,6.9006307899762,0.6));
#2956=CARTESIAN_POINT('Ctrl Pts',(21.1421248185291,6.55793207765883,0.6));
#2957=CARTESIAN_POINT('Ctrl Pts',(21.1769985278913,6.21267068730946,0.6));
#2958=CARTESIAN_POINT('Ctrl Pts',(21.2216591550592,5.77051553628383,0.6));
#2959=CARTESIAN_POINT('Ctrl Pts',(21.2213773246086,5.32415750135583,0.6));
#2960=CARTESIAN_POINT('Ctrl Pts',(21.221095494158,4.87779946642783,0.6));
#2961=CARTESIAN_POINT('',(21.221095494158,4.87779946642783,0.));
#2962=CARTESIAN_POINT('',(21.221095494158,4.87779946642783,0.));
#2963=CARTESIAN_POINT('',(21.0175707234754,7.24332950229356,0.));
#2964=CARTESIAN_POINT('Ctrl Pts',(21.0175707234754,7.24332950229356,0.));
#2965=CARTESIAN_POINT('Ctrl Pts',(21.0798477710022,6.9006307899762,0.));
#2966=CARTESIAN_POINT('Ctrl Pts',(21.2218792252608,6.11905879168948,0.));
#2967=CARTESIAN_POINT('Ctrl Pts',(21.2213773246086,5.32415750135583,0.));
#2968=CARTESIAN_POINT('Ctrl Pts',(21.221095494158,4.87779946642783,0.));
#2969=CARTESIAN_POINT('',(21.0175707234754,7.24332950229356,0.));
#2970=CARTESIAN_POINT('Ctrl Pts',(20.8336613118639,2.04015213783063,0.));
#2971=CARTESIAN_POINT('Ctrl Pts',(20.8336613118639,2.04015213783063,0.66));
#2972=CARTESIAN_POINT('Ctrl Pts',(20.942565642093,2.45412261000228,0.));
#2973=CARTESIAN_POINT('Ctrl Pts',(20.942565642093,2.45412261000228,0.66));
#2974=CARTESIAN_POINT('Ctrl Pts',(21.1869961645343,3.38325939065493,0.));
#2975=CARTESIAN_POINT('Ctrl Pts',(21.1869961645343,3.38325939065493,0.66));
#2976=CARTESIAN_POINT('Ctrl Pts',(21.2089326552801,4.34471420232673,0.));
#2977=CARTESIAN_POINT('Ctrl Pts',(21.2089326552801,4.34471420232673,0.66));
#2978=CARTESIAN_POINT('Ctrl Pts',(21.221095494158,4.87779946642783,0.));
#2979=CARTESIAN_POINT('Ctrl Pts',(21.221095494158,4.87779946642783,0.66));
#2980=CARTESIAN_POINT('',(20.8336613118639,2.04015213783063,0.6));
#2981=CARTESIAN_POINT('Ctrl Pts',(21.221095494158,4.87779946642783,0.6));
#2982=CARTESIAN_POINT('Ctrl Pts',(21.2089326552801,4.34471420232673,0.6));
#2983=CARTESIAN_POINT('Ctrl Pts',(21.1967698164023,3.81162893822563,0.6));
#2984=CARTESIAN_POINT('Ctrl Pts',(21.1162073138124,3.28847896289025,0.6));
#2985=CARTESIAN_POINT('Ctrl Pts',(21.0514699723221,2.86809308217392,0.6));
#2986=CARTESIAN_POINT('Ctrl Pts',(20.942565642093,2.45412261000228,0.6));
#2987=CARTESIAN_POINT('Ctrl Pts',(20.8336613118639,2.04015213783063,0.6));
#2988=CARTESIAN_POINT('',(20.8336613118639,2.04015213783063,0.));
#2989=CARTESIAN_POINT('',(20.8336613118639,2.04015213783063,0.));
#2990=CARTESIAN_POINT('Ctrl Pts',(21.221095494158,4.87779946642783,0.));
#2991=CARTESIAN_POINT('Ctrl Pts',(21.2089326552801,4.34471420232673,0.));
#2992=CARTESIAN_POINT('Ctrl Pts',(21.1869961645343,3.38325939065493,0.));
#2993=CARTESIAN_POINT('Ctrl Pts',(20.942565642093,2.45412261000228,0.));
#2994=CARTESIAN_POINT('Ctrl Pts',(20.8336613118639,2.04015213783063,0.));
#2995=CARTESIAN_POINT('Ctrl Pts',(19.7372839544922,0.378873340514021,0.));
#2996=CARTESIAN_POINT('Ctrl Pts',(19.7372839544922,0.378873340514021,0.66));
#2997=CARTESIAN_POINT('Ctrl Pts',(19.9671168529672,0.602721325581086,0.));
#2998=CARTESIAN_POINT('Ctrl Pts',(19.9671168529672,0.602721325581086,0.66));
#2999=CARTESIAN_POINT('Ctrl Pts',(20.4528308813306,1.07578722384646,0.));
#3000=CARTESIAN_POINT('Ctrl Pts',(20.4528308813306,1.07578722384646,0.66));
#3001=CARTESIAN_POINT('Ctrl Pts',(20.7022589964949,1.7074061900324,0.));
#3002=CARTESIAN_POINT('Ctrl Pts',(20.7022589964949,1.7074061900324,0.66));
#3003=CARTESIAN_POINT('Ctrl Pts',(20.8336613118639,2.04015213783063,0.));
#3004=CARTESIAN_POINT('Ctrl Pts',(20.8336613118639,2.04015213783063,0.66));
#3005=CARTESIAN_POINT('',(19.7372839544922,0.378873340514021,0.6));
#3006=CARTESIAN_POINT('Ctrl Pts',(20.8336613118639,2.04015213783063,0.6));
#3007=CARTESIAN_POINT('Ctrl Pts',(20.7022589964949,1.7074061900324,0.6));
#3008=CARTESIAN_POINT('Ctrl Pts',(20.5708566811258,1.37466024223417,0.6));
#3009=CARTESIAN_POINT('Ctrl Pts',(20.373877137498,1.08591806336723,0.6));
#3010=CARTESIAN_POINT('Ctrl Pts',(20.1969497514421,0.82656931064815,0.6));
#3011=CARTESIAN_POINT('Ctrl Pts',(19.9671168529672,0.602721325581086,0.6));
#3012=CARTESIAN_POINT('Ctrl Pts',(19.7372839544922,0.378873340514021,0.6));
#3013=CARTESIAN_POINT('',(19.7372839544922,0.378873340514021,0.));
#3014=CARTESIAN_POINT('',(19.7372839544922,0.378873340514021,0.));
#3015=CARTESIAN_POINT('Ctrl Pts',(20.8336613118639,2.04015213783063,0.));
#3016=CARTESIAN_POINT('Ctrl Pts',(20.7022589964949,1.7074061900324,0.));
#3017=CARTESIAN_POINT('Ctrl Pts',(20.4528308813306,1.07578722384646,0.));
#3018=CARTESIAN_POINT('Ctrl Pts',(19.9671168529672,0.602721325581086,0.));
#3019=CARTESIAN_POINT('Ctrl Pts',(19.7372839544922,0.378873340514021,0.));
#3020=CARTESIAN_POINT('Ctrl Pts',(17.9141032840375,-0.194556840579461,0.));
#3021=CARTESIAN_POINT('Ctrl Pts',(17.9141032840375,-0.194556840579461,0.66));
#3022=CARTESIAN_POINT('Ctrl Pts',(18.258579589253,-0.177866110077716,0.));
#3023=CARTESIAN_POINT('Ctrl Pts',(18.258579589253,-0.177866110077716,0.66));
#3024=CARTESIAN_POINT('Ctrl Pts',(18.9177863214726,-0.145925910575366,0.));
#3025=CARTESIAN_POINT('Ctrl Pts',(18.9177863214726,-0.145925910575366,0.66));
#3026=CARTESIAN_POINT('Ctrl Pts',(19.4724610780607,0.209283043211406,0.));
#3027=CARTESIAN_POINT('Ctrl Pts',(19.4724610780607,0.209283043211406,0.66));
#3028=CARTESIAN_POINT('Ctrl Pts',(19.7372839544922,0.378873340514021,0.));
#3029=CARTESIAN_POINT('Ctrl Pts',(19.7372839544922,0.378873340514021,0.66));
#3030=CARTESIAN_POINT('',(17.9141032840375,-0.194556840579461,0.6));
#3031=CARTESIAN_POINT('Ctrl Pts',(19.7372839544922,0.378873340514021,0.6));
#3032=CARTESIAN_POINT('Ctrl Pts',(19.4724610780607,0.209283043211406,0.6));
#3033=CARTESIAN_POINT('Ctrl Pts',(19.2076382016292,0.0396927459087894,0.6));
#3034=CARTESIAN_POINT('Ctrl Pts',(18.9189875577695,-0.0562093555343758,
0.6));
#3035=CARTESIAN_POINT('Ctrl Pts',(18.6030558944684,-0.16117537957597,0.6));
#3036=CARTESIAN_POINT('Ctrl Pts',(18.258579589253,-0.177866110077716,0.6));
#3037=CARTESIAN_POINT('Ctrl Pts',(17.9141032840375,-0.194556840579461,0.6));
#3038=CARTESIAN_POINT('',(17.9141032840375,-0.194556840579461,0.));
#3039=CARTESIAN_POINT('',(17.9141032840375,-0.194556840579461,0.));
#3040=CARTESIAN_POINT('Ctrl Pts',(19.7372839544922,0.378873340514021,0.));
#3041=CARTESIAN_POINT('Ctrl Pts',(19.4724610780607,0.209283043211406,0.));
#3042=CARTESIAN_POINT('Ctrl Pts',(18.9177863214726,-0.145925910575366,0.));
#3043=CARTESIAN_POINT('Ctrl Pts',(18.258579589253,-0.177866110077716,0.));
#3044=CARTESIAN_POINT('Ctrl Pts',(17.9141032840375,-0.194556840579461,0.));
#3045=CARTESIAN_POINT('Ctrl Pts',(15.6521701177376,0.862962043722271,0.));
#3046=CARTESIAN_POINT('Ctrl Pts',(15.6521701177376,0.862962043722271,0.66));
#3047=CARTESIAN_POINT('Ctrl Pts',(15.9562376553033,0.557819186953321,0.));
#3048=CARTESIAN_POINT('Ctrl Pts',(15.9562376553033,0.557819186953321,0.66));
#3049=CARTESIAN_POINT('Ctrl Pts',(16.5802179013676,-0.0683677331492749,
0.));
#3050=CARTESIAN_POINT('Ctrl Pts',(16.5802179013676,-0.0683677331492749,
0.66));
#3051=CARTESIAN_POINT('Ctrl Pts',(17.4620108263772,-0.151787690808971,0.));
#3052=CARTESIAN_POINT('Ctrl Pts',(17.4620108263772,-0.151787690808971,0.66));
#3053=CARTESIAN_POINT('Ctrl Pts',(17.9141032840375,-0.194556840579461,0.));
#3054=CARTESIAN_POINT('Ctrl Pts',(17.9141032840375,-0.194556840579461,0.66));
#3055=CARTESIAN_POINT('',(15.6521701177376,0.862962043722271,0.6));
#3056=CARTESIAN_POINT('Ctrl Pts',(17.9141032840375,-0.194556840579461,0.6));
#3057=CARTESIAN_POINT('Ctrl Pts',(17.4620108263772,-0.151787690808971,0.6));
#3058=CARTESIAN_POINT('Ctrl Pts',(17.0099183687169,-0.109018541038481,0.6));
#3059=CARTESIAN_POINT('Ctrl Pts',(16.6255940524836,0.0764212811879218,0.6));
#3060=CARTESIAN_POINT('Ctrl Pts',(16.260305192869,0.252676330184371,0.6));
#3061=CARTESIAN_POINT('Ctrl Pts',(15.9562376553033,0.557819186953321,0.6));
#3062=CARTESIAN_POINT('Ctrl Pts',(15.6521701177376,0.862962043722271,0.6));
#3063=CARTESIAN_POINT('',(15.6521701177376,0.862962043722271,0.));
#3064=CARTESIAN_POINT('',(15.6521701177376,0.862962043722271,0.));
#3065=CARTESIAN_POINT('Ctrl Pts',(17.9141032840375,-0.194556840579461,0.));
#3066=CARTESIAN_POINT('Ctrl Pts',(17.4620108263772,-0.151787690808971,0.));
#3067=CARTESIAN_POINT('Ctrl Pts',(16.5802179013676,-0.0683677331492749,
0.));
#3068=CARTESIAN_POINT('Ctrl Pts',(15.9562376553033,0.557819186953321,0.));
#3069=CARTESIAN_POINT('Ctrl Pts',(15.6521701177376,0.862962043722271,0.));
#3070=CARTESIAN_POINT('Ctrl Pts',(14.7002212607824,4.93730149576897,0.));
#3071=CARTESIAN_POINT('Ctrl Pts',(14.7002212607824,4.93730149576897,0.66));
#3072=CARTESIAN_POINT('Ctrl Pts',(14.7025200981873,4.10937427566857,0.));
#3073=CARTESIAN_POINT('Ctrl Pts',(14.7025200981873,4.10937427566857,0.66));
#3074=CARTESIAN_POINT('Ctrl Pts',(14.7065169260924,2.66991509097852,0.));
#3075=CARTESIAN_POINT('Ctrl Pts',(14.7065169260924,2.66991509097852,0.66));
#3076=CARTESIAN_POINT('Ctrl Pts',(15.3702102690516,1.40173060315655,0.));
#3077=CARTESIAN_POINT('Ctrl Pts',(15.3702102690516,1.40173060315655,0.66));
#3078=CARTESIAN_POINT('Ctrl Pts',(15.6521701177376,0.862962043722271,0.));
#3079=CARTESIAN_POINT('Ctrl Pts',(15.6521701177376,0.862962043722271,0.66));
#3080=CARTESIAN_POINT('',(14.7002212607824,4.93730149576897,0.6));
#3081=CARTESIAN_POINT('Ctrl Pts',(15.6521701177376,0.862962043722271,0.6));
#3082=CARTESIAN_POINT('Ctrl Pts',(15.3702102690516,1.40173060315655,0.6));
#3083=CARTESIAN_POINT('Ctrl Pts',(15.0882504203656,1.94049916259083,0.6));
#3084=CARTESIAN_POINT('Ctrl Pts',(14.9253554861689,2.51018012897501,0.6));
#3085=CARTESIAN_POINT('Ctrl Pts',(14.7048189355923,3.28144705556818,0.6));
#3086=CARTESIAN_POINT('Ctrl Pts',(14.7025200981873,4.10937427566857,0.6));
#3087=CARTESIAN_POINT('Ctrl Pts',(14.7002212607824,4.93730149576897,0.6));
#3088=CARTESIAN_POINT('',(14.7002212607824,4.93730149576897,0.));
#3089=CARTESIAN_POINT('',(14.7002212607824,4.93730149576897,0.));
#3090=CARTESIAN_POINT('Ctrl Pts',(15.6521701177376,0.862962043722271,0.));
#3091=CARTESIAN_POINT('Ctrl Pts',(15.3702102690516,1.40173060315655,0.));
#3092=CARTESIAN_POINT('Ctrl Pts',(14.7065169260924,2.66991509097852,0.));
#3093=CARTESIAN_POINT('Ctrl Pts',(14.7025200981873,4.10937427566857,0.));
#3094=CARTESIAN_POINT('Ctrl Pts',(14.7002212607824,4.93730149576897,0.));
#3095=CARTESIAN_POINT('Ctrl Pts',(16.5085735117427,1.64303805718707,0.));
#3096=CARTESIAN_POINT('Ctrl Pts',(16.5085735117427,1.64303805718707,0.66));
#3097=CARTESIAN_POINT('Ctrl Pts',(16.3461375789348,2.04896123930797,0.));
#3098=CARTESIAN_POINT('Ctrl Pts',(16.3461375789348,2.04896123930797,0.66));
#3099=CARTESIAN_POINT('Ctrl Pts',(15.9270188667472,3.09632802815017,0.));
#3100=CARTESIAN_POINT('Ctrl Pts',(15.9270188667472,3.09632802815017,0.66));
#3101=CARTESIAN_POINT('Ctrl Pts',(15.9487794270502,4.2309222670737,0.));
#3102=CARTESIAN_POINT('Ctrl Pts',(15.9487794270502,4.2309222670737,0.66));
#3103=CARTESIAN_POINT('Ctrl Pts',(15.9621063459804,4.92578697782591,0.));
#3104=CARTESIAN_POINT('Ctrl Pts',(15.9621063459804,4.92578697782591,0.66));
#3105=CARTESIAN_POINT('',(16.5085735117427,1.64303805718707,0.6));
#3106=CARTESIAN_POINT('Ctrl Pts',(15.9621063459804,4.92578697782591,0.6));
#3107=CARTESIAN_POINT('Ctrl Pts',(15.9487794270502,4.2309222670737,0.6));
#3108=CARTESIAN_POINT('Ctrl Pts',(15.9354525081201,3.53605755632149,0.6));
#3109=CARTESIAN_POINT('Ctrl Pts',(16.0874888569378,2.87390977531125,0.6));
#3110=CARTESIAN_POINT('Ctrl Pts',(16.1837016461269,2.45488442142888,0.6));
#3111=CARTESIAN_POINT('Ctrl Pts',(16.3461375789348,2.04896123930797,0.6));
#3112=CARTESIAN_POINT('Ctrl Pts',(16.5085735117427,1.64303805718707,0.6));
#3113=CARTESIAN_POINT('',(16.5085735117427,1.64303805718707,0.));
#3114=CARTESIAN_POINT('',(16.5085735117427,1.64303805718707,0.));
#3115=CARTESIAN_POINT('Ctrl Pts',(15.9621063459804,4.92578697782591,0.));
#3116=CARTESIAN_POINT('Ctrl Pts',(15.9487794270502,4.2309222670737,0.));
#3117=CARTESIAN_POINT('Ctrl Pts',(15.9270188667472,3.09632802815017,0.));
#3118=CARTESIAN_POINT('Ctrl Pts',(16.3461375789348,2.04896123930797,0.));
#3119=CARTESIAN_POINT('Ctrl Pts',(16.5085735117427,1.64303805718707,0.));
#3120=CARTESIAN_POINT('Ctrl Pts',(17.923314898392,0.814951227578948,0.));
#3121=CARTESIAN_POINT('Ctrl Pts',(17.923314898392,0.814951227578948,0.66));
#3122=CARTESIAN_POINT('Ctrl Pts',(17.6487498707904,0.857623791497246,0.));
#3123=CARTESIAN_POINT('Ctrl Pts',(17.6487498707904,0.857623791497246,0.66));
#3124=CARTESIAN_POINT('Ctrl Pts',(17.0712709508997,0.947374865535255,0.));
#3125=CARTESIAN_POINT('Ctrl Pts',(17.0712709508997,0.947374865535255,0.66));
#3126=CARTESIAN_POINT('Ctrl Pts',(16.7021789900225,1.40368348478454,0.));
#3127=CARTESIAN_POINT('Ctrl Pts',(16.7021789900225,1.40368348478454,0.66));
#3128=CARTESIAN_POINT('Ctrl Pts',(16.5085735117427,1.64303805718707,0.));
#3129=CARTESIAN_POINT('Ctrl Pts',(16.5085735117427,1.64303805718707,0.66));
#3130=CARTESIAN_POINT('',(17.923314898392,0.814951227578948,0.6));
#3131=CARTESIAN_POINT('Ctrl Pts',(16.5085735117427,1.64303805718707,0.6));
#3132=CARTESIAN_POINT('Ctrl Pts',(16.7021789900225,1.40368348478454,0.6));
#3133=CARTESIAN_POINT('Ctrl Pts',(16.8957844683023,1.16432891238201,0.6));
#3134=CARTESIAN_POINT('Ctrl Pts',(17.1467271687856,1.02583185774161,0.6));
#3135=CARTESIAN_POINT('Ctrl Pts',(17.3741848431889,0.900296355415551,0.6));
#3136=CARTESIAN_POINT('Ctrl Pts',(17.6487498707904,0.857623791497246,0.6));
#3137=CARTESIAN_POINT('Ctrl Pts',(17.923314898392,0.814951227578948,0.6));
#3138=CARTESIAN_POINT('',(17.923314898392,0.814951227578948,0.));
#3139=CARTESIAN_POINT('',(17.923314898392,0.814951227578948,0.));
#3140=CARTESIAN_POINT('Ctrl Pts',(16.5085735117427,1.64303805718707,0.));
#3141=CARTESIAN_POINT('Ctrl Pts',(16.7021789900225,1.40368348478454,0.));
#3142=CARTESIAN_POINT('Ctrl Pts',(17.0712709508997,0.947374865535255,0.));
#3143=CARTESIAN_POINT('Ctrl Pts',(17.6487498707904,0.857623791497246,0.));
#3144=CARTESIAN_POINT('Ctrl Pts',(17.923314898392,0.814951227578948,0.));
#3145=CARTESIAN_POINT('Ctrl Pts',(19.3529629189056,1.62049413713726,0.));
#3146=CARTESIAN_POINT('Ctrl Pts',(19.3529629189056,1.62049413713726,0.66));
#3147=CARTESIAN_POINT('Ctrl Pts',(19.1551568414626,1.38372316122494,0.));
#3148=CARTESIAN_POINT('Ctrl Pts',(19.1551568414626,1.38372316122494,0.66));
#3149=CARTESIAN_POINT('Ctrl Pts',(18.7783646014721,0.932708371730127,0.));
#3150=CARTESIAN_POINT('Ctrl Pts',(18.7783646014721,0.932708371730127,0.66));
#3151=CARTESIAN_POINT('Ctrl Pts',(18.1986801598754,0.852874434468465,0.));
#3152=CARTESIAN_POINT('Ctrl Pts',(18.1986801598754,0.852874434468465,0.66));
#3153=CARTESIAN_POINT('Ctrl Pts',(17.923314898392,0.814951227578948,0.));
#3154=CARTESIAN_POINT('Ctrl Pts',(17.923314898392,0.814951227578948,0.66));
#3155=CARTESIAN_POINT('',(19.3529629189056,1.62049413713726,0.6));
#3156=CARTESIAN_POINT('Ctrl Pts',(17.923314898392,0.814951227578948,0.6));
#3157=CARTESIAN_POINT('Ctrl Pts',(18.2357702678609,0.857982471085403,0.6));
#3158=CARTESIAN_POINT('Ctrl Pts',(18.5016845037966,0.894604086063028,0.6));
#3159=CARTESIAN_POINT('Ctrl Pts',(18.9761706789151,1.16947934764245,0.6));
#3160=CARTESIAN_POINT('Ctrl Pts',(19.1645667989103,1.39498674238986,0.6));
#3161=CARTESIAN_POINT('Ctrl Pts',(19.3529629189056,1.62049413713726,0.6));
#3162=CARTESIAN_POINT('',(19.3529629189056,1.62049413713726,0.));
#3163=CARTESIAN_POINT('',(19.3529629189056,1.62049413713726,0.));
#3164=CARTESIAN_POINT('Ctrl Pts',(17.923314898392,0.814951227578948,0.));
#3165=CARTESIAN_POINT('Ctrl Pts',(18.1986801598754,0.852874434468465,0.));
#3166=CARTESIAN_POINT('Ctrl Pts',(18.7783646014721,0.932708371730127,0.));
#3167=CARTESIAN_POINT('Ctrl Pts',(19.1551568414626,1.38372316122494,0.));
#3168=CARTESIAN_POINT('Ctrl Pts',(19.3529629189056,1.62049413713726,0.));
#3169=CARTESIAN_POINT('Ctrl Pts',(19.9592127930465,4.88931396261644,0.));
#3170=CARTESIAN_POINT('Ctrl Pts',(19.9592127930465,4.88931396261644,0.66));
#3171=CARTESIAN_POINT('Ctrl Pts',(19.9596263041687,4.19579763562229,0.));
#3172=CARTESIAN_POINT('Ctrl Pts',(19.9596263041687,4.19579763562229,0.66));
#3173=CARTESIAN_POINT('Ctrl Pts',(19.9603022009977,3.06222356464178,0.));
#3174=CARTESIAN_POINT('Ctrl Pts',(19.9603022009977,3.06222356464178,0.66));
#3175=CARTESIAN_POINT('Ctrl Pts',(19.5228021098585,2.02366608197986,0.));
#3176=CARTESIAN_POINT('Ctrl Pts',(19.5228021098585,2.02366608197986,0.66));
#3177=CARTESIAN_POINT('Ctrl Pts',(19.3529629189056,1.62049413713726,0.));
#3178=CARTESIAN_POINT('Ctrl Pts',(19.3529629189056,1.62049413713726,0.66));
#3179=CARTESIAN_POINT('Ctrl Pts',(19.3529629189056,1.62049413713726,0.6));
#3180=CARTESIAN_POINT('Ctrl Pts',(19.5228021098585,2.02366608197986,0.6));
#3181=CARTESIAN_POINT('Ctrl Pts',(19.6926413008114,2.42683802682246,0.6));
#3182=CARTESIAN_POINT('Ctrl Pts',(19.7964464160126,2.84432917847463,0.6));
#3183=CARTESIAN_POINT('Ctrl Pts',(19.960039815291,3.50228130862814,0.6));
#3184=CARTESIAN_POINT('Ctrl Pts',(19.9596263041687,4.19579763562229,0.6));
#3185=CARTESIAN_POINT('Ctrl Pts',(19.9592127930465,4.88931396261644,0.6));
#3186=CARTESIAN_POINT('Ctrl Pts',(19.3529629189056,1.62049413713726,0.));
#3187=CARTESIAN_POINT('Ctrl Pts',(19.5228021098585,2.02366608197986,0.));
#3188=CARTESIAN_POINT('Ctrl Pts',(19.9603022009977,3.06222356464178,0.));
#3189=CARTESIAN_POINT('Ctrl Pts',(19.9596263041687,4.19579763562229,0.));
#3190=CARTESIAN_POINT('Ctrl Pts',(19.9592127930465,4.88931396261644,0.));
#3191=CARTESIAN_POINT('Ctrl Pts',(15.0911927418817,7.78855942606289,0.));
#3192=CARTESIAN_POINT('Ctrl Pts',(15.0911927418817,7.78855942606289,0.66));
#3193=CARTESIAN_POINT('Ctrl Pts',(14.9812954075709,7.37349070571899,0.));
#3194=CARTESIAN_POINT('Ctrl Pts',(14.9812954075709,7.37349070571899,0.66));
#3195=CARTESIAN_POINT('Ctrl Pts',(14.7341703968062,6.44012992289055,0.));
#3196=CARTESIAN_POINT('Ctrl Pts',(14.7341703968062,6.44012992289055,0.66));
#3197=CARTESIAN_POINT('Ctrl Pts',(14.7123423183659,5.47386507401574,0.));
#3198=CARTESIAN_POINT('Ctrl Pts',(14.7123423183659,5.47386507401574,0.66));
#3199=CARTESIAN_POINT('Ctrl Pts',(14.7002212607824,4.93730149576897,0.));
#3200=CARTESIAN_POINT('Ctrl Pts',(14.7002212607824,4.93730149576897,0.66));
#3201=CARTESIAN_POINT('',(15.0911927418817,7.78855942606289,0.6));
#3202=CARTESIAN_POINT('Ctrl Pts',(14.7002212607824,4.93730149576897,0.6));
#3203=CARTESIAN_POINT('Ctrl Pts',(14.7111353000025,5.42043392020646,0.6));
#3204=CARTESIAN_POINT('Ctrl Pts',(14.7220493392227,5.90356634464382,0.6));
#3205=CARTESIAN_POINT('Ctrl Pts',(14.8465428239193,6.864546764448,0.6));
#3206=CARTESIAN_POINT('Ctrl Pts',(14.9518193590014,7.26216329421025,0.6));
#3207=CARTESIAN_POINT('Ctrl Pts',(15.0911927418817,7.78855942606289,0.6));
#3208=CARTESIAN_POINT('',(15.0911927418817,7.78855942606289,0.));
#3209=CARTESIAN_POINT('',(15.0911927418817,7.78855942606289,0.));
#3210=CARTESIAN_POINT('Ctrl Pts',(14.7002212607824,4.93730149576897,0.));
#3211=CARTESIAN_POINT('Ctrl Pts',(14.7123423183659,5.47386507401574,0.));
#3212=CARTESIAN_POINT('Ctrl Pts',(14.7341703968062,6.44012992289055,0.));
#3213=CARTESIAN_POINT('Ctrl Pts',(14.9812954075709,7.37349070571899,0.));
#3214=CARTESIAN_POINT('Ctrl Pts',(15.0911927418817,7.78855942606289,0.));
#3215=CARTESIAN_POINT('Ctrl Pts',(16.1909494207567,9.44639726387484,0.));
#3216=CARTESIAN_POINT('Ctrl Pts',(16.1909494207567,9.44639726387484,0.66));
#3217=CARTESIAN_POINT('Ctrl Pts',(15.9609142394463,9.22341795239939,0.));
#3218=CARTESIAN_POINT('Ctrl Pts',(15.9609142394463,9.22341795239939,0.66));
#3219=CARTESIAN_POINT('Ctrl Pts',(15.4743316152098,8.7517602785161,0.));
#3220=CARTESIAN_POINT('Ctrl Pts',(15.4743316152098,8.7517602785161,0.66));
#3221=CARTESIAN_POINT('Ctrl Pts',(15.2234620478637,8.12108091407727,0.));
#3222=CARTESIAN_POINT('Ctrl Pts',(15.2234620478637,8.12108091407727,0.66));
#3223=CARTESIAN_POINT('Ctrl Pts',(15.0911927418817,7.78855942606289,0.));
#3224=CARTESIAN_POINT('Ctrl Pts',(15.0911927418817,7.78855942606289,0.66));
#3225=CARTESIAN_POINT('',(16.1909494207567,9.44639726387484,0.6));
#3226=CARTESIAN_POINT('Ctrl Pts',(15.0911927418817,7.78855942606289,0.6));
#3227=CARTESIAN_POINT('Ctrl Pts',(15.2234620478637,8.12108091407727,0.6));
#3228=CARTESIAN_POINT('Ctrl Pts',(15.3557313538456,8.45360240209164,0.6));
#3229=CARTESIAN_POINT('Ctrl Pts',(15.553525478546,8.74191816139747,0.6));
#3230=CARTESIAN_POINT('Ctrl Pts',(15.7308790581359,9.00043864092395,0.6));
#3231=CARTESIAN_POINT('Ctrl Pts',(15.9609142394463,9.22341795239939,0.6));
#3232=CARTESIAN_POINT('Ctrl Pts',(16.1909494207567,9.44639726387484,0.6));
#3233=CARTESIAN_POINT('',(16.1909494207567,9.44639726387484,0.));
#3234=CARTESIAN_POINT('',(16.1909494207567,9.44639726387484,0.));
#3235=CARTESIAN_POINT('Ctrl Pts',(15.0911927418817,7.78855942606289,0.));
#3236=CARTESIAN_POINT('Ctrl Pts',(15.2234620478637,8.12108091407727,0.));
#3237=CARTESIAN_POINT('Ctrl Pts',(15.4743316152098,8.7517602785161,0.));
#3238=CARTESIAN_POINT('Ctrl Pts',(15.9609142394463,9.22341795239939,0.));
#3239=CARTESIAN_POINT('Ctrl Pts',(16.1909494207567,9.44639726387484,0.));
#3240=CARTESIAN_POINT('Ctrl Pts',(18.0072774875521,10.0164774660081,0.));
#3241=CARTESIAN_POINT('Ctrl Pts',(18.0072774875521,10.0164774660081,0.66));
#3242=CARTESIAN_POINT('Ctrl Pts',(17.6646295263004,9.99976314523142,0.));
#3243=CARTESIAN_POINT('Ctrl Pts',(17.6646295263004,9.99976314523142,0.66));
#3244=CARTESIAN_POINT('Ctrl Pts',(17.0082374565373,9.96774442966912,0.));
#3245=CARTESIAN_POINT('Ctrl Pts',(17.0082374565373,9.96774442966912,0.66));
#3246=CARTESIAN_POINT('Ctrl Pts',(16.4552621140933,9.61500204887316,0.));
#3247=CARTESIAN_POINT('Ctrl Pts',(16.4552621140933,9.61500204887316,0.66));
#3248=CARTESIAN_POINT('Ctrl Pts',(16.1909494207567,9.44639726387484,0.));
#3249=CARTESIAN_POINT('Ctrl Pts',(16.1909494207567,9.44639726387484,0.66));
#3250=CARTESIAN_POINT('',(18.0072774875521,10.0164774660081,0.6));
#3251=CARTESIAN_POINT('Ctrl Pts',(16.1909494207567,9.44639726387484,0.6));
#3252=CARTESIAN_POINT('Ctrl Pts',(16.4870160996978,9.63525788240165,0.6));
#3253=CARTESIAN_POINT('Ctrl Pts',(16.7429393140866,9.79851102773258,0.6));
#3254=CARTESIAN_POINT('Ctrl Pts',(17.350885417789,9.98445875044585,0.6));
#3255=CARTESIAN_POINT('Ctrl Pts',(17.6790814526706,10.000468108227,0.6));
#3256=CARTESIAN_POINT('Ctrl Pts',(18.0072774875521,10.0164774660081,0.6));
#3257=CARTESIAN_POINT('',(18.0072774875521,10.0164774660081,0.));
#3258=CARTESIAN_POINT('',(18.0072774875521,10.0164774660081,0.));
#3259=CARTESIAN_POINT('Ctrl Pts',(16.1909494207567,9.44639726387484,0.));
#3260=CARTESIAN_POINT('Ctrl Pts',(16.4552621140933,9.61500204887316,0.));
#3261=CARTESIAN_POINT('Ctrl Pts',(17.0082374565373,9.96774442966912,0.));
#3262=CARTESIAN_POINT('Ctrl Pts',(17.6646295263004,9.99976314523142,0.));
#3263=CARTESIAN_POINT('Ctrl Pts',(18.0072774875521,10.0164774660081,0.));
#3264=CARTESIAN_POINT('Ctrl Pts',(19.4162677139028,9.67959748941017,0.));
#3265=CARTESIAN_POINT('Ctrl Pts',(19.4162677139028,9.67959748941017,0.66));
#3266=CARTESIAN_POINT('Ctrl Pts',(19.201449158199,9.77602103290852,0.));
#3267=CARTESIAN_POINT('Ctrl Pts',(19.201449158199,9.77602103290852,0.66));
#3268=CARTESIAN_POINT('Ctrl Pts',(18.7534902858929,9.97709203288695,0.));
#3269=CARTESIAN_POINT('Ctrl Pts',(18.7534902858929,9.97709203288695,0.66));
#3270=CARTESIAN_POINT('Ctrl Pts',(18.2627061988044,10.0029958285361,0.));
#3271=CARTESIAN_POINT('Ctrl Pts',(18.2627061988044,10.0029958285361,0.66));
#3272=CARTESIAN_POINT('Ctrl Pts',(18.0072774875521,10.0164774660081,0.));
#3273=CARTESIAN_POINT('Ctrl Pts',(18.0072774875521,10.0164774660081,0.66));
#3274=CARTESIAN_POINT('',(19.4162677139028,9.67959748941017,0.6));
#3275=CARTESIAN_POINT('Ctrl Pts',(18.0072774875521,10.0164774660081,0.6));
#3276=CARTESIAN_POINT('Ctrl Pts',(18.2627061988044,10.0029958285361,0.6));
#3277=CARTESIAN_POINT('Ctrl Pts',(18.5181349100568,9.98951419106397,0.6));
#3278=CARTESIAN_POINT('Ctrl Pts',(18.7619636202677,9.92858527836009,0.6));
#3279=CARTESIAN_POINT('Ctrl Pts',(18.9866306024952,9.87244457640687,0.6));
#3280=CARTESIAN_POINT('Ctrl Pts',(19.201449158199,9.77602103290852,0.6));
#3281=CARTESIAN_POINT('Ctrl Pts',(19.4162677139028,9.67959748941017,0.6));
#3282=CARTESIAN_POINT('',(19.4162677139028,9.67959748941017,0.));
#3283=CARTESIAN_POINT('',(19.4162677139028,9.67959748941017,0.));
#3284=CARTESIAN_POINT('Ctrl Pts',(18.0072774875521,10.0164774660081,0.));
#3285=CARTESIAN_POINT('Ctrl Pts',(18.2627061988044,10.0029958285361,0.));
#3286=CARTESIAN_POINT('Ctrl Pts',(18.7534902858929,9.97709203288695,0.));
#3287=CARTESIAN_POINT('Ctrl Pts',(19.201449158199,9.77602103290852,0.));
#3288=CARTESIAN_POINT('Ctrl Pts',(19.4162677139028,9.67959748941017,0.));
#3289=CARTESIAN_POINT('Ctrl Pts',(20.4104279410708,8.73597082590306,0.));
#3290=CARTESIAN_POINT('Ctrl Pts',(20.4104279410708,8.73597082590306,0.66));
#3291=CARTESIAN_POINT('Ctrl Pts',(20.273000545967,8.92798141683548,0.));
#3292=CARTESIAN_POINT('Ctrl Pts',(20.273000545967,8.92798141683548,0.66));
#3293=CARTESIAN_POINT('Ctrl Pts',(20.0020951795863,9.30648454895274,0.));
#3294=CARTESIAN_POINT('Ctrl Pts',(20.0020951795863,9.30648454895274,0.66));
#3295=CARTESIAN_POINT('Ctrl Pts',(19.6096363677417,9.55644118272878,0.));
#3296=CARTESIAN_POINT('Ctrl Pts',(19.6096363677417,9.55644118272878,0.66));
#3297=CARTESIAN_POINT('Ctrl Pts',(19.4162677139028,9.67959748941017,0.));
#3298=CARTESIAN_POINT('Ctrl Pts',(19.4162677139028,9.67959748941017,0.66));
#3299=CARTESIAN_POINT('',(20.4104279410708,8.73597082590306,0.6));
#3300=CARTESIAN_POINT('Ctrl Pts',(19.4162677139028,9.67959748941017,0.6));
#3301=CARTESIAN_POINT('Ctrl Pts',(19.6096363677417,9.55644118272878,0.6));
#3302=CARTESIAN_POINT('Ctrl Pts',(19.8030050215805,9.43328487604738,0.6));
#3303=CARTESIAN_POINT('Ctrl Pts',(19.9668648956061,9.27892212926191,0.6));
#3304=CARTESIAN_POINT('Ctrl Pts',(20.1355731508632,9.11999200776791,0.6));
#3305=CARTESIAN_POINT('Ctrl Pts',(20.273000545967,8.92798141683548,0.6));
#3306=CARTESIAN_POINT('Ctrl Pts',(20.4104279410708,8.73597082590306,0.6));
#3307=CARTESIAN_POINT('',(20.4104279410708,8.73597082590306,0.));
#3308=CARTESIAN_POINT('',(20.4104279410708,8.73597082590306,0.));
#3309=CARTESIAN_POINT('Ctrl Pts',(19.4162677139028,9.67959748941017,0.));
#3310=CARTESIAN_POINT('Ctrl Pts',(19.6096363677417,9.55644118272878,0.));
#3311=CARTESIAN_POINT('Ctrl Pts',(20.0020951795863,9.30648454895274,0.));
#3312=CARTESIAN_POINT('Ctrl Pts',(20.273000545967,8.92798141683548,0.));
#3313=CARTESIAN_POINT('Ctrl Pts',(20.4104279410708,8.73597082590306,0.));
#3314=CARTESIAN_POINT('Ctrl Pts',(21.0175707234754,7.24332950229356,0.));
#3315=CARTESIAN_POINT('Ctrl Pts',(21.0175707234754,7.24332950229356,0.66));
#3316=CARTESIAN_POINT('Ctrl Pts',(20.9419787044347,7.51875008312992,0.));
#3317=CARTESIAN_POINT('Ctrl Pts',(20.9419787044347,7.51875008312992,0.66));
#3318=CARTESIAN_POINT('Ctrl Pts',(20.7987348236778,8.04066117030604,0.));
#3319=CARTESIAN_POINT('Ctrl Pts',(20.7987348236778,8.04066117030604,0.66));
#3320=CARTESIAN_POINT('Ctrl Pts',(20.5349903585836,8.51292700283284,0.));
#3321=CARTESIAN_POINT('Ctrl Pts',(20.5349903585836,8.51292700283284,0.66));
#3322=CARTESIAN_POINT('Ctrl Pts',(20.4104279410708,8.73597082590306,0.));
#3323=CARTESIAN_POINT('Ctrl Pts',(20.4104279410708,8.73597082590306,0.66));
#3324=CARTESIAN_POINT('Ctrl Pts',(20.4104279410708,8.73597082590306,0.6));
#3325=CARTESIAN_POINT('Ctrl Pts',(20.5349903585836,8.51292700283284,0.6));
#3326=CARTESIAN_POINT('Ctrl Pts',(20.6595527760964,8.28988317976261,0.6));
#3327=CARTESIAN_POINT('Ctrl Pts',(20.7572372213663,8.05576585208001,0.6));
#3328=CARTESIAN_POINT('Ctrl Pts',(20.8663866853941,7.79417066396628,0.6));
#3329=CARTESIAN_POINT('Ctrl Pts',(20.9419787044347,7.51875008312992,0.6));
#3330=CARTESIAN_POINT('Ctrl Pts',(21.0175707234754,7.24332950229356,0.6));
#3331=CARTESIAN_POINT('Ctrl Pts',(20.4104279410708,8.73597082590306,0.));
#3332=CARTESIAN_POINT('Ctrl Pts',(20.5349903585836,8.51292700283284,0.));
#3333=CARTESIAN_POINT('Ctrl Pts',(20.7987348236778,8.04066117030604,0.));
#3334=CARTESIAN_POINT('Ctrl Pts',(20.9419787044347,7.51875008312992,0.));
#3335=CARTESIAN_POINT('Ctrl Pts',(21.0175707234754,7.24332950229356,0.));
#3336=CARTESIAN_POINT('Origin',(12.1288715878408,4.96467397151106,0.));
#3337=CARTESIAN_POINT('Origin',(12.1288715878408,4.96467397151106,0.6));
#3338=CARTESIAN_POINT('Origin',(12.8612986868481,0.0220888311202402,0.));
#3339=CARTESIAN_POINT('',(12.8740580157779,1.42039373222453,0.6));
#3340=CARTESIAN_POINT('',(12.8612986868481,0.0220888311202402,0.6));
#3341=CARTESIAN_POINT('',(12.883816505333,2.48983428409853,0.6));
#3342=CARTESIAN_POINT('',(12.8612986868481,0.0220888311202402,0.));
#3343=CARTESIAN_POINT('',(12.8612986868481,0.0220888311202402,0.));
#3344=CARTESIAN_POINT('',(12.8740580157779,1.42039373222453,0.));
#3345=CARTESIAN_POINT('',(12.8740580157779,1.42039373222453,0.));
#3346=CARTESIAN_POINT('',(12.8740580157779,1.42039373222453,0.));
#3347=CARTESIAN_POINT('Origin',(11.4629937857438,0.0348481600500184,0.));
#3348=CARTESIAN_POINT('',(11.4629937857438,0.0348481600500183,0.6));
#3349=CARTESIAN_POINT('',(11.7734148683075,0.0320156128022475,0.6));
#3350=CARTESIAN_POINT('',(11.4629937857438,0.0348481600500183,0.));
#3351=CARTESIAN_POINT('',(11.4629937857438,0.0348481600500183,0.));
#3352=CARTESIAN_POINT('',(12.8612986868481,0.0220888311202394,0.));
#3353=CARTESIAN_POINT('Origin',(11.4757531146736,1.43315306115431,0.));
#3354=CARTESIAN_POINT('',(11.4757531146736,1.43315306115431,0.6));
#3355=CARTESIAN_POINT('',(11.4918912686936,3.20174606358046,0.6));
#3356=CARTESIAN_POINT('',(11.4757531146736,1.43315306115431,0.));
#3357=CARTESIAN_POINT('',(11.4757531146736,1.43315306115431,0.));
#3358=CARTESIAN_POINT('',(11.4629937857438,0.0348481600500183,0.));
#3359=CARTESIAN_POINT('Origin',(12.8740580157779,1.42039373222453,0.));
#3360=CARTESIAN_POINT('',(12.4853266477894,1.42394084944165,0.6));
#3361=CARTESIAN_POINT('',(11.4757531146736,1.43315306115431,0.));
#3362=CARTESIAN_POINT('Origin',(12.1288715878408,4.96467397151106,0.));
#3363=CARTESIAN_POINT('Origin',(12.1288715878408,4.96467397151106,0.6));
#3364=CARTESIAN_POINT('Ctrl Pts',(4.42830948829395,7.32989803953521,0.));
#3365=CARTESIAN_POINT('Ctrl Pts',(4.42830948829395,7.32989803953521,0.66));
#3366=CARTESIAN_POINT('Ctrl Pts',(4.48236493113769,7.60258980053974,0.));
#3367=CARTESIAN_POINT('Ctrl Pts',(4.48236493113769,7.60258980053974,0.66));
#3368=CARTESIAN_POINT('Ctrl Pts',(4.58172475326948,8.10382711254437,0.));
#3369=CARTESIAN_POINT('Ctrl Pts',(4.58172475326948,8.10382711254437,0.66));
#3370=CARTESIAN_POINT('Ctrl Pts',(4.90645705798128,8.49602593351041,0.));
#3371=CARTESIAN_POINT('Ctrl Pts',(4.90645705798128,8.49602593351041,0.66));
#3372=CARTESIAN_POINT('Ctrl Pts',(5.05452289771511,8.67485399258045,0.));
#3373=CARTESIAN_POINT('Ctrl Pts',(5.05452289771511,8.67485399258045,0.66));
#3374=CARTESIAN_POINT('',(5.05452289771511,8.67485399258045,0.6));
#3375=CARTESIAN_POINT('',(4.42830948829395,7.32989803953521,0.6));
#3376=CARTESIAN_POINT('Ctrl Pts',(5.05452289771511,8.67485399258045,0.6));
#3377=CARTESIAN_POINT('Ctrl Pts',(4.90645705798128,8.49602593351041,0.6));
#3378=CARTESIAN_POINT('Ctrl Pts',(4.75839121824746,8.31719787444037,0.6));
#3379=CARTESIAN_POINT('Ctrl Pts',(4.65718077821487,8.11570049025154,0.6));
#3380=CARTESIAN_POINT('Ctrl Pts',(4.53642037398142,7.87528156154427,0.6));
#3381=CARTESIAN_POINT('Ctrl Pts',(4.48236493113769,7.60258980053974,0.6));
#3382=CARTESIAN_POINT('Ctrl Pts',(4.42830948829395,7.32989803953521,0.6));
#3383=CARTESIAN_POINT('',(4.42830948829395,7.32989803953521,0.));
#3384=CARTESIAN_POINT('',(4.42830948829395,7.32989803953521,0.));
#3385=CARTESIAN_POINT('',(5.05452289771511,8.67485399258045,0.));
#3386=CARTESIAN_POINT('Ctrl Pts',(5.05452289771511,8.67485399258045,0.));
#3387=CARTESIAN_POINT('Ctrl Pts',(4.90645705798128,8.49602593351041,0.));
#3388=CARTESIAN_POINT('Ctrl Pts',(4.58172475326948,8.10382711254437,0.));
#3389=CARTESIAN_POINT('Ctrl Pts',(4.48236493113769,7.60258980053974,0.));
#3390=CARTESIAN_POINT('Ctrl Pts',(4.42830948829395,7.32989803953521,0.));
#3391=CARTESIAN_POINT('',(5.05452289771511,8.67485399258045,0.));
#3392=CARTESIAN_POINT('Origin',(3.20252135592525,7.55937341507531,0.));
#3393=CARTESIAN_POINT('',(3.20252135592525,7.55937341507531,0.6));
#3394=CARTESIAN_POINT('',(7.74922383637804,6.70820164107973,0.6));
#3395=CARTESIAN_POINT('',(3.20252135592525,7.55937341507531,0.));
#3396=CARTESIAN_POINT('',(3.20252135592525,7.55937341507531,0.));
#3397=CARTESIAN_POINT('',(4.42830948829395,7.32989803953521,0.));
#3398=CARTESIAN_POINT('Ctrl Pts',(4.24312965712644,9.46332696834599,0.));
#3399=CARTESIAN_POINT('Ctrl Pts',(4.24312965712644,9.46332696834599,0.66));
#3400=CARTESIAN_POINT('Ctrl Pts',(3.99706234793538,9.20688309257238,0.));
#3401=CARTESIAN_POINT('Ctrl Pts',(3.99706234793538,9.20688309257238,0.66));
#3402=CARTESIAN_POINT('Ctrl Pts',(3.47948155491974,8.66747611070529,0.));
#3403=CARTESIAN_POINT('Ctrl Pts',(3.47948155491974,8.66747611070529,0.66));
#3404=CARTESIAN_POINT('Ctrl Pts',(3.2978184968586,7.9406520938799,0.));
#3405=CARTESIAN_POINT('Ctrl Pts',(3.2978184968586,7.9406520938799,0.66));
#3406=CARTESIAN_POINT('Ctrl Pts',(3.20252135592525,7.55937341507531,0.));
#3407=CARTESIAN_POINT('Ctrl Pts',(3.20252135592525,7.55937341507531,0.66));
#3408=CARTESIAN_POINT('',(4.24312965712644,9.46332696834599,0.6));
#3409=CARTESIAN_POINT('Ctrl Pts',(3.20252135592525,7.55937341507531,0.6));
#3410=CARTESIAN_POINT('Ctrl Pts',(3.2978184968586,7.9406520938799,0.6));
#3411=CARTESIAN_POINT('Ctrl Pts',(3.39311563779195,8.32193077268449,0.6));
#3412=CARTESIAN_POINT('Ctrl Pts',(3.58085267180259,8.65163488763119,0.6));
#3413=CARTESIAN_POINT('Ctrl Pts',(3.75099503874432,8.95043921679878,0.6));
#3414=CARTESIAN_POINT('Ctrl Pts',(3.99706234793538,9.20688309257238,0.6));
#3415=CARTESIAN_POINT('Ctrl Pts',(4.24312965712644,9.46332696834599,0.6));
#3416=CARTESIAN_POINT('',(4.24312965712644,9.46332696834599,0.));
#3417=CARTESIAN_POINT('',(4.24312965712644,9.46332696834599,0.));
#3418=CARTESIAN_POINT('Ctrl Pts',(3.20252135592525,7.55937341507531,0.));
#3419=CARTESIAN_POINT('Ctrl Pts',(3.2978184968586,7.9406520938799,0.));
#3420=CARTESIAN_POINT('Ctrl Pts',(3.47948155491974,8.66747611070529,0.));
#3421=CARTESIAN_POINT('Ctrl Pts',(3.99706234793538,9.20688309257238,0.));
#3422=CARTESIAN_POINT('Ctrl Pts',(4.24312965712644,9.46332696834599,0.));
#3423=CARTESIAN_POINT('Ctrl Pts',(6.2342331895251,10.1239047836016,0.));
#3424=CARTESIAN_POINT('Ctrl Pts',(6.2342331895251,10.1239047836016,0.66));
#3425=CARTESIAN_POINT('Ctrl Pts',(5.85950488945685,10.1031176015765,0.));
#3426=CARTESIAN_POINT('Ctrl Pts',(5.85950488945685,10.1031176015765,0.66));
#3427=CARTESIAN_POINT('Ctrl Pts',(5.13483332821635,10.0629181299882,0.));
#3428=CARTESIAN_POINT('Ctrl Pts',(5.13483332821635,10.0629181299882,0.66));
#3429=CARTESIAN_POINT('Ctrl Pts',(4.53350876241354,9.65858100923481,0.));
#3430=CARTESIAN_POINT('Ctrl Pts',(4.53350876241354,9.65858100923481,0.66));
#3431=CARTESIAN_POINT('Ctrl Pts',(4.24312965712644,9.46332696834599,0.));
#3432=CARTESIAN_POINT('Ctrl Pts',(4.24312965712644,9.46332696834599,0.66));
#3433=CARTESIAN_POINT('',(6.2342331895251,10.1239047836016,0.6));
#3434=CARTESIAN_POINT('Ctrl Pts',(4.24312965712644,9.46332696834599,0.6));
#3435=CARTESIAN_POINT('Ctrl Pts',(4.53350876241354,9.65858100923481,0.6));
#3436=CARTESIAN_POINT('Ctrl Pts',(4.82388786770063,9.85383505012363,0.6));
#3437=CARTESIAN_POINT('Ctrl Pts',(5.14303045160931,9.96417526356241,0.6));
#3438=CARTESIAN_POINT('Ctrl Pts',(5.48477658938859,10.0823304195514,0.6));
#3439=CARTESIAN_POINT('Ctrl Pts',(5.85950488945685,10.1031176015765,0.6));
#3440=CARTESIAN_POINT('Ctrl Pts',(6.2342331895251,10.1239047836016,0.6));
#3441=CARTESIAN_POINT('',(6.2342331895251,10.1239047836016,0.));
#3442=CARTESIAN_POINT('',(6.2342331895251,10.1239047836016,0.));
#3443=CARTESIAN_POINT('Ctrl Pts',(4.24312965712644,9.46332696834599,0.));
#3444=CARTESIAN_POINT('Ctrl Pts',(4.53350876241354,9.65858100923481,0.));
#3445=CARTESIAN_POINT('Ctrl Pts',(5.13483332821635,10.0629181299882,0.));
#3446=CARTESIAN_POINT('Ctrl Pts',(5.85950488945685,10.1031176015765,0.));
#3447=CARTESIAN_POINT('Ctrl Pts',(6.2342331895251,10.1239047836016,0.));
#3448=CARTESIAN_POINT('Ctrl Pts',(7.73846843205225,9.75886816379632,0.));
#3449=CARTESIAN_POINT('Ctrl Pts',(7.73846843205225,9.75886816379632,0.66));
#3450=CARTESIAN_POINT('Ctrl Pts',(7.50239991040654,9.8634815492,0.));
#3451=CARTESIAN_POINT('Ctrl Pts',(7.50239991040654,9.8634815492,0.66));
#3452=CARTESIAN_POINT('Ctrl Pts',(7.02316743398976,10.0758526497764,0.));
#3453=CARTESIAN_POINT('Ctrl Pts',(7.02316743398976,10.0758526497764,0.66));
#3454=CARTESIAN_POINT('Ctrl Pts',(6.49979426188935,10.1077300817458,0.));
#3455=CARTESIAN_POINT('Ctrl Pts',(6.49979426188935,10.1077300817458,0.66));
#3456=CARTESIAN_POINT('Ctrl Pts',(6.2342331895251,10.1239047836016,0.));
#3457=CARTESIAN_POINT('Ctrl Pts',(6.2342331895251,10.1239047836016,0.66));
#3458=CARTESIAN_POINT('',(7.73846843205225,9.75886816379632,0.6));
#3459=CARTESIAN_POINT('Ctrl Pts',(6.2342331895251,10.1239047836016,0.6));
#3460=CARTESIAN_POINT('Ctrl Pts',(6.49979426188935,10.1077300817458,0.6));
#3461=CARTESIAN_POINT('Ctrl Pts',(6.7653553342536,10.0915553798901,0.6));
#3462=CARTESIAN_POINT('Ctrl Pts',(7.01955204389737,10.0289111902515,0.6));
#3463=CARTESIAN_POINT('Ctrl Pts',(7.26633138876083,9.96809493460368,0.6));
#3464=CARTESIAN_POINT('Ctrl Pts',(7.50239991040654,9.8634815492,0.6));
#3465=CARTESIAN_POINT('Ctrl Pts',(7.73846843205225,9.75886816379632,0.6));
#3466=CARTESIAN_POINT('',(7.73846843205225,9.75886816379632,0.));
#3467=CARTESIAN_POINT('',(7.73846843205225,9.75886816379632,0.));
#3468=CARTESIAN_POINT('Ctrl Pts',(6.2342331895251,10.1239047836016,0.));
#3469=CARTESIAN_POINT('Ctrl Pts',(6.49979426188935,10.1077300817458,0.));
#3470=CARTESIAN_POINT('Ctrl Pts',(7.02316743398976,10.0758526497764,0.));
#3471=CARTESIAN_POINT('Ctrl Pts',(7.50239991040654,9.8634815492,0.));
#3472=CARTESIAN_POINT('Ctrl Pts',(7.73846843205225,9.75886816379632,0.));
#3473=CARTESIAN_POINT('Ctrl Pts',(8.7835679540586,8.79090164832004,0.));
#3474=CARTESIAN_POINT('Ctrl Pts',(8.7835679540586,8.79090164832004,0.66));
#3475=CARTESIAN_POINT('Ctrl Pts',(8.64762453047723,8.98514514161341,0.));
#3476=CARTESIAN_POINT('Ctrl Pts',(8.64762453047723,8.98514514161341,0.66));
#3477=CARTESIAN_POINT('Ctrl Pts',(8.36926379685561,9.38288237575043,0.));
#3478=CARTESIAN_POINT('Ctrl Pts',(8.36926379685561,9.38288237575043,0.66));
#3479=CARTESIAN_POINT('Ctrl Pts',(7.9519685906141,9.63161132291921,0.));
#3480=CARTESIAN_POINT('Ctrl Pts',(7.9519685906141,9.63161132291921,0.66));
#3481=CARTESIAN_POINT('Ctrl Pts',(7.73846843205225,9.75886816379632,0.));
#3482=CARTESIAN_POINT('Ctrl Pts',(7.73846843205225,9.75886816379632,0.66));
#3483=CARTESIAN_POINT('',(8.7835679540586,8.79090164832004,0.6));
#3484=CARTESIAN_POINT('Ctrl Pts',(7.73846843205225,9.75886816379632,0.6));
#3485=CARTESIAN_POINT('Ctrl Pts',(7.9519685906141,9.63161132291921,0.6));
#3486=CARTESIAN_POINT('Ctrl Pts',(8.16546874917595,9.5043544820421,0.6));
#3487=CARTESIAN_POINT('Ctrl Pts',(8.34260089007693,9.33809266342341,0.6));
#3488=CARTESIAN_POINT('Ctrl Pts',(8.51168110689587,9.17938863490679,0.6));
#3489=CARTESIAN_POINT('Ctrl Pts',(8.64762453047723,8.98514514161341,0.6));
#3490=CARTESIAN_POINT('Ctrl Pts',(8.7835679540586,8.79090164832004,0.6));
#3491=CARTESIAN_POINT('',(8.7835679540586,8.79090164832004,0.));
#3492=CARTESIAN_POINT('',(8.7835679540586,8.79090164832004,0.));
#3493=CARTESIAN_POINT('Ctrl Pts',(7.73846843205225,9.75886816379632,0.));
#3494=CARTESIAN_POINT('Ctrl Pts',(7.9519685906141,9.63161132291921,0.));
#3495=CARTESIAN_POINT('Ctrl Pts',(8.36926379685561,9.38288237575043,0.));
#3496=CARTESIAN_POINT('Ctrl Pts',(8.64762453047723,8.98514514161341,0.));
#3497=CARTESIAN_POINT('Ctrl Pts',(8.7835679540586,8.79090164832004,0.));
#3498=CARTESIAN_POINT('Ctrl Pts',(9.13672766462488,7.498403205737,0.));
#3499=CARTESIAN_POINT('Ctrl Pts',(9.13672766462488,7.498403205737,0.66));
#3500=CARTESIAN_POINT('Ctrl Pts',(9.12298103677205,7.72377479137804,0.));
#3501=CARTESIAN_POINT('Ctrl Pts',(9.12298103677205,7.72377479137804,0.66));
#3502=CARTESIAN_POINT('Ctrl Pts',(9.09521122913548,8.17905194349151,0.));
#3503=CARTESIAN_POINT('Ctrl Pts',(9.09521122913548,8.17905194349151,0.66));
#3504=CARTESIAN_POINT('Ctrl Pts',(8.88813644615621,8.58560217247379,0.));
#3505=CARTESIAN_POINT('Ctrl Pts',(8.88813644615621,8.58560217247379,0.66));
#3506=CARTESIAN_POINT('Ctrl Pts',(8.7835679540586,8.79090164832004,0.));
#3507=CARTESIAN_POINT('Ctrl Pts',(8.7835679540586,8.79090164832004,0.66));
#3508=CARTESIAN_POINT('',(9.13672766462488,7.498403205737,0.6));
#3509=CARTESIAN_POINT('Ctrl Pts',(8.7835679540586,8.79090164832004,0.6));
#3510=CARTESIAN_POINT('Ctrl Pts',(8.88710534554822,8.58762653382891,0.6));
#3511=CARTESIAN_POINT('Ctrl Pts',(8.99064273703786,8.38435141933776,0.6));
#3512=CARTESIAN_POINT('Ctrl Pts',(9.10896055730994,7.95363608693737,0.6));
#3513=CARTESIAN_POINT('Ctrl Pts',(9.12257960553229,7.73035612870671,0.6));
#3514=CARTESIAN_POINT('Ctrl Pts',(9.13672766462488,7.498403205737,0.6));
#3515=CARTESIAN_POINT('',(9.13672766462488,7.498403205737,0.));
#3516=CARTESIAN_POINT('',(9.13672766462488,7.498403205737,0.));
#3517=CARTESIAN_POINT('Ctrl Pts',(8.7835679540586,8.79090164832004,0.));
#3518=CARTESIAN_POINT('Ctrl Pts',(8.88813644615621,8.58560217247379,0.));
#3519=CARTESIAN_POINT('Ctrl Pts',(9.09521122913548,8.17905194349151,0.));
#3520=CARTESIAN_POINT('Ctrl Pts',(9.12298103677205,7.72377479137804,0.));
#3521=CARTESIAN_POINT('Ctrl Pts',(9.13672766462488,7.498403205737,0.));
#3522=CARTESIAN_POINT('Ctrl Pts',(8.77808902915871,6.32154464006278,0.));
#3523=CARTESIAN_POINT('Ctrl Pts',(8.77808902915871,6.32154464006278,0.66));
#3524=CARTESIAN_POINT('Ctrl Pts',(8.88121791071182,6.50334310564974,0.));
#3525=CARTESIAN_POINT('Ctrl Pts',(8.88121791071182,6.50334310564974,0.66));
#3526=CARTESIAN_POINT('Ctrl Pts',(9.0885356205914,6.868808540526,0.));
#3527=CARTESIAN_POINT('Ctrl Pts',(9.0885356205914,6.868808540526,0.66));
#3528=CARTESIAN_POINT('Ctrl Pts',(9.12060898977645,7.28782422121007,0.));
#3529=CARTESIAN_POINT('Ctrl Pts',(9.12060898977645,7.28782422121007,0.66));
#3530=CARTESIAN_POINT('Ctrl Pts',(9.13672766462488,7.498403205737,0.));
#3531=CARTESIAN_POINT('Ctrl Pts',(9.13672766462488,7.498403205737,0.66));
#3532=CARTESIAN_POINT('',(8.77808902915871,6.32154464006278,0.6));
#3533=CARTESIAN_POINT('Ctrl Pts',(9.13672766462489,7.498403205737,0.6));
#3534=CARTESIAN_POINT('Ctrl Pts',(9.12069098003237,7.28889536539498,0.6));
#3535=CARTESIAN_POINT('Ctrl Pts',(9.10465429543984,7.07938752505294,0.6));
#3536=CARTESIAN_POINT('Ctrl Pts',(8.9854013747334,6.68700061859293,0.6));
#3537=CARTESIAN_POINT('Ctrl Pts',(8.88278111766585,6.50609877041948,0.6));
#3538=CARTESIAN_POINT('Ctrl Pts',(8.77808902915871,6.32154464006278,0.6));
#3539=CARTESIAN_POINT('',(8.77808902915871,6.32154464006278,0.));
#3540=CARTESIAN_POINT('',(8.77808902915871,6.32154464006278,0.));
#3541=CARTESIAN_POINT('Ctrl Pts',(9.13672766462488,7.498403205737,0.));
#3542=CARTESIAN_POINT('Ctrl Pts',(9.12060898977645,7.28782422121007,0.));
#3543=CARTESIAN_POINT('Ctrl Pts',(9.0885356205914,6.868808540526,0.));
#3544=CARTESIAN_POINT('Ctrl Pts',(8.88121791071182,6.50334310564974,0.));
#3545=CARTESIAN_POINT('Ctrl Pts',(8.77808902915871,6.32154464006278,0.));
#3546=CARTESIAN_POINT('Ctrl Pts',(7.7404005115833,5.48513939895716,0.));
#3547=CARTESIAN_POINT('Ctrl Pts',(7.7404005115833,5.48513939895716,0.66));
#3548=CARTESIAN_POINT('Ctrl Pts',(7.95199483851917,5.5926736534649,0.));
#3549=CARTESIAN_POINT('Ctrl Pts',(7.95199483851917,5.5926736534649,0.66));
#3550=CARTESIAN_POINT('Ctrl Pts',(8.35733425892925,5.79867101184214,0.));
#3551=CARTESIAN_POINT('Ctrl Pts',(8.35733425892925,5.79867101184214,0.66));
#3552=CARTESIAN_POINT('Ctrl Pts',(8.64201612058146,6.15244629479263,0.));
#3553=CARTESIAN_POINT('Ctrl Pts',(8.64201612058146,6.15244629479263,0.66));
#3554=CARTESIAN_POINT('Ctrl Pts',(8.77808902915871,6.32154464006278,0.));
#3555=CARTESIAN_POINT('Ctrl Pts',(8.77808902915871,6.32154464006278,0.66));
#3556=CARTESIAN_POINT('',(7.7404005115833,5.48513939895716,0.6));
#3557=CARTESIAN_POINT('Ctrl Pts',(8.77808902915871,6.32154464006278,0.6));
#3558=CARTESIAN_POINT('Ctrl Pts',(8.62566831439581,6.13213081095611,0.6));
#3559=CARTESIAN_POINT('Ctrl Pts',(8.49391451345421,5.96839983794153,0.6));
#3560=CARTESIAN_POINT('Ctrl Pts',(8.14573993199339,5.6911367573344,0.6));
#3561=CARTESIAN_POINT('Ctrl Pts',(7.94307022178836,5.58813807814578,0.6));
#3562=CARTESIAN_POINT('Ctrl Pts',(7.7404005115833,5.48513939895716,0.6));
#3563=CARTESIAN_POINT('',(7.7404005115833,5.48513939895716,0.));
#3564=CARTESIAN_POINT('',(7.7404005115833,5.48513939895716,0.));
#3565=CARTESIAN_POINT('Ctrl Pts',(8.77808902915871,6.32154464006278,0.));
#3566=CARTESIAN_POINT('Ctrl Pts',(8.64201612058146,6.15244629479263,0.));
#3567=CARTESIAN_POINT('Ctrl Pts',(8.35733425892925,5.79867101184214,0.));
#3568=CARTESIAN_POINT('Ctrl Pts',(7.95199483851917,5.5926736534649,0.));
#3569=CARTESIAN_POINT('Ctrl Pts',(7.7404005115833,5.48513939895716,0.));
#3570=CARTESIAN_POINT('Ctrl Pts',(9.11049324751816,4.62335278421043,0.));
#3571=CARTESIAN_POINT('Ctrl Pts',(9.11049324751816,4.62335278421043,0.66));
#3572=CARTESIAN_POINT('Ctrl Pts',(8.92767780214488,4.82254648533944,0.));
#3573=CARTESIAN_POINT('Ctrl Pts',(8.92767780214488,4.82254648533944,0.66));
#3574=CARTESIAN_POINT('Ctrl Pts',(8.55007522906444,5.23397810116463,0.));
#3575=CARTESIAN_POINT('Ctrl Pts',(8.55007522906444,5.23397810116463,0.66));
#3576=CARTESIAN_POINT('Ctrl Pts',(8.01593693786463,5.39966793131738,0.));
#3577=CARTESIAN_POINT('Ctrl Pts',(8.01593693786463,5.39966793131738,0.66));
#3578=CARTESIAN_POINT('Ctrl Pts',(7.7404005115833,5.48513939895716,0.));
#3579=CARTESIAN_POINT('Ctrl Pts',(7.7404005115833,5.48513939895716,0.66));
#3580=CARTESIAN_POINT('',(9.11049324751816,4.62335278421043,0.6));
#3581=CARTESIAN_POINT('Ctrl Pts',(7.7404005115833,5.48513939895716,0.6));
#3582=CARTESIAN_POINT('Ctrl Pts',(8.01593693786463,5.39966793131738,0.6));
#3583=CARTESIAN_POINT('Ctrl Pts',(8.29147336414596,5.3141964636776,0.6));
#3584=CARTESIAN_POINT('Ctrl Pts',(8.52535508504402,5.16333224219529,0.6));
#3585=CARTESIAN_POINT('Ctrl Pts',(8.74486235677159,5.02174018646845,0.6));
#3586=CARTESIAN_POINT('Ctrl Pts',(8.92767780214488,4.82254648533944,0.6));
#3587=CARTESIAN_POINT('Ctrl Pts',(9.11049324751816,4.62335278421043,0.6));
#3588=CARTESIAN_POINT('',(9.11049324751816,4.62335278421043,0.));
#3589=CARTESIAN_POINT('',(9.11049324751816,4.62335278421043,0.));
#3590=CARTESIAN_POINT('Ctrl Pts',(7.7404005115833,5.48513939895716,0.));
#3591=CARTESIAN_POINT('Ctrl Pts',(8.01593693786463,5.39966793131738,0.));
#3592=CARTESIAN_POINT('Ctrl Pts',(8.55007522906444,5.23397810116463,0.));
#3593=CARTESIAN_POINT('Ctrl Pts',(8.92767780214488,4.82254648533944,0.));
#3594=CARTESIAN_POINT('Ctrl Pts',(9.11049324751816,4.62335278421043,0.));
#3595=CARTESIAN_POINT('Ctrl Pts',(9.58688503779146,3.00570552904485,0.));
#3596=CARTESIAN_POINT('Ctrl Pts',(9.58688503779146,3.00570552904485,0.66));
#3597=CARTESIAN_POINT('Ctrl Pts',(9.57343186855874,3.30945321577444,0.));
#3598=CARTESIAN_POINT('Ctrl Pts',(9.57343186855874,3.30945321577444,0.66));
#3599=CARTESIAN_POINT('Ctrl Pts',(9.54776139270898,3.88904509644792,0.));
#3600=CARTESIAN_POINT('Ctrl Pts',(9.54776139270898,3.88904509644792,0.66));
#3601=CARTESIAN_POINT('Ctrl Pts',(9.25149487537382,4.38656768916022,0.));
#3602=CARTESIAN_POINT('Ctrl Pts',(9.25149487537382,4.38656768916022,0.66));
#3603=CARTESIAN_POINT('Ctrl Pts',(9.11049324751816,4.62335278421043,0.));
#3604=CARTESIAN_POINT('Ctrl Pts',(9.11049324751816,4.62335278421043,0.66));
#3605=CARTESIAN_POINT('',(9.58688503779146,3.00570552904485,0.6));
#3606=CARTESIAN_POINT('Ctrl Pts',(9.11049324751816,4.62335278421043,0.6));
#3607=CARTESIAN_POINT('Ctrl Pts',(9.25149487537382,4.38656768916022,0.6));
#3608=CARTESIAN_POINT('Ctrl Pts',(9.39249650322948,4.14978259411001,0.6));
#3609=CARTESIAN_POINT('Ctrl Pts',(9.47220602457149,3.89440816748051,0.6));
#3610=CARTESIAN_POINT('Ctrl Pts',(9.55997869932602,3.61320090250402,0.6));
#3611=CARTESIAN_POINT('Ctrl Pts',(9.57343186855874,3.30945321577444,0.6));
#3612=CARTESIAN_POINT('Ctrl Pts',(9.58688503779146,3.00570552904485,0.6));
#3613=CARTESIAN_POINT('',(9.58688503779146,3.00570552904485,0.));
#3614=CARTESIAN_POINT('',(9.58688503779146,3.00570552904485,0.));
#3615=CARTESIAN_POINT('Ctrl Pts',(9.11049324751816,4.62335278421043,0.));
#3616=CARTESIAN_POINT('Ctrl Pts',(9.25149487537382,4.38656768916022,0.));
#3617=CARTESIAN_POINT('Ctrl Pts',(9.54776139270898,3.88904509644792,0.));
#3618=CARTESIAN_POINT('Ctrl Pts',(9.57343186855874,3.30945321577444,0.));
#3619=CARTESIAN_POINT('Ctrl Pts',(9.58688503779146,3.00570552904485,0.));
#3620=CARTESIAN_POINT('Ctrl Pts',(8.61168640496769,0.794183787009797,0.));
#3621=CARTESIAN_POINT('Ctrl Pts',(8.61168640496769,0.794183787009797,0.66));
#3622=CARTESIAN_POINT('Ctrl Pts',(8.89312725243919,1.11133709293726,0.));
#3623=CARTESIAN_POINT('Ctrl Pts',(8.89312725243919,1.11133709293726,0.66));
#3624=CARTESIAN_POINT('Ctrl Pts',(9.45481504494103,1.74429830624906,0.));
#3625=CARTESIAN_POINT('Ctrl Pts',(9.45481504494103,1.74429830624906,0.66));
#3626=CARTESIAN_POINT('Ctrl Pts',(9.54292413396298,2.58583269939548,0.));
#3627=CARTESIAN_POINT('Ctrl Pts',(9.54292413396298,2.58583269939548,0.66));
#3628=CARTESIAN_POINT('Ctrl Pts',(9.58688503779146,3.00570552904485,0.));
#3629=CARTESIAN_POINT('Ctrl Pts',(9.58688503779146,3.00570552904485,0.66));
#3630=CARTESIAN_POINT('',(8.61168640496769,0.794183787009797,0.6));
#3631=CARTESIAN_POINT('Ctrl Pts',(9.58688503779146,3.00570552904485,0.6));
#3632=CARTESIAN_POINT('Ctrl Pts',(9.54292413396298,2.58583269939548,0.6));
#3633=CARTESIAN_POINT('Ctrl Pts',(9.49896323013449,2.16595986974612,0.6));
#3634=CARTESIAN_POINT('Ctrl Pts',(9.33711042606514,1.79800890298734,0.6));
#3635=CARTESIAN_POINT('Ctrl Pts',(9.17456809991068,1.42849039886472,0.6));
#3636=CARTESIAN_POINT('Ctrl Pts',(8.89312725243919,1.11133709293726,0.6));
#3637=CARTESIAN_POINT('Ctrl Pts',(8.61168640496769,0.794183787009797,0.6));
#3638=CARTESIAN_POINT('',(8.61168640496769,0.794183787009797,0.));
#3639=CARTESIAN_POINT('',(8.61168640496769,0.794183787009797,0.));
#3640=CARTESIAN_POINT('Ctrl Pts',(9.58688503779146,3.00570552904485,0.));
#3641=CARTESIAN_POINT('Ctrl Pts',(9.54292413396298,2.58583269939548,0.));
#3642=CARTESIAN_POINT('Ctrl Pts',(9.45481504494103,1.74429830624906,0.));
#3643=CARTESIAN_POINT('Ctrl Pts',(8.89312725243919,1.11133709293726,0.));
#3644=CARTESIAN_POINT('Ctrl Pts',(8.61168640496769,0.794183787009797,0.));
#3645=CARTESIAN_POINT('Ctrl Pts',(6.18874374171823,-0.0943860789662287,
0.));
#3646=CARTESIAN_POINT('Ctrl Pts',(6.18874374171823,-0.0943860789662287,
0.66));
#3647=CARTESIAN_POINT('Ctrl Pts',(6.64981213117034,-0.0651032325409484,
0.));
#3648=CARTESIAN_POINT('Ctrl Pts',(6.64981213117034,-0.0651032325409484,
0.66));
#3649=CARTESIAN_POINT('Ctrl Pts',(7.54671978018118,-0.0081398632350238,
0.));
#3650=CARTESIAN_POINT('Ctrl Pts',(7.54671978018118,-0.0081398632350238,
0.66));
#3651=CARTESIAN_POINT('Ctrl Pts',(8.26341753094728,0.531805278831918,0.));
#3652=CARTESIAN_POINT('Ctrl Pts',(8.26341753094728,0.531805278831918,0.66));
#3653=CARTESIAN_POINT('Ctrl Pts',(8.61168640496769,0.794183787009797,0.));
#3654=CARTESIAN_POINT('Ctrl Pts',(8.61168640496769,0.794183787009797,0.66));
#3655=CARTESIAN_POINT('',(6.18874374171823,-0.0943860789662287,0.6));
#3656=CARTESIAN_POINT('Ctrl Pts',(8.61168640496769,0.794183787009797,0.6));
#3657=CARTESIAN_POINT('Ctrl Pts',(8.26341753094728,0.531805278831918,0.6));
#3658=CARTESIAN_POINT('Ctrl Pts',(7.91514865692686,0.26942677065404,0.6));
#3659=CARTESIAN_POINT('Ctrl Pts',(7.5243262245391,0.12109634339585,0.6));
#3660=CARTESIAN_POINT('Ctrl Pts',(7.11088052062244,-0.0358203861156631,
0.6));
#3661=CARTESIAN_POINT('Ctrl Pts',(6.64981213117034,-0.0651032325409484,
0.6));
#3662=CARTESIAN_POINT('Ctrl Pts',(6.18874374171823,-0.0943860789662287,
0.6));
#3663=CARTESIAN_POINT('',(6.18874374171823,-0.0943860789662287,0.));
#3664=CARTESIAN_POINT('',(6.18874374171823,-0.0943860789662287,0.));
#3665=CARTESIAN_POINT('Ctrl Pts',(8.61168640496769,0.794183787009797,0.));
#3666=CARTESIAN_POINT('Ctrl Pts',(8.26341753094728,0.531805278831918,0.));
#3667=CARTESIAN_POINT('Ctrl Pts',(7.54671978018118,-0.0081398632350238,
0.));
#3668=CARTESIAN_POINT('Ctrl Pts',(6.64981213117034,-0.0651032325409484,
0.));
#3669=CARTESIAN_POINT('Ctrl Pts',(6.18874374171823,-0.0943860789662287,
0.));
#3670=CARTESIAN_POINT('Ctrl Pts',(4.00977138694256,0.709976577149052,0.));
#3671=CARTESIAN_POINT('Ctrl Pts',(4.00977138694256,0.709976577149052,0.66));
#3672=CARTESIAN_POINT('Ctrl Pts',(4.32287576873232,0.478378748403658,0.));
#3673=CARTESIAN_POINT('Ctrl Pts',(4.32287576873232,0.478378748403658,0.66));
#3674=CARTESIAN_POINT('Ctrl Pts',(4.96999428590566,-0.000283487690262429,
0.));
#3675=CARTESIAN_POINT('Ctrl Pts',(4.96999428590566,-0.000283487690262429,
0.66));
#3676=CARTESIAN_POINT('Ctrl Pts',(5.77383598722493,-0.0623500483841433,
0.));
#3677=CARTESIAN_POINT('Ctrl Pts',(5.77383598722493,-0.0623500483841433,
0.66));
#3678=CARTESIAN_POINT('Ctrl Pts',(6.18874374171823,-0.0943860789662287,
0.));
#3679=CARTESIAN_POINT('Ctrl Pts',(6.18874374171823,-0.0943860789662287,
0.66));
#3680=CARTESIAN_POINT('',(4.00977138694256,0.709976577149052,0.6));
#3681=CARTESIAN_POINT('Ctrl Pts',(6.18874374171823,-0.0943860789662287,
0.6));
#3682=CARTESIAN_POINT('Ctrl Pts',(5.77383598722493,-0.0623500483841433,
0.6));
#3683=CARTESIAN_POINT('Ctrl Pts',(5.35892823273162,-0.0303140178020567,
0.6));
#3684=CARTESIAN_POINT('Ctrl Pts',(4.98577420885787,0.112710209597985,0.6));
#3685=CARTESIAN_POINT('Ctrl Pts',(4.63598015052207,0.24678091965826,0.6));
#3686=CARTESIAN_POINT('Ctrl Pts',(4.32287576873232,0.478378748403658,0.6));
#3687=CARTESIAN_POINT('Ctrl Pts',(4.00977138694256,0.709976577149052,0.6));
#3688=CARTESIAN_POINT('',(4.00977138694256,0.709976577149052,0.));
#3689=CARTESIAN_POINT('',(4.00977138694256,0.709976577149052,0.));
#3690=CARTESIAN_POINT('Ctrl Pts',(6.18874374171823,-0.0943860789662287,
0.));
#3691=CARTESIAN_POINT('Ctrl Pts',(5.77383598722493,-0.0623500483841433,
0.));
#3692=CARTESIAN_POINT('Ctrl Pts',(4.96999428590566,-0.000283487690262429,
0.));
#3693=CARTESIAN_POINT('Ctrl Pts',(4.32287576873232,0.478378748403658,0.));
#3694=CARTESIAN_POINT('Ctrl Pts',(4.00977138694256,0.709976577149052,0.));
#3695=CARTESIAN_POINT('Ctrl Pts',(3.03586395042077,2.75169046554999,0.));
#3696=CARTESIAN_POINT('Ctrl Pts',(3.03586395042077,2.75169046554999,0.66));
#3697=CARTESIAN_POINT('Ctrl Pts',(3.1014786432229,2.35689624351523,0.));
#3698=CARTESIAN_POINT('Ctrl Pts',(3.1014786432229,2.35689624351523,0.66));
#3699=CARTESIAN_POINT('Ctrl Pts',(3.23026310110541,1.58201857986114,0.));
#3700=CARTESIAN_POINT('Ctrl Pts',(3.23026310110541,1.58201857986114,0.66));
#3701=CARTESIAN_POINT('Ctrl Pts',(3.75324483319197,0.996954834783932,0.));
#3702=CARTESIAN_POINT('Ctrl Pts',(3.75324483319197,0.996954834783932,0.66));
#3703=CARTESIAN_POINT('Ctrl Pts',(4.00977138694256,0.709976577149052,0.));
#3704=CARTESIAN_POINT('Ctrl Pts',(4.00977138694256,0.709976577149052,0.66));
#3705=CARTESIAN_POINT('',(3.03586395042077,2.75169046554999,0.6));
#3706=CARTESIAN_POINT('Ctrl Pts',(4.00977138694256,0.709976577149052,0.6));
#3707=CARTESIAN_POINT('Ctrl Pts',(3.75324483319197,0.996954834783932,0.6));
#3708=CARTESIAN_POINT('Ctrl Pts',(3.49671827944137,1.28393309241881,0.6));
#3709=CARTESIAN_POINT('Ctrl Pts',(3.33503471464941,1.61658015742973,0.6));
#3710=CARTESIAN_POINT('Ctrl Pts',(3.16709333602503,1.96210202148047,0.6));
#3711=CARTESIAN_POINT('Ctrl Pts',(3.1014786432229,2.35689624351523,0.6));
#3712=CARTESIAN_POINT('Ctrl Pts',(3.03586395042077,2.75169046554999,0.6));
#3713=CARTESIAN_POINT('',(3.03586395042077,2.75169046554999,0.));
#3714=CARTESIAN_POINT('',(3.03586395042077,2.75169046554999,0.));
#3715=CARTESIAN_POINT('Ctrl Pts',(4.00977138694256,0.709976577149052,0.));
#3716=CARTESIAN_POINT('Ctrl Pts',(3.75324483319197,0.996954834783932,0.));
#3717=CARTESIAN_POINT('Ctrl Pts',(3.23026310110541,1.58201857986114,0.));
#3718=CARTESIAN_POINT('Ctrl Pts',(3.1014786432229,2.35689624351523,0.));
#3719=CARTESIAN_POINT('Ctrl Pts',(3.03586395042077,2.75169046554999,0.));
#3720=CARTESIAN_POINT('Origin',(4.26513740889778,2.90419105272444,0.));
#3721=CARTESIAN_POINT('',(4.26513740889778,2.90419105272444,0.6));
#3722=CARTESIAN_POINT('',(8.26328119249964,3.40019075921983,0.6));
#3723=CARTESIAN_POINT('',(4.26513740889778,2.90419105272444,0.));
#3724=CARTESIAN_POINT('',(4.26513740889778,2.90419105272444,0.));
#3725=CARTESIAN_POINT('',(3.03586395042077,2.75169046554999,0.));
#3726=CARTESIAN_POINT('Ctrl Pts',(4.97102856632767,1.39359446968556,0.));
#3727=CARTESIAN_POINT('Ctrl Pts',(4.97102856632767,1.39359446968556,0.66));
#3728=CARTESIAN_POINT('Ctrl Pts',(4.81282915738605,1.58945112346155,0.));
#3729=CARTESIAN_POINT('Ctrl Pts',(4.81282915738605,1.58945112346155,0.66));
#3730=CARTESIAN_POINT('Ctrl Pts',(4.45471204247278,2.03281320841542,0.));
#3731=CARTESIAN_POINT('Ctrl Pts',(4.45471204247278,2.03281320841542,0.66));
#3732=CARTESIAN_POINT('Ctrl Pts',(4.33305310956074,2.59201723641576,0.));
#3733=CARTESIAN_POINT('Ctrl Pts',(4.33305310956074,2.59201723641576,0.66));
#3734=CARTESIAN_POINT('Ctrl Pts',(4.26513740889778,2.90419105272444,0.));
#3735=CARTESIAN_POINT('Ctrl Pts',(4.26513740889778,2.90419105272444,0.66));
#3736=CARTESIAN_POINT('',(4.97102856632767,1.39359446968556,0.6));
#3737=CARTESIAN_POINT('Ctrl Pts',(4.26513740889778,2.90419105272444,0.6));
#3738=CARTESIAN_POINT('Ctrl Pts',(4.33305310956074,2.59201723641576,0.6));
#3739=CARTESIAN_POINT('Ctrl Pts',(4.4009688102237,2.27984342010707,0.6));
#3740=CARTESIAN_POINT('Ctrl Pts',(4.5425741978243,2.00377051790123,0.6));
#3741=CARTESIAN_POINT('Ctrl Pts',(4.65462974844442,1.78530777723755,0.6));
#3742=CARTESIAN_POINT('Ctrl Pts',(4.81282915738605,1.58945112346155,0.6));
#3743=CARTESIAN_POINT('Ctrl Pts',(4.97102856632767,1.39359446968556,0.6));
#3744=CARTESIAN_POINT('',(4.97102856632767,1.39359446968556,0.));
#3745=CARTESIAN_POINT('',(4.97102856632767,1.39359446968556,0.));
#3746=CARTESIAN_POINT('Ctrl Pts',(4.26513740889778,2.90419105272444,0.));
#3747=CARTESIAN_POINT('Ctrl Pts',(4.33305310956074,2.59201723641576,0.));
#3748=CARTESIAN_POINT('Ctrl Pts',(4.45471204247278,2.03281320841542,0.));
#3749=CARTESIAN_POINT('Ctrl Pts',(4.81282915738605,1.58945112346155,0.));
#3750=CARTESIAN_POINT('Ctrl Pts',(4.97102856632767,1.39359446968556,0.));
#3751=CARTESIAN_POINT('Ctrl Pts',(6.20483876513609,0.921880618602247,0.));
#3752=CARTESIAN_POINT('Ctrl Pts',(6.20483876513609,0.921880618602247,0.66));
#3753=CARTESIAN_POINT('Ctrl Pts',(5.97247462413426,0.941826781571096,0.));
#3754=CARTESIAN_POINT('Ctrl Pts',(5.97247462413426,0.941826781571096,0.66));
#3755=CARTESIAN_POINT('Ctrl Pts',(5.51563144544058,0.981042249388739,0.));
#3756=CARTESIAN_POINT('Ctrl Pts',(5.51563144544058,0.981042249388739,0.66));
#3757=CARTESIAN_POINT('Ctrl Pts',(5.15046192001462,1.25766858442503,0.));
#3758=CARTESIAN_POINT('Ctrl Pts',(5.15046192001462,1.25766858442503,0.66));
#3759=CARTESIAN_POINT('Ctrl Pts',(4.97102856632767,1.39359446968556,0.));
#3760=CARTESIAN_POINT('Ctrl Pts',(4.97102856632767,1.39359446968556,0.66));
#3761=CARTESIAN_POINT('',(6.20483876513609,0.921880618602247,0.6));
#3762=CARTESIAN_POINT('Ctrl Pts',(4.97102856632767,1.39359446968556,0.6));
#3763=CARTESIAN_POINT('Ctrl Pts',(5.15046192001462,1.25766858442503,0.6));
#3764=CARTESIAN_POINT('Ctrl Pts',(5.32989527370157,1.1217426991645,0.6));
#3765=CARTESIAN_POINT('Ctrl Pts',(5.53146272562876,1.04313835909182,0.6));
#3766=CARTESIAN_POINT('Ctrl Pts',(5.74011048313244,0.961772944539945,0.6));
#3767=CARTESIAN_POINT('Ctrl Pts',(5.97247462413426,0.941826781571096,0.6));
#3768=CARTESIAN_POINT('Ctrl Pts',(6.20483876513609,0.921880618602247,0.6));
#3769=CARTESIAN_POINT('',(6.20483876513609,0.921880618602247,0.));
#3770=CARTESIAN_POINT('',(6.20483876513609,0.921880618602247,0.));
#3771=CARTESIAN_POINT('Ctrl Pts',(4.97102856632767,1.39359446968556,0.));
#3772=CARTESIAN_POINT('Ctrl Pts',(5.15046192001462,1.25766858442503,0.));
#3773=CARTESIAN_POINT('Ctrl Pts',(5.51563144544058,0.981042249388739,0.));
#3774=CARTESIAN_POINT('Ctrl Pts',(5.97247462413426,0.941826781571096,0.));
#3775=CARTESIAN_POINT('Ctrl Pts',(6.20483876513609,0.921880618602247,0.));
#3776=CARTESIAN_POINT('Ctrl Pts',(7.67341971289343,1.50877743774482,0.));
#3777=CARTESIAN_POINT('Ctrl Pts',(7.67341971289343,1.50877743774482,0.66));
#3778=CARTESIAN_POINT('Ctrl Pts',(7.46072329212851,1.33563406191704,0.));
#3779=CARTESIAN_POINT('Ctrl Pts',(7.46072329212851,1.33563406191704,0.66));
#3780=CARTESIAN_POINT('Ctrl Pts',(7.03254806091132,0.987082334002818,0.));
#3781=CARTESIAN_POINT('Ctrl Pts',(7.03254806091132,0.987082334002818,0.66));
#3782=CARTESIAN_POINT('Ctrl Pts',(6.48193453849802,0.943708475128282,0.));
#3783=CARTESIAN_POINT('Ctrl Pts',(6.48193453849802,0.943708475128282,0.66));
#3784=CARTESIAN_POINT('Ctrl Pts',(6.20483876513609,0.921880618602247,0.));
#3785=CARTESIAN_POINT('Ctrl Pts',(6.20483876513609,0.921880618602247,0.66));
#3786=CARTESIAN_POINT('',(7.67341971289343,1.50877743774482,0.6));
#3787=CARTESIAN_POINT('Ctrl Pts',(6.20483876513609,0.921880618602247,0.6));
#3788=CARTESIAN_POINT('Ctrl Pts',(6.48193453849802,0.943708475128282,0.6));
#3789=CARTESIAN_POINT('Ctrl Pts',(6.75903031185996,0.965536331654315,0.6));
#3790=CARTESIAN_POINT('Ctrl Pts',(7.00511740255309,1.0646534381866,0.6));
#3791=CARTESIAN_POINT('Ctrl Pts',(7.2480268713636,1.16249068608927,0.6));
#3792=CARTESIAN_POINT('Ctrl Pts',(7.46072329212851,1.33563406191704,0.6));
#3793=CARTESIAN_POINT('Ctrl Pts',(7.67341971289343,1.50877743774482,0.6));
#3794=CARTESIAN_POINT('',(7.67341971289343,1.50877743774482,0.));
#3795=CARTESIAN_POINT('',(7.67341971289343,1.50877743774482,0.));
#3796=CARTESIAN_POINT('Ctrl Pts',(6.20483876513609,0.921880618602247,0.));
#3797=CARTESIAN_POINT('Ctrl Pts',(6.48193453849802,0.943708475128282,0.));
#3798=CARTESIAN_POINT('Ctrl Pts',(7.03254806091132,0.987082334002818,0.));
#3799=CARTESIAN_POINT('Ctrl Pts',(7.46072329212851,1.33563406191704,0.));
#3800=CARTESIAN_POINT('Ctrl Pts',(7.67341971289343,1.50877743774482,0.));
#3801=CARTESIAN_POINT('Ctrl Pts',(8.28382575976246,2.990309401372,0.));
#3802=CARTESIAN_POINT('Ctrl Pts',(8.28382575976246,2.990309401372,0.66));
#3803=CARTESIAN_POINT('Ctrl Pts',(8.2577039891559,2.70822692552749,0.));
#3804=CARTESIAN_POINT('Ctrl Pts',(8.2577039891559,2.70822692552749,0.66));
#3805=CARTESIAN_POINT('Ctrl Pts',(8.20613271317128,2.15132159811632,0.));
#3806=CARTESIAN_POINT('Ctrl Pts',(8.20613271317128,2.15132159811632,0.66));
#3807=CARTESIAN_POINT('Ctrl Pts',(7.84944080909209,1.72108937194887,0.));
#3808=CARTESIAN_POINT('Ctrl Pts',(7.84944080909209,1.72108937194887,0.66));
#3809=CARTESIAN_POINT('Ctrl Pts',(7.67341971289343,1.50877743774482,0.));
#3810=CARTESIAN_POINT('Ctrl Pts',(7.67341971289343,1.50877743774482,0.66));
#3811=CARTESIAN_POINT('',(8.28382575976246,2.990309401372,0.6));
#3812=CARTESIAN_POINT('Ctrl Pts',(7.67341971289343,1.50877743774482,0.6));
#3813=CARTESIAN_POINT('Ctrl Pts',(7.84944080909209,1.72108937194887,0.6));
#3814=CARTESIAN_POINT('Ctrl Pts',(8.02546190529074,1.93340130615293,0.6));
#3815=CARTESIAN_POINT('Ctrl Pts',(8.12717860554008,2.17656126374275,0.6));
#3816=CARTESIAN_POINT('Ctrl Pts',(8.23158221854935,2.42614444968297,0.6));
#3817=CARTESIAN_POINT('Ctrl Pts',(8.2577039891559,2.70822692552749,0.6));
#3818=CARTESIAN_POINT('Ctrl Pts',(8.28382575976246,2.990309401372,0.6));
#3819=CARTESIAN_POINT('',(8.28382575976246,2.990309401372,0.));
#3820=CARTESIAN_POINT('',(8.28382575976246,2.990309401372,0.));
#3821=CARTESIAN_POINT('Ctrl Pts',(7.67341971289343,1.50877743774482,0.));
#3822=CARTESIAN_POINT('Ctrl Pts',(7.84944080909209,1.72108937194887,0.));
#3823=CARTESIAN_POINT('Ctrl Pts',(8.20613271317128,2.15132159811632,0.));
#3824=CARTESIAN_POINT('Ctrl Pts',(8.2577039891559,2.70822692552749,0.));
#3825=CARTESIAN_POINT('Ctrl Pts',(8.28382575976246,2.990309401372,0.));
#3826=CARTESIAN_POINT('Ctrl Pts',(7.74405323228507,4.3902447595063,0.));
#3827=CARTESIAN_POINT('Ctrl Pts',(7.74405323228507,4.3902447595063,0.66));
#3828=CARTESIAN_POINT('Ctrl Pts',(7.90336374056423,4.19025511266379,0.));
#3829=CARTESIAN_POINT('Ctrl Pts',(7.90336374056423,4.19025511266379,0.66));
#3830=CARTESIAN_POINT('Ctrl Pts',(8.22952929189874,3.78080482512043,0.));
#3831=CARTESIAN_POINT('Ctrl Pts',(8.22952929189874,3.78080482512043,0.66));
#3832=CARTESIAN_POINT('Ctrl Pts',(8.26544997670949,3.25784010792968,0.));
#3833=CARTESIAN_POINT('Ctrl Pts',(8.26544997670949,3.25784010792968,0.66));
#3834=CARTESIAN_POINT('Ctrl Pts',(8.28382575976246,2.990309401372,0.));
#3835=CARTESIAN_POINT('Ctrl Pts',(8.28382575976246,2.990309401372,0.66));
#3836=CARTESIAN_POINT('',(7.74405323228507,4.3902447595063,0.6));
#3837=CARTESIAN_POINT('Ctrl Pts',(8.28382575976246,2.990309401372,0.6));
#3838=CARTESIAN_POINT('Ctrl Pts',(8.26544997670949,3.25784010792968,0.6));
#3839=CARTESIAN_POINT('Ctrl Pts',(8.24707419365652,3.52537081448735,0.6));
#3840=CARTESIAN_POINT('Ctrl Pts',(8.15274154385548,3.76319487882262,0.6));
#3841=CARTESIAN_POINT('Ctrl Pts',(8.06267424884338,3.99026546582129,0.6));
#3842=CARTESIAN_POINT('Ctrl Pts',(7.90336374056423,4.19025511266379,0.6));
#3843=CARTESIAN_POINT('Ctrl Pts',(7.74405323228507,4.3902447595063,0.6));
#3844=CARTESIAN_POINT('',(7.74405323228507,4.3902447595063,0.));
#3845=CARTESIAN_POINT('',(7.74405323228507,4.3902447595063,0.));
#3846=CARTESIAN_POINT('Ctrl Pts',(8.28382575976246,2.990309401372,0.));
#3847=CARTESIAN_POINT('Ctrl Pts',(8.26544997670949,3.25784010792968,0.));
#3848=CARTESIAN_POINT('Ctrl Pts',(8.22952929189874,3.78080482512043,0.));
#3849=CARTESIAN_POINT('Ctrl Pts',(7.90336374056423,4.19025511266379,0.));
#3850=CARTESIAN_POINT('Ctrl Pts',(7.74405323228507,4.3902447595063,0.));
#3851=CARTESIAN_POINT('Ctrl Pts',(6.34393783414473,4.95215721936158,0.));
#3852=CARTESIAN_POINT('Ctrl Pts',(6.34393783414473,4.95215721936158,0.66));
#3853=CARTESIAN_POINT('Ctrl Pts',(6.61298326368262,4.92923084826685,0.));
#3854=CARTESIAN_POINT('Ctrl Pts',(6.61298326368262,4.92923084826685,0.66));
#3855=CARTESIAN_POINT('Ctrl Pts',(7.13777748287244,4.88451116267999,0.));
#3856=CARTESIAN_POINT('Ctrl Pts',(7.13777748287244,4.88451116267999,0.66));
#3857=CARTESIAN_POINT('Ctrl Pts',(7.54540397484353,4.55219359889807,0.));
#3858=CARTESIAN_POINT('Ctrl Pts',(7.54540397484353,4.55219359889807,0.66));
#3859=CARTESIAN_POINT('Ctrl Pts',(7.74405323228507,4.3902447595063,0.));
#3860=CARTESIAN_POINT('Ctrl Pts',(7.74405323228507,4.3902447595063,0.66));
#3861=CARTESIAN_POINT('',(6.34393783414473,4.95215721936158,0.6));
#3862=CARTESIAN_POINT('Ctrl Pts',(7.74405323228507,4.3902447595063,0.6));
#3863=CARTESIAN_POINT('Ctrl Pts',(7.54540397484353,4.55219359889807,0.6));
#3864=CARTESIAN_POINT('Ctrl Pts',(7.34675471740199,4.71414243828985,0.6));
#3865=CARTESIAN_POINT('Ctrl Pts',(7.12027905540317,4.80778906598529,0.6));
#3866=CARTESIAN_POINT('Ctrl Pts',(6.8820286932205,4.90630447717212,0.6));
#3867=CARTESIAN_POINT('Ctrl Pts',(6.61298326368262,4.92923084826685,0.6));
#3868=CARTESIAN_POINT('Ctrl Pts',(6.34393783414473,4.95215721936158,0.6));
#3869=CARTESIAN_POINT('',(6.34393783414473,4.95215721936158,0.));
#3870=CARTESIAN_POINT('',(6.34393783414473,4.95215721936158,0.));
#3871=CARTESIAN_POINT('Ctrl Pts',(7.74405323228507,4.3902447595063,0.));
#3872=CARTESIAN_POINT('Ctrl Pts',(7.54540397484353,4.55219359889807,0.));
#3873=CARTESIAN_POINT('Ctrl Pts',(7.13777748287244,4.88451116267999,0.));
#3874=CARTESIAN_POINT('Ctrl Pts',(6.61298326368262,4.92923084826685,0.));
#3875=CARTESIAN_POINT('Ctrl Pts',(6.34393783414473,4.95215721936158,0.));
#3876=CARTESIAN_POINT('Ctrl Pts',(5.47642623307988,4.82364136590116,0.));
#3877=CARTESIAN_POINT('Ctrl Pts',(5.47642623307988,4.82364136590116,0.66));
#3878=CARTESIAN_POINT('Ctrl Pts',(5.6345424539278,4.86184338232545,0.));
#3879=CARTESIAN_POINT('Ctrl Pts',(5.6345424539278,4.86184338232545,0.66));
#3880=CARTESIAN_POINT('Ctrl Pts',(5.92002074060666,4.93081699008056,0.));
#3881=CARTESIAN_POINT('Ctrl Pts',(5.92002074060666,4.93081699008056,0.66));
#3882=CARTESIAN_POINT('Ctrl Pts',(6.2131585717838,4.94557371639243,0.));
#3883=CARTESIAN_POINT('Ctrl Pts',(6.2131585717838,4.94557371639243,0.66));
#3884=CARTESIAN_POINT('Ctrl Pts',(6.34393783414473,4.95215721936158,0.));
#3885=CARTESIAN_POINT('Ctrl Pts',(6.34393783414473,4.95215721936158,0.66));
#3886=CARTESIAN_POINT('',(5.47642623307988,4.82364136590116,0.6));
#3887=CARTESIAN_POINT('Ctrl Pts',(6.34393783414473,4.95215721936158,0.6));
#3888=CARTESIAN_POINT('Ctrl Pts',(6.17883598620588,4.94384589777667,0.6));
#3889=CARTESIAN_POINT('Ctrl Pts',(6.05359894360464,4.93754139332444,0.6));
#3890=CARTESIAN_POINT('Ctrl Pts',(5.76190451975876,4.89261497365627,0.6));
#3891=CARTESIAN_POINT('Ctrl Pts',(5.61916537641935,4.85812816977872,0.6));
#3892=CARTESIAN_POINT('Ctrl Pts',(5.47642623307988,4.82364136590116,0.6));
#3893=CARTESIAN_POINT('',(5.47642623307988,4.82364136590116,0.));
#3894=CARTESIAN_POINT('',(5.47642623307988,4.82364136590116,0.));
#3895=CARTESIAN_POINT('Ctrl Pts',(6.34393783414473,4.95215721936158,0.));
#3896=CARTESIAN_POINT('Ctrl Pts',(6.2131585717838,4.94557371639243,0.));
#3897=CARTESIAN_POINT('Ctrl Pts',(5.92002074060666,4.93081699008056,0.));
#3898=CARTESIAN_POINT('Ctrl Pts',(5.6345424539278,4.86184338232545,0.));
#3899=CARTESIAN_POINT('Ctrl Pts',(5.47642623307988,4.82364136590116,0.));
#3900=CARTESIAN_POINT('Origin',(5.62268036140617,5.90011393228504,0.));
#3901=CARTESIAN_POINT('',(5.62268036140617,5.90011393228504,0.6));
#3902=CARTESIAN_POINT('',(5.61924651810515,5.87483985521718,0.6));
#3903=CARTESIAN_POINT('',(5.62268036140617,5.90011393228504,0.));
#3904=CARTESIAN_POINT('',(5.62268036140617,5.90011393228504,0.));
#3905=CARTESIAN_POINT('',(5.47642623307988,4.82364136590116,0.));
#3906=CARTESIAN_POINT('Ctrl Pts',(5.82036473475138,5.88466721208459,0.));
#3907=CARTESIAN_POINT('Ctrl Pts',(5.82036473475138,5.88466721208459,0.66));
#3908=CARTESIAN_POINT('Ctrl Pts',(5.79136073859906,5.88573311155709,0.));
#3909=CARTESIAN_POINT('Ctrl Pts',(5.79136073859906,5.88573311155709,0.66));
#3910=CARTESIAN_POINT('Ctrl Pts',(5.72526227885586,5.88816223590957,0.));
#3911=CARTESIAN_POINT('Ctrl Pts',(5.72526227885586,5.88816223590957,0.66));
#3912=CARTESIAN_POINT('Ctrl Pts',(5.65955518846772,5.89581769033622,0.));
#3913=CARTESIAN_POINT('Ctrl Pts',(5.65955518846772,5.89581769033622,0.66));
#3914=CARTESIAN_POINT('Ctrl Pts',(5.62268036140617,5.90011393228504,0.));
#3915=CARTESIAN_POINT('Ctrl Pts',(5.62268036140617,5.90011393228504,0.66));
#3916=CARTESIAN_POINT('',(5.82036473475138,5.88466721208459,0.6));
#3917=CARTESIAN_POINT('Ctrl Pts',(5.62268036140617,5.90011393228504,0.6));
#3918=CARTESIAN_POINT('Ctrl Pts',(5.65955518846772,5.89581769033622,0.6));
#3919=CARTESIAN_POINT('Ctrl Pts',(5.69643001552927,5.8915214483874,0.6));
#3920=CARTESIAN_POINT('Ctrl Pts',(5.73342810263761,5.88887121597184,0.6));
#3921=CARTESIAN_POINT('Ctrl Pts',(5.76235674244674,5.88679901102958,0.6));
#3922=CARTESIAN_POINT('Ctrl Pts',(5.79136073859906,5.88573311155709,0.6));
#3923=CARTESIAN_POINT('Ctrl Pts',(5.82036473475138,5.88466721208459,0.6));
#3924=CARTESIAN_POINT('',(5.82036473475138,5.88466721208459,0.));
#3925=CARTESIAN_POINT('',(5.82036473475138,5.88466721208459,0.));
#3926=CARTESIAN_POINT('Ctrl Pts',(5.62268036140617,5.90011393228504,0.));
#3927=CARTESIAN_POINT('Ctrl Pts',(5.65955518846772,5.89581769033622,0.));
#3928=CARTESIAN_POINT('Ctrl Pts',(5.72526227885586,5.88816223590957,0.));
#3929=CARTESIAN_POINT('Ctrl Pts',(5.79136073859906,5.88573311155709,0.));
#3930=CARTESIAN_POINT('Ctrl Pts',(5.82036473475138,5.88466721208459,0.));
#3931=CARTESIAN_POINT('Ctrl Pts',(7.23604581199783,6.28104285195043,0.));
#3932=CARTESIAN_POINT('Ctrl Pts',(7.23604581199783,6.28104285195043,0.66));
#3933=CARTESIAN_POINT('Ctrl Pts',(7.01768066458821,6.16366316254797,0.));
#3934=CARTESIAN_POINT('Ctrl Pts',(7.01768066458821,6.16366316254797,0.66));
#3935=CARTESIAN_POINT('Ctrl Pts',(6.57554400513305,5.92599765421969,0.));
#3936=CARTESIAN_POINT('Ctrl Pts',(6.57554400513305,5.92599765421969,0.66));
#3937=CARTESIAN_POINT('Ctrl Pts',(6.07413487068156,5.89855587710764,0.));
#3938=CARTESIAN_POINT('Ctrl Pts',(6.07413487068156,5.89855587710764,0.66));
#3939=CARTESIAN_POINT('Ctrl Pts',(5.82036473475138,5.88466721208459,0.));
#3940=CARTESIAN_POINT('Ctrl Pts',(5.82036473475138,5.88466721208459,0.66));
#3941=CARTESIAN_POINT('',(7.23604581199783,6.28104285195043,0.6));
#3942=CARTESIAN_POINT('Ctrl Pts',(5.82036473475138,5.88466721208459,0.6));
#3943=CARTESIAN_POINT('Ctrl Pts',(6.07413487068156,5.89855587710764,0.6));
#3944=CARTESIAN_POINT('Ctrl Pts',(6.32790500661175,5.91244454213068,0.6));
#3945=CARTESIAN_POINT('Ctrl Pts',(6.56649242180978,5.98018228638525,0.6));
#3946=CARTESIAN_POINT('Ctrl Pts',(6.79931551717859,6.04628347314551,0.6));
#3947=CARTESIAN_POINT('Ctrl Pts',(7.01768066458821,6.16366316254797,0.6));
#3948=CARTESIAN_POINT('Ctrl Pts',(7.23604581199783,6.28104285195043,0.6));
#3949=CARTESIAN_POINT('',(7.23604581199783,6.28104285195043,0.));
#3950=CARTESIAN_POINT('',(7.23604581199783,6.28104285195043,0.));
#3951=CARTESIAN_POINT('Ctrl Pts',(5.82036473475138,5.88466721208459,0.));
#3952=CARTESIAN_POINT('Ctrl Pts',(6.07413487068156,5.89855587710764,0.));
#3953=CARTESIAN_POINT('Ctrl Pts',(6.57554400513305,5.92599765421969,0.));
#3954=CARTESIAN_POINT('Ctrl Pts',(7.01768066458821,6.16366316254797,0.));
#3955=CARTESIAN_POINT('Ctrl Pts',(7.23604581199783,6.28104285195043,0.));
#3956=CARTESIAN_POINT('Ctrl Pts',(7.87509213873357,7.53720180062703,0.));
#3957=CARTESIAN_POINT('Ctrl Pts',(7.87509213873357,7.53720180062703,0.66));
#3958=CARTESIAN_POINT('Ctrl Pts',(7.85086027773797,7.27459110338381,0.));
#3959=CARTESIAN_POINT('Ctrl Pts',(7.85086027773797,7.27459110338381,0.66));
#3960=CARTESIAN_POINT('Ctrl Pts',(7.80421041585337,6.76902726088571,0.));
#3961=CARTESIAN_POINT('Ctrl Pts',(7.80421041585337,6.76902726088571,0.66));
#3962=CARTESIAN_POINT('Ctrl Pts',(7.42046030063032,6.43943250632832,0.));
#3963=CARTESIAN_POINT('Ctrl Pts',(7.42046030063032,6.43943250632832,0.66));
#3964=CARTESIAN_POINT('Ctrl Pts',(7.23604581199783,6.28104285195043,0.));
#3965=CARTESIAN_POINT('Ctrl Pts',(7.23604581199783,6.28104285195043,0.66));
#3966=CARTESIAN_POINT('',(7.87509213873357,7.53720180062703,0.6));
#3967=CARTESIAN_POINT('Ctrl Pts',(7.23604581199783,6.28104285195043,0.6));
#3968=CARTESIAN_POINT('Ctrl Pts',(7.42046030063032,6.43943250632832,0.6));
#3969=CARTESIAN_POINT('Ctrl Pts',(7.60487478926282,6.59782216070621,0.6));
#3970=CARTESIAN_POINT('Ctrl Pts',(7.7114404427748,6.79684954340894,0.6));
#3971=CARTESIAN_POINT('Ctrl Pts',(7.82662841674238,7.0119804061406,0.6));
#3972=CARTESIAN_POINT('Ctrl Pts',(7.85086027773797,7.27459110338381,0.6));
#3973=CARTESIAN_POINT('Ctrl Pts',(7.87509213873357,7.53720180062703,0.6));
#3974=CARTESIAN_POINT('',(7.87509213873357,7.53720180062703,0.));
#3975=CARTESIAN_POINT('',(7.87509213873357,7.53720180062703,0.));
#3976=CARTESIAN_POINT('Ctrl Pts',(7.23604581199783,6.28104285195043,0.));
#3977=CARTESIAN_POINT('Ctrl Pts',(7.42046030063032,6.43943250632832,0.));
#3978=CARTESIAN_POINT('Ctrl Pts',(7.80421041585337,6.76902726088571,0.));
#3979=CARTESIAN_POINT('Ctrl Pts',(7.85086027773797,7.27459110338381,0.));
#3980=CARTESIAN_POINT('Ctrl Pts',(7.87509213873357,7.53720180062703,0.));
#3981=CARTESIAN_POINT('Ctrl Pts',(7.42829285445204,8.6600151263532,0.));
#3982=CARTESIAN_POINT('Ctrl Pts',(7.42829285445204,8.6600151263532,0.66));
#3983=CARTESIAN_POINT('Ctrl Pts',(7.56012295690509,8.49953766621944,0.));
#3984=CARTESIAN_POINT('Ctrl Pts',(7.56012295690509,8.49953766621944,0.66));
#3985=CARTESIAN_POINT('Ctrl Pts',(7.82822746514183,8.1731726727039,0.));
#3986=CARTESIAN_POINT('Ctrl Pts',(7.82822746514183,8.1731726727039,0.66));
#3987=CARTESIAN_POINT('Ctrl Pts',(7.85929889303126,7.75152195848677,0.));
#3988=CARTESIAN_POINT('Ctrl Pts',(7.85929889303126,7.75152195848677,0.66));
#3989=CARTESIAN_POINT('Ctrl Pts',(7.87509213873357,7.53720180062703,0.));
#3990=CARTESIAN_POINT('Ctrl Pts',(7.87509213873357,7.53720180062703,0.66));
#3991=CARTESIAN_POINT('',(7.42829285445204,8.6600151263532,0.6));
#3992=CARTESIAN_POINT('Ctrl Pts',(7.87509213873357,7.53720180062703,0.6));
#3993=CARTESIAN_POINT('Ctrl Pts',(7.85929889303126,7.75152195848677,0.6));
#3994=CARTESIAN_POINT('Ctrl Pts',(7.84350564732893,7.96584211634651,0.6));
#3995=CARTESIAN_POINT('Ctrl Pts',(7.7664732281185,8.1555445340396,0.6));
#3996=CARTESIAN_POINT('Ctrl Pts',(7.69195305935814,8.33906020608567,0.6));
#3997=CARTESIAN_POINT('Ctrl Pts',(7.56012295690509,8.49953766621944,0.6));
#3998=CARTESIAN_POINT('Ctrl Pts',(7.42829285445204,8.6600151263532,0.6));
#3999=CARTESIAN_POINT('',(7.42829285445204,8.6600151263532,0.));
#4000=CARTESIAN_POINT('',(7.42829285445204,8.6600151263532,0.));
#4001=CARTESIAN_POINT('Ctrl Pts',(7.87509213873357,7.53720180062703,0.));
#4002=CARTESIAN_POINT('Ctrl Pts',(7.85929889303126,7.75152195848677,0.));
#4003=CARTESIAN_POINT('Ctrl Pts',(7.82822746514183,8.1731726727039,0.));
#4004=CARTESIAN_POINT('Ctrl Pts',(7.56012295690509,8.49953766621944,0.));
#4005=CARTESIAN_POINT('Ctrl Pts',(7.42829285445204,8.6600151263532,0.));
#4006=CARTESIAN_POINT('Ctrl Pts',(6.25230565755625,9.1141477521581,0.));
#4007=CARTESIAN_POINT('Ctrl Pts',(6.25230565755625,9.1141477521581,0.66));
#4008=CARTESIAN_POINT('Ctrl Pts',(6.47915704630711,9.096368958761,0.));
#4009=CARTESIAN_POINT('Ctrl Pts',(6.47915704630711,9.096368958761,0.66));
#4010=CARTESIAN_POINT('Ctrl Pts',(6.91731600179497,9.06202957213612,0.));
#4011=CARTESIAN_POINT('Ctrl Pts',(6.91731600179497,9.06202957213612,0.66));
#4012=CARTESIAN_POINT('Ctrl Pts',(7.26204367655136,8.79081277553842,0.));
#4013=CARTESIAN_POINT('Ctrl Pts',(7.26204367655136,8.79081277553842,0.66));
#4014=CARTESIAN_POINT('Ctrl Pts',(7.42829285445204,8.6600151263532,0.));
#4015=CARTESIAN_POINT('Ctrl Pts',(7.42829285445204,8.6600151263532,0.66));
#4016=CARTESIAN_POINT('',(6.25230565755625,9.1141477521581,0.6));
#4017=CARTESIAN_POINT('Ctrl Pts',(7.42829285445204,8.6600151263532,0.6));
#4018=CARTESIAN_POINT('Ctrl Pts',(7.26204367655136,8.79081277553842,0.6));
#4019=CARTESIAN_POINT('Ctrl Pts',(7.09579449865069,8.92161042472363,0.6));
#4020=CARTESIAN_POINT('Ctrl Pts',(6.9078153563459,8.99731584305695,0.6));
#4021=CARTESIAN_POINT('Ctrl Pts',(6.70600843505798,9.0785901653639,0.6));
#4022=CARTESIAN_POINT('Ctrl Pts',(6.47915704630711,9.096368958761,0.6));
#4023=CARTESIAN_POINT('Ctrl Pts',(6.25230565755625,9.1141477521581,0.6));
#4024=CARTESIAN_POINT('',(6.25230565755625,9.1141477521581,0.));
#4025=CARTESIAN_POINT('',(6.25230565755625,9.1141477521581,0.));
#4026=CARTESIAN_POINT('Ctrl Pts',(7.42829285445204,8.6600151263532,0.));
#4027=CARTESIAN_POINT('Ctrl Pts',(7.26204367655136,8.79081277553842,0.));
#4028=CARTESIAN_POINT('Ctrl Pts',(6.91731600179497,9.06202957213612,0.));
#4029=CARTESIAN_POINT('Ctrl Pts',(6.47915704630711,9.096368958761,0.));
#4030=CARTESIAN_POINT('Ctrl Pts',(6.25230565755625,9.1141477521581,0.));
#4031=CARTESIAN_POINT('Ctrl Pts',(5.05452289771511,8.67485399258045,0.));
#4032=CARTESIAN_POINT('Ctrl Pts',(5.05452289771511,8.67485399258045,0.66));
#4033=CARTESIAN_POINT('Ctrl Pts',(5.22760248936408,8.80456813001237,0.));
#4034=CARTESIAN_POINT('Ctrl Pts',(5.22760248936408,8.80456813001237,0.66));
#4035=CARTESIAN_POINT('Ctrl Pts',(5.58239364671037,9.07046561974635,0.));
#4036=CARTESIAN_POINT('Ctrl Pts',(5.58239364671037,9.07046561974635,0.66));
#4037=CARTESIAN_POINT('Ctrl Pts',(6.02540884018381,9.0993527691457,0.));
#4038=CARTESIAN_POINT('Ctrl Pts',(6.02540884018381,9.0993527691457,0.66));
#4039=CARTESIAN_POINT('Ctrl Pts',(6.25230565755625,9.1141477521581,0.));
#4040=CARTESIAN_POINT('Ctrl Pts',(6.25230565755625,9.1141477521581,0.66));
#4041=CARTESIAN_POINT('Ctrl Pts',(6.25230565755625,9.1141477521581,0.6));
#4042=CARTESIAN_POINT('Ctrl Pts',(6.02540884018381,9.0993527691457,0.6));
#4043=CARTESIAN_POINT('Ctrl Pts',(5.79851202281136,9.0845577861333,0.6));
#4044=CARTESIAN_POINT('Ctrl Pts',(5.59475750382575,9.0075919451828,0.6));
#4045=CARTESIAN_POINT('Ctrl Pts',(5.40068208101305,8.93428226744428,0.6));
#4046=CARTESIAN_POINT('Ctrl Pts',(5.22760248936408,8.80456813001237,0.6));
#4047=CARTESIAN_POINT('Ctrl Pts',(5.05452289771511,8.67485399258045,0.6));
#4048=CARTESIAN_POINT('Ctrl Pts',(6.25230565755625,9.1141477521581,0.));
#4049=CARTESIAN_POINT('Ctrl Pts',(6.02540884018381,9.0993527691457,0.));
#4050=CARTESIAN_POINT('Ctrl Pts',(5.58239364671037,9.07046561974635,0.));
#4051=CARTESIAN_POINT('Ctrl Pts',(5.22760248936408,8.80456813001237,0.));
#4052=CARTESIAN_POINT('Ctrl Pts',(5.05452289771511,8.67485399258045,0.));
#4053=CARTESIAN_POINT('Origin',(12.1288715878408,4.96467397151106,0.));
#4054=CARTESIAN_POINT('Origin',(12.1288715878408,4.96467397151106,0.6));
#4055=CARTESIAN_POINT('Origin',(-20.7529194812286,1.05776542300557,3.));
#4056=CARTESIAN_POINT('',(-35.7529194812286,-13.9422345769944,3.));
#4057=CARTESIAN_POINT('',(-5.75291948122862,-13.9422345769944,3.));
#4058=CARTESIAN_POINT('',(-5.75291948122862,-13.9422345769944,3.));
#4059=CARTESIAN_POINT('',(-5.75291948122862,16.0577654230056,3.));
#4060=CARTESIAN_POINT('',(-5.75291948122862,16.0577654230056,3.));
#4061=CARTESIAN_POINT('',(-35.7529194812286,16.0577654230056,3.));
#4062=CARTESIAN_POINT('',(-35.7529194812286,16.0577654230056,3.));
#4063=CARTESIAN_POINT('',(-35.7529194812286,-13.9422345769944,3.));
#4064=CARTESIAN_POINT('Origin',(-35.7529194812286,-13.9422345769944,0.));
#4065=CARTESIAN_POINT('',(44.2470805187714,-13.9422345769944,0.));
#4066=CARTESIAN_POINT('',(-35.7529194812286,-13.9422345769944,0.));
#4067=CARTESIAN_POINT('',(-5.75291948122862,-13.9422345769944,0.));
#4068=CARTESIAN_POINT('',(44.2470805187714,-13.9422345769944,3.));
#4069=CARTESIAN_POINT('',(44.2470805187714,-13.9422345769944,0.));
#4070=CARTESIAN_POINT('',(28.2470805187714,-13.9422345769944,3.));
#4071=CARTESIAN_POINT('',(32.2470805187714,-13.9422345769944,3.));
#4072=CARTESIAN_POINT('',(28.2470805187714,-13.9422345769944,0.6));
#4073=CARTESIAN_POINT('',(28.2470805187714,-13.9422345769944,0.));
#4074=CARTESIAN_POINT('',(-5.75291948122862,-13.9422345769944,0.6));
#4075=CARTESIAN_POINT('',(44.2470805187714,-13.9422345769944,0.6));
#4076=CARTESIAN_POINT('',(-5.75291948122862,-13.9422345769944,0.));
#4077=CARTESIAN_POINT('',(-35.7529194812286,-13.9422345769944,0.));
#4078=CARTESIAN_POINT('Origin',(-5.75291948122862,-13.9422345769944,0.));
#4079=CARTESIAN_POINT('',(-5.75291948122862,16.0577654230056,0.6));
#4080=CARTESIAN_POINT('',(-5.75291948122862,-6.44223457699443,0.6));
#4081=CARTESIAN_POINT('',(-5.75291948122862,16.0577654230056,0.));
#4082=CARTESIAN_POINT('Origin',(-5.75291948122862,16.0577654230056,0.));
#4083=CARTESIAN_POINT('',(-35.7529194812286,16.0577654230056,0.));
#4084=CARTESIAN_POINT('',(44.2470805187714,16.0577654230056,0.));
#4085=CARTESIAN_POINT('',(-5.75291948122862,16.0577654230056,0.));
#4086=CARTESIAN_POINT('',(-35.7529194812286,16.0577654230056,0.));
#4087=CARTESIAN_POINT('',(28.2470805187714,16.0577654230056,0.6));
#4088=CARTESIAN_POINT('',(-5.75291948122862,16.0577654230056,0.6));
#4089=CARTESIAN_POINT('',(28.2470805187714,16.0577654230056,3.));
#4090=CARTESIAN_POINT('',(28.2470805187714,16.0577654230056,0.));
#4091=CARTESIAN_POINT('',(44.2470805187714,16.0577654230056,3.));
#4092=CARTESIAN_POINT('',(40.2470805187714,16.0577654230056,3.));
#4093=CARTESIAN_POINT('',(44.2470805187714,16.0577654230056,0.));
#4094=CARTESIAN_POINT('Origin',(-35.7529194812286,16.0577654230056,0.));
#4095=CARTESIAN_POINT('',(-35.7529194812286,-13.9422345769944,0.));
#4096=CARTESIAN_POINT('Origin',(36.2470805187714,1.05776542300557,3.));
#4097=CARTESIAN_POINT('',(44.2470805187714,-6.44223457699443,3.));
#4098=CARTESIAN_POINT('',(28.2470805187714,8.55776542300557,3.));
#4099=CARTESIAN_POINT('',(33.7470805187714,1.05776542300556,3.));
#4100=CARTESIAN_POINT('Origin',(36.2470805187714,1.05776542300556,3.));
#4101=CARTESIAN_POINT('Origin',(44.2470805187714,-13.9422345769944,0.));
#4102=CARTESIAN_POINT('',(44.2470805187714,16.0577654230056,0.));
#4103=CARTESIAN_POINT('Origin',(36.2470805187714,1.05776542300556,0.));
#4104=CARTESIAN_POINT('',(33.7470805187714,1.05776542300556,0.));
#4105=CARTESIAN_POINT('',(33.7470805187714,1.05776542300556,0.));
#4106=CARTESIAN_POINT('Origin',(36.2470805187714,1.05776542300556,0.));
#4107=CARTESIAN_POINT('Origin',(28.2470805187714,16.0577654230056,0.));
#4108=CARTESIAN_POINT('',(28.2470805187714,16.0577654230056,0.6));
#4109=CARTESIAN_POINT('Origin',(-20.7529194812286,1.05776542300557,0.));
#4110=CARTESIAN_POINT('',(4.26513740889778,2.90419105272444,0.));
#4111=CARTESIAN_POINT('',(3.03586395042077,2.75169046554999,0.));
#4112=CARTESIAN_POINT('',(-8.1670873067058,1.36188038463013,0.));
#4113=CARTESIAN_POINT('',(4.00977138694256,0.709976577149052,0.));
#4114=CARTESIAN_POINT('Ctrl Pts',(3.03586395042077,2.75169046554999,0.));
#4115=CARTESIAN_POINT('Ctrl Pts',(3.1014786432229,2.35689624351523,0.));
#4116=CARTESIAN_POINT('Ctrl Pts',(3.23026310110541,1.58201857986114,0.));
#4117=CARTESIAN_POINT('Ctrl Pts',(3.75324483319197,0.996954834783932,0.));
#4118=CARTESIAN_POINT('Ctrl Pts',(4.00977138694256,0.709976577149052,0.));
#4119=CARTESIAN_POINT('',(6.18874374171823,-0.0943860789662287,0.));
#4120=CARTESIAN_POINT('Ctrl Pts',(4.00977138694256,0.709976577149052,0.));
#4121=CARTESIAN_POINT('Ctrl Pts',(4.32287576873232,0.478378748403658,0.));
#4122=CARTESIAN_POINT('Ctrl Pts',(4.96999428590566,-0.000283487690262429,
0.));
#4123=CARTESIAN_POINT('Ctrl Pts',(5.77383598722493,-0.0623500483841433,
0.));
#4124=CARTESIAN_POINT('Ctrl Pts',(6.18874374171823,-0.0943860789662287,
0.));
#4125=CARTESIAN_POINT('',(8.61168640496769,0.794183787009797,0.));
#4126=CARTESIAN_POINT('Ctrl Pts',(6.18874374171823,-0.0943860789662287,
0.));
#4127=CARTESIAN_POINT('Ctrl Pts',(6.64981213117034,-0.0651032325409484,
0.));
#4128=CARTESIAN_POINT('Ctrl Pts',(7.54671978018118,-0.0081398632350238,
0.));
#4129=CARTESIAN_POINT('Ctrl Pts',(8.26341753094728,0.531805278831918,0.));
#4130=CARTESIAN_POINT('Ctrl Pts',(8.61168640496769,0.794183787009797,0.));
#4131=CARTESIAN_POINT('',(9.58688503779146,3.00570552904485,0.));
#4132=CARTESIAN_POINT('Ctrl Pts',(8.61168640496769,0.794183787009797,0.));
#4133=CARTESIAN_POINT('Ctrl Pts',(8.89312725243919,1.11133709293726,0.));
#4134=CARTESIAN_POINT('Ctrl Pts',(9.45481504494103,1.74429830624906,0.));
#4135=CARTESIAN_POINT('Ctrl Pts',(9.54292413396298,2.58583269939548,0.));
#4136=CARTESIAN_POINT('Ctrl Pts',(9.58688503779146,3.00570552904485,0.));
#4137=CARTESIAN_POINT('',(9.11049324751816,4.62335278421043,0.));
#4138=CARTESIAN_POINT('Ctrl Pts',(9.58688503779146,3.00570552904485,0.));
#4139=CARTESIAN_POINT('Ctrl Pts',(9.57343186855874,3.30945321577444,0.));
#4140=CARTESIAN_POINT('Ctrl Pts',(9.54776139270898,3.88904509644792,0.));
#4141=CARTESIAN_POINT('Ctrl Pts',(9.25149487537382,4.38656768916022,0.));
#4142=CARTESIAN_POINT('Ctrl Pts',(9.11049324751816,4.62335278421043,0.));
#4143=CARTESIAN_POINT('',(7.7404005115833,5.48513939895716,0.));
#4144=CARTESIAN_POINT('Ctrl Pts',(9.11049324751816,4.62335278421043,0.));
#4145=CARTESIAN_POINT('Ctrl Pts',(8.92767780214488,4.82254648533944,0.));
#4146=CARTESIAN_POINT('Ctrl Pts',(8.55007522906444,5.23397810116463,0.));
#4147=CARTESIAN_POINT('Ctrl Pts',(8.01593693786463,5.39966793131738,0.));
#4148=CARTESIAN_POINT('Ctrl Pts',(7.7404005115833,5.48513939895716,0.));
#4149=CARTESIAN_POINT('',(8.77808902915871,6.32154464006278,0.));
#4150=CARTESIAN_POINT('Ctrl Pts',(7.7404005115833,5.48513939895716,0.));
#4151=CARTESIAN_POINT('Ctrl Pts',(7.95199483851917,5.5926736534649,0.));
#4152=CARTESIAN_POINT('Ctrl Pts',(8.35733425892925,5.79867101184214,0.));
#4153=CARTESIAN_POINT('Ctrl Pts',(8.64201612058146,6.15244629479263,0.));
#4154=CARTESIAN_POINT('Ctrl Pts',(8.77808902915871,6.32154464006278,0.));
#4155=CARTESIAN_POINT('',(9.13672766462488,7.498403205737,0.));
#4156=CARTESIAN_POINT('Ctrl Pts',(8.77808902915871,6.32154464006278,0.));
#4157=CARTESIAN_POINT('Ctrl Pts',(8.88121791071182,6.50334310564974,0.));
#4158=CARTESIAN_POINT('Ctrl Pts',(9.0885356205914,6.868808540526,0.));
#4159=CARTESIAN_POINT('Ctrl Pts',(9.12060898977645,7.28782422121007,0.));
#4160=CARTESIAN_POINT('Ctrl Pts',(9.13672766462488,7.498403205737,0.));
#4161=CARTESIAN_POINT('',(8.7835679540586,8.79090164832004,0.));
#4162=CARTESIAN_POINT('Ctrl Pts',(9.13672766462488,7.498403205737,0.));
#4163=CARTESIAN_POINT('Ctrl Pts',(9.12298103677205,7.72377479137804,0.));
#4164=CARTESIAN_POINT('Ctrl Pts',(9.09521122913548,8.17905194349151,0.));
#4165=CARTESIAN_POINT('Ctrl Pts',(8.88813644615621,8.58560217247379,0.));
#4166=CARTESIAN_POINT('Ctrl Pts',(8.7835679540586,8.79090164832004,0.));
#4167=CARTESIAN_POINT('',(7.73846843205225,9.75886816379632,0.));
#4168=CARTESIAN_POINT('Ctrl Pts',(8.7835679540586,8.79090164832004,0.));
#4169=CARTESIAN_POINT('Ctrl Pts',(8.64762453047723,8.98514514161341,0.));
#4170=CARTESIAN_POINT('Ctrl Pts',(8.36926379685561,9.38288237575043,0.));
#4171=CARTESIAN_POINT('Ctrl Pts',(7.9519685906141,9.63161132291921,0.));
#4172=CARTESIAN_POINT('Ctrl Pts',(7.73846843205225,9.75886816379632,0.));
#4173=CARTESIAN_POINT('',(6.2342331895251,10.1239047836016,0.));
#4174=CARTESIAN_POINT('Ctrl Pts',(7.73846843205225,9.75886816379632,0.));
#4175=CARTESIAN_POINT('Ctrl Pts',(7.50239991040654,9.8634815492,0.));
#4176=CARTESIAN_POINT('Ctrl Pts',(7.02316743398976,10.0758526497764,0.));
#4177=CARTESIAN_POINT('Ctrl Pts',(6.49979426188935,10.1077300817458,0.));
#4178=CARTESIAN_POINT('Ctrl Pts',(6.2342331895251,10.1239047836016,0.));
#4179=CARTESIAN_POINT('',(4.24312965712644,9.46332696834599,0.));
#4180=CARTESIAN_POINT('Ctrl Pts',(6.2342331895251,10.1239047836016,0.));
#4181=CARTESIAN_POINT('Ctrl Pts',(5.85950488945685,10.1031176015765,0.));
#4182=CARTESIAN_POINT('Ctrl Pts',(5.13483332821635,10.0629181299882,0.));
#4183=CARTESIAN_POINT('Ctrl Pts',(4.53350876241354,9.65858100923481,0.));
#4184=CARTESIAN_POINT('Ctrl Pts',(4.24312965712644,9.46332696834599,0.));
#4185=CARTESIAN_POINT('',(3.20252135592525,7.55937341507531,0.));
#4186=CARTESIAN_POINT('Ctrl Pts',(4.24312965712644,9.46332696834599,0.));
#4187=CARTESIAN_POINT('Ctrl Pts',(3.99706234793538,9.20688309257238,0.));
#4188=CARTESIAN_POINT('Ctrl Pts',(3.47948155491974,8.66747611070529,0.));
#4189=CARTESIAN_POINT('Ctrl Pts',(3.2978184968586,7.9406520938799,0.));
#4190=CARTESIAN_POINT('Ctrl Pts',(3.20252135592525,7.55937341507531,0.));
#4191=CARTESIAN_POINT('',(4.42830948829395,7.32989803953521,0.));
#4192=CARTESIAN_POINT('',(-7.78167312263175,9.61568484966356,0.));
#4193=CARTESIAN_POINT('',(5.05452289771511,8.67485399258045,0.));
#4194=CARTESIAN_POINT('Ctrl Pts',(4.42830948829395,7.32989803953521,0.));
#4195=CARTESIAN_POINT('Ctrl Pts',(4.48236493113769,7.60258980053974,0.));
#4196=CARTESIAN_POINT('Ctrl Pts',(4.58172475326948,8.10382711254437,0.));
#4197=CARTESIAN_POINT('Ctrl Pts',(4.90645705798128,8.49602593351041,0.));
#4198=CARTESIAN_POINT('Ctrl Pts',(5.05452289771511,8.67485399258045,0.));
#4199=CARTESIAN_POINT('',(6.25230565755625,9.1141477521581,0.));
#4200=CARTESIAN_POINT('Ctrl Pts',(5.05452289771511,8.67485399258045,0.));
#4201=CARTESIAN_POINT('Ctrl Pts',(5.22760248936408,8.80456813001237,0.));
#4202=CARTESIAN_POINT('Ctrl Pts',(5.58239364671037,9.07046561974635,0.));
#4203=CARTESIAN_POINT('Ctrl Pts',(6.02540884018381,9.0993527691457,0.));
#4204=CARTESIAN_POINT('Ctrl Pts',(6.25230565755625,9.1141477521581,0.));
#4205=CARTESIAN_POINT('',(7.42829285445204,8.6600151263532,0.));
#4206=CARTESIAN_POINT('Ctrl Pts',(6.25230565755625,9.1141477521581,0.));
#4207=CARTESIAN_POINT('Ctrl Pts',(6.47915704630711,9.096368958761,0.));
#4208=CARTESIAN_POINT('Ctrl Pts',(6.91731600179497,9.06202957213612,0.));
#4209=CARTESIAN_POINT('Ctrl Pts',(7.26204367655136,8.79081277553842,0.));
#4210=CARTESIAN_POINT('Ctrl Pts',(7.42829285445204,8.6600151263532,0.));
#4211=CARTESIAN_POINT('',(7.87509213873357,7.53720180062703,0.));
#4212=CARTESIAN_POINT('Ctrl Pts',(7.42829285445204,8.6600151263532,0.));
#4213=CARTESIAN_POINT('Ctrl Pts',(7.56012295690509,8.49953766621944,0.));
#4214=CARTESIAN_POINT('Ctrl Pts',(7.82822746514183,8.1731726727039,0.));
#4215=CARTESIAN_POINT('Ctrl Pts',(7.85929889303126,7.75152195848677,0.));
#4216=CARTESIAN_POINT('Ctrl Pts',(7.87509213873357,7.53720180062703,0.));
#4217=CARTESIAN_POINT('',(7.23604581199783,6.28104285195043,0.));
#4218=CARTESIAN_POINT('Ctrl Pts',(7.87509213873357,7.53720180062703,0.));
#4219=CARTESIAN_POINT('Ctrl Pts',(7.85086027773797,7.27459110338381,0.));
#4220=CARTESIAN_POINT('Ctrl Pts',(7.80421041585337,6.76902726088571,0.));
#4221=CARTESIAN_POINT('Ctrl Pts',(7.42046030063032,6.43943250632832,0.));
#4222=CARTESIAN_POINT('Ctrl Pts',(7.23604581199783,6.28104285195043,0.));
#4223=CARTESIAN_POINT('',(5.82036473475138,5.88466721208459,0.));
#4224=CARTESIAN_POINT('Ctrl Pts',(7.23604581199783,6.28104285195043,0.));
#4225=CARTESIAN_POINT('Ctrl Pts',(7.01768066458821,6.16366316254797,0.));
#4226=CARTESIAN_POINT('Ctrl Pts',(6.57554400513305,5.92599765421969,0.));
#4227=CARTESIAN_POINT('Ctrl Pts',(6.07413487068156,5.89855587710764,0.));
#4228=CARTESIAN_POINT('Ctrl Pts',(5.82036473475138,5.88466721208459,0.));
#4229=CARTESIAN_POINT('',(5.62268036140617,5.90011393228504,0.));
#4230=CARTESIAN_POINT('Ctrl Pts',(5.82036473475138,5.88466721208459,0.));
#4231=CARTESIAN_POINT('Ctrl Pts',(5.79136073859906,5.88573311155709,0.));
#4232=CARTESIAN_POINT('Ctrl Pts',(5.72526227885586,5.88816223590957,0.));
#4233=CARTESIAN_POINT('Ctrl Pts',(5.65955518846772,5.89581769033622,0.));
#4234=CARTESIAN_POINT('Ctrl Pts',(5.62268036140617,5.90011393228504,0.));
#4235=CARTESIAN_POINT('',(5.47642623307988,4.82364136590116,0.));
#4236=CARTESIAN_POINT('',(5.06066877008969,1.7635465275536,0.));
#4237=CARTESIAN_POINT('',(6.34393783414473,4.95215721936158,0.));
#4238=CARTESIAN_POINT('Ctrl Pts',(5.47642623307988,4.82364136590116,0.));
#4239=CARTESIAN_POINT('Ctrl Pts',(5.6345424539278,4.86184338232545,0.));
#4240=CARTESIAN_POINT('Ctrl Pts',(5.92002074060666,4.93081699008056,0.));
#4241=CARTESIAN_POINT('Ctrl Pts',(6.2131585717838,4.94557371639243,0.));
#4242=CARTESIAN_POINT('Ctrl Pts',(6.34393783414473,4.95215721936158,0.));
#4243=CARTESIAN_POINT('',(7.74405323228507,4.3902447595063,0.));
#4244=CARTESIAN_POINT('Ctrl Pts',(6.34393783414473,4.95215721936158,0.));
#4245=CARTESIAN_POINT('Ctrl Pts',(6.61298326368262,4.92923084826685,0.));
#4246=CARTESIAN_POINT('Ctrl Pts',(7.13777748287244,4.88451116267999,0.));
#4247=CARTESIAN_POINT('Ctrl Pts',(7.54540397484353,4.55219359889807,0.));
#4248=CARTESIAN_POINT('Ctrl Pts',(7.74405323228507,4.3902447595063,0.));
#4249=CARTESIAN_POINT('',(8.28382575976246,2.990309401372,0.));
#4250=CARTESIAN_POINT('Ctrl Pts',(7.74405323228507,4.3902447595063,0.));
#4251=CARTESIAN_POINT('Ctrl Pts',(7.90336374056423,4.19025511266379,0.));
#4252=CARTESIAN_POINT('Ctrl Pts',(8.22952929189874,3.78080482512043,0.));
#4253=CARTESIAN_POINT('Ctrl Pts',(8.26544997670949,3.25784010792968,0.));
#4254=CARTESIAN_POINT('Ctrl Pts',(8.28382575976246,2.990309401372,0.));
#4255=CARTESIAN_POINT('',(7.67341971289343,1.50877743774482,0.));
#4256=CARTESIAN_POINT('Ctrl Pts',(8.28382575976246,2.990309401372,0.));
#4257=CARTESIAN_POINT('Ctrl Pts',(8.2577039891559,2.70822692552749,0.));
#4258=CARTESIAN_POINT('Ctrl Pts',(8.20613271317128,2.15132159811632,0.));
#4259=CARTESIAN_POINT('Ctrl Pts',(7.84944080909209,1.72108937194887,0.));
#4260=CARTESIAN_POINT('Ctrl Pts',(7.67341971289343,1.50877743774482,0.));
#4261=CARTESIAN_POINT('',(6.20483876513609,0.921880618602247,0.));
#4262=CARTESIAN_POINT('Ctrl Pts',(7.67341971289343,1.50877743774482,0.));
#4263=CARTESIAN_POINT('Ctrl Pts',(7.46072329212851,1.33563406191704,0.));
#4264=CARTESIAN_POINT('Ctrl Pts',(7.03254806091132,0.987082334002818,0.));
#4265=CARTESIAN_POINT('Ctrl Pts',(6.48193453849802,0.943708475128282,0.));
#4266=CARTESIAN_POINT('Ctrl Pts',(6.20483876513609,0.921880618602247,0.));
#4267=CARTESIAN_POINT('',(4.97102856632767,1.39359446968556,0.));
#4268=CARTESIAN_POINT('Ctrl Pts',(6.20483876513609,0.921880618602247,0.));
#4269=CARTESIAN_POINT('Ctrl Pts',(5.97247462413426,0.941826781571096,0.));
#4270=CARTESIAN_POINT('Ctrl Pts',(5.51563144544058,0.981042249388739,0.));
#4271=CARTESIAN_POINT('Ctrl Pts',(5.15046192001462,1.25766858442503,0.));
#4272=CARTESIAN_POINT('Ctrl Pts',(4.97102856632767,1.39359446968556,0.));
#4273=CARTESIAN_POINT('Ctrl Pts',(4.97102856632767,1.39359446968556,0.));
#4274=CARTESIAN_POINT('Ctrl Pts',(4.81282915738605,1.58945112346155,0.));
#4275=CARTESIAN_POINT('Ctrl Pts',(4.45471204247278,2.03281320841542,0.));
#4276=CARTESIAN_POINT('Ctrl Pts',(4.33305310956074,2.59201723641576,0.));
#4277=CARTESIAN_POINT('Ctrl Pts',(4.26513740889778,2.90419105272444,0.));
#4278=CARTESIAN_POINT('',(11.4757531146736,1.43315306115431,0.));
#4279=CARTESIAN_POINT('',(11.4629937857438,0.0348481600500183,0.));
#4280=CARTESIAN_POINT('',(11.4726989626324,1.09844613484006,0.));
#4281=CARTESIAN_POINT('',(12.8612986868481,0.0220888311202402,0.));
#4282=CARTESIAN_POINT('',(-4.64828836016609,0.181861267289931,0.));
#4283=CARTESIAN_POINT('',(12.8740580157779,1.42039373222453,0.));
#4284=CARTESIAN_POINT('',(12.8646241992718,0.386534355358131,0.));
#4285=CARTESIAN_POINT('',(-3.93637658068416,1.57378650392934,0.));
#4286=CARTESIAN_POINT('',(15.0911927418817,7.78855942606289,0.));
#4287=CARTESIAN_POINT('',(14.7002212607824,4.93730149576897,0.));
#4288=CARTESIAN_POINT('Ctrl Pts',(15.0911927418817,7.78855942606289,0.));
#4289=CARTESIAN_POINT('Ctrl Pts',(14.9812954075709,7.37349070571899,0.));
#4290=CARTESIAN_POINT('Ctrl Pts',(14.7341703968062,6.44012992289055,0.));
#4291=CARTESIAN_POINT('Ctrl Pts',(14.7123423183659,5.47386507401574,0.));
#4292=CARTESIAN_POINT('Ctrl Pts',(14.7002212607824,4.93730149576897,0.));
#4293=CARTESIAN_POINT('',(15.6521701177376,0.862962043722271,0.));
#4294=CARTESIAN_POINT('Ctrl Pts',(14.7002212607824,4.93730149576897,0.));
#4295=CARTESIAN_POINT('Ctrl Pts',(14.7025200981873,4.10937427566857,0.));
#4296=CARTESIAN_POINT('Ctrl Pts',(14.7065169260924,2.66991509097852,0.));
#4297=CARTESIAN_POINT('Ctrl Pts',(15.3702102690516,1.40173060315655,0.));
#4298=CARTESIAN_POINT('Ctrl Pts',(15.6521701177376,0.862962043722271,0.));
#4299=CARTESIAN_POINT('',(17.9141032840375,-0.194556840579461,0.));
#4300=CARTESIAN_POINT('Ctrl Pts',(15.6521701177376,0.862962043722271,0.));
#4301=CARTESIAN_POINT('Ctrl Pts',(15.9562376553033,0.557819186953321,0.));
#4302=CARTESIAN_POINT('Ctrl Pts',(16.5802179013676,-0.0683677331492749,
0.));
#4303=CARTESIAN_POINT('Ctrl Pts',(17.4620108263772,-0.151787690808971,0.));
#4304=CARTESIAN_POINT('Ctrl Pts',(17.9141032840375,-0.194556840579461,0.));
#4305=CARTESIAN_POINT('',(19.7372839544922,0.378873340514021,0.));
#4306=CARTESIAN_POINT('Ctrl Pts',(17.9141032840375,-0.194556840579461,0.));
#4307=CARTESIAN_POINT('Ctrl Pts',(18.258579589253,-0.177866110077716,0.));
#4308=CARTESIAN_POINT('Ctrl Pts',(18.9177863214726,-0.145925910575366,0.));
#4309=CARTESIAN_POINT('Ctrl Pts',(19.4724610780607,0.209283043211406,0.));
#4310=CARTESIAN_POINT('Ctrl Pts',(19.7372839544922,0.378873340514021,0.));
#4311=CARTESIAN_POINT('',(20.8336613118639,2.04015213783063,0.));
#4312=CARTESIAN_POINT('Ctrl Pts',(19.7372839544922,0.378873340514021,0.));
#4313=CARTESIAN_POINT('Ctrl Pts',(19.9671168529672,0.602721325581086,0.));
#4314=CARTESIAN_POINT('Ctrl Pts',(20.4528308813306,1.07578722384646,0.));
#4315=CARTESIAN_POINT('Ctrl Pts',(20.7022589964949,1.7074061900324,0.));
#4316=CARTESIAN_POINT('Ctrl Pts',(20.8336613118639,2.04015213783063,0.));
#4317=CARTESIAN_POINT('',(21.221095494158,4.87779946642783,0.));
#4318=CARTESIAN_POINT('Ctrl Pts',(20.8336613118639,2.04015213783063,0.));
#4319=CARTESIAN_POINT('Ctrl Pts',(20.942565642093,2.45412261000228,0.));
#4320=CARTESIAN_POINT('Ctrl Pts',(21.1869961645343,3.38325939065493,0.));
#4321=CARTESIAN_POINT('Ctrl Pts',(21.2089326552801,4.34471420232673,0.));
#4322=CARTESIAN_POINT('Ctrl Pts',(21.221095494158,4.87779946642783,0.));
#4323=CARTESIAN_POINT('',(21.0175707234754,7.24332950229356,0.));
#4324=CARTESIAN_POINT('Ctrl Pts',(21.221095494158,4.87779946642783,0.));
#4325=CARTESIAN_POINT('Ctrl Pts',(21.2213773246086,5.32415750135583,0.));
#4326=CARTESIAN_POINT('Ctrl Pts',(21.2218792252608,6.11905879168948,0.));
#4327=CARTESIAN_POINT('Ctrl Pts',(21.0798477710022,6.9006307899762,0.));
#4328=CARTESIAN_POINT('Ctrl Pts',(21.0175707234754,7.24332950229356,0.));
#4329=CARTESIAN_POINT('',(20.4104279410708,8.73597082590306,0.));
#4330=CARTESIAN_POINT('Ctrl Pts',(21.0175707234754,7.24332950229356,0.));
#4331=CARTESIAN_POINT('Ctrl Pts',(20.9419787044347,7.51875008312992,0.));
#4332=CARTESIAN_POINT('Ctrl Pts',(20.7987348236778,8.04066117030604,0.));
#4333=CARTESIAN_POINT('Ctrl Pts',(20.5349903585836,8.51292700283284,0.));
#4334=CARTESIAN_POINT('Ctrl Pts',(20.4104279410708,8.73597082590306,0.));
#4335=CARTESIAN_POINT('',(19.4162677139028,9.67959748941017,0.));
#4336=CARTESIAN_POINT('Ctrl Pts',(20.4104279410708,8.73597082590306,0.));
#4337=CARTESIAN_POINT('Ctrl Pts',(20.273000545967,8.92798141683548,0.));
#4338=CARTESIAN_POINT('Ctrl Pts',(20.0020951795863,9.30648454895274,0.));
#4339=CARTESIAN_POINT('Ctrl Pts',(19.6096363677417,9.55644118272878,0.));
#4340=CARTESIAN_POINT('Ctrl Pts',(19.4162677139028,9.67959748941017,0.));
#4341=CARTESIAN_POINT('',(18.0072774875521,10.0164774660081,0.));
#4342=CARTESIAN_POINT('Ctrl Pts',(19.4162677139028,9.67959748941017,0.));
#4343=CARTESIAN_POINT('Ctrl Pts',(19.201449158199,9.77602103290852,0.));
#4344=CARTESIAN_POINT('Ctrl Pts',(18.7534902858929,9.97709203288695,0.));
#4345=CARTESIAN_POINT('Ctrl Pts',(18.2627061988044,10.0029958285361,0.));
#4346=CARTESIAN_POINT('Ctrl Pts',(18.0072774875521,10.0164774660081,0.));
#4347=CARTESIAN_POINT('',(16.1909494207567,9.44639726387484,0.));
#4348=CARTESIAN_POINT('Ctrl Pts',(18.0072774875521,10.0164774660081,0.));
#4349=CARTESIAN_POINT('Ctrl Pts',(17.6646295263004,9.99976314523142,0.));
#4350=CARTESIAN_POINT('Ctrl Pts',(17.0082374565373,9.96774442966912,0.));
#4351=CARTESIAN_POINT('Ctrl Pts',(16.4552621140933,9.61500204887316,0.));
#4352=CARTESIAN_POINT('Ctrl Pts',(16.1909494207567,9.44639726387484,0.));
#4353=CARTESIAN_POINT('Ctrl Pts',(16.1909494207567,9.44639726387484,0.));
#4354=CARTESIAN_POINT('Ctrl Pts',(15.9609142394463,9.22341795239939,0.));
#4355=CARTESIAN_POINT('Ctrl Pts',(15.4743316152098,8.7517602785161,0.));
#4356=CARTESIAN_POINT('Ctrl Pts',(15.2234620478637,8.12108091407727,0.));
#4357=CARTESIAN_POINT('Ctrl Pts',(15.0911927418817,7.78855942606289,0.));
#4358=CARTESIAN_POINT('Origin',(11.2470805187714,1.05776542300557,0.6));
#4359=CARTESIAN_POINT('',(3.03586395042077,2.75169046554999,0.6));
#4360=CARTESIAN_POINT('',(4.26513740889778,2.90419105272444,0.6));
#4361=CARTESIAN_POINT('',(7.59040081760209,3.31671490479345,0.6));
#4362=CARTESIAN_POINT('',(4.97102856632767,1.39359446968556,0.6));
#4363=CARTESIAN_POINT('Ctrl Pts',(4.26513740889778,2.90419105272444,0.6));
#4364=CARTESIAN_POINT('Ctrl Pts',(4.33305310956074,2.59201723641576,0.6));
#4365=CARTESIAN_POINT('Ctrl Pts',(4.4009688102237,2.27984342010707,0.6));
#4366=CARTESIAN_POINT('Ctrl Pts',(4.5425741978243,2.00377051790123,0.6));
#4367=CARTESIAN_POINT('Ctrl Pts',(4.65462974844442,1.78530777723755,0.6));
#4368=CARTESIAN_POINT('Ctrl Pts',(4.81282915738605,1.58945112346155,0.6));
#4369=CARTESIAN_POINT('Ctrl Pts',(4.97102856632767,1.39359446968556,0.6));
#4370=CARTESIAN_POINT('',(6.20483876513609,0.921880618602247,0.6));
#4371=CARTESIAN_POINT('Ctrl Pts',(4.97102856632767,1.39359446968556,0.6));
#4372=CARTESIAN_POINT('Ctrl Pts',(5.15046192001462,1.25766858442503,0.6));
#4373=CARTESIAN_POINT('Ctrl Pts',(5.32989527370157,1.1217426991645,0.6));
#4374=CARTESIAN_POINT('Ctrl Pts',(5.53146272562876,1.04313835909182,0.6));
#4375=CARTESIAN_POINT('Ctrl Pts',(5.74011048313244,0.961772944539945,0.6));
#4376=CARTESIAN_POINT('Ctrl Pts',(5.97247462413426,0.941826781571096,0.6));
#4377=CARTESIAN_POINT('Ctrl Pts',(6.20483876513609,0.921880618602247,0.6));
#4378=CARTESIAN_POINT('',(7.67341971289343,1.50877743774482,0.6));
#4379=CARTESIAN_POINT('Ctrl Pts',(6.20483876513609,0.921880618602247,0.6));
#4380=CARTESIAN_POINT('Ctrl Pts',(6.48193453849802,0.943708475128282,0.6));
#4381=CARTESIAN_POINT('Ctrl Pts',(6.75903031185996,0.965536331654315,0.6));
#4382=CARTESIAN_POINT('Ctrl Pts',(7.00511740255309,1.0646534381866,0.6));
#4383=CARTESIAN_POINT('Ctrl Pts',(7.2480268713636,1.16249068608927,0.6));
#4384=CARTESIAN_POINT('Ctrl Pts',(7.46072329212851,1.33563406191704,0.6));
#4385=CARTESIAN_POINT('Ctrl Pts',(7.67341971289343,1.50877743774482,0.6));
#4386=CARTESIAN_POINT('',(8.28382575976246,2.990309401372,0.6));
#4387=CARTESIAN_POINT('Ctrl Pts',(7.67341971289343,1.50877743774482,0.6));
#4388=CARTESIAN_POINT('Ctrl Pts',(7.84944080909209,1.72108937194887,0.6));
#4389=CARTESIAN_POINT('Ctrl Pts',(8.02546190529074,1.93340130615293,0.6));
#4390=CARTESIAN_POINT('Ctrl Pts',(8.12717860554008,2.17656126374275,0.6));
#4391=CARTESIAN_POINT('Ctrl Pts',(8.23158221854935,2.42614444968297,0.6));
#4392=CARTESIAN_POINT('Ctrl Pts',(8.2577039891559,2.70822692552749,0.6));
#4393=CARTESIAN_POINT('Ctrl Pts',(8.28382575976246,2.990309401372,0.6));
#4394=CARTESIAN_POINT('',(7.74405323228507,4.3902447595063,0.6));
#4395=CARTESIAN_POINT('Ctrl Pts',(8.28382575976246,2.990309401372,0.6));
#4396=CARTESIAN_POINT('Ctrl Pts',(8.26544997670949,3.25784010792968,0.6));
#4397=CARTESIAN_POINT('Ctrl Pts',(8.24707419365652,3.52537081448735,0.6));
#4398=CARTESIAN_POINT('Ctrl Pts',(8.15274154385548,3.76319487882262,0.6));
#4399=CARTESIAN_POINT('Ctrl Pts',(8.06267424884338,3.99026546582129,0.6));
#4400=CARTESIAN_POINT('Ctrl Pts',(7.90336374056423,4.19025511266379,0.6));
#4401=CARTESIAN_POINT('Ctrl Pts',(7.74405323228507,4.3902447595063,0.6));
#4402=CARTESIAN_POINT('',(6.34393783414473,4.95215721936158,0.6));
#4403=CARTESIAN_POINT('Ctrl Pts',(7.74405323228507,4.3902447595063,0.6));
#4404=CARTESIAN_POINT('Ctrl Pts',(7.54540397484353,4.55219359889807,0.6));
#4405=CARTESIAN_POINT('Ctrl Pts',(7.34675471740199,4.71414243828985,0.6));
#4406=CARTESIAN_POINT('Ctrl Pts',(7.12027905540317,4.80778906598529,0.6));
#4407=CARTESIAN_POINT('Ctrl Pts',(6.8820286932205,4.90630447717212,0.6));
#4408=CARTESIAN_POINT('Ctrl Pts',(6.61298326368262,4.92923084826685,0.6));
#4409=CARTESIAN_POINT('Ctrl Pts',(6.34393783414473,4.95215721936158,0.6));
#4410=CARTESIAN_POINT('',(5.47642623307988,4.82364136590116,0.6));
#4411=CARTESIAN_POINT('Ctrl Pts',(6.34393783414473,4.95215721936158,0.6));
#4412=CARTESIAN_POINT('Ctrl Pts',(6.2131585717838,4.94557371639243,0.6));
#4413=CARTESIAN_POINT('Ctrl Pts',(6.08237930942288,4.93899021342327,0.6));
#4414=CARTESIAN_POINT('Ctrl Pts',(5.95312458055441,4.92161553982575,0.6));
#4415=CARTESIAN_POINT('Ctrl Pts',(5.79265867477573,4.90004539874975,0.6));
#4416=CARTESIAN_POINT('Ctrl Pts',(5.6345424539278,4.86184338232545,0.6));
#4417=CARTESIAN_POINT('Ctrl Pts',(5.47642623307988,4.82364136590116,0.6));
#4418=CARTESIAN_POINT('',(5.62268036140617,5.90011393228504,0.6));
#4419=CARTESIAN_POINT('',(5.35066124459287,3.89797477811215,0.6));
#4420=CARTESIAN_POINT('',(5.82036473475138,5.88466721208459,0.6));
#4421=CARTESIAN_POINT('Ctrl Pts',(5.62268036140617,5.90011393228504,0.6));
#4422=CARTESIAN_POINT('Ctrl Pts',(5.65955518846772,5.89581769033622,0.6));
#4423=CARTESIAN_POINT('Ctrl Pts',(5.69643001552927,5.8915214483874,0.6));
#4424=CARTESIAN_POINT('Ctrl Pts',(5.73342810263761,5.88887121597184,0.6));
#4425=CARTESIAN_POINT('Ctrl Pts',(5.76235674244674,5.88679901102958,0.6));
#4426=CARTESIAN_POINT('Ctrl Pts',(5.79136073859906,5.88573311155709,0.6));
#4427=CARTESIAN_POINT('Ctrl Pts',(5.82036473475138,5.88466721208459,0.6));
#4428=CARTESIAN_POINT('',(7.23604581199783,6.28104285195043,0.6));
#4429=CARTESIAN_POINT('Ctrl Pts',(5.82036473475138,5.88466721208459,0.6));
#4430=CARTESIAN_POINT('Ctrl Pts',(6.07413487068156,5.89855587710764,0.6));
#4431=CARTESIAN_POINT('Ctrl Pts',(6.32790500661175,5.91244454213068,0.6));
#4432=CARTESIAN_POINT('Ctrl Pts',(6.56649242180978,5.98018228638525,0.6));
#4433=CARTESIAN_POINT('Ctrl Pts',(6.79931551717859,6.04628347314551,0.6));
#4434=CARTESIAN_POINT('Ctrl Pts',(7.01768066458821,6.16366316254797,0.6));
#4435=CARTESIAN_POINT('Ctrl Pts',(7.23604581199783,6.28104285195043,0.6));
#4436=CARTESIAN_POINT('',(7.87509213873357,7.53720180062703,0.6));
#4437=CARTESIAN_POINT('Ctrl Pts',(7.23604581199783,6.28104285195043,0.6));
#4438=CARTESIAN_POINT('Ctrl Pts',(7.42046030063032,6.43943250632832,0.6));
#4439=CARTESIAN_POINT('Ctrl Pts',(7.60487478926282,6.59782216070621,0.6));
#4440=CARTESIAN_POINT('Ctrl Pts',(7.7114404427748,6.79684954340894,0.6));
#4441=CARTESIAN_POINT('Ctrl Pts',(7.82662841674238,7.0119804061406,0.6));
#4442=CARTESIAN_POINT('Ctrl Pts',(7.85086027773797,7.27459110338381,0.6));
#4443=CARTESIAN_POINT('Ctrl Pts',(7.87509213873357,7.53720180062703,0.6));
#4444=CARTESIAN_POINT('',(7.42829285445204,8.6600151263532,0.6));
#4445=CARTESIAN_POINT('Ctrl Pts',(7.87509213873357,7.53720180062703,0.6));
#4446=CARTESIAN_POINT('Ctrl Pts',(7.85929889303126,7.75152195848677,0.6));
#4447=CARTESIAN_POINT('Ctrl Pts',(7.84350564732893,7.96584211634651,0.6));
#4448=CARTESIAN_POINT('Ctrl Pts',(7.7664732281185,8.1555445340396,0.6));
#4449=CARTESIAN_POINT('Ctrl Pts',(7.69195305935814,8.33906020608567,0.6));
#4450=CARTESIAN_POINT('Ctrl Pts',(7.56012295690509,8.49953766621944,0.6));
#4451=CARTESIAN_POINT('Ctrl Pts',(7.42829285445204,8.6600151263532,0.6));
#4452=CARTESIAN_POINT('',(6.25230565755625,9.1141477521581,0.6));
#4453=CARTESIAN_POINT('Ctrl Pts',(7.42829285445204,8.6600151263532,0.6));
#4454=CARTESIAN_POINT('Ctrl Pts',(7.26204367655136,8.79081277553842,0.6));
#4455=CARTESIAN_POINT('Ctrl Pts',(7.09579449865069,8.92161042472363,0.6));
#4456=CARTESIAN_POINT('Ctrl Pts',(6.9078153563459,8.99731584305695,0.6));
#4457=CARTESIAN_POINT('Ctrl Pts',(6.70600843505798,9.0785901653639,0.6));
#4458=CARTESIAN_POINT('Ctrl Pts',(6.47915704630711,9.096368958761,0.6));
#4459=CARTESIAN_POINT('Ctrl Pts',(6.25230565755625,9.1141477521581,0.6));
#4460=CARTESIAN_POINT('',(5.05452289771511,8.67485399258045,0.6));
#4461=CARTESIAN_POINT('Ctrl Pts',(6.25230565755625,9.1141477521581,0.6));
#4462=CARTESIAN_POINT('Ctrl Pts',(6.02540884018381,9.0993527691457,0.6));
#4463=CARTESIAN_POINT('Ctrl Pts',(5.79851202281136,9.0845577861333,0.6));
#4464=CARTESIAN_POINT('Ctrl Pts',(5.59475750382575,9.0075919451828,0.6));
#4465=CARTESIAN_POINT('Ctrl Pts',(5.40068208101305,8.93428226744428,0.6));
#4466=CARTESIAN_POINT('Ctrl Pts',(5.22760248936408,8.80456813001237,0.6));
#4467=CARTESIAN_POINT('Ctrl Pts',(5.05452289771511,8.67485399258045,0.6));
#4468=CARTESIAN_POINT('',(4.42830948829395,7.32989803953521,0.6));
#4469=CARTESIAN_POINT('Ctrl Pts',(5.05452289771511,8.67485399258045,0.6));
#4470=CARTESIAN_POINT('Ctrl Pts',(4.90645705798128,8.49602593351041,0.6));
#4471=CARTESIAN_POINT('Ctrl Pts',(4.75839121824746,8.31719787444037,0.6));
#4472=CARTESIAN_POINT('Ctrl Pts',(4.65718077821487,8.11570049025154,0.6));
#4473=CARTESIAN_POINT('Ctrl Pts',(4.53642037398142,7.87528156154427,0.6));
#4474=CARTESIAN_POINT('Ctrl Pts',(4.48236493113769,7.60258980053974,0.6));
#4475=CARTESIAN_POINT('Ctrl Pts',(4.42830948829395,7.32989803953521,0.6));
#4476=CARTESIAN_POINT('',(3.20252135592525,7.55937341507531,0.6));
#4477=CARTESIAN_POINT('',(7.67657355043395,6.72180223910306,0.6));
#4478=CARTESIAN_POINT('',(4.24312965712644,9.46332696834599,0.6));
#4479=CARTESIAN_POINT('Ctrl Pts',(3.20252135592525,7.55937341507531,0.6));
#4480=CARTESIAN_POINT('Ctrl Pts',(3.2978184968586,7.9406520938799,0.6));
#4481=CARTESIAN_POINT('Ctrl Pts',(3.39311563779195,8.32193077268449,0.6));
#4482=CARTESIAN_POINT('Ctrl Pts',(3.58085267180259,8.65163488763119,0.6));
#4483=CARTESIAN_POINT('Ctrl Pts',(3.75099503874432,8.95043921679878,0.6));
#4484=CARTESIAN_POINT('Ctrl Pts',(3.99706234793538,9.20688309257238,0.6));
#4485=CARTESIAN_POINT('Ctrl Pts',(4.24312965712644,9.46332696834599,0.6));
#4486=CARTESIAN_POINT('',(6.2342331895251,10.1239047836016,0.6));
#4487=CARTESIAN_POINT('Ctrl Pts',(4.24312965712644,9.46332696834599,0.6));
#4488=CARTESIAN_POINT('Ctrl Pts',(4.53350876241354,9.65858100923481,0.6));
#4489=CARTESIAN_POINT('Ctrl Pts',(4.82388786770063,9.85383505012363,0.6));
#4490=CARTESIAN_POINT('Ctrl Pts',(5.14303045160931,9.96417526356241,0.6));
#4491=CARTESIAN_POINT('Ctrl Pts',(5.48477658938859,10.0823304195514,0.6));
#4492=CARTESIAN_POINT('Ctrl Pts',(5.85950488945685,10.1031176015765,0.6));
#4493=CARTESIAN_POINT('Ctrl Pts',(6.2342331895251,10.1239047836016,0.6));
#4494=CARTESIAN_POINT('',(7.73846843205225,9.75886816379632,0.6));
#4495=CARTESIAN_POINT('Ctrl Pts',(6.2342331895251,10.1239047836016,0.6));
#4496=CARTESIAN_POINT('Ctrl Pts',(6.49979426188935,10.1077300817458,0.6));
#4497=CARTESIAN_POINT('Ctrl Pts',(6.7653553342536,10.0915553798901,0.6));
#4498=CARTESIAN_POINT('Ctrl Pts',(7.01955204389737,10.0289111902515,0.6));
#4499=CARTESIAN_POINT('Ctrl Pts',(7.26633138876083,9.96809493460368,0.6));
#4500=CARTESIAN_POINT('Ctrl Pts',(7.50239991040654,9.8634815492,0.6));
#4501=CARTESIAN_POINT('Ctrl Pts',(7.73846843205225,9.75886816379632,0.6));
#4502=CARTESIAN_POINT('',(8.7835679540586,8.79090164832004,0.6));
#4503=CARTESIAN_POINT('Ctrl Pts',(7.73846843205225,9.75886816379632,0.6));
#4504=CARTESIAN_POINT('Ctrl Pts',(7.9519685906141,9.63161132291921,0.6));
#4505=CARTESIAN_POINT('Ctrl Pts',(8.16546874917595,9.5043544820421,0.6));
#4506=CARTESIAN_POINT('Ctrl Pts',(8.34260089007693,9.33809266342341,0.6));
#4507=CARTESIAN_POINT('Ctrl Pts',(8.51168110689587,9.17938863490679,0.6));
#4508=CARTESIAN_POINT('Ctrl Pts',(8.64762453047723,8.98514514161341,0.6));
#4509=CARTESIAN_POINT('Ctrl Pts',(8.7835679540586,8.79090164832004,0.6));
#4510=CARTESIAN_POINT('',(9.13672766462488,7.498403205737,0.6));
#4511=CARTESIAN_POINT('Ctrl Pts',(8.7835679540586,8.79090164832004,0.6));
#4512=CARTESIAN_POINT('Ctrl Pts',(8.88813644615621,8.58560217247379,0.6));
#4513=CARTESIAN_POINT('Ctrl Pts',(8.99270493825383,8.38030269662754,0.6));
#4514=CARTESIAN_POINT('Ctrl Pts',(9.05154991617484,8.16257765279963,0.6));
#4515=CARTESIAN_POINT('Ctrl Pts',(9.10923440891922,7.94914637701908,0.6));
#4516=CARTESIAN_POINT('Ctrl Pts',(9.12298103677205,7.72377479137804,0.6));
#4517=CARTESIAN_POINT('Ctrl Pts',(9.13672766462488,7.498403205737,0.6));
#4518=CARTESIAN_POINT('',(8.77808902915871,6.32154464006278,0.6));
#4519=CARTESIAN_POINT('Ctrl Pts',(9.13672766462488,7.498403205737,0.6));
#4520=CARTESIAN_POINT('Ctrl Pts',(9.12060898977645,7.28782422121007,0.6));
#4521=CARTESIAN_POINT('Ctrl Pts',(9.10449031492801,7.07724523668313,0.6));
#4522=CARTESIAN_POINT('Ctrl Pts',(9.0441114265805,6.88019105588445,0.6));
#4523=CARTESIAN_POINT('Ctrl Pts',(8.98434679226493,6.6851415712367,0.6));
#4524=CARTESIAN_POINT('Ctrl Pts',(8.88121791071182,6.50334310564974,0.6));
#4525=CARTESIAN_POINT('Ctrl Pts',(8.77808902915871,6.32154464006278,0.6));
#4526=CARTESIAN_POINT('',(7.7404005115833,5.48513939895716,0.6));
#4527=CARTESIAN_POINT('Ctrl Pts',(8.77808902915871,6.32154464006278,0.6));
#4528=CARTESIAN_POINT('Ctrl Pts',(8.64201612058146,6.15244629479263,0.6));
#4529=CARTESIAN_POINT('Ctrl Pts',(8.5059432120042,5.98334794952248,0.6));
#4530=CARTESIAN_POINT('Ctrl Pts',(8.34230401628316,5.84801200375914,0.6));
#4531=CARTESIAN_POINT('Ctrl Pts',(8.16358916545505,5.70020790797265,0.6));
#4532=CARTESIAN_POINT('Ctrl Pts',(7.95199483851917,5.5926736534649,0.6));
#4533=CARTESIAN_POINT('Ctrl Pts',(7.7404005115833,5.48513939895716,0.6));
#4534=CARTESIAN_POINT('',(9.11049324751816,4.62335278421043,0.6));
#4535=CARTESIAN_POINT('Ctrl Pts',(7.7404005115833,5.48513939895716,0.6));
#4536=CARTESIAN_POINT('Ctrl Pts',(8.01593693786463,5.39966793131738,0.6));
#4537=CARTESIAN_POINT('Ctrl Pts',(8.29147336414596,5.3141964636776,0.6));
#4538=CARTESIAN_POINT('Ctrl Pts',(8.52535508504402,5.16333224219529,0.6));
#4539=CARTESIAN_POINT('Ctrl Pts',(8.74486235677159,5.02174018646845,0.6));
#4540=CARTESIAN_POINT('Ctrl Pts',(8.92767780214488,4.82254648533944,0.6));
#4541=CARTESIAN_POINT('Ctrl Pts',(9.11049324751816,4.62335278421043,0.6));
#4542=CARTESIAN_POINT('',(9.58688503779146,3.00570552904485,0.6));
#4543=CARTESIAN_POINT('Ctrl Pts',(9.11049324751816,4.62335278421043,0.6));
#4544=CARTESIAN_POINT('Ctrl Pts',(9.25149487537382,4.38656768916022,0.6));
#4545=CARTESIAN_POINT('Ctrl Pts',(9.39249650322948,4.14978259411001,0.6));
#4546=CARTESIAN_POINT('Ctrl Pts',(9.47220602457149,3.89440816748051,0.6));
#4547=CARTESIAN_POINT('Ctrl Pts',(9.55997869932602,3.61320090250402,0.6));
#4548=CARTESIAN_POINT('Ctrl Pts',(9.57343186855874,3.30945321577444,0.6));
#4549=CARTESIAN_POINT('Ctrl Pts',(9.58688503779146,3.00570552904485,0.6));
#4550=CARTESIAN_POINT('',(8.61168640496769,0.794183787009797,0.6));
#4551=CARTESIAN_POINT('Ctrl Pts',(9.58688503779146,3.00570552904485,0.6));
#4552=CARTESIAN_POINT('Ctrl Pts',(9.54292413396298,2.58583269939548,0.6));
#4553=CARTESIAN_POINT('Ctrl Pts',(9.49896323013449,2.16595986974612,0.6));
#4554=CARTESIAN_POINT('Ctrl Pts',(9.33711042606514,1.79800890298734,0.6));
#4555=CARTESIAN_POINT('Ctrl Pts',(9.17456809991068,1.42849039886472,0.6));
#4556=CARTESIAN_POINT('Ctrl Pts',(8.89312725243919,1.11133709293726,0.6));
#4557=CARTESIAN_POINT('Ctrl Pts',(8.61168640496769,0.794183787009797,0.6));
#4558=CARTESIAN_POINT('',(6.18874374171823,-0.0943860789662287,0.6));
#4559=CARTESIAN_POINT('Ctrl Pts',(8.61168640496769,0.794183787009797,0.6));
#4560=CARTESIAN_POINT('Ctrl Pts',(8.26341753094728,0.531805278831918,0.6));
#4561=CARTESIAN_POINT('Ctrl Pts',(7.91514865692686,0.26942677065404,0.6));
#4562=CARTESIAN_POINT('Ctrl Pts',(7.5243262245391,0.12109634339585,0.6));
#4563=CARTESIAN_POINT('Ctrl Pts',(7.11088052062244,-0.0358203861156631,
0.6));
#4564=CARTESIAN_POINT('Ctrl Pts',(6.64981213117034,-0.0651032325409484,
0.6));
#4565=CARTESIAN_POINT('Ctrl Pts',(6.18874374171823,-0.0943860789662287,
0.6));
#4566=CARTESIAN_POINT('',(4.00977138694256,0.709976577149052,0.6));
#4567=CARTESIAN_POINT('Ctrl Pts',(6.18874374171823,-0.0943860789662287,
0.6));
#4568=CARTESIAN_POINT('Ctrl Pts',(5.77383598722493,-0.0623500483841433,
0.6));
#4569=CARTESIAN_POINT('Ctrl Pts',(5.35892823273162,-0.0303140178020567,
0.6));
#4570=CARTESIAN_POINT('Ctrl Pts',(4.98577420885787,0.112710209597985,0.6));
#4571=CARTESIAN_POINT('Ctrl Pts',(4.63598015052207,0.24678091965826,0.6));
#4572=CARTESIAN_POINT('Ctrl Pts',(4.32287576873232,0.478378748403658,0.6));
#4573=CARTESIAN_POINT('Ctrl Pts',(4.00977138694256,0.709976577149052,0.6));
#4574=CARTESIAN_POINT('Ctrl Pts',(4.00977138694256,0.709976577149052,0.6));
#4575=CARTESIAN_POINT('Ctrl Pts',(3.75324483319197,0.996954834783932,0.6));
#4576=CARTESIAN_POINT('Ctrl Pts',(3.49671827944137,1.28393309241881,0.6));
#4577=CARTESIAN_POINT('Ctrl Pts',(3.33503471464941,1.61658015742973,0.6));
#4578=CARTESIAN_POINT('Ctrl Pts',(3.16709333602503,1.96210202148046,0.6));
#4579=CARTESIAN_POINT('Ctrl Pts',(3.1014786432229,2.35689624351523,0.6));
#4580=CARTESIAN_POINT('Ctrl Pts',(3.03586395042077,2.75169046554999,0.6));
#4581=CARTESIAN_POINT('',(11.4629937857438,0.0348481600500183,0.6));
#4582=CARTESIAN_POINT('',(11.4757531146736,1.43315306115431,0.6));
#4583=CARTESIAN_POINT('',(11.474031059266,1.24443165348917,0.6));
#4584=CARTESIAN_POINT('',(12.8740580157779,1.42039373222453,0.6));
#4585=CARTESIAN_POINT('',(12.0622913226823,1.42780098528019,0.6));
#4586=CARTESIAN_POINT('',(12.8612986868481,0.0220888311202402,0.6));
#4587=CARTESIAN_POINT('',(12.8659562959054,0.532519874007248,0.6));
#4588=CARTESIAN_POINT('',(11.3503795432004,0.0358757486407865,0.6));
#4589=CARTESIAN_POINT('',(14.7002212607824,4.93730149576897,0.6));
#4590=CARTESIAN_POINT('',(15.0911927418817,7.78855942606289,0.6));
#4591=CARTESIAN_POINT('Ctrl Pts',(14.7002212607824,4.93730149576897,0.6));
#4592=CARTESIAN_POINT('Ctrl Pts',(14.7123423183659,5.47386507401574,0.6));
#4593=CARTESIAN_POINT('Ctrl Pts',(14.7244633759495,6.01042865226251,0.6));
#4594=CARTESIAN_POINT('Ctrl Pts',(14.8060557127186,6.53684612006265,0.6));
#4595=CARTESIAN_POINT('Ctrl Pts',(14.8713980732601,6.95842198537509,0.6));
#4596=CARTESIAN_POINT('Ctrl Pts',(14.9812954075709,7.37349070571899,0.6));
#4597=CARTESIAN_POINT('Ctrl Pts',(15.0911927418817,7.78855942606289,0.6));
#4598=CARTESIAN_POINT('',(16.1909494207567,9.44639726387484,0.6));
#4599=CARTESIAN_POINT('Ctrl Pts',(15.0911927418817,7.78855942606289,0.6));
#4600=CARTESIAN_POINT('Ctrl Pts',(15.2234620478637,8.12108091407727,0.6));
#4601=CARTESIAN_POINT('Ctrl Pts',(15.3557313538456,8.45360240209164,0.6));
#4602=CARTESIAN_POINT('Ctrl Pts',(15.553525478546,8.74191816139747,0.6));
#4603=CARTESIAN_POINT('Ctrl Pts',(15.7308790581359,9.00043864092395,0.6));
#4604=CARTESIAN_POINT('Ctrl Pts',(15.9609142394463,9.22341795239939,0.6));
#4605=CARTESIAN_POINT('Ctrl Pts',(16.1909494207567,9.44639726387484,0.6));
#4606=CARTESIAN_POINT('',(18.0072774875521,10.0164774660081,0.6));
#4607=CARTESIAN_POINT('Ctrl Pts',(16.1909494207567,9.44639726387484,0.6));
#4608=CARTESIAN_POINT('Ctrl Pts',(16.4552621140933,9.61500204887316,0.6));
#4609=CARTESIAN_POINT('Ctrl Pts',(16.7195748074299,9.78360683387148,0.6));
#4610=CARTESIAN_POINT('Ctrl Pts',(17.0075148661795,9.8789366716586,0.6));
#4611=CARTESIAN_POINT('Ctrl Pts',(17.3219815650487,9.98304882445469,0.6));
#4612=CARTESIAN_POINT('Ctrl Pts',(17.6646295263004,9.99976314523142,0.6));
#4613=CARTESIAN_POINT('Ctrl Pts',(18.0072774875521,10.0164774660081,0.6));
#4614=CARTESIAN_POINT('',(19.4162677139028,9.67959748941017,0.6));
#4615=CARTESIAN_POINT('Ctrl Pts',(18.0072774875521,10.0164774660081,0.6));
#4616=CARTESIAN_POINT('Ctrl Pts',(18.2627061988044,10.0029958285361,0.6));
#4617=CARTESIAN_POINT('Ctrl Pts',(18.5181349100568,9.98951419106397,0.6));
#4618=CARTESIAN_POINT('Ctrl Pts',(18.7619636202677,9.92858527836009,0.6));
#4619=CARTESIAN_POINT('Ctrl Pts',(18.9866306024952,9.87244457640687,0.6));
#4620=CARTESIAN_POINT('Ctrl Pts',(19.201449158199,9.77602103290852,0.6));
#4621=CARTESIAN_POINT('Ctrl Pts',(19.4162677139028,9.67959748941017,0.6));
#4622=CARTESIAN_POINT('',(20.4104279410708,8.73597082590306,0.6));
#4623=CARTESIAN_POINT('Ctrl Pts',(19.4162677139028,9.67959748941017,0.6));
#4624=CARTESIAN_POINT('Ctrl Pts',(19.6096363677417,9.55644118272878,0.6));
#4625=CARTESIAN_POINT('Ctrl Pts',(19.8030050215805,9.43328487604738,0.6));
#4626=CARTESIAN_POINT('Ctrl Pts',(19.9668648956061,9.27892212926191,0.6));
#4627=CARTESIAN_POINT('Ctrl Pts',(20.1355731508632,9.11999200776791,0.6));
#4628=CARTESIAN_POINT('Ctrl Pts',(20.273000545967,8.92798141683548,0.6));
#4629=CARTESIAN_POINT('Ctrl Pts',(20.4104279410708,8.73597082590306,0.6));
#4630=CARTESIAN_POINT('',(21.0175707234754,7.24332950229356,0.6));
#4631=CARTESIAN_POINT('Ctrl Pts',(20.4104279410708,8.73597082590306,0.6));
#4632=CARTESIAN_POINT('Ctrl Pts',(20.5349903585836,8.51292700283284,0.6));
#4633=CARTESIAN_POINT('Ctrl Pts',(20.6595527760964,8.28988317976261,0.6));
#4634=CARTESIAN_POINT('Ctrl Pts',(20.7572372213663,8.05576585208001,0.6));
#4635=CARTESIAN_POINT('Ctrl Pts',(20.8663866853941,7.79417066396628,0.6));
#4636=CARTESIAN_POINT('Ctrl Pts',(20.9419787044347,7.51875008312992,0.6));
#4637=CARTESIAN_POINT('Ctrl Pts',(21.0175707234754,7.24332950229356,0.6));
#4638=CARTESIAN_POINT('',(21.221095494158,4.87779946642783,0.6));
#4639=CARTESIAN_POINT('Ctrl Pts',(21.0175707234754,7.24332950229356,0.6));
#4640=CARTESIAN_POINT('Ctrl Pts',(21.0798477710022,6.9006307899762,0.6));
#4641=CARTESIAN_POINT('Ctrl Pts',(21.1421248185291,6.55793207765883,0.6));
#4642=CARTESIAN_POINT('Ctrl Pts',(21.1769985278913,6.21267068730946,0.6));
#4643=CARTESIAN_POINT('Ctrl Pts',(21.2216591550592,5.77051553628383,0.6));
#4644=CARTESIAN_POINT('Ctrl Pts',(21.2213773246086,5.32415750135583,0.6));
#4645=CARTESIAN_POINT('Ctrl Pts',(21.221095494158,4.87779946642783,0.6));
#4646=CARTESIAN_POINT('',(20.8336613118639,2.04015213783063,0.6));
#4647=CARTESIAN_POINT('Ctrl Pts',(21.221095494158,4.87779946642783,0.6));
#4648=CARTESIAN_POINT('Ctrl Pts',(21.2089326552801,4.34471420232673,0.6));
#4649=CARTESIAN_POINT('Ctrl Pts',(21.1967698164023,3.81162893822563,0.6));
#4650=CARTESIAN_POINT('Ctrl Pts',(21.1162073138124,3.28847896289025,0.6));
#4651=CARTESIAN_POINT('Ctrl Pts',(21.0514699723221,2.86809308217392,0.6));
#4652=CARTESIAN_POINT('Ctrl Pts',(20.942565642093,2.45412261000228,0.6));
#4653=CARTESIAN_POINT('Ctrl Pts',(20.8336613118639,2.04015213783063,0.6));
#4654=CARTESIAN_POINT('',(19.7372839544922,0.378873340514021,0.6));
#4655=CARTESIAN_POINT('Ctrl Pts',(20.8336613118639,2.04015213783063,0.6));
#4656=CARTESIAN_POINT('Ctrl Pts',(20.7022589964949,1.7074061900324,0.6));
#4657=CARTESIAN_POINT('Ctrl Pts',(20.5708566811258,1.37466024223417,0.6));
#4658=CARTESIAN_POINT('Ctrl Pts',(20.373877137498,1.08591806336723,0.6));
#4659=CARTESIAN_POINT('Ctrl Pts',(20.1969497514421,0.82656931064815,0.6));
#4660=CARTESIAN_POINT('Ctrl Pts',(19.9671168529672,0.602721325581086,0.6));
#4661=CARTESIAN_POINT('Ctrl Pts',(19.7372839544922,0.378873340514021,0.6));
#4662=CARTESIAN_POINT('',(17.9141032840375,-0.194556840579461,0.6));
#4663=CARTESIAN_POINT('Ctrl Pts',(19.7372839544922,0.378873340514021,0.6));
#4664=CARTESIAN_POINT('Ctrl Pts',(19.4724610780607,0.209283043211406,0.6));
#4665=CARTESIAN_POINT('Ctrl Pts',(19.2076382016292,0.0396927459087894,0.6));
#4666=CARTESIAN_POINT('Ctrl Pts',(18.9189875577695,-0.0562093555343758,
0.6));
#4667=CARTESIAN_POINT('Ctrl Pts',(18.6030558944684,-0.16117537957597,0.6));
#4668=CARTESIAN_POINT('Ctrl Pts',(18.258579589253,-0.177866110077716,0.6));
#4669=CARTESIAN_POINT('Ctrl Pts',(17.9141032840375,-0.194556840579461,0.6));
#4670=CARTESIAN_POINT('',(15.6521701177376,0.862962043722271,0.6));
#4671=CARTESIAN_POINT('Ctrl Pts',(17.9141032840375,-0.194556840579461,0.6));
#4672=CARTESIAN_POINT('Ctrl Pts',(17.4620108263772,-0.151787690808971,0.6));
#4673=CARTESIAN_POINT('Ctrl Pts',(17.0099183687169,-0.109018541038481,0.6));
#4674=CARTESIAN_POINT('Ctrl Pts',(16.6255940524836,0.0764212811879218,0.6));
#4675=CARTESIAN_POINT('Ctrl Pts',(16.260305192869,0.252676330184371,0.6));
#4676=CARTESIAN_POINT('Ctrl Pts',(15.9562376553033,0.557819186953321,0.6));
#4677=CARTESIAN_POINT('Ctrl Pts',(15.6521701177376,0.862962043722271,0.6));
#4678=CARTESIAN_POINT('Ctrl Pts',(15.6521701177376,0.862962043722271,0.6));
#4679=CARTESIAN_POINT('Ctrl Pts',(15.3702102690516,1.40173060315655,0.6));
#4680=CARTESIAN_POINT('Ctrl Pts',(15.0882504203656,1.94049916259083,0.6));
#4681=CARTESIAN_POINT('Ctrl Pts',(14.9253554861689,2.51018012897501,0.6));
#4682=CARTESIAN_POINT('Ctrl Pts',(14.7048189355923,3.28144705556818,0.6));
#4683=CARTESIAN_POINT('Ctrl Pts',(14.7025200981873,4.10937427566857,0.6));
#4684=CARTESIAN_POINT('Ctrl Pts',(14.7002212607824,4.93730149576897,0.6));
#4685=CARTESIAN_POINT('Ctrl Pts',(5.05452289771511,8.67485399258045,0.));
#4686=CARTESIAN_POINT('Ctrl Pts',(5.05452289771511,8.67485399258045,5.5));
#4687=CARTESIAN_POINT('Ctrl Pts',(5.22760248936408,8.80456813001237,0.));
#4688=CARTESIAN_POINT('Ctrl Pts',(5.22760248936408,8.80456813001237,5.5));
#4689=CARTESIAN_POINT('Ctrl Pts',(5.58239364671037,9.07046561974635,0.));
#4690=CARTESIAN_POINT('Ctrl Pts',(5.58239364671037,9.07046561974635,5.5));
#4691=CARTESIAN_POINT('Ctrl Pts',(6.02540884018381,9.0993527691457,0.));
#4692=CARTESIAN_POINT('Ctrl Pts',(6.02540884018381,9.0993527691457,5.5));
#4693=CARTESIAN_POINT('Ctrl Pts',(6.25230565755625,9.1141477521581,0.));
#4694=CARTESIAN_POINT('Ctrl Pts',(6.25230565755625,9.1141477521581,5.5));
#4695=CARTESIAN_POINT('',(6.25230565755625,9.1141477521581,0.));
#4696=CARTESIAN_POINT('',(5.05452289771511,8.67485399258045,0.));
#4697=CARTESIAN_POINT('Ctrl Pts',(6.25230565755625,9.1141477521581,0.));
#4698=CARTESIAN_POINT('Ctrl Pts',(6.25230565755625,9.1141477521581,5.5));
#4699=CARTESIAN_POINT('Ctrl Pts',(6.47915704630711,9.096368958761,0.));
#4700=CARTESIAN_POINT('Ctrl Pts',(6.47915704630711,9.096368958761,5.5));
#4701=CARTESIAN_POINT('Ctrl Pts',(6.91731600179497,9.06202957213612,0.));
#4702=CARTESIAN_POINT('Ctrl Pts',(6.91731600179497,9.06202957213612,5.5));
#4703=CARTESIAN_POINT('Ctrl Pts',(7.26204367655136,8.79081277553842,0.));
#4704=CARTESIAN_POINT('Ctrl Pts',(7.26204367655136,8.79081277553842,5.5));
#4705=CARTESIAN_POINT('Ctrl Pts',(7.42829285445204,8.6600151263532,0.));
#4706=CARTESIAN_POINT('Ctrl Pts',(7.42829285445204,8.6600151263532,5.5));
#4707=CARTESIAN_POINT('',(7.42829285445204,8.6600151263532,0.));
#4708=CARTESIAN_POINT('Ctrl Pts',(7.42829285445204,8.6600151263532,0.));
#4709=CARTESIAN_POINT('Ctrl Pts',(7.42829285445204,8.6600151263532,5.5));
#4710=CARTESIAN_POINT('Ctrl Pts',(7.56012295690509,8.49953766621944,0.));
#4711=CARTESIAN_POINT('Ctrl Pts',(7.56012295690509,8.49953766621944,5.5));
#4712=CARTESIAN_POINT('Ctrl Pts',(7.82822746514183,8.1731726727039,0.));
#4713=CARTESIAN_POINT('Ctrl Pts',(7.82822746514183,8.1731726727039,5.5));
#4714=CARTESIAN_POINT('Ctrl Pts',(7.85929889303126,7.75152195848677,0.));
#4715=CARTESIAN_POINT('Ctrl Pts',(7.85929889303126,7.75152195848677,5.5));
#4716=CARTESIAN_POINT('Ctrl Pts',(7.87509213873357,7.53720180062703,0.));
#4717=CARTESIAN_POINT('Ctrl Pts',(7.87509213873357,7.53720180062703,5.5));
#4718=CARTESIAN_POINT('',(7.87509213873357,7.53720180062703,0.));
#4719=CARTESIAN_POINT('Ctrl Pts',(7.87509213873357,7.53720180062703,0.));
#4720=CARTESIAN_POINT('Ctrl Pts',(7.87509213873357,7.53720180062703,5.5));
#4721=CARTESIAN_POINT('Ctrl Pts',(7.85086027773797,7.27459110338381,0.));
#4722=CARTESIAN_POINT('Ctrl Pts',(7.85086027773797,7.27459110338381,5.5));
#4723=CARTESIAN_POINT('Ctrl Pts',(7.80421041585337,6.76902726088571,0.));
#4724=CARTESIAN_POINT('Ctrl Pts',(7.80421041585337,6.76902726088571,5.5));
#4725=CARTESIAN_POINT('Ctrl Pts',(7.42046030063032,6.43943250632832,0.));
#4726=CARTESIAN_POINT('Ctrl Pts',(7.42046030063032,6.43943250632832,5.5));
#4727=CARTESIAN_POINT('Ctrl Pts',(7.23604581199783,6.28104285195043,0.));
#4728=CARTESIAN_POINT('Ctrl Pts',(7.23604581199783,6.28104285195043,5.5));
#4729=CARTESIAN_POINT('',(7.23604581199783,6.28104285195043,0.));
#4730=CARTESIAN_POINT('Ctrl Pts',(7.23604581199783,6.28104285195043,0.));
#4731=CARTESIAN_POINT('Ctrl Pts',(7.23604581199783,6.28104285195043,5.5));
#4732=CARTESIAN_POINT('Ctrl Pts',(7.01768066458821,6.16366316254797,0.));
#4733=CARTESIAN_POINT('Ctrl Pts',(7.01768066458821,6.16366316254797,5.5));
#4734=CARTESIAN_POINT('Ctrl Pts',(6.57554400513305,5.92599765421969,0.));
#4735=CARTESIAN_POINT('Ctrl Pts',(6.57554400513305,5.92599765421969,5.5));
#4736=CARTESIAN_POINT('Ctrl Pts',(6.07413487068156,5.89855587710764,0.));
#4737=CARTESIAN_POINT('Ctrl Pts',(6.07413487068156,5.89855587710764,5.5));
#4738=CARTESIAN_POINT('Ctrl Pts',(5.82036473475138,5.88466721208459,0.));
#4739=CARTESIAN_POINT('Ctrl Pts',(5.82036473475138,5.88466721208459,5.5));
#4740=CARTESIAN_POINT('',(5.82036473475138,5.88466721208459,0.));
#4741=CARTESIAN_POINT('Ctrl Pts',(5.82036473475138,5.88466721208459,0.));
#4742=CARTESIAN_POINT('Ctrl Pts',(5.82036473475138,5.88466721208459,5.5));
#4743=CARTESIAN_POINT('Ctrl Pts',(5.79136073859906,5.88573311155709,0.));
#4744=CARTESIAN_POINT('Ctrl Pts',(5.79136073859906,5.88573311155709,5.5));
#4745=CARTESIAN_POINT('Ctrl Pts',(5.72526227885586,5.88816223590957,0.));
#4746=CARTESIAN_POINT('Ctrl Pts',(5.72526227885586,5.88816223590957,5.5));
#4747=CARTESIAN_POINT('Ctrl Pts',(5.65955518846772,5.89581769033622,0.));
#4748=CARTESIAN_POINT('Ctrl Pts',(5.65955518846772,5.89581769033622,5.5));
#4749=CARTESIAN_POINT('Ctrl Pts',(5.62268036140617,5.90011393228504,0.));
#4750=CARTESIAN_POINT('Ctrl Pts',(5.62268036140617,5.90011393228504,5.5));
#4751=CARTESIAN_POINT('',(5.62268036140617,5.90011393228504,0.));
#4752=CARTESIAN_POINT('Origin',(5.62268036140617,5.90011393228504,0.));
#4753=CARTESIAN_POINT('',(5.47642623307988,4.82364136590116,0.));
#4754=CARTESIAN_POINT('Ctrl Pts',(5.47642623307988,4.82364136590116,0.));
#4755=CARTESIAN_POINT('Ctrl Pts',(5.47642623307988,4.82364136590116,5.5));
#4756=CARTESIAN_POINT('Ctrl Pts',(5.6345424539278,4.86184338232545,0.));
#4757=CARTESIAN_POINT('Ctrl Pts',(5.6345424539278,4.86184338232545,5.5));
#4758=CARTESIAN_POINT('Ctrl Pts',(5.92002074060666,4.93081699008056,0.));
#4759=CARTESIAN_POINT('Ctrl Pts',(5.92002074060666,4.93081699008056,5.5));
#4760=CARTESIAN_POINT('Ctrl Pts',(6.2131585717838,4.94557371639243,0.));
#4761=CARTESIAN_POINT('Ctrl Pts',(6.2131585717838,4.94557371639243,5.5));
#4762=CARTESIAN_POINT('Ctrl Pts',(6.34393783414473,4.95215721936158,0.));
#4763=CARTESIAN_POINT('Ctrl Pts',(6.34393783414473,4.95215721936158,5.5));
#4764=CARTESIAN_POINT('',(6.34393783414473,4.95215721936158,0.));
#4765=CARTESIAN_POINT('Ctrl Pts',(6.34393783414473,4.95215721936158,0.));
#4766=CARTESIAN_POINT('Ctrl Pts',(6.34393783414473,4.95215721936158,5.5));
#4767=CARTESIAN_POINT('Ctrl Pts',(6.61298326368262,4.92923084826685,0.));
#4768=CARTESIAN_POINT('Ctrl Pts',(6.61298326368262,4.92923084826685,5.5));
#4769=CARTESIAN_POINT('Ctrl Pts',(7.13777748287244,4.88451116267999,0.));
#4770=CARTESIAN_POINT('Ctrl Pts',(7.13777748287244,4.88451116267999,5.5));
#4771=CARTESIAN_POINT('Ctrl Pts',(7.54540397484353,4.55219359889807,0.));
#4772=CARTESIAN_POINT('Ctrl Pts',(7.54540397484353,4.55219359889807,5.5));
#4773=CARTESIAN_POINT('Ctrl Pts',(7.74405323228507,4.3902447595063,0.));
#4774=CARTESIAN_POINT('Ctrl Pts',(7.74405323228507,4.3902447595063,5.5));
#4775=CARTESIAN_POINT('',(7.74405323228507,4.3902447595063,0.));
#4776=CARTESIAN_POINT('Ctrl Pts',(7.74405323228507,4.3902447595063,0.));
#4777=CARTESIAN_POINT('Ctrl Pts',(7.74405323228507,4.3902447595063,5.5));
#4778=CARTESIAN_POINT('Ctrl Pts',(7.90336374056423,4.19025511266379,0.));
#4779=CARTESIAN_POINT('Ctrl Pts',(7.90336374056423,4.19025511266379,5.5));
#4780=CARTESIAN_POINT('Ctrl Pts',(8.22952929189874,3.78080482512043,0.));
#4781=CARTESIAN_POINT('Ctrl Pts',(8.22952929189874,3.78080482512043,5.5));
#4782=CARTESIAN_POINT('Ctrl Pts',(8.26544997670949,3.25784010792968,0.));
#4783=CARTESIAN_POINT('Ctrl Pts',(8.26544997670949,3.25784010792968,5.5));
#4784=CARTESIAN_POINT('Ctrl Pts',(8.28382575976246,2.990309401372,0.));
#4785=CARTESIAN_POINT('Ctrl Pts',(8.28382575976246,2.990309401372,5.5));
#4786=CARTESIAN_POINT('',(8.28382575976246,2.990309401372,0.));
#4787=CARTESIAN_POINT('Ctrl Pts',(8.28382575976246,2.990309401372,0.));
#4788=CARTESIAN_POINT('Ctrl Pts',(8.28382575976246,2.990309401372,5.5));
#4789=CARTESIAN_POINT('Ctrl Pts',(8.2577039891559,2.70822692552749,0.));
#4790=CARTESIAN_POINT('Ctrl Pts',(8.2577039891559,2.70822692552749,5.5));
#4791=CARTESIAN_POINT('Ctrl Pts',(8.20613271317128,2.15132159811632,0.));
#4792=CARTESIAN_POINT('Ctrl Pts',(8.20613271317128,2.15132159811632,5.5));
#4793=CARTESIAN_POINT('Ctrl Pts',(7.84944080909209,1.72108937194887,0.));
#4794=CARTESIAN_POINT('Ctrl Pts',(7.84944080909209,1.72108937194887,5.5));
#4795=CARTESIAN_POINT('Ctrl Pts',(7.67341971289343,1.50877743774482,0.));
#4796=CARTESIAN_POINT('Ctrl Pts',(7.67341971289343,1.50877743774482,5.5));
#4797=CARTESIAN_POINT('',(7.67341971289343,1.50877743774482,0.));
#4798=CARTESIAN_POINT('Ctrl Pts',(7.67341971289343,1.50877743774482,0.));
#4799=CARTESIAN_POINT('Ctrl Pts',(7.67341971289343,1.50877743774482,5.5));
#4800=CARTESIAN_POINT('Ctrl Pts',(7.46072329212851,1.33563406191704,0.));
#4801=CARTESIAN_POINT('Ctrl Pts',(7.46072329212851,1.33563406191704,5.5));
#4802=CARTESIAN_POINT('Ctrl Pts',(7.03254806091132,0.987082334002818,0.));
#4803=CARTESIAN_POINT('Ctrl Pts',(7.03254806091132,0.987082334002818,5.5));
#4804=CARTESIAN_POINT('Ctrl Pts',(6.48193453849802,0.943708475128282,0.));
#4805=CARTESIAN_POINT('Ctrl Pts',(6.48193453849802,0.943708475128282,5.5));
#4806=CARTESIAN_POINT('Ctrl Pts',(6.20483876513609,0.921880618602247,0.));
#4807=CARTESIAN_POINT('Ctrl Pts',(6.20483876513609,0.921880618602247,5.5));
#4808=CARTESIAN_POINT('',(6.20483876513609,0.921880618602247,0.));
#4809=CARTESIAN_POINT('Ctrl Pts',(6.20483876513609,0.921880618602247,0.));
#4810=CARTESIAN_POINT('Ctrl Pts',(6.20483876513609,0.921880618602247,5.5));
#4811=CARTESIAN_POINT('Ctrl Pts',(5.97247462413426,0.941826781571096,0.));
#4812=CARTESIAN_POINT('Ctrl Pts',(5.97247462413426,0.941826781571096,5.5));
#4813=CARTESIAN_POINT('Ctrl Pts',(5.51563144544058,0.981042249388739,0.));
#4814=CARTESIAN_POINT('Ctrl Pts',(5.51563144544058,0.981042249388739,5.5));
#4815=CARTESIAN_POINT('Ctrl Pts',(5.15046192001462,1.25766858442503,0.));
#4816=CARTESIAN_POINT('Ctrl Pts',(5.15046192001462,1.25766858442503,5.5));
#4817=CARTESIAN_POINT('Ctrl Pts',(4.97102856632767,1.39359446968556,0.));
#4818=CARTESIAN_POINT('Ctrl Pts',(4.97102856632767,1.39359446968556,5.5));
#4819=CARTESIAN_POINT('',(4.97102856632767,1.39359446968556,0.));
#4820=CARTESIAN_POINT('Ctrl Pts',(4.97102856632767,1.39359446968556,0.));
#4821=CARTESIAN_POINT('Ctrl Pts',(4.97102856632767,1.39359446968556,5.5));
#4822=CARTESIAN_POINT('Ctrl Pts',(4.81282915738605,1.58945112346155,0.));
#4823=CARTESIAN_POINT('Ctrl Pts',(4.81282915738605,1.58945112346155,5.5));
#4824=CARTESIAN_POINT('Ctrl Pts',(4.45471204247278,2.03281320841542,0.));
#4825=CARTESIAN_POINT('Ctrl Pts',(4.45471204247278,2.03281320841542,5.5));
#4826=CARTESIAN_POINT('Ctrl Pts',(4.33305310956074,2.59201723641576,0.));
#4827=CARTESIAN_POINT('Ctrl Pts',(4.33305310956074,2.59201723641576,5.5));
#4828=CARTESIAN_POINT('Ctrl Pts',(4.26513740889778,2.90419105272444,0.));
#4829=CARTESIAN_POINT('Ctrl Pts',(4.26513740889778,2.90419105272444,5.5));
#4830=CARTESIAN_POINT('',(4.26513740889778,2.90419105272444,0.));
#4831=CARTESIAN_POINT('Origin',(4.26513740889778,2.90419105272444,0.));
#4832=CARTESIAN_POINT('',(3.03586395042077,2.75169046554999,0.));
#4833=CARTESIAN_POINT('Ctrl Pts',(3.03586395042077,2.75169046554999,0.));
#4834=CARTESIAN_POINT('Ctrl Pts',(3.03586395042077,2.75169046554999,5.5));
#4835=CARTESIAN_POINT('Ctrl Pts',(3.1014786432229,2.35689624351523,0.));
#4836=CARTESIAN_POINT('Ctrl Pts',(3.1014786432229,2.35689624351523,5.5));
#4837=CARTESIAN_POINT('Ctrl Pts',(3.23026310110541,1.58201857986114,0.));
#4838=CARTESIAN_POINT('Ctrl Pts',(3.23026310110541,1.58201857986114,5.5));
#4839=CARTESIAN_POINT('Ctrl Pts',(3.75324483319197,0.996954834783932,0.));
#4840=CARTESIAN_POINT('Ctrl Pts',(3.75324483319197,0.996954834783932,5.5));
#4841=CARTESIAN_POINT('Ctrl Pts',(4.00977138694256,0.709976577149052,0.));
#4842=CARTESIAN_POINT('Ctrl Pts',(4.00977138694256,0.709976577149052,5.5));
#4843=CARTESIAN_POINT('',(4.00977138694256,0.709976577149052,0.));
#4844=CARTESIAN_POINT('Ctrl Pts',(4.00977138694256,0.709976577149052,0.));
#4845=CARTESIAN_POINT('Ctrl Pts',(4.00977138694256,0.709976577149052,5.5));
#4846=CARTESIAN_POINT('Ctrl Pts',(4.32287576873232,0.478378748403658,0.));
#4847=CARTESIAN_POINT('Ctrl Pts',(4.32287576873232,0.478378748403658,5.5));
#4848=CARTESIAN_POINT('Ctrl Pts',(4.96999428590566,-0.000283487690262429,
0.));
#4849=CARTESIAN_POINT('Ctrl Pts',(4.96999428590566,-0.000283487690262429,
5.5));
#4850=CARTESIAN_POINT('Ctrl Pts',(5.77383598722493,-0.0623500483841433,
0.));
#4851=CARTESIAN_POINT('Ctrl Pts',(5.77383598722493,-0.0623500483841433,
5.5));
#4852=CARTESIAN_POINT('Ctrl Pts',(6.18874374171823,-0.0943860789662287,
0.));
#4853=CARTESIAN_POINT('Ctrl Pts',(6.18874374171823,-0.0943860789662287,
5.5));
#4854=CARTESIAN_POINT('',(6.18874374171823,-0.0943860789662287,0.));
#4855=CARTESIAN_POINT('Ctrl Pts',(6.18874374171823,-0.0943860789662287,
0.));
#4856=CARTESIAN_POINT('Ctrl Pts',(6.18874374171823,-0.0943860789662287,
5.5));
#4857=CARTESIAN_POINT('Ctrl Pts',(6.64981213117034,-0.0651032325409484,
0.));
#4858=CARTESIAN_POINT('Ctrl Pts',(6.64981213117034,-0.0651032325409484,
5.5));
#4859=CARTESIAN_POINT('Ctrl Pts',(7.54671978018118,-0.0081398632350238,
0.));
#4860=CARTESIAN_POINT('Ctrl Pts',(7.54671978018118,-0.0081398632350238,
5.5));
#4861=CARTESIAN_POINT('Ctrl Pts',(8.26341753094728,0.531805278831918,0.));
#4862=CARTESIAN_POINT('Ctrl Pts',(8.26341753094728,0.531805278831918,5.5));
#4863=CARTESIAN_POINT('Ctrl Pts',(8.61168640496769,0.794183787009797,0.));
#4864=CARTESIAN_POINT('Ctrl Pts',(8.61168640496769,0.794183787009797,5.5));
#4865=CARTESIAN_POINT('',(8.61168640496769,0.794183787009797,0.));
#4866=CARTESIAN_POINT('Ctrl Pts',(8.61168640496769,0.794183787009797,0.));
#4867=CARTESIAN_POINT('Ctrl Pts',(8.61168640496769,0.794183787009797,5.5));
#4868=CARTESIAN_POINT('Ctrl Pts',(8.89312725243919,1.11133709293726,0.));
#4869=CARTESIAN_POINT('Ctrl Pts',(8.89312725243919,1.11133709293726,5.5));
#4870=CARTESIAN_POINT('Ctrl Pts',(9.45481504494103,1.74429830624906,0.));
#4871=CARTESIAN_POINT('Ctrl Pts',(9.45481504494103,1.74429830624906,5.5));
#4872=CARTESIAN_POINT('Ctrl Pts',(9.54292413396298,2.58583269939548,0.));
#4873=CARTESIAN_POINT('Ctrl Pts',(9.54292413396298,2.58583269939548,5.5));
#4874=CARTESIAN_POINT('Ctrl Pts',(9.58688503779146,3.00570552904485,0.));
#4875=CARTESIAN_POINT('Ctrl Pts',(9.58688503779146,3.00570552904485,5.5));
#4876=CARTESIAN_POINT('',(9.58688503779146,3.00570552904485,0.));
#4877=CARTESIAN_POINT('Ctrl Pts',(9.58688503779146,3.00570552904485,0.));
#4878=CARTESIAN_POINT('Ctrl Pts',(9.58688503779146,3.00570552904485,5.5));
#4879=CARTESIAN_POINT('Ctrl Pts',(9.57343186855874,3.30945321577444,0.));
#4880=CARTESIAN_POINT('Ctrl Pts',(9.57343186855874,3.30945321577444,5.5));
#4881=CARTESIAN_POINT('Ctrl Pts',(9.54776139270898,3.88904509644792,0.));
#4882=CARTESIAN_POINT('Ctrl Pts',(9.54776139270898,3.88904509644792,5.5));
#4883=CARTESIAN_POINT('Ctrl Pts',(9.25149487537382,4.38656768916022,0.));
#4884=CARTESIAN_POINT('Ctrl Pts',(9.25149487537382,4.38656768916022,5.5));
#4885=CARTESIAN_POINT('Ctrl Pts',(9.11049324751816,4.62335278421043,0.));
#4886=CARTESIAN_POINT('Ctrl Pts',(9.11049324751816,4.62335278421043,5.5));
#4887=CARTESIAN_POINT('',(9.11049324751816,4.62335278421043,0.));
#4888=CARTESIAN_POINT('Ctrl Pts',(9.11049324751816,4.62335278421043,0.));
#4889=CARTESIAN_POINT('Ctrl Pts',(9.11049324751816,4.62335278421043,5.5));
#4890=CARTESIAN_POINT('Ctrl Pts',(8.92767780214488,4.82254648533944,0.));
#4891=CARTESIAN_POINT('Ctrl Pts',(8.92767780214488,4.82254648533944,5.5));
#4892=CARTESIAN_POINT('Ctrl Pts',(8.55007522906444,5.23397810116463,0.));
#4893=CARTESIAN_POINT('Ctrl Pts',(8.55007522906444,5.23397810116463,5.5));
#4894=CARTESIAN_POINT('Ctrl Pts',(8.01593693786463,5.39966793131738,0.));
#4895=CARTESIAN_POINT('Ctrl Pts',(8.01593693786463,5.39966793131738,5.5));
#4896=CARTESIAN_POINT('Ctrl Pts',(7.7404005115833,5.48513939895716,0.));
#4897=CARTESIAN_POINT('Ctrl Pts',(7.7404005115833,5.48513939895716,5.5));
#4898=CARTESIAN_POINT('',(7.7404005115833,5.48513939895716,0.));
#4899=CARTESIAN_POINT('Ctrl Pts',(7.7404005115833,5.48513939895716,0.));
#4900=CARTESIAN_POINT('Ctrl Pts',(7.7404005115833,5.48513939895716,5.5));
#4901=CARTESIAN_POINT('Ctrl Pts',(7.95199483851917,5.5926736534649,0.));
#4902=CARTESIAN_POINT('Ctrl Pts',(7.95199483851917,5.5926736534649,5.5));
#4903=CARTESIAN_POINT('Ctrl Pts',(8.35733425892925,5.79867101184214,0.));
#4904=CARTESIAN_POINT('Ctrl Pts',(8.35733425892925,5.79867101184214,5.5));
#4905=CARTESIAN_POINT('Ctrl Pts',(8.64201612058146,6.15244629479263,0.));
#4906=CARTESIAN_POINT('Ctrl Pts',(8.64201612058146,6.15244629479263,5.5));
#4907=CARTESIAN_POINT('Ctrl Pts',(8.77808902915871,6.32154464006278,0.));
#4908=CARTESIAN_POINT('Ctrl Pts',(8.77808902915871,6.32154464006278,5.5));
#4909=CARTESIAN_POINT('',(8.77808902915871,6.32154464006278,0.));
#4910=CARTESIAN_POINT('Ctrl Pts',(8.77808902915871,6.32154464006278,0.));
#4911=CARTESIAN_POINT('Ctrl Pts',(8.77808902915871,6.32154464006278,5.5));
#4912=CARTESIAN_POINT('Ctrl Pts',(8.88121791071182,6.50334310564974,0.));
#4913=CARTESIAN_POINT('Ctrl Pts',(8.88121791071182,6.50334310564974,5.5));
#4914=CARTESIAN_POINT('Ctrl Pts',(9.0885356205914,6.868808540526,0.));
#4915=CARTESIAN_POINT('Ctrl Pts',(9.0885356205914,6.868808540526,5.5));
#4916=CARTESIAN_POINT('Ctrl Pts',(9.12060898977645,7.28782422121007,0.));
#4917=CARTESIAN_POINT('Ctrl Pts',(9.12060898977645,7.28782422121007,5.5));
#4918=CARTESIAN_POINT('Ctrl Pts',(9.13672766462488,7.498403205737,0.));
#4919=CARTESIAN_POINT('Ctrl Pts',(9.13672766462488,7.498403205737,5.5));
#4920=CARTESIAN_POINT('',(9.13672766462488,7.498403205737,0.));
#4921=CARTESIAN_POINT('Ctrl Pts',(9.13672766462488,7.498403205737,0.));
#4922=CARTESIAN_POINT('Ctrl Pts',(9.13672766462488,7.498403205737,5.5));
#4923=CARTESIAN_POINT('Ctrl Pts',(9.12298103677205,7.72377479137804,0.));
#4924=CARTESIAN_POINT('Ctrl Pts',(9.12298103677205,7.72377479137804,5.5));
#4925=CARTESIAN_POINT('Ctrl Pts',(9.09521122913548,8.17905194349151,0.));
#4926=CARTESIAN_POINT('Ctrl Pts',(9.09521122913548,8.17905194349151,5.5));
#4927=CARTESIAN_POINT('Ctrl Pts',(8.88813644615621,8.58560217247379,0.));
#4928=CARTESIAN_POINT('Ctrl Pts',(8.88813644615621,8.58560217247379,5.5));
#4929=CARTESIAN_POINT('Ctrl Pts',(8.7835679540586,8.79090164832004,0.));
#4930=CARTESIAN_POINT('Ctrl Pts',(8.7835679540586,8.79090164832004,5.5));
#4931=CARTESIAN_POINT('',(8.7835679540586,8.79090164832004,0.));
#4932=CARTESIAN_POINT('Ctrl Pts',(8.7835679540586,8.79090164832004,0.));
#4933=CARTESIAN_POINT('Ctrl Pts',(8.7835679540586,8.79090164832004,5.5));
#4934=CARTESIAN_POINT('Ctrl Pts',(8.64762453047723,8.98514514161341,0.));
#4935=CARTESIAN_POINT('Ctrl Pts',(8.64762453047723,8.98514514161341,5.5));
#4936=CARTESIAN_POINT('Ctrl Pts',(8.36926379685561,9.38288237575043,0.));
#4937=CARTESIAN_POINT('Ctrl Pts',(8.36926379685561,9.38288237575043,5.5));
#4938=CARTESIAN_POINT('Ctrl Pts',(7.9519685906141,9.63161132291921,0.));
#4939=CARTESIAN_POINT('Ctrl Pts',(7.9519685906141,9.63161132291921,5.5));
#4940=CARTESIAN_POINT('Ctrl Pts',(7.73846843205225,9.75886816379632,0.));
#4941=CARTESIAN_POINT('Ctrl Pts',(7.73846843205225,9.75886816379632,5.5));
#4942=CARTESIAN_POINT('',(7.73846843205225,9.75886816379632,0.));
#4943=CARTESIAN_POINT('Ctrl Pts',(7.73846843205225,9.75886816379632,0.));
#4944=CARTESIAN_POINT('Ctrl Pts',(7.73846843205225,9.75886816379632,5.5));
#4945=CARTESIAN_POINT('Ctrl Pts',(7.50239991040654,9.8634815492,0.));
#4946=CARTESIAN_POINT('Ctrl Pts',(7.50239991040654,9.8634815492,5.5));
#4947=CARTESIAN_POINT('Ctrl Pts',(7.02316743398976,10.0758526497764,0.));
#4948=CARTESIAN_POINT('Ctrl Pts',(7.02316743398976,10.0758526497764,5.5));
#4949=CARTESIAN_POINT('Ctrl Pts',(6.49979426188935,10.1077300817458,0.));
#4950=CARTESIAN_POINT('Ctrl Pts',(6.49979426188935,10.1077300817458,5.5));
#4951=CARTESIAN_POINT('Ctrl Pts',(6.2342331895251,10.1239047836016,0.));
#4952=CARTESIAN_POINT('Ctrl Pts',(6.2342331895251,10.1239047836016,5.5));
#4953=CARTESIAN_POINT('',(6.2342331895251,10.1239047836016,0.));
#4954=CARTESIAN_POINT('Ctrl Pts',(6.2342331895251,10.1239047836016,0.));
#4955=CARTESIAN_POINT('Ctrl Pts',(6.2342331895251,10.1239047836016,5.5));
#4956=CARTESIAN_POINT('Ctrl Pts',(5.85950488945685,10.1031176015765,0.));
#4957=CARTESIAN_POINT('Ctrl Pts',(5.85950488945685,10.1031176015765,5.5));
#4958=CARTESIAN_POINT('Ctrl Pts',(5.13483332821635,10.0629181299882,0.));
#4959=CARTESIAN_POINT('Ctrl Pts',(5.13483332821635,10.0629181299882,5.5));
#4960=CARTESIAN_POINT('Ctrl Pts',(4.53350876241354,9.65858100923481,0.));
#4961=CARTESIAN_POINT('Ctrl Pts',(4.53350876241354,9.65858100923481,5.5));
#4962=CARTESIAN_POINT('Ctrl Pts',(4.24312965712644,9.46332696834599,0.));
#4963=CARTESIAN_POINT('Ctrl Pts',(4.24312965712644,9.46332696834599,5.5));
#4964=CARTESIAN_POINT('',(4.24312965712644,9.46332696834599,0.));
#4965=CARTESIAN_POINT('Ctrl Pts',(4.24312965712644,9.46332696834599,0.));
#4966=CARTESIAN_POINT('Ctrl Pts',(4.24312965712644,9.46332696834599,5.5));
#4967=CARTESIAN_POINT('Ctrl Pts',(3.99706234793538,9.20688309257238,0.));
#4968=CARTESIAN_POINT('Ctrl Pts',(3.99706234793538,9.20688309257238,5.5));
#4969=CARTESIAN_POINT('Ctrl Pts',(3.47948155491974,8.66747611070529,0.));
#4970=CARTESIAN_POINT('Ctrl Pts',(3.47948155491974,8.66747611070529,5.5));
#4971=CARTESIAN_POINT('Ctrl Pts',(3.2978184968586,7.9406520938799,0.));
#4972=CARTESIAN_POINT('Ctrl Pts',(3.2978184968586,7.9406520938799,5.5));
#4973=CARTESIAN_POINT('Ctrl Pts',(3.20252135592525,7.55937341507531,0.));
#4974=CARTESIAN_POINT('Ctrl Pts',(3.20252135592525,7.55937341507531,5.5));
#4975=CARTESIAN_POINT('',(3.20252135592525,7.55937341507531,0.));
#4976=CARTESIAN_POINT('Origin',(3.20252135592525,7.55937341507531,0.));
#4977=CARTESIAN_POINT('',(4.42830948829395,7.32989803953521,0.));
#4978=CARTESIAN_POINT('Ctrl Pts',(4.42830948829395,7.32989803953521,0.));
#4979=CARTESIAN_POINT('Ctrl Pts',(4.42830948829395,7.32989803953521,5.5));
#4980=CARTESIAN_POINT('Ctrl Pts',(4.48236493113769,7.60258980053974,0.));
#4981=CARTESIAN_POINT('Ctrl Pts',(4.48236493113769,7.60258980053974,5.5));
#4982=CARTESIAN_POINT('Ctrl Pts',(4.58172475326948,8.10382711254437,0.));
#4983=CARTESIAN_POINT('Ctrl Pts',(4.58172475326948,8.10382711254437,5.5));
#4984=CARTESIAN_POINT('Ctrl Pts',(4.90645705798128,8.49602593351041,0.));
#4985=CARTESIAN_POINT('Ctrl Pts',(4.90645705798128,8.49602593351041,5.5));
#4986=CARTESIAN_POINT('Ctrl Pts',(5.05452289771511,8.67485399258045,0.));
#4987=CARTESIAN_POINT('Ctrl Pts',(5.05452289771511,8.67485399258045,5.5));
#4988=CARTESIAN_POINT('Origin',(12.8740580157779,1.42039373222453,0.));
#4989=CARTESIAN_POINT('',(11.4757531146736,1.43315306115431,0.));
#4990=CARTESIAN_POINT('',(12.8740580157779,1.42039373222453,0.));
#4991=CARTESIAN_POINT('Origin',(11.4757531146736,1.43315306115431,0.));
#4992=CARTESIAN_POINT('',(11.4629937857438,0.0348481600500183,0.));
#4993=CARTESIAN_POINT('Origin',(11.4629937857438,0.0348481600500184,0.));
#4994=CARTESIAN_POINT('',(12.8612986868481,0.0220888311202402,0.));
#4995=CARTESIAN_POINT('Origin',(12.8612986868481,0.0220888311202402,0.));
#4996=CARTESIAN_POINT('Ctrl Pts',(21.0175707234754,7.24332950229356,0.));
#4997=CARTESIAN_POINT('Ctrl Pts',(21.0175707234754,7.24332950229356,5.5));
#4998=CARTESIAN_POINT('Ctrl Pts',(20.9419787044347,7.51875008312992,0.));
#4999=CARTESIAN_POINT('Ctrl Pts',(20.9419787044347,7.51875008312992,5.5));
#5000=CARTESIAN_POINT('Ctrl Pts',(20.7987348236778,8.04066117030604,0.));
#5001=CARTESIAN_POINT('Ctrl Pts',(20.7987348236778,8.04066117030604,5.5));
#5002=CARTESIAN_POINT('Ctrl Pts',(20.5349903585836,8.51292700283284,0.));
#5003=CARTESIAN_POINT('Ctrl Pts',(20.5349903585836,8.51292700283284,5.5));
#5004=CARTESIAN_POINT('Ctrl Pts',(20.4104279410708,8.73597082590306,0.));
#5005=CARTESIAN_POINT('Ctrl Pts',(20.4104279410708,8.73597082590306,5.5));
#5006=CARTESIAN_POINT('',(20.4104279410708,8.73597082590306,0.));
#5007=CARTESIAN_POINT('',(21.0175707234754,7.24332950229356,0.));
#5008=CARTESIAN_POINT('Ctrl Pts',(20.4104279410708,8.73597082590306,0.));
#5009=CARTESIAN_POINT('Ctrl Pts',(20.4104279410708,8.73597082590306,5.5));
#5010=CARTESIAN_POINT('Ctrl Pts',(20.273000545967,8.92798141683548,0.));
#5011=CARTESIAN_POINT('Ctrl Pts',(20.273000545967,8.92798141683548,5.5));
#5012=CARTESIAN_POINT('Ctrl Pts',(20.0020951795863,9.30648454895274,0.));
#5013=CARTESIAN_POINT('Ctrl Pts',(20.0020951795863,9.30648454895274,5.5));
#5014=CARTESIAN_POINT('Ctrl Pts',(19.6096363677417,9.55644118272878,0.));
#5015=CARTESIAN_POINT('Ctrl Pts',(19.6096363677417,9.55644118272878,5.5));
#5016=CARTESIAN_POINT('Ctrl Pts',(19.4162677139028,9.67959748941017,0.));
#5017=CARTESIAN_POINT('Ctrl Pts',(19.4162677139028,9.67959748941017,5.5));
#5018=CARTESIAN_POINT('',(19.4162677139028,9.67959748941017,0.));
#5019=CARTESIAN_POINT('Ctrl Pts',(19.4162677139028,9.67959748941017,0.));
#5020=CARTESIAN_POINT('Ctrl Pts',(19.4162677139028,9.67959748941017,5.5));
#5021=CARTESIAN_POINT('Ctrl Pts',(19.201449158199,9.77602103290852,0.));
#5022=CARTESIAN_POINT('Ctrl Pts',(19.201449158199,9.77602103290852,5.5));
#5023=CARTESIAN_POINT('Ctrl Pts',(18.7534902858929,9.97709203288695,0.));
#5024=CARTESIAN_POINT('Ctrl Pts',(18.7534902858929,9.97709203288695,5.5));
#5025=CARTESIAN_POINT('Ctrl Pts',(18.2627061988044,10.0029958285361,0.));
#5026=CARTESIAN_POINT('Ctrl Pts',(18.2627061988044,10.0029958285361,5.5));
#5027=CARTESIAN_POINT('Ctrl Pts',(18.0072774875521,10.0164774660081,0.));
#5028=CARTESIAN_POINT('Ctrl Pts',(18.0072774875521,10.0164774660081,5.5));
#5029=CARTESIAN_POINT('',(18.0072774875521,10.0164774660081,0.));
#5030=CARTESIAN_POINT('Ctrl Pts',(18.0072774875521,10.0164774660081,0.));
#5031=CARTESIAN_POINT('Ctrl Pts',(18.0072774875521,10.0164774660081,5.5));
#5032=CARTESIAN_POINT('Ctrl Pts',(17.6646295263004,9.99976314523142,0.));
#5033=CARTESIAN_POINT('Ctrl Pts',(17.6646295263004,9.99976314523142,5.5));
#5034=CARTESIAN_POINT('Ctrl Pts',(17.0082374565373,9.96774442966912,0.));
#5035=CARTESIAN_POINT('Ctrl Pts',(17.0082374565373,9.96774442966912,5.5));
#5036=CARTESIAN_POINT('Ctrl Pts',(16.4552621140933,9.61500204887316,0.));
#5037=CARTESIAN_POINT('Ctrl Pts',(16.4552621140933,9.61500204887316,5.5));
#5038=CARTESIAN_POINT('Ctrl Pts',(16.1909494207567,9.44639726387484,0.));
#5039=CARTESIAN_POINT('Ctrl Pts',(16.1909494207567,9.44639726387484,5.5));
#5040=CARTESIAN_POINT('',(16.1909494207567,9.44639726387484,0.));
#5041=CARTESIAN_POINT('Ctrl Pts',(16.1909494207567,9.44639726387484,0.));
#5042=CARTESIAN_POINT('Ctrl Pts',(16.1909494207567,9.44639726387484,5.5));
#5043=CARTESIAN_POINT('Ctrl Pts',(15.9609142394463,9.22341795239939,0.));
#5044=CARTESIAN_POINT('Ctrl Pts',(15.9609142394463,9.22341795239939,5.5));
#5045=CARTESIAN_POINT('Ctrl Pts',(15.4743316152098,8.7517602785161,0.));
#5046=CARTESIAN_POINT('Ctrl Pts',(15.4743316152098,8.7517602785161,5.5));
#5047=CARTESIAN_POINT('Ctrl Pts',(15.2234620478637,8.12108091407727,0.));
#5048=CARTESIAN_POINT('Ctrl Pts',(15.2234620478637,8.12108091407727,5.5));
#5049=CARTESIAN_POINT('Ctrl Pts',(15.0911927418817,7.78855942606289,0.));
#5050=CARTESIAN_POINT('Ctrl Pts',(15.0911927418817,7.78855942606289,5.5));
#5051=CARTESIAN_POINT('',(15.0911927418817,7.78855942606289,0.));
#5052=CARTESIAN_POINT('Ctrl Pts',(15.0911927418817,7.78855942606289,0.));
#5053=CARTESIAN_POINT('Ctrl Pts',(15.0911927418817,7.78855942606289,5.5));
#5054=CARTESIAN_POINT('Ctrl Pts',(14.9812954075709,7.37349070571899,0.));
#5055=CARTESIAN_POINT('Ctrl Pts',(14.9812954075709,7.37349070571899,5.5));
#5056=CARTESIAN_POINT('Ctrl Pts',(14.7341703968062,6.44012992289055,0.));
#5057=CARTESIAN_POINT('Ctrl Pts',(14.7341703968062,6.44012992289055,5.5));
#5058=CARTESIAN_POINT('Ctrl Pts',(14.7123423183659,5.47386507401574,0.));
#5059=CARTESIAN_POINT('Ctrl Pts',(14.7123423183659,5.47386507401574,5.5));
#5060=CARTESIAN_POINT('Ctrl Pts',(14.7002212607824,4.93730149576897,0.));
#5061=CARTESIAN_POINT('Ctrl Pts',(14.7002212607824,4.93730149576897,5.5));
#5062=CARTESIAN_POINT('',(14.7002212607824,4.93730149576897,0.));
#5063=CARTESIAN_POINT('Ctrl Pts',(14.7002212607824,4.93730149576897,0.));
#5064=CARTESIAN_POINT('Ctrl Pts',(14.7002212607824,4.93730149576897,5.5));
#5065=CARTESIAN_POINT('Ctrl Pts',(14.7025200981873,4.10937427566857,0.));
#5066=CARTESIAN_POINT('Ctrl Pts',(14.7025200981873,4.10937427566857,5.5));
#5067=CARTESIAN_POINT('Ctrl Pts',(14.7065169260924,2.66991509097852,0.));
#5068=CARTESIAN_POINT('Ctrl Pts',(14.7065169260924,2.66991509097852,5.5));
#5069=CARTESIAN_POINT('Ctrl Pts',(15.3702102690516,1.40173060315655,0.));
#5070=CARTESIAN_POINT('Ctrl Pts',(15.3702102690516,1.40173060315655,5.5));
#5071=CARTESIAN_POINT('Ctrl Pts',(15.6521701177376,0.862962043722271,0.));
#5072=CARTESIAN_POINT('Ctrl Pts',(15.6521701177376,0.862962043722271,5.5));
#5073=CARTESIAN_POINT('',(15.6521701177376,0.862962043722271,0.));
#5074=CARTESIAN_POINT('Ctrl Pts',(15.6521701177376,0.862962043722271,0.));
#5075=CARTESIAN_POINT('Ctrl Pts',(15.6521701177376,0.862962043722271,5.5));
#5076=CARTESIAN_POINT('Ctrl Pts',(15.9562376553033,0.557819186953321,0.));
#5077=CARTESIAN_POINT('Ctrl Pts',(15.9562376553033,0.557819186953321,5.5));
#5078=CARTESIAN_POINT('Ctrl Pts',(16.5802179013676,-0.0683677331492749,
0.));
#5079=CARTESIAN_POINT('Ctrl Pts',(16.5802179013676,-0.0683677331492749,
5.5));
#5080=CARTESIAN_POINT('Ctrl Pts',(17.4620108263772,-0.151787690808971,0.));
#5081=CARTESIAN_POINT('Ctrl Pts',(17.4620108263772,-0.151787690808971,5.5));
#5082=CARTESIAN_POINT('Ctrl Pts',(17.9141032840375,-0.194556840579461,0.));
#5083=CARTESIAN_POINT('Ctrl Pts',(17.9141032840375,-0.194556840579461,5.5));
#5084=CARTESIAN_POINT('',(17.9141032840375,-0.194556840579461,0.));
#5085=CARTESIAN_POINT('Ctrl Pts',(17.9141032840375,-0.194556840579461,0.));
#5086=CARTESIAN_POINT('Ctrl Pts',(17.9141032840375,-0.194556840579461,5.5));
#5087=CARTESIAN_POINT('Ctrl Pts',(18.258579589253,-0.177866110077716,0.));
#5088=CARTESIAN_POINT('Ctrl Pts',(18.258579589253,-0.177866110077716,5.5));
#5089=CARTESIAN_POINT('Ctrl Pts',(18.9177863214726,-0.145925910575366,0.));
#5090=CARTESIAN_POINT('Ctrl Pts',(18.9177863214726,-0.145925910575366,5.5));
#5091=CARTESIAN_POINT('Ctrl Pts',(19.4724610780607,0.209283043211406,0.));
#5092=CARTESIAN_POINT('Ctrl Pts',(19.4724610780607,0.209283043211406,5.5));
#5093=CARTESIAN_POINT('Ctrl Pts',(19.7372839544922,0.378873340514021,0.));
#5094=CARTESIAN_POINT('Ctrl Pts',(19.7372839544922,0.378873340514021,5.5));
#5095=CARTESIAN_POINT('',(19.7372839544922,0.378873340514021,0.));
#5096=CARTESIAN_POINT('Ctrl Pts',(19.7372839544922,0.378873340514021,0.));
#5097=CARTESIAN_POINT('Ctrl Pts',(19.7372839544922,0.378873340514021,5.5));
#5098=CARTESIAN_POINT('Ctrl Pts',(19.9671168529672,0.602721325581086,0.));
#5099=CARTESIAN_POINT('Ctrl Pts',(19.9671168529672,0.602721325581086,5.5));
#5100=CARTESIAN_POINT('Ctrl Pts',(20.4528308813306,1.07578722384646,0.));
#5101=CARTESIAN_POINT('Ctrl Pts',(20.4528308813306,1.07578722384646,5.5));
#5102=CARTESIAN_POINT('Ctrl Pts',(20.7022589964949,1.7074061900324,0.));
#5103=CARTESIAN_POINT('Ctrl Pts',(20.7022589964949,1.7074061900324,5.5));
#5104=CARTESIAN_POINT('Ctrl Pts',(20.8336613118639,2.04015213783063,0.));
#5105=CARTESIAN_POINT('Ctrl Pts',(20.8336613118639,2.04015213783063,5.5));
#5106=CARTESIAN_POINT('',(20.8336613118639,2.04015213783063,0.));
#5107=CARTESIAN_POINT('Ctrl Pts',(20.8336613118639,2.04015213783063,0.));
#5108=CARTESIAN_POINT('Ctrl Pts',(20.8336613118639,2.04015213783063,5.5));
#5109=CARTESIAN_POINT('Ctrl Pts',(20.942565642093,2.45412261000228,0.));
#5110=CARTESIAN_POINT('Ctrl Pts',(20.942565642093,2.45412261000228,5.5));
#5111=CARTESIAN_POINT('Ctrl Pts',(21.1869961645343,3.38325939065493,0.));
#5112=CARTESIAN_POINT('Ctrl Pts',(21.1869961645343,3.38325939065493,5.5));
#5113=CARTESIAN_POINT('Ctrl Pts',(21.2089326552801,4.34471420232673,0.));
#5114=CARTESIAN_POINT('Ctrl Pts',(21.2089326552801,4.34471420232673,5.5));
#5115=CARTESIAN_POINT('Ctrl Pts',(21.221095494158,4.87779946642783,0.));
#5116=CARTESIAN_POINT('Ctrl Pts',(21.221095494158,4.87779946642783,5.5));
#5117=CARTESIAN_POINT('',(21.221095494158,4.87779946642783,0.));
#5118=CARTESIAN_POINT('Ctrl Pts',(21.221095494158,4.87779946642783,0.));
#5119=CARTESIAN_POINT('Ctrl Pts',(21.221095494158,4.87779946642783,5.5));
#5120=CARTESIAN_POINT('Ctrl Pts',(21.2213773246086,5.32415750135583,0.));
#5121=CARTESIAN_POINT('Ctrl Pts',(21.2213773246086,5.32415750135583,5.5));
#5122=CARTESIAN_POINT('Ctrl Pts',(21.2218792252608,6.11905879168948,0.));
#5123=CARTESIAN_POINT('Ctrl Pts',(21.2218792252608,6.11905879168948,5.5));
#5124=CARTESIAN_POINT('Ctrl Pts',(21.0798477710022,6.9006307899762,0.));
#5125=CARTESIAN_POINT('Ctrl Pts',(21.0798477710022,6.9006307899762,5.5));
#5126=CARTESIAN_POINT('Ctrl Pts',(21.0175707234754,7.24332950229356,0.));
#5127=CARTESIAN_POINT('Ctrl Pts',(21.0175707234754,7.24332950229356,5.5));
#5128=UNCERTAINTY_MEASURE_WITH_UNIT(LENGTH_MEASURE(0.01),#5132,
'DISTANCE_ACCURACY_VALUE',
'Maximum model space distance between geometric entities at asserted c
onnectivities');
#5129=UNCERTAINTY_MEASURE_WITH_UNIT(LENGTH_MEASURE(0.01),#5132,
'DISTANCE_ACCURACY_VALUE',
'Maximum model space distance between geometric entities at asserted c
onnectivities');
#5130=(
GEOMETRIC_REPRESENTATION_CONTEXT(3)
GLOBAL_UNCERTAINTY_ASSIGNED_CONTEXT((#5128))
GLOBAL_UNIT_ASSIGNED_CONTEXT((#5132,#5134,#5135))
REPRESENTATION_CONTEXT('','3D')
);
#5131=(
GEOMETRIC_REPRESENTATION_CONTEXT(3)
GLOBAL_UNCERTAINTY_ASSIGNED_CONTEXT((#5129))
GLOBAL_UNIT_ASSIGNED_CONTEXT((#5132,#5134,#5135))
REPRESENTATION_CONTEXT('','3D')
);
#5132=(
LENGTH_UNIT()
NAMED_UNIT(*)
SI_UNIT(.MILLI.,.METRE.)
);
#5133=(
LENGTH_UNIT()
NAMED_UNIT(*)
SI_UNIT($,.METRE.)
);
#5134=(
NAMED_UNIT(*)
PLANE_ANGLE_UNIT()
SI_UNIT($,.RADIAN.)
);
#5135=(
NAMED_UNIT(*)
SI_UNIT($,.STERADIAN.)
SOLID_ANGLE_UNIT()
);
#5136=SHAPE_DEFINITION_REPRESENTATION(#5137,#5138);
#5137=PRODUCT_DEFINITION_SHAPE('',$,#5140);
#5138=SHAPE_REPRESENTATION('',(#2367),#5130);
#5139=PRODUCT_DEFINITION_CONTEXT('part definition',#5144,'design');
#5140=PRODUCT_DEFINITION('Thickness-3.0 mm','Thickness-3.0 mm v2',#5141,
#5139);
#5141=PRODUCT_DEFINITION_FORMATION('',$,#5146);
#5142=PRODUCT_RELATED_PRODUCT_CATEGORY('Thickness-3.0 mm v2',
'Thickness-3.0 mm v2',(#5146));
#5143=APPLICATION_PROTOCOL_DEFINITION('international standard',
'automotive_design',2009,#5144);
#5144=APPLICATION_CONTEXT(
'Core Data for Automotive Mechanical Design Process');
#5145=PRODUCT_CONTEXT('part definition',#5144,'mechanical');
#5146=PRODUCT('Thickness-3.0 mm','Thickness-3.0 mm v2',$,(#5145));
#5147=PRESENTATION_STYLE_ASSIGNMENT((#5148));
#5148=SURFACE_STYLE_USAGE(.BOTH.,#5149);
#5149=SURFACE_SIDE_STYLE('',(#5150));
#5150=SURFACE_STYLE_FILL_AREA(#5151);
#5151=FILL_AREA_STYLE('Acciaio - Satinato',(#5152));
#5152=FILL_AREA_STYLE_COLOUR('Acciaio - Satinato',#5153);
#5153=COLOUR_RGB('Acciaio - Satinato',0.627450980392157,0.627450980392157,
0.627450980392157);
ENDSEC;
END-ISO-10303-21;
