ISO-10303-21;
HEADER;
/* Generated by software containing ST-Developer
 * from STEP Tools, Inc. (www.steptools.com) 
 */

FILE_DESCRIPTION(
/* description */ (''),
/* implementation_level */ '2;1');

FILE_NAME(
/* name */ 'Thickness-5.0 mm.step',
/* time_stamp */ '2026-05-11T21:26:03+02:00',
/* author */ (''),
/* organization */ (''),
/* preprocessor_version */ 'ST-DEVELOPER v20.1',
/* originating_system */ 'Autodesk Translation Framework v15.8.0.0',
/* authorisation */ '');

FILE_SCHEMA (('AUTOMOTIVE_DESIGN { 1 0 10303 214 3 1 1 }'));
ENDSEC;

DATA;
#10=MECHANICAL_DESIGN_GEOMETRIC_PRESENTATION_REPRESENTATION('',(#26,#27,
#28,#29,#30),#4320);
#11=SHAPE_REPRESENTATION_RELATIONSHIP('SRR','None',#4327,#12);
#12=ADVANCED_BREP_SHAPE_REPRESENTATION('',(#31,#32,#33,#34,#35),#4319);
#13=CYLINDRICAL_SURFACE('',#2107,2.5);
#14=CIRCLE('',#2105,2.5);
#15=CIRCLE('',#2108,2.5);
#16=FACE_BOUND('',#218,.T.);
#17=FACE_BOUND('',#220,.T.);
#18=FACE_BOUND('',#257,.T.);
#19=FACE_BOUND('',#262,.T.);
#20=FACE_BOUND('',#263,.T.);
#21=FACE_BOUND('',#264,.T.);
#22=FACE_BOUND('',#265,.T.);
#23=FACE_BOUND('',#267,.T.);
#24=FACE_BOUND('',#268,.T.);
#25=FACE_BOUND('',#269,.T.);
#26=STYLED_ITEM('',(#4336),#31);
#27=STYLED_ITEM('',(#4336),#32);
#28=STYLED_ITEM('',(#4336),#33);
#29=STYLED_ITEM('',(#4336),#34);
#30=STYLED_ITEM('',(#4336),#35);
#31=MANIFOLD_SOLID_BREP('Corpo1',#2062);
#32=MANIFOLD_SOLID_BREP('Corpo4',#2063);
#33=MANIFOLD_SOLID_BREP('Corpo3',#2064);
#34=MANIFOLD_SOLID_BREP('Corpo5',#2065);
#35=MANIFOLD_SOLID_BREP('Corpo7',#2066);
#36=PLANE('',#2080);
#37=PLANE('',#2081);
#38=PLANE('',#2082);
#39=PLANE('',#2083);
#40=PLANE('',#2084);
#41=PLANE('',#2085);
#42=PLANE('',#2086);
#43=PLANE('',#2087);
#44=PLANE('',#2088);
#45=PLANE('',#2089);
#46=PLANE('',#2090);
#47=PLANE('',#2091);
#48=PLANE('',#2092);
#49=PLANE('',#2093);
#50=PLANE('',#2094);
#51=PLANE('',#2095);
#52=PLANE('',#2096);
#53=PLANE('',#2097);
#54=PLANE('',#2098);
#55=PLANE('',#2099);
#56=PLANE('',#2100);
#57=PLANE('',#2101);
#58=PLANE('',#2102);
#59=PLANE('',#2103);
#60=PLANE('',#2104);
#61=PLANE('',#2106);
#62=PLANE('',#2109);
#63=PLANE('',#2110);
#64=PLANE('',#2111);
#65=PLANE('',#2112);
#66=PLANE('',#2113);
#67=PLANE('',#2114);
#68=PLANE('',#2115);
#69=PLANE('',#2116);
#70=PLANE('',#2117);
#71=PLANE('',#2118);
#72=PLANE('',#2119);
#73=PLANE('',#2120);
#74=PLANE('',#2121);
#75=PLANE('',#2122);
#76=FACE_OUTER_BOUND('',#187,.T.);
#77=FACE_OUTER_BOUND('',#188,.T.);
#78=FACE_OUTER_BOUND('',#189,.T.);
#79=FACE_OUTER_BOUND('',#190,.T.);
#80=FACE_OUTER_BOUND('',#191,.T.);
#81=FACE_OUTER_BOUND('',#192,.T.);
#82=FACE_OUTER_BOUND('',#193,.T.);
#83=FACE_OUTER_BOUND('',#194,.T.);
#84=FACE_OUTER_BOUND('',#195,.T.);
#85=FACE_OUTER_BOUND('',#196,.T.);
#86=FACE_OUTER_BOUND('',#197,.T.);
#87=FACE_OUTER_BOUND('',#198,.T.);
#88=FACE_OUTER_BOUND('',#199,.T.);
#89=FACE_OUTER_BOUND('',#200,.T.);
#90=FACE_OUTER_BOUND('',#201,.T.);
#91=FACE_OUTER_BOUND('',#202,.T.);
#92=FACE_OUTER_BOUND('',#203,.T.);
#93=FACE_OUTER_BOUND('',#204,.T.);
#94=FACE_OUTER_BOUND('',#205,.T.);
#95=FACE_OUTER_BOUND('',#206,.T.);
#96=FACE_OUTER_BOUND('',#207,.T.);
#97=FACE_OUTER_BOUND('',#208,.T.);
#98=FACE_OUTER_BOUND('',#209,.T.);
#99=FACE_OUTER_BOUND('',#210,.T.);
#100=FACE_OUTER_BOUND('',#211,.T.);
#101=FACE_OUTER_BOUND('',#212,.T.);
#102=FACE_OUTER_BOUND('',#213,.T.);
#103=FACE_OUTER_BOUND('',#214,.T.);
#104=FACE_OUTER_BOUND('',#215,.T.);
#105=FACE_OUTER_BOUND('',#216,.T.);
#106=FACE_OUTER_BOUND('',#217,.T.);
#107=FACE_OUTER_BOUND('',#219,.T.);
#108=FACE_OUTER_BOUND('',#221,.T.);
#109=FACE_OUTER_BOUND('',#222,.T.);
#110=FACE_OUTER_BOUND('',#223,.T.);
#111=FACE_OUTER_BOUND('',#224,.T.);
#112=FACE_OUTER_BOUND('',#225,.T.);
#113=FACE_OUTER_BOUND('',#226,.T.);
#114=FACE_OUTER_BOUND('',#227,.T.);
#115=FACE_OUTER_BOUND('',#228,.T.);
#116=FACE_OUTER_BOUND('',#229,.T.);
#117=FACE_OUTER_BOUND('',#230,.T.);
#118=FACE_OUTER_BOUND('',#231,.T.);
#119=FACE_OUTER_BOUND('',#232,.T.);
#120=FACE_OUTER_BOUND('',#233,.T.);
#121=FACE_OUTER_BOUND('',#234,.T.);
#122=FACE_OUTER_BOUND('',#235,.T.);
#123=FACE_OUTER_BOUND('',#236,.T.);
#124=FACE_OUTER_BOUND('',#237,.T.);
#125=FACE_OUTER_BOUND('',#238,.T.);
#126=FACE_OUTER_BOUND('',#239,.T.);
#127=FACE_OUTER_BOUND('',#240,.T.);
#128=FACE_OUTER_BOUND('',#241,.T.);
#129=FACE_OUTER_BOUND('',#242,.T.);
#130=FACE_OUTER_BOUND('',#243,.T.);
#131=FACE_OUTER_BOUND('',#244,.T.);
#132=FACE_OUTER_BOUND('',#245,.T.);
#133=FACE_OUTER_BOUND('',#246,.T.);
#134=FACE_OUTER_BOUND('',#247,.T.);
#135=FACE_OUTER_BOUND('',#248,.T.);
#136=FACE_OUTER_BOUND('',#249,.T.);
#137=FACE_OUTER_BOUND('',#250,.T.);
#138=FACE_OUTER_BOUND('',#251,.T.);
#139=FACE_OUTER_BOUND('',#252,.T.);
#140=FACE_OUTER_BOUND('',#253,.T.);
#141=FACE_OUTER_BOUND('',#254,.T.);
#142=FACE_OUTER_BOUND('',#255,.T.);
#143=FACE_OUTER_BOUND('',#256,.T.);
#144=FACE_OUTER_BOUND('',#258,.T.);
#145=FACE_OUTER_BOUND('',#259,.T.);
#146=FACE_OUTER_BOUND('',#260,.T.);
#147=FACE_OUTER_BOUND('',#261,.T.);
#148=FACE_OUTER_BOUND('',#266,.T.);
#149=FACE_OUTER_BOUND('',#270,.T.);
#150=FACE_OUTER_BOUND('',#271,.T.);
#151=FACE_OUTER_BOUND('',#272,.T.);
#152=FACE_OUTER_BOUND('',#273,.T.);
#153=FACE_OUTER_BOUND('',#274,.T.);
#154=FACE_OUTER_BOUND('',#275,.T.);
#155=FACE_OUTER_BOUND('',#276,.T.);
#156=FACE_OUTER_BOUND('',#277,.T.);
#157=FACE_OUTER_BOUND('',#278,.T.);
#158=FACE_OUTER_BOUND('',#279,.T.);
#159=FACE_OUTER_BOUND('',#280,.T.);
#160=FACE_OUTER_BOUND('',#281,.T.);
#161=FACE_OUTER_BOUND('',#282,.T.);
#162=FACE_OUTER_BOUND('',#283,.T.);
#163=FACE_OUTER_BOUND('',#284,.T.);
#164=FACE_OUTER_BOUND('',#285,.T.);
#165=FACE_OUTER_BOUND('',#286,.T.);
#166=FACE_OUTER_BOUND('',#287,.T.);
#167=FACE_OUTER_BOUND('',#288,.T.);
#168=FACE_OUTER_BOUND('',#289,.T.);
#169=FACE_OUTER_BOUND('',#290,.T.);
#170=FACE_OUTER_BOUND('',#291,.T.);
#171=FACE_OUTER_BOUND('',#292,.T.);
#172=FACE_OUTER_BOUND('',#293,.T.);
#173=FACE_OUTER_BOUND('',#294,.T.);
#174=FACE_OUTER_BOUND('',#295,.T.);
#175=FACE_OUTER_BOUND('',#296,.T.);
#176=FACE_OUTER_BOUND('',#297,.T.);
#177=FACE_OUTER_BOUND('',#298,.T.);
#178=FACE_OUTER_BOUND('',#299,.T.);
#179=FACE_OUTER_BOUND('',#300,.T.);
#180=FACE_OUTER_BOUND('',#301,.T.);
#181=FACE_OUTER_BOUND('',#302,.T.);
#182=FACE_OUTER_BOUND('',#303,.T.);
#183=FACE_OUTER_BOUND('',#304,.T.);
#184=FACE_OUTER_BOUND('',#305,.T.);
#185=FACE_OUTER_BOUND('',#306,.T.);
#186=FACE_OUTER_BOUND('',#307,.T.);
#187=EDGE_LOOP('',(#1275,#1276,#1277,#1278));
#188=EDGE_LOOP('',(#1279,#1280,#1281,#1282));
#189=EDGE_LOOP('',(#1283,#1284,#1285,#1286));
#190=EDGE_LOOP('',(#1287,#1288,#1289,#1290));
#191=EDGE_LOOP('',(#1291,#1292,#1293,#1294));
#192=EDGE_LOOP('',(#1295,#1296,#1297,#1298));
#193=EDGE_LOOP('',(#1299,#1300,#1301,#1302));
#194=EDGE_LOOP('',(#1303,#1304,#1305,#1306));
#195=EDGE_LOOP('',(#1307,#1308,#1309,#1310,#1311,#1312,#1313,#1314));
#196=EDGE_LOOP('',(#1315,#1316,#1317,#1318,#1319,#1320,#1321,#1322));
#197=EDGE_LOOP('',(#1323,#1324,#1325,#1326));
#198=EDGE_LOOP('',(#1327,#1328,#1329,#1330));
#199=EDGE_LOOP('',(#1331,#1332,#1333,#1334));
#200=EDGE_LOOP('',(#1335,#1336,#1337,#1338));
#201=EDGE_LOOP('',(#1339,#1340,#1341,#1342));
#202=EDGE_LOOP('',(#1343,#1344,#1345,#1346));
#203=EDGE_LOOP('',(#1347,#1348,#1349,#1350));
#204=EDGE_LOOP('',(#1351,#1352,#1353,#1354));
#205=EDGE_LOOP('',(#1355,#1356,#1357,#1358));
#206=EDGE_LOOP('',(#1359,#1360,#1361,#1362));
#207=EDGE_LOOP('',(#1363,#1364,#1365,#1366));
#208=EDGE_LOOP('',(#1367,#1368,#1369,#1370));
#209=EDGE_LOOP('',(#1371,#1372,#1373,#1374));
#210=EDGE_LOOP('',(#1375,#1376,#1377,#1378));
#211=EDGE_LOOP('',(#1379,#1380,#1381,#1382));
#212=EDGE_LOOP('',(#1383,#1384,#1385,#1386));
#213=EDGE_LOOP('',(#1387,#1388,#1389,#1390));
#214=EDGE_LOOP('',(#1391,#1392,#1393,#1394));
#215=EDGE_LOOP('',(#1395,#1396,#1397,#1398));
#216=EDGE_LOOP('',(#1399,#1400,#1401,#1402));
#217=EDGE_LOOP('',(#1403,#1404,#1405,#1406,#1407,#1408,#1409,#1410,#1411,
#1412,#1413,#1414));
#218=EDGE_LOOP('',(#1415,#1416,#1417,#1418,#1419,#1420,#1421,#1422));
#219=EDGE_LOOP('',(#1423,#1424,#1425,#1426,#1427,#1428,#1429,#1430,#1431,
#1432,#1433,#1434));
#220=EDGE_LOOP('',(#1435,#1436,#1437,#1438,#1439,#1440,#1441,#1442));
#221=EDGE_LOOP('',(#1443,#1444,#1445,#1446));
#222=EDGE_LOOP('',(#1447,#1448,#1449,#1450));
#223=EDGE_LOOP('',(#1451,#1452,#1453,#1454));
#224=EDGE_LOOP('',(#1455,#1456,#1457,#1458));
#225=EDGE_LOOP('',(#1459,#1460,#1461,#1462));
#226=EDGE_LOOP('',(#1463,#1464,#1465,#1466));
#227=EDGE_LOOP('',(#1467,#1468,#1469,#1470));
#228=EDGE_LOOP('',(#1471,#1472,#1473,#1474));
#229=EDGE_LOOP('',(#1475,#1476,#1477,#1478));
#230=EDGE_LOOP('',(#1479,#1480,#1481,#1482));
#231=EDGE_LOOP('',(#1483,#1484,#1485,#1486));
#232=EDGE_LOOP('',(#1487,#1488,#1489,#1490));
#233=EDGE_LOOP('',(#1491,#1492,#1493,#1494));
#234=EDGE_LOOP('',(#1495,#1496,#1497,#1498));
#235=EDGE_LOOP('',(#1499,#1500,#1501,#1502));
#236=EDGE_LOOP('',(#1503,#1504,#1505,#1506));
#237=EDGE_LOOP('',(#1507,#1508,#1509,#1510));
#238=EDGE_LOOP('',(#1511,#1512,#1513,#1514));
#239=EDGE_LOOP('',(#1515,#1516,#1517,#1518));
#240=EDGE_LOOP('',(#1519,#1520,#1521,#1522));
#241=EDGE_LOOP('',(#1523,#1524,#1525,#1526));
#242=EDGE_LOOP('',(#1527,#1528,#1529,#1530));
#243=EDGE_LOOP('',(#1531,#1532,#1533,#1534));
#244=EDGE_LOOP('',(#1535,#1536,#1537,#1538));
#245=EDGE_LOOP('',(#1539,#1540,#1541,#1542));
#246=EDGE_LOOP('',(#1543,#1544,#1545,#1546));
#247=EDGE_LOOP('',(#1547,#1548,#1549,#1550));
#248=EDGE_LOOP('',(#1551,#1552,#1553,#1554));
#249=EDGE_LOOP('',(#1555,#1556,#1557,#1558,#1559,#1560,#1561,#1562,#1563,
#1564,#1565,#1566,#1567,#1568,#1569,#1570,#1571,#1572,#1573,#1574,#1575,
#1576));
#250=EDGE_LOOP('',(#1577,#1578,#1579,#1580,#1581,#1582,#1583,#1584,#1585,
#1586,#1587,#1588,#1589,#1590,#1591,#1592,#1593,#1594,#1595,#1596,#1597,
#1598));
#251=EDGE_LOOP('',(#1599,#1600,#1601,#1602));
#252=EDGE_LOOP('',(#1603,#1604,#1605,#1606,#1607,#1608,#1609,#1610));
#253=EDGE_LOOP('',(#1611,#1612,#1613,#1614));
#254=EDGE_LOOP('',(#1615,#1616,#1617,#1618,#1619,#1620,#1621,#1622));
#255=EDGE_LOOP('',(#1623,#1624,#1625,#1626));
#256=EDGE_LOOP('',(#1627,#1628,#1629,#1630));
#257=EDGE_LOOP('',(#1631));
#258=EDGE_LOOP('',(#1632,#1633,#1634,#1635));
#259=EDGE_LOOP('',(#1636,#1637,#1638,#1639));
#260=EDGE_LOOP('',(#1640,#1641,#1642,#1643));
#261=EDGE_LOOP('',(#1644,#1645,#1646,#1647));
#262=EDGE_LOOP('',(#1648));
#263=EDGE_LOOP('',(#1649,#1650,#1651,#1652,#1653,#1654,#1655,#1656,#1657,
#1658,#1659,#1660,#1661,#1662,#1663,#1664,#1665,#1666,#1667,#1668,#1669,
#1670));
#264=EDGE_LOOP('',(#1671,#1672,#1673,#1674));
#265=EDGE_LOOP('',(#1675,#1676,#1677,#1678,#1679,#1680,#1681,#1682,#1683,
#1684,#1685,#1686));
#266=EDGE_LOOP('',(#1687,#1688,#1689,#1690));
#267=EDGE_LOOP('',(#1691,#1692,#1693,#1694,#1695,#1696,#1697,#1698,#1699,
#1700,#1701,#1702,#1703,#1704,#1705,#1706,#1707,#1708,#1709,#1710,#1711,
#1712));
#268=EDGE_LOOP('',(#1713,#1714,#1715,#1716));
#269=EDGE_LOOP('',(#1717,#1718,#1719,#1720,#1721,#1722,#1723,#1724,#1725,
#1726,#1727,#1728));
#270=EDGE_LOOP('',(#1729,#1730,#1731,#1732));
#271=EDGE_LOOP('',(#1733,#1734,#1735,#1736));
#272=EDGE_LOOP('',(#1737,#1738,#1739,#1740));
#273=EDGE_LOOP('',(#1741,#1742,#1743,#1744));
#274=EDGE_LOOP('',(#1745,#1746,#1747,#1748));
#275=EDGE_LOOP('',(#1749,#1750,#1751,#1752));
#276=EDGE_LOOP('',(#1753,#1754,#1755,#1756));
#277=EDGE_LOOP('',(#1757,#1758,#1759,#1760));
#278=EDGE_LOOP('',(#1761,#1762,#1763,#1764));
#279=EDGE_LOOP('',(#1765,#1766,#1767,#1768));
#280=EDGE_LOOP('',(#1769,#1770,#1771,#1772));
#281=EDGE_LOOP('',(#1773,#1774,#1775,#1776));
#282=EDGE_LOOP('',(#1777,#1778,#1779,#1780));
#283=EDGE_LOOP('',(#1781,#1782,#1783,#1784));
#284=EDGE_LOOP('',(#1785,#1786,#1787,#1788));
#285=EDGE_LOOP('',(#1789,#1790,#1791,#1792));
#286=EDGE_LOOP('',(#1793,#1794,#1795,#1796));
#287=EDGE_LOOP('',(#1797,#1798,#1799,#1800));
#288=EDGE_LOOP('',(#1801,#1802,#1803,#1804));
#289=EDGE_LOOP('',(#1805,#1806,#1807,#1808));
#290=EDGE_LOOP('',(#1809,#1810,#1811,#1812));
#291=EDGE_LOOP('',(#1813,#1814,#1815,#1816));
#292=EDGE_LOOP('',(#1817,#1818,#1819,#1820));
#293=EDGE_LOOP('',(#1821,#1822,#1823,#1824));
#294=EDGE_LOOP('',(#1825,#1826,#1827,#1828));
#295=EDGE_LOOP('',(#1829,#1830,#1831,#1832));
#296=EDGE_LOOP('',(#1833,#1834,#1835,#1836));
#297=EDGE_LOOP('',(#1837,#1838,#1839,#1840));
#298=EDGE_LOOP('',(#1841,#1842,#1843,#1844));
#299=EDGE_LOOP('',(#1845,#1846,#1847,#1848));
#300=EDGE_LOOP('',(#1849,#1850,#1851,#1852));
#301=EDGE_LOOP('',(#1853,#1854,#1855,#1856));
#302=EDGE_LOOP('',(#1857,#1858,#1859,#1860));
#303=EDGE_LOOP('',(#1861,#1862,#1863,#1864));
#304=EDGE_LOOP('',(#1865,#1866,#1867,#1868));
#305=EDGE_LOOP('',(#1869,#1870,#1871,#1872));
#306=EDGE_LOOP('',(#1873,#1874,#1875,#1876));
#307=EDGE_LOOP('',(#1877,#1878,#1879,#1880));
#308=LINE('',#2393,#469);
#309=LINE('',#2400,#470);
#310=LINE('',#2425,#471);
#311=LINE('',#2450,#472);
#312=LINE('',#2475,#473);
#313=LINE('',#2500,#474);
#314=LINE('',#2525,#475);
#315=LINE('',#2550,#476);
#316=LINE('',#2595,#477);
#317=LINE('',#2602,#478);
#318=LINE('',#2622,#479);
#319=LINE('',#2647,#480);
#320=LINE('',#2672,#481);
#321=LINE('',#2698,#482);
#322=LINE('',#2705,#483);
#323=LINE('',#2725,#484);
#324=LINE('',#2750,#485);
#325=LINE('',#2775,#486);
#326=LINE('',#2800,#487);
#327=LINE('',#2824,#488);
#328=LINE('',#2849,#489);
#329=LINE('',#2874,#490);
#330=LINE('',#2899,#491);
#331=LINE('',#2946,#492);
#332=LINE('',#2971,#493);
#333=LINE('',#2996,#494);
#334=LINE('',#3021,#495);
#335=LINE('',#3046,#496);
#336=LINE('',#3079,#497);
#337=LINE('',#3081,#498);
#338=LINE('',#3083,#499);
#339=LINE('',#3084,#500);
#340=LINE('',#3087,#501);
#341=LINE('',#3089,#502);
#342=LINE('',#3090,#503);
#343=LINE('',#3093,#504);
#344=LINE('',#3095,#505);
#345=LINE('',#3096,#506);
#346=LINE('',#3098,#507);
#347=LINE('',#3099,#508);
#348=LINE('',#3105,#509);
#349=LINE('',#3107,#510);
#350=LINE('',#3109,#511);
#351=LINE('',#3110,#512);
#352=LINE('',#3113,#513);
#353=LINE('',#3115,#514);
#354=LINE('',#3116,#515);
#355=LINE('',#3119,#516);
#356=LINE('',#3121,#517);
#357=LINE('',#3122,#518);
#358=LINE('',#3125,#519);
#359=LINE('',#3127,#520);
#360=LINE('',#3128,#521);
#361=LINE('',#3148,#522);
#362=LINE('',#3173,#523);
#363=LINE('',#3198,#524);
#364=LINE('',#3223,#525);
#365=LINE('',#3248,#526);
#366=LINE('',#3273,#527);
#367=LINE('',#3298,#528);
#368=LINE('',#3306,#529);
#369=LINE('',#3308,#530);
#370=LINE('',#3309,#531);
#371=LINE('',#3329,#532);
#372=LINE('',#3354,#533);
#373=LINE('',#3379,#534);
#374=LINE('',#3404,#535);
#375=LINE('',#3429,#536);
#376=LINE('',#3453,#537);
#377=LINE('',#3478,#538);
#378=LINE('',#3503,#539);
#379=LINE('',#3511,#540);
#380=LINE('',#3513,#541);
#381=LINE('',#3514,#542);
#382=LINE('',#3516,#543);
#383=LINE('',#3517,#544);
#384=LINE('',#3523,#545);
#385=LINE('',#3525,#546);
#386=LINE('',#3527,#547);
#387=LINE('',#3528,#548);
#388=LINE('',#3532,#549);
#389=LINE('',#3534,#550);
#390=LINE('',#3536,#551);
#391=LINE('',#3538,#552);
#392=LINE('',#3540,#553);
#393=LINE('',#3541,#554);
#394=LINE('',#3542,#555);
#395=LINE('',#3545,#556);
#396=LINE('',#3546,#557);
#397=LINE('',#3550,#558);
#398=LINE('',#3551,#559);
#399=LINE('',#3553,#560);
#400=LINE('',#3555,#561);
#401=LINE('',#3557,#562);
#402=LINE('',#3558,#563);
#403=LINE('',#3560,#564);
#404=LINE('',#3562,#565);
#405=LINE('',#3563,#566);
#406=LINE('',#3567,#567);
#407=LINE('',#3570,#568);
#408=LINE('',#3573,#569);
#409=LINE('',#3577,#570);
#410=LINE('',#3621,#571);
#411=LINE('',#3623,#572);
#412=LINE('',#3625,#573);
#413=LINE('',#3627,#574);
#414=LINE('',#3629,#575);
#415=LINE('',#3631,#576);
#416=LINE('',#3681,#577);
#417=LINE('',#3683,#578);
#418=LINE('',#3685,#579);
#419=LINE('',#3686,#580);
#420=LINE('',#3762,#581);
#421=LINE('',#3828,#582);
#422=LINE('',#3830,#583);
#423=LINE('',#3832,#584);
#424=LINE('',#3834,#585);
#425=LINE('',#3836,#586);
#426=LINE('',#3838,#587);
#427=LINE('',#3896,#588);
#428=LINE('',#3898,#589);
#429=LINE('',#3900,#590);
#430=LINE('',#3901,#591);
#431=LINE('',#3999,#592);
#432=LINE('',#4000,#593);
#433=LINE('',#4002,#594);
#434=LINE('',#4013,#595);
#435=LINE('',#4024,#596);
#436=LINE('',#4035,#597);
#437=LINE('',#4046,#598);
#438=LINE('',#4057,#599);
#439=LINE('',#4068,#600);
#440=LINE('',#4079,#601);
#441=LINE('',#4090,#602);
#442=LINE('',#4092,#603);
#443=LINE('',#4103,#604);
#444=LINE('',#4114,#605);
#445=LINE('',#4125,#606);
#446=LINE('',#4136,#607);
#447=LINE('',#4147,#608);
#448=LINE('',#4158,#609);
#449=LINE('',#4169,#610);
#450=LINE('',#4171,#611);
#451=LINE('',#4173,#612);
#452=LINE('',#4175,#613);
#453=LINE('',#4178,#614);
#454=LINE('',#4179,#615);
#455=LINE('',#4181,#616);
#456=LINE('',#4183,#617);
#457=LINE('',#4195,#618);
#458=LINE('',#4196,#619);
#459=LINE('',#4207,#620);
#460=LINE('',#4218,#621);
#461=LINE('',#4229,#622);
#462=LINE('',#4240,#623);
#463=LINE('',#4251,#624);
#464=LINE('',#4262,#625);
#465=LINE('',#4273,#626);
#466=LINE('',#4284,#627);
#467=LINE('',#4295,#628);
#468=LINE('',#4306,#629);
#469=VECTOR('',#2125,10.);
#470=VECTOR('',#2126,10.);
#471=VECTOR('',#2127,10.);
#472=VECTOR('',#2128,10.);
#473=VECTOR('',#2129,10.);
#474=VECTOR('',#2130,10.);
#475=VECTOR('',#2131,10.);
#476=VECTOR('',#2132,10.);
#477=VECTOR('',#2137,10.);
#478=VECTOR('',#2138,10.);
#479=VECTOR('',#2139,10.);
#480=VECTOR('',#2140,10.);
#481=VECTOR('',#2141,10.);
#482=VECTOR('',#2142,10.);
#483=VECTOR('',#2143,10.);
#484=VECTOR('',#2144,10.);
#485=VECTOR('',#2145,10.);
#486=VECTOR('',#2146,10.);
#487=VECTOR('',#2147,10.);
#488=VECTOR('',#2148,10.);
#489=VECTOR('',#2149,10.);
#490=VECTOR('',#2150,10.);
#491=VECTOR('',#2151,10.);
#492=VECTOR('',#2152,10.);
#493=VECTOR('',#2153,10.);
#494=VECTOR('',#2154,10.);
#495=VECTOR('',#2155,10.);
#496=VECTOR('',#2156,10.);
#497=VECTOR('',#2163,10.);
#498=VECTOR('',#2164,10.);
#499=VECTOR('',#2165,10.);
#500=VECTOR('',#2166,10.);
#501=VECTOR('',#2169,10.);
#502=VECTOR('',#2170,10.);
#503=VECTOR('',#2171,10.);
#504=VECTOR('',#2174,10.);
#505=VECTOR('',#2175,10.);
#506=VECTOR('',#2176,10.);
#507=VECTOR('',#2179,10.);
#508=VECTOR('',#2180,10.);
#509=VECTOR('',#2187,10.);
#510=VECTOR('',#2188,10.);
#511=VECTOR('',#2189,10.);
#512=VECTOR('',#2190,10.);
#513=VECTOR('',#2193,10.);
#514=VECTOR('',#2194,10.);
#515=VECTOR('',#2195,10.);
#516=VECTOR('',#2198,10.);
#517=VECTOR('',#2199,10.);
#518=VECTOR('',#2200,10.);
#519=VECTOR('',#2203,10.);
#520=VECTOR('',#2204,10.);
#521=VECTOR('',#2205,10.);
#522=VECTOR('',#2206,10.);
#523=VECTOR('',#2207,10.);
#524=VECTOR('',#2208,10.);
#525=VECTOR('',#2209,10.);
#526=VECTOR('',#2210,10.);
#527=VECTOR('',#2211,10.);
#528=VECTOR('',#2212,10.);
#529=VECTOR('',#2215,10.);
#530=VECTOR('',#2216,10.);
#531=VECTOR('',#2217,10.);
#532=VECTOR('',#2218,10.);
#533=VECTOR('',#2219,10.);
#534=VECTOR('',#2220,10.);
#535=VECTOR('',#2221,10.);
#536=VECTOR('',#2222,10.);
#537=VECTOR('',#2223,10.);
#538=VECTOR('',#2224,10.);
#539=VECTOR('',#2225,10.);
#540=VECTOR('',#2228,10.);
#541=VECTOR('',#2229,10.);
#542=VECTOR('',#2230,10.);
#543=VECTOR('',#2233,10.);
#544=VECTOR('',#2234,10.);
#545=VECTOR('',#2241,10.);
#546=VECTOR('',#2242,10.);
#547=VECTOR('',#2243,10.);
#548=VECTOR('',#2244,10.);
#549=VECTOR('',#2247,10.);
#550=VECTOR('',#2248,10.);
#551=VECTOR('',#2249,10.);
#552=VECTOR('',#2250,10.);
#553=VECTOR('',#2251,10.);
#554=VECTOR('',#2252,10.);
#555=VECTOR('',#2253,10.);
#556=VECTOR('',#2256,10.);
#557=VECTOR('',#2257,10.);
#558=VECTOR('',#2260,10.);
#559=VECTOR('',#2261,10.);
#560=VECTOR('',#2262,10.);
#561=VECTOR('',#2263,10.);
#562=VECTOR('',#2264,10.);
#563=VECTOR('',#2265,10.);
#564=VECTOR('',#2268,10.);
#565=VECTOR('',#2271,10.);
#566=VECTOR('',#2272,10.);
#567=VECTOR('',#2277,10.);
#568=VECTOR('',#2280,2.5);
#569=VECTOR('',#2285,10.);
#570=VECTOR('',#2288,10.);
#571=VECTOR('',#2289,10.);
#572=VECTOR('',#2290,10.);
#573=VECTOR('',#2291,10.);
#574=VECTOR('',#2292,10.);
#575=VECTOR('',#2293,10.);
#576=VECTOR('',#2294,10.);
#577=VECTOR('',#2295,10.);
#578=VECTOR('',#2296,10.);
#579=VECTOR('',#2297,10.);
#580=VECTOR('',#2298,10.);
#581=VECTOR('',#2301,10.);
#582=VECTOR('',#2302,10.);
#583=VECTOR('',#2303,10.);
#584=VECTOR('',#2304,10.);
#585=VECTOR('',#2305,10.);
#586=VECTOR('',#2306,10.);
#587=VECTOR('',#2307,10.);
#588=VECTOR('',#2308,10.);
#589=VECTOR('',#2309,10.);
#590=VECTOR('',#2310,10.);
#591=VECTOR('',#2311,10.);
#592=VECTOR('',#2314,10.);
#593=VECTOR('',#2315,10.);
#594=VECTOR('',#2318,10.);
#595=VECTOR('',#2319,10.);
#596=VECTOR('',#2320,10.);
#597=VECTOR('',#2321,10.);
#598=VECTOR('',#2322,10.);
#599=VECTOR('',#2323,10.);
#600=VECTOR('',#2324,10.);
#601=VECTOR('',#2325,10.);
#602=VECTOR('',#2326,10.);
#603=VECTOR('',#2329,10.);
#604=VECTOR('',#2330,10.);
#605=VECTOR('',#2331,10.);
#606=VECTOR('',#2332,10.);
#607=VECTOR('',#2333,10.);
#608=VECTOR('',#2334,10.);
#609=VECTOR('',#2335,10.);
#610=VECTOR('',#2336,10.);
#611=VECTOR('',#2339,10.);
#612=VECTOR('',#2342,10.);
#613=VECTOR('',#2345,10.);
#614=VECTOR('',#2350,10.);
#615=VECTOR('',#2351,10.);
#616=VECTOR('',#2354,10.);
#617=VECTOR('',#2357,10.);
#618=VECTOR('',#2360,10.);
#619=VECTOR('',#2361,10.);
#620=VECTOR('',#2362,10.);
#621=VECTOR('',#2363,10.);
#622=VECTOR('',#2364,10.);
#623=VECTOR('',#2365,10.);
#624=VECTOR('',#2366,10.);
#625=VECTOR('',#2367,10.);
#626=VECTOR('',#2368,10.);
#627=VECTOR('',#2369,10.);
#628=VECTOR('',#2370,10.);
#629=VECTOR('',#2371,10.);
#630=B_SPLINE_CURVE_WITH_KNOTS('',3,(#2385,#2386,#2387,#2388,#2389,#2390,
#2391),.UNSPECIFIED.,.F.,.F.,(4,3,4),(0.,0.21629833648079,0.352810911657527),
 .UNSPECIFIED.);
#631=B_SPLINE_CURVE_WITH_KNOTS('',3,(#2395,#2396,#2397,#2398,#2399),
 .UNSPECIFIED.,.F.,.F.,(4,1,4),(-0.336006039542182,-0.205995747294291,0.),
 .UNSPECIFIED.);
#632=B_SPLINE_CURVE_WITH_KNOTS('',3,(#2412,#2413,#2414,#2415,#2416,#2417,
#2418),.UNSPECIFIED.,.F.,.F.,(4,3,4),(0.,0.0925623321090578,0.177403299414782),
 .UNSPECIFIED.);
#633=B_SPLINE_CURVE_WITH_KNOTS('',3,(#2420,#2421,#2422,#2423,#2424),
 .UNSPECIFIED.,.F.,.F.,(4,1,4),(-0.170291837250075,-0.0888518401123359,
0.),.UNSPECIFIED.);
#634=B_SPLINE_CURVE_WITH_KNOTS('',3,(#2437,#2438,#2439,#2440,#2441,#2442,
#2443),.UNSPECIFIED.,.F.,.F.,(4,3,4),(0.,0.0840611113553168,0.169905211956199),
 .UNSPECIFIED.);
#635=B_SPLINE_CURVE_WITH_KNOTS('',3,(#2445,#2446,#2447,#2448,#2449),
 .UNSPECIFIED.,.F.,.F.,(4,1,4),(-0.1579303793774,-0.0781365271517006,0.),
 .UNSPECIFIED.);
#636=B_SPLINE_CURVE_WITH_KNOTS('',3,(#2462,#2463,#2464,#2465,#2466,#2467,
#2468),.UNSPECIFIED.,.F.,.F.,(4,3,4),(0.,0.1556306501768,0.389446949093495),
 .UNSPECIFIED.);
#637=B_SPLINE_CURVE_WITH_KNOTS('',3,(#2470,#2471,#2472,#2473,#2474),
 .UNSPECIFIED.,.F.,.F.,(4,1,4),(-0.346684600658418,-0.138541975825829,0.),
 .UNSPECIFIED.);
#638=B_SPLINE_CURVE_WITH_KNOTS('',3,(#2487,#2488,#2489,#2490,#2491,#2492,
#2493),.UNSPECIFIED.,.F.,.F.,(4,3,4),(0.,0.215770053068497,0.352315327354586),
 .UNSPECIFIED.);
#639=B_SPLINE_CURVE_WITH_KNOTS('',3,(#2495,#2496,#2497,#2498,#2499),
 .UNSPECIFIED.,.F.,.F.,(4,1,4),(-0.335661126087009,-0.205570446033796,0.),
 .UNSPECIFIED.);
#640=B_SPLINE_CURVE_WITH_KNOTS('',3,(#2512,#2513,#2514,#2515,#2516,#2517,
#2518),.UNSPECIFIED.,.F.,.F.,(4,3,4),(0.,0.0925586857394464,0.176454822270866),
 .UNSPECIFIED.);
#641=B_SPLINE_CURVE_WITH_KNOTS('',3,(#2520,#2521,#2522,#2523,#2524),
 .UNSPECIFIED.,.F.,.F.,(4,1,4),(-0.169250532778323,-0.0887797039097937,
0.),.UNSPECIFIED.);
#642=B_SPLINE_CURVE_WITH_KNOTS('',3,(#2537,#2538,#2539,#2540,#2541,#2542,
#2543),.UNSPECIFIED.,.F.,.F.,(4,3,4),(0.,0.0896923115897025,0.188815291053355),
 .UNSPECIFIED.);
#643=B_SPLINE_CURVE_WITH_KNOTS('',3,(#2545,#2546,#2547,#2548,#2549),
 .UNSPECIFIED.,.F.,.F.,(4,1,4),(-0.169448749761436,-0.0804926866743731,
0.),.UNSPECIFIED.);
#644=B_SPLINE_CURVE_WITH_KNOTS('',3,(#2561,#2562,#2563,#2564,#2565,#2566,
#2567),.UNSPECIFIED.,.F.,.F.,(4,3,4),(0.,0.144928799226546,0.37333175290433),
 .UNSPECIFIED.);
#645=B_SPLINE_CURVE_WITH_KNOTS('',3,(#2568,#2569,#2570,#2571,#2572),
 .UNSPECIFIED.,.F.,.F.,(4,1,4),(-0.335316243028855,-0.130171034435911,0.),
 .UNSPECIFIED.);
#646=B_SPLINE_CURVE_WITH_KNOTS('',3,(#2587,#2588,#2589,#2590,#2591,#2592,
#2593),.UNSPECIFIED.,.F.,.F.,(4,3,4),(0.,0.21629833648079,0.352810911657527),
 .UNSPECIFIED.);
#647=B_SPLINE_CURVE_WITH_KNOTS('',3,(#2597,#2598,#2599,#2600,#2601),
 .UNSPECIFIED.,.F.,.F.,(4,1,4),(0.,0.205995747294291,0.336006039542182),
 .UNSPECIFIED.);
#648=B_SPLINE_CURVE_WITH_KNOTS('',3,(#2614,#2615,#2616,#2617,#2618,#2619,
#2620),.UNSPECIFIED.,.F.,.F.,(4,3,4),(0.,0.0925623321090578,0.177403299414782),
 .UNSPECIFIED.);
#649=B_SPLINE_CURVE_WITH_KNOTS('',3,(#2623,#2624,#2625,#2626,#2627),
 .UNSPECIFIED.,.F.,.F.,(4,1,4),(0.,0.0888518401123359,0.170291837250075),
 .UNSPECIFIED.);
#650=B_SPLINE_CURVE_WITH_KNOTS('',3,(#2639,#2640,#2641,#2642,#2643,#2644,
#2645),.UNSPECIFIED.,.F.,.F.,(4,3,4),(0.,0.0840611113553168,0.169905211956199),
 .UNSPECIFIED.);
#651=B_SPLINE_CURVE_WITH_KNOTS('',3,(#2648,#2649,#2650,#2651,#2652),
 .UNSPECIFIED.,.F.,.F.,(4,1,4),(0.,0.0781365271517006,0.1579303793774),
 .UNSPECIFIED.);
#652=B_SPLINE_CURVE_WITH_KNOTS('',3,(#2664,#2665,#2666,#2667,#2668,#2669,
#2670),.UNSPECIFIED.,.F.,.F.,(4,3,4),(0.,0.1556306501768,0.389446949093495),
 .UNSPECIFIED.);
#653=B_SPLINE_CURVE_WITH_KNOTS('',3,(#2673,#2674,#2675,#2676,#2677),
 .UNSPECIFIED.,.F.,.F.,(4,1,4),(0.,0.138541975825829,0.346684600658418),
 .UNSPECIFIED.);
#654=B_SPLINE_CURVE_WITH_KNOTS('',3,(#2690,#2691,#2692,#2693,#2694,#2695,
#2696),.UNSPECIFIED.,.F.,.F.,(4,3,4),(0.,0.117060584078772,0.26697289413908),
 .UNSPECIFIED.);
#655=B_SPLINE_CURVE_WITH_KNOTS('',3,(#2700,#2701,#2702,#2703,#2704),
 .UNSPECIFIED.,.F.,.F.,(4,1,4),(0.,0.104291668902067,0.237851612483356),
 .UNSPECIFIED.);
#656=B_SPLINE_CURVE_WITH_KNOTS('',3,(#2717,#2718,#2719,#2720,#2721,#2722,
#2723),.UNSPECIFIED.,.F.,.F.,(4,3,4),(0.,0.161525367259161,0.291321819081868),
 .UNSPECIFIED.);
#657=B_SPLINE_CURVE_WITH_KNOTS('',3,(#2726,#2727,#2728,#2729,#2730),
 .UNSPECIFIED.,.F.,.F.,(4,1,4),(0.,0.159277782296877,0.287268149055519),
 .UNSPECIFIED.);
#658=B_SPLINE_CURVE_WITH_KNOTS('',3,(#2742,#2743,#2744,#2745,#2746,#2747,
#2748),.UNSPECIFIED.,.F.,.F.,(4,3,4),(0.,0.107604307625801,0.204254819902293),
 .UNSPECIFIED.);
#659=B_SPLINE_CURVE_WITH_KNOTS('',3,(#2751,#2752,#2753,#2754,#2755),
 .UNSPECIFIED.,.F.,.F.,(4,1,4),(0.,0.105922758671558,0.201062898627169),
 .UNSPECIFIED.);
#660=B_SPLINE_CURVE_WITH_KNOTS('',3,(#2767,#2768,#2769,#2770,#2771,#2772,
#2773),.UNSPECIFIED.,.F.,.F.,(4,3,4),(0.,0.100962407301152,0.211467504802977),
 .UNSPECIFIED.);
#661=B_SPLINE_CURVE_WITH_KNOTS('',3,(#2776,#2777,#2778,#2779,#2780),
 .UNSPECIFIED.,.F.,.F.,(4,1,4),(0.,0.092676969223588,0.194113511734688),
 .UNSPECIFIED.);
#662=B_SPLINE_CURVE_WITH_KNOTS('',3,(#2792,#2793,#2794,#2795,#2796,#2797,
#2798),.UNSPECIFIED.,.F.,.F.,(4,3,4),(0.,0.136316769975521,0.26588193030503),
 .UNSPECIFIED.);
#663=B_SPLINE_CURVE_WITH_KNOTS('',3,(#2801,#2802,#2803,#2804,#2805),
 .UNSPECIFIED.,.F.,.F.,(4,1,4),(0.,0.131669362589219,0.256817296166429),
 .UNSPECIFIED.);
#664=B_SPLINE_CURVE_WITH_KNOTS('',3,(#2817,#2818,#2819,#2820,#2821,#2822),
 .UNSPECIFIED.,.F.,.F.,(4,2,4),(0.,0.245201263781025,0.482167790315508),
 .UNSPECIFIED.);
#665=B_SPLINE_CURVE_WITH_KNOTS('',3,(#2825,#2826,#2827,#2828,#2829),
 .UNSPECIFIED.,.F.,.F.,(4,1,4),(0.,0.180044051407836,0.423798104571236),
 .UNSPECIFIED.);
#666=B_SPLINE_CURVE_WITH_KNOTS('',3,(#2841,#2842,#2843,#2844,#2845,#2846,
#2847),.UNSPECIFIED.,.F.,.F.,(4,3,4),(0.,0.215770053068497,0.352315327354586),
 .UNSPECIFIED.);
#667=B_SPLINE_CURVE_WITH_KNOTS('',3,(#2850,#2851,#2852,#2853,#2854),
 .UNSPECIFIED.,.F.,.F.,(4,1,4),(0.,0.205570446033796,0.335661126087009),
 .UNSPECIFIED.);
#668=B_SPLINE_CURVE_WITH_KNOTS('',3,(#2866,#2867,#2868,#2869,#2870,#2871,
#2872),.UNSPECIFIED.,.F.,.F.,(4,3,4),(0.,0.0925586857394465,0.176454822270866),
 .UNSPECIFIED.);
#669=B_SPLINE_CURVE_WITH_KNOTS('',3,(#2875,#2876,#2877,#2878,#2879),
 .UNSPECIFIED.,.F.,.F.,(4,1,4),(0.,0.0887797039097937,0.169250532778323),
 .UNSPECIFIED.);
#670=B_SPLINE_CURVE_WITH_KNOTS('',3,(#2891,#2892,#2893,#2894,#2895,#2896,
#2897),.UNSPECIFIED.,.F.,.F.,(4,3,4),(0.,0.0896923115897025,0.188815291053355),
 .UNSPECIFIED.);
#671=B_SPLINE_CURVE_WITH_KNOTS('',3,(#2900,#2901,#2902,#2903,#2904),
 .UNSPECIFIED.,.F.,.F.,(4,1,4),(0.,0.0804926866743731,0.169448749761436),
 .UNSPECIFIED.);
#672=B_SPLINE_CURVE_WITH_KNOTS('',3,(#2915,#2916,#2917,#2918,#2919,#2920,
#2921),.UNSPECIFIED.,.F.,.F.,(4,3,4),(0.,0.144928799226546,0.37333175290433),
 .UNSPECIFIED.);
#673=B_SPLINE_CURVE_WITH_KNOTS('',3,(#2922,#2923,#2924,#2925,#2926),
 .UNSPECIFIED.,.F.,.F.,(4,1,4),(0.,0.130171034435911,0.335316243028855),
 .UNSPECIFIED.);
#674=B_SPLINE_CURVE_WITH_KNOTS('',3,(#2938,#2939,#2940,#2941,#2942,#2943,
#2944),.UNSPECIFIED.,.F.,.F.,(4,3,4),(0.,0.162622748137549,0.292857472849944),
 .UNSPECIFIED.);
#675=B_SPLINE_CURVE_WITH_KNOTS('',3,(#2947,#2948,#2949,#2950,#2951),
 .UNSPECIFIED.,.F.,.F.,(4,1,4),(0.,0.160304205420918,0.288682149480591),
 .UNSPECIFIED.);
#676=B_SPLINE_CURVE_WITH_KNOTS('',3,(#2963,#2964,#2965,#2966,#2967,#2968,
#2969),.UNSPECIFIED.,.F.,.F.,(4,3,4),(0.,0.107646235759972,0.204167973792067),
 .UNSPECIFIED.);
#677=B_SPLINE_CURVE_WITH_KNOTS('',3,(#2972,#2973,#2974,#2975,#2976),
 .UNSPECIFIED.,.F.,.F.,(4,1,4),(0.,0.105954942234015,0.200960170287891),
 .UNSPECIFIED.);
#678=B_SPLINE_CURVE_WITH_KNOTS('',3,(#2988,#2989,#2990,#2991,#2992,#2993,
#2994),.UNSPECIFIED.,.F.,.F.,(4,3,4),(0.,0.100534408841515,0.210330225534065),
 .UNSPECIFIED.);
#679=B_SPLINE_CURVE_WITH_KNOTS('',3,(#2997,#2998,#2999,#3000,#3001),
 .UNSPECIFIED.,.F.,.F.,(4,1,4),(0.,0.0924051623719644,0.19332285200827),
 .UNSPECIFIED.);
#680=B_SPLINE_CURVE_WITH_KNOTS('',3,(#3013,#3014,#3015,#3016,#3017,#3018,
#3019),.UNSPECIFIED.,.F.,.F.,(4,3,4),(0.,0.076854069194507,0.147668196345508),
 .UNSPECIFIED.);
#681=B_SPLINE_CURVE_WITH_KNOTS('',3,(#3022,#3023,#3024,#3025,#3026),
 .UNSPECIFIED.,.F.,.F.,(4,1,4),(0.,0.0759788126199147,0.145986469391239),
 .UNSPECIFIED.);
#682=B_SPLINE_CURVE_WITH_KNOTS('',3,(#3038,#3039,#3040,#3041,#3042,#3043,
#3044),.UNSPECIFIED.,.F.,.F.,(4,3,4),(0.,0.0706275241940722,0.143344816641479),
 .UNSPECIFIED.);
#683=B_SPLINE_CURVE_WITH_KNOTS('',3,(#3047,#3048,#3049,#3050,#3051),
 .UNSPECIFIED.,.F.,.F.,(4,1,4),(0.,0.0680953743457991,0.138205594222864),
 .UNSPECIFIED.);
#684=B_SPLINE_CURVE_WITH_KNOTS('',3,(#3062,#3063,#3064,#3065,#3066,#3067,
#3068),.UNSPECIFIED.,.F.,.F.,(4,3,4),(0.,0.0828712526716221,0.175469038157748),
 .UNSPECIFIED.);
#685=B_SPLINE_CURVE_WITH_KNOTS('',3,(#3069,#3070,#3071,#3072,#3073),
 .UNSPECIFIED.,.F.,.F.,(4,1,4),(0.,0.0763514663705507,0.161664243438689),
 .UNSPECIFIED.);
#686=B_SPLINE_CURVE_WITH_KNOTS('',3,(#3140,#3141,#3142,#3143,#3144,#3145,
#3146),.UNSPECIFIED.,.F.,.F.,(4,3,4),(0.,0.105238991766196,0.204773532271876),
 .UNSPECIFIED.);
#687=B_SPLINE_CURVE_WITH_KNOTS('',3,(#3149,#3150,#3151,#3152,#3153),
 .UNSPECIFIED.,.F.,.F.,(4,1,4),(0.,0.103570236456999,0.201526476086457),
 .UNSPECIFIED.);
#688=B_SPLINE_CURVE_WITH_KNOTS('',3,(#3165,#3166,#3167,#3168,#3169,#3170,
#3171),.UNSPECIFIED.,.F.,.F.,(4,3,4),(0.,0.126029123655765,0.250345657768305),
 .UNSPECIFIED.);
#689=B_SPLINE_CURVE_WITH_KNOTS('',3,(#3174,#3175,#3176,#3177,#3178),
 .UNSPECIFIED.,.F.,.F.,(4,1,4),(0.,0.122848558666467,0.244027747977109),
 .UNSPECIFIED.);
#690=B_SPLINE_CURVE_WITH_KNOTS('',3,(#3190,#3191,#3192,#3193,#3194,#3195,
#3196),.UNSPECIFIED.,.F.,.F.,(4,3,4),(0.,0.133261899348965,0.274933337918263),
 .UNSPECIFIED.);
#691=B_SPLINE_CURVE_WITH_KNOTS('',3,(#3199,#3200,#3201,#3202,#3203),
 .UNSPECIFIED.,.F.,.F.,(4,1,4),(0.,0.123736288011087,0.255280998175027),
 .UNSPECIFIED.);
#692=B_SPLINE_CURVE_WITH_KNOTS('',3,(#3215,#3216,#3217,#3218,#3219,#3220,
#3221),.UNSPECIFIED.,.F.,.F.,(4,3,4),(0.,0.130532048756866,0.256235052793831),
 .UNSPECIFIED.);
#693=B_SPLINE_CURVE_WITH_KNOTS('',3,(#3224,#3225,#3226,#3227,#3228),
 .UNSPECIFIED.,.F.,.F.,(4,1,4),(0.,0.12807176336622,0.251405500488756),
 .UNSPECIFIED.);
#694=B_SPLINE_CURVE_WITH_KNOTS('',3,(#3240,#3241,#3242,#3243,#3244,#3245,
#3246),.UNSPECIFIED.,.F.,.F.,(4,3,4),(0.,0.156134331305153,0.318944933573162),
 .UNSPECIFIED.);
#695=B_SPLINE_CURVE_WITH_KNOTS('',3,(#3249,#3250,#3251,#3252,#3253),
 .UNSPECIFIED.,.F.,.F.,(4,1,4),(0.,0.145707131914714,0.297644669953126),
 .UNSPECIFIED.);
#696=B_SPLINE_CURVE_WITH_KNOTS('',3,(#3265,#3266,#3267,#3268,#3269,#3270,
#3271),.UNSPECIFIED.,.F.,.F.,(4,3,4),(0.,0.128413482914487,0.245433600484444),
 .UNSPECIFIED.);
#697=B_SPLINE_CURVE_WITH_KNOTS('',3,(#3274,#3275,#3276,#3277,#3278),
 .UNSPECIFIED.,.F.,.F.,(4,1,4),(0.,0.125355120615896,0.239588226202144),
 .UNSPECIFIED.);
#698=B_SPLINE_CURVE_WITH_KNOTS('',3,(#3290,#3291,#3292,#3293,#3294,#3295,
#3296),.UNSPECIFIED.,.F.,.F.,(4,3,4),(0.,0.119459780222913,0.2454216525986),
 .UNSPECIFIED.);
#699=B_SPLINE_CURVE_WITH_KNOTS('',3,(#3299,#3300,#3301,#3302,#3303),
 .UNSPECIFIED.,.F.,.F.,(4,1,4),(0.,0.11175352641584,0.229589700278355),
 .UNSPECIFIED.);
#700=B_SPLINE_CURVE_WITH_KNOTS('',3,(#3321,#3322,#3323,#3324,#3325,#3326,
#3327),.UNSPECIFIED.,.F.,.F.,(4,3,4),(0.,0.0880328649016136,0.162830435026592),
 .UNSPECIFIED.);
#701=B_SPLINE_CURVE_WITH_KNOTS('',3,(#3330,#3331,#3332,#3333,#3334),
 .UNSPECIFIED.,.F.,.F.,(4,1,4),(0.,0.0858155500885339,0.1587291674374),
 .UNSPECIFIED.);
#702=B_SPLINE_CURVE_WITH_KNOTS('',3,(#3346,#3347,#3348,#3349,#3350,#3351,
#3352),.UNSPECIFIED.,.F.,.F.,(4,3,4),(0.,0.0707073813175412,0.143157166149234),
 .UNSPECIFIED.);
#703=B_SPLINE_CURVE_WITH_KNOTS('',3,(#3355,#3356,#3357,#3358,#3359),
 .UNSPECIFIED.,.F.,.F.,(4,1,4),(0.,0.0676517251271456,0.136970554896034),
 .UNSPECIFIED.);
#704=B_SPLINE_CURVE_WITH_KNOTS('',3,(#3371,#3372,#3373,#3374,#3375,#3376,
#3377),.UNSPECIFIED.,.F.,.F.,(4,3,4),(0.,0.0869902911415987,0.175138531435815),
 .UNSPECIFIED.);
#705=B_SPLINE_CURVE_WITH_KNOTS('',3,(#3380,#3381,#3382,#3383,#3384),
 .UNSPECIFIED.,.F.,.F.,(4,1,4),(0.,0.0835440023606638,0.168200079476686),
 .UNSPECIFIED.);
#706=B_SPLINE_CURVE_WITH_KNOTS('',3,(#3396,#3397,#3398,#3399,#3400,#3401,
#3402),.UNSPECIFIED.,.F.,.F.,(4,3,4),(0.,0.0996553010928184,0.210773086871845),
 .UNSPECIFIED.);
#707=B_SPLINE_CURVE_WITH_KNOTS('',3,(#3405,#3406,#3407,#3408,#3409),
 .UNSPECIFIED.,.F.,.F.,(4,1,4),(0.,0.0903716780070937,0.191138026080544),
 .UNSPECIFIED.);
#708=B_SPLINE_CURVE_WITH_KNOTS('',3,(#3421,#3422,#3423,#3424,#3425,#3426,
#3427),.UNSPECIFIED.,.F.,.F.,(4,3,4),(0.,0.0978726982816264,0.18465555947958),
 .UNSPECIFIED.);
#709=B_SPLINE_CURVE_WITH_KNOTS('',3,(#3430,#3431,#3432,#3433,#3434),
 .UNSPECIFIED.,.F.,.F.,(4,1,4),(0.,0.0951140775779276,0.179450894048086),
 .UNSPECIFIED.);
#710=B_SPLINE_CURVE_WITH_KNOTS('',3,(#3446,#3447,#3448,#3449,#3450,#3451),
 .UNSPECIFIED.,.F.,.F.,(4,2,4),(0.,0.0919407586062772,0.183683727456219),
 .UNSPECIFIED.);
#711=B_SPLINE_CURVE_WITH_KNOTS('',3,(#3454,#3455,#3456,#3457,#3458),
 .UNSPECIFIED.,.F.,.F.,(4,1,4),(0.,0.0819422841062914,0.169640098185151),
 .UNSPECIFIED.);
#712=B_SPLINE_CURVE_WITH_KNOTS('',3,(#3470,#3471,#3472,#3473,#3474,#3475,
#3476),.UNSPECIFIED.,.F.,.F.,(4,3,4),(0.,0.0574832140967738,0.112624456990117),
 .UNSPECIFIED.);
#713=B_SPLINE_CURVE_WITH_KNOTS('',3,(#3479,#3480,#3481,#3482,#3483),
 .UNSPECIFIED.,.F.,.F.,(4,1,4),(0.,0.0568466096913553,0.111377184606268),
 .UNSPECIFIED.);
#714=B_SPLINE_CURVE_WITH_KNOTS('',3,(#3495,#3496,#3497,#3498,#3499,#3500,
#3501),.UNSPECIFIED.,.F.,.F.,(4,3,4),(0.,0.0532208238110806,0.10441506579291),
 .UNSPECIFIED.);
#715=B_SPLINE_CURVE_WITH_KNOTS('',3,(#3504,#3505,#3506,#3507,#3508),
 .UNSPECIFIED.,.F.,.F.,(4,1,4),(0.,0.0526837518149004,0.103361372824614),
 .UNSPECIFIED.);
#716=B_SPLINE_CURVE_WITH_KNOTS('',3,(#3579,#3580,#3581,#3582,#3583),
 .UNSPECIFIED.,.F.,.F.,(4,1,4),(-0.229589700278355,-0.11175352641584,0.),
 .UNSPECIFIED.);
#717=B_SPLINE_CURVE_WITH_KNOTS('',3,(#3585,#3586,#3587,#3588,#3589),
 .UNSPECIFIED.,.F.,.F.,(4,1,4),(-0.239588226202144,-0.125355120615896,0.),
 .UNSPECIFIED.);
#718=B_SPLINE_CURVE_WITH_KNOTS('',3,(#3591,#3592,#3593,#3594,#3595),
 .UNSPECIFIED.,.F.,.F.,(4,1,4),(-0.297644669953126,-0.145707131914714,0.),
 .UNSPECIFIED.);
#719=B_SPLINE_CURVE_WITH_KNOTS('',3,(#3597,#3598,#3599,#3600,#3601),
 .UNSPECIFIED.,.F.,.F.,(4,1,4),(-0.251405500488756,-0.12807176336622,0.),
 .UNSPECIFIED.);
#720=B_SPLINE_CURVE_WITH_KNOTS('',3,(#3603,#3604,#3605,#3606,#3607),
 .UNSPECIFIED.,.F.,.F.,(4,1,4),(-0.255280998175027,-0.123736288011087,0.),
 .UNSPECIFIED.);
#721=B_SPLINE_CURVE_WITH_KNOTS('',3,(#3609,#3610,#3611,#3612,#3613),
 .UNSPECIFIED.,.F.,.F.,(4,1,4),(-0.244027747977109,-0.122848558666467,0.),
 .UNSPECIFIED.);
#722=B_SPLINE_CURVE_WITH_KNOTS('',3,(#3615,#3616,#3617,#3618,#3619),
 .UNSPECIFIED.,.F.,.F.,(4,1,4),(-0.201526476086457,-0.103570236456999,0.),
 .UNSPECIFIED.);
#723=B_SPLINE_CURVE_WITH_KNOTS('',3,(#3633,#3634,#3635,#3636,#3637),
 .UNSPECIFIED.,.F.,.F.,(4,1,4),(-0.103361372824614,-0.0526837518149004,
0.),.UNSPECIFIED.);
#724=B_SPLINE_CURVE_WITH_KNOTS('',3,(#3639,#3640,#3641,#3642,#3643),
 .UNSPECIFIED.,.F.,.F.,(4,1,4),(-0.111377184606268,-0.0568466096913553,
0.),.UNSPECIFIED.);
#725=B_SPLINE_CURVE_WITH_KNOTS('',3,(#3645,#3646,#3647,#3648,#3649),
 .UNSPECIFIED.,.F.,.F.,(4,1,4),(-0.169640098185151,-0.0819422841062914,
0.),.UNSPECIFIED.);
#726=B_SPLINE_CURVE_WITH_KNOTS('',3,(#3651,#3652,#3653,#3654,#3655),
 .UNSPECIFIED.,.F.,.F.,(4,1,4),(-0.179450894048086,-0.0951140775779276,
0.),.UNSPECIFIED.);
#727=B_SPLINE_CURVE_WITH_KNOTS('',3,(#3657,#3658,#3659,#3660,#3661),
 .UNSPECIFIED.,.F.,.F.,(4,1,4),(-0.191138026080544,-0.0903716780070937,
0.),.UNSPECIFIED.);
#728=B_SPLINE_CURVE_WITH_KNOTS('',3,(#3663,#3664,#3665,#3666,#3667),
 .UNSPECIFIED.,.F.,.F.,(4,1,4),(-0.168200079476686,-0.0835440023606638,
0.),.UNSPECIFIED.);
#729=B_SPLINE_CURVE_WITH_KNOTS('',3,(#3669,#3670,#3671,#3672,#3673),
 .UNSPECIFIED.,.F.,.F.,(4,1,4),(-0.136970554896034,-0.0676517251271456,
0.),.UNSPECIFIED.);
#730=B_SPLINE_CURVE_WITH_KNOTS('',3,(#3674,#3675,#3676,#3677,#3678),
 .UNSPECIFIED.,.F.,.F.,(4,1,4),(-0.1587291674374,-0.0858155500885339,0.),
 .UNSPECIFIED.);
#731=B_SPLINE_CURVE_WITH_KNOTS('',3,(#3689,#3690,#3691,#3692,#3693),
 .UNSPECIFIED.,.F.,.F.,(4,1,4),(-0.288682149480591,-0.160304205420918,0.),
 .UNSPECIFIED.);
#732=B_SPLINE_CURVE_WITH_KNOTS('',3,(#3695,#3696,#3697,#3698,#3699),
 .UNSPECIFIED.,.F.,.F.,(4,1,4),(-0.423798104571236,-0.180044051407836,0.),
 .UNSPECIFIED.);
#733=B_SPLINE_CURVE_WITH_KNOTS('',3,(#3701,#3702,#3703,#3704,#3705),
 .UNSPECIFIED.,.F.,.F.,(4,1,4),(-0.256817296166429,-0.131669362589219,0.),
 .UNSPECIFIED.);
#734=B_SPLINE_CURVE_WITH_KNOTS('',3,(#3707,#3708,#3709,#3710,#3711),
 .UNSPECIFIED.,.F.,.F.,(4,1,4),(-0.194113511734688,-0.092676969223588,0.),
 .UNSPECIFIED.);
#735=B_SPLINE_CURVE_WITH_KNOTS('',3,(#3713,#3714,#3715,#3716,#3717),
 .UNSPECIFIED.,.F.,.F.,(4,1,4),(-0.201062898627169,-0.105922758671558,0.),
 .UNSPECIFIED.);
#736=B_SPLINE_CURVE_WITH_KNOTS('',3,(#3719,#3720,#3721,#3722,#3723),
 .UNSPECIFIED.,.F.,.F.,(4,1,4),(-0.287268149055519,-0.159277782296877,0.),
 .UNSPECIFIED.);
#737=B_SPLINE_CURVE_WITH_KNOTS('',3,(#3725,#3726,#3727,#3728,#3729),
 .UNSPECIFIED.,.F.,.F.,(4,1,4),(-0.237851612483356,-0.104291668902067,0.),
 .UNSPECIFIED.);
#738=B_SPLINE_CURVE_WITH_KNOTS('',3,(#3731,#3732,#3733,#3734,#3735),
 .UNSPECIFIED.,.F.,.F.,(4,1,4),(-0.161664243438689,-0.0763514663705507,
0.),.UNSPECIFIED.);
#739=B_SPLINE_CURVE_WITH_KNOTS('',3,(#3737,#3738,#3739,#3740,#3741),
 .UNSPECIFIED.,.F.,.F.,(4,1,4),(-0.138205594222864,-0.0680953743457991,
0.),.UNSPECIFIED.);
#740=B_SPLINE_CURVE_WITH_KNOTS('',3,(#3743,#3744,#3745,#3746,#3747),
 .UNSPECIFIED.,.F.,.F.,(4,1,4),(-0.145986469391239,-0.0759788126199147,
0.),.UNSPECIFIED.);
#741=B_SPLINE_CURVE_WITH_KNOTS('',3,(#3749,#3750,#3751,#3752,#3753),
 .UNSPECIFIED.,.F.,.F.,(4,1,4),(-0.19332285200827,-0.0924051623719644,0.),
 .UNSPECIFIED.);
#742=B_SPLINE_CURVE_WITH_KNOTS('',3,(#3754,#3755,#3756,#3757,#3758),
 .UNSPECIFIED.,.F.,.F.,(4,1,4),(-0.200960170287891,-0.105954942234015,0.),
 .UNSPECIFIED.);
#743=B_SPLINE_CURVE_WITH_KNOTS('',3,(#3764,#3765,#3766,#3767,#3768,#3769,
#3770),.UNSPECIFIED.,.F.,.F.,(4,3,4),(0.,0.0880328649016136,0.162830435026592),
 .UNSPECIFIED.);
#744=B_SPLINE_CURVE_WITH_KNOTS('',3,(#3772,#3773,#3774,#3775,#3776,#3777,
#3778),.UNSPECIFIED.,.F.,.F.,(4,3,4),(0.,0.0707073813175412,0.143157166149234),
 .UNSPECIFIED.);
#745=B_SPLINE_CURVE_WITH_KNOTS('',3,(#3780,#3781,#3782,#3783,#3784,#3785,
#3786),.UNSPECIFIED.,.F.,.F.,(4,3,4),(0.,0.0869902911415987,0.175138531435815),
 .UNSPECIFIED.);
#746=B_SPLINE_CURVE_WITH_KNOTS('',3,(#3788,#3789,#3790,#3791,#3792,#3793,
#3794),.UNSPECIFIED.,.F.,.F.,(4,3,4),(0.,0.0996553010928184,0.210773086871845),
 .UNSPECIFIED.);
#747=B_SPLINE_CURVE_WITH_KNOTS('',3,(#3796,#3797,#3798,#3799,#3800,#3801,
#3802),.UNSPECIFIED.,.F.,.F.,(4,3,4),(0.,0.0978726982816264,0.18465555947958),
 .UNSPECIFIED.);
#748=B_SPLINE_CURVE_WITH_KNOTS('',3,(#3804,#3805,#3806,#3807,#3808,#3809,
#3810),.UNSPECIFIED.,.F.,.F.,(4,3,4),(0.,0.0887258634128616,0.183683727456219),
 .UNSPECIFIED.);
#749=B_SPLINE_CURVE_WITH_KNOTS('',3,(#3812,#3813,#3814,#3815,#3816,#3817,
#3818),.UNSPECIFIED.,.F.,.F.,(4,3,4),(0.,0.0574832140967738,0.112624456990117),
 .UNSPECIFIED.);
#750=B_SPLINE_CURVE_WITH_KNOTS('',3,(#3820,#3821,#3822,#3823,#3824,#3825,
#3826),.UNSPECIFIED.,.F.,.F.,(4,3,4),(0.,0.0532208238110806,0.10441506579291),
 .UNSPECIFIED.);
#751=B_SPLINE_CURVE_WITH_KNOTS('',3,(#3840,#3841,#3842,#3843,#3844,#3845,
#3846),.UNSPECIFIED.,.F.,.F.,(4,3,4),(0.,0.105238991766196,0.204773532271876),
 .UNSPECIFIED.);
#752=B_SPLINE_CURVE_WITH_KNOTS('',3,(#3848,#3849,#3850,#3851,#3852,#3853,
#3854),.UNSPECIFIED.,.F.,.F.,(4,3,4),(0.,0.126029123655765,0.250345657768305),
 .UNSPECIFIED.);
#753=B_SPLINE_CURVE_WITH_KNOTS('',3,(#3856,#3857,#3858,#3859,#3860,#3861,
#3862),.UNSPECIFIED.,.F.,.F.,(4,3,4),(0.,0.133261899348965,0.274933337918263),
 .UNSPECIFIED.);
#754=B_SPLINE_CURVE_WITH_KNOTS('',3,(#3864,#3865,#3866,#3867,#3868,#3869,
#3870),.UNSPECIFIED.,.F.,.F.,(4,3,4),(0.,0.130532048756866,0.256235052793831),
 .UNSPECIFIED.);
#755=B_SPLINE_CURVE_WITH_KNOTS('',3,(#3872,#3873,#3874,#3875,#3876,#3877,
#3878),.UNSPECIFIED.,.F.,.F.,(4,3,4),(0.,0.156134331305153,0.318944933573162),
 .UNSPECIFIED.);
#756=B_SPLINE_CURVE_WITH_KNOTS('',3,(#3880,#3881,#3882,#3883,#3884,#3885,
#3886),.UNSPECIFIED.,.F.,.F.,(4,3,4),(0.,0.128413482914487,0.245433600484444),
 .UNSPECIFIED.);
#757=B_SPLINE_CURVE_WITH_KNOTS('',3,(#3887,#3888,#3889,#3890,#3891,#3892,
#3893),.UNSPECIFIED.,.F.,.F.,(4,3,4),(0.,0.119459780222913,0.2454216525986),
 .UNSPECIFIED.);
#758=B_SPLINE_CURVE_WITH_KNOTS('',3,(#3904,#3905,#3906,#3907,#3908,#3909,
#3910),.UNSPECIFIED.,.F.,.F.,(4,3,4),(0.,0.162622748137549,0.292857472849944),
 .UNSPECIFIED.);
#759=B_SPLINE_CURVE_WITH_KNOTS('',3,(#3912,#3913,#3914,#3915,#3916,#3917,
#3918),.UNSPECIFIED.,.F.,.F.,(4,3,4),(0.,0.107646235759972,0.204167973792067),
 .UNSPECIFIED.);
#760=B_SPLINE_CURVE_WITH_KNOTS('',3,(#3920,#3921,#3922,#3923,#3924,#3925,
#3926),.UNSPECIFIED.,.F.,.F.,(4,3,4),(0.,0.100534408841515,0.210330225534065),
 .UNSPECIFIED.);
#761=B_SPLINE_CURVE_WITH_KNOTS('',3,(#3928,#3929,#3930,#3931,#3932,#3933,
#3934),.UNSPECIFIED.,.F.,.F.,(4,3,4),(0.,0.0768540691945122,0.147668196345518),
 .UNSPECIFIED.);
#762=B_SPLINE_CURVE_WITH_KNOTS('',3,(#3936,#3937,#3938,#3939,#3940,#3941,
#3942),.UNSPECIFIED.,.F.,.F.,(4,3,4),(0.,0.0706275241940722,0.143344816641479),
 .UNSPECIFIED.);
#763=B_SPLINE_CURVE_WITH_KNOTS('',3,(#3944,#3945,#3946,#3947,#3948,#3949,
#3950),.UNSPECIFIED.,.F.,.F.,(4,3,4),(0.,0.0828712526716221,0.175469038157748),
 .UNSPECIFIED.);
#764=B_SPLINE_CURVE_WITH_KNOTS('',3,(#3952,#3953,#3954,#3955,#3956,#3957,
#3958),.UNSPECIFIED.,.F.,.F.,(4,3,4),(0.,0.117060584078772,0.26697289413908),
 .UNSPECIFIED.);
#765=B_SPLINE_CURVE_WITH_KNOTS('',3,(#3960,#3961,#3962,#3963,#3964,#3965,
#3966),.UNSPECIFIED.,.F.,.F.,(4,3,4),(0.,0.161525367259161,0.291321819081868),
 .UNSPECIFIED.);
#766=B_SPLINE_CURVE_WITH_KNOTS('',3,(#3968,#3969,#3970,#3971,#3972,#3973,
#3974),.UNSPECIFIED.,.F.,.F.,(4,3,4),(0.,0.107604307625801,0.204254819902293),
 .UNSPECIFIED.);
#767=B_SPLINE_CURVE_WITH_KNOTS('',3,(#3976,#3977,#3978,#3979,#3980,#3981,
#3982),.UNSPECIFIED.,.F.,.F.,(4,3,4),(0.,0.100962407301152,0.211467504802977),
 .UNSPECIFIED.);
#768=B_SPLINE_CURVE_WITH_KNOTS('',3,(#3984,#3985,#3986,#3987,#3988,#3989,
#3990),.UNSPECIFIED.,.F.,.F.,(4,3,4),(0.,0.136316769975521,0.26588193030503),
 .UNSPECIFIED.);
#769=B_SPLINE_CURVE_WITH_KNOTS('',3,(#3991,#3992,#3993,#3994,#3995,#3996,
#3997),.UNSPECIFIED.,.F.,.F.,(4,3,4),(0.,0.204841507053451,0.482167790315508),
 .UNSPECIFIED.);
#770=VERTEX_POINT('',#2383);
#771=VERTEX_POINT('',#2384);
#772=VERTEX_POINT('',#2392);
#773=VERTEX_POINT('',#2394);
#774=VERTEX_POINT('',#2411);
#775=VERTEX_POINT('',#2419);
#776=VERTEX_POINT('',#2436);
#777=VERTEX_POINT('',#2444);
#778=VERTEX_POINT('',#2461);
#779=VERTEX_POINT('',#2469);
#780=VERTEX_POINT('',#2486);
#781=VERTEX_POINT('',#2494);
#782=VERTEX_POINT('',#2511);
#783=VERTEX_POINT('',#2519);
#784=VERTEX_POINT('',#2536);
#785=VERTEX_POINT('',#2544);
#786=VERTEX_POINT('',#2585);
#787=VERTEX_POINT('',#2586);
#788=VERTEX_POINT('',#2594);
#789=VERTEX_POINT('',#2596);
#790=VERTEX_POINT('',#2613);
#791=VERTEX_POINT('',#2621);
#792=VERTEX_POINT('',#2638);
#793=VERTEX_POINT('',#2646);
#794=VERTEX_POINT('',#2663);
#795=VERTEX_POINT('',#2671);
#796=VERTEX_POINT('',#2688);
#797=VERTEX_POINT('',#2689);
#798=VERTEX_POINT('',#2697);
#799=VERTEX_POINT('',#2699);
#800=VERTEX_POINT('',#2716);
#801=VERTEX_POINT('',#2724);
#802=VERTEX_POINT('',#2741);
#803=VERTEX_POINT('',#2749);
#804=VERTEX_POINT('',#2766);
#805=VERTEX_POINT('',#2774);
#806=VERTEX_POINT('',#2791);
#807=VERTEX_POINT('',#2799);
#808=VERTEX_POINT('',#2816);
#809=VERTEX_POINT('',#2823);
#810=VERTEX_POINT('',#2840);
#811=VERTEX_POINT('',#2848);
#812=VERTEX_POINT('',#2865);
#813=VERTEX_POINT('',#2873);
#814=VERTEX_POINT('',#2890);
#815=VERTEX_POINT('',#2898);
#816=VERTEX_POINT('',#2937);
#817=VERTEX_POINT('',#2945);
#818=VERTEX_POINT('',#2962);
#819=VERTEX_POINT('',#2970);
#820=VERTEX_POINT('',#2987);
#821=VERTEX_POINT('',#2995);
#822=VERTEX_POINT('',#3012);
#823=VERTEX_POINT('',#3020);
#824=VERTEX_POINT('',#3037);
#825=VERTEX_POINT('',#3045);
#826=VERTEX_POINT('',#3077);
#827=VERTEX_POINT('',#3078);
#828=VERTEX_POINT('',#3080);
#829=VERTEX_POINT('',#3082);
#830=VERTEX_POINT('',#3086);
#831=VERTEX_POINT('',#3088);
#832=VERTEX_POINT('',#3092);
#833=VERTEX_POINT('',#3094);
#834=VERTEX_POINT('',#3103);
#835=VERTEX_POINT('',#3104);
#836=VERTEX_POINT('',#3106);
#837=VERTEX_POINT('',#3108);
#838=VERTEX_POINT('',#3112);
#839=VERTEX_POINT('',#3114);
#840=VERTEX_POINT('',#3118);
#841=VERTEX_POINT('',#3120);
#842=VERTEX_POINT('',#3124);
#843=VERTEX_POINT('',#3126);
#844=VERTEX_POINT('',#3139);
#845=VERTEX_POINT('',#3147);
#846=VERTEX_POINT('',#3164);
#847=VERTEX_POINT('',#3172);
#848=VERTEX_POINT('',#3189);
#849=VERTEX_POINT('',#3197);
#850=VERTEX_POINT('',#3214);
#851=VERTEX_POINT('',#3222);
#852=VERTEX_POINT('',#3239);
#853=VERTEX_POINT('',#3247);
#854=VERTEX_POINT('',#3264);
#855=VERTEX_POINT('',#3272);
#856=VERTEX_POINT('',#3289);
#857=VERTEX_POINT('',#3297);
#858=VERTEX_POINT('',#3305);
#859=VERTEX_POINT('',#3307);
#860=VERTEX_POINT('',#3320);
#861=VERTEX_POINT('',#3328);
#862=VERTEX_POINT('',#3345);
#863=VERTEX_POINT('',#3353);
#864=VERTEX_POINT('',#3370);
#865=VERTEX_POINT('',#3378);
#866=VERTEX_POINT('',#3395);
#867=VERTEX_POINT('',#3403);
#868=VERTEX_POINT('',#3420);
#869=VERTEX_POINT('',#3428);
#870=VERTEX_POINT('',#3445);
#871=VERTEX_POINT('',#3452);
#872=VERTEX_POINT('',#3469);
#873=VERTEX_POINT('',#3477);
#874=VERTEX_POINT('',#3494);
#875=VERTEX_POINT('',#3502);
#876=VERTEX_POINT('',#3510);
#877=VERTEX_POINT('',#3512);
#878=VERTEX_POINT('',#3521);
#879=VERTEX_POINT('',#3522);
#880=VERTEX_POINT('',#3524);
#881=VERTEX_POINT('',#3526);
#882=VERTEX_POINT('',#3530);
#883=VERTEX_POINT('',#3531);
#884=VERTEX_POINT('',#3533);
#885=VERTEX_POINT('',#3535);
#886=VERTEX_POINT('',#3537);
#887=VERTEX_POINT('',#3539);
#888=VERTEX_POINT('',#3544);
#889=VERTEX_POINT('',#3548);
#890=VERTEX_POINT('',#3549);
#891=VERTEX_POINT('',#3552);
#892=VERTEX_POINT('',#3554);
#893=VERTEX_POINT('',#3556);
#894=VERTEX_POINT('',#3564);
#895=VERTEX_POINT('',#3569);
#896=VERTEX_POINT('',#3575);
#897=VERTEX_POINT('',#3576);
#898=VERTEX_POINT('',#3578);
#899=VERTEX_POINT('',#3584);
#900=VERTEX_POINT('',#3590);
#901=VERTEX_POINT('',#3596);
#902=VERTEX_POINT('',#3602);
#903=VERTEX_POINT('',#3608);
#904=VERTEX_POINT('',#3614);
#905=VERTEX_POINT('',#3620);
#906=VERTEX_POINT('',#3622);
#907=VERTEX_POINT('',#3624);
#908=VERTEX_POINT('',#3626);
#909=VERTEX_POINT('',#3628);
#910=VERTEX_POINT('',#3630);
#911=VERTEX_POINT('',#3632);
#912=VERTEX_POINT('',#3638);
#913=VERTEX_POINT('',#3644);
#914=VERTEX_POINT('',#3650);
#915=VERTEX_POINT('',#3656);
#916=VERTEX_POINT('',#3662);
#917=VERTEX_POINT('',#3668);
#918=VERTEX_POINT('',#3679);
#919=VERTEX_POINT('',#3680);
#920=VERTEX_POINT('',#3682);
#921=VERTEX_POINT('',#3684);
#922=VERTEX_POINT('',#3687);
#923=VERTEX_POINT('',#3688);
#924=VERTEX_POINT('',#3694);
#925=VERTEX_POINT('',#3700);
#926=VERTEX_POINT('',#3706);
#927=VERTEX_POINT('',#3712);
#928=VERTEX_POINT('',#3718);
#929=VERTEX_POINT('',#3724);
#930=VERTEX_POINT('',#3730);
#931=VERTEX_POINT('',#3736);
#932=VERTEX_POINT('',#3742);
#933=VERTEX_POINT('',#3748);
#934=VERTEX_POINT('',#3760);
#935=VERTEX_POINT('',#3761);
#936=VERTEX_POINT('',#3763);
#937=VERTEX_POINT('',#3771);
#938=VERTEX_POINT('',#3779);
#939=VERTEX_POINT('',#3787);
#940=VERTEX_POINT('',#3795);
#941=VERTEX_POINT('',#3803);
#942=VERTEX_POINT('',#3811);
#943=VERTEX_POINT('',#3819);
#944=VERTEX_POINT('',#3827);
#945=VERTEX_POINT('',#3829);
#946=VERTEX_POINT('',#3831);
#947=VERTEX_POINT('',#3833);
#948=VERTEX_POINT('',#3835);
#949=VERTEX_POINT('',#3837);
#950=VERTEX_POINT('',#3839);
#951=VERTEX_POINT('',#3847);
#952=VERTEX_POINT('',#3855);
#953=VERTEX_POINT('',#3863);
#954=VERTEX_POINT('',#3871);
#955=VERTEX_POINT('',#3879);
#956=VERTEX_POINT('',#3894);
#957=VERTEX_POINT('',#3895);
#958=VERTEX_POINT('',#3897);
#959=VERTEX_POINT('',#3899);
#960=VERTEX_POINT('',#3902);
#961=VERTEX_POINT('',#3903);
#962=VERTEX_POINT('',#3911);
#963=VERTEX_POINT('',#3919);
#964=VERTEX_POINT('',#3927);
#965=VERTEX_POINT('',#3935);
#966=VERTEX_POINT('',#3943);
#967=VERTEX_POINT('',#3951);
#968=VERTEX_POINT('',#3959);
#969=VERTEX_POINT('',#3967);
#970=VERTEX_POINT('',#3975);
#971=VERTEX_POINT('',#3983);
#972=EDGE_CURVE('',#770,#771,#630,.T.);
#973=EDGE_CURVE('',#772,#770,#308,.T.);
#974=EDGE_CURVE('',#773,#772,#631,.T.);
#975=EDGE_CURVE('',#773,#771,#309,.T.);
#976=EDGE_CURVE('',#771,#774,#632,.T.);
#977=EDGE_CURVE('',#775,#773,#633,.T.);
#978=EDGE_CURVE('',#775,#774,#310,.T.);
#979=EDGE_CURVE('',#774,#776,#634,.T.);
#980=EDGE_CURVE('',#777,#775,#635,.T.);
#981=EDGE_CURVE('',#777,#776,#311,.T.);
#982=EDGE_CURVE('',#776,#778,#636,.T.);
#983=EDGE_CURVE('',#779,#777,#637,.T.);
#984=EDGE_CURVE('',#779,#778,#312,.T.);
#985=EDGE_CURVE('',#778,#780,#638,.T.);
#986=EDGE_CURVE('',#781,#779,#639,.T.);
#987=EDGE_CURVE('',#781,#780,#313,.T.);
#988=EDGE_CURVE('',#780,#782,#640,.T.);
#989=EDGE_CURVE('',#783,#781,#641,.T.);
#990=EDGE_CURVE('',#783,#782,#314,.T.);
#991=EDGE_CURVE('',#782,#784,#642,.T.);
#992=EDGE_CURVE('',#785,#783,#643,.T.);
#993=EDGE_CURVE('',#785,#784,#315,.T.);
#994=EDGE_CURVE('',#784,#770,#644,.T.);
#995=EDGE_CURVE('',#772,#785,#645,.T.);
#996=EDGE_CURVE('',#786,#787,#646,.T.);
#997=EDGE_CURVE('',#788,#787,#316,.T.);
#998=EDGE_CURVE('',#789,#788,#647,.T.);
#999=EDGE_CURVE('',#789,#786,#317,.T.);
#1000=EDGE_CURVE('',#787,#790,#648,.T.);
#1001=EDGE_CURVE('',#791,#790,#318,.T.);
#1002=EDGE_CURVE('',#788,#791,#649,.T.);
#1003=EDGE_CURVE('',#790,#792,#650,.T.);
#1004=EDGE_CURVE('',#793,#792,#319,.T.);
#1005=EDGE_CURVE('',#791,#793,#651,.T.);
#1006=EDGE_CURVE('',#792,#794,#652,.T.);
#1007=EDGE_CURVE('',#795,#794,#320,.T.);
#1008=EDGE_CURVE('',#793,#795,#653,.T.);
#1009=EDGE_CURVE('',#796,#797,#654,.T.);
#1010=EDGE_CURVE('',#798,#797,#321,.T.);
#1011=EDGE_CURVE('',#799,#798,#655,.T.);
#1012=EDGE_CURVE('',#799,#796,#322,.T.);
#1013=EDGE_CURVE('',#797,#800,#656,.T.);
#1014=EDGE_CURVE('',#801,#800,#323,.T.);
#1015=EDGE_CURVE('',#798,#801,#657,.T.);
#1016=EDGE_CURVE('',#800,#802,#658,.T.);
#1017=EDGE_CURVE('',#803,#802,#324,.T.);
#1018=EDGE_CURVE('',#801,#803,#659,.T.);
#1019=EDGE_CURVE('',#802,#804,#660,.T.);
#1020=EDGE_CURVE('',#805,#804,#325,.T.);
#1021=EDGE_CURVE('',#803,#805,#661,.T.);
#1022=EDGE_CURVE('',#804,#806,#662,.T.);
#1023=EDGE_CURVE('',#807,#806,#326,.T.);
#1024=EDGE_CURVE('',#805,#807,#663,.T.);
#1025=EDGE_CURVE('',#806,#808,#664,.T.);
#1026=EDGE_CURVE('',#809,#808,#327,.T.);
#1027=EDGE_CURVE('',#807,#809,#665,.T.);
#1028=EDGE_CURVE('',#794,#810,#666,.T.);
#1029=EDGE_CURVE('',#811,#810,#328,.T.);
#1030=EDGE_CURVE('',#795,#811,#667,.T.);
#1031=EDGE_CURVE('',#810,#812,#668,.T.);
#1032=EDGE_CURVE('',#813,#812,#329,.T.);
#1033=EDGE_CURVE('',#811,#813,#669,.T.);
#1034=EDGE_CURVE('',#812,#814,#670,.T.);
#1035=EDGE_CURVE('',#815,#814,#330,.T.);
#1036=EDGE_CURVE('',#813,#815,#671,.T.);
#1037=EDGE_CURVE('',#814,#786,#672,.T.);
#1038=EDGE_CURVE('',#815,#789,#673,.T.);
#1039=EDGE_CURVE('',#808,#816,#674,.T.);
#1040=EDGE_CURVE('',#817,#816,#331,.T.);
#1041=EDGE_CURVE('',#809,#817,#675,.T.);
#1042=EDGE_CURVE('',#816,#818,#676,.T.);
#1043=EDGE_CURVE('',#819,#818,#332,.T.);
#1044=EDGE_CURVE('',#817,#819,#677,.T.);
#1045=EDGE_CURVE('',#818,#820,#678,.T.);
#1046=EDGE_CURVE('',#821,#820,#333,.T.);
#1047=EDGE_CURVE('',#819,#821,#679,.T.);
#1048=EDGE_CURVE('',#820,#822,#680,.T.);
#1049=EDGE_CURVE('',#823,#822,#334,.T.);
#1050=EDGE_CURVE('',#821,#823,#681,.T.);
#1051=EDGE_CURVE('',#822,#824,#682,.T.);
#1052=EDGE_CURVE('',#825,#824,#335,.T.);
#1053=EDGE_CURVE('',#823,#825,#683,.T.);
#1054=EDGE_CURVE('',#824,#796,#684,.T.);
#1055=EDGE_CURVE('',#825,#799,#685,.T.);
#1056=EDGE_CURVE('',#826,#827,#336,.T.);
#1057=EDGE_CURVE('',#828,#827,#337,.T.);
#1058=EDGE_CURVE('',#829,#828,#338,.T.);
#1059=EDGE_CURVE('',#829,#826,#339,.T.);
#1060=EDGE_CURVE('',#827,#830,#340,.T.);
#1061=EDGE_CURVE('',#831,#830,#341,.T.);
#1062=EDGE_CURVE('',#828,#831,#342,.T.);
#1063=EDGE_CURVE('',#830,#832,#343,.T.);
#1064=EDGE_CURVE('',#833,#832,#344,.T.);
#1065=EDGE_CURVE('',#831,#833,#345,.T.);
#1066=EDGE_CURVE('',#832,#826,#346,.T.);
#1067=EDGE_CURVE('',#833,#829,#347,.T.);
#1068=EDGE_CURVE('',#834,#835,#348,.T.);
#1069=EDGE_CURVE('',#836,#835,#349,.T.);
#1070=EDGE_CURVE('',#837,#836,#350,.T.);
#1071=EDGE_CURVE('',#837,#834,#351,.T.);
#1072=EDGE_CURVE('',#835,#838,#352,.T.);
#1073=EDGE_CURVE('',#839,#838,#353,.T.);
#1074=EDGE_CURVE('',#836,#839,#354,.T.);
#1075=EDGE_CURVE('',#838,#840,#355,.T.);
#1076=EDGE_CURVE('',#841,#840,#356,.T.);
#1077=EDGE_CURVE('',#839,#841,#357,.T.);
#1078=EDGE_CURVE('',#840,#842,#358,.T.);
#1079=EDGE_CURVE('',#843,#842,#359,.T.);
#1080=EDGE_CURVE('',#841,#843,#360,.T.);
#1081=EDGE_CURVE('',#842,#844,#686,.T.);
#1082=EDGE_CURVE('',#845,#844,#361,.T.);
#1083=EDGE_CURVE('',#843,#845,#687,.T.);
#1084=EDGE_CURVE('',#844,#846,#688,.T.);
#1085=EDGE_CURVE('',#847,#846,#362,.T.);
#1086=EDGE_CURVE('',#845,#847,#689,.T.);
#1087=EDGE_CURVE('',#846,#848,#690,.T.);
#1088=EDGE_CURVE('',#849,#848,#363,.T.);
#1089=EDGE_CURVE('',#847,#849,#691,.T.);
#1090=EDGE_CURVE('',#848,#850,#692,.T.);
#1091=EDGE_CURVE('',#851,#850,#364,.T.);
#1092=EDGE_CURVE('',#849,#851,#693,.T.);
#1093=EDGE_CURVE('',#850,#852,#694,.T.);
#1094=EDGE_CURVE('',#853,#852,#365,.T.);
#1095=EDGE_CURVE('',#851,#853,#695,.T.);
#1096=EDGE_CURVE('',#852,#854,#696,.T.);
#1097=EDGE_CURVE('',#855,#854,#366,.T.);
#1098=EDGE_CURVE('',#853,#855,#697,.T.);
#1099=EDGE_CURVE('',#854,#856,#698,.T.);
#1100=EDGE_CURVE('',#857,#856,#367,.T.);
#1101=EDGE_CURVE('',#855,#857,#699,.T.);
#1102=EDGE_CURVE('',#856,#858,#368,.T.);
#1103=EDGE_CURVE('',#859,#858,#369,.T.);
#1104=EDGE_CURVE('',#857,#859,#370,.T.);
#1105=EDGE_CURVE('',#858,#860,#700,.T.);
#1106=EDGE_CURVE('',#861,#860,#371,.T.);
#1107=EDGE_CURVE('',#859,#861,#701,.T.);
#1108=EDGE_CURVE('',#860,#862,#702,.T.);
#1109=EDGE_CURVE('',#863,#862,#372,.T.);
#1110=EDGE_CURVE('',#861,#863,#703,.T.);
#1111=EDGE_CURVE('',#862,#864,#704,.T.);
#1112=EDGE_CURVE('',#865,#864,#373,.T.);
#1113=EDGE_CURVE('',#863,#865,#705,.T.);
#1114=EDGE_CURVE('',#864,#866,#706,.T.);
#1115=EDGE_CURVE('',#867,#866,#374,.T.);
#1116=EDGE_CURVE('',#865,#867,#707,.T.);
#1117=EDGE_CURVE('',#866,#868,#708,.T.);
#1118=EDGE_CURVE('',#869,#868,#375,.T.);
#1119=EDGE_CURVE('',#867,#869,#709,.T.);
#1120=EDGE_CURVE('',#868,#870,#710,.T.);
#1121=EDGE_CURVE('',#871,#870,#376,.T.);
#1122=EDGE_CURVE('',#869,#871,#711,.T.);
#1123=EDGE_CURVE('',#870,#872,#712,.T.);
#1124=EDGE_CURVE('',#873,#872,#377,.T.);
#1125=EDGE_CURVE('',#871,#873,#713,.T.);
#1126=EDGE_CURVE('',#872,#874,#714,.T.);
#1127=EDGE_CURVE('',#875,#874,#378,.T.);
#1128=EDGE_CURVE('',#873,#875,#715,.T.);
#1129=EDGE_CURVE('',#874,#876,#379,.T.);
#1130=EDGE_CURVE('',#877,#876,#380,.T.);
#1131=EDGE_CURVE('',#875,#877,#381,.T.);
#1132=EDGE_CURVE('',#876,#834,#382,.T.);
#1133=EDGE_CURVE('',#877,#837,#383,.T.);
#1134=EDGE_CURVE('',#878,#879,#384,.T.);
#1135=EDGE_CURVE('',#879,#880,#385,.T.);
#1136=EDGE_CURVE('',#880,#881,#386,.T.);
#1137=EDGE_CURVE('',#881,#878,#387,.T.);
#1138=EDGE_CURVE('',#882,#883,#388,.T.);
#1139=EDGE_CURVE('',#882,#884,#389,.T.);
#1140=EDGE_CURVE('',#884,#885,#390,.T.);
#1141=EDGE_CURVE('',#886,#885,#391,.T.);
#1142=EDGE_CURVE('',#887,#886,#392,.T.);
#1143=EDGE_CURVE('',#887,#879,#393,.T.);
#1144=EDGE_CURVE('',#883,#878,#394,.T.);
#1145=EDGE_CURVE('',#887,#888,#395,.T.);
#1146=EDGE_CURVE('',#888,#880,#396,.T.);
#1147=EDGE_CURVE('',#889,#890,#397,.T.);
#1148=EDGE_CURVE('',#889,#881,#398,.T.);
#1149=EDGE_CURVE('',#891,#888,#399,.T.);
#1150=EDGE_CURVE('',#891,#892,#400,.T.);
#1151=EDGE_CURVE('',#892,#893,#401,.T.);
#1152=EDGE_CURVE('',#890,#893,#402,.T.);
#1153=EDGE_CURVE('',#883,#889,#403,.T.);
#1154=EDGE_CURVE('',#893,#884,#404,.T.);
#1155=EDGE_CURVE('',#885,#892,#405,.T.);
#1156=EDGE_CURVE('',#894,#894,#14,.T.);
#1157=EDGE_CURVE('',#890,#882,#406,.T.);
#1158=EDGE_CURVE('',#894,#895,#407,.T.);
#1159=EDGE_CURVE('',#895,#895,#15,.T.);
#1160=EDGE_CURVE('',#886,#891,#408,.T.);
#1161=EDGE_CURVE('',#896,#897,#409,.T.);
#1162=EDGE_CURVE('',#897,#898,#716,.T.);
#1163=EDGE_CURVE('',#898,#899,#717,.T.);
#1164=EDGE_CURVE('',#899,#900,#718,.T.);
#1165=EDGE_CURVE('',#900,#901,#719,.T.);
#1166=EDGE_CURVE('',#901,#902,#720,.T.);
#1167=EDGE_CURVE('',#902,#903,#721,.T.);
#1168=EDGE_CURVE('',#903,#904,#722,.T.);
#1169=EDGE_CURVE('',#904,#905,#410,.T.);
#1170=EDGE_CURVE('',#905,#906,#411,.T.);
#1171=EDGE_CURVE('',#906,#907,#412,.T.);
#1172=EDGE_CURVE('',#907,#908,#413,.T.);
#1173=EDGE_CURVE('',#908,#909,#414,.T.);
#1174=EDGE_CURVE('',#909,#910,#415,.T.);
#1175=EDGE_CURVE('',#910,#911,#723,.T.);
#1176=EDGE_CURVE('',#911,#912,#724,.T.);
#1177=EDGE_CURVE('',#912,#913,#725,.T.);
#1178=EDGE_CURVE('',#913,#914,#726,.T.);
#1179=EDGE_CURVE('',#914,#915,#727,.T.);
#1180=EDGE_CURVE('',#915,#916,#728,.T.);
#1181=EDGE_CURVE('',#916,#917,#729,.T.);
#1182=EDGE_CURVE('',#917,#896,#730,.T.);
#1183=EDGE_CURVE('',#918,#919,#416,.T.);
#1184=EDGE_CURVE('',#919,#920,#417,.T.);
#1185=EDGE_CURVE('',#920,#921,#418,.T.);
#1186=EDGE_CURVE('',#921,#918,#419,.T.);
#1187=EDGE_CURVE('',#922,#923,#731,.T.);
#1188=EDGE_CURVE('',#923,#924,#732,.T.);
#1189=EDGE_CURVE('',#924,#925,#733,.T.);
#1190=EDGE_CURVE('',#925,#926,#734,.T.);
#1191=EDGE_CURVE('',#926,#927,#735,.T.);
#1192=EDGE_CURVE('',#927,#928,#736,.T.);
#1193=EDGE_CURVE('',#928,#929,#737,.T.);
#1194=EDGE_CURVE('',#929,#930,#738,.T.);
#1195=EDGE_CURVE('',#930,#931,#739,.T.);
#1196=EDGE_CURVE('',#931,#932,#740,.T.);
#1197=EDGE_CURVE('',#932,#933,#741,.T.);
#1198=EDGE_CURVE('',#933,#922,#742,.T.);
#1199=EDGE_CURVE('',#934,#935,#420,.T.);
#1200=EDGE_CURVE('',#935,#936,#743,.T.);
#1201=EDGE_CURVE('',#936,#937,#744,.T.);
#1202=EDGE_CURVE('',#937,#938,#745,.T.);
#1203=EDGE_CURVE('',#938,#939,#746,.T.);
#1204=EDGE_CURVE('',#939,#940,#747,.T.);
#1205=EDGE_CURVE('',#940,#941,#748,.T.);
#1206=EDGE_CURVE('',#941,#942,#749,.T.);
#1207=EDGE_CURVE('',#942,#943,#750,.T.);
#1208=EDGE_CURVE('',#943,#944,#421,.T.);
#1209=EDGE_CURVE('',#944,#945,#422,.T.);
#1210=EDGE_CURVE('',#945,#946,#423,.T.);
#1211=EDGE_CURVE('',#946,#947,#424,.T.);
#1212=EDGE_CURVE('',#947,#948,#425,.T.);
#1213=EDGE_CURVE('',#948,#949,#426,.T.);
#1214=EDGE_CURVE('',#949,#950,#751,.T.);
#1215=EDGE_CURVE('',#950,#951,#752,.T.);
#1216=EDGE_CURVE('',#951,#952,#753,.T.);
#1217=EDGE_CURVE('',#952,#953,#754,.T.);
#1218=EDGE_CURVE('',#953,#954,#755,.T.);
#1219=EDGE_CURVE('',#954,#955,#756,.T.);
#1220=EDGE_CURVE('',#955,#934,#757,.T.);
#1221=EDGE_CURVE('',#956,#957,#427,.T.);
#1222=EDGE_CURVE('',#957,#958,#428,.T.);
#1223=EDGE_CURVE('',#958,#959,#429,.T.);
#1224=EDGE_CURVE('',#959,#956,#430,.T.);
#1225=EDGE_CURVE('',#960,#961,#758,.T.);
#1226=EDGE_CURVE('',#961,#962,#759,.T.);
#1227=EDGE_CURVE('',#962,#963,#760,.T.);
#1228=EDGE_CURVE('',#963,#964,#761,.T.);
#1229=EDGE_CURVE('',#964,#965,#762,.T.);
#1230=EDGE_CURVE('',#965,#966,#763,.T.);
#1231=EDGE_CURVE('',#966,#967,#764,.T.);
#1232=EDGE_CURVE('',#967,#968,#765,.T.);
#1233=EDGE_CURVE('',#968,#969,#766,.T.);
#1234=EDGE_CURVE('',#969,#970,#767,.T.);
#1235=EDGE_CURVE('',#970,#971,#768,.T.);
#1236=EDGE_CURVE('',#971,#960,#769,.T.);
#1237=EDGE_CURVE('',#909,#944,#431,.T.);
#1238=EDGE_CURVE('',#908,#945,#432,.T.);
#1239=EDGE_CURVE('',#910,#943,#433,.T.);
#1240=EDGE_CURVE('',#911,#942,#434,.T.);
#1241=EDGE_CURVE('',#912,#941,#435,.T.);
#1242=EDGE_CURVE('',#913,#940,#436,.T.);
#1243=EDGE_CURVE('',#914,#939,#437,.T.);
#1244=EDGE_CURVE('',#915,#938,#438,.T.);
#1245=EDGE_CURVE('',#916,#937,#439,.T.);
#1246=EDGE_CURVE('',#917,#936,#440,.T.);
#1247=EDGE_CURVE('',#896,#935,#441,.T.);
#1248=EDGE_CURVE('',#897,#934,#442,.T.);
#1249=EDGE_CURVE('',#898,#955,#443,.T.);
#1250=EDGE_CURVE('',#899,#954,#444,.T.);
#1251=EDGE_CURVE('',#900,#953,#445,.T.);
#1252=EDGE_CURVE('',#901,#952,#446,.T.);
#1253=EDGE_CURVE('',#902,#951,#447,.T.);
#1254=EDGE_CURVE('',#903,#950,#448,.T.);
#1255=EDGE_CURVE('',#904,#949,#449,.T.);
#1256=EDGE_CURVE('',#905,#948,#450,.T.);
#1257=EDGE_CURVE('',#906,#947,#451,.T.);
#1258=EDGE_CURVE('',#907,#946,#452,.T.);
#1259=EDGE_CURVE('',#918,#957,#453,.T.);
#1260=EDGE_CURVE('',#921,#958,#454,.T.);
#1261=EDGE_CURVE('',#919,#956,#455,.T.);
#1262=EDGE_CURVE('',#920,#959,#456,.T.);
#1263=EDGE_CURVE('',#930,#965,#457,.T.);
#1264=EDGE_CURVE('',#929,#966,#458,.T.);
#1265=EDGE_CURVE('',#931,#964,#459,.T.);
#1266=EDGE_CURVE('',#932,#963,#460,.T.);
#1267=EDGE_CURVE('',#933,#962,#461,.T.);
#1268=EDGE_CURVE('',#922,#961,#462,.T.);
#1269=EDGE_CURVE('',#923,#960,#463,.T.);
#1270=EDGE_CURVE('',#924,#971,#464,.T.);
#1271=EDGE_CURVE('',#925,#970,#465,.T.);
#1272=EDGE_CURVE('',#926,#969,#466,.T.);
#1273=EDGE_CURVE('',#927,#968,#467,.T.);
#1274=EDGE_CURVE('',#928,#967,#468,.T.);
#1275=ORIENTED_EDGE('',*,*,#972,.F.);
#1276=ORIENTED_EDGE('',*,*,#973,.F.);
#1277=ORIENTED_EDGE('',*,*,#974,.F.);
#1278=ORIENTED_EDGE('',*,*,#975,.T.);
#1279=ORIENTED_EDGE('',*,*,#976,.F.);
#1280=ORIENTED_EDGE('',*,*,#975,.F.);
#1281=ORIENTED_EDGE('',*,*,#977,.F.);
#1282=ORIENTED_EDGE('',*,*,#978,.T.);
#1283=ORIENTED_EDGE('',*,*,#979,.F.);
#1284=ORIENTED_EDGE('',*,*,#978,.F.);
#1285=ORIENTED_EDGE('',*,*,#980,.F.);
#1286=ORIENTED_EDGE('',*,*,#981,.T.);
#1287=ORIENTED_EDGE('',*,*,#982,.F.);
#1288=ORIENTED_EDGE('',*,*,#981,.F.);
#1289=ORIENTED_EDGE('',*,*,#983,.F.);
#1290=ORIENTED_EDGE('',*,*,#984,.T.);
#1291=ORIENTED_EDGE('',*,*,#985,.F.);
#1292=ORIENTED_EDGE('',*,*,#984,.F.);
#1293=ORIENTED_EDGE('',*,*,#986,.F.);
#1294=ORIENTED_EDGE('',*,*,#987,.T.);
#1295=ORIENTED_EDGE('',*,*,#988,.F.);
#1296=ORIENTED_EDGE('',*,*,#987,.F.);
#1297=ORIENTED_EDGE('',*,*,#989,.F.);
#1298=ORIENTED_EDGE('',*,*,#990,.T.);
#1299=ORIENTED_EDGE('',*,*,#991,.F.);
#1300=ORIENTED_EDGE('',*,*,#990,.F.);
#1301=ORIENTED_EDGE('',*,*,#992,.F.);
#1302=ORIENTED_EDGE('',*,*,#993,.T.);
#1303=ORIENTED_EDGE('',*,*,#994,.F.);
#1304=ORIENTED_EDGE('',*,*,#993,.F.);
#1305=ORIENTED_EDGE('',*,*,#995,.F.);
#1306=ORIENTED_EDGE('',*,*,#973,.T.);
#1307=ORIENTED_EDGE('',*,*,#985,.T.);
#1308=ORIENTED_EDGE('',*,*,#988,.T.);
#1309=ORIENTED_EDGE('',*,*,#991,.T.);
#1310=ORIENTED_EDGE('',*,*,#994,.T.);
#1311=ORIENTED_EDGE('',*,*,#972,.T.);
#1312=ORIENTED_EDGE('',*,*,#976,.T.);
#1313=ORIENTED_EDGE('',*,*,#979,.T.);
#1314=ORIENTED_EDGE('',*,*,#982,.T.);
#1315=ORIENTED_EDGE('',*,*,#986,.T.);
#1316=ORIENTED_EDGE('',*,*,#983,.T.);
#1317=ORIENTED_EDGE('',*,*,#980,.T.);
#1318=ORIENTED_EDGE('',*,*,#977,.T.);
#1319=ORIENTED_EDGE('',*,*,#974,.T.);
#1320=ORIENTED_EDGE('',*,*,#995,.T.);
#1321=ORIENTED_EDGE('',*,*,#992,.T.);
#1322=ORIENTED_EDGE('',*,*,#989,.T.);
#1323=ORIENTED_EDGE('',*,*,#996,.T.);
#1324=ORIENTED_EDGE('',*,*,#997,.F.);
#1325=ORIENTED_EDGE('',*,*,#998,.F.);
#1326=ORIENTED_EDGE('',*,*,#999,.T.);
#1327=ORIENTED_EDGE('',*,*,#1000,.T.);
#1328=ORIENTED_EDGE('',*,*,#1001,.F.);
#1329=ORIENTED_EDGE('',*,*,#1002,.F.);
#1330=ORIENTED_EDGE('',*,*,#997,.T.);
#1331=ORIENTED_EDGE('',*,*,#1003,.T.);
#1332=ORIENTED_EDGE('',*,*,#1004,.F.);
#1333=ORIENTED_EDGE('',*,*,#1005,.F.);
#1334=ORIENTED_EDGE('',*,*,#1001,.T.);
#1335=ORIENTED_EDGE('',*,*,#1006,.T.);
#1336=ORIENTED_EDGE('',*,*,#1007,.F.);
#1337=ORIENTED_EDGE('',*,*,#1008,.F.);
#1338=ORIENTED_EDGE('',*,*,#1004,.T.);
#1339=ORIENTED_EDGE('',*,*,#1009,.T.);
#1340=ORIENTED_EDGE('',*,*,#1010,.F.);
#1341=ORIENTED_EDGE('',*,*,#1011,.F.);
#1342=ORIENTED_EDGE('',*,*,#1012,.T.);
#1343=ORIENTED_EDGE('',*,*,#1013,.T.);
#1344=ORIENTED_EDGE('',*,*,#1014,.F.);
#1345=ORIENTED_EDGE('',*,*,#1015,.F.);
#1346=ORIENTED_EDGE('',*,*,#1010,.T.);
#1347=ORIENTED_EDGE('',*,*,#1016,.T.);
#1348=ORIENTED_EDGE('',*,*,#1017,.F.);
#1349=ORIENTED_EDGE('',*,*,#1018,.F.);
#1350=ORIENTED_EDGE('',*,*,#1014,.T.);
#1351=ORIENTED_EDGE('',*,*,#1019,.T.);
#1352=ORIENTED_EDGE('',*,*,#1020,.F.);
#1353=ORIENTED_EDGE('',*,*,#1021,.F.);
#1354=ORIENTED_EDGE('',*,*,#1017,.T.);
#1355=ORIENTED_EDGE('',*,*,#1022,.T.);
#1356=ORIENTED_EDGE('',*,*,#1023,.F.);
#1357=ORIENTED_EDGE('',*,*,#1024,.F.);
#1358=ORIENTED_EDGE('',*,*,#1020,.T.);
#1359=ORIENTED_EDGE('',*,*,#1025,.T.);
#1360=ORIENTED_EDGE('',*,*,#1026,.F.);
#1361=ORIENTED_EDGE('',*,*,#1027,.F.);
#1362=ORIENTED_EDGE('',*,*,#1023,.T.);
#1363=ORIENTED_EDGE('',*,*,#1028,.T.);
#1364=ORIENTED_EDGE('',*,*,#1029,.F.);
#1365=ORIENTED_EDGE('',*,*,#1030,.F.);
#1366=ORIENTED_EDGE('',*,*,#1007,.T.);
#1367=ORIENTED_EDGE('',*,*,#1031,.T.);
#1368=ORIENTED_EDGE('',*,*,#1032,.F.);
#1369=ORIENTED_EDGE('',*,*,#1033,.F.);
#1370=ORIENTED_EDGE('',*,*,#1029,.T.);
#1371=ORIENTED_EDGE('',*,*,#1034,.T.);
#1372=ORIENTED_EDGE('',*,*,#1035,.F.);
#1373=ORIENTED_EDGE('',*,*,#1036,.F.);
#1374=ORIENTED_EDGE('',*,*,#1032,.T.);
#1375=ORIENTED_EDGE('',*,*,#1037,.T.);
#1376=ORIENTED_EDGE('',*,*,#999,.F.);
#1377=ORIENTED_EDGE('',*,*,#1038,.F.);
#1378=ORIENTED_EDGE('',*,*,#1035,.T.);
#1379=ORIENTED_EDGE('',*,*,#1039,.T.);
#1380=ORIENTED_EDGE('',*,*,#1040,.F.);
#1381=ORIENTED_EDGE('',*,*,#1041,.F.);
#1382=ORIENTED_EDGE('',*,*,#1026,.T.);
#1383=ORIENTED_EDGE('',*,*,#1042,.T.);
#1384=ORIENTED_EDGE('',*,*,#1043,.F.);
#1385=ORIENTED_EDGE('',*,*,#1044,.F.);
#1386=ORIENTED_EDGE('',*,*,#1040,.T.);
#1387=ORIENTED_EDGE('',*,*,#1045,.T.);
#1388=ORIENTED_EDGE('',*,*,#1046,.F.);
#1389=ORIENTED_EDGE('',*,*,#1047,.F.);
#1390=ORIENTED_EDGE('',*,*,#1043,.T.);
#1391=ORIENTED_EDGE('',*,*,#1048,.T.);
#1392=ORIENTED_EDGE('',*,*,#1049,.F.);
#1393=ORIENTED_EDGE('',*,*,#1050,.F.);
#1394=ORIENTED_EDGE('',*,*,#1046,.T.);
#1395=ORIENTED_EDGE('',*,*,#1051,.T.);
#1396=ORIENTED_EDGE('',*,*,#1052,.F.);
#1397=ORIENTED_EDGE('',*,*,#1053,.F.);
#1398=ORIENTED_EDGE('',*,*,#1049,.T.);
#1399=ORIENTED_EDGE('',*,*,#1054,.T.);
#1400=ORIENTED_EDGE('',*,*,#1012,.F.);
#1401=ORIENTED_EDGE('',*,*,#1055,.F.);
#1402=ORIENTED_EDGE('',*,*,#1052,.T.);
#1403=ORIENTED_EDGE('',*,*,#1027,.T.);
#1404=ORIENTED_EDGE('',*,*,#1041,.T.);
#1405=ORIENTED_EDGE('',*,*,#1044,.T.);
#1406=ORIENTED_EDGE('',*,*,#1047,.T.);
#1407=ORIENTED_EDGE('',*,*,#1050,.T.);
#1408=ORIENTED_EDGE('',*,*,#1053,.T.);
#1409=ORIENTED_EDGE('',*,*,#1055,.T.);
#1410=ORIENTED_EDGE('',*,*,#1011,.T.);
#1411=ORIENTED_EDGE('',*,*,#1015,.T.);
#1412=ORIENTED_EDGE('',*,*,#1018,.T.);
#1413=ORIENTED_EDGE('',*,*,#1021,.T.);
#1414=ORIENTED_EDGE('',*,*,#1024,.T.);
#1415=ORIENTED_EDGE('',*,*,#1008,.T.);
#1416=ORIENTED_EDGE('',*,*,#1030,.T.);
#1417=ORIENTED_EDGE('',*,*,#1033,.T.);
#1418=ORIENTED_EDGE('',*,*,#1036,.T.);
#1419=ORIENTED_EDGE('',*,*,#1038,.T.);
#1420=ORIENTED_EDGE('',*,*,#998,.T.);
#1421=ORIENTED_EDGE('',*,*,#1002,.T.);
#1422=ORIENTED_EDGE('',*,*,#1005,.T.);
#1423=ORIENTED_EDGE('',*,*,#1039,.F.);
#1424=ORIENTED_EDGE('',*,*,#1025,.F.);
#1425=ORIENTED_EDGE('',*,*,#1022,.F.);
#1426=ORIENTED_EDGE('',*,*,#1019,.F.);
#1427=ORIENTED_EDGE('',*,*,#1016,.F.);
#1428=ORIENTED_EDGE('',*,*,#1013,.F.);
#1429=ORIENTED_EDGE('',*,*,#1009,.F.);
#1430=ORIENTED_EDGE('',*,*,#1054,.F.);
#1431=ORIENTED_EDGE('',*,*,#1051,.F.);
#1432=ORIENTED_EDGE('',*,*,#1048,.F.);
#1433=ORIENTED_EDGE('',*,*,#1045,.F.);
#1434=ORIENTED_EDGE('',*,*,#1042,.F.);
#1435=ORIENTED_EDGE('',*,*,#1028,.F.);
#1436=ORIENTED_EDGE('',*,*,#1006,.F.);
#1437=ORIENTED_EDGE('',*,*,#1003,.F.);
#1438=ORIENTED_EDGE('',*,*,#1000,.F.);
#1439=ORIENTED_EDGE('',*,*,#996,.F.);
#1440=ORIENTED_EDGE('',*,*,#1037,.F.);
#1441=ORIENTED_EDGE('',*,*,#1034,.F.);
#1442=ORIENTED_EDGE('',*,*,#1031,.F.);
#1443=ORIENTED_EDGE('',*,*,#1056,.T.);
#1444=ORIENTED_EDGE('',*,*,#1057,.F.);
#1445=ORIENTED_EDGE('',*,*,#1058,.F.);
#1446=ORIENTED_EDGE('',*,*,#1059,.T.);
#1447=ORIENTED_EDGE('',*,*,#1060,.T.);
#1448=ORIENTED_EDGE('',*,*,#1061,.F.);
#1449=ORIENTED_EDGE('',*,*,#1062,.F.);
#1450=ORIENTED_EDGE('',*,*,#1057,.T.);
#1451=ORIENTED_EDGE('',*,*,#1063,.T.);
#1452=ORIENTED_EDGE('',*,*,#1064,.F.);
#1453=ORIENTED_EDGE('',*,*,#1065,.F.);
#1454=ORIENTED_EDGE('',*,*,#1061,.T.);
#1455=ORIENTED_EDGE('',*,*,#1066,.T.);
#1456=ORIENTED_EDGE('',*,*,#1059,.F.);
#1457=ORIENTED_EDGE('',*,*,#1067,.F.);
#1458=ORIENTED_EDGE('',*,*,#1064,.T.);
#1459=ORIENTED_EDGE('',*,*,#1062,.T.);
#1460=ORIENTED_EDGE('',*,*,#1065,.T.);
#1461=ORIENTED_EDGE('',*,*,#1067,.T.);
#1462=ORIENTED_EDGE('',*,*,#1058,.T.);
#1463=ORIENTED_EDGE('',*,*,#1063,.F.);
#1464=ORIENTED_EDGE('',*,*,#1060,.F.);
#1465=ORIENTED_EDGE('',*,*,#1056,.F.);
#1466=ORIENTED_EDGE('',*,*,#1066,.F.);
#1467=ORIENTED_EDGE('',*,*,#1068,.T.);
#1468=ORIENTED_EDGE('',*,*,#1069,.F.);
#1469=ORIENTED_EDGE('',*,*,#1070,.F.);
#1470=ORIENTED_EDGE('',*,*,#1071,.T.);
#1471=ORIENTED_EDGE('',*,*,#1072,.T.);
#1472=ORIENTED_EDGE('',*,*,#1073,.F.);
#1473=ORIENTED_EDGE('',*,*,#1074,.F.);
#1474=ORIENTED_EDGE('',*,*,#1069,.T.);
#1475=ORIENTED_EDGE('',*,*,#1075,.T.);
#1476=ORIENTED_EDGE('',*,*,#1076,.F.);
#1477=ORIENTED_EDGE('',*,*,#1077,.F.);
#1478=ORIENTED_EDGE('',*,*,#1073,.T.);
#1479=ORIENTED_EDGE('',*,*,#1078,.T.);
#1480=ORIENTED_EDGE('',*,*,#1079,.F.);
#1481=ORIENTED_EDGE('',*,*,#1080,.F.);
#1482=ORIENTED_EDGE('',*,*,#1076,.T.);
#1483=ORIENTED_EDGE('',*,*,#1081,.T.);
#1484=ORIENTED_EDGE('',*,*,#1082,.F.);
#1485=ORIENTED_EDGE('',*,*,#1083,.F.);
#1486=ORIENTED_EDGE('',*,*,#1079,.T.);
#1487=ORIENTED_EDGE('',*,*,#1084,.T.);
#1488=ORIENTED_EDGE('',*,*,#1085,.F.);
#1489=ORIENTED_EDGE('',*,*,#1086,.F.);
#1490=ORIENTED_EDGE('',*,*,#1082,.T.);
#1491=ORIENTED_EDGE('',*,*,#1087,.T.);
#1492=ORIENTED_EDGE('',*,*,#1088,.F.);
#1493=ORIENTED_EDGE('',*,*,#1089,.F.);
#1494=ORIENTED_EDGE('',*,*,#1085,.T.);
#1495=ORIENTED_EDGE('',*,*,#1090,.T.);
#1496=ORIENTED_EDGE('',*,*,#1091,.F.);
#1497=ORIENTED_EDGE('',*,*,#1092,.F.);
#1498=ORIENTED_EDGE('',*,*,#1088,.T.);
#1499=ORIENTED_EDGE('',*,*,#1093,.T.);
#1500=ORIENTED_EDGE('',*,*,#1094,.F.);
#1501=ORIENTED_EDGE('',*,*,#1095,.F.);
#1502=ORIENTED_EDGE('',*,*,#1091,.T.);
#1503=ORIENTED_EDGE('',*,*,#1096,.T.);
#1504=ORIENTED_EDGE('',*,*,#1097,.F.);
#1505=ORIENTED_EDGE('',*,*,#1098,.F.);
#1506=ORIENTED_EDGE('',*,*,#1094,.T.);
#1507=ORIENTED_EDGE('',*,*,#1099,.T.);
#1508=ORIENTED_EDGE('',*,*,#1100,.F.);
#1509=ORIENTED_EDGE('',*,*,#1101,.F.);
#1510=ORIENTED_EDGE('',*,*,#1097,.T.);
#1511=ORIENTED_EDGE('',*,*,#1102,.T.);
#1512=ORIENTED_EDGE('',*,*,#1103,.F.);
#1513=ORIENTED_EDGE('',*,*,#1104,.F.);
#1514=ORIENTED_EDGE('',*,*,#1100,.T.);
#1515=ORIENTED_EDGE('',*,*,#1105,.T.);
#1516=ORIENTED_EDGE('',*,*,#1106,.F.);
#1517=ORIENTED_EDGE('',*,*,#1107,.F.);
#1518=ORIENTED_EDGE('',*,*,#1103,.T.);
#1519=ORIENTED_EDGE('',*,*,#1108,.T.);
#1520=ORIENTED_EDGE('',*,*,#1109,.F.);
#1521=ORIENTED_EDGE('',*,*,#1110,.F.);
#1522=ORIENTED_EDGE('',*,*,#1106,.T.);
#1523=ORIENTED_EDGE('',*,*,#1111,.T.);
#1524=ORIENTED_EDGE('',*,*,#1112,.F.);
#1525=ORIENTED_EDGE('',*,*,#1113,.F.);
#1526=ORIENTED_EDGE('',*,*,#1109,.T.);
#1527=ORIENTED_EDGE('',*,*,#1114,.T.);
#1528=ORIENTED_EDGE('',*,*,#1115,.F.);
#1529=ORIENTED_EDGE('',*,*,#1116,.F.);
#1530=ORIENTED_EDGE('',*,*,#1112,.T.);
#1531=ORIENTED_EDGE('',*,*,#1117,.T.);
#1532=ORIENTED_EDGE('',*,*,#1118,.F.);
#1533=ORIENTED_EDGE('',*,*,#1119,.F.);
#1534=ORIENTED_EDGE('',*,*,#1115,.T.);
#1535=ORIENTED_EDGE('',*,*,#1120,.T.);
#1536=ORIENTED_EDGE('',*,*,#1121,.F.);
#1537=ORIENTED_EDGE('',*,*,#1122,.F.);
#1538=ORIENTED_EDGE('',*,*,#1118,.T.);
#1539=ORIENTED_EDGE('',*,*,#1123,.T.);
#1540=ORIENTED_EDGE('',*,*,#1124,.F.);
#1541=ORIENTED_EDGE('',*,*,#1125,.F.);
#1542=ORIENTED_EDGE('',*,*,#1121,.T.);
#1543=ORIENTED_EDGE('',*,*,#1126,.T.);
#1544=ORIENTED_EDGE('',*,*,#1127,.F.);
#1545=ORIENTED_EDGE('',*,*,#1128,.F.);
#1546=ORIENTED_EDGE('',*,*,#1124,.T.);
#1547=ORIENTED_EDGE('',*,*,#1129,.T.);
#1548=ORIENTED_EDGE('',*,*,#1130,.F.);
#1549=ORIENTED_EDGE('',*,*,#1131,.F.);
#1550=ORIENTED_EDGE('',*,*,#1127,.T.);
#1551=ORIENTED_EDGE('',*,*,#1132,.T.);
#1552=ORIENTED_EDGE('',*,*,#1071,.F.);
#1553=ORIENTED_EDGE('',*,*,#1133,.F.);
#1554=ORIENTED_EDGE('',*,*,#1130,.T.);
#1555=ORIENTED_EDGE('',*,*,#1101,.T.);
#1556=ORIENTED_EDGE('',*,*,#1104,.T.);
#1557=ORIENTED_EDGE('',*,*,#1107,.T.);
#1558=ORIENTED_EDGE('',*,*,#1110,.T.);
#1559=ORIENTED_EDGE('',*,*,#1113,.T.);
#1560=ORIENTED_EDGE('',*,*,#1116,.T.);
#1561=ORIENTED_EDGE('',*,*,#1119,.T.);
#1562=ORIENTED_EDGE('',*,*,#1122,.T.);
#1563=ORIENTED_EDGE('',*,*,#1125,.T.);
#1564=ORIENTED_EDGE('',*,*,#1128,.T.);
#1565=ORIENTED_EDGE('',*,*,#1131,.T.);
#1566=ORIENTED_EDGE('',*,*,#1133,.T.);
#1567=ORIENTED_EDGE('',*,*,#1070,.T.);
#1568=ORIENTED_EDGE('',*,*,#1074,.T.);
#1569=ORIENTED_EDGE('',*,*,#1077,.T.);
#1570=ORIENTED_EDGE('',*,*,#1080,.T.);
#1571=ORIENTED_EDGE('',*,*,#1083,.T.);
#1572=ORIENTED_EDGE('',*,*,#1086,.T.);
#1573=ORIENTED_EDGE('',*,*,#1089,.T.);
#1574=ORIENTED_EDGE('',*,*,#1092,.T.);
#1575=ORIENTED_EDGE('',*,*,#1095,.T.);
#1576=ORIENTED_EDGE('',*,*,#1098,.T.);
#1577=ORIENTED_EDGE('',*,*,#1102,.F.);
#1578=ORIENTED_EDGE('',*,*,#1099,.F.);
#1579=ORIENTED_EDGE('',*,*,#1096,.F.);
#1580=ORIENTED_EDGE('',*,*,#1093,.F.);
#1581=ORIENTED_EDGE('',*,*,#1090,.F.);
#1582=ORIENTED_EDGE('',*,*,#1087,.F.);
#1583=ORIENTED_EDGE('',*,*,#1084,.F.);
#1584=ORIENTED_EDGE('',*,*,#1081,.F.);
#1585=ORIENTED_EDGE('',*,*,#1078,.F.);
#1586=ORIENTED_EDGE('',*,*,#1075,.F.);
#1587=ORIENTED_EDGE('',*,*,#1072,.F.);
#1588=ORIENTED_EDGE('',*,*,#1068,.F.);
#1589=ORIENTED_EDGE('',*,*,#1132,.F.);
#1590=ORIENTED_EDGE('',*,*,#1129,.F.);
#1591=ORIENTED_EDGE('',*,*,#1126,.F.);
#1592=ORIENTED_EDGE('',*,*,#1123,.F.);
#1593=ORIENTED_EDGE('',*,*,#1120,.F.);
#1594=ORIENTED_EDGE('',*,*,#1117,.F.);
#1595=ORIENTED_EDGE('',*,*,#1114,.F.);
#1596=ORIENTED_EDGE('',*,*,#1111,.F.);
#1597=ORIENTED_EDGE('',*,*,#1108,.F.);
#1598=ORIENTED_EDGE('',*,*,#1105,.F.);
#1599=ORIENTED_EDGE('',*,*,#1134,.T.);
#1600=ORIENTED_EDGE('',*,*,#1135,.T.);
#1601=ORIENTED_EDGE('',*,*,#1136,.T.);
#1602=ORIENTED_EDGE('',*,*,#1137,.T.);
#1603=ORIENTED_EDGE('',*,*,#1138,.F.);
#1604=ORIENTED_EDGE('',*,*,#1139,.T.);
#1605=ORIENTED_EDGE('',*,*,#1140,.T.);
#1606=ORIENTED_EDGE('',*,*,#1141,.F.);
#1607=ORIENTED_EDGE('',*,*,#1142,.F.);
#1608=ORIENTED_EDGE('',*,*,#1143,.T.);
#1609=ORIENTED_EDGE('',*,*,#1134,.F.);
#1610=ORIENTED_EDGE('',*,*,#1144,.F.);
#1611=ORIENTED_EDGE('',*,*,#1145,.T.);
#1612=ORIENTED_EDGE('',*,*,#1146,.T.);
#1613=ORIENTED_EDGE('',*,*,#1135,.F.);
#1614=ORIENTED_EDGE('',*,*,#1143,.F.);
#1615=ORIENTED_EDGE('',*,*,#1147,.F.);
#1616=ORIENTED_EDGE('',*,*,#1148,.T.);
#1617=ORIENTED_EDGE('',*,*,#1136,.F.);
#1618=ORIENTED_EDGE('',*,*,#1146,.F.);
#1619=ORIENTED_EDGE('',*,*,#1149,.F.);
#1620=ORIENTED_EDGE('',*,*,#1150,.T.);
#1621=ORIENTED_EDGE('',*,*,#1151,.T.);
#1622=ORIENTED_EDGE('',*,*,#1152,.F.);
#1623=ORIENTED_EDGE('',*,*,#1153,.F.);
#1624=ORIENTED_EDGE('',*,*,#1144,.T.);
#1625=ORIENTED_EDGE('',*,*,#1137,.F.);
#1626=ORIENTED_EDGE('',*,*,#1148,.F.);
#1627=ORIENTED_EDGE('',*,*,#1154,.F.);
#1628=ORIENTED_EDGE('',*,*,#1151,.F.);
#1629=ORIENTED_EDGE('',*,*,#1155,.F.);
#1630=ORIENTED_EDGE('',*,*,#1140,.F.);
#1631=ORIENTED_EDGE('',*,*,#1156,.F.);
#1632=ORIENTED_EDGE('',*,*,#1154,.T.);
#1633=ORIENTED_EDGE('',*,*,#1139,.F.);
#1634=ORIENTED_EDGE('',*,*,#1157,.F.);
#1635=ORIENTED_EDGE('',*,*,#1152,.T.);
#1636=ORIENTED_EDGE('',*,*,#1156,.T.);
#1637=ORIENTED_EDGE('',*,*,#1158,.T.);
#1638=ORIENTED_EDGE('',*,*,#1159,.F.);
#1639=ORIENTED_EDGE('',*,*,#1158,.F.);
#1640=ORIENTED_EDGE('',*,*,#1160,.F.);
#1641=ORIENTED_EDGE('',*,*,#1141,.T.);
#1642=ORIENTED_EDGE('',*,*,#1155,.T.);
#1643=ORIENTED_EDGE('',*,*,#1150,.F.);
#1644=ORIENTED_EDGE('',*,*,#1138,.T.);
#1645=ORIENTED_EDGE('',*,*,#1153,.T.);
#1646=ORIENTED_EDGE('',*,*,#1147,.T.);
#1647=ORIENTED_EDGE('',*,*,#1157,.T.);
#1648=ORIENTED_EDGE('',*,*,#1159,.T.);
#1649=ORIENTED_EDGE('',*,*,#1161,.T.);
#1650=ORIENTED_EDGE('',*,*,#1162,.T.);
#1651=ORIENTED_EDGE('',*,*,#1163,.T.);
#1652=ORIENTED_EDGE('',*,*,#1164,.T.);
#1653=ORIENTED_EDGE('',*,*,#1165,.T.);
#1654=ORIENTED_EDGE('',*,*,#1166,.T.);
#1655=ORIENTED_EDGE('',*,*,#1167,.T.);
#1656=ORIENTED_EDGE('',*,*,#1168,.T.);
#1657=ORIENTED_EDGE('',*,*,#1169,.T.);
#1658=ORIENTED_EDGE('',*,*,#1170,.T.);
#1659=ORIENTED_EDGE('',*,*,#1171,.T.);
#1660=ORIENTED_EDGE('',*,*,#1172,.T.);
#1661=ORIENTED_EDGE('',*,*,#1173,.T.);
#1662=ORIENTED_EDGE('',*,*,#1174,.T.);
#1663=ORIENTED_EDGE('',*,*,#1175,.T.);
#1664=ORIENTED_EDGE('',*,*,#1176,.T.);
#1665=ORIENTED_EDGE('',*,*,#1177,.T.);
#1666=ORIENTED_EDGE('',*,*,#1178,.T.);
#1667=ORIENTED_EDGE('',*,*,#1179,.T.);
#1668=ORIENTED_EDGE('',*,*,#1180,.T.);
#1669=ORIENTED_EDGE('',*,*,#1181,.T.);
#1670=ORIENTED_EDGE('',*,*,#1182,.T.);
#1671=ORIENTED_EDGE('',*,*,#1183,.T.);
#1672=ORIENTED_EDGE('',*,*,#1184,.T.);
#1673=ORIENTED_EDGE('',*,*,#1185,.T.);
#1674=ORIENTED_EDGE('',*,*,#1186,.T.);
#1675=ORIENTED_EDGE('',*,*,#1187,.T.);
#1676=ORIENTED_EDGE('',*,*,#1188,.T.);
#1677=ORIENTED_EDGE('',*,*,#1189,.T.);
#1678=ORIENTED_EDGE('',*,*,#1190,.T.);
#1679=ORIENTED_EDGE('',*,*,#1191,.T.);
#1680=ORIENTED_EDGE('',*,*,#1192,.T.);
#1681=ORIENTED_EDGE('',*,*,#1193,.T.);
#1682=ORIENTED_EDGE('',*,*,#1194,.T.);
#1683=ORIENTED_EDGE('',*,*,#1195,.T.);
#1684=ORIENTED_EDGE('',*,*,#1196,.T.);
#1685=ORIENTED_EDGE('',*,*,#1197,.T.);
#1686=ORIENTED_EDGE('',*,*,#1198,.T.);
#1687=ORIENTED_EDGE('',*,*,#1145,.F.);
#1688=ORIENTED_EDGE('',*,*,#1142,.T.);
#1689=ORIENTED_EDGE('',*,*,#1160,.T.);
#1690=ORIENTED_EDGE('',*,*,#1149,.T.);
#1691=ORIENTED_EDGE('',*,*,#1199,.T.);
#1692=ORIENTED_EDGE('',*,*,#1200,.T.);
#1693=ORIENTED_EDGE('',*,*,#1201,.T.);
#1694=ORIENTED_EDGE('',*,*,#1202,.T.);
#1695=ORIENTED_EDGE('',*,*,#1203,.T.);
#1696=ORIENTED_EDGE('',*,*,#1204,.T.);
#1697=ORIENTED_EDGE('',*,*,#1205,.T.);
#1698=ORIENTED_EDGE('',*,*,#1206,.T.);
#1699=ORIENTED_EDGE('',*,*,#1207,.T.);
#1700=ORIENTED_EDGE('',*,*,#1208,.T.);
#1701=ORIENTED_EDGE('',*,*,#1209,.T.);
#1702=ORIENTED_EDGE('',*,*,#1210,.T.);
#1703=ORIENTED_EDGE('',*,*,#1211,.T.);
#1704=ORIENTED_EDGE('',*,*,#1212,.T.);
#1705=ORIENTED_EDGE('',*,*,#1213,.T.);
#1706=ORIENTED_EDGE('',*,*,#1214,.T.);
#1707=ORIENTED_EDGE('',*,*,#1215,.T.);
#1708=ORIENTED_EDGE('',*,*,#1216,.T.);
#1709=ORIENTED_EDGE('',*,*,#1217,.T.);
#1710=ORIENTED_EDGE('',*,*,#1218,.T.);
#1711=ORIENTED_EDGE('',*,*,#1219,.T.);
#1712=ORIENTED_EDGE('',*,*,#1220,.T.);
#1713=ORIENTED_EDGE('',*,*,#1221,.T.);
#1714=ORIENTED_EDGE('',*,*,#1222,.T.);
#1715=ORIENTED_EDGE('',*,*,#1223,.T.);
#1716=ORIENTED_EDGE('',*,*,#1224,.T.);
#1717=ORIENTED_EDGE('',*,*,#1225,.T.);
#1718=ORIENTED_EDGE('',*,*,#1226,.T.);
#1719=ORIENTED_EDGE('',*,*,#1227,.T.);
#1720=ORIENTED_EDGE('',*,*,#1228,.T.);
#1721=ORIENTED_EDGE('',*,*,#1229,.T.);
#1722=ORIENTED_EDGE('',*,*,#1230,.T.);
#1723=ORIENTED_EDGE('',*,*,#1231,.T.);
#1724=ORIENTED_EDGE('',*,*,#1232,.T.);
#1725=ORIENTED_EDGE('',*,*,#1233,.T.);
#1726=ORIENTED_EDGE('',*,*,#1234,.T.);
#1727=ORIENTED_EDGE('',*,*,#1235,.T.);
#1728=ORIENTED_EDGE('',*,*,#1236,.T.);
#1729=ORIENTED_EDGE('',*,*,#1209,.F.);
#1730=ORIENTED_EDGE('',*,*,#1237,.F.);
#1731=ORIENTED_EDGE('',*,*,#1173,.F.);
#1732=ORIENTED_EDGE('',*,*,#1238,.T.);
#1733=ORIENTED_EDGE('',*,*,#1208,.F.);
#1734=ORIENTED_EDGE('',*,*,#1239,.F.);
#1735=ORIENTED_EDGE('',*,*,#1174,.F.);
#1736=ORIENTED_EDGE('',*,*,#1237,.T.);
#1737=ORIENTED_EDGE('',*,*,#1207,.F.);
#1738=ORIENTED_EDGE('',*,*,#1240,.F.);
#1739=ORIENTED_EDGE('',*,*,#1175,.F.);
#1740=ORIENTED_EDGE('',*,*,#1239,.T.);
#1741=ORIENTED_EDGE('',*,*,#1206,.F.);
#1742=ORIENTED_EDGE('',*,*,#1241,.F.);
#1743=ORIENTED_EDGE('',*,*,#1176,.F.);
#1744=ORIENTED_EDGE('',*,*,#1240,.T.);
#1745=ORIENTED_EDGE('',*,*,#1205,.F.);
#1746=ORIENTED_EDGE('',*,*,#1242,.F.);
#1747=ORIENTED_EDGE('',*,*,#1177,.F.);
#1748=ORIENTED_EDGE('',*,*,#1241,.T.);
#1749=ORIENTED_EDGE('',*,*,#1204,.F.);
#1750=ORIENTED_EDGE('',*,*,#1243,.F.);
#1751=ORIENTED_EDGE('',*,*,#1178,.F.);
#1752=ORIENTED_EDGE('',*,*,#1242,.T.);
#1753=ORIENTED_EDGE('',*,*,#1203,.F.);
#1754=ORIENTED_EDGE('',*,*,#1244,.F.);
#1755=ORIENTED_EDGE('',*,*,#1179,.F.);
#1756=ORIENTED_EDGE('',*,*,#1243,.T.);
#1757=ORIENTED_EDGE('',*,*,#1202,.F.);
#1758=ORIENTED_EDGE('',*,*,#1245,.F.);
#1759=ORIENTED_EDGE('',*,*,#1180,.F.);
#1760=ORIENTED_EDGE('',*,*,#1244,.T.);
#1761=ORIENTED_EDGE('',*,*,#1201,.F.);
#1762=ORIENTED_EDGE('',*,*,#1246,.F.);
#1763=ORIENTED_EDGE('',*,*,#1181,.F.);
#1764=ORIENTED_EDGE('',*,*,#1245,.T.);
#1765=ORIENTED_EDGE('',*,*,#1200,.F.);
#1766=ORIENTED_EDGE('',*,*,#1247,.F.);
#1767=ORIENTED_EDGE('',*,*,#1182,.F.);
#1768=ORIENTED_EDGE('',*,*,#1246,.T.);
#1769=ORIENTED_EDGE('',*,*,#1199,.F.);
#1770=ORIENTED_EDGE('',*,*,#1248,.F.);
#1771=ORIENTED_EDGE('',*,*,#1161,.F.);
#1772=ORIENTED_EDGE('',*,*,#1247,.T.);
#1773=ORIENTED_EDGE('',*,*,#1220,.F.);
#1774=ORIENTED_EDGE('',*,*,#1249,.F.);
#1775=ORIENTED_EDGE('',*,*,#1162,.F.);
#1776=ORIENTED_EDGE('',*,*,#1248,.T.);
#1777=ORIENTED_EDGE('',*,*,#1219,.F.);
#1778=ORIENTED_EDGE('',*,*,#1250,.F.);
#1779=ORIENTED_EDGE('',*,*,#1163,.F.);
#1780=ORIENTED_EDGE('',*,*,#1249,.T.);
#1781=ORIENTED_EDGE('',*,*,#1218,.F.);
#1782=ORIENTED_EDGE('',*,*,#1251,.F.);
#1783=ORIENTED_EDGE('',*,*,#1164,.F.);
#1784=ORIENTED_EDGE('',*,*,#1250,.T.);
#1785=ORIENTED_EDGE('',*,*,#1217,.F.);
#1786=ORIENTED_EDGE('',*,*,#1252,.F.);
#1787=ORIENTED_EDGE('',*,*,#1165,.F.);
#1788=ORIENTED_EDGE('',*,*,#1251,.T.);
#1789=ORIENTED_EDGE('',*,*,#1216,.F.);
#1790=ORIENTED_EDGE('',*,*,#1253,.F.);
#1791=ORIENTED_EDGE('',*,*,#1166,.F.);
#1792=ORIENTED_EDGE('',*,*,#1252,.T.);
#1793=ORIENTED_EDGE('',*,*,#1215,.F.);
#1794=ORIENTED_EDGE('',*,*,#1254,.F.);
#1795=ORIENTED_EDGE('',*,*,#1167,.F.);
#1796=ORIENTED_EDGE('',*,*,#1253,.T.);
#1797=ORIENTED_EDGE('',*,*,#1214,.F.);
#1798=ORIENTED_EDGE('',*,*,#1255,.F.);
#1799=ORIENTED_EDGE('',*,*,#1168,.F.);
#1800=ORIENTED_EDGE('',*,*,#1254,.T.);
#1801=ORIENTED_EDGE('',*,*,#1213,.F.);
#1802=ORIENTED_EDGE('',*,*,#1256,.F.);
#1803=ORIENTED_EDGE('',*,*,#1169,.F.);
#1804=ORIENTED_EDGE('',*,*,#1255,.T.);
#1805=ORIENTED_EDGE('',*,*,#1212,.F.);
#1806=ORIENTED_EDGE('',*,*,#1257,.F.);
#1807=ORIENTED_EDGE('',*,*,#1170,.F.);
#1808=ORIENTED_EDGE('',*,*,#1256,.T.);
#1809=ORIENTED_EDGE('',*,*,#1211,.F.);
#1810=ORIENTED_EDGE('',*,*,#1258,.F.);
#1811=ORIENTED_EDGE('',*,*,#1171,.F.);
#1812=ORIENTED_EDGE('',*,*,#1257,.T.);
#1813=ORIENTED_EDGE('',*,*,#1210,.F.);
#1814=ORIENTED_EDGE('',*,*,#1238,.F.);
#1815=ORIENTED_EDGE('',*,*,#1172,.F.);
#1816=ORIENTED_EDGE('',*,*,#1258,.T.);
#1817=ORIENTED_EDGE('',*,*,#1222,.F.);
#1818=ORIENTED_EDGE('',*,*,#1259,.F.);
#1819=ORIENTED_EDGE('',*,*,#1186,.F.);
#1820=ORIENTED_EDGE('',*,*,#1260,.T.);
#1821=ORIENTED_EDGE('',*,*,#1221,.F.);
#1822=ORIENTED_EDGE('',*,*,#1261,.F.);
#1823=ORIENTED_EDGE('',*,*,#1183,.F.);
#1824=ORIENTED_EDGE('',*,*,#1259,.T.);
#1825=ORIENTED_EDGE('',*,*,#1224,.F.);
#1826=ORIENTED_EDGE('',*,*,#1262,.F.);
#1827=ORIENTED_EDGE('',*,*,#1184,.F.);
#1828=ORIENTED_EDGE('',*,*,#1261,.T.);
#1829=ORIENTED_EDGE('',*,*,#1223,.F.);
#1830=ORIENTED_EDGE('',*,*,#1260,.F.);
#1831=ORIENTED_EDGE('',*,*,#1185,.F.);
#1832=ORIENTED_EDGE('',*,*,#1262,.T.);
#1833=ORIENTED_EDGE('',*,*,#1230,.F.);
#1834=ORIENTED_EDGE('',*,*,#1263,.F.);
#1835=ORIENTED_EDGE('',*,*,#1194,.F.);
#1836=ORIENTED_EDGE('',*,*,#1264,.T.);
#1837=ORIENTED_EDGE('',*,*,#1229,.F.);
#1838=ORIENTED_EDGE('',*,*,#1265,.F.);
#1839=ORIENTED_EDGE('',*,*,#1195,.F.);
#1840=ORIENTED_EDGE('',*,*,#1263,.T.);
#1841=ORIENTED_EDGE('',*,*,#1228,.F.);
#1842=ORIENTED_EDGE('',*,*,#1266,.F.);
#1843=ORIENTED_EDGE('',*,*,#1196,.F.);
#1844=ORIENTED_EDGE('',*,*,#1265,.T.);
#1845=ORIENTED_EDGE('',*,*,#1227,.F.);
#1846=ORIENTED_EDGE('',*,*,#1267,.F.);
#1847=ORIENTED_EDGE('',*,*,#1197,.F.);
#1848=ORIENTED_EDGE('',*,*,#1266,.T.);
#1849=ORIENTED_EDGE('',*,*,#1226,.F.);
#1850=ORIENTED_EDGE('',*,*,#1268,.F.);
#1851=ORIENTED_EDGE('',*,*,#1198,.F.);
#1852=ORIENTED_EDGE('',*,*,#1267,.T.);
#1853=ORIENTED_EDGE('',*,*,#1225,.F.);
#1854=ORIENTED_EDGE('',*,*,#1269,.F.);
#1855=ORIENTED_EDGE('',*,*,#1187,.F.);
#1856=ORIENTED_EDGE('',*,*,#1268,.T.);
#1857=ORIENTED_EDGE('',*,*,#1236,.F.);
#1858=ORIENTED_EDGE('',*,*,#1270,.F.);
#1859=ORIENTED_EDGE('',*,*,#1188,.F.);
#1860=ORIENTED_EDGE('',*,*,#1269,.T.);
#1861=ORIENTED_EDGE('',*,*,#1235,.F.);
#1862=ORIENTED_EDGE('',*,*,#1271,.F.);
#1863=ORIENTED_EDGE('',*,*,#1189,.F.);
#1864=ORIENTED_EDGE('',*,*,#1270,.T.);
#1865=ORIENTED_EDGE('',*,*,#1234,.F.);
#1866=ORIENTED_EDGE('',*,*,#1272,.F.);
#1867=ORIENTED_EDGE('',*,*,#1190,.F.);
#1868=ORIENTED_EDGE('',*,*,#1271,.T.);
#1869=ORIENTED_EDGE('',*,*,#1233,.F.);
#1870=ORIENTED_EDGE('',*,*,#1273,.F.);
#1871=ORIENTED_EDGE('',*,*,#1191,.F.);
#1872=ORIENTED_EDGE('',*,*,#1272,.T.);
#1873=ORIENTED_EDGE('',*,*,#1232,.F.);
#1874=ORIENTED_EDGE('',*,*,#1274,.F.);
#1875=ORIENTED_EDGE('',*,*,#1192,.F.);
#1876=ORIENTED_EDGE('',*,*,#1273,.T.);
#1877=ORIENTED_EDGE('',*,*,#1231,.F.);
#1878=ORIENTED_EDGE('',*,*,#1264,.F.);
#1879=ORIENTED_EDGE('',*,*,#1193,.F.);
#1880=ORIENTED_EDGE('',*,*,#1274,.T.);
#1881=B_SPLINE_SURFACE_WITH_KNOTS('',3,1,((#2373,#2374),(#2375,#2376),(#2377,
#2378),(#2379,#2380),(#2381,#2382)),.UNSPECIFIED.,.F.,.F.,.F.,(4,1,4),(2,
2),(-0.336006039542182,-0.205995747294291,0.),(0.,0.55),.UNSPECIFIED.);
#1882=B_SPLINE_SURFACE_WITH_KNOTS('',3,1,((#2401,#2402),(#2403,#2404),(#2405,
#2406),(#2407,#2408),(#2409,#2410)),.UNSPECIFIED.,.F.,.F.,.F.,(4,1,4),(2,
2),(-0.170291837250075,-0.0888518401123359,0.),(0.,0.55),.UNSPECIFIED.);
#1883=B_SPLINE_SURFACE_WITH_KNOTS('',3,1,((#2426,#2427),(#2428,#2429),(#2430,
#2431),(#2432,#2433),(#2434,#2435)),.UNSPECIFIED.,.F.,.F.,.F.,(4,1,4),(2,
2),(-0.1579303793774,-0.0781365271517006,0.),(0.,0.55),.UNSPECIFIED.);
#1884=B_SPLINE_SURFACE_WITH_KNOTS('',3,1,((#2451,#2452),(#2453,#2454),(#2455,
#2456),(#2457,#2458),(#2459,#2460)),.UNSPECIFIED.,.F.,.F.,.F.,(4,1,4),(2,
2),(-0.346684600658418,-0.138541975825829,0.),(0.,0.55),.UNSPECIFIED.);
#1885=B_SPLINE_SURFACE_WITH_KNOTS('',3,1,((#2476,#2477),(#2478,#2479),(#2480,
#2481),(#2482,#2483),(#2484,#2485)),.UNSPECIFIED.,.F.,.F.,.F.,(4,1,4),(2,
2),(-0.335661126087009,-0.205570446033796,0.),(0.,0.55),.UNSPECIFIED.);
#1886=B_SPLINE_SURFACE_WITH_KNOTS('',3,1,((#2501,#2502),(#2503,#2504),(#2505,
#2506),(#2507,#2508),(#2509,#2510)),.UNSPECIFIED.,.F.,.F.,.F.,(4,1,4),(2,
2),(-0.169250532778323,-0.0887797039097937,0.),(0.,0.55),.UNSPECIFIED.);
#1887=B_SPLINE_SURFACE_WITH_KNOTS('',3,1,((#2526,#2527),(#2528,#2529),(#2530,
#2531),(#2532,#2533),(#2534,#2535)),.UNSPECIFIED.,.F.,.F.,.F.,(4,1,4),(2,
2),(-0.169448749761436,-0.0804926866743731,0.),(0.,0.55),.UNSPECIFIED.);
#1888=B_SPLINE_SURFACE_WITH_KNOTS('',3,1,((#2551,#2552),(#2553,#2554),(#2555,
#2556),(#2557,#2558),(#2559,#2560)),.UNSPECIFIED.,.F.,.F.,.F.,(4,1,4),(2,
2),(-0.335316243028855,-0.130171034435911,0.),(0.,0.55),.UNSPECIFIED.);
#1889=B_SPLINE_SURFACE_WITH_KNOTS('',3,1,((#2575,#2576),(#2577,#2578),(#2579,
#2580),(#2581,#2582),(#2583,#2584)),.UNSPECIFIED.,.F.,.F.,.F.,(4,1,4),(2,
2),(-0.336006039542182,-0.205995747294291,0.),(0.,0.066),.UNSPECIFIED.);
#1890=B_SPLINE_SURFACE_WITH_KNOTS('',3,1,((#2603,#2604),(#2605,#2606),(#2607,
#2608),(#2609,#2610),(#2611,#2612)),.UNSPECIFIED.,.F.,.F.,.F.,(4,1,4),(2,
2),(-0.170291837250075,-0.0888518401123359,0.),(0.,0.066),.UNSPECIFIED.);
#1891=B_SPLINE_SURFACE_WITH_KNOTS('',3,1,((#2628,#2629),(#2630,#2631),(#2632,
#2633),(#2634,#2635),(#2636,#2637)),.UNSPECIFIED.,.F.,.F.,.F.,(4,1,4),(2,
2),(-0.1579303793774,-0.0781365271517006,0.),(0.,0.066),.UNSPECIFIED.);
#1892=B_SPLINE_SURFACE_WITH_KNOTS('',3,1,((#2653,#2654),(#2655,#2656),(#2657,
#2658),(#2659,#2660),(#2661,#2662)),.UNSPECIFIED.,.F.,.F.,.F.,(4,1,4),(2,
2),(-0.346684600658418,-0.138541975825829,0.),(0.,0.066),.UNSPECIFIED.);
#1893=B_SPLINE_SURFACE_WITH_KNOTS('',3,1,((#2678,#2679),(#2680,#2681),(#2682,
#2683),(#2684,#2685),(#2686,#2687)),.UNSPECIFIED.,.F.,.F.,.F.,(4,1,4),(2,
2),(-0.237851612483356,-0.104291668902067,0.),(0.,0.066),.UNSPECIFIED.);
#1894=B_SPLINE_SURFACE_WITH_KNOTS('',3,1,((#2706,#2707),(#2708,#2709),(#2710,
#2711),(#2712,#2713),(#2714,#2715)),.UNSPECIFIED.,.F.,.F.,.F.,(4,1,4),(2,
2),(-0.287268149055519,-0.159277782296877,0.),(0.,0.066),.UNSPECIFIED.);
#1895=B_SPLINE_SURFACE_WITH_KNOTS('',3,1,((#2731,#2732),(#2733,#2734),(#2735,
#2736),(#2737,#2738),(#2739,#2740)),.UNSPECIFIED.,.F.,.F.,.F.,(4,1,4),(2,
2),(-0.201062898627169,-0.105922758671558,0.),(0.,0.066),.UNSPECIFIED.);
#1896=B_SPLINE_SURFACE_WITH_KNOTS('',3,1,((#2756,#2757),(#2758,#2759),(#2760,
#2761),(#2762,#2763),(#2764,#2765)),.UNSPECIFIED.,.F.,.F.,.F.,(4,1,4),(2,
2),(-0.194113511734688,-0.092676969223588,0.),(0.,0.066),.UNSPECIFIED.);
#1897=B_SPLINE_SURFACE_WITH_KNOTS('',3,1,((#2781,#2782),(#2783,#2784),(#2785,
#2786),(#2787,#2788),(#2789,#2790)),.UNSPECIFIED.,.F.,.F.,.F.,(4,1,4),(2,
2),(-0.256817296166429,-0.131669362589219,0.),(0.,0.066),.UNSPECIFIED.);
#1898=B_SPLINE_SURFACE_WITH_KNOTS('',3,1,((#2806,#2807),(#2808,#2809),(#2810,
#2811),(#2812,#2813),(#2814,#2815)),.UNSPECIFIED.,.F.,.F.,.F.,(4,1,4),(2,
2),(-0.423798104571236,-0.180044051407836,0.),(0.,0.066),.UNSPECIFIED.);
#1899=B_SPLINE_SURFACE_WITH_KNOTS('',3,1,((#2830,#2831),(#2832,#2833),(#2834,
#2835),(#2836,#2837),(#2838,#2839)),.UNSPECIFIED.,.F.,.F.,.F.,(4,1,4),(2,
2),(-0.335661126087009,-0.205570446033796,0.),(0.,0.066),.UNSPECIFIED.);
#1900=B_SPLINE_SURFACE_WITH_KNOTS('',3,1,((#2855,#2856),(#2857,#2858),(#2859,
#2860),(#2861,#2862),(#2863,#2864)),.UNSPECIFIED.,.F.,.F.,.F.,(4,1,4),(2,
2),(-0.169250532778323,-0.0887797039097937,0.),(0.,0.066),.UNSPECIFIED.);
#1901=B_SPLINE_SURFACE_WITH_KNOTS('',3,1,((#2880,#2881),(#2882,#2883),(#2884,
#2885),(#2886,#2887),(#2888,#2889)),.UNSPECIFIED.,.F.,.F.,.F.,(4,1,4),(2,
2),(-0.169448749761436,-0.0804926866743731,0.),(0.,0.066),.UNSPECIFIED.);
#1902=B_SPLINE_SURFACE_WITH_KNOTS('',3,1,((#2905,#2906),(#2907,#2908),(#2909,
#2910),(#2911,#2912),(#2913,#2914)),.UNSPECIFIED.,.F.,.F.,.F.,(4,1,4),(2,
2),(-0.335316243028855,-0.130171034435911,0.),(0.,0.066),.UNSPECIFIED.);
#1903=B_SPLINE_SURFACE_WITH_KNOTS('',3,1,((#2927,#2928),(#2929,#2930),(#2931,
#2932),(#2933,#2934),(#2935,#2936)),.UNSPECIFIED.,.F.,.F.,.F.,(4,1,4),(2,
2),(-0.288682149480591,-0.160304205420918,0.),(0.,0.066),.UNSPECIFIED.);
#1904=B_SPLINE_SURFACE_WITH_KNOTS('',3,1,((#2952,#2953),(#2954,#2955),(#2956,
#2957),(#2958,#2959),(#2960,#2961)),.UNSPECIFIED.,.F.,.F.,.F.,(4,1,4),(2,
2),(-0.200960170287891,-0.105954942234015,0.),(0.,0.066),.UNSPECIFIED.);
#1905=B_SPLINE_SURFACE_WITH_KNOTS('',3,1,((#2977,#2978),(#2979,#2980),(#2981,
#2982),(#2983,#2984),(#2985,#2986)),.UNSPECIFIED.,.F.,.F.,.F.,(4,1,4),(2,
2),(-0.19332285200827,-0.0924051623719644,0.),(0.,0.066),.UNSPECIFIED.);
#1906=B_SPLINE_SURFACE_WITH_KNOTS('',3,1,((#3002,#3003),(#3004,#3005),(#3006,
#3007),(#3008,#3009),(#3010,#3011)),.UNSPECIFIED.,.F.,.F.,.F.,(4,1,4),(2,
2),(-0.145986469391239,-0.0759788126199147,0.),(0.,0.066),.UNSPECIFIED.);
#1907=B_SPLINE_SURFACE_WITH_KNOTS('',3,1,((#3027,#3028),(#3029,#3030),(#3031,
#3032),(#3033,#3034),(#3035,#3036)),.UNSPECIFIED.,.F.,.F.,.F.,(4,1,4),(2,
2),(-0.138205594222864,-0.0680953743457991,0.),(0.,0.066),.UNSPECIFIED.);
#1908=B_SPLINE_SURFACE_WITH_KNOTS('',3,1,((#3052,#3053),(#3054,#3055),(#3056,
#3057),(#3058,#3059),(#3060,#3061)),.UNSPECIFIED.,.F.,.F.,.F.,(4,1,4),(2,
2),(-0.161664243438689,-0.0763514663705507,0.),(0.,0.066),.UNSPECIFIED.);
#1909=B_SPLINE_SURFACE_WITH_KNOTS('',3,1,((#3129,#3130),(#3131,#3132),(#3133,
#3134),(#3135,#3136),(#3137,#3138)),.UNSPECIFIED.,.F.,.F.,.F.,(4,1,4),(2,
2),(-0.201526476086457,-0.103570236456999,0.),(0.,0.066),.UNSPECIFIED.);
#1910=B_SPLINE_SURFACE_WITH_KNOTS('',3,1,((#3154,#3155),(#3156,#3157),(#3158,
#3159),(#3160,#3161),(#3162,#3163)),.UNSPECIFIED.,.F.,.F.,.F.,(4,1,4),(2,
2),(-0.244027747977109,-0.122848558666467,0.),(0.,0.066),.UNSPECIFIED.);
#1911=B_SPLINE_SURFACE_WITH_KNOTS('',3,1,((#3179,#3180),(#3181,#3182),(#3183,
#3184),(#3185,#3186),(#3187,#3188)),.UNSPECIFIED.,.F.,.F.,.F.,(4,1,4),(2,
2),(-0.255280998175027,-0.123736288011087,0.),(0.,0.066),.UNSPECIFIED.);
#1912=B_SPLINE_SURFACE_WITH_KNOTS('',3,1,((#3204,#3205),(#3206,#3207),(#3208,
#3209),(#3210,#3211),(#3212,#3213)),.UNSPECIFIED.,.F.,.F.,.F.,(4,1,4),(2,
2),(-0.251405500488756,-0.12807176336622,0.),(0.,0.066),.UNSPECIFIED.);
#1913=B_SPLINE_SURFACE_WITH_KNOTS('',3,1,((#3229,#3230),(#3231,#3232),(#3233,
#3234),(#3235,#3236),(#3237,#3238)),.UNSPECIFIED.,.F.,.F.,.F.,(4,1,4),(2,
2),(-0.297644669953126,-0.145707131914714,0.),(0.,0.066),.UNSPECIFIED.);
#1914=B_SPLINE_SURFACE_WITH_KNOTS('',3,1,((#3254,#3255),(#3256,#3257),(#3258,
#3259),(#3260,#3261),(#3262,#3263)),.UNSPECIFIED.,.F.,.F.,.F.,(4,1,4),(2,
2),(-0.239588226202144,-0.125355120615896,0.),(0.,0.066),.UNSPECIFIED.);
#1915=B_SPLINE_SURFACE_WITH_KNOTS('',3,1,((#3279,#3280),(#3281,#3282),(#3283,
#3284),(#3285,#3286),(#3287,#3288)),.UNSPECIFIED.,.F.,.F.,.F.,(4,1,4),(2,
2),(-0.229589700278355,-0.11175352641584,0.),(0.,0.066),.UNSPECIFIED.);
#1916=B_SPLINE_SURFACE_WITH_KNOTS('',3,1,((#3310,#3311),(#3312,#3313),(#3314,
#3315),(#3316,#3317),(#3318,#3319)),.UNSPECIFIED.,.F.,.F.,.F.,(4,1,4),(2,
2),(-0.1587291674374,-0.0858155500885339,0.),(0.,0.066),.UNSPECIFIED.);
#1917=B_SPLINE_SURFACE_WITH_KNOTS('',3,1,((#3335,#3336),(#3337,#3338),(#3339,
#3340),(#3341,#3342),(#3343,#3344)),.UNSPECIFIED.,.F.,.F.,.F.,(4,1,4),(2,
2),(-0.136970554896034,-0.0676517251271456,0.),(0.,0.066),.UNSPECIFIED.);
#1918=B_SPLINE_SURFACE_WITH_KNOTS('',3,1,((#3360,#3361),(#3362,#3363),(#3364,
#3365),(#3366,#3367),(#3368,#3369)),.UNSPECIFIED.,.F.,.F.,.F.,(4,1,4),(2,
2),(-0.168200079476686,-0.0835440023606638,0.),(0.,0.066),.UNSPECIFIED.);
#1919=B_SPLINE_SURFACE_WITH_KNOTS('',3,1,((#3385,#3386),(#3387,#3388),(#3389,
#3390),(#3391,#3392),(#3393,#3394)),.UNSPECIFIED.,.F.,.F.,.F.,(4,1,4),(2,
2),(-0.191138026080544,-0.0903716780070937,0.),(0.,0.066),.UNSPECIFIED.);
#1920=B_SPLINE_SURFACE_WITH_KNOTS('',3,1,((#3410,#3411),(#3412,#3413),(#3414,
#3415),(#3416,#3417),(#3418,#3419)),.UNSPECIFIED.,.F.,.F.,.F.,(4,1,4),(2,
2),(-0.179450894048086,-0.0951140775779276,0.),(0.,0.066),.UNSPECIFIED.);
#1921=B_SPLINE_SURFACE_WITH_KNOTS('',3,1,((#3435,#3436),(#3437,#3438),(#3439,
#3440),(#3441,#3442),(#3443,#3444)),.UNSPECIFIED.,.F.,.F.,.F.,(4,1,4),(2,
2),(-0.169640098185151,-0.0819422841062914,0.),(0.,0.066),.UNSPECIFIED.);
#1922=B_SPLINE_SURFACE_WITH_KNOTS('',3,1,((#3459,#3460),(#3461,#3462),(#3463,
#3464),(#3465,#3466),(#3467,#3468)),.UNSPECIFIED.,.F.,.F.,.F.,(4,1,4),(2,
2),(-0.111377184606268,-0.0568466096913553,0.),(0.,0.066),.UNSPECIFIED.);
#1923=B_SPLINE_SURFACE_WITH_KNOTS('',3,1,((#3484,#3485),(#3486,#3487),(#3488,
#3489),(#3490,#3491),(#3492,#3493)),.UNSPECIFIED.,.F.,.F.,.F.,(4,1,4),(2,
2),(-0.103361372824614,-0.0526837518149004,0.),(0.,0.066),.UNSPECIFIED.);
#1924=B_SPLINE_SURFACE_WITH_KNOTS('',3,1,((#4003,#4004),(#4005,#4006),(#4007,
#4008),(#4009,#4010),(#4011,#4012)),.UNSPECIFIED.,.F.,.F.,.F.,(4,1,4),(2,
2),(-0.103361372824614,-0.0526837518149004,0.),(0.,0.55),.UNSPECIFIED.);
#1925=B_SPLINE_SURFACE_WITH_KNOTS('',3,1,((#4014,#4015),(#4016,#4017),(#4018,
#4019),(#4020,#4021),(#4022,#4023)),.UNSPECIFIED.,.F.,.F.,.F.,(4,1,4),(2,
2),(-0.111377184606268,-0.0568466096913553,0.),(0.,0.55),.UNSPECIFIED.);
#1926=B_SPLINE_SURFACE_WITH_KNOTS('',3,1,((#4025,#4026),(#4027,#4028),(#4029,
#4030),(#4031,#4032),(#4033,#4034)),.UNSPECIFIED.,.F.,.F.,.F.,(4,1,4),(2,
2),(-0.169640098185151,-0.0819422841062914,0.),(0.,0.55),.UNSPECIFIED.);
#1927=B_SPLINE_SURFACE_WITH_KNOTS('',3,1,((#4036,#4037),(#4038,#4039),(#4040,
#4041),(#4042,#4043),(#4044,#4045)),.UNSPECIFIED.,.F.,.F.,.F.,(4,1,4),(2,
2),(-0.179450894048086,-0.0951140775779276,0.),(0.,0.55),.UNSPECIFIED.);
#1928=B_SPLINE_SURFACE_WITH_KNOTS('',3,1,((#4047,#4048),(#4049,#4050),(#4051,
#4052),(#4053,#4054),(#4055,#4056)),.UNSPECIFIED.,.F.,.F.,.F.,(4,1,4),(2,
2),(-0.191138026080544,-0.0903716780070937,0.),(0.,0.55),.UNSPECIFIED.);
#1929=B_SPLINE_SURFACE_WITH_KNOTS('',3,1,((#4058,#4059),(#4060,#4061),(#4062,
#4063),(#4064,#4065),(#4066,#4067)),.UNSPECIFIED.,.F.,.F.,.F.,(4,1,4),(2,
2),(-0.168200079476686,-0.0835440023606638,0.),(0.,0.55),.UNSPECIFIED.);
#1930=B_SPLINE_SURFACE_WITH_KNOTS('',3,1,((#4069,#4070),(#4071,#4072),(#4073,
#4074),(#4075,#4076),(#4077,#4078)),.UNSPECIFIED.,.F.,.F.,.F.,(4,1,4),(2,
2),(-0.136970554896034,-0.0676517251271456,0.),(0.,0.55),.UNSPECIFIED.);
#1931=B_SPLINE_SURFACE_WITH_KNOTS('',3,1,((#4080,#4081),(#4082,#4083),(#4084,
#4085),(#4086,#4087),(#4088,#4089)),.UNSPECIFIED.,.F.,.F.,.F.,(4,1,4),(2,
2),(-0.1587291674374,-0.0858155500885339,0.),(0.,0.55),.UNSPECIFIED.);
#1932=B_SPLINE_SURFACE_WITH_KNOTS('',3,1,((#4093,#4094),(#4095,#4096),(#4097,
#4098),(#4099,#4100),(#4101,#4102)),.UNSPECIFIED.,.F.,.F.,.F.,(4,1,4),(2,
2),(-0.229589700278355,-0.11175352641584,0.),(0.,0.55),.UNSPECIFIED.);
#1933=B_SPLINE_SURFACE_WITH_KNOTS('',3,1,((#4104,#4105),(#4106,#4107),(#4108,
#4109),(#4110,#4111),(#4112,#4113)),.UNSPECIFIED.,.F.,.F.,.F.,(4,1,4),(2,
2),(-0.239588226202144,-0.125355120615896,0.),(0.,0.55),.UNSPECIFIED.);
#1934=B_SPLINE_SURFACE_WITH_KNOTS('',3,1,((#4115,#4116),(#4117,#4118),(#4119,
#4120),(#4121,#4122),(#4123,#4124)),.UNSPECIFIED.,.F.,.F.,.F.,(4,1,4),(2,
2),(-0.297644669953126,-0.145707131914714,0.),(0.,0.55),.UNSPECIFIED.);
#1935=B_SPLINE_SURFACE_WITH_KNOTS('',3,1,((#4126,#4127),(#4128,#4129),(#4130,
#4131),(#4132,#4133),(#4134,#4135)),.UNSPECIFIED.,.F.,.F.,.F.,(4,1,4),(2,
2),(-0.251405500488756,-0.12807176336622,0.),(0.,0.55),.UNSPECIFIED.);
#1936=B_SPLINE_SURFACE_WITH_KNOTS('',3,1,((#4137,#4138),(#4139,#4140),(#4141,
#4142),(#4143,#4144),(#4145,#4146)),.UNSPECIFIED.,.F.,.F.,.F.,(4,1,4),(2,
2),(-0.255280998175027,-0.123736288011087,0.),(0.,0.55),.UNSPECIFIED.);
#1937=B_SPLINE_SURFACE_WITH_KNOTS('',3,1,((#4148,#4149),(#4150,#4151),(#4152,
#4153),(#4154,#4155),(#4156,#4157)),.UNSPECIFIED.,.F.,.F.,.F.,(4,1,4),(2,
2),(-0.244027747977109,-0.122848558666467,0.),(0.,0.55),.UNSPECIFIED.);
#1938=B_SPLINE_SURFACE_WITH_KNOTS('',3,1,((#4159,#4160),(#4161,#4162),(#4163,
#4164),(#4165,#4166),(#4167,#4168)),.UNSPECIFIED.,.F.,.F.,.F.,(4,1,4),(2,
2),(-0.201526476086457,-0.103570236456999,0.),(0.,0.55),.UNSPECIFIED.);
#1939=B_SPLINE_SURFACE_WITH_KNOTS('',3,1,((#4185,#4186),(#4187,#4188),(#4189,
#4190),(#4191,#4192),(#4193,#4194)),.UNSPECIFIED.,.F.,.F.,.F.,(4,1,4),(2,
2),(-0.161664243438689,-0.0763514663705507,0.),(0.,0.55),.UNSPECIFIED.);
#1940=B_SPLINE_SURFACE_WITH_KNOTS('',3,1,((#4197,#4198),(#4199,#4200),(#4201,
#4202),(#4203,#4204),(#4205,#4206)),.UNSPECIFIED.,.F.,.F.,.F.,(4,1,4),(2,
2),(-0.138205594222864,-0.0680953743457991,0.),(0.,0.55),.UNSPECIFIED.);
#1941=B_SPLINE_SURFACE_WITH_KNOTS('',3,1,((#4208,#4209),(#4210,#4211),(#4212,
#4213),(#4214,#4215),(#4216,#4217)),.UNSPECIFIED.,.F.,.F.,.F.,(4,1,4),(2,
2),(-0.145986469391239,-0.0759788126199147,0.),(0.,0.55),.UNSPECIFIED.);
#1942=B_SPLINE_SURFACE_WITH_KNOTS('',3,1,((#4219,#4220),(#4221,#4222),(#4223,
#4224),(#4225,#4226),(#4227,#4228)),.UNSPECIFIED.,.F.,.F.,.F.,(4,1,4),(2,
2),(-0.19332285200827,-0.0924051623719644,0.),(0.,0.55),.UNSPECIFIED.);
#1943=B_SPLINE_SURFACE_WITH_KNOTS('',3,1,((#4230,#4231),(#4232,#4233),(#4234,
#4235),(#4236,#4237),(#4238,#4239)),.UNSPECIFIED.,.F.,.F.,.F.,(4,1,4),(2,
2),(-0.200960170287891,-0.105954942234015,0.),(0.,0.55),.UNSPECIFIED.);
#1944=B_SPLINE_SURFACE_WITH_KNOTS('',3,1,((#4241,#4242),(#4243,#4244),(#4245,
#4246),(#4247,#4248),(#4249,#4250)),.UNSPECIFIED.,.F.,.F.,.F.,(4,1,4),(2,
2),(-0.288682149480591,-0.160304205420918,0.),(0.,0.55),.UNSPECIFIED.);
#1945=B_SPLINE_SURFACE_WITH_KNOTS('',3,1,((#4252,#4253),(#4254,#4255),(#4256,
#4257),(#4258,#4259),(#4260,#4261)),.UNSPECIFIED.,.F.,.F.,.F.,(4,1,4),(2,
2),(-0.423798104571236,-0.180044051407836,0.),(0.,0.55),.UNSPECIFIED.);
#1946=B_SPLINE_SURFACE_WITH_KNOTS('',3,1,((#4263,#4264),(#4265,#4266),(#4267,
#4268),(#4269,#4270),(#4271,#4272)),.UNSPECIFIED.,.F.,.F.,.F.,(4,1,4),(2,
2),(-0.256817296166429,-0.131669362589219,0.),(0.,0.55),.UNSPECIFIED.);
#1947=B_SPLINE_SURFACE_WITH_KNOTS('',3,1,((#4274,#4275),(#4276,#4277),(#4278,
#4279),(#4280,#4281),(#4282,#4283)),.UNSPECIFIED.,.F.,.F.,.F.,(4,1,4),(2,
2),(-0.194113511734688,-0.092676969223588,0.),(0.,0.55),.UNSPECIFIED.);
#1948=B_SPLINE_SURFACE_WITH_KNOTS('',3,1,((#4285,#4286),(#4287,#4288),(#4289,
#4290),(#4291,#4292),(#4293,#4294)),.UNSPECIFIED.,.F.,.F.,.F.,(4,1,4),(2,
2),(-0.201062898627169,-0.105922758671558,0.),(0.,0.55),.UNSPECIFIED.);
#1949=B_SPLINE_SURFACE_WITH_KNOTS('',3,1,((#4296,#4297),(#4298,#4299),(#4300,
#4301),(#4302,#4303),(#4304,#4305)),.UNSPECIFIED.,.F.,.F.,.F.,(4,1,4),(2,
2),(-0.287268149055519,-0.159277782296877,0.),(0.,0.55),.UNSPECIFIED.);
#1950=B_SPLINE_SURFACE_WITH_KNOTS('',3,1,((#4307,#4308),(#4309,#4310),(#4311,
#4312),(#4313,#4314),(#4315,#4316)),.UNSPECIFIED.,.F.,.F.,.F.,(4,1,4),(2,
2),(-0.237851612483356,-0.104291668902067,0.),(0.,0.55),.UNSPECIFIED.);
#1951=ADVANCED_FACE('',(#76),#1881,.F.);
#1952=ADVANCED_FACE('',(#77),#1882,.F.);
#1953=ADVANCED_FACE('',(#78),#1883,.F.);
#1954=ADVANCED_FACE('',(#79),#1884,.F.);
#1955=ADVANCED_FACE('',(#80),#1885,.F.);
#1956=ADVANCED_FACE('',(#81),#1886,.F.);
#1957=ADVANCED_FACE('',(#82),#1887,.F.);
#1958=ADVANCED_FACE('',(#83),#1888,.F.);
#1959=ADVANCED_FACE('',(#84),#36,.T.);
#1960=ADVANCED_FACE('',(#85),#37,.F.);
#1961=ADVANCED_FACE('',(#86),#1889,.T.);
#1962=ADVANCED_FACE('',(#87),#1890,.T.);
#1963=ADVANCED_FACE('',(#88),#1891,.T.);
#1964=ADVANCED_FACE('',(#89),#1892,.T.);
#1965=ADVANCED_FACE('',(#90),#1893,.T.);
#1966=ADVANCED_FACE('',(#91),#1894,.T.);
#1967=ADVANCED_FACE('',(#92),#1895,.T.);
#1968=ADVANCED_FACE('',(#93),#1896,.T.);
#1969=ADVANCED_FACE('',(#94),#1897,.T.);
#1970=ADVANCED_FACE('',(#95),#1898,.T.);
#1971=ADVANCED_FACE('',(#96),#1899,.T.);
#1972=ADVANCED_FACE('',(#97),#1900,.T.);
#1973=ADVANCED_FACE('',(#98),#1901,.T.);
#1974=ADVANCED_FACE('',(#99),#1902,.T.);
#1975=ADVANCED_FACE('',(#100),#1903,.T.);
#1976=ADVANCED_FACE('',(#101),#1904,.T.);
#1977=ADVANCED_FACE('',(#102),#1905,.T.);
#1978=ADVANCED_FACE('',(#103),#1906,.T.);
#1979=ADVANCED_FACE('',(#104),#1907,.T.);
#1980=ADVANCED_FACE('',(#105),#1908,.T.);
#1981=ADVANCED_FACE('',(#106,#16),#38,.F.);
#1982=ADVANCED_FACE('',(#107,#17),#39,.T.);
#1983=ADVANCED_FACE('',(#108),#40,.T.);
#1984=ADVANCED_FACE('',(#109),#41,.T.);
#1985=ADVANCED_FACE('',(#110),#42,.T.);
#1986=ADVANCED_FACE('',(#111),#43,.T.);
#1987=ADVANCED_FACE('',(#112),#44,.F.);
#1988=ADVANCED_FACE('',(#113),#45,.T.);
#1989=ADVANCED_FACE('',(#114),#46,.T.);
#1990=ADVANCED_FACE('',(#115),#47,.T.);
#1991=ADVANCED_FACE('',(#116),#48,.T.);
#1992=ADVANCED_FACE('',(#117),#49,.T.);
#1993=ADVANCED_FACE('',(#118),#1909,.T.);
#1994=ADVANCED_FACE('',(#119),#1910,.T.);
#1995=ADVANCED_FACE('',(#120),#1911,.T.);
#1996=ADVANCED_FACE('',(#121),#1912,.T.);
#1997=ADVANCED_FACE('',(#122),#1913,.T.);
#1998=ADVANCED_FACE('',(#123),#1914,.T.);
#1999=ADVANCED_FACE('',(#124),#1915,.T.);
#2000=ADVANCED_FACE('',(#125),#50,.T.);
#2001=ADVANCED_FACE('',(#126),#1916,.T.);
#2002=ADVANCED_FACE('',(#127),#1917,.T.);
#2003=ADVANCED_FACE('',(#128),#1918,.T.);
#2004=ADVANCED_FACE('',(#129),#1919,.T.);
#2005=ADVANCED_FACE('',(#130),#1920,.T.);
#2006=ADVANCED_FACE('',(#131),#1921,.T.);
#2007=ADVANCED_FACE('',(#132),#1922,.T.);
#2008=ADVANCED_FACE('',(#133),#1923,.T.);
#2009=ADVANCED_FACE('',(#134),#51,.T.);
#2010=ADVANCED_FACE('',(#135),#52,.T.);
#2011=ADVANCED_FACE('',(#136),#53,.F.);
#2012=ADVANCED_FACE('',(#137),#54,.T.);
#2013=ADVANCED_FACE('',(#138),#55,.T.);
#2014=ADVANCED_FACE('',(#139),#56,.T.);
#2015=ADVANCED_FACE('',(#140),#57,.T.);
#2016=ADVANCED_FACE('',(#141),#58,.T.);
#2017=ADVANCED_FACE('',(#142),#59,.T.);
#2018=ADVANCED_FACE('',(#143,#18),#60,.T.);
#2019=ADVANCED_FACE('',(#144),#61,.T.);
#2020=ADVANCED_FACE('',(#145),#13,.F.);
#2021=ADVANCED_FACE('',(#146),#62,.T.);
#2022=ADVANCED_FACE('',(#147,#19,#20,#21,#22),#63,.F.);
#2023=ADVANCED_FACE('',(#148,#23,#24,#25),#64,.T.);
#2024=ADVANCED_FACE('',(#149),#65,.F.);
#2025=ADVANCED_FACE('',(#150),#66,.F.);
#2026=ADVANCED_FACE('',(#151),#1924,.F.);
#2027=ADVANCED_FACE('',(#152),#1925,.F.);
#2028=ADVANCED_FACE('',(#153),#1926,.F.);
#2029=ADVANCED_FACE('',(#154),#1927,.F.);
#2030=ADVANCED_FACE('',(#155),#1928,.F.);
#2031=ADVANCED_FACE('',(#156),#1929,.F.);
#2032=ADVANCED_FACE('',(#157),#1930,.F.);
#2033=ADVANCED_FACE('',(#158),#1931,.F.);
#2034=ADVANCED_FACE('',(#159),#67,.F.);
#2035=ADVANCED_FACE('',(#160),#1932,.F.);
#2036=ADVANCED_FACE('',(#161),#1933,.F.);
#2037=ADVANCED_FACE('',(#162),#1934,.F.);
#2038=ADVANCED_FACE('',(#163),#1935,.F.);
#2039=ADVANCED_FACE('',(#164),#1936,.F.);
#2040=ADVANCED_FACE('',(#165),#1937,.F.);
#2041=ADVANCED_FACE('',(#166),#1938,.F.);
#2042=ADVANCED_FACE('',(#167),#68,.F.);
#2043=ADVANCED_FACE('',(#168),#69,.F.);
#2044=ADVANCED_FACE('',(#169),#70,.F.);
#2045=ADVANCED_FACE('',(#170),#71,.F.);
#2046=ADVANCED_FACE('',(#171),#72,.F.);
#2047=ADVANCED_FACE('',(#172),#73,.F.);
#2048=ADVANCED_FACE('',(#173),#74,.F.);
#2049=ADVANCED_FACE('',(#174),#75,.F.);
#2050=ADVANCED_FACE('',(#175),#1939,.F.);
#2051=ADVANCED_FACE('',(#176),#1940,.F.);
#2052=ADVANCED_FACE('',(#177),#1941,.F.);
#2053=ADVANCED_FACE('',(#178),#1942,.F.);
#2054=ADVANCED_FACE('',(#179),#1943,.F.);
#2055=ADVANCED_FACE('',(#180),#1944,.F.);
#2056=ADVANCED_FACE('',(#181),#1945,.F.);
#2057=ADVANCED_FACE('',(#182),#1946,.F.);
#2058=ADVANCED_FACE('',(#183),#1947,.F.);
#2059=ADVANCED_FACE('',(#184),#1948,.F.);
#2060=ADVANCED_FACE('',(#185),#1949,.F.);
#2061=ADVANCED_FACE('',(#186),#1950,.F.);
#2062=CLOSED_SHELL('',(#1951,#1952,#1953,#1954,#1955,#1956,#1957,#1958,
#1959,#1960));
#2063=CLOSED_SHELL('',(#1961,#1962,#1963,#1964,#1965,#1966,#1967,#1968,
#1969,#1970,#1971,#1972,#1973,#1974,#1975,#1976,#1977,#1978,#1979,#1980,
#1981,#1982));
#2064=CLOSED_SHELL('',(#1983,#1984,#1985,#1986,#1987,#1988));
#2065=CLOSED_SHELL('',(#1989,#1990,#1991,#1992,#1993,#1994,#1995,#1996,
#1997,#1998,#1999,#2000,#2001,#2002,#2003,#2004,#2005,#2006,#2007,#2008,
#2009,#2010,#2011,#2012));
#2066=CLOSED_SHELL('',(#2013,#2014,#2015,#2016,#2017,#2018,#2019,#2020,
#2021,#2022,#2023,#2024,#2025,#2026,#2027,#2028,#2029,#2030,#2031,#2032,
#2033,#2034,#2035,#2036,#2037,#2038,#2039,#2040,#2041,#2042,#2043,#2044,
#2045,#2046,#2047,#2048,#2049,#2050,#2051,#2052,#2053,#2054,#2055,#2056,
#2057,#2058,#2059,#2060,#2061));
#2067=DERIVED_UNIT_ELEMENT(#2069,1.);
#2068=DERIVED_UNIT_ELEMENT(#4322,-3.);
#2069=(
MASS_UNIT()
NAMED_UNIT(*)
SI_UNIT(.KILO.,.GRAM.)
);
#2070=DERIVED_UNIT((#2067,#2068));
#2071=MEASURE_REPRESENTATION_ITEM('density measure',
POSITIVE_RATIO_MEASURE(7850.),#2070);
#2072=PROPERTY_DEFINITION_REPRESENTATION(#2077,#2074);
#2073=PROPERTY_DEFINITION_REPRESENTATION(#2078,#2075);
#2074=REPRESENTATION('material name',(#2076),#4319);
#2075=REPRESENTATION('density',(#2071),#4319);
#2076=DESCRIPTIVE_REPRESENTATION_ITEM('Acciaio','Acciaio');
#2077=PROPERTY_DEFINITION('material property','material name',#4329);
#2078=PROPERTY_DEFINITION('material property','density of part',#4329);
#2079=AXIS2_PLACEMENT_3D('',#2372,#2123,#2124);
#2080=AXIS2_PLACEMENT_3D('',#2573,#2133,#2134);
#2081=AXIS2_PLACEMENT_3D('',#2574,#2135,#2136);
#2082=AXIS2_PLACEMENT_3D('',#3074,#2157,#2158);
#2083=AXIS2_PLACEMENT_3D('',#3075,#2159,#2160);
#2084=AXIS2_PLACEMENT_3D('',#3076,#2161,#2162);
#2085=AXIS2_PLACEMENT_3D('',#3085,#2167,#2168);
#2086=AXIS2_PLACEMENT_3D('',#3091,#2172,#2173);
#2087=AXIS2_PLACEMENT_3D('',#3097,#2177,#2178);
#2088=AXIS2_PLACEMENT_3D('',#3100,#2181,#2182);
#2089=AXIS2_PLACEMENT_3D('',#3101,#2183,#2184);
#2090=AXIS2_PLACEMENT_3D('',#3102,#2185,#2186);
#2091=AXIS2_PLACEMENT_3D('',#3111,#2191,#2192);
#2092=AXIS2_PLACEMENT_3D('',#3117,#2196,#2197);
#2093=AXIS2_PLACEMENT_3D('',#3123,#2201,#2202);
#2094=AXIS2_PLACEMENT_3D('',#3304,#2213,#2214);
#2095=AXIS2_PLACEMENT_3D('',#3509,#2226,#2227);
#2096=AXIS2_PLACEMENT_3D('',#3515,#2231,#2232);
#2097=AXIS2_PLACEMENT_3D('',#3518,#2235,#2236);
#2098=AXIS2_PLACEMENT_3D('',#3519,#2237,#2238);
#2099=AXIS2_PLACEMENT_3D('',#3520,#2239,#2240);
#2100=AXIS2_PLACEMENT_3D('',#3529,#2245,#2246);
#2101=AXIS2_PLACEMENT_3D('',#3543,#2254,#2255);
#2102=AXIS2_PLACEMENT_3D('',#3547,#2258,#2259);
#2103=AXIS2_PLACEMENT_3D('',#3559,#2266,#2267);
#2104=AXIS2_PLACEMENT_3D('',#3561,#2269,#2270);
#2105=AXIS2_PLACEMENT_3D('',#3565,#2273,#2274);
#2106=AXIS2_PLACEMENT_3D('',#3566,#2275,#2276);
#2107=AXIS2_PLACEMENT_3D('',#3568,#2278,#2279);
#2108=AXIS2_PLACEMENT_3D('',#3571,#2281,#2282);
#2109=AXIS2_PLACEMENT_3D('',#3572,#2283,#2284);
#2110=AXIS2_PLACEMENT_3D('',#3574,#2286,#2287);
#2111=AXIS2_PLACEMENT_3D('',#3759,#2299,#2300);
#2112=AXIS2_PLACEMENT_3D('',#3998,#2312,#2313);
#2113=AXIS2_PLACEMENT_3D('',#4001,#2316,#2317);
#2114=AXIS2_PLACEMENT_3D('',#4091,#2327,#2328);
#2115=AXIS2_PLACEMENT_3D('',#4170,#2337,#2338);
#2116=AXIS2_PLACEMENT_3D('',#4172,#2340,#2341);
#2117=AXIS2_PLACEMENT_3D('',#4174,#2343,#2344);
#2118=AXIS2_PLACEMENT_3D('',#4176,#2346,#2347);
#2119=AXIS2_PLACEMENT_3D('',#4177,#2348,#2349);
#2120=AXIS2_PLACEMENT_3D('',#4180,#2352,#2353);
#2121=AXIS2_PLACEMENT_3D('',#4182,#2355,#2356);
#2122=AXIS2_PLACEMENT_3D('',#4184,#2358,#2359);
#2123=DIRECTION('axis',(0.,0.,1.));
#2124=DIRECTION('refdir',(1.,0.,0.));
#2125=DIRECTION('',(0.,0.,1.));
#2126=DIRECTION('',(0.,0.,1.));
#2127=DIRECTION('',(0.,0.,1.));
#2128=DIRECTION('',(0.,0.,1.));
#2129=DIRECTION('',(0.,0.,1.));
#2130=DIRECTION('',(0.,0.,1.));
#2131=DIRECTION('',(0.,0.,1.));
#2132=DIRECTION('',(0.,0.,1.));
#2133=DIRECTION('center_axis',(0.,0.,1.));
#2134=DIRECTION('ref_axis',(1.,0.,0.));
#2135=DIRECTION('center_axis',(0.,0.,1.));
#2136=DIRECTION('ref_axis',(1.,0.,0.));
#2137=DIRECTION('',(0.,0.,1.));
#2138=DIRECTION('',(0.,0.,1.));
#2139=DIRECTION('',(0.,0.,1.));
#2140=DIRECTION('',(0.,0.,1.));
#2141=DIRECTION('',(0.,0.,1.));
#2142=DIRECTION('',(0.,0.,1.));
#2143=DIRECTION('',(0.,0.,1.));
#2144=DIRECTION('',(0.,0.,1.));
#2145=DIRECTION('',(0.,0.,1.));
#2146=DIRECTION('',(0.,0.,1.));
#2147=DIRECTION('',(0.,0.,1.));
#2148=DIRECTION('',(0.,0.,1.));
#2149=DIRECTION('',(0.,0.,1.));
#2150=DIRECTION('',(0.,0.,1.));
#2151=DIRECTION('',(0.,0.,1.));
#2152=DIRECTION('',(0.,0.,1.));
#2153=DIRECTION('',(0.,0.,1.));
#2154=DIRECTION('',(0.,0.,1.));
#2155=DIRECTION('',(0.,0.,1.));
#2156=DIRECTION('',(0.,0.,1.));
#2157=DIRECTION('center_axis',(0.,0.,1.));
#2158=DIRECTION('ref_axis',(1.,0.,0.));
#2159=DIRECTION('center_axis',(0.,0.,1.));
#2160=DIRECTION('ref_axis',(1.,0.,0.));
#2161=DIRECTION('center_axis',(0.99995837111372,-0.00912447475729191,0.));
#2162=DIRECTION('ref_axis',(0.00912447475729191,0.99995837111372,0.));
#2163=DIRECTION('',(-0.00912447475729191,-0.99995837111372,0.));
#2164=DIRECTION('',(0.,0.,1.));
#2165=DIRECTION('',(-0.00912447475729191,-0.99995837111372,0.));
#2166=DIRECTION('',(0.,0.,1.));
#2167=DIRECTION('center_axis',(-0.00912447475729355,-0.99995837111372,0.));
#2168=DIRECTION('ref_axis',(0.99995837111372,-0.00912447475729355,0.));
#2169=DIRECTION('',(-0.99995837111372,0.00912447475729355,0.));
#2170=DIRECTION('',(0.,0.,1.));
#2171=DIRECTION('',(-0.99995837111372,0.00912447475729355,0.));
#2172=DIRECTION('center_axis',(-0.99995837111372,0.00912447475729191,0.));
#2173=DIRECTION('ref_axis',(-0.00912447475729191,-0.99995837111372,0.));
#2174=DIRECTION('',(0.00912447475729191,0.99995837111372,0.));
#2175=DIRECTION('',(0.,0.,1.));
#2176=DIRECTION('',(0.00912447475729191,0.99995837111372,0.));
#2177=DIRECTION('center_axis',(0.00912447475729349,0.99995837111372,0.));
#2178=DIRECTION('ref_axis',(-0.99995837111372,0.00912447475729349,0.));
#2179=DIRECTION('',(0.99995837111372,-0.00912447475729349,0.));
#2180=DIRECTION('',(0.99995837111372,-0.00912447475729349,0.));
#2181=DIRECTION('center_axis',(0.,0.,1.));
#2182=DIRECTION('ref_axis',(1.,0.,0.));
#2183=DIRECTION('center_axis',(0.,0.,1.));
#2184=DIRECTION('ref_axis',(1.,0.,0.));
#2185=DIRECTION('center_axis',(0.00912447475729355,0.99995837111372,0.));
#2186=DIRECTION('ref_axis',(-0.99995837111372,0.00912447475729355,0.));
#2187=DIRECTION('',(0.99995837111372,-0.00912447475729355,0.));
#2188=DIRECTION('',(0.,0.,1.));
#2189=DIRECTION('',(0.99995837111372,-0.00912447475729355,0.));
#2190=DIRECTION('',(0.,0.,1.));
#2191=DIRECTION('center_axis',(0.99995837111372,-0.00912447475729218,0.));
#2192=DIRECTION('ref_axis',(0.00912447475729218,0.99995837111372,0.));
#2193=DIRECTION('',(-0.00912447475729218,-0.99995837111372,0.));
#2194=DIRECTION('',(0.,0.,1.));
#2195=DIRECTION('',(-0.00912447475729218,-0.99995837111372,0.));
#2196=DIRECTION('center_axis',(-0.00912447475729366,-0.99995837111372,0.));
#2197=DIRECTION('ref_axis',(0.99995837111372,-0.00912447475729366,0.));
#2198=DIRECTION('',(-0.99995837111372,0.00912447475729366,0.));
#2199=DIRECTION('',(0.,0.,1.));
#2200=DIRECTION('',(-0.99995837111372,0.00912447475729366,0.));
#2201=DIRECTION('center_axis',(0.978650199267961,-0.205532935250731,0.));
#2202=DIRECTION('ref_axis',(0.205532935250731,0.978650199267961,0.));
#2203=DIRECTION('',(-0.205532935250731,-0.978650199267961,0.));
#2204=DIRECTION('',(0.,0.,1.));
#2205=DIRECTION('',(-0.205532935250731,-0.978650199267961,0.));
#2206=DIRECTION('',(0.,0.,1.));
#2207=DIRECTION('',(0.,0.,1.));
#2208=DIRECTION('',(0.,0.,1.));
#2209=DIRECTION('',(0.,0.,1.));
#2210=DIRECTION('',(0.,0.,1.));
#2211=DIRECTION('',(0.,0.,1.));
#2212=DIRECTION('',(0.,0.,1.));
#2213=DIRECTION('center_axis',(-0.0752591516095257,0.99716400862597,0.));
#2214=DIRECTION('ref_axis',(-0.99716400862597,-0.0752591516095257,0.));
#2215=DIRECTION('',(0.99716400862597,0.0752591516095257,0.));
#2216=DIRECTION('',(0.,0.,1.));
#2217=DIRECTION('',(0.99716400862597,0.0752591516095257,0.));
#2218=DIRECTION('',(0.,0.,1.));
#2219=DIRECTION('',(0.,0.,1.));
#2220=DIRECTION('',(0.,0.,1.));
#2221=DIRECTION('',(0.,0.,1.));
#2222=DIRECTION('',(0.,0.,1.));
#2223=DIRECTION('',(0.,0.,1.));
#2224=DIRECTION('',(0.,0.,1.));
#2225=DIRECTION('',(0.,0.,1.));
#2226=DIRECTION('center_axis',(-0.138130744114929,-0.990414003096814,0.));
#2227=DIRECTION('ref_axis',(0.990414003096814,-0.138130744114929,0.));
#2228=DIRECTION('',(-0.990414003096814,0.138130744114929,0.));
#2229=DIRECTION('',(0.,0.,1.));
#2230=DIRECTION('',(-0.990414003096814,0.138130744114929,0.));
#2231=DIRECTION('center_axis',(-0.980947812201483,0.194271433147349,0.));
#2232=DIRECTION('ref_axis',(-0.194271433147349,-0.980947812201483,0.));
#2233=DIRECTION('',(0.194271433147349,0.980947812201483,0.));
#2234=DIRECTION('',(0.194271433147349,0.980947812201483,0.));
#2235=DIRECTION('center_axis',(0.,0.,1.));
#2236=DIRECTION('ref_axis',(1.,0.,0.));
#2237=DIRECTION('center_axis',(0.,0.,1.));
#2238=DIRECTION('ref_axis',(1.,0.,0.));
#2239=DIRECTION('center_axis',(0.,0.,1.));
#2240=DIRECTION('ref_axis',(1.,0.,0.));
#2241=DIRECTION('',(1.,0.,0.));
#2242=DIRECTION('',(0.,1.,0.));
#2243=DIRECTION('',(-1.,0.,0.));
#2244=DIRECTION('',(0.,-1.,0.));
#2245=DIRECTION('center_axis',(0.,-1.,0.));
#2246=DIRECTION('ref_axis',(1.,0.,0.));
#2247=DIRECTION('',(-1.,0.,0.));
#2248=DIRECTION('',(0.,0.,1.));
#2249=DIRECTION('',(-1.,8.88178419700125E-17,0.));
#2250=DIRECTION('',(0.,0.,1.));
#2251=DIRECTION('',(1.,-8.88178419700125E-17,0.));
#2252=DIRECTION('',(0.,0.,1.));
#2253=DIRECTION('',(0.,0.,1.));
#2254=DIRECTION('center_axis',(1.,0.,0.));
#2255=DIRECTION('ref_axis',(0.,1.,0.));
#2256=DIRECTION('',(0.,1.,0.));
#2257=DIRECTION('',(0.,0.,1.));
#2258=DIRECTION('center_axis',(0.,1.,0.));
#2259=DIRECTION('ref_axis',(-1.,0.,0.));
#2260=DIRECTION('',(1.,-8.88178419700125E-17,0.));
#2261=DIRECTION('',(0.,0.,1.));
#2262=DIRECTION('',(-1.,8.88178419700125E-17,0.));
#2263=DIRECTION('',(0.,0.,1.));
#2264=DIRECTION('',(1.,-8.88178419700125E-17,0.));
#2265=DIRECTION('',(0.,0.,1.));
#2266=DIRECTION('center_axis',(-1.,0.,0.));
#2267=DIRECTION('ref_axis',(0.,-1.,0.));
#2268=DIRECTION('',(0.,1.,0.));
#2269=DIRECTION('center_axis',(0.,0.,1.));
#2270=DIRECTION('ref_axis',(1.,0.,0.));
#2271=DIRECTION('',(0.,-1.,0.));
#2272=DIRECTION('',(0.,1.,0.));
#2273=DIRECTION('center_axis',(0.,0.,1.));
#2274=DIRECTION('ref_axis',(1.,0.,0.));
#2275=DIRECTION('center_axis',(1.,0.,0.));
#2276=DIRECTION('ref_axis',(0.,1.,0.));
#2277=DIRECTION('',(0.,-1.,0.));
#2278=DIRECTION('center_axis',(0.,0.,1.));
#2279=DIRECTION('ref_axis',(1.,0.,0.));
#2280=DIRECTION('',(0.,0.,-1.));
#2281=DIRECTION('center_axis',(0.,0.,1.));
#2282=DIRECTION('ref_axis',(1.,0.,0.));
#2283=DIRECTION('center_axis',(-1.,0.,0.));
#2284=DIRECTION('ref_axis',(0.,-1.,0.));
#2285=DIRECTION('',(0.,1.,0.));
#2286=DIRECTION('center_axis',(0.,0.,1.));
#2287=DIRECTION('ref_axis',(1.,0.,0.));
#2288=DIRECTION('',(-0.99716400862597,-0.0752591516095257,0.));
#2289=DIRECTION('',(0.205532935250731,0.978650199267961,0.));
#2290=DIRECTION('',(0.99995837111372,-0.00912447475729366,0.));
#2291=DIRECTION('',(0.00912447475729218,0.99995837111372,0.));
#2292=DIRECTION('',(-0.99995837111372,0.00912447475729355,0.));
#2293=DIRECTION('',(-0.194271433147349,-0.980947812201483,0.));
#2294=DIRECTION('',(0.990414003096814,-0.138130744114929,0.));
#2295=DIRECTION('',(-0.00912447475729191,-0.99995837111372,0.));
#2296=DIRECTION('',(0.99995837111372,-0.00912447475729355,0.));
#2297=DIRECTION('',(0.00912447475729191,0.99995837111372,0.));
#2298=DIRECTION('',(-0.99995837111372,0.00912447475729349,0.));
#2299=DIRECTION('center_axis',(0.,0.,1.));
#2300=DIRECTION('ref_axis',(1.,0.,0.));
#2301=DIRECTION('',(0.99716400862597,0.0752591516095257,0.));
#2302=DIRECTION('',(-0.990414003096814,0.138130744114929,0.));
#2303=DIRECTION('',(0.194271433147349,0.980947812201483,0.));
#2304=DIRECTION('',(0.99995837111372,-0.00912447475729355,0.));
#2305=DIRECTION('',(-0.00912447475729218,-0.99995837111372,0.));
#2306=DIRECTION('',(-0.99995837111372,0.00912447475729366,0.));
#2307=DIRECTION('',(-0.205532935250731,-0.978650199267961,0.));
#2308=DIRECTION('',(0.00912447475729191,0.99995837111372,0.));
#2309=DIRECTION('',(0.99995837111372,-0.00912447475729349,0.));
#2310=DIRECTION('',(-0.00912447475729191,-0.99995837111372,0.));
#2311=DIRECTION('',(-0.99995837111372,0.00912447475729355,0.));
#2312=DIRECTION('center_axis',(-0.980947812201483,0.194271433147349,0.));
#2313=DIRECTION('ref_axis',(-0.194271433147349,-0.980947812201483,0.));
#2314=DIRECTION('',(0.,0.,1.));
#2315=DIRECTION('',(0.,0.,1.));
#2316=DIRECTION('center_axis',(-0.138130744114929,-0.990414003096814,0.));
#2317=DIRECTION('ref_axis',(0.990414003096814,-0.138130744114929,0.));
#2318=DIRECTION('',(0.,0.,1.));
#2319=DIRECTION('',(0.,0.,1.));
#2320=DIRECTION('',(0.,0.,1.));
#2321=DIRECTION('',(0.,0.,1.));
#2322=DIRECTION('',(0.,0.,1.));
#2323=DIRECTION('',(0.,0.,1.));
#2324=DIRECTION('',(0.,0.,1.));
#2325=DIRECTION('',(0.,0.,1.));
#2326=DIRECTION('',(0.,0.,1.));
#2327=DIRECTION('center_axis',(-0.0752591516095257,0.99716400862597,0.));
#2328=DIRECTION('ref_axis',(-0.99716400862597,-0.0752591516095257,0.));
#2329=DIRECTION('',(0.,0.,1.));
#2330=DIRECTION('',(0.,0.,1.));
#2331=DIRECTION('',(0.,0.,1.));
#2332=DIRECTION('',(0.,0.,1.));
#2333=DIRECTION('',(0.,0.,1.));
#2334=DIRECTION('',(0.,0.,1.));
#2335=DIRECTION('',(0.,0.,1.));
#2336=DIRECTION('',(0.,0.,1.));
#2337=DIRECTION('center_axis',(0.978650199267961,-0.205532935250731,0.));
#2338=DIRECTION('ref_axis',(0.205532935250731,0.978650199267961,0.));
#2339=DIRECTION('',(0.,0.,1.));
#2340=DIRECTION('center_axis',(-0.00912447475729366,-0.99995837111372,0.));
#2341=DIRECTION('ref_axis',(0.99995837111372,-0.00912447475729366,0.));
#2342=DIRECTION('',(0.,0.,1.));
#2343=DIRECTION('center_axis',(0.99995837111372,-0.00912447475729218,0.));
#2344=DIRECTION('ref_axis',(0.00912447475729218,0.99995837111372,0.));
#2345=DIRECTION('',(0.,0.,1.));
#2346=DIRECTION('center_axis',(0.00912447475729355,0.99995837111372,0.));
#2347=DIRECTION('ref_axis',(-0.99995837111372,0.00912447475729355,0.));
#2348=DIRECTION('center_axis',(0.00912447475729349,0.99995837111372,0.));
#2349=DIRECTION('ref_axis',(-0.99995837111372,0.00912447475729349,0.));
#2350=DIRECTION('',(0.,0.,1.));
#2351=DIRECTION('',(0.,0.,1.));
#2352=DIRECTION('center_axis',(-0.99995837111372,0.00912447475729191,0.));
#2353=DIRECTION('ref_axis',(-0.00912447475729191,-0.99995837111372,0.));
#2354=DIRECTION('',(0.,0.,1.));
#2355=DIRECTION('center_axis',(-0.00912447475729355,-0.99995837111372,0.));
#2356=DIRECTION('ref_axis',(0.99995837111372,-0.00912447475729355,0.));
#2357=DIRECTION('',(0.,0.,1.));
#2358=DIRECTION('center_axis',(0.99995837111372,-0.00912447475729191,0.));
#2359=DIRECTION('ref_axis',(0.00912447475729191,0.99995837111372,0.));
#2360=DIRECTION('',(0.,0.,1.));
#2361=DIRECTION('',(0.,0.,1.));
#2362=DIRECTION('',(0.,0.,1.));
#2363=DIRECTION('',(0.,0.,1.));
#2364=DIRECTION('',(0.,0.,1.));
#2365=DIRECTION('',(0.,0.,1.));
#2366=DIRECTION('',(0.,0.,1.));
#2367=DIRECTION('',(0.,0.,1.));
#2368=DIRECTION('',(0.,0.,1.));
#2369=DIRECTION('',(0.,0.,1.));
#2370=DIRECTION('',(0.,0.,1.));
#2371=DIRECTION('',(0.,0.,1.));
#2372=CARTESIAN_POINT('',(0.,0.,0.));
#2373=CARTESIAN_POINT('Ctrl Pts',(19.4161855119382,8.1754428106377,0.));
#2374=CARTESIAN_POINT('Ctrl Pts',(19.4161855119382,8.1754428106377,5.5));
#2375=CARTESIAN_POINT('Ctrl Pts',(19.5786040565723,7.76980053732903,0.));
#2376=CARTESIAN_POINT('Ctrl Pts',(19.5786040565723,7.76980053732903,5.5));
#2377=CARTESIAN_POINT('Ctrl Pts',(19.9983678382476,6.72143543200758,0.));
#2378=CARTESIAN_POINT('Ctrl Pts',(19.9983678382476,6.72143543200758,5.5));
#2379=CARTESIAN_POINT('Ctrl Pts',(19.9762078234344,5.58561937577494,0.));
#2380=CARTESIAN_POINT('Ctrl Pts',(19.9762078234344,5.58561937577494,5.5));
#2381=CARTESIAN_POINT('Ctrl Pts',(19.9626221485528,4.88928285274312,0.));
#2382=CARTESIAN_POINT('Ctrl Pts',(19.9626221485528,4.88928285274312,5.5));
#2383=CARTESIAN_POINT('',(19.9626221485528,4.88928285274312,0.6));
#2384=CARTESIAN_POINT('',(19.4161855119382,8.1754428106377,0.6));
#2385=CARTESIAN_POINT('Ctrl Pts',(19.9626221485528,4.88928285274312,0.6));
#2386=CARTESIAN_POINT('Ctrl Pts',(19.9762078234344,5.58561937577494,0.6));
#2387=CARTESIAN_POINT('Ctrl Pts',(19.9897934983161,6.28195589880677,0.6));
#2388=CARTESIAN_POINT('Ctrl Pts',(19.8372791359998,6.94542339257436,0.6));
#2389=CARTESIAN_POINT('Ctrl Pts',(19.7410226012063,7.36415826402037,0.6));
#2390=CARTESIAN_POINT('Ctrl Pts',(19.5786040565723,7.76980053732903,0.6));
#2391=CARTESIAN_POINT('Ctrl Pts',(19.4161855119382,8.1754428106377,0.6));
#2392=CARTESIAN_POINT('',(19.9626221485528,4.88928285274312,0.));
#2393=CARTESIAN_POINT('',(19.9626221485528,4.88928285274312,0.));
#2394=CARTESIAN_POINT('',(19.4161855119382,8.1754428106377,0.));
#2395=CARTESIAN_POINT('Ctrl Pts',(19.4161855119382,8.1754428106377,0.));
#2396=CARTESIAN_POINT('Ctrl Pts',(19.5786040565723,7.76980053732903,0.));
#2397=CARTESIAN_POINT('Ctrl Pts',(19.9983678382476,6.72143543200758,0.));
#2398=CARTESIAN_POINT('Ctrl Pts',(19.9762078234344,5.58561937577494,0.));
#2399=CARTESIAN_POINT('Ctrl Pts',(19.9626221485528,4.88928285274312,0.));
#2400=CARTESIAN_POINT('',(19.4161855119382,8.1754428106377,0.));
#2401=CARTESIAN_POINT('Ctrl Pts',(17.9877712569376,9.00024308735192,0.));
#2402=CARTESIAN_POINT('Ctrl Pts',(17.9877712569376,9.00024308735192,5.5));
#2403=CARTESIAN_POINT('Ctrl Pts',(18.2658892346586,8.95836159275017,0.));
#2404=CARTESIAN_POINT('Ctrl Pts',(18.2658892346586,8.95836159275017,5.5));
#2405=CARTESIAN_POINT('Ctrl Pts',(18.8474366691247,8.87078697446464,0.));
#2406=CARTESIAN_POINT('Ctrl Pts',(18.8474366691247,8.87078697446464,5.5));
#2407=CARTESIAN_POINT('Ctrl Pts',(19.2211802478311,8.41385344483193,0.));
#2408=CARTESIAN_POINT('Ctrl Pts',(19.2211802478311,8.41385344483193,5.5));
#2409=CARTESIAN_POINT('Ctrl Pts',(19.4161855119382,8.1754428106377,0.));
#2410=CARTESIAN_POINT('Ctrl Pts',(19.4161855119382,8.1754428106377,5.5));
#2411=CARTESIAN_POINT('',(17.9877712569376,9.00024308735192,0.6));
#2412=CARTESIAN_POINT('Ctrl Pts',(19.4161855119382,8.1754428106377,0.6));
#2413=CARTESIAN_POINT('Ctrl Pts',(19.2211802478311,8.41385344483193,0.6));
#2414=CARTESIAN_POINT('Ctrl Pts',(19.026174983724,8.65226407902616,0.6));
#2415=CARTESIAN_POINT('Ctrl Pts',(18.7745980765825,8.79012200495653,0.6));
#2416=CARTESIAN_POINT('Ctrl Pts',(18.5440072123795,8.91648009814841,0.6));
#2417=CARTESIAN_POINT('Ctrl Pts',(18.2658892346586,8.95836159275017,0.6));
#2418=CARTESIAN_POINT('Ctrl Pts',(17.9877712569376,9.00024308735192,0.6));
#2419=CARTESIAN_POINT('',(17.9877712569376,9.00024308735192,0.));
#2420=CARTESIAN_POINT('Ctrl Pts',(17.9877712569376,9.00024308735192,0.));
#2421=CARTESIAN_POINT('Ctrl Pts',(18.2658892346586,8.95836159275017,0.));
#2422=CARTESIAN_POINT('Ctrl Pts',(18.8474366691247,8.87078697446464,0.));
#2423=CARTESIAN_POINT('Ctrl Pts',(19.2211802478311,8.41385344483193,0.));
#2424=CARTESIAN_POINT('Ctrl Pts',(19.4161855119382,8.1754428106377,0.));
#2425=CARTESIAN_POINT('',(17.9877712569376,9.00024308735192,0.));
#2426=CARTESIAN_POINT('Ctrl Pts',(16.6306795779378,8.29636208876634,0.));
#2427=CARTESIAN_POINT('Ctrl Pts',(16.6306795779378,8.29636208876634,5.5));
#2428=CARTESIAN_POINT('Ctrl Pts',(16.8135398024821,8.50359728290289,0.));
#2429=CARTESIAN_POINT('Ctrl Pts',(16.8135398024821,8.50359728290289,5.5));
#2430=CARTESIAN_POINT('Ctrl Pts',(17.1754622292078,8.91376337862864,0.));
#2431=CARTESIAN_POINT('Ctrl Pts',(17.1754622292078,8.91376337862864,5.5));
#2432=CARTESIAN_POINT('Ctrl Pts',(17.7189025394456,8.97161889682866,0.));
#2433=CARTESIAN_POINT('Ctrl Pts',(17.7189025394456,8.97161889682866,5.5));
#2434=CARTESIAN_POINT('Ctrl Pts',(17.9877712569376,9.00024308735192,0.));
#2435=CARTESIAN_POINT('Ctrl Pts',(17.9877712569376,9.00024308735192,5.5));
#2436=CARTESIAN_POINT('',(16.6306795779378,8.29636208876634,0.6));
#2437=CARTESIAN_POINT('Ctrl Pts',(17.9877712569376,9.00024308735192,0.6));
#2438=CARTESIAN_POINT('Ctrl Pts',(17.7189025394456,8.97161889682866,0.6));
#2439=CARTESIAN_POINT('Ctrl Pts',(17.4500338219536,8.94299470630539,0.6));
#2440=CARTESIAN_POINT('Ctrl Pts',(17.2255971462868,8.82813174958894,0.6));
#2441=CARTESIAN_POINT('Ctrl Pts',(16.9964000270264,8.71083247703943,0.6));
#2442=CARTESIAN_POINT('Ctrl Pts',(16.8135398024821,8.50359728290289,0.6));
#2443=CARTESIAN_POINT('Ctrl Pts',(16.6306795779378,8.29636208876634,0.6));
#2444=CARTESIAN_POINT('',(16.6306795779378,8.29636208876634,0.));
#2445=CARTESIAN_POINT('Ctrl Pts',(16.6306795779378,8.29636208876634,0.));
#2446=CARTESIAN_POINT('Ctrl Pts',(16.8135398024821,8.50359728290289,0.));
#2447=CARTESIAN_POINT('Ctrl Pts',(17.1754622292078,8.91376337862864,0.));
#2448=CARTESIAN_POINT('Ctrl Pts',(17.7189025394456,8.97161889682866,0.));
#2449=CARTESIAN_POINT('Ctrl Pts',(17.9877712569376,9.00024308735192,0.));
#2450=CARTESIAN_POINT('',(16.6306795779378,8.29636208876634,0.));
#2451=CARTESIAN_POINT('Ctrl Pts',(15.96551689353,4.92575585707537,0.));
#2452=CARTESIAN_POINT('Ctrl Pts',(15.96551689353,4.92575585707537,5.5));
#2453=CARTESIAN_POINT('Ctrl Pts',(15.9691478395754,5.62960538290409,0.));
#2454=CARTESIAN_POINT('Ctrl Pts',(15.9691478395754,5.62960538290409,5.5));
#2455=CARTESIAN_POINT('Ctrl Pts',(15.975195582467,6.8019447438678,0.));
#2456=CARTESIAN_POINT('Ctrl Pts',(15.975195582467,6.8019447438678,5.5));
#2457=CARTESIAN_POINT('Ctrl Pts',(16.4435256744713,7.86967579064402,0.));
#2458=CARTESIAN_POINT('Ctrl Pts',(16.4435256744713,7.86967579064402,5.5));
#2459=CARTESIAN_POINT('Ctrl Pts',(16.6306795779378,8.29636208876634,0.));
#2460=CARTESIAN_POINT('Ctrl Pts',(16.6306795779378,8.29636208876634,5.5));
#2461=CARTESIAN_POINT('',(15.96551689353,4.92575585707537,0.6));
#2462=CARTESIAN_POINT('Ctrl Pts',(16.6306795779378,8.29636208876634,0.6));
#2463=CARTESIAN_POINT('Ctrl Pts',(16.4435256744713,7.86967579064402,0.6));
#2464=CARTESIAN_POINT('Ctrl Pts',(16.2563717710047,7.44298949252169,0.6));
#2465=CARTESIAN_POINT('Ctrl Pts',(16.143042443856,6.99959767992527,0.6));
#2466=CARTESIAN_POINT('Ctrl Pts',(15.9727787856208,6.33345490873281,0.6));
#2467=CARTESIAN_POINT('Ctrl Pts',(15.9691478395754,5.62960538290409,0.6));
#2468=CARTESIAN_POINT('Ctrl Pts',(15.96551689353,4.92575585707537,0.6));
#2469=CARTESIAN_POINT('',(15.96551689353,4.92575585707537,0.));
#2470=CARTESIAN_POINT('Ctrl Pts',(15.96551689353,4.92575585707537,0.));
#2471=CARTESIAN_POINT('Ctrl Pts',(15.9691478395754,5.62960538290409,0.));
#2472=CARTESIAN_POINT('Ctrl Pts',(15.975195582467,6.8019447438678,0.));
#2473=CARTESIAN_POINT('Ctrl Pts',(16.4435256744713,7.86967579064402,0.));
#2474=CARTESIAN_POINT('Ctrl Pts',(16.6306795779378,8.29636208876634,0.));
#2475=CARTESIAN_POINT('',(15.96551689353,4.92575585707537,0.));
#2476=CARTESIAN_POINT('Ctrl Pts',(16.5119852513355,1.6430069255593,0.));
#2477=CARTESIAN_POINT('Ctrl Pts',(16.5119852513355,1.6430069255593,5.5));
#2478=CARTESIAN_POINT('Ctrl Pts',(16.3495488416247,2.04893008565338,0.));
#2479=CARTESIAN_POINT('Ctrl Pts',(16.3495488416247,2.04893008565338,5.5));
#2480=CARTESIAN_POINT('Ctrl Pts',(15.9304289770905,3.09629662233566,0.));
#2481=CARTESIAN_POINT('Ctrl Pts',(15.9304289770905,3.09629662233566,5.5));
#2482=CARTESIAN_POINT('Ctrl Pts',(15.9521898095156,4.23089108890891,0.));
#2483=CARTESIAN_POINT('Ctrl Pts',(15.9521898095156,4.23089108890891,5.5));
#2484=CARTESIAN_POINT('Ctrl Pts',(15.96551689353,4.92575585707537,0.));
#2485=CARTESIAN_POINT('Ctrl Pts',(15.96551689353,4.92575585707537,5.5));
#2486=CARTESIAN_POINT('',(16.5119852513355,1.6430069255593,0.6));
#2487=CARTESIAN_POINT('Ctrl Pts',(15.96551689353,4.92575585707537,0.6));
#2488=CARTESIAN_POINT('Ctrl Pts',(15.9521898095156,4.23089108890891,0.6));
#2489=CARTESIAN_POINT('Ctrl Pts',(15.9388627255013,3.53602632074246,0.6));
#2490=CARTESIAN_POINT('Ctrl Pts',(16.0908994044874,2.8738786545607,0.6));
#2491=CARTESIAN_POINT('Ctrl Pts',(16.1871124319139,2.45485324574746,0.6));
#2492=CARTESIAN_POINT('Ctrl Pts',(16.3495488416247,2.04893008565338,0.6));
#2493=CARTESIAN_POINT('Ctrl Pts',(16.5119852513355,1.6430069255593,0.6));
#2494=CARTESIAN_POINT('',(16.5119852513355,1.6430069255593,0.));
#2495=CARTESIAN_POINT('Ctrl Pts',(16.5119852513355,1.6430069255593,0.));
#2496=CARTESIAN_POINT('Ctrl Pts',(16.3495488416247,2.04893008565338,0.));
#2497=CARTESIAN_POINT('Ctrl Pts',(15.9304289770905,3.09629662233566,0.));
#2498=CARTESIAN_POINT('Ctrl Pts',(15.9521898095156,4.23089108890891,0.));
#2499=CARTESIAN_POINT('Ctrl Pts',(15.96551689353,4.92575585707537,0.));
#2500=CARTESIAN_POINT('',(16.5119852513355,1.6430069255593,0.));
#2501=CARTESIAN_POINT('Ctrl Pts',(17.9267242538982,0.814920117705624,0.));
#2502=CARTESIAN_POINT('Ctrl Pts',(17.9267242538982,0.814920117705624,5.5));
#2503=CARTESIAN_POINT('Ctrl Pts',(17.6521601021447,0.857592841239219,0.));
#2504=CARTESIAN_POINT('Ctrl Pts',(17.6521601021447,0.857592841239219,5.5));
#2505=CARTESIAN_POINT('Ctrl Pts',(17.074682156167,0.947344385925846,0.));
#2506=CARTESIAN_POINT('Ctrl Pts',(17.074682156167,0.947344385925846,5.5));
#2507=CARTESIAN_POINT('Ctrl Pts',(16.7055907188307,1.40365236354166,0.));
#2508=CARTESIAN_POINT('Ctrl Pts',(16.7055907188307,1.40365236354166,5.5));
#2509=CARTESIAN_POINT('Ctrl Pts',(16.5119852513355,1.6430069255593,0.));
#2510=CARTESIAN_POINT('Ctrl Pts',(16.5119852513355,1.6430069255593,5.5));
#2511=CARTESIAN_POINT('',(17.9267242538982,0.814920117705624,0.6));
#2512=CARTESIAN_POINT('Ctrl Pts',(16.5119852513355,1.6430069255593,0.6));
#2513=CARTESIAN_POINT('Ctrl Pts',(16.7055907188307,1.40365236354166,0.6));
#2514=CARTESIAN_POINT('Ctrl Pts',(16.8991961863259,1.16429780152401,0.6));
#2515=CARTESIAN_POINT('Ctrl Pts',(17.1501389083784,1.02580072611384,0.6));
#2516=CARTESIAN_POINT('Ctrl Pts',(17.3775959503911,0.900265564772818,0.6));
#2517=CARTESIAN_POINT('Ctrl Pts',(17.6521601021447,0.857592841239219,0.6));
#2518=CARTESIAN_POINT('Ctrl Pts',(17.9267242538982,0.814920117705624,0.6));
#2519=CARTESIAN_POINT('',(17.9267242538982,0.814920117705624,0.));
#2520=CARTESIAN_POINT('Ctrl Pts',(17.9267242538982,0.814920117705624,0.));
#2521=CARTESIAN_POINT('Ctrl Pts',(17.6521601021447,0.857592841239219,0.));
#2522=CARTESIAN_POINT('Ctrl Pts',(17.074682156167,0.947344385925846,0.));
#2523=CARTESIAN_POINT('Ctrl Pts',(16.7055907188307,1.40365236354166,0.));
#2524=CARTESIAN_POINT('Ctrl Pts',(16.5119852513355,1.6430069255593,0.));
#2525=CARTESIAN_POINT('',(17.9267242538982,0.814920117705624,0.));
#2526=CARTESIAN_POINT('Ctrl Pts',(19.3563722744118,1.62046302726393,0.));
#2527=CARTESIAN_POINT('Ctrl Pts',(19.3563722744118,1.62046302726393,5.5));
#2528=CARTESIAN_POINT('Ctrl Pts',(19.1585666113641,1.38369203875127,0.));
#2529=CARTESIAN_POINT('Ctrl Pts',(19.1585666113641,1.38369203875127,5.5));
#2530=CARTESIAN_POINT('Ctrl Pts',(18.7817747307886,0.9326767106113,0.));
#2531=CARTESIAN_POINT('Ctrl Pts',(18.7817747307886,0.9326767106113,5.5));
#2532=CARTESIAN_POINT('Ctrl Pts',(18.2020900000049,0.85284317949067,0.));
#2533=CARTESIAN_POINT('Ctrl Pts',(18.2020900000049,0.85284317949067,5.5));
#2534=CARTESIAN_POINT('Ctrl Pts',(17.9267242538982,0.814920117705624,0.));
#2535=CARTESIAN_POINT('Ctrl Pts',(17.9267242538982,0.814920117705624,5.5));
#2536=CARTESIAN_POINT('',(19.3563722744118,1.62046302726393,0.6));
#2537=CARTESIAN_POINT('Ctrl Pts',(17.9267242538982,0.814920117705624,0.6));
#2538=CARTESIAN_POINT('Ctrl Pts',(18.2020900000049,0.85284317949067,0.6));
#2539=CARTESIAN_POINT('Ctrl Pts',(18.4774557461115,0.890766241275716,0.6));
#2540=CARTESIAN_POINT('Ctrl Pts',(18.7070386392514,1.01244662432376,0.6));
#2541=CARTESIAN_POINT('Ctrl Pts',(18.9607609483164,1.1469210502386,0.6));
#2542=CARTESIAN_POINT('Ctrl Pts',(19.1585666113641,1.38369203875127,0.6));
#2543=CARTESIAN_POINT('Ctrl Pts',(19.3563722744118,1.62046302726393,0.6));
#2544=CARTESIAN_POINT('',(19.3563722744118,1.62046302726393,0.));
#2545=CARTESIAN_POINT('Ctrl Pts',(19.3563722744118,1.62046302726393,0.));
#2546=CARTESIAN_POINT('Ctrl Pts',(19.1585666113641,1.38369203875127,0.));
#2547=CARTESIAN_POINT('Ctrl Pts',(18.7817747307886,0.9326767106113,0.));
#2548=CARTESIAN_POINT('Ctrl Pts',(18.2020900000049,0.85284317949067,0.));
#2549=CARTESIAN_POINT('Ctrl Pts',(17.9267242538982,0.814920117705624,0.));
#2550=CARTESIAN_POINT('',(19.3563722744118,1.62046302726393,0.));
#2551=CARTESIAN_POINT('Ctrl Pts',(19.9626221485528,4.88928285274312,0.));
#2552=CARTESIAN_POINT('Ctrl Pts',(19.9626221485528,4.88928285274312,5.5));
#2553=CARTESIAN_POINT('Ctrl Pts',(19.963035659675,4.19576652574897,0.));
#2554=CARTESIAN_POINT('Ctrl Pts',(19.963035659675,4.19576652574897,5.5));
#2555=CARTESIAN_POINT('Ctrl Pts',(19.9637115565039,3.06219245476846,0.));
#2556=CARTESIAN_POINT('Ctrl Pts',(19.9637115565039,3.06219245476846,5.5));
#2557=CARTESIAN_POINT('Ctrl Pts',(19.5262114653648,2.02363497210654,0.));
#2558=CARTESIAN_POINT('Ctrl Pts',(19.5262114653648,2.02363497210654,5.5));
#2559=CARTESIAN_POINT('Ctrl Pts',(19.3563722744118,1.62046302726393,0.));
#2560=CARTESIAN_POINT('Ctrl Pts',(19.3563722744118,1.62046302726393,5.5));
#2561=CARTESIAN_POINT('Ctrl Pts',(19.3563722744118,1.62046302726393,0.6));
#2562=CARTESIAN_POINT('Ctrl Pts',(19.5262114653648,2.02363497210654,0.6));
#2563=CARTESIAN_POINT('Ctrl Pts',(19.6960506563177,2.42680691694914,0.6));
#2564=CARTESIAN_POINT('Ctrl Pts',(19.7998557715188,2.84429806860131,0.6));
#2565=CARTESIAN_POINT('Ctrl Pts',(19.9634491707972,3.50225019875481,0.6));
#2566=CARTESIAN_POINT('Ctrl Pts',(19.963035659675,4.19576652574897,0.6));
#2567=CARTESIAN_POINT('Ctrl Pts',(19.9626221485528,4.88928285274312,0.6));
#2568=CARTESIAN_POINT('Ctrl Pts',(19.9626221485528,4.88928285274312,0.));
#2569=CARTESIAN_POINT('Ctrl Pts',(19.963035659675,4.19576652574897,0.));
#2570=CARTESIAN_POINT('Ctrl Pts',(19.9637115565039,3.06219245476846,0.));
#2571=CARTESIAN_POINT('Ctrl Pts',(19.5262114653648,2.02363497210654,0.));
#2572=CARTESIAN_POINT('Ctrl Pts',(19.3563722744118,1.62046302726393,0.));
#2573=CARTESIAN_POINT('Origin',(11.2470805187714,1.05776542300557,0.6));
#2574=CARTESIAN_POINT('Origin',(-20.7529194812286,1.05776542300557,0.));
#2575=CARTESIAN_POINT('Ctrl Pts',(19.4161855119382,8.1754428106377,0.));
#2576=CARTESIAN_POINT('Ctrl Pts',(19.4161855119382,8.1754428106377,0.66));
#2577=CARTESIAN_POINT('Ctrl Pts',(19.5786040565723,7.76980053732903,0.));
#2578=CARTESIAN_POINT('Ctrl Pts',(19.5786040565723,7.76980053732903,0.66));
#2579=CARTESIAN_POINT('Ctrl Pts',(19.9983678382476,6.72143543200758,0.));
#2580=CARTESIAN_POINT('Ctrl Pts',(19.9983678382476,6.72143543200758,0.66));
#2581=CARTESIAN_POINT('Ctrl Pts',(19.9762078234344,5.58561937577494,0.));
#2582=CARTESIAN_POINT('Ctrl Pts',(19.9762078234344,5.58561937577494,0.66));
#2583=CARTESIAN_POINT('Ctrl Pts',(19.9626221485528,4.88928285274312,0.));
#2584=CARTESIAN_POINT('Ctrl Pts',(19.9626221485528,4.88928285274312,0.66));
#2585=CARTESIAN_POINT('',(19.9626221485528,4.88928285274312,0.6));
#2586=CARTESIAN_POINT('',(19.4161855119382,8.1754428106377,0.6));
#2587=CARTESIAN_POINT('Ctrl Pts',(19.9626221485528,4.88928285274312,0.6));
#2588=CARTESIAN_POINT('Ctrl Pts',(19.9762078234344,5.58561937577494,0.6));
#2589=CARTESIAN_POINT('Ctrl Pts',(19.9897934983161,6.28195589880677,0.6));
#2590=CARTESIAN_POINT('Ctrl Pts',(19.8372791359998,6.94542339257436,0.6));
#2591=CARTESIAN_POINT('Ctrl Pts',(19.7410226012063,7.36415826402037,0.6));
#2592=CARTESIAN_POINT('Ctrl Pts',(19.5786040565723,7.76980053732903,0.6));
#2593=CARTESIAN_POINT('Ctrl Pts',(19.4161855119382,8.1754428106377,0.6));
#2594=CARTESIAN_POINT('',(19.4161855119382,8.1754428106377,0.));
#2595=CARTESIAN_POINT('',(19.4161855119382,8.1754428106377,0.));
#2596=CARTESIAN_POINT('',(19.9626221485528,4.88928285274312,0.));
#2597=CARTESIAN_POINT('Ctrl Pts',(19.9626221485528,4.88928285274312,0.));
#2598=CARTESIAN_POINT('Ctrl Pts',(19.9762078234344,5.58561937577494,0.));
#2599=CARTESIAN_POINT('Ctrl Pts',(19.9983678382476,6.72143543200758,0.));
#2600=CARTESIAN_POINT('Ctrl Pts',(19.5786040565723,7.76980053732903,0.));
#2601=CARTESIAN_POINT('Ctrl Pts',(19.4161855119382,8.1754428106377,0.));
#2602=CARTESIAN_POINT('',(19.9626221485528,4.88928285274312,0.));
#2603=CARTESIAN_POINT('Ctrl Pts',(17.9877712569376,9.00024308735192,0.));
#2604=CARTESIAN_POINT('Ctrl Pts',(17.9877712569376,9.00024308735192,0.66));
#2605=CARTESIAN_POINT('Ctrl Pts',(18.2658892346586,8.95836159275017,0.));
#2606=CARTESIAN_POINT('Ctrl Pts',(18.2658892346586,8.95836159275017,0.66));
#2607=CARTESIAN_POINT('Ctrl Pts',(18.8474366691247,8.87078697446464,0.));
#2608=CARTESIAN_POINT('Ctrl Pts',(18.8474366691247,8.87078697446464,0.66));
#2609=CARTESIAN_POINT('Ctrl Pts',(19.2211802478311,8.41385344483193,0.));
#2610=CARTESIAN_POINT('Ctrl Pts',(19.2211802478311,8.41385344483193,0.66));
#2611=CARTESIAN_POINT('Ctrl Pts',(19.4161855119382,8.1754428106377,0.));
#2612=CARTESIAN_POINT('Ctrl Pts',(19.4161855119382,8.1754428106377,0.66));
#2613=CARTESIAN_POINT('',(17.9877712569376,9.00024308735192,0.6));
#2614=CARTESIAN_POINT('Ctrl Pts',(19.4161855119382,8.1754428106377,0.6));
#2615=CARTESIAN_POINT('Ctrl Pts',(19.2211802478311,8.41385344483193,0.6));
#2616=CARTESIAN_POINT('Ctrl Pts',(19.026174983724,8.65226407902616,0.6));
#2617=CARTESIAN_POINT('Ctrl Pts',(18.7745980765825,8.79012200495653,0.6));
#2618=CARTESIAN_POINT('Ctrl Pts',(18.5440072123795,8.91648009814841,0.6));
#2619=CARTESIAN_POINT('Ctrl Pts',(18.2658892346586,8.95836159275017,0.6));
#2620=CARTESIAN_POINT('Ctrl Pts',(17.9877712569376,9.00024308735192,0.6));
#2621=CARTESIAN_POINT('',(17.9877712569376,9.00024308735192,0.));
#2622=CARTESIAN_POINT('',(17.9877712569376,9.00024308735192,0.));
#2623=CARTESIAN_POINT('Ctrl Pts',(19.4161855119382,8.1754428106377,0.));
#2624=CARTESIAN_POINT('Ctrl Pts',(19.2211802478311,8.41385344483193,0.));
#2625=CARTESIAN_POINT('Ctrl Pts',(18.8474366691247,8.87078697446464,0.));
#2626=CARTESIAN_POINT('Ctrl Pts',(18.2658892346586,8.95836159275017,0.));
#2627=CARTESIAN_POINT('Ctrl Pts',(17.9877712569376,9.00024308735192,0.));
#2628=CARTESIAN_POINT('Ctrl Pts',(16.6306795779378,8.29636208876634,0.));
#2629=CARTESIAN_POINT('Ctrl Pts',(16.6306795779378,8.29636208876634,0.66));
#2630=CARTESIAN_POINT('Ctrl Pts',(16.8135398024821,8.50359728290289,0.));
#2631=CARTESIAN_POINT('Ctrl Pts',(16.8135398024821,8.50359728290289,0.66));
#2632=CARTESIAN_POINT('Ctrl Pts',(17.1754622292078,8.91376337862864,0.));
#2633=CARTESIAN_POINT('Ctrl Pts',(17.1754622292078,8.91376337862864,0.66));
#2634=CARTESIAN_POINT('Ctrl Pts',(17.7189025394456,8.97161889682866,0.));
#2635=CARTESIAN_POINT('Ctrl Pts',(17.7189025394456,8.97161889682866,0.66));
#2636=CARTESIAN_POINT('Ctrl Pts',(17.9877712569376,9.00024308735192,0.));
#2637=CARTESIAN_POINT('Ctrl Pts',(17.9877712569376,9.00024308735192,0.66));
#2638=CARTESIAN_POINT('',(16.6306795779378,8.29636208876634,0.6));
#2639=CARTESIAN_POINT('Ctrl Pts',(17.9877712569376,9.00024308735192,0.6));
#2640=CARTESIAN_POINT('Ctrl Pts',(17.7189025394456,8.97161889682866,0.6));
#2641=CARTESIAN_POINT('Ctrl Pts',(17.4500338219536,8.94299470630539,0.6));
#2642=CARTESIAN_POINT('Ctrl Pts',(17.2255971462868,8.82813174958894,0.6));
#2643=CARTESIAN_POINT('Ctrl Pts',(16.9964000270264,8.71083247703943,0.6));
#2644=CARTESIAN_POINT('Ctrl Pts',(16.8135398024821,8.50359728290289,0.6));
#2645=CARTESIAN_POINT('Ctrl Pts',(16.6306795779378,8.29636208876634,0.6));
#2646=CARTESIAN_POINT('',(16.6306795779378,8.29636208876634,0.));
#2647=CARTESIAN_POINT('',(16.6306795779378,8.29636208876634,0.));
#2648=CARTESIAN_POINT('Ctrl Pts',(17.9877712569376,9.00024308735192,0.));
#2649=CARTESIAN_POINT('Ctrl Pts',(17.7189025394456,8.97161889682866,0.));
#2650=CARTESIAN_POINT('Ctrl Pts',(17.1754622292078,8.91376337862864,0.));
#2651=CARTESIAN_POINT('Ctrl Pts',(16.8135398024821,8.50359728290289,0.));
#2652=CARTESIAN_POINT('Ctrl Pts',(16.6306795779378,8.29636208876634,0.));
#2653=CARTESIAN_POINT('Ctrl Pts',(15.96551689353,4.92575585707537,0.));
#2654=CARTESIAN_POINT('Ctrl Pts',(15.96551689353,4.92575585707537,0.66));
#2655=CARTESIAN_POINT('Ctrl Pts',(15.9691478395754,5.62960538290409,0.));
#2656=CARTESIAN_POINT('Ctrl Pts',(15.9691478395754,5.62960538290409,0.66));
#2657=CARTESIAN_POINT('Ctrl Pts',(15.975195582467,6.8019447438678,0.));
#2658=CARTESIAN_POINT('Ctrl Pts',(15.975195582467,6.8019447438678,0.66));
#2659=CARTESIAN_POINT('Ctrl Pts',(16.4435256744713,7.86967579064402,0.));
#2660=CARTESIAN_POINT('Ctrl Pts',(16.4435256744713,7.86967579064402,0.66));
#2661=CARTESIAN_POINT('Ctrl Pts',(16.6306795779378,8.29636208876634,0.));
#2662=CARTESIAN_POINT('Ctrl Pts',(16.6306795779378,8.29636208876634,0.66));
#2663=CARTESIAN_POINT('',(15.96551689353,4.92575585707537,0.6));
#2664=CARTESIAN_POINT('Ctrl Pts',(16.6306795779378,8.29636208876634,0.6));
#2665=CARTESIAN_POINT('Ctrl Pts',(16.4435256744713,7.86967579064402,0.6));
#2666=CARTESIAN_POINT('Ctrl Pts',(16.2563717710047,7.44298949252169,0.6));
#2667=CARTESIAN_POINT('Ctrl Pts',(16.143042443856,6.99959767992527,0.6));
#2668=CARTESIAN_POINT('Ctrl Pts',(15.9727787856208,6.33345490873281,0.6));
#2669=CARTESIAN_POINT('Ctrl Pts',(15.9691478395754,5.62960538290409,0.6));
#2670=CARTESIAN_POINT('Ctrl Pts',(15.96551689353,4.92575585707537,0.6));
#2671=CARTESIAN_POINT('',(15.96551689353,4.92575585707537,0.));
#2672=CARTESIAN_POINT('',(15.96551689353,4.92575585707537,0.));
#2673=CARTESIAN_POINT('Ctrl Pts',(16.6306795779378,8.29636208876634,0.));
#2674=CARTESIAN_POINT('Ctrl Pts',(16.4435256744713,7.86967579064402,0.));
#2675=CARTESIAN_POINT('Ctrl Pts',(15.975195582467,6.8019447438678,0.));
#2676=CARTESIAN_POINT('Ctrl Pts',(15.9691478395754,5.62960538290409,0.));
#2677=CARTESIAN_POINT('Ctrl Pts',(15.96551689353,4.92575585707537,0.));
#2678=CARTESIAN_POINT('Ctrl Pts',(21.2245072337508,4.87776833480007,0.));
#2679=CARTESIAN_POINT('Ctrl Pts',(21.2245072337508,4.87776833480007,0.66));
#2680=CARTESIAN_POINT('Ctrl Pts',(21.2247886943765,5.32412639118854,0.));
#2681=CARTESIAN_POINT('Ctrl Pts',(21.2247886943765,5.32412639118854,0.66));
#2682=CARTESIAN_POINT('Ctrl Pts',(21.2252899364547,6.11902777112449,0.));
#2683=CARTESIAN_POINT('Ctrl Pts',(21.2252899364547,6.11902777112449,0.66));
#2684=CARTESIAN_POINT('Ctrl Pts',(21.0832575433314,6.9005996876036,0.));
#2685=CARTESIAN_POINT('Ctrl Pts',(21.0832575433314,6.9005996876036,0.66));
#2686=CARTESIAN_POINT('Ctrl Pts',(21.0209800789816,7.24329839242024,0.));
#2687=CARTESIAN_POINT('Ctrl Pts',(21.0209800789816,7.24329839242024,0.66));
#2688=CARTESIAN_POINT('',(21.0209800789816,7.24329839242024,0.6));
#2689=CARTESIAN_POINT('',(21.2245072337508,4.87776833480007,0.6));
#2690=CARTESIAN_POINT('Ctrl Pts',(21.0209800789816,7.24329839242024,0.6));
#2691=CARTESIAN_POINT('Ctrl Pts',(21.0832575433314,6.9005996876036,0.6));
#2692=CARTESIAN_POINT('Ctrl Pts',(21.1455350076812,6.55790098278697,0.6));
#2693=CARTESIAN_POINT('Ctrl Pts',(21.1804090754409,6.21263956655892,0.6));
#2694=CARTESIAN_POINT('Ctrl Pts',(21.2250701550022,5.77048444757701,0.6));
#2695=CARTESIAN_POINT('Ctrl Pts',(21.2247886943765,5.32412639118854,0.6));
#2696=CARTESIAN_POINT('Ctrl Pts',(21.2245072337508,4.87776833480007,0.6));
#2697=CARTESIAN_POINT('',(21.2245072337508,4.87776833480007,0.));
#2698=CARTESIAN_POINT('',(21.2245072337508,4.87776833480007,0.));
#2699=CARTESIAN_POINT('',(21.0209800789816,7.24329839242024,0.));
#2700=CARTESIAN_POINT('Ctrl Pts',(21.0209800789816,7.24329839242024,0.));
#2701=CARTESIAN_POINT('Ctrl Pts',(21.0832575433314,6.9005996876036,0.));
#2702=CARTESIAN_POINT('Ctrl Pts',(21.2252899364547,6.11902777112449,0.));
#2703=CARTESIAN_POINT('Ctrl Pts',(21.2247886943765,5.32412639118854,0.));
#2704=CARTESIAN_POINT('Ctrl Pts',(21.2245072337508,4.87776833480007,0.));
#2705=CARTESIAN_POINT('',(21.0209800789816,7.24329839242024,0.));
#2706=CARTESIAN_POINT('Ctrl Pts',(20.8370706673702,2.04012102795731,0.));
#2707=CARTESIAN_POINT('Ctrl Pts',(20.8370706673702,2.04012102795731,0.66));
#2708=CARTESIAN_POINT('Ctrl Pts',(20.9459759700818,2.45409145336934,0.));
#2709=CARTESIAN_POINT('Ctrl Pts',(20.9459759700818,2.45409145336934,0.66));
#2710=CARTESIAN_POINT('Ctrl Pts',(21.1904086217305,3.38322792577351,0.));
#2711=CARTESIAN_POINT('Ctrl Pts',(21.1904086217305,3.38322792577351,0.66));
#2712=CARTESIAN_POINT('Ctrl Pts',(21.2123446522095,4.34468301212816,0.));
#2713=CARTESIAN_POINT('Ctrl Pts',(21.2123446522095,4.34468301212816,0.66));
#2714=CARTESIAN_POINT('Ctrl Pts',(21.2245072337508,4.87776833480007,0.));
#2715=CARTESIAN_POINT('Ctrl Pts',(21.2245072337508,4.87776833480007,0.66));
#2716=CARTESIAN_POINT('',(20.8370706673702,2.04012102795731,0.6));
#2717=CARTESIAN_POINT('Ctrl Pts',(21.2245072337508,4.87776833480007,0.6));
#2718=CARTESIAN_POINT('Ctrl Pts',(21.2123446522095,4.34468301212816,0.6));
#2719=CARTESIAN_POINT('Ctrl Pts',(21.2001820706682,3.81159768945626,0.6));
#2720=CARTESIAN_POINT('Ctrl Pts',(21.1196190534053,3.28844783126249,0.6));
#2721=CARTESIAN_POINT('Ctrl Pts',(21.0548812727934,2.86806187878137,0.6));
#2722=CARTESIAN_POINT('Ctrl Pts',(20.9459759700818,2.45409145336934,0.6));
#2723=CARTESIAN_POINT('Ctrl Pts',(20.8370706673702,2.04012102795731,0.6));
#2724=CARTESIAN_POINT('',(20.8370706673702,2.04012102795731,0.));
#2725=CARTESIAN_POINT('',(20.8370706673702,2.04012102795731,0.));
#2726=CARTESIAN_POINT('Ctrl Pts',(21.2245072337508,4.87776833480007,0.));
#2727=CARTESIAN_POINT('Ctrl Pts',(21.2123446522095,4.34468301212816,0.));
#2728=CARTESIAN_POINT('Ctrl Pts',(21.1904086217305,3.38322792577351,0.));
#2729=CARTESIAN_POINT('Ctrl Pts',(20.9459759700818,2.45409145336934,0.));
#2730=CARTESIAN_POINT('Ctrl Pts',(20.8370706673702,2.04012102795731,0.));
#2731=CARTESIAN_POINT('Ctrl Pts',(19.7406933099985,0.378842230640697,0.));
#2732=CARTESIAN_POINT('Ctrl Pts',(19.7406933099985,0.378842230640697,0.66));
#2733=CARTESIAN_POINT('Ctrl Pts',(19.9705267537961,0.602690113804381,0.));
#2734=CARTESIAN_POINT('Ctrl Pts',(19.9705267537961,0.602690113804381,0.66));
#2735=CARTESIAN_POINT('Ctrl Pts',(20.4562415996326,1.07575547046084,0.));
#2736=CARTESIAN_POINT('Ctrl Pts',(20.4562415996326,1.07575547046084,0.66));
#2737=CARTESIAN_POINT('Ctrl Pts',(20.7056688755339,1.7073749931207,0.));
#2738=CARTESIAN_POINT('Ctrl Pts',(20.7056688755339,1.7073749931207,0.66));
#2739=CARTESIAN_POINT('Ctrl Pts',(20.8370706673702,2.04012102795731,0.));
#2740=CARTESIAN_POINT('Ctrl Pts',(20.8370706673702,2.04012102795731,0.66));
#2741=CARTESIAN_POINT('',(19.7406933099985,0.378842230640697,0.6));
#2742=CARTESIAN_POINT('Ctrl Pts',(20.8370706673702,2.04012102795731,0.6));
#2743=CARTESIAN_POINT('Ctrl Pts',(20.7056688755339,1.7073749931207,0.6));
#2744=CARTESIAN_POINT('Ctrl Pts',(20.5742670836977,1.37462895828409,0.6));
#2745=CARTESIAN_POINT('Ctrl Pts',(20.3772876850476,1.08588694261669,0.6));
#2746=CARTESIAN_POINT('Ctrl Pts',(20.2003601975937,0.826537996968065,0.6));
#2747=CARTESIAN_POINT('Ctrl Pts',(19.9705267537961,0.602690113804381,0.6));
#2748=CARTESIAN_POINT('Ctrl Pts',(19.7406933099985,0.378842230640697,0.6));
#2749=CARTESIAN_POINT('',(19.7406933099985,0.378842230640697,0.));
#2750=CARTESIAN_POINT('',(19.7406933099985,0.378842230640697,0.));
#2751=CARTESIAN_POINT('Ctrl Pts',(20.8370706673702,2.04012102795731,0.));
#2752=CARTESIAN_POINT('Ctrl Pts',(20.7056688755339,1.7073749931207,0.));
#2753=CARTESIAN_POINT('Ctrl Pts',(20.4562415996326,1.07575547046084,0.));
#2754=CARTESIAN_POINT('Ctrl Pts',(19.9705267537961,0.602690113804381,0.));
#2755=CARTESIAN_POINT('Ctrl Pts',(19.7406933099985,0.378842230640697,0.));
#2756=CARTESIAN_POINT('Ctrl Pts',(17.9175126395438,-0.194587950452785,0.));
#2757=CARTESIAN_POINT('Ctrl Pts',(17.9175126395438,-0.194587950452785,0.66));
#2758=CARTESIAN_POINT('Ctrl Pts',(18.261989837479,-0.177897485788143,0.));
#2759=CARTESIAN_POINT('Ctrl Pts',(18.261989837479,-0.177897485788143,0.66));
#2760=CARTESIAN_POINT('Ctrl Pts',(18.921196834764,-0.145957864934223,0.));
#2761=CARTESIAN_POINT('Ctrl Pts',(18.921196834764,-0.145957864934223,0.66));
#2762=CARTESIAN_POINT('Ctrl Pts',(19.4758712372422,0.209251935510888,0.));
#2763=CARTESIAN_POINT('Ctrl Pts',(19.4758712372422,0.209251935510888,0.66));
#2764=CARTESIAN_POINT('Ctrl Pts',(19.7406933099985,0.378842230640697,0.));
#2765=CARTESIAN_POINT('Ctrl Pts',(19.7406933099985,0.378842230640697,0.66));
#2766=CARTESIAN_POINT('',(17.9175126395438,-0.194587950452785,0.6));
#2767=CARTESIAN_POINT('Ctrl Pts',(19.7406933099985,0.378842230640697,0.6));
#2768=CARTESIAN_POINT('Ctrl Pts',(19.4758712372422,0.209251935510888,0.6));
#2769=CARTESIAN_POINT('Ctrl Pts',(19.2110491644859,0.0396616403810841,0.6));
#2770=CARTESIAN_POINT('Ctrl Pts',(18.9223992973623,-0.0562404871621437,
0.6));
#2771=CARTESIAN_POINT('Ctrl Pts',(18.6064670354141,-0.161207021123503,0.6));
#2772=CARTESIAN_POINT('Ctrl Pts',(18.261989837479,-0.177897485788143,0.6));
#2773=CARTESIAN_POINT('Ctrl Pts',(17.9175126395438,-0.194587950452785,0.6));
#2774=CARTESIAN_POINT('',(17.9175126395438,-0.194587950452785,0.));
#2775=CARTESIAN_POINT('',(17.9175126395438,-0.194587950452785,0.));
#2776=CARTESIAN_POINT('Ctrl Pts',(19.7406933099985,0.378842230640697,0.));
#2777=CARTESIAN_POINT('Ctrl Pts',(19.4758712372422,0.209251935510888,0.));
#2778=CARTESIAN_POINT('Ctrl Pts',(18.921196834764,-0.145957864934223,0.));
#2779=CARTESIAN_POINT('Ctrl Pts',(18.261989837479,-0.177897485788143,0.));
#2780=CARTESIAN_POINT('Ctrl Pts',(17.9175126395438,-0.194587950452785,0.));
#2781=CARTESIAN_POINT('Ctrl Pts',(15.6555806652871,0.862930922971725,0.));
#2782=CARTESIAN_POINT('Ctrl Pts',(15.6555806652871,0.862930922971725,0.66));
#2783=CARTESIAN_POINT('Ctrl Pts',(15.959648197294,0.557788064378935,0.));
#2784=CARTESIAN_POINT('Ctrl Pts',(15.959648197294,0.557788064378935,0.66));
#2785=CARTESIAN_POINT('Ctrl Pts',(16.5836281479803,-0.068398574491515,0.));
#2786=CARTESIAN_POINT('Ctrl Pts',(16.5836281479803,-0.068398574491515,0.66));
#2787=CARTESIAN_POINT('Ctrl Pts',(17.4654206131808,-0.151818721899166,0.));
#2788=CARTESIAN_POINT('Ctrl Pts',(17.4654206131808,-0.151818721899166,0.66));
#2789=CARTESIAN_POINT('Ctrl Pts',(17.9175126395438,-0.194587950452785,0.));
#2790=CARTESIAN_POINT('Ctrl Pts',(17.9175126395438,-0.194587950452785,0.66));
#2791=CARTESIAN_POINT('',(15.6555806652871,0.862930922971725,0.6));
#2792=CARTESIAN_POINT('Ctrl Pts',(17.9175126395438,-0.194587950452785,0.6));
#2793=CARTESIAN_POINT('Ctrl Pts',(17.4654206131808,-0.151818721899166,0.6));
#2794=CARTESIAN_POINT('Ctrl Pts',(17.0133285868179,-0.109049493345549,0.6));
#2795=CARTESIAN_POINT('Ctrl Pts',(16.6290046000332,0.0763901604373753,0.6));
#2796=CARTESIAN_POINT('Ctrl Pts',(16.2637157293008,0.252645205786144,0.6));
#2797=CARTESIAN_POINT('Ctrl Pts',(15.959648197294,0.557788064378935,0.6));
#2798=CARTESIAN_POINT('Ctrl Pts',(15.6555806652871,0.862930922971725,0.6));
#2799=CARTESIAN_POINT('',(15.6555806652871,0.862930922971725,0.));
#2800=CARTESIAN_POINT('',(15.6555806652871,0.862930922971725,0.));
#2801=CARTESIAN_POINT('Ctrl Pts',(17.9175126395438,-0.194587950452785,0.));
#2802=CARTESIAN_POINT('Ctrl Pts',(17.4654206131808,-0.151818721899166,0.));
#2803=CARTESIAN_POINT('Ctrl Pts',(16.5836281479803,-0.068398574491515,0.));
#2804=CARTESIAN_POINT('Ctrl Pts',(15.959648197294,0.557788064378935,0.));
#2805=CARTESIAN_POINT('Ctrl Pts',(15.6555806652871,0.862930922971725,0.));
#2806=CARTESIAN_POINT('Ctrl Pts',(14.7036318083319,4.93727037501842,0.));
#2807=CARTESIAN_POINT('Ctrl Pts',(14.7036318083319,4.93727037501842,0.66));
#2808=CARTESIAN_POINT('Ctrl Pts',(14.7059309587106,4.10934318504714,0.));
#2809=CARTESIAN_POINT('Ctrl Pts',(14.7059309587106,4.10934318504714,0.66));
#2810=CARTESIAN_POINT('Ctrl Pts',(14.7099283304873,2.66988415132345,0.));
#2811=CARTESIAN_POINT('Ctrl Pts',(14.7099283304873,2.66988415132345,0.66));
#2812=CARTESIAN_POINT('Ctrl Pts',(15.3736210904301,1.40169950134205,0.));
#2813=CARTESIAN_POINT('Ctrl Pts',(15.3736210904301,1.40169950134205,0.66));
#2814=CARTESIAN_POINT('Ctrl Pts',(15.6555806652871,0.862930922971725,0.));
#2815=CARTESIAN_POINT('Ctrl Pts',(15.6555806652871,0.862930922971725,0.66));
#2816=CARTESIAN_POINT('',(14.7036318083319,4.93727037501842,0.6));
#2817=CARTESIAN_POINT('Ctrl Pts',(15.6555806652871,0.862930922971725,0.6));
#2818=CARTESIAN_POINT('Ctrl Pts',(15.2765967085408,1.58709376690034,0.6));
#2819=CARTESIAN_POINT('Ctrl Pts',(15.0034197777369,2.10908046207604,0.6));
#2820=CARTESIAN_POINT('Ctrl Pts',(14.7076291801087,3.49781134129474,0.6));
#2821=CARTESIAN_POINT('Ctrl Pts',(14.7056304942203,4.21754085815658,0.6));
#2822=CARTESIAN_POINT('Ctrl Pts',(14.7036318083319,4.93727037501842,0.6));
#2823=CARTESIAN_POINT('',(14.7036318083319,4.93727037501842,0.));
#2824=CARTESIAN_POINT('',(14.7036318083319,4.93727037501842,0.));
#2825=CARTESIAN_POINT('Ctrl Pts',(15.6555806652871,0.862930922971725,0.));
#2826=CARTESIAN_POINT('Ctrl Pts',(15.3736210904301,1.40169950134205,0.));
#2827=CARTESIAN_POINT('Ctrl Pts',(14.7099283304873,2.66988415132345,0.));
#2828=CARTESIAN_POINT('Ctrl Pts',(14.7059309587106,4.10934318504714,0.));
#2829=CARTESIAN_POINT('Ctrl Pts',(14.7036318083319,4.93727037501842,0.));
#2830=CARTESIAN_POINT('Ctrl Pts',(16.5119852513355,1.6430069255593,0.));
#2831=CARTESIAN_POINT('Ctrl Pts',(16.5119852513355,1.6430069255593,0.66));
#2832=CARTESIAN_POINT('Ctrl Pts',(16.3495488416247,2.04893008565338,0.));
#2833=CARTESIAN_POINT('Ctrl Pts',(16.3495488416247,2.04893008565338,0.66));
#2834=CARTESIAN_POINT('Ctrl Pts',(15.9304289770905,3.09629662233566,0.));
#2835=CARTESIAN_POINT('Ctrl Pts',(15.9304289770905,3.09629662233566,0.66));
#2836=CARTESIAN_POINT('Ctrl Pts',(15.9521898095156,4.23089108890891,0.));
#2837=CARTESIAN_POINT('Ctrl Pts',(15.9521898095156,4.23089108890891,0.66));
#2838=CARTESIAN_POINT('Ctrl Pts',(15.96551689353,4.92575585707537,0.));
#2839=CARTESIAN_POINT('Ctrl Pts',(15.96551689353,4.92575585707537,0.66));
#2840=CARTESIAN_POINT('',(16.5119852513355,1.6430069255593,0.6));
#2841=CARTESIAN_POINT('Ctrl Pts',(15.96551689353,4.92575585707537,0.6));
#2842=CARTESIAN_POINT('Ctrl Pts',(15.9521898095156,4.23089108890891,0.6));
#2843=CARTESIAN_POINT('Ctrl Pts',(15.9388627255013,3.53602632074246,0.6));
#2844=CARTESIAN_POINT('Ctrl Pts',(16.0908994044874,2.8738786545607,0.6));
#2845=CARTESIAN_POINT('Ctrl Pts',(16.1871124319139,2.45485324574746,0.6));
#2846=CARTESIAN_POINT('Ctrl Pts',(16.3495488416247,2.04893008565338,0.6));
#2847=CARTESIAN_POINT('Ctrl Pts',(16.5119852513355,1.6430069255593,0.6));
#2848=CARTESIAN_POINT('',(16.5119852513355,1.6430069255593,0.));
#2849=CARTESIAN_POINT('',(16.5119852513355,1.6430069255593,0.));
#2850=CARTESIAN_POINT('Ctrl Pts',(15.96551689353,4.92575585707537,0.));
#2851=CARTESIAN_POINT('Ctrl Pts',(15.9521898095156,4.23089108890891,0.));
#2852=CARTESIAN_POINT('Ctrl Pts',(15.9304289770905,3.09629662233566,0.));
#2853=CARTESIAN_POINT('Ctrl Pts',(16.3495488416247,2.04893008565338,0.));
#2854=CARTESIAN_POINT('Ctrl Pts',(16.5119852513355,1.6430069255593,0.));
#2855=CARTESIAN_POINT('Ctrl Pts',(17.9267242538982,0.814920117705624,0.));
#2856=CARTESIAN_POINT('Ctrl Pts',(17.9267242538982,0.814920117705624,0.66));
#2857=CARTESIAN_POINT('Ctrl Pts',(17.6521601021447,0.857592841239219,0.));
#2858=CARTESIAN_POINT('Ctrl Pts',(17.6521601021447,0.857592841239219,0.66));
#2859=CARTESIAN_POINT('Ctrl Pts',(17.074682156167,0.947344385925846,0.));
#2860=CARTESIAN_POINT('Ctrl Pts',(17.074682156167,0.947344385925846,0.66));
#2861=CARTESIAN_POINT('Ctrl Pts',(16.7055907188307,1.40365236354166,0.));
#2862=CARTESIAN_POINT('Ctrl Pts',(16.7055907188307,1.40365236354166,0.66));
#2863=CARTESIAN_POINT('Ctrl Pts',(16.5119852513355,1.6430069255593,0.));
#2864=CARTESIAN_POINT('Ctrl Pts',(16.5119852513355,1.6430069255593,0.66));
#2865=CARTESIAN_POINT('',(17.9267242538982,0.814920117705624,0.6));
#2866=CARTESIAN_POINT('Ctrl Pts',(16.5119852513355,1.6430069255593,0.6));
#2867=CARTESIAN_POINT('Ctrl Pts',(16.7055907188307,1.40365236354166,0.6));
#2868=CARTESIAN_POINT('Ctrl Pts',(16.8991961863259,1.16429780152401,0.6));
#2869=CARTESIAN_POINT('Ctrl Pts',(17.1501389083784,1.02580072611384,0.6));
#2870=CARTESIAN_POINT('Ctrl Pts',(17.3775959503911,0.900265564772818,0.6));
#2871=CARTESIAN_POINT('Ctrl Pts',(17.6521601021447,0.857592841239219,0.6));
#2872=CARTESIAN_POINT('Ctrl Pts',(17.9267242538982,0.814920117705624,0.6));
#2873=CARTESIAN_POINT('',(17.9267242538982,0.814920117705624,0.));
#2874=CARTESIAN_POINT('',(17.9267242538982,0.814920117705624,0.));
#2875=CARTESIAN_POINT('Ctrl Pts',(16.5119852513355,1.6430069255593,0.));
#2876=CARTESIAN_POINT('Ctrl Pts',(16.7055907188307,1.40365236354166,0.));
#2877=CARTESIAN_POINT('Ctrl Pts',(17.074682156167,0.947344385925846,0.));
#2878=CARTESIAN_POINT('Ctrl Pts',(17.6521601021447,0.857592841239219,0.));
#2879=CARTESIAN_POINT('Ctrl Pts',(17.9267242538982,0.814920117705624,0.));
#2880=CARTESIAN_POINT('Ctrl Pts',(19.3563722744118,1.62046302726393,0.));
#2881=CARTESIAN_POINT('Ctrl Pts',(19.3563722744118,1.62046302726393,0.66));
#2882=CARTESIAN_POINT('Ctrl Pts',(19.1585666113641,1.38369203875127,0.));
#2883=CARTESIAN_POINT('Ctrl Pts',(19.1585666113641,1.38369203875127,0.66));
#2884=CARTESIAN_POINT('Ctrl Pts',(18.7817747307886,0.9326767106113,0.));
#2885=CARTESIAN_POINT('Ctrl Pts',(18.7817747307886,0.9326767106113,0.66));
#2886=CARTESIAN_POINT('Ctrl Pts',(18.2020900000049,0.85284317949067,0.));
#2887=CARTESIAN_POINT('Ctrl Pts',(18.2020900000049,0.85284317949067,0.66));
#2888=CARTESIAN_POINT('Ctrl Pts',(17.9267242538982,0.814920117705624,0.));
#2889=CARTESIAN_POINT('Ctrl Pts',(17.9267242538982,0.814920117705624,0.66));
#2890=CARTESIAN_POINT('',(19.3563722744118,1.62046302726393,0.6));
#2891=CARTESIAN_POINT('Ctrl Pts',(17.9267242538982,0.814920117705624,0.6));
#2892=CARTESIAN_POINT('Ctrl Pts',(18.2020900000049,0.85284317949067,0.6));
#2893=CARTESIAN_POINT('Ctrl Pts',(18.4774557461115,0.890766241275716,0.6));
#2894=CARTESIAN_POINT('Ctrl Pts',(18.7070386392514,1.01244662432376,0.6));
#2895=CARTESIAN_POINT('Ctrl Pts',(18.9607609483164,1.1469210502386,0.6));
#2896=CARTESIAN_POINT('Ctrl Pts',(19.1585666113641,1.38369203875127,0.6));
#2897=CARTESIAN_POINT('Ctrl Pts',(19.3563722744118,1.62046302726393,0.6));
#2898=CARTESIAN_POINT('',(19.3563722744118,1.62046302726393,0.));
#2899=CARTESIAN_POINT('',(19.3563722744118,1.62046302726393,0.));
#2900=CARTESIAN_POINT('Ctrl Pts',(17.9267242538982,0.814920117705624,0.));
#2901=CARTESIAN_POINT('Ctrl Pts',(18.2020900000049,0.85284317949067,0.));
#2902=CARTESIAN_POINT('Ctrl Pts',(18.7817747307886,0.9326767106113,0.));
#2903=CARTESIAN_POINT('Ctrl Pts',(19.1585666113641,1.38369203875127,0.));
#2904=CARTESIAN_POINT('Ctrl Pts',(19.3563722744118,1.62046302726393,0.));
#2905=CARTESIAN_POINT('Ctrl Pts',(19.9626221485528,4.88928285274312,0.));
#2906=CARTESIAN_POINT('Ctrl Pts',(19.9626221485528,4.88928285274312,0.66));
#2907=CARTESIAN_POINT('Ctrl Pts',(19.963035659675,4.19576652574897,0.));
#2908=CARTESIAN_POINT('Ctrl Pts',(19.963035659675,4.19576652574897,0.66));
#2909=CARTESIAN_POINT('Ctrl Pts',(19.9637115565039,3.06219245476846,0.));
#2910=CARTESIAN_POINT('Ctrl Pts',(19.9637115565039,3.06219245476846,0.66));
#2911=CARTESIAN_POINT('Ctrl Pts',(19.5262114653648,2.02363497210654,0.));
#2912=CARTESIAN_POINT('Ctrl Pts',(19.5262114653648,2.02363497210654,0.66));
#2913=CARTESIAN_POINT('Ctrl Pts',(19.3563722744118,1.62046302726393,0.));
#2914=CARTESIAN_POINT('Ctrl Pts',(19.3563722744118,1.62046302726393,0.66));
#2915=CARTESIAN_POINT('Ctrl Pts',(19.3563722744118,1.62046302726393,0.6));
#2916=CARTESIAN_POINT('Ctrl Pts',(19.5262114653648,2.02363497210654,0.6));
#2917=CARTESIAN_POINT('Ctrl Pts',(19.6960506563177,2.42680691694914,0.6));
#2918=CARTESIAN_POINT('Ctrl Pts',(19.7998557715188,2.84429806860131,0.6));
#2919=CARTESIAN_POINT('Ctrl Pts',(19.9634491707972,3.50225019875481,0.6));
#2920=CARTESIAN_POINT('Ctrl Pts',(19.963035659675,4.19576652574897,0.6));
#2921=CARTESIAN_POINT('Ctrl Pts',(19.9626221485528,4.88928285274312,0.6));
#2922=CARTESIAN_POINT('Ctrl Pts',(19.3563722744118,1.62046302726393,0.));
#2923=CARTESIAN_POINT('Ctrl Pts',(19.5262114653648,2.02363497210654,0.));
#2924=CARTESIAN_POINT('Ctrl Pts',(19.9637115565039,3.06219245476846,0.));
#2925=CARTESIAN_POINT('Ctrl Pts',(19.963035659675,4.19576652574897,0.));
#2926=CARTESIAN_POINT('Ctrl Pts',(19.9626221485528,4.88928285274312,0.));
#2927=CARTESIAN_POINT('Ctrl Pts',(15.0946032894313,7.78852830531235,0.));
#2928=CARTESIAN_POINT('Ctrl Pts',(15.0946032894313,7.78852830531235,0.66));
#2929=CARTESIAN_POINT('Ctrl Pts',(14.9847056766575,7.37345959905922,0.));
#2930=CARTESIAN_POINT('Ctrl Pts',(14.9847056766575,7.37345959905922,0.66));
#2931=CARTESIAN_POINT('Ctrl Pts',(14.7375800562039,6.440098910189,0.));
#2932=CARTESIAN_POINT('Ctrl Pts',(14.7375800562039,6.440098910189,0.66));
#2933=CARTESIAN_POINT('Ctrl Pts',(14.7157525483971,5.4738339734094,0.));
#2934=CARTESIAN_POINT('Ctrl Pts',(14.7157525483971,5.4738339734094,0.66));
#2935=CARTESIAN_POINT('Ctrl Pts',(14.7036318083319,4.93727037501842,0.));
#2936=CARTESIAN_POINT('Ctrl Pts',(14.7036318083319,4.93727037501842,0.66));
#2937=CARTESIAN_POINT('',(15.0946032894313,7.78852830531235,0.6));
#2938=CARTESIAN_POINT('Ctrl Pts',(14.7036318083319,4.93727037501842,0.6));
#2939=CARTESIAN_POINT('Ctrl Pts',(14.7157525483971,5.4738339734094,0.6));
#2940=CARTESIAN_POINT('Ctrl Pts',(14.7278732884622,6.01039757180037,0.6));
#2941=CARTESIAN_POINT('Ctrl Pts',(14.8094656642466,6.53681500475072,0.6));
#2942=CARTESIAN_POINT('Ctrl Pts',(14.8748080638838,6.9583908928061,0.6));
#2943=CARTESIAN_POINT('Ctrl Pts',(14.9847056766575,7.37345959905922,0.6));
#2944=CARTESIAN_POINT('Ctrl Pts',(15.0946032894313,7.78852830531235,0.6));
#2945=CARTESIAN_POINT('',(15.0946032894313,7.78852830531235,0.));
#2946=CARTESIAN_POINT('',(15.0946032894313,7.78852830531235,0.));
#2947=CARTESIAN_POINT('Ctrl Pts',(14.7036318083319,4.93727037501842,0.));
#2948=CARTESIAN_POINT('Ctrl Pts',(14.7157525483971,5.4738339734094,0.));
#2949=CARTESIAN_POINT('Ctrl Pts',(14.7375800562039,6.440098910189,0.));
#2950=CARTESIAN_POINT('Ctrl Pts',(14.9847056766575,7.37345959905922,0.));
#2951=CARTESIAN_POINT('Ctrl Pts',(15.0946032894313,7.78852830531235,0.));
#2952=CARTESIAN_POINT('Ctrl Pts',(16.1943599683062,9.44636614312429,0.));
#2953=CARTESIAN_POINT('Ctrl Pts',(16.1943599683062,9.44636614312429,0.66));
#2954=CARTESIAN_POINT('Ctrl Pts',(15.9643250593518,9.22338678062981,0.));
#2955=CARTESIAN_POINT('Ctrl Pts',(15.9643250593518,9.22338678062981,0.66));
#2956=CARTESIAN_POINT('Ctrl Pts',(15.4777428425349,8.75172883532004,0.));
#2957=CARTESIAN_POINT('Ctrl Pts',(15.4777428425349,8.75172883532004,0.66));
#2958=CARTESIAN_POINT('Ctrl Pts',(15.22687285701,8.12104974968877,0.));
#2959=CARTESIAN_POINT('Ctrl Pts',(15.22687285701,8.12104974968877,0.66));
#2960=CARTESIAN_POINT('Ctrl Pts',(15.0946032894313,7.78852830531235,0.));
#2961=CARTESIAN_POINT('Ctrl Pts',(15.0946032894313,7.78852830531235,0.66));
#2962=CARTESIAN_POINT('',(16.1943599683062,9.44636614312429,0.6));
#2963=CARTESIAN_POINT('Ctrl Pts',(15.0946032894313,7.78852830531235,0.6));
#2964=CARTESIAN_POINT('Ctrl Pts',(15.22687285701,8.12104974968877,0.6));
#2965=CARTESIAN_POINT('Ctrl Pts',(15.3591424245888,8.4535711940652,0.6));
#2966=CARTESIAN_POINT('Ctrl Pts',(15.5569366221172,8.74188703520831,0.6));
#2967=CARTESIAN_POINT('Ctrl Pts',(15.7342901503973,9.00040741813532,0.6));
#2968=CARTESIAN_POINT('Ctrl Pts',(15.9643250593518,9.22338678062981,0.6));
#2969=CARTESIAN_POINT('Ctrl Pts',(16.1943599683062,9.44636614312429,0.6));
#2970=CARTESIAN_POINT('',(16.1943599683062,9.44636614312429,0.));
#2971=CARTESIAN_POINT('',(16.1943599683062,9.44636614312429,0.));
#2972=CARTESIAN_POINT('Ctrl Pts',(15.0946032894313,7.78852830531235,0.));
#2973=CARTESIAN_POINT('Ctrl Pts',(15.22687285701,8.12104974968877,0.));
#2974=CARTESIAN_POINT('Ctrl Pts',(15.4777428425349,8.75172883532004,0.));
#2975=CARTESIAN_POINT('Ctrl Pts',(15.9643250593518,9.22338678062981,0.));
#2976=CARTESIAN_POINT('Ctrl Pts',(16.1943599683062,9.44636614312429,0.));
#2977=CARTESIAN_POINT('Ctrl Pts',(18.0106868430584,10.0164463561348,0.));
#2978=CARTESIAN_POINT('Ctrl Pts',(18.0106868430584,10.0164463561348,0.66));
#2979=CARTESIAN_POINT('Ctrl Pts',(17.6680397434015,9.9997318341445,0.));
#2980=CARTESIAN_POINT('Ctrl Pts',(17.6680397434015,9.9997318341445,0.66));
#2981=CARTESIAN_POINT('Ctrl Pts',(17.0116482348685,9.96771267999256,0.));
#2982=CARTESIAN_POINT('Ctrl Pts',(17.0116482348685,9.96771267999256,0.66));
#2983=CARTESIAN_POINT('Ctrl Pts',(16.4586730603921,9.61497093147824,0.));
#2984=CARTESIAN_POINT('Ctrl Pts',(16.4586730603921,9.61497093147824,0.66));
#2985=CARTESIAN_POINT('Ctrl Pts',(16.1943599683062,9.44636614312429,0.));
#2986=CARTESIAN_POINT('Ctrl Pts',(16.1943599683062,9.44636614312429,0.66));
#2987=CARTESIAN_POINT('',(18.0106868430584,10.0164463561348,0.6));
#2988=CARTESIAN_POINT('Ctrl Pts',(16.1943599683062,9.44636614312429,0.6));
#2989=CARTESIAN_POINT('Ctrl Pts',(16.4586730603921,9.61497093147824,0.6));
#2990=CARTESIAN_POINT('Ctrl Pts',(16.7229861524779,9.78357571983219,0.6));
#2991=CARTESIAN_POINT('Ctrl Pts',(17.0109266057723,9.87890554003083,0.6));
#2992=CARTESIAN_POINT('Ctrl Pts',(17.3253926437446,9.98301731215419,0.6));
#2993=CARTESIAN_POINT('Ctrl Pts',(17.6680397434015,9.9997318341445,0.6));
#2994=CARTESIAN_POINT('Ctrl Pts',(18.0106868430584,10.0164463561348,0.6));
#2995=CARTESIAN_POINT('',(18.0106868430584,10.0164463561348,0.));
#2996=CARTESIAN_POINT('',(18.0106868430584,10.0164463561348,0.));
#2997=CARTESIAN_POINT('Ctrl Pts',(16.1943599683062,9.44636614312429,0.));
#2998=CARTESIAN_POINT('Ctrl Pts',(16.4586730603921,9.61497093147824,0.));
#2999=CARTESIAN_POINT('Ctrl Pts',(17.0116482348685,9.96771267999256,0.));
#3000=CARTESIAN_POINT('Ctrl Pts',(17.6680397434015,9.9997318341445,0.));
#3001=CARTESIAN_POINT('Ctrl Pts',(18.0106868430584,10.0164463561348,0.));
#3002=CARTESIAN_POINT('Ctrl Pts',(19.4196770694091,9.67956637953685,0.));
#3003=CARTESIAN_POINT('Ctrl Pts',(19.4196770694091,9.67956637953685,0.66));
#3004=CARTESIAN_POINT('Ctrl Pts',(19.204858913262,9.775989916111,0.));
#3005=CARTESIAN_POINT('Ctrl Pts',(19.204858913262,9.775989916111,0.66));
#3006=CARTESIAN_POINT('Ctrl Pts',(18.7569001381313,9.97706123201947,0.));
#3007=CARTESIAN_POINT('Ctrl Pts',(18.7569001381313,9.97706123201947,0.66));
#3008=CARTESIAN_POINT('Ctrl Pts',(18.2661159786743,10.0029648110118,0.));
#3009=CARTESIAN_POINT('Ctrl Pts',(18.2661159786743,10.0029648110118,0.66));
#3010=CARTESIAN_POINT('Ctrl Pts',(18.0106868430584,10.0164463561348,0.));
#3011=CARTESIAN_POINT('Ctrl Pts',(18.0106868430584,10.0164463561348,0.66));
#3012=CARTESIAN_POINT('',(19.4196770694091,9.67956637953685,0.6));
#3013=CARTESIAN_POINT('Ctrl Pts',(18.0106868430584,10.0164463561348,0.6));
#3014=CARTESIAN_POINT('Ctrl Pts',(18.2661159786743,10.0029648110118,0.6));
#3015=CARTESIAN_POINT('Ctrl Pts',(18.5215451142901,9.98948326588883,0.6));
#3016=CARTESIAN_POINT('Ctrl Pts',(18.7653741678172,9.92855415760954,0.6));
#3017=CARTESIAN_POINT('Ctrl Pts',(18.9900407571149,9.87241345268516,0.6));
#3018=CARTESIAN_POINT('Ctrl Pts',(19.204858913262,9.775989916111,0.6));
#3019=CARTESIAN_POINT('Ctrl Pts',(19.4196770694091,9.67956637953685,0.6));
#3020=CARTESIAN_POINT('',(19.4196770694091,9.67956637953685,0.));
#3021=CARTESIAN_POINT('',(19.4196770694091,9.67956637953685,0.));
#3022=CARTESIAN_POINT('Ctrl Pts',(18.0106868430584,10.0164463561348,0.));
#3023=CARTESIAN_POINT('Ctrl Pts',(18.2661159786743,10.0029648110118,0.));
#3024=CARTESIAN_POINT('Ctrl Pts',(18.7569001381313,9.97706123201947,0.));
#3025=CARTESIAN_POINT('Ctrl Pts',(19.204858913262,9.775989916111,0.));
#3026=CARTESIAN_POINT('Ctrl Pts',(19.4196770694091,9.67956637953685,0.));
#3027=CARTESIAN_POINT('Ctrl Pts',(20.4138372965771,8.73593971602974,0.));
#3028=CARTESIAN_POINT('Ctrl Pts',(20.4138372965771,8.73593971602974,0.66));
#3029=CARTESIAN_POINT('Ctrl Pts',(20.2764099014733,8.92795030696216,0.));
#3030=CARTESIAN_POINT('Ctrl Pts',(20.2764099014733,8.92795030696216,0.66));
#3031=CARTESIAN_POINT('Ctrl Pts',(20.0055045350926,9.30645343907942,0.));
#3032=CARTESIAN_POINT('Ctrl Pts',(20.0055045350926,9.30645343907942,0.66));
#3033=CARTESIAN_POINT('Ctrl Pts',(19.613045723248,9.55641007285545,0.));
#3034=CARTESIAN_POINT('Ctrl Pts',(19.613045723248,9.55641007285545,0.66));
#3035=CARTESIAN_POINT('Ctrl Pts',(19.4196770694091,9.67956637953685,0.));
#3036=CARTESIAN_POINT('Ctrl Pts',(19.4196770694091,9.67956637953685,0.66));
#3037=CARTESIAN_POINT('',(20.4138372965771,8.73593971602974,0.6));
#3038=CARTESIAN_POINT('Ctrl Pts',(19.4196770694091,9.67956637953685,0.6));
#3039=CARTESIAN_POINT('Ctrl Pts',(19.613045723248,9.55641007285545,0.6));
#3040=CARTESIAN_POINT('Ctrl Pts',(19.8064143770868,9.43325376617406,0.6));
#3041=CARTESIAN_POINT('Ctrl Pts',(19.9702742511123,9.27889101938858,0.6));
#3042=CARTESIAN_POINT('Ctrl Pts',(20.1389825063694,9.11996089789458,0.6));
#3043=CARTESIAN_POINT('Ctrl Pts',(20.2764099014733,8.92795030696216,0.6));
#3044=CARTESIAN_POINT('Ctrl Pts',(20.4138372965771,8.73593971602974,0.6));
#3045=CARTESIAN_POINT('',(20.4138372965771,8.73593971602974,0.));
#3046=CARTESIAN_POINT('',(20.4138372965771,8.73593971602974,0.));
#3047=CARTESIAN_POINT('Ctrl Pts',(19.4196770694091,9.67956637953685,0.));
#3048=CARTESIAN_POINT('Ctrl Pts',(19.613045723248,9.55641007285545,0.));
#3049=CARTESIAN_POINT('Ctrl Pts',(20.0055045350926,9.30645343907942,0.));
#3050=CARTESIAN_POINT('Ctrl Pts',(20.2764099014733,8.92795030696216,0.));
#3051=CARTESIAN_POINT('Ctrl Pts',(20.4138372965771,8.73593971602974,0.));
#3052=CARTESIAN_POINT('Ctrl Pts',(21.0209800789816,7.24329839242024,0.));
#3053=CARTESIAN_POINT('Ctrl Pts',(21.0209800789816,7.24329839242024,0.66));
#3054=CARTESIAN_POINT('Ctrl Pts',(20.9453874862803,7.51871890386531,0.));
#3055=CARTESIAN_POINT('Ctrl Pts',(20.9453874862803,7.51871890386531,0.66));
#3056=CARTESIAN_POINT('Ctrl Pts',(20.8021425969611,8.04062957352624,0.));
#3057=CARTESIAN_POINT('Ctrl Pts',(20.8021425969611,8.04062957352624,0.66));
#3058=CARTESIAN_POINT('Ctrl Pts',(20.5383991547315,8.51289582953583,0.));
#3059=CARTESIAN_POINT('Ctrl Pts',(20.5383991547315,8.51289582953583,0.66));
#3060=CARTESIAN_POINT('Ctrl Pts',(20.4138372965771,8.73593971602974,0.));
#3061=CARTESIAN_POINT('Ctrl Pts',(20.4138372965771,8.73593971602974,0.66));
#3062=CARTESIAN_POINT('Ctrl Pts',(20.4138372965771,8.73593971602974,0.6));
#3063=CARTESIAN_POINT('Ctrl Pts',(20.5383991547315,8.51289582953583,0.6));
#3064=CARTESIAN_POINT('Ctrl Pts',(20.6629610128859,8.28985194304192,0.6));
#3065=CARTESIAN_POINT('Ctrl Pts',(20.7606453848294,8.0557347530839,0.6));
#3066=CARTESIAN_POINT('Ctrl Pts',(20.8697948935789,7.79413941531039,0.6));
#3067=CARTESIAN_POINT('Ctrl Pts',(20.9453874862803,7.51871890386531,0.6));
#3068=CARTESIAN_POINT('Ctrl Pts',(21.0209800789816,7.24329839242024,0.6));
#3069=CARTESIAN_POINT('Ctrl Pts',(20.4138372965771,8.73593971602974,0.));
#3070=CARTESIAN_POINT('Ctrl Pts',(20.5383991547315,8.51289582953583,0.));
#3071=CARTESIAN_POINT('Ctrl Pts',(20.8021425969611,8.04062957352624,0.));
#3072=CARTESIAN_POINT('Ctrl Pts',(20.9453874862803,7.51871890386531,0.));
#3073=CARTESIAN_POINT('Ctrl Pts',(21.0209800789816,7.24329839242024,0.));
#3074=CARTESIAN_POINT('Origin',(12.1287782732192,4.91092920284102,0.));
#3075=CARTESIAN_POINT('Origin',(12.1287782732192,4.91092920284102,0.6));
#3076=CARTESIAN_POINT('Origin',(12.8647092343977,0.0220577103696926,0.));
#3077=CARTESIAN_POINT('',(12.8774685633275,1.42036261147399,0.6));
#3078=CARTESIAN_POINT('',(12.8647092343977,0.0220577103696926,0.6));
#3079=CARTESIAN_POINT('',(12.8869818628127,2.46293259059553,0.6));
#3080=CARTESIAN_POINT('',(12.8647092343977,0.0220577103696926,0.));
#3081=CARTESIAN_POINT('',(12.8647092343977,0.0220577103696926,0.));
#3082=CARTESIAN_POINT('',(12.8774685633275,1.42036261147399,0.));
#3083=CARTESIAN_POINT('',(12.8774685633275,1.42036261147399,0.));
#3084=CARTESIAN_POINT('',(12.8774685633275,1.42036261147399,0.));
#3085=CARTESIAN_POINT('Origin',(11.4664043332934,0.0348170392994707,0.));
#3086=CARTESIAN_POINT('',(11.4664043332934,0.0348170392994707,0.6));
#3087=CARTESIAN_POINT('',(11.7753186748412,0.0319982408444114,0.6));
#3088=CARTESIAN_POINT('',(11.4664043332934,0.0348170392994707,0.));
#3089=CARTESIAN_POINT('',(11.4664043332934,0.0348170392994707,0.));
#3090=CARTESIAN_POINT('',(12.8647092343977,0.0220577103696917,0.));
#3091=CARTESIAN_POINT('Origin',(11.4791636622232,1.43312194040376,0.));
#3092=CARTESIAN_POINT('',(11.4791636622232,1.43312194040376,0.6));
#3093=CARTESIAN_POINT('',(11.4950566261733,3.17484437007745,0.6));
#3094=CARTESIAN_POINT('',(11.4791636622232,1.43312194040376,0.));
#3095=CARTESIAN_POINT('',(11.4791636622232,1.43312194040376,0.));
#3096=CARTESIAN_POINT('',(11.4664043332934,0.0348170392994707,0.));
#3097=CARTESIAN_POINT('Origin',(12.8774685633275,1.42036261147399,0.));
#3098=CARTESIAN_POINT('',(12.4872304543232,1.42392347748382,0.6));
#3099=CARTESIAN_POINT('',(11.4791636622232,1.43312194040377,0.));
#3100=CARTESIAN_POINT('Origin',(12.1287782732192,4.91092920284102,0.));
#3101=CARTESIAN_POINT('Origin',(12.1287782732192,4.91092920284102,0.6));
#3102=CARTESIAN_POINT('Origin',(9.25772763559782,9.91895662069597,0.));
#3103=CARTESIAN_POINT('',(4.28521986241481,9.96433003119737,0.6));
#3104=CARTESIAN_POINT('',(9.25772763559782,9.91895662069597,0.6));
#3105=CARTESIAN_POINT('',(10.7159802970059,9.90565027716894,0.6));
#3106=CARTESIAN_POINT('',(9.25772763559782,9.91895662069597,0.));
#3107=CARTESIAN_POINT('',(9.25772763559782,9.91895662069597,0.));
#3108=CARTESIAN_POINT('',(4.28521986241481,9.96433003119737,0.));
#3109=CARTESIAN_POINT('',(4.28521986241481,9.96433003119737,0.));
#3110=CARTESIAN_POINT('',(4.28521986241481,9.96433003119737,0.));
#3111=CARTESIAN_POINT('Origin',(9.2470222524102,8.74574525026733,0.));
#3112=CARTESIAN_POINT('',(9.2470222524102,8.74574525026733,0.6));
#3113=CARTESIAN_POINT('',(9.22964760140666,6.84164357008121,0.6));
#3114=CARTESIAN_POINT('',(9.2470222524102,8.74574525026733,0.));
#3115=CARTESIAN_POINT('',(9.2470222524102,8.74574525026733,0.));
#3116=CARTESIAN_POINT('',(9.25772763559783,9.91895662069597,0.));
#3117=CARTESIAN_POINT('Origin',(5.25673846500001,8.78215600969936,0.));
#3118=CARTESIAN_POINT('',(5.25673846500001,8.78215600969936,0.6));
#3119=CARTESIAN_POINT('',(8.71013302011314,8.75064428645631,0.6));
#3120=CARTESIAN_POINT('',(5.25673846500001,8.78215600969936,0.));
#3121=CARTESIAN_POINT('',(5.25673846500001,8.78215600969936,0.));
#3122=CARTESIAN_POINT('',(9.2470222524102,8.74574525026733,0.));
#3123=CARTESIAN_POINT('Origin',(4.69335667222495,6.09959954695701,0.));
#3124=CARTESIAN_POINT('',(4.69335667222495,6.09959954695701,0.6));
#3125=CARTESIAN_POINT('',(4.73085939929843,6.27816971761492,0.6));
#3126=CARTESIAN_POINT('',(4.69335667222495,6.09959954695701,0.));
#3127=CARTESIAN_POINT('',(4.69335667222495,6.09959954695701,0.));
#3128=CARTESIAN_POINT('',(5.25673846500001,8.78215600969936,0.));
#3129=CARTESIAN_POINT('Ctrl Pts',(6.58849940200695,6.70989040599372,0.));
#3130=CARTESIAN_POINT('Ctrl Pts',(6.58849940200695,6.70989040599372,0.66));
#3131=CARTESIAN_POINT('Ctrl Pts',(6.25830024343529,6.68395868019196,0.));
#3132=CARTESIAN_POINT('Ctrl Pts',(6.25830024343529,6.68395868019196,0.66));
#3133=CARTESIAN_POINT('Ctrl Pts',(5.57897779204905,6.63060904836209,0.));
#3134=CARTESIAN_POINT('Ctrl Pts',(5.57897779204905,6.63060904836209,0.66));
#3135=CARTESIAN_POINT('Ctrl Pts',(4.99399573197369,6.27985969844456,0.));
#3136=CARTESIAN_POINT('Ctrl Pts',(4.99399573197369,6.27985969844456,0.66));
#3137=CARTESIAN_POINT('Ctrl Pts',(4.69335667222495,6.09959954695701,0.));
#3138=CARTESIAN_POINT('Ctrl Pts',(4.69335667222495,6.09959954695701,0.66));
#3139=CARTESIAN_POINT('',(6.58849940200695,6.70989040599372,0.6));
#3140=CARTESIAN_POINT('Ctrl Pts',(4.69335667222495,6.09959954695701,0.6));
#3141=CARTESIAN_POINT('Ctrl Pts',(4.99399573197369,6.27985969844456,0.6));
#3142=CARTESIAN_POINT('Ctrl Pts',(5.29463479172242,6.46011984993211,0.6));
#3143=CARTESIAN_POINT('Ctrl Pts',(5.62019128951989,6.56182998749463,0.6));
#3144=CARTESIAN_POINT('Ctrl Pts',(5.92810108486362,6.65802695439019,0.6));
#3145=CARTESIAN_POINT('Ctrl Pts',(6.25830024343529,6.68395868019196,0.6));
#3146=CARTESIAN_POINT('Ctrl Pts',(6.58849940200695,6.70989040599372,0.6));
#3147=CARTESIAN_POINT('',(6.58849940200695,6.70989040599372,0.));
#3148=CARTESIAN_POINT('',(6.58849940200695,6.70989040599372,0.));
#3149=CARTESIAN_POINT('Ctrl Pts',(4.69335667222495,6.09959954695701,0.));
#3150=CARTESIAN_POINT('Ctrl Pts',(4.99399573197369,6.27985969844456,0.));
#3151=CARTESIAN_POINT('Ctrl Pts',(5.57897779204905,6.63060904836209,0.));
#3152=CARTESIAN_POINT('Ctrl Pts',(6.25830024343529,6.68395868019196,0.));
#3153=CARTESIAN_POINT('Ctrl Pts',(6.58849940200695,6.70989040599372,0.));
#3154=CARTESIAN_POINT('Ctrl Pts',(8.7902249223038,5.78253183495953,0.));
#3155=CARTESIAN_POINT('Ctrl Pts',(8.7902249223038,5.78253183495953,0.66));
#3156=CARTESIAN_POINT('Ctrl Pts',(8.47398842113022,6.05003380875547,0.));
#3157=CARTESIAN_POINT('Ctrl Pts',(8.47398842113022,6.05003380875547,0.66));
#3158=CARTESIAN_POINT('Ctrl Pts',(7.837158932102,6.5887228742312,0.));
#3159=CARTESIAN_POINT('Ctrl Pts',(7.837158932102,6.5887228742312,0.66));
#3160=CARTESIAN_POINT('Ctrl Pts',(7.00661313887018,6.66931744893803,0.));
#3161=CARTESIAN_POINT('Ctrl Pts',(7.00661313887018,6.66931744893803,0.66));
#3162=CARTESIAN_POINT('Ctrl Pts',(6.58849940200695,6.70989040599372,0.));
#3163=CARTESIAN_POINT('Ctrl Pts',(6.58849940200695,6.70989040599372,0.66));
#3164=CARTESIAN_POINT('',(8.7902249223038,5.78253183495953,0.6));
#3165=CARTESIAN_POINT('Ctrl Pts',(6.58849940200695,6.70989040599372,0.6));
#3166=CARTESIAN_POINT('Ctrl Pts',(7.00661313887018,6.66931744893803,0.6));
#3167=CARTESIAN_POINT('Ctrl Pts',(7.42472687573341,6.62874449188235,0.6));
#3168=CARTESIAN_POINT('Ctrl Pts',(7.79374667325944,6.47207566342869,0.6));
#3169=CARTESIAN_POINT('Ctrl Pts',(8.15775191995663,6.31753578255141,0.6));
#3170=CARTESIAN_POINT('Ctrl Pts',(8.47398842113022,6.05003380875547,0.6));
#3171=CARTESIAN_POINT('Ctrl Pts',(8.7902249223038,5.78253183495953,0.6));
#3172=CARTESIAN_POINT('',(8.7902249223038,5.78253183495953,0.));
#3173=CARTESIAN_POINT('',(8.7902249223038,5.78253183495953,0.));
#3174=CARTESIAN_POINT('Ctrl Pts',(6.58849940200695,6.70989040599372,0.));
#3175=CARTESIAN_POINT('Ctrl Pts',(7.00661313887018,6.66931744893803,0.));
#3176=CARTESIAN_POINT('Ctrl Pts',(7.837158932102,6.5887228742312,0.));
#3177=CARTESIAN_POINT('Ctrl Pts',(8.47398842113022,6.05003380875547,0.));
#3178=CARTESIAN_POINT('Ctrl Pts',(8.7902249223038,5.78253183495953,0.));
#3179=CARTESIAN_POINT('Ctrl Pts',(9.66931036259063,3.44153388402678,0.));
#3180=CARTESIAN_POINT('Ctrl Pts',(9.66931036259063,3.44153388402678,0.66));
#3181=CARTESIAN_POINT('Ctrl Pts',(9.64069590166257,3.89047049881489,0.));
#3182=CARTESIAN_POINT('Ctrl Pts',(9.64069590166257,3.89047049881489,0.66));
#3183=CARTESIAN_POINT('Ctrl Pts',(9.58516551857949,4.76169509612174,0.));
#3184=CARTESIAN_POINT('Ctrl Pts',(9.58516551857949,4.76169509612174,0.66));
#3185=CARTESIAN_POINT('Ctrl Pts',(9.049746063311,5.4492632656017,0.));
#3186=CARTESIAN_POINT('Ctrl Pts',(9.049746063311,5.4492632656017,0.66));
#3187=CARTESIAN_POINT('Ctrl Pts',(8.7902249223038,5.78253183495953,0.));
#3188=CARTESIAN_POINT('Ctrl Pts',(8.7902249223038,5.78253183495953,0.66));
#3189=CARTESIAN_POINT('',(9.66931036259063,3.44153388402678,0.6));
#3190=CARTESIAN_POINT('Ctrl Pts',(8.7902249223038,5.78253183495953,0.6));
#3191=CARTESIAN_POINT('Ctrl Pts',(9.049746063311,5.4492632656017,0.6));
#3192=CARTESIAN_POINT('Ctrl Pts',(9.30926720431821,5.11599469624388,0.6));
#3193=CARTESIAN_POINT('Ctrl Pts',(9.45604314862635,4.7395778635049,0.6));
#3194=CARTESIAN_POINT('Ctrl Pts',(9.61208144073451,4.33940711360299,0.6));
#3195=CARTESIAN_POINT('Ctrl Pts',(9.64069590166257,3.89047049881489,0.6));
#3196=CARTESIAN_POINT('Ctrl Pts',(9.66931036259063,3.44153388402678,0.6));
#3197=CARTESIAN_POINT('',(9.66931036259063,3.44153388402678,0.));
#3198=CARTESIAN_POINT('',(9.66931036259063,3.44153388402678,0.));
#3199=CARTESIAN_POINT('Ctrl Pts',(8.7902249223038,5.78253183495953,0.));
#3200=CARTESIAN_POINT('Ctrl Pts',(9.049746063311,5.4492632656017,0.));
#3201=CARTESIAN_POINT('Ctrl Pts',(9.58516551857949,4.76169509612174,0.));
#3202=CARTESIAN_POINT('Ctrl Pts',(9.64069590166257,3.89047049881489,0.));
#3203=CARTESIAN_POINT('Ctrl Pts',(9.66931036259063,3.44153388402678,0.));
#3204=CARTESIAN_POINT('Ctrl Pts',(8.85666358024279,1.10232986463874,0.));
#3205=CARTESIAN_POINT('Ctrl Pts',(8.85666358024279,1.10232986463874,0.66));
#3206=CARTESIAN_POINT('Ctrl Pts',(9.09060373718035,1.44936967533317,0.));
#3207=CARTESIAN_POINT('Ctrl Pts',(9.09060373718035,1.44936967533317,0.66));
#3208=CARTESIAN_POINT('Ctrl Pts',(9.56747116706186,2.15678128332223,0.));
#3209=CARTESIAN_POINT('Ctrl Pts',(9.56747116706186,2.15678128332223,0.66));
#3210=CARTESIAN_POINT('Ctrl Pts',(9.63494012069875,3.0079360199807,0.));
#3211=CARTESIAN_POINT('Ctrl Pts',(9.63494012069875,3.0079360199807,0.66));
#3212=CARTESIAN_POINT('Ctrl Pts',(9.66931036259063,3.44153388402678,0.));
#3213=CARTESIAN_POINT('Ctrl Pts',(9.66931036259063,3.44153388402678,0.66));
#3214=CARTESIAN_POINT('',(8.85666358024279,1.10232986463874,0.6));
#3215=CARTESIAN_POINT('Ctrl Pts',(9.66931036259063,3.44153388402678,0.6));
#3216=CARTESIAN_POINT('Ctrl Pts',(9.63494012069875,3.0079360199807,0.6));
#3217=CARTESIAN_POINT('Ctrl Pts',(9.60056987880686,2.57433815593462,0.6));
#3218=CARTESIAN_POINT('Ctrl Pts',(9.45995587264834,2.17804334005175,0.6));
#3219=CARTESIAN_POINT('Ctrl Pts',(9.32454389411791,1.79640948602759,0.6));
#3220=CARTESIAN_POINT('Ctrl Pts',(9.09060373718035,1.44936967533317,0.6));
#3221=CARTESIAN_POINT('Ctrl Pts',(8.85666358024279,1.10232986463874,0.6));
#3222=CARTESIAN_POINT('',(8.85666358024279,1.10232986463874,0.));
#3223=CARTESIAN_POINT('',(8.85666358024279,1.10232986463874,0.));
#3224=CARTESIAN_POINT('Ctrl Pts',(9.66931036259063,3.44153388402678,0.));
#3225=CARTESIAN_POINT('Ctrl Pts',(9.63494012069875,3.0079360199807,0.));
#3226=CARTESIAN_POINT('Ctrl Pts',(9.56747116706186,2.15678128332223,0.));
#3227=CARTESIAN_POINT('Ctrl Pts',(9.09060373718035,1.44936967533317,0.));
#3228=CARTESIAN_POINT('Ctrl Pts',(8.85666358024279,1.10232986463874,0.));
#3229=CARTESIAN_POINT('Ctrl Pts',(6.21950061111497,-0.0878452914108552,
0.));
#3230=CARTESIAN_POINT('Ctrl Pts',(6.21950061111497,-0.0878452914108552,
0.66));
#3231=CARTESIAN_POINT('Ctrl Pts',(6.74189832011501,-0.0463906572273642,
0.));
#3232=CARTESIAN_POINT('Ctrl Pts',(6.74189832011501,-0.0463906572273642,
0.66));
#3233=CARTESIAN_POINT('Ctrl Pts',(7.76527210704759,0.0348187072843409,0.));
#3234=CARTESIAN_POINT('Ctrl Pts',(7.76527210704759,0.0348187072843409,0.66));
#3235=CARTESIAN_POINT('Ctrl Pts',(8.49797885022595,0.751493376843362,0.));
#3236=CARTESIAN_POINT('Ctrl Pts',(8.49797885022595,0.751493376843362,0.66));
#3237=CARTESIAN_POINT('Ctrl Pts',(8.85666358024279,1.10232986463874,0.));
#3238=CARTESIAN_POINT('Ctrl Pts',(8.85666358024279,1.10232986463874,0.66));
#3239=CARTESIAN_POINT('',(6.21950061111497,-0.0878452914108552,0.6));
#3240=CARTESIAN_POINT('Ctrl Pts',(8.85666358024279,1.10232986463874,0.6));
#3241=CARTESIAN_POINT('Ctrl Pts',(8.49797885022595,0.751493376843362,0.6));
#3242=CARTESIAN_POINT('Ctrl Pts',(8.1392941202091,0.400656889047981,0.6));
#3243=CARTESIAN_POINT('Ctrl Pts',(7.71095296327106,0.202105441931029,0.6));
#3244=CARTESIAN_POINT('Ctrl Pts',(7.26429602911504,-0.00493602304387414,
0.6));
#3245=CARTESIAN_POINT('Ctrl Pts',(6.74189832011501,-0.0463906572273642,
0.6));
#3246=CARTESIAN_POINT('Ctrl Pts',(6.21950061111497,-0.0878452914108552,
0.6));
#3247=CARTESIAN_POINT('',(6.21950061111497,-0.0878452914108552,0.));
#3248=CARTESIAN_POINT('',(6.21950061111497,-0.0878452914108552,0.));
#3249=CARTESIAN_POINT('Ctrl Pts',(8.85666358024279,1.10232986463874,0.));
#3250=CARTESIAN_POINT('Ctrl Pts',(8.49797885022595,0.751493376843362,0.));
#3251=CARTESIAN_POINT('Ctrl Pts',(7.76527210704759,0.0348187072843409,0.));
#3252=CARTESIAN_POINT('Ctrl Pts',(6.74189832011501,-0.0463906572273642,
0.));
#3253=CARTESIAN_POINT('Ctrl Pts',(6.21950061111497,-0.0878452914108552,
0.));
#3254=CARTESIAN_POINT('Ctrl Pts',(3.9994155633815,0.696428193499414,0.));
#3255=CARTESIAN_POINT('Ctrl Pts',(3.9994155633815,0.696428193499414,0.66));
#3256=CARTESIAN_POINT('Ctrl Pts',(4.31559594325869,0.470836344499874,0.));
#3257=CARTESIAN_POINT('Ctrl Pts',(4.31559594325869,0.470836344499874,0.66));
#3258=CARTESIAN_POINT('Ctrl Pts',(4.97874079943613,-0.00231152861519091,
0.));
#3259=CARTESIAN_POINT('Ctrl Pts',(4.97874079943613,-0.00231152861519091,
0.66));
#3260=CARTESIAN_POINT('Ctrl Pts',(5.79330954007756,-0.0584651280362714,
0.));
#3261=CARTESIAN_POINT('Ctrl Pts',(5.79330954007756,-0.0584651280362714,
0.66));
#3262=CARTESIAN_POINT('Ctrl Pts',(6.21950061111497,-0.0878452914108552,
0.));
#3263=CARTESIAN_POINT('Ctrl Pts',(6.21950061111497,-0.0878452914108552,
0.66));
#3264=CARTESIAN_POINT('',(3.9994155633815,0.696428193499414,0.6));
#3265=CARTESIAN_POINT('Ctrl Pts',(6.21950061111497,-0.0878452914108552,
0.6));
#3266=CARTESIAN_POINT('Ctrl Pts',(5.79330954007756,-0.0584651280362714,
0.6));
#3267=CARTESIAN_POINT('Ctrl Pts',(5.36711846904015,-0.0290849646616854,
0.6));
#3268=CARTESIAN_POINT('Ctrl Pts',(4.98237959912586,0.114447140868782,0.6));
#3269=CARTESIAN_POINT('Ctrl Pts',(4.63177632313587,0.245244495500334,0.6));
#3270=CARTESIAN_POINT('Ctrl Pts',(4.31559594325869,0.470836344499874,0.6));
#3271=CARTESIAN_POINT('Ctrl Pts',(3.9994155633815,0.696428193499414,0.6));
#3272=CARTESIAN_POINT('',(3.9994155633815,0.696428193499414,0.));
#3273=CARTESIAN_POINT('',(3.9994155633815,0.696428193499414,0.));
#3274=CARTESIAN_POINT('Ctrl Pts',(6.21950061111497,-0.0878452914108552,
0.));
#3275=CARTESIAN_POINT('Ctrl Pts',(5.79330954007756,-0.0584651280362714,
0.));
#3276=CARTESIAN_POINT('Ctrl Pts',(4.97874079943613,-0.00231152861519091,
0.));
#3277=CARTESIAN_POINT('Ctrl Pts',(4.31559594325869,0.470836344499874,0.));
#3278=CARTESIAN_POINT('Ctrl Pts',(3.9994155633815,0.696428193499414,0.));
#3279=CARTESIAN_POINT('Ctrl Pts',(3.03226660998368,2.7312589722074,0.));
#3280=CARTESIAN_POINT('Ctrl Pts',(3.03226660998368,2.7312589722074,0.66));
#3281=CARTESIAN_POINT('Ctrl Pts',(3.09644009664785,2.3343463828146,0.));
#3282=CARTESIAN_POINT('Ctrl Pts',(3.09644009664785,2.3343463828146,0.66));
#3283=CARTESIAN_POINT('Ctrl Pts',(3.22147446500944,1.5610096437779,0.));
#3284=CARTESIAN_POINT('Ctrl Pts',(3.22147446500944,1.5610096437779,0.66));
#3285=CARTESIAN_POINT('Ctrl Pts',(3.74472276654808,0.979486471462265,0.));
#3286=CARTESIAN_POINT('Ctrl Pts',(3.74472276654808,0.979486471462265,0.66));
#3287=CARTESIAN_POINT('Ctrl Pts',(3.9994155633815,0.696428193499414,0.));
#3288=CARTESIAN_POINT('Ctrl Pts',(3.9994155633815,0.696428193499414,0.66));
#3289=CARTESIAN_POINT('',(3.03226660998368,2.7312589722074,0.6));
#3290=CARTESIAN_POINT('Ctrl Pts',(3.9994155633815,0.696428193499414,0.6));
#3291=CARTESIAN_POINT('Ctrl Pts',(3.74472276654808,0.979486471462265,0.6));
#3292=CARTESIAN_POINT('Ctrl Pts',(3.49002996971465,1.26254474942512,0.6));
#3293=CARTESIAN_POINT('Ctrl Pts',(3.32968548215696,1.59104916628094,0.6));
#3294=CARTESIAN_POINT('Ctrl Pts',(3.16061358331203,1.9374337934218,0.6));
#3295=CARTESIAN_POINT('Ctrl Pts',(3.09644009664785,2.3343463828146,0.6));
#3296=CARTESIAN_POINT('Ctrl Pts',(3.03226660998368,2.7312589722074,0.6));
#3297=CARTESIAN_POINT('',(3.03226660998368,2.7312589722074,0.));
#3298=CARTESIAN_POINT('',(3.03226660998368,2.7312589722074,0.));
#3299=CARTESIAN_POINT('Ctrl Pts',(3.9994155633815,0.696428193499414,0.));
#3300=CARTESIAN_POINT('Ctrl Pts',(3.74472276654808,0.979486471462265,0.));
#3301=CARTESIAN_POINT('Ctrl Pts',(3.22147446500944,1.5610096437779,0.));
#3302=CARTESIAN_POINT('Ctrl Pts',(3.09644009664785,2.3343463828146,0.));
#3303=CARTESIAN_POINT('Ctrl Pts',(3.03226660998368,2.7312589722074,0.));
#3304=CARTESIAN_POINT('Origin',(4.32243133269672,2.82863182324092,0.));
#3305=CARTESIAN_POINT('',(4.32243133269672,2.82863182324092,0.6));
#3306=CARTESIAN_POINT('',(8.2816312132462,3.12744527968854,0.6));
#3307=CARTESIAN_POINT('',(4.32243133269672,2.82863182324092,0.));
#3308=CARTESIAN_POINT('',(4.32243133269672,2.82863182324092,0.));
#3309=CARTESIAN_POINT('',(3.03226660998368,2.7312589722074,0.));
#3310=CARTESIAN_POINT('Ctrl Pts',(4.97456360367767,1.40720628416026,0.));
#3311=CARTESIAN_POINT('Ctrl Pts',(4.97456360367767,1.40720628416026,0.66));
#3312=CARTESIAN_POINT('Ctrl Pts',(4.81666637453682,1.59722317878169,0.));
#3313=CARTESIAN_POINT('Ctrl Pts',(4.81666637453682,1.59722317878169,0.66));
#3314=CARTESIAN_POINT('Ctrl Pts',(4.47293228708535,2.01088011391891,0.));
#3315=CARTESIAN_POINT('Ctrl Pts',(4.47293228708535,2.01088011391891,0.66));
#3316=CARTESIAN_POINT('Ctrl Pts',(4.37524507703099,2.54166666823255,0.));
#3317=CARTESIAN_POINT('Ctrl Pts',(4.37524507703099,2.54166666823255,0.66));
#3318=CARTESIAN_POINT('Ctrl Pts',(4.32243133269672,2.82863182324092,0.));
#3319=CARTESIAN_POINT('Ctrl Pts',(4.32243133269672,2.82863182324092,0.66));
#3320=CARTESIAN_POINT('',(4.97456360367767,1.40720628416026,0.6));
#3321=CARTESIAN_POINT('Ctrl Pts',(4.32243133269672,2.82863182324092,0.6));
#3322=CARTESIAN_POINT('Ctrl Pts',(4.37524507703099,2.54166666823255,0.6));
#3323=CARTESIAN_POINT('Ctrl Pts',(4.42805882136525,2.25470151322418,0.6));
#3324=CARTESIAN_POINT('Ctrl Pts',(4.55279036054886,2.00197253309365,0.6));
#3325=CARTESIAN_POINT('Ctrl Pts',(4.65876914539598,1.78724007340312,0.6));
#3326=CARTESIAN_POINT('Ctrl Pts',(4.81666637453682,1.59722317878169,0.6));
#3327=CARTESIAN_POINT('Ctrl Pts',(4.97456360367767,1.40720628416026,0.6));
#3328=CARTESIAN_POINT('',(4.97456360367767,1.40720628416026,0.));
#3329=CARTESIAN_POINT('',(4.97456360367767,1.40720628416026,0.));
#3330=CARTESIAN_POINT('Ctrl Pts',(4.32243133269672,2.82863182324092,0.));
#3331=CARTESIAN_POINT('Ctrl Pts',(4.37524507703099,2.54166666823255,0.));
#3332=CARTESIAN_POINT('Ctrl Pts',(4.47293228708535,2.01088011391891,0.));
#3333=CARTESIAN_POINT('Ctrl Pts',(4.81666637453682,1.59722317878169,0.));
#3334=CARTESIAN_POINT('Ctrl Pts',(4.97456360367767,1.40720628416026,0.));
#3335=CARTESIAN_POINT('Ctrl Pts',(6.22871222546942,0.921662776747554,0.));
#3336=CARTESIAN_POINT('Ctrl Pts',(6.22871222546942,0.921662776747554,0.66));
#3337=CARTESIAN_POINT('Ctrl Pts',(5.9933674138119,0.942585057137366,0.));
#3338=CARTESIAN_POINT('Ctrl Pts',(5.9933674138119,0.942585057137366,0.66));
#3339=CARTESIAN_POINT('Ctrl Pts',(5.52833778835361,0.983926441062006,0.));
#3340=CARTESIAN_POINT('Ctrl Pts',(5.52833778835361,0.983926441062006,0.66));
#3341=CARTESIAN_POINT('Ctrl Pts',(5.15765109014279,1.26726252244525,0.));
#3342=CARTESIAN_POINT('Ctrl Pts',(5.15765109014279,1.26726252244525,0.66));
#3343=CARTESIAN_POINT('Ctrl Pts',(4.97456360367767,1.40720628416026,0.));
#3344=CARTESIAN_POINT('Ctrl Pts',(4.97456360367767,1.40720628416026,0.66));
#3345=CARTESIAN_POINT('',(6.22871222546942,0.921662776747554,0.6));
#3346=CARTESIAN_POINT('Ctrl Pts',(4.97456360367767,1.40720628416026,0.6));
#3347=CARTESIAN_POINT('Ctrl Pts',(5.15765109014279,1.26726252244525,0.6));
#3348=CARTESIAN_POINT('Ctrl Pts',(5.34073857660791,1.12731876073025,0.6));
#3349=CARTESIAN_POINT('Ctrl Pts',(5.54684115257868,1.04640994508274,0.6));
#3350=CARTESIAN_POINT('Ctrl Pts',(5.75802260215438,0.963507337527174,0.6));
#3351=CARTESIAN_POINT('Ctrl Pts',(5.9933674138119,0.942585057137366,0.6));
#3352=CARTESIAN_POINT('Ctrl Pts',(6.22871222546942,0.921662776747554,0.6));
#3353=CARTESIAN_POINT('',(6.22871222546942,0.921662776747554,0.));
#3354=CARTESIAN_POINT('',(6.22871222546942,0.921662776747554,0.));
#3355=CARTESIAN_POINT('Ctrl Pts',(4.97456360367767,1.40720628416026,0.));
#3356=CARTESIAN_POINT('Ctrl Pts',(5.15765109014279,1.26726252244525,0.));
#3357=CARTESIAN_POINT('Ctrl Pts',(5.52833778835361,0.983926441062006,0.));
#3358=CARTESIAN_POINT('Ctrl Pts',(5.9933674138119,0.942585057137366,0.));
#3359=CARTESIAN_POINT('Ctrl Pts',(6.22871222546942,0.921662776747554,0.));
#3360=CARTESIAN_POINT('Ctrl Pts',(7.73543127738023,1.57642837068974,0.));
#3361=CARTESIAN_POINT('Ctrl Pts',(7.73543127738023,1.57642837068974,0.66));
#3362=CARTESIAN_POINT('Ctrl Pts',(7.51864312790602,1.38342582786203,0.));
#3363=CARTESIAN_POINT('Ctrl Pts',(7.51864312790602,1.38342582786203,0.66));
#3364=CARTESIAN_POINT('Ctrl Pts',(7.08791464138293,0.999956097764187,0.));
#3365=CARTESIAN_POINT('Ctrl Pts',(7.08791464138293,0.999956097764187,0.66));
#3366=CARTESIAN_POINT('Ctrl Pts',(6.51384786059328,0.947645263994517,0.));
#3367=CARTESIAN_POINT('Ctrl Pts',(6.51384786059328,0.947645263994517,0.66));
#3368=CARTESIAN_POINT('Ctrl Pts',(6.22871222546942,0.921662776747554,0.));
#3369=CARTESIAN_POINT('Ctrl Pts',(6.22871222546942,0.921662776747554,0.66));
#3370=CARTESIAN_POINT('',(7.73543127738023,1.57642837068974,0.6));
#3371=CARTESIAN_POINT('Ctrl Pts',(6.22871222546942,0.921662776747554,0.6));
#3372=CARTESIAN_POINT('Ctrl Pts',(6.51384786059328,0.947645263994517,0.6));
#3373=CARTESIAN_POINT('Ctrl Pts',(6.79898349571715,0.973627751241483,0.6));
#3374=CARTESIAN_POINT('Ctrl Pts',(7.04875683987807,1.0813088334581,0.6));
#3375=CARTESIAN_POINT('Ctrl Pts',(7.30185497843181,1.19042328503432,0.6));
#3376=CARTESIAN_POINT('Ctrl Pts',(7.51864312790602,1.38342582786203,0.6));
#3377=CARTESIAN_POINT('Ctrl Pts',(7.73543127738023,1.57642837068974,0.6));
#3378=CARTESIAN_POINT('',(7.73543127738023,1.57642837068974,0.));
#3379=CARTESIAN_POINT('',(7.73543127738023,1.57642837068974,0.));
#3380=CARTESIAN_POINT('Ctrl Pts',(6.22871222546942,0.921662776747554,0.));
#3381=CARTESIAN_POINT('Ctrl Pts',(6.51384786059328,0.947645263994517,0.));
#3382=CARTESIAN_POINT('Ctrl Pts',(7.08791464138293,0.999956097764187,0.));
#3383=CARTESIAN_POINT('Ctrl Pts',(7.51864312790602,1.38342582786203,0.));
#3384=CARTESIAN_POINT('Ctrl Pts',(7.73543127738023,1.57642837068974,0.));
#3385=CARTESIAN_POINT('Ctrl Pts',(8.36550359868479,3.34428551463579,0.));
#3386=CARTESIAN_POINT('Ctrl Pts',(8.36550359868479,3.34428551463579,0.66));
#3387=CARTESIAN_POINT('Ctrl Pts',(8.34283672669741,3.00118889757486,0.));
#3388=CARTESIAN_POINT('Ctrl Pts',(8.34283672669741,3.00118889757486,0.66));
#3389=CARTESIAN_POINT('Ctrl Pts',(8.29984121031797,2.35038819482301,0.));
#3390=CARTESIAN_POINT('Ctrl Pts',(8.29984121031797,2.35038819482301,0.66));
#3391=CARTESIAN_POINT('Ctrl Pts',(7.91662102673102,1.8248888926589,0.));
#3392=CARTESIAN_POINT('Ctrl Pts',(7.91662102673102,1.8248888926589,0.66));
#3393=CARTESIAN_POINT('Ctrl Pts',(7.73543127738023,1.57642837068974,0.));
#3394=CARTESIAN_POINT('Ctrl Pts',(7.73543127738023,1.57642837068974,0.66));
#3395=CARTESIAN_POINT('',(8.36550359868479,3.34428551463579,0.6));
#3396=CARTESIAN_POINT('Ctrl Pts',(7.73543127738023,1.57642837068974,0.6));
#3397=CARTESIAN_POINT('Ctrl Pts',(7.91662102673102,1.8248888926589,0.6));
#3398=CARTESIAN_POINT('Ctrl Pts',(8.09781077608181,2.07334941462806,0.6));
#3399=CARTESIAN_POINT('Ctrl Pts',(8.20294403223083,2.34982079542235,0.6));
#3400=CARTESIAN_POINT('Ctrl Pts',(8.32016985471003,2.65809228051393,0.6));
#3401=CARTESIAN_POINT('Ctrl Pts',(8.34283672669741,3.00118889757486,0.6));
#3402=CARTESIAN_POINT('Ctrl Pts',(8.36550359868479,3.34428551463579,0.6));
#3403=CARTESIAN_POINT('',(8.36550359868479,3.34428551463579,0.));
#3404=CARTESIAN_POINT('',(8.36550359868479,3.34428551463579,0.));
#3405=CARTESIAN_POINT('Ctrl Pts',(7.73543127738023,1.57642837068974,0.));
#3406=CARTESIAN_POINT('Ctrl Pts',(7.91662102673102,1.8248888926589,0.));
#3407=CARTESIAN_POINT('Ctrl Pts',(8.29984121031797,2.35038819482301,0.));
#3408=CARTESIAN_POINT('Ctrl Pts',(8.34283672669741,3.00118889757486,0.));
#3409=CARTESIAN_POINT('Ctrl Pts',(8.36550359868479,3.34428551463579,0.));
#3410=CARTESIAN_POINT('Ctrl Pts',(7.79061194965498,5.0071721156953,0.));
#3411=CARTESIAN_POINT('Ctrl Pts',(7.79061194965498,5.0071721156953,0.66));
#3412=CARTESIAN_POINT('Ctrl Pts',(7.96043143767616,4.77532530684291,0.));
#3413=CARTESIAN_POINT('Ctrl Pts',(7.96043143767616,4.77532530684291,0.66));
#3414=CARTESIAN_POINT('Ctrl Pts',(8.32177136284361,4.28200437214202,0.));
#3415=CARTESIAN_POINT('Ctrl Pts',(8.32177136284361,4.28200437214202,0.66));
#3416=CARTESIAN_POINT('Ctrl Pts',(8.35035399220797,3.66912762261095,0.));
#3417=CARTESIAN_POINT('Ctrl Pts',(8.35035399220797,3.66912762261095,0.66));
#3418=CARTESIAN_POINT('Ctrl Pts',(8.36550359868479,3.34428551463579,0.));
#3419=CARTESIAN_POINT('Ctrl Pts',(8.36550359868479,3.34428551463579,0.66));
#3420=CARTESIAN_POINT('',(7.79061194965498,5.0071721156953,0.6));
#3421=CARTESIAN_POINT('Ctrl Pts',(8.36550359868479,3.34428551463579,0.6));
#3422=CARTESIAN_POINT('Ctrl Pts',(8.35035399220797,3.66912762261095,0.6));
#3423=CARTESIAN_POINT('Ctrl Pts',(8.33520438573114,3.9939697305861,0.6));
#3424=CARTESIAN_POINT('Ctrl Pts',(8.22657322286663,4.28522500579611,0.6));
#3425=CARTESIAN_POINT('Ctrl Pts',(8.13025092569733,4.54347849799053,0.6));
#3426=CARTESIAN_POINT('Ctrl Pts',(7.96043143767616,4.77532530684291,0.6));
#3427=CARTESIAN_POINT('Ctrl Pts',(7.79061194965498,5.0071721156953,0.6));
#3428=CARTESIAN_POINT('',(7.79061194965498,5.0071721156953,0.));
#3429=CARTESIAN_POINT('',(7.79061194965498,5.0071721156953,0.));
#3430=CARTESIAN_POINT('Ctrl Pts',(8.36550359868479,3.34428551463579,0.));
#3431=CARTESIAN_POINT('Ctrl Pts',(8.35035399220797,3.66912762261095,0.));
#3432=CARTESIAN_POINT('Ctrl Pts',(8.32177136284361,4.28200437214202,0.));
#3433=CARTESIAN_POINT('Ctrl Pts',(7.96043143767616,4.77532530684291,0.));
#3434=CARTESIAN_POINT('Ctrl Pts',(7.79061194965498,5.0071721156953,0.));
#3435=CARTESIAN_POINT('Ctrl Pts',(6.25119504810298,5.62833910955408,0.));
#3436=CARTESIAN_POINT('Ctrl Pts',(6.25119504810298,5.62833910955408,0.66));
#3437=CARTESIAN_POINT('Ctrl Pts',(6.55049845845635,5.60392524117785,0.));
#3438=CARTESIAN_POINT('Ctrl Pts',(6.55049845845635,5.60392524117785,0.66));
#3439=CARTESIAN_POINT('Ctrl Pts',(7.12946226106423,5.55669976501379,0.));
#3440=CARTESIAN_POINT('Ctrl Pts',(7.12946226106423,5.55669976501379,0.66));
#3441=CARTESIAN_POINT('Ctrl Pts',(7.57527049718185,5.18615742601228,0.));
#3442=CARTESIAN_POINT('Ctrl Pts',(7.57527049718185,5.18615742601228,0.66));
#3443=CARTESIAN_POINT('Ctrl Pts',(7.79061194965498,5.0071721156953,0.));
#3444=CARTESIAN_POINT('Ctrl Pts',(7.79061194965498,5.0071721156953,0.66));
#3445=CARTESIAN_POINT('',(6.25119504810298,5.62833910955408,0.6));
#3446=CARTESIAN_POINT('Ctrl Pts',(7.79061194965498,5.0071721156953,0.6));
#3447=CARTESIAN_POINT('Ctrl Pts',(7.55492520525027,5.20306781808051,0.6));
#3448=CARTESIAN_POINT('Ctrl Pts',(7.3452842751733,5.37731502638171,0.6));
#3449=CARTESIAN_POINT('Ctrl Pts',(6.83015885071088,5.58111363339001,0.6));
#3450=CARTESIAN_POINT('Ctrl Pts',(6.54067694940694,5.60472637147204,0.6));
#3451=CARTESIAN_POINT('Ctrl Pts',(6.25119504810298,5.62833910955408,0.6));
#3452=CARTESIAN_POINT('',(6.25119504810298,5.62833910955408,0.));
#3453=CARTESIAN_POINT('',(6.25119504810298,5.62833910955408,0.));
#3454=CARTESIAN_POINT('Ctrl Pts',(7.79061194965498,5.0071721156953,0.));
#3455=CARTESIAN_POINT('Ctrl Pts',(7.57527049718185,5.18615742601228,0.));
#3456=CARTESIAN_POINT('Ctrl Pts',(7.12946226106423,5.55669976501379,0.));
#3457=CARTESIAN_POINT('Ctrl Pts',(6.55049845845635,5.60392524117785,0.));
#3458=CARTESIAN_POINT('Ctrl Pts',(6.25119504810298,5.62833910955408,0.));
#3459=CARTESIAN_POINT('Ctrl Pts',(5.17784003736141,5.36868168848459,0.));
#3460=CARTESIAN_POINT('Ctrl Pts',(5.17784003736141,5.36868168848459,0.66));
#3461=CARTESIAN_POINT('Ctrl Pts',(5.34452208527568,5.4457411389214,0.));
#3462=CARTESIAN_POINT('Ctrl Pts',(5.34452208527568,5.4457411389214,0.66));
#3463=CARTESIAN_POINT('Ctrl Pts',(5.68496553833053,5.60313292601242,0.));
#3464=CARTESIAN_POINT('Ctrl Pts',(5.68496553833053,5.60313292601242,0.66));
#3465=CARTESIAN_POINT('Ctrl Pts',(6.05985334122878,5.61982137231255,0.));
#3466=CARTESIAN_POINT('Ctrl Pts',(6.05985334122878,5.61982137231255,0.66));
#3467=CARTESIAN_POINT('Ctrl Pts',(6.25119504810298,5.62833910955408,0.));
#3468=CARTESIAN_POINT('Ctrl Pts',(6.25119504810298,5.62833910955408,0.66));
#3469=CARTESIAN_POINT('',(5.17784003736141,5.36868168848459,0.6));
#3470=CARTESIAN_POINT('Ctrl Pts',(6.25119504810298,5.62833910955408,0.6));
#3471=CARTESIAN_POINT('Ctrl Pts',(6.05985334122878,5.61982137231255,0.6));
#3472=CARTESIAN_POINT('Ctrl Pts',(5.86851163435458,5.61130363507101,0.6));
#3473=CARTESIAN_POINT('Ctrl Pts',(5.68614286529022,5.56613192316326,0.6));
#3474=CARTESIAN_POINT('Ctrl Pts',(5.51120413318996,5.52280058935822,0.6));
#3475=CARTESIAN_POINT('Ctrl Pts',(5.34452208527568,5.4457411389214,0.6));
#3476=CARTESIAN_POINT('Ctrl Pts',(5.17784003736141,5.36868168848459,0.6));
#3477=CARTESIAN_POINT('',(5.17784003736141,5.36868168848459,0.));
#3478=CARTESIAN_POINT('',(5.17784003736141,5.36868168848459,0.));
#3479=CARTESIAN_POINT('Ctrl Pts',(6.25119504810298,5.62833910955408,0.));
#3480=CARTESIAN_POINT('Ctrl Pts',(6.05985334122878,5.61982137231255,0.));
#3481=CARTESIAN_POINT('Ctrl Pts',(5.68496553833053,5.60313292601242,0.));
#3482=CARTESIAN_POINT('Ctrl Pts',(5.34452208527568,5.4457411389214,0.));
#3483=CARTESIAN_POINT('Ctrl Pts',(5.17784003736141,5.36868168848459,0.));
#3484=CARTESIAN_POINT('Ctrl Pts',(4.42115049137952,4.67637570651736,0.));
#3485=CARTESIAN_POINT('Ctrl Pts',(4.42115049137952,4.67637570651736,0.66));
#3486=CARTESIAN_POINT('Ctrl Pts',(4.52336907668606,4.81284971855701,0.));
#3487=CARTESIAN_POINT('Ctrl Pts',(4.52336907668606,4.81284971855701,0.66));
#3488=CARTESIAN_POINT('Ctrl Pts',(4.7318526853276,5.09120022038105,0.));
#3489=CARTESIAN_POINT('Ctrl Pts',(4.7318526853276,5.09120022038105,0.66));
#3490=CARTESIAN_POINT('Ctrl Pts',(5.0272663682294,5.2749987564957,0.));
#3491=CARTESIAN_POINT('Ctrl Pts',(5.0272663682294,5.2749987564957,0.66));
#3492=CARTESIAN_POINT('Ctrl Pts',(5.17784003736141,5.36868168848459,0.));
#3493=CARTESIAN_POINT('Ctrl Pts',(5.17784003736141,5.36868168848459,0.66));
#3494=CARTESIAN_POINT('',(4.42115049137952,4.67637570651736,0.6));
#3495=CARTESIAN_POINT('Ctrl Pts',(5.17784003736141,5.36868168848459,0.6));
#3496=CARTESIAN_POINT('Ctrl Pts',(5.0272663682294,5.2749987564957,0.6));
#3497=CARTESIAN_POINT('Ctrl Pts',(4.87669269909739,5.18131582450682,0.6));
#3498=CARTESIAN_POINT('Ctrl Pts',(4.74870334395649,5.06306842158851,0.6));
#3499=CARTESIAN_POINT('Ctrl Pts',(4.62558766199259,4.94932373059668,0.6));
#3500=CARTESIAN_POINT('Ctrl Pts',(4.52336907668606,4.81284971855701,0.6));
#3501=CARTESIAN_POINT('Ctrl Pts',(4.42115049137952,4.67637570651736,0.6));
#3502=CARTESIAN_POINT('',(4.42115049137952,4.67637570651736,0.));
#3503=CARTESIAN_POINT('',(4.42115049137952,4.67637570651736,0.));
#3504=CARTESIAN_POINT('Ctrl Pts',(5.17784003736141,5.36868168848459,0.));
#3505=CARTESIAN_POINT('Ctrl Pts',(5.0272663682294,5.2749987564957,0.));
#3506=CARTESIAN_POINT('Ctrl Pts',(4.7318526853276,5.09120022038105,0.));
#3507=CARTESIAN_POINT('Ctrl Pts',(4.52336907668606,4.81284971855701,0.));
#3508=CARTESIAN_POINT('Ctrl Pts',(4.42115049137952,4.67637570651736,0.));
#3509=CARTESIAN_POINT('Origin',(3.2697710256338,4.83695593040839,0.));
#3510=CARTESIAN_POINT('',(3.2697710256338,4.83695593040839,0.6));
#3511=CARTESIAN_POINT('',(7.60969924958904,4.23167620586302,0.6));
#3512=CARTESIAN_POINT('',(3.2697710256338,4.83695593040839,0.));
#3513=CARTESIAN_POINT('',(3.2697710256338,4.83695593040839,0.));
#3514=CARTESIAN_POINT('',(4.42115049137952,4.67637570651736,0.));
#3515=CARTESIAN_POINT('Origin',(4.28521986241481,9.96433003119737,0.));
#3516=CARTESIAN_POINT('',(3.95171961497459,8.28036480380849,0.6));
#3517=CARTESIAN_POINT('',(3.2697710256338,4.83695593040839,0.));
#3518=CARTESIAN_POINT('Origin',(12.1287782732192,4.91092920284102,0.));
#3519=CARTESIAN_POINT('Origin',(12.1287782732192,4.91092920284102,0.6));
#3520=CARTESIAN_POINT('Origin',(-20.7529194812286,1.05776542300557,5.));
#3521=CARTESIAN_POINT('',(-35.7529194812286,-13.9422345769944,5.));
#3522=CARTESIAN_POINT('',(-5.75291948122862,-13.9422345769944,5.));
#3523=CARTESIAN_POINT('',(-5.75291948122862,-13.9422345769944,5.));
#3524=CARTESIAN_POINT('',(-5.75291948122862,16.0577654230056,5.));
#3525=CARTESIAN_POINT('',(-5.75291948122862,16.0577654230056,5.));
#3526=CARTESIAN_POINT('',(-35.7529194812286,16.0577654230056,5.));
#3527=CARTESIAN_POINT('',(-35.7529194812286,16.0577654230056,5.));
#3528=CARTESIAN_POINT('',(-35.7529194812286,-13.9422345769944,5.));
#3529=CARTESIAN_POINT('Origin',(-35.7529194812286,-13.9422345769944,0.));
#3530=CARTESIAN_POINT('',(44.2470805187714,-13.9422345769944,0.));
#3531=CARTESIAN_POINT('',(-35.7529194812286,-13.9422345769944,0.));
#3532=CARTESIAN_POINT('',(-5.75291948122862,-13.9422345769944,0.));
#3533=CARTESIAN_POINT('',(44.2470805187714,-13.9422345769944,5.));
#3534=CARTESIAN_POINT('',(44.2470805187714,-13.9422345769944,0.));
#3535=CARTESIAN_POINT('',(28.2470805187714,-13.9422345769944,5.));
#3536=CARTESIAN_POINT('',(32.2470805187714,-13.9422345769944,5.));
#3537=CARTESIAN_POINT('',(28.2470805187714,-13.9422345769944,0.6));
#3538=CARTESIAN_POINT('',(28.2470805187714,-13.9422345769944,0.));
#3539=CARTESIAN_POINT('',(-5.75291948122862,-13.9422345769944,0.6));
#3540=CARTESIAN_POINT('',(44.2470805187714,-13.9422345769944,0.6));
#3541=CARTESIAN_POINT('',(-5.75291948122862,-13.9422345769944,0.));
#3542=CARTESIAN_POINT('',(-35.7529194812286,-13.9422345769944,0.));
#3543=CARTESIAN_POINT('Origin',(-5.75291948122862,-13.9422345769944,0.));
#3544=CARTESIAN_POINT('',(-5.75291948122862,16.0577654230056,0.6));
#3545=CARTESIAN_POINT('',(-5.75291948122862,-6.44223457699443,0.6));
#3546=CARTESIAN_POINT('',(-5.75291948122862,16.0577654230056,0.));
#3547=CARTESIAN_POINT('Origin',(-5.75291948122862,16.0577654230056,0.));
#3548=CARTESIAN_POINT('',(-35.7529194812286,16.0577654230056,0.));
#3549=CARTESIAN_POINT('',(44.2470805187714,16.0577654230056,0.));
#3550=CARTESIAN_POINT('',(-5.75291948122862,16.0577654230056,0.));
#3551=CARTESIAN_POINT('',(-35.7529194812286,16.0577654230056,0.));
#3552=CARTESIAN_POINT('',(28.2470805187714,16.0577654230056,0.6));
#3553=CARTESIAN_POINT('',(-5.75291948122862,16.0577654230056,0.6));
#3554=CARTESIAN_POINT('',(28.2470805187714,16.0577654230056,5.));
#3555=CARTESIAN_POINT('',(28.2470805187714,16.0577654230056,0.));
#3556=CARTESIAN_POINT('',(44.2470805187714,16.0577654230056,5.));
#3557=CARTESIAN_POINT('',(40.2470805187714,16.0577654230056,5.));
#3558=CARTESIAN_POINT('',(44.2470805187714,16.0577654230056,0.));
#3559=CARTESIAN_POINT('Origin',(-35.7529194812286,16.0577654230056,0.));
#3560=CARTESIAN_POINT('',(-35.7529194812286,-13.9422345769944,0.));
#3561=CARTESIAN_POINT('Origin',(36.2470805187714,1.05776542300557,5.));
#3562=CARTESIAN_POINT('',(44.2470805187714,-6.44223457699443,5.));
#3563=CARTESIAN_POINT('',(28.2470805187714,8.55776542300557,5.));
#3564=CARTESIAN_POINT('',(33.7470805187714,1.05776542300556,5.));
#3565=CARTESIAN_POINT('Origin',(36.2470805187714,1.05776542300556,5.));
#3566=CARTESIAN_POINT('Origin',(44.2470805187714,-13.9422345769944,0.));
#3567=CARTESIAN_POINT('',(44.2470805187714,16.0577654230056,0.));
#3568=CARTESIAN_POINT('Origin',(36.2470805187714,1.05776542300556,0.));
#3569=CARTESIAN_POINT('',(33.7470805187714,1.05776542300556,0.));
#3570=CARTESIAN_POINT('',(33.7470805187714,1.05776542300556,0.));
#3571=CARTESIAN_POINT('Origin',(36.2470805187714,1.05776542300556,0.));
#3572=CARTESIAN_POINT('Origin',(28.2470805187714,16.0577654230056,0.));
#3573=CARTESIAN_POINT('',(28.2470805187714,16.0577654230056,0.6));
#3574=CARTESIAN_POINT('Origin',(-20.7529194812286,1.05776542300557,0.));
#3575=CARTESIAN_POINT('',(4.32243133269672,2.82863182324092,0.));
#3576=CARTESIAN_POINT('',(3.03226660998368,2.7312589722074,0.));
#3577=CARTESIAN_POINT('',(-8.21067940389111,1.88271793855955,0.));
#3578=CARTESIAN_POINT('',(3.9994155633815,0.696428193499414,0.));
#3579=CARTESIAN_POINT('Ctrl Pts',(3.03226660998368,2.7312589722074,0.));
#3580=CARTESIAN_POINT('Ctrl Pts',(3.09644009664785,2.3343463828146,0.));
#3581=CARTESIAN_POINT('Ctrl Pts',(3.22147446500944,1.5610096437779,0.));
#3582=CARTESIAN_POINT('Ctrl Pts',(3.74472276654808,0.979486471462265,0.));
#3583=CARTESIAN_POINT('Ctrl Pts',(3.9994155633815,0.696428193499414,0.));
#3584=CARTESIAN_POINT('',(6.21950061111497,-0.0878452914108552,0.));
#3585=CARTESIAN_POINT('Ctrl Pts',(3.9994155633815,0.696428193499414,0.));
#3586=CARTESIAN_POINT('Ctrl Pts',(4.31559594325869,0.470836344499874,0.));
#3587=CARTESIAN_POINT('Ctrl Pts',(4.97874079943613,-0.00231152861519091,
0.));
#3588=CARTESIAN_POINT('Ctrl Pts',(5.79330954007756,-0.0584651280362714,
0.));
#3589=CARTESIAN_POINT('Ctrl Pts',(6.21950061111497,-0.0878452914108552,
0.));
#3590=CARTESIAN_POINT('',(8.85666358024279,1.10232986463874,0.));
#3591=CARTESIAN_POINT('Ctrl Pts',(6.21950061111497,-0.0878452914108552,
0.));
#3592=CARTESIAN_POINT('Ctrl Pts',(6.74189832011501,-0.0463906572273642,
0.));
#3593=CARTESIAN_POINT('Ctrl Pts',(7.76527210704759,0.0348187072843409,0.));
#3594=CARTESIAN_POINT('Ctrl Pts',(8.49797885022595,0.751493376843362,0.));
#3595=CARTESIAN_POINT('Ctrl Pts',(8.85666358024279,1.10232986463874,0.));
#3596=CARTESIAN_POINT('',(9.66931036259063,3.44153388402678,0.));
#3597=CARTESIAN_POINT('Ctrl Pts',(8.85666358024279,1.10232986463874,0.));
#3598=CARTESIAN_POINT('Ctrl Pts',(9.09060373718035,1.44936967533317,0.));
#3599=CARTESIAN_POINT('Ctrl Pts',(9.56747116706186,2.15678128332223,0.));
#3600=CARTESIAN_POINT('Ctrl Pts',(9.63494012069875,3.0079360199807,0.));
#3601=CARTESIAN_POINT('Ctrl Pts',(9.66931036259063,3.44153388402678,0.));
#3602=CARTESIAN_POINT('',(8.7902249223038,5.78253183495953,0.));
#3603=CARTESIAN_POINT('Ctrl Pts',(9.66931036259063,3.44153388402678,0.));
#3604=CARTESIAN_POINT('Ctrl Pts',(9.64069590166257,3.89047049881489,0.));
#3605=CARTESIAN_POINT('Ctrl Pts',(9.58516551857949,4.76169509612174,0.));
#3606=CARTESIAN_POINT('Ctrl Pts',(9.049746063311,5.4492632656017,0.));
#3607=CARTESIAN_POINT('Ctrl Pts',(8.7902249223038,5.78253183495953,0.));
#3608=CARTESIAN_POINT('',(6.58849940200695,6.70989040599372,0.));
#3609=CARTESIAN_POINT('Ctrl Pts',(8.7902249223038,5.78253183495953,0.));
#3610=CARTESIAN_POINT('Ctrl Pts',(8.47398842113022,6.05003380875547,0.));
#3611=CARTESIAN_POINT('Ctrl Pts',(7.837158932102,6.5887228742312,0.));
#3612=CARTESIAN_POINT('Ctrl Pts',(7.00661313887018,6.66931744893803,0.));
#3613=CARTESIAN_POINT('Ctrl Pts',(6.58849940200695,6.70989040599372,0.));
#3614=CARTESIAN_POINT('',(4.69335667222495,6.09959954695701,0.));
#3615=CARTESIAN_POINT('Ctrl Pts',(6.58849940200695,6.70989040599372,0.));
#3616=CARTESIAN_POINT('Ctrl Pts',(6.25830024343529,6.68395868019196,0.));
#3617=CARTESIAN_POINT('Ctrl Pts',(5.57897779204905,6.63060904836209,0.));
#3618=CARTESIAN_POINT('Ctrl Pts',(4.99399573197369,6.27985969844456,0.));
#3619=CARTESIAN_POINT('Ctrl Pts',(4.69335667222495,6.09959954695701,0.));
#3620=CARTESIAN_POINT('',(5.25673846500001,8.78215600969936,0.));
#3621=CARTESIAN_POINT('',(3.64881365197418,1.12598189455821,0.));
#3622=CARTESIAN_POINT('',(9.2470222524102,8.74574525026733,0.));
#3623=CARTESIAN_POINT('',(-7.7117687411194,8.90049175252656,0.));
#3624=CARTESIAN_POINT('',(9.25772763559782,9.91895662069597,0.));
#3625=CARTESIAN_POINT('',(9.21070048541531,4.76521421409326,0.));
#3626=CARTESIAN_POINT('',(4.28521986241481,9.96433003119737,0.));
#3627=CARTESIAN_POINT('',(-5.70592146422668,10.0554977432392,0.));
#3628=CARTESIAN_POINT('',(3.2697710256338,4.83695593040839,0.));
#3629=CARTESIAN_POINT('',(2.96407015457192,3.29335996368287,0.));
#3630=CARTESIAN_POINT('',(4.42115049137952,4.67637570651736,0.));
#3631=CARTESIAN_POINT('',(-8.25388738363289,6.44413384390834,0.));
#3632=CARTESIAN_POINT('',(5.17784003736141,5.36868168848459,0.));
#3633=CARTESIAN_POINT('Ctrl Pts',(4.42115049137952,4.67637570651736,0.));
#3634=CARTESIAN_POINT('Ctrl Pts',(4.52336907668606,4.81284971855701,0.));
#3635=CARTESIAN_POINT('Ctrl Pts',(4.7318526853276,5.09120022038105,0.));
#3636=CARTESIAN_POINT('Ctrl Pts',(5.0272663682294,5.2749987564957,0.));
#3637=CARTESIAN_POINT('Ctrl Pts',(5.17784003736141,5.36868168848459,0.));
#3638=CARTESIAN_POINT('',(6.25119504810298,5.62833910955408,0.));
#3639=CARTESIAN_POINT('Ctrl Pts',(5.17784003736141,5.36868168848459,0.));
#3640=CARTESIAN_POINT('Ctrl Pts',(5.34452208527568,5.4457411389214,0.));
#3641=CARTESIAN_POINT('Ctrl Pts',(5.68496553833053,5.60313292601242,0.));
#3642=CARTESIAN_POINT('Ctrl Pts',(6.05985334122878,5.61982137231255,0.));
#3643=CARTESIAN_POINT('Ctrl Pts',(6.25119504810298,5.62833910955408,0.));
#3644=CARTESIAN_POINT('',(7.79061194965498,5.0071721156953,0.));
#3645=CARTESIAN_POINT('Ctrl Pts',(6.25119504810298,5.62833910955408,0.));
#3646=CARTESIAN_POINT('Ctrl Pts',(6.55049845845635,5.60392524117785,0.));
#3647=CARTESIAN_POINT('Ctrl Pts',(7.12946226106423,5.55669976501379,0.));
#3648=CARTESIAN_POINT('Ctrl Pts',(7.57527049718185,5.18615742601228,0.));
#3649=CARTESIAN_POINT('Ctrl Pts',(7.79061194965498,5.0071721156953,0.));
#3650=CARTESIAN_POINT('',(8.36550359868479,3.34428551463579,0.));
#3651=CARTESIAN_POINT('Ctrl Pts',(7.79061194965498,5.0071721156953,0.));
#3652=CARTESIAN_POINT('Ctrl Pts',(7.96043143767616,4.77532530684291,0.));
#3653=CARTESIAN_POINT('Ctrl Pts',(8.32177136284361,4.28200437214202,0.));
#3654=CARTESIAN_POINT('Ctrl Pts',(8.35035399220797,3.66912762261095,0.));
#3655=CARTESIAN_POINT('Ctrl Pts',(8.36550359868479,3.34428551463579,0.));
#3656=CARTESIAN_POINT('',(7.73543127738023,1.57642837068974,0.));
#3657=CARTESIAN_POINT('Ctrl Pts',(8.36550359868479,3.34428551463579,0.));
#3658=CARTESIAN_POINT('Ctrl Pts',(8.34283672669741,3.00118889757486,0.));
#3659=CARTESIAN_POINT('Ctrl Pts',(8.29984121031797,2.35038819482301,0.));
#3660=CARTESIAN_POINT('Ctrl Pts',(7.91662102673102,1.8248888926589,0.));
#3661=CARTESIAN_POINT('Ctrl Pts',(7.73543127738023,1.57642837068974,0.));
#3662=CARTESIAN_POINT('',(6.22871222546942,0.921662776747554,0.));
#3663=CARTESIAN_POINT('Ctrl Pts',(7.73543127738023,1.57642837068974,0.));
#3664=CARTESIAN_POINT('Ctrl Pts',(7.51864312790602,1.38342582786203,0.));
#3665=CARTESIAN_POINT('Ctrl Pts',(7.08791464138293,0.999956097764187,0.));
#3666=CARTESIAN_POINT('Ctrl Pts',(6.51384786059328,0.947645263994517,0.));
#3667=CARTESIAN_POINT('Ctrl Pts',(6.22871222546942,0.921662776747554,0.));
#3668=CARTESIAN_POINT('',(4.97456360367767,1.40720628416026,0.));
#3669=CARTESIAN_POINT('Ctrl Pts',(6.22871222546942,0.921662776747554,0.));
#3670=CARTESIAN_POINT('Ctrl Pts',(5.9933674138119,0.942585057137366,0.));
#3671=CARTESIAN_POINT('Ctrl Pts',(5.52833778835361,0.983926441062006,0.));
#3672=CARTESIAN_POINT('Ctrl Pts',(5.15765109014279,1.26726252244525,0.));
#3673=CARTESIAN_POINT('Ctrl Pts',(4.97456360367767,1.40720628416026,0.));
#3674=CARTESIAN_POINT('Ctrl Pts',(4.97456360367767,1.40720628416026,0.));
#3675=CARTESIAN_POINT('Ctrl Pts',(4.81666637453682,1.59722317878169,0.));
#3676=CARTESIAN_POINT('Ctrl Pts',(4.47293228708535,2.01088011391891,0.));
#3677=CARTESIAN_POINT('Ctrl Pts',(4.37524507703099,2.54166666823255,0.));
#3678=CARTESIAN_POINT('Ctrl Pts',(4.32243133269672,2.82863182324092,0.));
#3679=CARTESIAN_POINT('',(11.4791636622232,1.43312194040376,0.));
#3680=CARTESIAN_POINT('',(11.4664043332934,0.0348170392994707,0.));
#3681=CARTESIAN_POINT('',(11.476109510182,1.09841501408951,0.));
#3682=CARTESIAN_POINT('',(12.8647092343977,0.0220577103696926,0.));
#3683=CARTESIAN_POINT('',(-4.64658308639131,0.181845706914656,0.));
#3684=CARTESIAN_POINT('',(12.8774685633275,1.42036261147399,0.));
#3685=CARTESIAN_POINT('',(12.8680347468214,0.386503234607584,0.));
#3686=CARTESIAN_POINT('',(-3.93467130690939,1.57377094355406,0.));
#3687=CARTESIAN_POINT('',(15.0946032894313,7.78852830531235,0.));
#3688=CARTESIAN_POINT('',(14.7036318083319,4.93727037501842,0.));
#3689=CARTESIAN_POINT('Ctrl Pts',(15.0946032894313,7.78852830531235,0.));
#3690=CARTESIAN_POINT('Ctrl Pts',(14.9847056766575,7.37345959905922,0.));
#3691=CARTESIAN_POINT('Ctrl Pts',(14.7375800562039,6.440098910189,0.));
#3692=CARTESIAN_POINT('Ctrl Pts',(14.7157525483971,5.4738339734094,0.));
#3693=CARTESIAN_POINT('Ctrl Pts',(14.7036318083319,4.93727037501842,0.));
#3694=CARTESIAN_POINT('',(15.6555806652871,0.862930922971725,0.));
#3695=CARTESIAN_POINT('Ctrl Pts',(14.7036318083319,4.93727037501842,0.));
#3696=CARTESIAN_POINT('Ctrl Pts',(14.7059309587106,4.10934318504714,0.));
#3697=CARTESIAN_POINT('Ctrl Pts',(14.7099283304873,2.66988415132345,0.));
#3698=CARTESIAN_POINT('Ctrl Pts',(15.3736210904301,1.40169950134205,0.));
#3699=CARTESIAN_POINT('Ctrl Pts',(15.6555806652871,0.862930922971725,0.));
#3700=CARTESIAN_POINT('',(17.9175126395438,-0.194587950452785,0.));
#3701=CARTESIAN_POINT('Ctrl Pts',(15.6555806652871,0.862930922971725,0.));
#3702=CARTESIAN_POINT('Ctrl Pts',(15.959648197294,0.557788064378935,0.));
#3703=CARTESIAN_POINT('Ctrl Pts',(16.5836281479803,-0.068398574491515,0.));
#3704=CARTESIAN_POINT('Ctrl Pts',(17.4654206131808,-0.151818721899166,0.));
#3705=CARTESIAN_POINT('Ctrl Pts',(17.9175126395438,-0.194587950452785,0.));
#3706=CARTESIAN_POINT('',(19.7406933099985,0.378842230640697,0.));
#3707=CARTESIAN_POINT('Ctrl Pts',(17.9175126395438,-0.194587950452785,0.));
#3708=CARTESIAN_POINT('Ctrl Pts',(18.261989837479,-0.177897485788143,0.));
#3709=CARTESIAN_POINT('Ctrl Pts',(18.921196834764,-0.145957864934223,0.));
#3710=CARTESIAN_POINT('Ctrl Pts',(19.4758712372422,0.209251935510888,0.));
#3711=CARTESIAN_POINT('Ctrl Pts',(19.7406933099985,0.378842230640697,0.));
#3712=CARTESIAN_POINT('',(20.8370706673702,2.04012102795731,0.));
#3713=CARTESIAN_POINT('Ctrl Pts',(19.7406933099985,0.378842230640697,0.));
#3714=CARTESIAN_POINT('Ctrl Pts',(19.9705267537961,0.602690113804381,0.));
#3715=CARTESIAN_POINT('Ctrl Pts',(20.4562415996326,1.07575547046084,0.));
#3716=CARTESIAN_POINT('Ctrl Pts',(20.7056688755339,1.7073749931207,0.));
#3717=CARTESIAN_POINT('Ctrl Pts',(20.8370706673702,2.04012102795731,0.));
#3718=CARTESIAN_POINT('',(21.2245072337508,4.87776833480007,0.));
#3719=CARTESIAN_POINT('Ctrl Pts',(20.8370706673702,2.04012102795731,0.));
#3720=CARTESIAN_POINT('Ctrl Pts',(20.9459759700818,2.45409145336934,0.));
#3721=CARTESIAN_POINT('Ctrl Pts',(21.1904086217305,3.38322792577351,0.));
#3722=CARTESIAN_POINT('Ctrl Pts',(21.2123446522095,4.34468301212816,0.));
#3723=CARTESIAN_POINT('Ctrl Pts',(21.2245072337508,4.87776833480007,0.));
#3724=CARTESIAN_POINT('',(21.0209800789816,7.24329839242024,0.));
#3725=CARTESIAN_POINT('Ctrl Pts',(21.2245072337508,4.87776833480007,0.));
#3726=CARTESIAN_POINT('Ctrl Pts',(21.2247886943765,5.32412639118854,0.));
#3727=CARTESIAN_POINT('Ctrl Pts',(21.2252899364547,6.11902777112449,0.));
#3728=CARTESIAN_POINT('Ctrl Pts',(21.0832575433314,6.9005996876036,0.));
#3729=CARTESIAN_POINT('Ctrl Pts',(21.0209800789816,7.24329839242024,0.));
#3730=CARTESIAN_POINT('',(20.4138372965771,8.73593971602974,0.));
#3731=CARTESIAN_POINT('Ctrl Pts',(21.0209800789816,7.24329839242024,0.));
#3732=CARTESIAN_POINT('Ctrl Pts',(20.9453874862803,7.51871890386531,0.));
#3733=CARTESIAN_POINT('Ctrl Pts',(20.8021425969611,8.04062957352624,0.));
#3734=CARTESIAN_POINT('Ctrl Pts',(20.5383991547315,8.51289582953583,0.));
#3735=CARTESIAN_POINT('Ctrl Pts',(20.4138372965771,8.73593971602974,0.));
#3736=CARTESIAN_POINT('',(19.4196770694091,9.67956637953685,0.));
#3737=CARTESIAN_POINT('Ctrl Pts',(20.4138372965771,8.73593971602974,0.));
#3738=CARTESIAN_POINT('Ctrl Pts',(20.2764099014733,8.92795030696216,0.));
#3739=CARTESIAN_POINT('Ctrl Pts',(20.0055045350926,9.30645343907942,0.));
#3740=CARTESIAN_POINT('Ctrl Pts',(19.613045723248,9.55641007285545,0.));
#3741=CARTESIAN_POINT('Ctrl Pts',(19.4196770694091,9.67956637953685,0.));
#3742=CARTESIAN_POINT('',(18.0106868430584,10.0164463561348,0.));
#3743=CARTESIAN_POINT('Ctrl Pts',(19.4196770694091,9.67956637953685,0.));
#3744=CARTESIAN_POINT('Ctrl Pts',(19.204858913262,9.775989916111,0.));
#3745=CARTESIAN_POINT('Ctrl Pts',(18.7569001381313,9.97706123201947,0.));
#3746=CARTESIAN_POINT('Ctrl Pts',(18.2661159786743,10.0029648110118,0.));
#3747=CARTESIAN_POINT('Ctrl Pts',(18.0106868430584,10.0164463561348,0.));
#3748=CARTESIAN_POINT('',(16.1943599683062,9.44636614312429,0.));
#3749=CARTESIAN_POINT('Ctrl Pts',(18.0106868430584,10.0164463561348,0.));
#3750=CARTESIAN_POINT('Ctrl Pts',(17.6680397434015,9.9997318341445,0.));
#3751=CARTESIAN_POINT('Ctrl Pts',(17.0116482348685,9.96771267999256,0.));
#3752=CARTESIAN_POINT('Ctrl Pts',(16.4586730603921,9.61497093147824,0.));
#3753=CARTESIAN_POINT('Ctrl Pts',(16.1943599683062,9.44636614312429,0.));
#3754=CARTESIAN_POINT('Ctrl Pts',(16.1943599683062,9.44636614312429,0.));
#3755=CARTESIAN_POINT('Ctrl Pts',(15.9643250593518,9.22338678062981,0.));
#3756=CARTESIAN_POINT('Ctrl Pts',(15.4777428425349,8.75172883532004,0.));
#3757=CARTESIAN_POINT('Ctrl Pts',(15.22687285701,8.12104974968877,0.));
#3758=CARTESIAN_POINT('Ctrl Pts',(15.0946032894313,7.78852830531235,0.));
#3759=CARTESIAN_POINT('Origin',(11.2470805187714,1.05776542300557,0.6));
#3760=CARTESIAN_POINT('',(3.03226660998368,2.7312589722074,0.6));
#3761=CARTESIAN_POINT('',(4.32243133269672,2.82863182324092,0.6));
#3762=CARTESIAN_POINT('',(7.69869755769312,3.08344941543546,0.6));
#3763=CARTESIAN_POINT('',(4.97456360367767,1.40720628416026,0.6));
#3764=CARTESIAN_POINT('Ctrl Pts',(4.32243133269672,2.82863182324092,0.6));
#3765=CARTESIAN_POINT('Ctrl Pts',(4.37524507703099,2.54166666823255,0.6));
#3766=CARTESIAN_POINT('Ctrl Pts',(4.42805882136525,2.25470151322418,0.6));
#3767=CARTESIAN_POINT('Ctrl Pts',(4.55279036054886,2.00197253309365,0.6));
#3768=CARTESIAN_POINT('Ctrl Pts',(4.65876914539598,1.78724007340312,0.6));
#3769=CARTESIAN_POINT('Ctrl Pts',(4.81666637453682,1.59722317878169,0.6));
#3770=CARTESIAN_POINT('Ctrl Pts',(4.97456360367767,1.40720628416026,0.6));
#3771=CARTESIAN_POINT('',(6.22871222546942,0.921662776747554,0.6));
#3772=CARTESIAN_POINT('Ctrl Pts',(4.97456360367767,1.40720628416026,0.6));
#3773=CARTESIAN_POINT('Ctrl Pts',(5.15765109014279,1.26726252244525,0.6));
#3774=CARTESIAN_POINT('Ctrl Pts',(5.34073857660791,1.12731876073025,0.6));
#3775=CARTESIAN_POINT('Ctrl Pts',(5.54684115257868,1.04640994508274,0.6));
#3776=CARTESIAN_POINT('Ctrl Pts',(5.75802260215438,0.963507337527174,0.6));
#3777=CARTESIAN_POINT('Ctrl Pts',(5.9933674138119,0.942585057137366,0.6));
#3778=CARTESIAN_POINT('Ctrl Pts',(6.22871222546942,0.921662776747554,0.6));
#3779=CARTESIAN_POINT('',(7.73543127738023,1.57642837068974,0.6));
#3780=CARTESIAN_POINT('Ctrl Pts',(6.22871222546942,0.921662776747554,0.6));
#3781=CARTESIAN_POINT('Ctrl Pts',(6.51384786059328,0.947645263994517,0.6));
#3782=CARTESIAN_POINT('Ctrl Pts',(6.79898349571715,0.973627751241483,0.6));
#3783=CARTESIAN_POINT('Ctrl Pts',(7.04875683987807,1.0813088334581,0.6));
#3784=CARTESIAN_POINT('Ctrl Pts',(7.30185497843181,1.19042328503432,0.6));
#3785=CARTESIAN_POINT('Ctrl Pts',(7.51864312790602,1.38342582786203,0.6));
#3786=CARTESIAN_POINT('Ctrl Pts',(7.73543127738023,1.57642837068974,0.6));
#3787=CARTESIAN_POINT('',(8.36550359868479,3.34428551463579,0.6));
#3788=CARTESIAN_POINT('Ctrl Pts',(7.73543127738023,1.57642837068974,0.6));
#3789=CARTESIAN_POINT('Ctrl Pts',(7.91662102673102,1.8248888926589,0.6));
#3790=CARTESIAN_POINT('Ctrl Pts',(8.09781077608181,2.07334941462806,0.6));
#3791=CARTESIAN_POINT('Ctrl Pts',(8.20294403223083,2.34982079542235,0.6));
#3792=CARTESIAN_POINT('Ctrl Pts',(8.32016985471003,2.65809228051393,0.6));
#3793=CARTESIAN_POINT('Ctrl Pts',(8.34283672669741,3.00118889757486,0.6));
#3794=CARTESIAN_POINT('Ctrl Pts',(8.36550359868479,3.34428551463579,0.6));
#3795=CARTESIAN_POINT('',(7.79061194965498,5.0071721156953,0.6));
#3796=CARTESIAN_POINT('Ctrl Pts',(8.36550359868479,3.34428551463579,0.6));
#3797=CARTESIAN_POINT('Ctrl Pts',(8.35035399220797,3.66912762261095,0.6));
#3798=CARTESIAN_POINT('Ctrl Pts',(8.33520438573114,3.9939697305861,0.6));
#3799=CARTESIAN_POINT('Ctrl Pts',(8.22657322286663,4.28522500579611,0.6));
#3800=CARTESIAN_POINT('Ctrl Pts',(8.13025092569733,4.54347849799053,0.6));
#3801=CARTESIAN_POINT('Ctrl Pts',(7.96043143767616,4.77532530684291,0.6));
#3802=CARTESIAN_POINT('Ctrl Pts',(7.79061194965498,5.0071721156953,0.6));
#3803=CARTESIAN_POINT('',(6.25119504810298,5.62833910955408,0.6));
#3804=CARTESIAN_POINT('Ctrl Pts',(7.79061194965498,5.0071721156953,0.6));
#3805=CARTESIAN_POINT('Ctrl Pts',(7.57527049718185,5.18615742601228,0.6));
#3806=CARTESIAN_POINT('Ctrl Pts',(7.35992904470872,5.36514273632926,0.6));
#3807=CARTESIAN_POINT('Ctrl Pts',(7.11351922518461,5.46869051719723,0.6));
#3808=CARTESIAN_POINT('Ctrl Pts',(6.84980186880972,5.57951137280163,0.6));
#3809=CARTESIAN_POINT('Ctrl Pts',(6.55049845845635,5.60392524117785,0.6));
#3810=CARTESIAN_POINT('Ctrl Pts',(6.25119504810298,5.62833910955408,0.6));
#3811=CARTESIAN_POINT('',(5.17784003736141,5.36868168848459,0.6));
#3812=CARTESIAN_POINT('Ctrl Pts',(6.25119504810298,5.62833910955408,0.6));
#3813=CARTESIAN_POINT('Ctrl Pts',(6.05985334122878,5.61982137231255,0.6));
#3814=CARTESIAN_POINT('Ctrl Pts',(5.86851163435458,5.61130363507101,0.6));
#3815=CARTESIAN_POINT('Ctrl Pts',(5.68614286529022,5.56613192316326,0.6));
#3816=CARTESIAN_POINT('Ctrl Pts',(5.51120413318996,5.52280058935822,0.6));
#3817=CARTESIAN_POINT('Ctrl Pts',(5.34452208527568,5.4457411389214,0.6));
#3818=CARTESIAN_POINT('Ctrl Pts',(5.17784003736141,5.36868168848459,0.6));
#3819=CARTESIAN_POINT('',(4.42115049137952,4.67637570651736,0.6));
#3820=CARTESIAN_POINT('Ctrl Pts',(5.17784003736141,5.36868168848459,0.6));
#3821=CARTESIAN_POINT('Ctrl Pts',(5.0272663682294,5.2749987564957,0.6));
#3822=CARTESIAN_POINT('Ctrl Pts',(4.87669269909739,5.18131582450682,0.6));
#3823=CARTESIAN_POINT('Ctrl Pts',(4.74870334395649,5.06306842158851,0.6));
#3824=CARTESIAN_POINT('Ctrl Pts',(4.62558766199259,4.94932373059668,0.6));
#3825=CARTESIAN_POINT('Ctrl Pts',(4.52336907668606,4.81284971855701,0.6));
#3826=CARTESIAN_POINT('Ctrl Pts',(4.42115049137952,4.67637570651736,0.6));
#3827=CARTESIAN_POINT('',(3.2697710256338,4.83695593040839,0.6));
#3828=CARTESIAN_POINT('',(7.44083097685121,4.2552278722346,0.6));
#3829=CARTESIAN_POINT('',(4.28521986241481,9.96433003119737,0.6));
#3830=CARTESIAN_POINT('',(3.56793239036592,6.34248216078909,0.6));
#3831=CARTESIAN_POINT('',(9.25772763559782,9.91895662069597,0.6));
#3832=CARTESIAN_POINT('',(10.2927464391398,9.90951222459004,0.6));
#3833=CARTESIAN_POINT('',(9.2470222524102,8.74574525026733,0.6));
#3834=CARTESIAN_POINT('',(9.21203258204885,4.91119973274238,0.6));
#3835=CARTESIAN_POINT('',(5.25673846500001,8.78215600969936,0.6));
#3836=CARTESIAN_POINT('',(8.28689916224705,8.75450623387741,0.6));
#3837=CARTESIAN_POINT('',(4.69335667222495,6.09959954695701,0.6));
#3838=CARTESIAN_POINT('',(4.32471425153868,4.34429946318631,0.6));
#3839=CARTESIAN_POINT('',(6.58849940200695,6.70989040599372,0.6));
#3840=CARTESIAN_POINT('Ctrl Pts',(4.69335667222495,6.09959954695701,0.6));
#3841=CARTESIAN_POINT('Ctrl Pts',(4.99399573197369,6.27985969844456,0.6));
#3842=CARTESIAN_POINT('Ctrl Pts',(5.29463479172242,6.46011984993211,0.6));
#3843=CARTESIAN_POINT('Ctrl Pts',(5.62019128951989,6.56182998749463,0.6));
#3844=CARTESIAN_POINT('Ctrl Pts',(5.92810108486362,6.65802695439019,0.6));
#3845=CARTESIAN_POINT('Ctrl Pts',(6.25830024343529,6.68395868019196,0.6));
#3846=CARTESIAN_POINT('Ctrl Pts',(6.58849940200695,6.70989040599372,0.6));
#3847=CARTESIAN_POINT('',(8.7902249223038,5.78253183495953,0.6));
#3848=CARTESIAN_POINT('Ctrl Pts',(6.58849940200695,6.70989040599372,0.6));
#3849=CARTESIAN_POINT('Ctrl Pts',(7.00661313887018,6.66931744893803,0.6));
#3850=CARTESIAN_POINT('Ctrl Pts',(7.42472687573341,6.62874449188235,0.6));
#3851=CARTESIAN_POINT('Ctrl Pts',(7.79374667325944,6.47207566342869,0.6));
#3852=CARTESIAN_POINT('Ctrl Pts',(8.15775191995663,6.31753578255141,0.6));
#3853=CARTESIAN_POINT('Ctrl Pts',(8.47398842113022,6.05003380875547,0.6));
#3854=CARTESIAN_POINT('Ctrl Pts',(8.7902249223038,5.78253183495953,0.6));
#3855=CARTESIAN_POINT('',(9.66931036259063,3.44153388402678,0.6));
#3856=CARTESIAN_POINT('Ctrl Pts',(8.7902249223038,5.78253183495953,0.6));
#3857=CARTESIAN_POINT('Ctrl Pts',(9.049746063311,5.4492632656017,0.6));
#3858=CARTESIAN_POINT('Ctrl Pts',(9.30926720431821,5.11599469624388,0.6));
#3859=CARTESIAN_POINT('Ctrl Pts',(9.45604314862635,4.7395778635049,0.6));
#3860=CARTESIAN_POINT('Ctrl Pts',(9.61208144073451,4.33940711360299,0.6));
#3861=CARTESIAN_POINT('Ctrl Pts',(9.64069590166257,3.89047049881489,0.6));
#3862=CARTESIAN_POINT('Ctrl Pts',(9.66931036259063,3.44153388402678,0.6));
#3863=CARTESIAN_POINT('',(8.85666358024279,1.10232986463874,0.6));
#3864=CARTESIAN_POINT('Ctrl Pts',(9.66931036259063,3.44153388402678,0.6));
#3865=CARTESIAN_POINT('Ctrl Pts',(9.63494012069875,3.0079360199807,0.6));
#3866=CARTESIAN_POINT('Ctrl Pts',(9.60056987880686,2.57433815593462,0.6));
#3867=CARTESIAN_POINT('Ctrl Pts',(9.45995587264834,2.17804334005175,0.6));
#3868=CARTESIAN_POINT('Ctrl Pts',(9.32454389411791,1.79640948602759,0.6));
#3869=CARTESIAN_POINT('Ctrl Pts',(9.09060373718035,1.44936967533317,0.6));
#3870=CARTESIAN_POINT('Ctrl Pts',(8.85666358024279,1.10232986463874,0.6));
#3871=CARTESIAN_POINT('',(6.21950061111497,-0.0878452914108552,0.6));
#3872=CARTESIAN_POINT('Ctrl Pts',(8.85666358024279,1.10232986463874,0.6));
#3873=CARTESIAN_POINT('Ctrl Pts',(8.49797885022595,0.751493376843362,0.6));
#3874=CARTESIAN_POINT('Ctrl Pts',(8.1392941202091,0.400656889047981,0.6));
#3875=CARTESIAN_POINT('Ctrl Pts',(7.71095296327106,0.202105441931029,0.6));
#3876=CARTESIAN_POINT('Ctrl Pts',(7.26429602911504,-0.00493602304387403,
0.6));
#3877=CARTESIAN_POINT('Ctrl Pts',(6.74189832011501,-0.0463906572273642,
0.6));
#3878=CARTESIAN_POINT('Ctrl Pts',(6.21950061111498,-0.0878452914108551,
0.6));
#3879=CARTESIAN_POINT('',(3.9994155633815,0.696428193499414,0.6));
#3880=CARTESIAN_POINT('Ctrl Pts',(6.21950061111497,-0.0878452914108552,
0.6));
#3881=CARTESIAN_POINT('Ctrl Pts',(5.79330954007756,-0.0584651280362714,
0.6));
#3882=CARTESIAN_POINT('Ctrl Pts',(5.36711846904015,-0.0290849646616854,
0.6));
#3883=CARTESIAN_POINT('Ctrl Pts',(4.98237959912586,0.114447140868782,0.6));
#3884=CARTESIAN_POINT('Ctrl Pts',(4.63177632313587,0.245244495500334,0.6));
#3885=CARTESIAN_POINT('Ctrl Pts',(4.31559594325869,0.470836344499874,0.6));
#3886=CARTESIAN_POINT('Ctrl Pts',(3.9994155633815,0.696428193499414,0.6));
#3887=CARTESIAN_POINT('Ctrl Pts',(3.9994155633815,0.696428193499414,0.6));
#3888=CARTESIAN_POINT('Ctrl Pts',(3.74472276654808,0.979486471462265,0.6));
#3889=CARTESIAN_POINT('Ctrl Pts',(3.49002996971465,1.26254474942512,0.6));
#3890=CARTESIAN_POINT('Ctrl Pts',(3.32968548215696,1.59104916628094,0.6));
#3891=CARTESIAN_POINT('Ctrl Pts',(3.16061358331203,1.9374337934218,0.6));
#3892=CARTESIAN_POINT('Ctrl Pts',(3.09644009664785,2.3343463828146,0.6));
#3893=CARTESIAN_POINT('Ctrl Pts',(3.03226660998368,2.7312589722074,0.6));
#3894=CARTESIAN_POINT('',(11.4664043332934,0.0348170392994707,0.6));
#3895=CARTESIAN_POINT('',(11.4791636622232,1.43312194040376,0.6));
#3896=CARTESIAN_POINT('',(11.4774416068155,1.24440053273862,0.6));
#3897=CARTESIAN_POINT('',(12.8774685633275,1.42036261147399,0.6));
#3898=CARTESIAN_POINT('',(12.0639965964571,1.42778542490492,0.6));
#3899=CARTESIAN_POINT('',(12.8647092343977,0.0220577103696926,0.6));
#3900=CARTESIAN_POINT('',(12.8693668434549,0.5324887532567,0.6));
#3901=CARTESIAN_POINT('',(11.3520848169751,0.0358601882655122,0.6));
#3902=CARTESIAN_POINT('',(14.7036318083319,4.93727037501842,0.6));
#3903=CARTESIAN_POINT('',(15.0946032894313,7.78852830531235,0.6));
#3904=CARTESIAN_POINT('Ctrl Pts',(14.7036318083319,4.93727037501842,0.6));
#3905=CARTESIAN_POINT('Ctrl Pts',(14.7157525483971,5.4738339734094,0.6));
#3906=CARTESIAN_POINT('Ctrl Pts',(14.7278732884622,6.01039757180037,0.6));
#3907=CARTESIAN_POINT('Ctrl Pts',(14.8094656642466,6.53681500475072,0.6));
#3908=CARTESIAN_POINT('Ctrl Pts',(14.8748080638838,6.9583908928061,0.6));
#3909=CARTESIAN_POINT('Ctrl Pts',(14.9847056766575,7.37345959905922,0.6));
#3910=CARTESIAN_POINT('Ctrl Pts',(15.0946032894313,7.78852830531235,0.6));
#3911=CARTESIAN_POINT('',(16.1943599683062,9.44636614312429,0.6));
#3912=CARTESIAN_POINT('Ctrl Pts',(15.0946032894313,7.78852830531235,0.6));
#3913=CARTESIAN_POINT('Ctrl Pts',(15.22687285701,8.12104974968877,0.6));
#3914=CARTESIAN_POINT('Ctrl Pts',(15.3591424245888,8.4535711940652,0.6));
#3915=CARTESIAN_POINT('Ctrl Pts',(15.5569366221172,8.74188703520831,0.6));
#3916=CARTESIAN_POINT('Ctrl Pts',(15.7342901503973,9.00040741813532,0.6));
#3917=CARTESIAN_POINT('Ctrl Pts',(15.9643250593518,9.22338678062981,0.6));
#3918=CARTESIAN_POINT('Ctrl Pts',(16.1943599683062,9.44636614312429,0.6));
#3919=CARTESIAN_POINT('',(18.0106868430584,10.0164463561348,0.6));
#3920=CARTESIAN_POINT('Ctrl Pts',(16.1943599683062,9.44636614312429,0.6));
#3921=CARTESIAN_POINT('Ctrl Pts',(16.4586730603921,9.61497093147824,0.6));
#3922=CARTESIAN_POINT('Ctrl Pts',(16.7229861524779,9.78357571983219,0.6));
#3923=CARTESIAN_POINT('Ctrl Pts',(17.0109266057723,9.87890554003083,0.6));
#3924=CARTESIAN_POINT('Ctrl Pts',(17.3253926437446,9.98301731215419,0.6));
#3925=CARTESIAN_POINT('Ctrl Pts',(17.6680397434015,9.9997318341445,0.6));
#3926=CARTESIAN_POINT('Ctrl Pts',(18.0106868430584,10.0164463561348,0.6));
#3927=CARTESIAN_POINT('',(19.4196770694091,9.67956637953685,0.6));
#3928=CARTESIAN_POINT('Ctrl Pts',(18.0106868430584,10.0164463561348,0.6));
#3929=CARTESIAN_POINT('Ctrl Pts',(18.2661159786743,10.0029648110118,0.6));
#3930=CARTESIAN_POINT('Ctrl Pts',(18.5215451142901,9.98948326588883,0.6));
#3931=CARTESIAN_POINT('Ctrl Pts',(18.7653741678172,9.92855415760954,0.6));
#3932=CARTESIAN_POINT('Ctrl Pts',(18.9900407571149,9.87241345268516,0.6));
#3933=CARTESIAN_POINT('Ctrl Pts',(19.204858913262,9.775989916111,0.6));
#3934=CARTESIAN_POINT('Ctrl Pts',(19.4196770694091,9.67956637953685,0.6));
#3935=CARTESIAN_POINT('',(20.4138372965771,8.73593971602974,0.6));
#3936=CARTESIAN_POINT('Ctrl Pts',(19.4196770694091,9.67956637953685,0.6));
#3937=CARTESIAN_POINT('Ctrl Pts',(19.613045723248,9.55641007285545,0.6));
#3938=CARTESIAN_POINT('Ctrl Pts',(19.8064143770868,9.43325376617406,0.6));
#3939=CARTESIAN_POINT('Ctrl Pts',(19.9702742511123,9.27889101938858,0.6));
#3940=CARTESIAN_POINT('Ctrl Pts',(20.1389825063694,9.11996089789458,0.6));
#3941=CARTESIAN_POINT('Ctrl Pts',(20.2764099014733,8.92795030696216,0.6));
#3942=CARTESIAN_POINT('Ctrl Pts',(20.4138372965771,8.73593971602974,0.6));
#3943=CARTESIAN_POINT('',(21.0209800789816,7.24329839242024,0.6));
#3944=CARTESIAN_POINT('Ctrl Pts',(20.4138372965771,8.73593971602974,0.6));
#3945=CARTESIAN_POINT('Ctrl Pts',(20.5383991547315,8.51289582953583,0.6));
#3946=CARTESIAN_POINT('Ctrl Pts',(20.6629610128859,8.28985194304192,0.6));
#3947=CARTESIAN_POINT('Ctrl Pts',(20.7606453848294,8.0557347530839,0.6));
#3948=CARTESIAN_POINT('Ctrl Pts',(20.8697948935789,7.79413941531039,0.6));
#3949=CARTESIAN_POINT('Ctrl Pts',(20.9453874862803,7.51871890386531,0.6));
#3950=CARTESIAN_POINT('Ctrl Pts',(21.0209800789816,7.24329839242024,0.6));
#3951=CARTESIAN_POINT('',(21.2245072337508,4.87776833480007,0.6));
#3952=CARTESIAN_POINT('Ctrl Pts',(21.0209800789816,7.24329839242024,0.6));
#3953=CARTESIAN_POINT('Ctrl Pts',(21.0832575433314,6.9005996876036,0.6));
#3954=CARTESIAN_POINT('Ctrl Pts',(21.1455350076812,6.55790098278697,0.6));
#3955=CARTESIAN_POINT('Ctrl Pts',(21.1804090754409,6.21263956655892,0.6));
#3956=CARTESIAN_POINT('Ctrl Pts',(21.2250701550022,5.77048444757701,0.6));
#3957=CARTESIAN_POINT('Ctrl Pts',(21.2247886943765,5.32412639118854,0.6));
#3958=CARTESIAN_POINT('Ctrl Pts',(21.2245072337508,4.87776833480007,0.6));
#3959=CARTESIAN_POINT('',(20.8370706673702,2.04012102795731,0.6));
#3960=CARTESIAN_POINT('Ctrl Pts',(21.2245072337508,4.87776833480007,0.6));
#3961=CARTESIAN_POINT('Ctrl Pts',(21.2123446522095,4.34468301212816,0.6));
#3962=CARTESIAN_POINT('Ctrl Pts',(21.2001820706682,3.81159768945626,0.6));
#3963=CARTESIAN_POINT('Ctrl Pts',(21.1196190534053,3.28844783126249,0.6));
#3964=CARTESIAN_POINT('Ctrl Pts',(21.0548812727934,2.86806187878137,0.6));
#3965=CARTESIAN_POINT('Ctrl Pts',(20.9459759700818,2.45409145336934,0.6));
#3966=CARTESIAN_POINT('Ctrl Pts',(20.8370706673702,2.04012102795731,0.6));
#3967=CARTESIAN_POINT('',(19.7406933099985,0.378842230640697,0.6));
#3968=CARTESIAN_POINT('Ctrl Pts',(20.8370706673702,2.04012102795731,0.6));
#3969=CARTESIAN_POINT('Ctrl Pts',(20.7056688755339,1.7073749931207,0.6));
#3970=CARTESIAN_POINT('Ctrl Pts',(20.5742670836977,1.37462895828409,0.6));
#3971=CARTESIAN_POINT('Ctrl Pts',(20.3772876850476,1.08588694261669,0.6));
#3972=CARTESIAN_POINT('Ctrl Pts',(20.2003601975937,0.826537996968066,0.6));
#3973=CARTESIAN_POINT('Ctrl Pts',(19.9705267537961,0.602690113804381,0.6));
#3974=CARTESIAN_POINT('Ctrl Pts',(19.7406933099985,0.378842230640697,0.6));
#3975=CARTESIAN_POINT('',(17.9175126395438,-0.194587950452785,0.6));
#3976=CARTESIAN_POINT('Ctrl Pts',(19.7406933099985,0.378842230640697,0.6));
#3977=CARTESIAN_POINT('Ctrl Pts',(19.4758712372422,0.209251935510888,0.6));
#3978=CARTESIAN_POINT('Ctrl Pts',(19.2110491644859,0.0396616403810841,0.6));
#3979=CARTESIAN_POINT('Ctrl Pts',(18.9223992973623,-0.0562404871621437,
0.6));
#3980=CARTESIAN_POINT('Ctrl Pts',(18.6064670354141,-0.161207021123503,0.6));
#3981=CARTESIAN_POINT('Ctrl Pts',(18.261989837479,-0.177897485788143,0.6));
#3982=CARTESIAN_POINT('Ctrl Pts',(17.9175126395438,-0.194587950452785,0.6));
#3983=CARTESIAN_POINT('',(15.6555806652871,0.862930922971725,0.6));
#3984=CARTESIAN_POINT('Ctrl Pts',(17.9175126395438,-0.194587950452785,0.6));
#3985=CARTESIAN_POINT('Ctrl Pts',(17.4654206131808,-0.151818721899166,0.6));
#3986=CARTESIAN_POINT('Ctrl Pts',(17.0133285868179,-0.109049493345549,0.6));
#3987=CARTESIAN_POINT('Ctrl Pts',(16.6290046000332,0.0763901604373753,0.6));
#3988=CARTESIAN_POINT('Ctrl Pts',(16.2637157293008,0.252645205786144,0.6));
#3989=CARTESIAN_POINT('Ctrl Pts',(15.959648197294,0.557788064378935,0.6));
#3990=CARTESIAN_POINT('Ctrl Pts',(15.6555806652871,0.862930922971725,0.6));
#3991=CARTESIAN_POINT('Ctrl Pts',(15.6555806652871,0.862930922971725,0.6));
#3992=CARTESIAN_POINT('Ctrl Pts',(15.3736210904301,1.40169950134205,0.6));
#3993=CARTESIAN_POINT('Ctrl Pts',(15.091661515573,1.94046807971237,0.6));
#3994=CARTESIAN_POINT('Ctrl Pts',(14.9287666297401,2.51014900278585,0.6));
#3995=CARTESIAN_POINT('Ctrl Pts',(14.7082301090892,3.28141599507585,0.6));
#3996=CARTESIAN_POINT('Ctrl Pts',(14.7059309587106,4.10934318504714,0.6));
#3997=CARTESIAN_POINT('Ctrl Pts',(14.7036318083319,4.93727037501842,0.6));
#3998=CARTESIAN_POINT('Origin',(4.28521986241481,9.96433003119737,0.));
#3999=CARTESIAN_POINT('',(3.2697710256338,4.83695593040839,0.));
#4000=CARTESIAN_POINT('',(4.28521986241481,9.96433003119737,0.));
#4001=CARTESIAN_POINT('Origin',(3.2697710256338,4.83695593040839,0.));
#4002=CARTESIAN_POINT('',(4.42115049137952,4.67637570651736,0.));
#4003=CARTESIAN_POINT('Ctrl Pts',(4.42115049137952,4.67637570651736,0.));
#4004=CARTESIAN_POINT('Ctrl Pts',(4.42115049137952,4.67637570651736,5.5));
#4005=CARTESIAN_POINT('Ctrl Pts',(4.52336907668606,4.81284971855701,0.));
#4006=CARTESIAN_POINT('Ctrl Pts',(4.52336907668606,4.81284971855701,5.5));
#4007=CARTESIAN_POINT('Ctrl Pts',(4.7318526853276,5.09120022038105,0.));
#4008=CARTESIAN_POINT('Ctrl Pts',(4.7318526853276,5.09120022038105,5.5));
#4009=CARTESIAN_POINT('Ctrl Pts',(5.0272663682294,5.2749987564957,0.));
#4010=CARTESIAN_POINT('Ctrl Pts',(5.0272663682294,5.2749987564957,5.5));
#4011=CARTESIAN_POINT('Ctrl Pts',(5.17784003736141,5.36868168848459,0.));
#4012=CARTESIAN_POINT('Ctrl Pts',(5.17784003736141,5.36868168848459,5.5));
#4013=CARTESIAN_POINT('',(5.17784003736141,5.36868168848459,0.));
#4014=CARTESIAN_POINT('Ctrl Pts',(5.17784003736141,5.36868168848459,0.));
#4015=CARTESIAN_POINT('Ctrl Pts',(5.17784003736141,5.36868168848459,5.5));
#4016=CARTESIAN_POINT('Ctrl Pts',(5.34452208527568,5.4457411389214,0.));
#4017=CARTESIAN_POINT('Ctrl Pts',(5.34452208527568,5.4457411389214,5.5));
#4018=CARTESIAN_POINT('Ctrl Pts',(5.68496553833053,5.60313292601242,0.));
#4019=CARTESIAN_POINT('Ctrl Pts',(5.68496553833053,5.60313292601242,5.5));
#4020=CARTESIAN_POINT('Ctrl Pts',(6.05985334122878,5.61982137231255,0.));
#4021=CARTESIAN_POINT('Ctrl Pts',(6.05985334122878,5.61982137231255,5.5));
#4022=CARTESIAN_POINT('Ctrl Pts',(6.25119504810298,5.62833910955408,0.));
#4023=CARTESIAN_POINT('Ctrl Pts',(6.25119504810298,5.62833910955408,5.5));
#4024=CARTESIAN_POINT('',(6.25119504810298,5.62833910955408,0.));
#4025=CARTESIAN_POINT('Ctrl Pts',(6.25119504810298,5.62833910955408,0.));
#4026=CARTESIAN_POINT('Ctrl Pts',(6.25119504810298,5.62833910955408,5.5));
#4027=CARTESIAN_POINT('Ctrl Pts',(6.55049845845635,5.60392524117785,0.));
#4028=CARTESIAN_POINT('Ctrl Pts',(6.55049845845635,5.60392524117785,5.5));
#4029=CARTESIAN_POINT('Ctrl Pts',(7.12946226106423,5.55669976501379,0.));
#4030=CARTESIAN_POINT('Ctrl Pts',(7.12946226106423,5.55669976501379,5.5));
#4031=CARTESIAN_POINT('Ctrl Pts',(7.57527049718185,5.18615742601228,0.));
#4032=CARTESIAN_POINT('Ctrl Pts',(7.57527049718185,5.18615742601228,5.5));
#4033=CARTESIAN_POINT('Ctrl Pts',(7.79061194965498,5.0071721156953,0.));
#4034=CARTESIAN_POINT('Ctrl Pts',(7.79061194965498,5.0071721156953,5.5));
#4035=CARTESIAN_POINT('',(7.79061194965498,5.0071721156953,0.));
#4036=CARTESIAN_POINT('Ctrl Pts',(7.79061194965498,5.0071721156953,0.));
#4037=CARTESIAN_POINT('Ctrl Pts',(7.79061194965498,5.0071721156953,5.5));
#4038=CARTESIAN_POINT('Ctrl Pts',(7.96043143767616,4.77532530684291,0.));
#4039=CARTESIAN_POINT('Ctrl Pts',(7.96043143767616,4.77532530684291,5.5));
#4040=CARTESIAN_POINT('Ctrl Pts',(8.32177136284361,4.28200437214202,0.));
#4041=CARTESIAN_POINT('Ctrl Pts',(8.32177136284361,4.28200437214202,5.5));
#4042=CARTESIAN_POINT('Ctrl Pts',(8.35035399220797,3.66912762261095,0.));
#4043=CARTESIAN_POINT('Ctrl Pts',(8.35035399220797,3.66912762261095,5.5));
#4044=CARTESIAN_POINT('Ctrl Pts',(8.36550359868479,3.34428551463579,0.));
#4045=CARTESIAN_POINT('Ctrl Pts',(8.36550359868479,3.34428551463579,5.5));
#4046=CARTESIAN_POINT('',(8.36550359868479,3.34428551463579,0.));
#4047=CARTESIAN_POINT('Ctrl Pts',(8.36550359868479,3.34428551463579,0.));
#4048=CARTESIAN_POINT('Ctrl Pts',(8.36550359868479,3.34428551463579,5.5));
#4049=CARTESIAN_POINT('Ctrl Pts',(8.34283672669741,3.00118889757486,0.));
#4050=CARTESIAN_POINT('Ctrl Pts',(8.34283672669741,3.00118889757486,5.5));
#4051=CARTESIAN_POINT('Ctrl Pts',(8.29984121031797,2.35038819482301,0.));
#4052=CARTESIAN_POINT('Ctrl Pts',(8.29984121031797,2.35038819482301,5.5));
#4053=CARTESIAN_POINT('Ctrl Pts',(7.91662102673102,1.8248888926589,0.));
#4054=CARTESIAN_POINT('Ctrl Pts',(7.91662102673102,1.8248888926589,5.5));
#4055=CARTESIAN_POINT('Ctrl Pts',(7.73543127738023,1.57642837068974,0.));
#4056=CARTESIAN_POINT('Ctrl Pts',(7.73543127738023,1.57642837068974,5.5));
#4057=CARTESIAN_POINT('',(7.73543127738023,1.57642837068974,0.));
#4058=CARTESIAN_POINT('Ctrl Pts',(7.73543127738023,1.57642837068974,0.));
#4059=CARTESIAN_POINT('Ctrl Pts',(7.73543127738023,1.57642837068974,5.5));
#4060=CARTESIAN_POINT('Ctrl Pts',(7.51864312790602,1.38342582786203,0.));
#4061=CARTESIAN_POINT('Ctrl Pts',(7.51864312790602,1.38342582786203,5.5));
#4062=CARTESIAN_POINT('Ctrl Pts',(7.08791464138293,0.999956097764187,0.));
#4063=CARTESIAN_POINT('Ctrl Pts',(7.08791464138293,0.999956097764187,5.5));
#4064=CARTESIAN_POINT('Ctrl Pts',(6.51384786059328,0.947645263994517,0.));
#4065=CARTESIAN_POINT('Ctrl Pts',(6.51384786059328,0.947645263994517,5.5));
#4066=CARTESIAN_POINT('Ctrl Pts',(6.22871222546942,0.921662776747554,0.));
#4067=CARTESIAN_POINT('Ctrl Pts',(6.22871222546942,0.921662776747554,5.5));
#4068=CARTESIAN_POINT('',(6.22871222546942,0.921662776747554,0.));
#4069=CARTESIAN_POINT('Ctrl Pts',(6.22871222546942,0.921662776747554,0.));
#4070=CARTESIAN_POINT('Ctrl Pts',(6.22871222546942,0.921662776747554,5.5));
#4071=CARTESIAN_POINT('Ctrl Pts',(5.9933674138119,0.942585057137366,0.));
#4072=CARTESIAN_POINT('Ctrl Pts',(5.9933674138119,0.942585057137366,5.5));
#4073=CARTESIAN_POINT('Ctrl Pts',(5.52833778835361,0.983926441062006,0.));
#4074=CARTESIAN_POINT('Ctrl Pts',(5.52833778835361,0.983926441062006,5.5));
#4075=CARTESIAN_POINT('Ctrl Pts',(5.15765109014279,1.26726252244525,0.));
#4076=CARTESIAN_POINT('Ctrl Pts',(5.15765109014279,1.26726252244525,5.5));
#4077=CARTESIAN_POINT('Ctrl Pts',(4.97456360367767,1.40720628416026,0.));
#4078=CARTESIAN_POINT('Ctrl Pts',(4.97456360367767,1.40720628416026,5.5));
#4079=CARTESIAN_POINT('',(4.97456360367767,1.40720628416026,0.));
#4080=CARTESIAN_POINT('Ctrl Pts',(4.97456360367767,1.40720628416026,0.));
#4081=CARTESIAN_POINT('Ctrl Pts',(4.97456360367767,1.40720628416026,5.5));
#4082=CARTESIAN_POINT('Ctrl Pts',(4.81666637453682,1.59722317878169,0.));
#4083=CARTESIAN_POINT('Ctrl Pts',(4.81666637453682,1.59722317878169,5.5));
#4084=CARTESIAN_POINT('Ctrl Pts',(4.47293228708535,2.01088011391891,0.));
#4085=CARTESIAN_POINT('Ctrl Pts',(4.47293228708535,2.01088011391891,5.5));
#4086=CARTESIAN_POINT('Ctrl Pts',(4.37524507703099,2.54166666823255,0.));
#4087=CARTESIAN_POINT('Ctrl Pts',(4.37524507703099,2.54166666823255,5.5));
#4088=CARTESIAN_POINT('Ctrl Pts',(4.32243133269672,2.82863182324092,0.));
#4089=CARTESIAN_POINT('Ctrl Pts',(4.32243133269672,2.82863182324092,5.5));
#4090=CARTESIAN_POINT('',(4.32243133269672,2.82863182324092,0.));
#4091=CARTESIAN_POINT('Origin',(4.32243133269672,2.82863182324092,0.));
#4092=CARTESIAN_POINT('',(3.03226660998368,2.7312589722074,0.));
#4093=CARTESIAN_POINT('Ctrl Pts',(3.03226660998368,2.7312589722074,0.));
#4094=CARTESIAN_POINT('Ctrl Pts',(3.03226660998368,2.7312589722074,5.5));
#4095=CARTESIAN_POINT('Ctrl Pts',(3.09644009664785,2.3343463828146,0.));
#4096=CARTESIAN_POINT('Ctrl Pts',(3.09644009664785,2.3343463828146,5.5));
#4097=CARTESIAN_POINT('Ctrl Pts',(3.22147446500944,1.5610096437779,0.));
#4098=CARTESIAN_POINT('Ctrl Pts',(3.22147446500944,1.5610096437779,5.5));
#4099=CARTESIAN_POINT('Ctrl Pts',(3.74472276654808,0.979486471462265,0.));
#4100=CARTESIAN_POINT('Ctrl Pts',(3.74472276654808,0.979486471462265,5.5));
#4101=CARTESIAN_POINT('Ctrl Pts',(3.9994155633815,0.696428193499414,0.));
#4102=CARTESIAN_POINT('Ctrl Pts',(3.9994155633815,0.696428193499414,5.5));
#4103=CARTESIAN_POINT('',(3.9994155633815,0.696428193499414,0.));
#4104=CARTESIAN_POINT('Ctrl Pts',(3.9994155633815,0.696428193499414,0.));
#4105=CARTESIAN_POINT('Ctrl Pts',(3.9994155633815,0.696428193499414,5.5));
#4106=CARTESIAN_POINT('Ctrl Pts',(4.31559594325869,0.470836344499874,0.));
#4107=CARTESIAN_POINT('Ctrl Pts',(4.31559594325869,0.470836344499874,5.5));
#4108=CARTESIAN_POINT('Ctrl Pts',(4.97874079943613,-0.00231152861519091,
0.));
#4109=CARTESIAN_POINT('Ctrl Pts',(4.97874079943613,-0.00231152861519091,
5.5));
#4110=CARTESIAN_POINT('Ctrl Pts',(5.79330954007756,-0.0584651280362714,
0.));
#4111=CARTESIAN_POINT('Ctrl Pts',(5.79330954007756,-0.0584651280362714,
5.5));
#4112=CARTESIAN_POINT('Ctrl Pts',(6.21950061111497,-0.0878452914108552,
0.));
#4113=CARTESIAN_POINT('Ctrl Pts',(6.21950061111497,-0.0878452914108552,
5.5));
#4114=CARTESIAN_POINT('',(6.21950061111497,-0.0878452914108552,0.));
#4115=CARTESIAN_POINT('Ctrl Pts',(6.21950061111497,-0.0878452914108552,
0.));
#4116=CARTESIAN_POINT('Ctrl Pts',(6.21950061111497,-0.0878452914108552,
5.5));
#4117=CARTESIAN_POINT('Ctrl Pts',(6.74189832011501,-0.0463906572273642,
0.));
#4118=CARTESIAN_POINT('Ctrl Pts',(6.74189832011501,-0.0463906572273642,
5.5));
#4119=CARTESIAN_POINT('Ctrl Pts',(7.76527210704759,0.0348187072843409,0.));
#4120=CARTESIAN_POINT('Ctrl Pts',(7.76527210704759,0.0348187072843409,5.5));
#4121=CARTESIAN_POINT('Ctrl Pts',(8.49797885022595,0.751493376843362,0.));
#4122=CARTESIAN_POINT('Ctrl Pts',(8.49797885022595,0.751493376843362,5.5));
#4123=CARTESIAN_POINT('Ctrl Pts',(8.85666358024279,1.10232986463874,0.));
#4124=CARTESIAN_POINT('Ctrl Pts',(8.85666358024279,1.10232986463874,5.5));
#4125=CARTESIAN_POINT('',(8.85666358024279,1.10232986463874,0.));
#4126=CARTESIAN_POINT('Ctrl Pts',(8.85666358024279,1.10232986463874,0.));
#4127=CARTESIAN_POINT('Ctrl Pts',(8.85666358024279,1.10232986463874,5.5));
#4128=CARTESIAN_POINT('Ctrl Pts',(9.09060373718035,1.44936967533317,0.));
#4129=CARTESIAN_POINT('Ctrl Pts',(9.09060373718035,1.44936967533317,5.5));
#4130=CARTESIAN_POINT('Ctrl Pts',(9.56747116706186,2.15678128332223,0.));
#4131=CARTESIAN_POINT('Ctrl Pts',(9.56747116706186,2.15678128332223,5.5));
#4132=CARTESIAN_POINT('Ctrl Pts',(9.63494012069875,3.0079360199807,0.));
#4133=CARTESIAN_POINT('Ctrl Pts',(9.63494012069875,3.0079360199807,5.5));
#4134=CARTESIAN_POINT('Ctrl Pts',(9.66931036259063,3.44153388402678,0.));
#4135=CARTESIAN_POINT('Ctrl Pts',(9.66931036259063,3.44153388402678,5.5));
#4136=CARTESIAN_POINT('',(9.66931036259063,3.44153388402678,0.));
#4137=CARTESIAN_POINT('Ctrl Pts',(9.66931036259063,3.44153388402678,0.));
#4138=CARTESIAN_POINT('Ctrl Pts',(9.66931036259063,3.44153388402678,5.5));
#4139=CARTESIAN_POINT('Ctrl Pts',(9.64069590166257,3.89047049881489,0.));
#4140=CARTESIAN_POINT('Ctrl Pts',(9.64069590166257,3.89047049881489,5.5));
#4141=CARTESIAN_POINT('Ctrl Pts',(9.58516551857949,4.76169509612174,0.));
#4142=CARTESIAN_POINT('Ctrl Pts',(9.58516551857949,4.76169509612174,5.5));
#4143=CARTESIAN_POINT('Ctrl Pts',(9.049746063311,5.4492632656017,0.));
#4144=CARTESIAN_POINT('Ctrl Pts',(9.049746063311,5.4492632656017,5.5));
#4145=CARTESIAN_POINT('Ctrl Pts',(8.7902249223038,5.78253183495953,0.));
#4146=CARTESIAN_POINT('Ctrl Pts',(8.7902249223038,5.78253183495953,5.5));
#4147=CARTESIAN_POINT('',(8.7902249223038,5.78253183495953,0.));
#4148=CARTESIAN_POINT('Ctrl Pts',(8.7902249223038,5.78253183495953,0.));
#4149=CARTESIAN_POINT('Ctrl Pts',(8.7902249223038,5.78253183495953,5.5));
#4150=CARTESIAN_POINT('Ctrl Pts',(8.47398842113022,6.05003380875547,0.));
#4151=CARTESIAN_POINT('Ctrl Pts',(8.47398842113022,6.05003380875547,5.5));
#4152=CARTESIAN_POINT('Ctrl Pts',(7.837158932102,6.5887228742312,0.));
#4153=CARTESIAN_POINT('Ctrl Pts',(7.837158932102,6.5887228742312,5.5));
#4154=CARTESIAN_POINT('Ctrl Pts',(7.00661313887018,6.66931744893803,0.));
#4155=CARTESIAN_POINT('Ctrl Pts',(7.00661313887018,6.66931744893803,5.5));
#4156=CARTESIAN_POINT('Ctrl Pts',(6.58849940200695,6.70989040599372,0.));
#4157=CARTESIAN_POINT('Ctrl Pts',(6.58849940200695,6.70989040599372,5.5));
#4158=CARTESIAN_POINT('',(6.58849940200695,6.70989040599372,0.));
#4159=CARTESIAN_POINT('Ctrl Pts',(6.58849940200695,6.70989040599372,0.));
#4160=CARTESIAN_POINT('Ctrl Pts',(6.58849940200695,6.70989040599372,5.5));
#4161=CARTESIAN_POINT('Ctrl Pts',(6.25830024343529,6.68395868019196,0.));
#4162=CARTESIAN_POINT('Ctrl Pts',(6.25830024343529,6.68395868019196,5.5));
#4163=CARTESIAN_POINT('Ctrl Pts',(5.57897779204905,6.63060904836209,0.));
#4164=CARTESIAN_POINT('Ctrl Pts',(5.57897779204905,6.63060904836209,5.5));
#4165=CARTESIAN_POINT('Ctrl Pts',(4.99399573197369,6.27985969844456,0.));
#4166=CARTESIAN_POINT('Ctrl Pts',(4.99399573197369,6.27985969844456,5.5));
#4167=CARTESIAN_POINT('Ctrl Pts',(4.69335667222495,6.09959954695701,0.));
#4168=CARTESIAN_POINT('Ctrl Pts',(4.69335667222495,6.09959954695701,5.5));
#4169=CARTESIAN_POINT('',(4.69335667222495,6.09959954695701,0.));
#4170=CARTESIAN_POINT('Origin',(4.69335667222495,6.09959954695701,0.));
#4171=CARTESIAN_POINT('',(5.25673846500001,8.78215600969936,0.));
#4172=CARTESIAN_POINT('Origin',(5.25673846500001,8.78215600969936,0.));
#4173=CARTESIAN_POINT('',(9.2470222524102,8.74574525026733,0.));
#4174=CARTESIAN_POINT('Origin',(9.2470222524102,8.74574525026733,0.));
#4175=CARTESIAN_POINT('',(9.25772763559782,9.91895662069597,0.));
#4176=CARTESIAN_POINT('Origin',(9.25772763559782,9.91895662069597,0.));
#4177=CARTESIAN_POINT('Origin',(12.8774685633275,1.42036261147399,0.));
#4178=CARTESIAN_POINT('',(11.4791636622232,1.43312194040376,0.));
#4179=CARTESIAN_POINT('',(12.8774685633275,1.42036261147399,0.));
#4180=CARTESIAN_POINT('Origin',(11.4791636622232,1.43312194040376,0.));
#4181=CARTESIAN_POINT('',(11.4664043332934,0.0348170392994707,0.));
#4182=CARTESIAN_POINT('Origin',(11.4664043332934,0.0348170392994707,0.));
#4183=CARTESIAN_POINT('',(12.8647092343977,0.0220577103696926,0.));
#4184=CARTESIAN_POINT('Origin',(12.8647092343977,0.0220577103696926,0.));
#4185=CARTESIAN_POINT('Ctrl Pts',(21.0209800789816,7.24329839242024,0.));
#4186=CARTESIAN_POINT('Ctrl Pts',(21.0209800789816,7.24329839242024,5.5));
#4187=CARTESIAN_POINT('Ctrl Pts',(20.9453874862803,7.51871890386531,0.));
#4188=CARTESIAN_POINT('Ctrl Pts',(20.9453874862803,7.51871890386531,5.5));
#4189=CARTESIAN_POINT('Ctrl Pts',(20.8021425969611,8.04062957352624,0.));
#4190=CARTESIAN_POINT('Ctrl Pts',(20.8021425969611,8.04062957352624,5.5));
#4191=CARTESIAN_POINT('Ctrl Pts',(20.5383991547315,8.51289582953583,0.));
#4192=CARTESIAN_POINT('Ctrl Pts',(20.5383991547315,8.51289582953583,5.5));
#4193=CARTESIAN_POINT('Ctrl Pts',(20.4138372965771,8.73593971602974,0.));
#4194=CARTESIAN_POINT('Ctrl Pts',(20.4138372965771,8.73593971602974,5.5));
#4195=CARTESIAN_POINT('',(20.4138372965771,8.73593971602974,0.));
#4196=CARTESIAN_POINT('',(21.0209800789816,7.24329839242024,0.));
#4197=CARTESIAN_POINT('Ctrl Pts',(20.4138372965771,8.73593971602974,0.));
#4198=CARTESIAN_POINT('Ctrl Pts',(20.4138372965771,8.73593971602974,5.5));
#4199=CARTESIAN_POINT('Ctrl Pts',(20.2764099014733,8.92795030696216,0.));
#4200=CARTESIAN_POINT('Ctrl Pts',(20.2764099014733,8.92795030696216,5.5));
#4201=CARTESIAN_POINT('Ctrl Pts',(20.0055045350926,9.30645343907942,0.));
#4202=CARTESIAN_POINT('Ctrl Pts',(20.0055045350926,9.30645343907942,5.5));
#4203=CARTESIAN_POINT('Ctrl Pts',(19.613045723248,9.55641007285545,0.));
#4204=CARTESIAN_POINT('Ctrl Pts',(19.613045723248,9.55641007285545,5.5));
#4205=CARTESIAN_POINT('Ctrl Pts',(19.4196770694091,9.67956637953685,0.));
#4206=CARTESIAN_POINT('Ctrl Pts',(19.4196770694091,9.67956637953685,5.5));
#4207=CARTESIAN_POINT('',(19.4196770694091,9.67956637953685,0.));
#4208=CARTESIAN_POINT('Ctrl Pts',(19.4196770694091,9.67956637953685,0.));
#4209=CARTESIAN_POINT('Ctrl Pts',(19.4196770694091,9.67956637953685,5.5));
#4210=CARTESIAN_POINT('Ctrl Pts',(19.204858913262,9.775989916111,0.));
#4211=CARTESIAN_POINT('Ctrl Pts',(19.204858913262,9.775989916111,5.5));
#4212=CARTESIAN_POINT('Ctrl Pts',(18.7569001381313,9.97706123201947,0.));
#4213=CARTESIAN_POINT('Ctrl Pts',(18.7569001381313,9.97706123201947,5.5));
#4214=CARTESIAN_POINT('Ctrl Pts',(18.2661159786743,10.0029648110118,0.));
#4215=CARTESIAN_POINT('Ctrl Pts',(18.2661159786743,10.0029648110118,5.5));
#4216=CARTESIAN_POINT('Ctrl Pts',(18.0106868430584,10.0164463561348,0.));
#4217=CARTESIAN_POINT('Ctrl Pts',(18.0106868430584,10.0164463561348,5.5));
#4218=CARTESIAN_POINT('',(18.0106868430584,10.0164463561348,0.));
#4219=CARTESIAN_POINT('Ctrl Pts',(18.0106868430584,10.0164463561348,0.));
#4220=CARTESIAN_POINT('Ctrl Pts',(18.0106868430584,10.0164463561348,5.5));
#4221=CARTESIAN_POINT('Ctrl Pts',(17.6680397434015,9.9997318341445,0.));
#4222=CARTESIAN_POINT('Ctrl Pts',(17.6680397434015,9.9997318341445,5.5));
#4223=CARTESIAN_POINT('Ctrl Pts',(17.0116482348685,9.96771267999256,0.));
#4224=CARTESIAN_POINT('Ctrl Pts',(17.0116482348685,9.96771267999256,5.5));
#4225=CARTESIAN_POINT('Ctrl Pts',(16.4586730603921,9.61497093147824,0.));
#4226=CARTESIAN_POINT('Ctrl Pts',(16.4586730603921,9.61497093147824,5.5));
#4227=CARTESIAN_POINT('Ctrl Pts',(16.1943599683062,9.44636614312429,0.));
#4228=CARTESIAN_POINT('Ctrl Pts',(16.1943599683062,9.44636614312429,5.5));
#4229=CARTESIAN_POINT('',(16.1943599683062,9.44636614312429,0.));
#4230=CARTESIAN_POINT('Ctrl Pts',(16.1943599683062,9.44636614312429,0.));
#4231=CARTESIAN_POINT('Ctrl Pts',(16.1943599683062,9.44636614312429,5.5));
#4232=CARTESIAN_POINT('Ctrl Pts',(15.9643250593518,9.22338678062981,0.));
#4233=CARTESIAN_POINT('Ctrl Pts',(15.9643250593518,9.22338678062981,5.5));
#4234=CARTESIAN_POINT('Ctrl Pts',(15.4777428425349,8.75172883532004,0.));
#4235=CARTESIAN_POINT('Ctrl Pts',(15.4777428425349,8.75172883532004,5.5));
#4236=CARTESIAN_POINT('Ctrl Pts',(15.22687285701,8.12104974968877,0.));
#4237=CARTESIAN_POINT('Ctrl Pts',(15.22687285701,8.12104974968877,5.5));
#4238=CARTESIAN_POINT('Ctrl Pts',(15.0946032894313,7.78852830531235,0.));
#4239=CARTESIAN_POINT('Ctrl Pts',(15.0946032894313,7.78852830531235,5.5));
#4240=CARTESIAN_POINT('',(15.0946032894313,7.78852830531235,0.));
#4241=CARTESIAN_POINT('Ctrl Pts',(15.0946032894313,7.78852830531235,0.));
#4242=CARTESIAN_POINT('Ctrl Pts',(15.0946032894313,7.78852830531235,5.5));
#4243=CARTESIAN_POINT('Ctrl Pts',(14.9847056766575,7.37345959905922,0.));
#4244=CARTESIAN_POINT('Ctrl Pts',(14.9847056766575,7.37345959905922,5.5));
#4245=CARTESIAN_POINT('Ctrl Pts',(14.7375800562039,6.440098910189,0.));
#4246=CARTESIAN_POINT('Ctrl Pts',(14.7375800562039,6.440098910189,5.5));
#4247=CARTESIAN_POINT('Ctrl Pts',(14.7157525483971,5.4738339734094,0.));
#4248=CARTESIAN_POINT('Ctrl Pts',(14.7157525483971,5.4738339734094,5.5));
#4249=CARTESIAN_POINT('Ctrl Pts',(14.7036318083319,4.93727037501842,0.));
#4250=CARTESIAN_POINT('Ctrl Pts',(14.7036318083319,4.93727037501842,5.5));
#4251=CARTESIAN_POINT('',(14.7036318083319,4.93727037501842,0.));
#4252=CARTESIAN_POINT('Ctrl Pts',(14.7036318083319,4.93727037501842,0.));
#4253=CARTESIAN_POINT('Ctrl Pts',(14.7036318083319,4.93727037501842,5.5));
#4254=CARTESIAN_POINT('Ctrl Pts',(14.7059309587106,4.10934318504714,0.));
#4255=CARTESIAN_POINT('Ctrl Pts',(14.7059309587106,4.10934318504714,5.5));
#4256=CARTESIAN_POINT('Ctrl Pts',(14.7099283304873,2.66988415132345,0.));
#4257=CARTESIAN_POINT('Ctrl Pts',(14.7099283304873,2.66988415132345,5.5));
#4258=CARTESIAN_POINT('Ctrl Pts',(15.3736210904301,1.40169950134205,0.));
#4259=CARTESIAN_POINT('Ctrl Pts',(15.3736210904301,1.40169950134205,5.5));
#4260=CARTESIAN_POINT('Ctrl Pts',(15.6555806652871,0.862930922971725,0.));
#4261=CARTESIAN_POINT('Ctrl Pts',(15.6555806652871,0.862930922971725,5.5));
#4262=CARTESIAN_POINT('',(15.6555806652871,0.862930922971725,0.));
#4263=CARTESIAN_POINT('Ctrl Pts',(15.6555806652871,0.862930922971725,0.));
#4264=CARTESIAN_POINT('Ctrl Pts',(15.6555806652871,0.862930922971725,5.5));
#4265=CARTESIAN_POINT('Ctrl Pts',(15.959648197294,0.557788064378935,0.));
#4266=CARTESIAN_POINT('Ctrl Pts',(15.959648197294,0.557788064378935,5.5));
#4267=CARTESIAN_POINT('Ctrl Pts',(16.5836281479803,-0.068398574491515,0.));
#4268=CARTESIAN_POINT('Ctrl Pts',(16.5836281479803,-0.068398574491515,5.5));
#4269=CARTESIAN_POINT('Ctrl Pts',(17.4654206131808,-0.151818721899166,0.));
#4270=CARTESIAN_POINT('Ctrl Pts',(17.4654206131808,-0.151818721899166,5.5));
#4271=CARTESIAN_POINT('Ctrl Pts',(17.9175126395438,-0.194587950452785,0.));
#4272=CARTESIAN_POINT('Ctrl Pts',(17.9175126395438,-0.194587950452785,5.5));
#4273=CARTESIAN_POINT('',(17.9175126395438,-0.194587950452785,0.));
#4274=CARTESIAN_POINT('Ctrl Pts',(17.9175126395438,-0.194587950452785,0.));
#4275=CARTESIAN_POINT('Ctrl Pts',(17.9175126395438,-0.194587950452785,5.5));
#4276=CARTESIAN_POINT('Ctrl Pts',(18.261989837479,-0.177897485788143,0.));
#4277=CARTESIAN_POINT('Ctrl Pts',(18.261989837479,-0.177897485788143,5.5));
#4278=CARTESIAN_POINT('Ctrl Pts',(18.921196834764,-0.145957864934223,0.));
#4279=CARTESIAN_POINT('Ctrl Pts',(18.921196834764,-0.145957864934223,5.5));
#4280=CARTESIAN_POINT('Ctrl Pts',(19.4758712372422,0.209251935510888,0.));
#4281=CARTESIAN_POINT('Ctrl Pts',(19.4758712372422,0.209251935510888,5.5));
#4282=CARTESIAN_POINT('Ctrl Pts',(19.7406933099985,0.378842230640697,0.));
#4283=CARTESIAN_POINT('Ctrl Pts',(19.7406933099985,0.378842230640697,5.5));
#4284=CARTESIAN_POINT('',(19.7406933099985,0.378842230640697,0.));
#4285=CARTESIAN_POINT('Ctrl Pts',(19.7406933099985,0.378842230640697,0.));
#4286=CARTESIAN_POINT('Ctrl Pts',(19.7406933099985,0.378842230640697,5.5));
#4287=CARTESIAN_POINT('Ctrl Pts',(19.9705267537961,0.602690113804381,0.));
#4288=CARTESIAN_POINT('Ctrl Pts',(19.9705267537961,0.602690113804381,5.5));
#4289=CARTESIAN_POINT('Ctrl Pts',(20.4562415996326,1.07575547046084,0.));
#4290=CARTESIAN_POINT('Ctrl Pts',(20.4562415996326,1.07575547046084,5.5));
#4291=CARTESIAN_POINT('Ctrl Pts',(20.7056688755339,1.7073749931207,0.));
#4292=CARTESIAN_POINT('Ctrl Pts',(20.7056688755339,1.7073749931207,5.5));
#4293=CARTESIAN_POINT('Ctrl Pts',(20.8370706673702,2.04012102795731,0.));
#4294=CARTESIAN_POINT('Ctrl Pts',(20.8370706673702,2.04012102795731,5.5));
#4295=CARTESIAN_POINT('',(20.8370706673702,2.04012102795731,0.));
#4296=CARTESIAN_POINT('Ctrl Pts',(20.8370706673702,2.04012102795731,0.));
#4297=CARTESIAN_POINT('Ctrl Pts',(20.8370706673702,2.04012102795731,5.5));
#4298=CARTESIAN_POINT('Ctrl Pts',(20.9459759700818,2.45409145336934,0.));
#4299=CARTESIAN_POINT('Ctrl Pts',(20.9459759700818,2.45409145336934,5.5));
#4300=CARTESIAN_POINT('Ctrl Pts',(21.1904086217305,3.38322792577351,0.));
#4301=CARTESIAN_POINT('Ctrl Pts',(21.1904086217305,3.38322792577351,5.5));
#4302=CARTESIAN_POINT('Ctrl Pts',(21.2123446522095,4.34468301212816,0.));
#4303=CARTESIAN_POINT('Ctrl Pts',(21.2123446522095,4.34468301212816,5.5));
#4304=CARTESIAN_POINT('Ctrl Pts',(21.2245072337508,4.87776833480007,0.));
#4305=CARTESIAN_POINT('Ctrl Pts',(21.2245072337508,4.87776833480007,5.5));
#4306=CARTESIAN_POINT('',(21.2245072337508,4.87776833480007,0.));
#4307=CARTESIAN_POINT('Ctrl Pts',(21.2245072337508,4.87776833480007,0.));
#4308=CARTESIAN_POINT('Ctrl Pts',(21.2245072337508,4.87776833480007,5.5));
#4309=CARTESIAN_POINT('Ctrl Pts',(21.2247886943765,5.32412639118854,0.));
#4310=CARTESIAN_POINT('Ctrl Pts',(21.2247886943765,5.32412639118854,5.5));
#4311=CARTESIAN_POINT('Ctrl Pts',(21.2252899364547,6.11902777112449,0.));
#4312=CARTESIAN_POINT('Ctrl Pts',(21.2252899364547,6.11902777112449,5.5));
#4313=CARTESIAN_POINT('Ctrl Pts',(21.0832575433314,6.9005996876036,0.));
#4314=CARTESIAN_POINT('Ctrl Pts',(21.0832575433314,6.9005996876036,5.5));
#4315=CARTESIAN_POINT('Ctrl Pts',(21.0209800789816,7.24329839242024,0.));
#4316=CARTESIAN_POINT('Ctrl Pts',(21.0209800789816,7.24329839242024,5.5));
#4317=UNCERTAINTY_MEASURE_WITH_UNIT(LENGTH_MEASURE(0.01),#4321,
'DISTANCE_ACCURACY_VALUE',
'Maximum model space distance between geometric entities at asserted c
onnectivities');
#4318=UNCERTAINTY_MEASURE_WITH_UNIT(LENGTH_MEASURE(0.01),#4321,
'DISTANCE_ACCURACY_VALUE',
'Maximum model space distance between geometric entities at asserted c
onnectivities');
#4319=(
GEOMETRIC_REPRESENTATION_CONTEXT(3)
GLOBAL_UNCERTAINTY_ASSIGNED_CONTEXT((#4317))
GLOBAL_UNIT_ASSIGNED_CONTEXT((#4321,#4323,#4324))
REPRESENTATION_CONTEXT('','3D')
);
#4320=(
GEOMETRIC_REPRESENTATION_CONTEXT(3)
GLOBAL_UNCERTAINTY_ASSIGNED_CONTEXT((#4318))
GLOBAL_UNIT_ASSIGNED_CONTEXT((#4321,#4323,#4324))
REPRESENTATION_CONTEXT('','3D')
);
#4321=(
LENGTH_UNIT()
NAMED_UNIT(*)
SI_UNIT(.MILLI.,.METRE.)
);
#4322=(
LENGTH_UNIT()
NAMED_UNIT(*)
SI_UNIT($,.METRE.)
);
#4323=(
NAMED_UNIT(*)
PLANE_ANGLE_UNIT()
SI_UNIT($,.RADIAN.)
);
#4324=(
NAMED_UNIT(*)
SI_UNIT($,.STERADIAN.)
SOLID_ANGLE_UNIT()
);
#4325=SHAPE_DEFINITION_REPRESENTATION(#4326,#4327);
#4326=PRODUCT_DEFINITION_SHAPE('',$,#4329);
#4327=SHAPE_REPRESENTATION('',(#2079),#4319);
#4328=PRODUCT_DEFINITION_CONTEXT('part definition',#4333,'design');
#4329=PRODUCT_DEFINITION('Thickness-5.0 mm','Thickness-5.0 mm v2',#4330,
#4328);
#4330=PRODUCT_DEFINITION_FORMATION('',$,#4335);
#4331=PRODUCT_RELATED_PRODUCT_CATEGORY('Thickness-5.0 mm v2',
'Thickness-5.0 mm v2',(#4335));
#4332=APPLICATION_PROTOCOL_DEFINITION('international standard',
'automotive_design',2009,#4333);
#4333=APPLICATION_CONTEXT(
'Core Data for Automotive Mechanical Design Process');
#4334=PRODUCT_CONTEXT('part definition',#4333,'mechanical');
#4335=PRODUCT('Thickness-5.0 mm','Thickness-5.0 mm v2',$,(#4334));
#4336=PRESENTATION_STYLE_ASSIGNMENT((#4337));
#4337=SURFACE_STYLE_USAGE(.BOTH.,#4338);
#4338=SURFACE_SIDE_STYLE('',(#4339));
#4339=SURFACE_STYLE_FILL_AREA(#4340);
#4340=FILL_AREA_STYLE('Acciaio - Satinato',(#4341));
#4341=FILL_AREA_STYLE_COLOUR('Acciaio - Satinato',#4342);
#4342=COLOUR_RGB('Acciaio - Satinato',0.627450980392157,0.627450980392157,
0.627450980392157);
ENDSEC;
END-ISO-10303-21;
