ISO-10303-21;
HEADER;
/* Generated by software containing ST-Developer
 * from STEP Tools, Inc. (www.steptools.com) 
 */

FILE_DESCRIPTION(
/* description */ (''),
/* implementation_level */ '2;1');

FILE_NAME(
/* name */ 'Thickness-4.0 mm.step',
/* time_stamp */ '2026-05-11T21:25:55+02:00',
/* author */ (''),
/* organization */ (''),
/* preprocessor_version */ 'ST-DEVELOPER v20.1',
/* originating_system */ 'Autodesk Translation Framework v15.8.0.0',
/* authorisation */ '');

FILE_SCHEMA (('AUTOMOTIVE_DESIGN { 1 0 10303 214 3 1 1 }'));
ENDSEC;

DATA;
#10=MECHANICAL_DESIGN_GEOMETRIC_PRESENTATION_REPRESENTATION('',(#28,#29,
#30,#31,#32,#33),#3455);
#11=SHAPE_REPRESENTATION_RELATIONSHIP('SRR','None',#3462,#12);
#12=ADVANCED_BREP_SHAPE_REPRESENTATION('',(#34,#35,#36,#37,#38,#39),#3454);
#13=CYLINDRICAL_SURFACE('',#1858,2.5);
#14=CIRCLE('',#1856,2.5);
#15=CIRCLE('',#1859,2.5);
#16=FACE_BOUND('',#224,.T.);
#17=FACE_BOUND('',#226,.T.);
#18=FACE_BOUND('',#248,.T.);
#19=FACE_BOUND('',#250,.T.);
#20=FACE_BOUND('',#262,.T.);
#21=FACE_BOUND('',#267,.T.);
#22=FACE_BOUND('',#268,.T.);
#23=FACE_BOUND('',#269,.T.);
#24=FACE_BOUND('',#270,.T.);
#25=FACE_BOUND('',#272,.T.);
#26=FACE_BOUND('',#273,.T.);
#27=FACE_BOUND('',#274,.T.);
#28=STYLED_ITEM('',(#3471),#34);
#29=STYLED_ITEM('',(#3471),#35);
#30=STYLED_ITEM('',(#3471),#36);
#31=STYLED_ITEM('',(#3471),#37);
#32=STYLED_ITEM('',(#3471),#38);
#33=STYLED_ITEM('',(#3471),#39);
#34=MANIFOLD_SOLID_BREP('Corpo1',#1800);
#35=MANIFOLD_SOLID_BREP('Corpo3',#1801);
#36=MANIFOLD_SOLID_BREP('Corpo4',#1802);
#37=MANIFOLD_SOLID_BREP('Corpo5',#1803);
#38=MANIFOLD_SOLID_BREP('Corpo6',#1804);
#39=MANIFOLD_SOLID_BREP('Corpo7',#1805);
#40=PLANE('',#1819);
#41=PLANE('',#1820);
#42=PLANE('',#1821);
#43=PLANE('',#1822);
#44=PLANE('',#1823);
#45=PLANE('',#1824);
#46=PLANE('',#1825);
#47=PLANE('',#1826);
#48=PLANE('',#1827);
#49=PLANE('',#1828);
#50=PLANE('',#1829);
#51=PLANE('',#1830);
#52=PLANE('',#1831);
#53=PLANE('',#1832);
#54=PLANE('',#1833);
#55=PLANE('',#1834);
#56=PLANE('',#1835);
#57=PLANE('',#1836);
#58=PLANE('',#1837);
#59=PLANE('',#1838);
#60=PLANE('',#1839);
#61=PLANE('',#1840);
#62=PLANE('',#1841);
#63=PLANE('',#1842);
#64=PLANE('',#1843);
#65=PLANE('',#1844);
#66=PLANE('',#1845);
#67=PLANE('',#1846);
#68=PLANE('',#1847);
#69=PLANE('',#1848);
#70=PLANE('',#1849);
#71=PLANE('',#1850);
#72=PLANE('',#1851);
#73=PLANE('',#1852);
#74=PLANE('',#1853);
#75=PLANE('',#1854);
#76=PLANE('',#1855);
#77=PLANE('',#1857);
#78=PLANE('',#1860);
#79=PLANE('',#1861);
#80=PLANE('',#1862);
#81=PLANE('',#1863);
#82=PLANE('',#1864);
#83=PLANE('',#1865);
#84=PLANE('',#1866);
#85=PLANE('',#1867);
#86=PLANE('',#1868);
#87=PLANE('',#1869);
#88=PLANE('',#1870);
#89=PLANE('',#1871);
#90=PLANE('',#1872);
#91=PLANE('',#1873);
#92=PLANE('',#1874);
#93=PLANE('',#1875);
#94=PLANE('',#1876);
#95=PLANE('',#1877);
#96=FACE_OUTER_BOUND('',#193,.T.);
#97=FACE_OUTER_BOUND('',#194,.T.);
#98=FACE_OUTER_BOUND('',#195,.T.);
#99=FACE_OUTER_BOUND('',#196,.T.);
#100=FACE_OUTER_BOUND('',#197,.T.);
#101=FACE_OUTER_BOUND('',#198,.T.);
#102=FACE_OUTER_BOUND('',#199,.T.);
#103=FACE_OUTER_BOUND('',#200,.T.);
#104=FACE_OUTER_BOUND('',#201,.T.);
#105=FACE_OUTER_BOUND('',#202,.T.);
#106=FACE_OUTER_BOUND('',#203,.T.);
#107=FACE_OUTER_BOUND('',#204,.T.);
#108=FACE_OUTER_BOUND('',#205,.T.);
#109=FACE_OUTER_BOUND('',#206,.T.);
#110=FACE_OUTER_BOUND('',#207,.T.);
#111=FACE_OUTER_BOUND('',#208,.T.);
#112=FACE_OUTER_BOUND('',#209,.T.);
#113=FACE_OUTER_BOUND('',#210,.T.);
#114=FACE_OUTER_BOUND('',#211,.T.);
#115=FACE_OUTER_BOUND('',#212,.T.);
#116=FACE_OUTER_BOUND('',#213,.T.);
#117=FACE_OUTER_BOUND('',#214,.T.);
#118=FACE_OUTER_BOUND('',#215,.T.);
#119=FACE_OUTER_BOUND('',#216,.T.);
#120=FACE_OUTER_BOUND('',#217,.T.);
#121=FACE_OUTER_BOUND('',#218,.T.);
#122=FACE_OUTER_BOUND('',#219,.T.);
#123=FACE_OUTER_BOUND('',#220,.T.);
#124=FACE_OUTER_BOUND('',#221,.T.);
#125=FACE_OUTER_BOUND('',#222,.T.);
#126=FACE_OUTER_BOUND('',#223,.T.);
#127=FACE_OUTER_BOUND('',#225,.T.);
#128=FACE_OUTER_BOUND('',#227,.T.);
#129=FACE_OUTER_BOUND('',#228,.T.);
#130=FACE_OUTER_BOUND('',#229,.T.);
#131=FACE_OUTER_BOUND('',#230,.T.);
#132=FACE_OUTER_BOUND('',#231,.T.);
#133=FACE_OUTER_BOUND('',#232,.T.);
#134=FACE_OUTER_BOUND('',#233,.T.);
#135=FACE_OUTER_BOUND('',#234,.T.);
#136=FACE_OUTER_BOUND('',#235,.T.);
#137=FACE_OUTER_BOUND('',#236,.T.);
#138=FACE_OUTER_BOUND('',#237,.T.);
#139=FACE_OUTER_BOUND('',#238,.T.);
#140=FACE_OUTER_BOUND('',#239,.T.);
#141=FACE_OUTER_BOUND('',#240,.T.);
#142=FACE_OUTER_BOUND('',#241,.T.);
#143=FACE_OUTER_BOUND('',#242,.T.);
#144=FACE_OUTER_BOUND('',#243,.T.);
#145=FACE_OUTER_BOUND('',#244,.T.);
#146=FACE_OUTER_BOUND('',#245,.T.);
#147=FACE_OUTER_BOUND('',#246,.T.);
#148=FACE_OUTER_BOUND('',#247,.T.);
#149=FACE_OUTER_BOUND('',#249,.T.);
#150=FACE_OUTER_BOUND('',#251,.T.);
#151=FACE_OUTER_BOUND('',#252,.T.);
#152=FACE_OUTER_BOUND('',#253,.T.);
#153=FACE_OUTER_BOUND('',#254,.T.);
#154=FACE_OUTER_BOUND('',#255,.T.);
#155=FACE_OUTER_BOUND('',#256,.T.);
#156=FACE_OUTER_BOUND('',#257,.T.);
#157=FACE_OUTER_BOUND('',#258,.T.);
#158=FACE_OUTER_BOUND('',#259,.T.);
#159=FACE_OUTER_BOUND('',#260,.T.);
#160=FACE_OUTER_BOUND('',#261,.T.);
#161=FACE_OUTER_BOUND('',#263,.T.);
#162=FACE_OUTER_BOUND('',#264,.T.);
#163=FACE_OUTER_BOUND('',#265,.T.);
#164=FACE_OUTER_BOUND('',#266,.T.);
#165=FACE_OUTER_BOUND('',#271,.T.);
#166=FACE_OUTER_BOUND('',#275,.T.);
#167=FACE_OUTER_BOUND('',#276,.T.);
#168=FACE_OUTER_BOUND('',#277,.T.);
#169=FACE_OUTER_BOUND('',#278,.T.);
#170=FACE_OUTER_BOUND('',#279,.T.);
#171=FACE_OUTER_BOUND('',#280,.T.);
#172=FACE_OUTER_BOUND('',#281,.T.);
#173=FACE_OUTER_BOUND('',#282,.T.);
#174=FACE_OUTER_BOUND('',#283,.T.);
#175=FACE_OUTER_BOUND('',#284,.T.);
#176=FACE_OUTER_BOUND('',#285,.T.);
#177=FACE_OUTER_BOUND('',#286,.T.);
#178=FACE_OUTER_BOUND('',#287,.T.);
#179=FACE_OUTER_BOUND('',#288,.T.);
#180=FACE_OUTER_BOUND('',#289,.T.);
#181=FACE_OUTER_BOUND('',#290,.T.);
#182=FACE_OUTER_BOUND('',#291,.T.);
#183=FACE_OUTER_BOUND('',#292,.T.);
#184=FACE_OUTER_BOUND('',#293,.T.);
#185=FACE_OUTER_BOUND('',#294,.T.);
#186=FACE_OUTER_BOUND('',#295,.T.);
#187=FACE_OUTER_BOUND('',#296,.T.);
#188=FACE_OUTER_BOUND('',#297,.T.);
#189=FACE_OUTER_BOUND('',#298,.T.);
#190=FACE_OUTER_BOUND('',#299,.T.);
#191=FACE_OUTER_BOUND('',#300,.T.);
#192=FACE_OUTER_BOUND('',#301,.T.);
#193=EDGE_LOOP('',(#1153,#1154,#1155,#1156));
#194=EDGE_LOOP('',(#1157,#1158,#1159,#1160));
#195=EDGE_LOOP('',(#1161,#1162,#1163,#1164));
#196=EDGE_LOOP('',(#1165,#1166,#1167,#1168));
#197=EDGE_LOOP('',(#1169,#1170,#1171,#1172));
#198=EDGE_LOOP('',(#1173,#1174,#1175,#1176));
#199=EDGE_LOOP('',(#1177,#1178,#1179,#1180));
#200=EDGE_LOOP('',(#1181,#1182,#1183,#1184));
#201=EDGE_LOOP('',(#1185,#1186,#1187,#1188,#1189,#1190,#1191,#1192));
#202=EDGE_LOOP('',(#1193,#1194,#1195,#1196,#1197,#1198,#1199,#1200));
#203=EDGE_LOOP('',(#1201,#1202,#1203,#1204));
#204=EDGE_LOOP('',(#1205,#1206,#1207,#1208));
#205=EDGE_LOOP('',(#1209,#1210,#1211,#1212));
#206=EDGE_LOOP('',(#1213,#1214,#1215,#1216));
#207=EDGE_LOOP('',(#1217,#1218,#1219,#1220));
#208=EDGE_LOOP('',(#1221,#1222,#1223,#1224));
#209=EDGE_LOOP('',(#1225,#1226,#1227,#1228));
#210=EDGE_LOOP('',(#1229,#1230,#1231,#1232));
#211=EDGE_LOOP('',(#1233,#1234,#1235,#1236));
#212=EDGE_LOOP('',(#1237,#1238,#1239,#1240));
#213=EDGE_LOOP('',(#1241,#1242,#1243,#1244));
#214=EDGE_LOOP('',(#1245,#1246,#1247,#1248));
#215=EDGE_LOOP('',(#1249,#1250,#1251,#1252));
#216=EDGE_LOOP('',(#1253,#1254,#1255,#1256));
#217=EDGE_LOOP('',(#1257,#1258,#1259,#1260));
#218=EDGE_LOOP('',(#1261,#1262,#1263,#1264));
#219=EDGE_LOOP('',(#1265,#1266,#1267,#1268));
#220=EDGE_LOOP('',(#1269,#1270,#1271,#1272));
#221=EDGE_LOOP('',(#1273,#1274,#1275,#1276));
#222=EDGE_LOOP('',(#1277,#1278,#1279,#1280));
#223=EDGE_LOOP('',(#1281,#1282,#1283,#1284,#1285,#1286,#1287,#1288,#1289,
#1290,#1291,#1292));
#224=EDGE_LOOP('',(#1293,#1294,#1295,#1296,#1297,#1298,#1299,#1300));
#225=EDGE_LOOP('',(#1301,#1302,#1303,#1304,#1305,#1306,#1307,#1308,#1309,
#1310,#1311,#1312));
#226=EDGE_LOOP('',(#1313,#1314,#1315,#1316,#1317,#1318,#1319,#1320));
#227=EDGE_LOOP('',(#1321,#1322,#1323,#1324));
#228=EDGE_LOOP('',(#1325,#1326,#1327,#1328));
#229=EDGE_LOOP('',(#1329,#1330,#1331,#1332));
#230=EDGE_LOOP('',(#1333,#1334,#1335,#1336));
#231=EDGE_LOOP('',(#1337,#1338,#1339,#1340));
#232=EDGE_LOOP('',(#1341,#1342,#1343,#1344));
#233=EDGE_LOOP('',(#1345,#1346,#1347,#1348));
#234=EDGE_LOOP('',(#1349,#1350,#1351,#1352));
#235=EDGE_LOOP('',(#1353,#1354,#1355,#1356));
#236=EDGE_LOOP('',(#1357,#1358,#1359,#1360));
#237=EDGE_LOOP('',(#1361,#1362,#1363,#1364));
#238=EDGE_LOOP('',(#1365,#1366,#1367,#1368));
#239=EDGE_LOOP('',(#1369,#1370,#1371,#1372));
#240=EDGE_LOOP('',(#1373,#1374,#1375,#1376));
#241=EDGE_LOOP('',(#1377,#1378,#1379,#1380));
#242=EDGE_LOOP('',(#1381,#1382,#1383,#1384));
#243=EDGE_LOOP('',(#1385,#1386,#1387,#1388));
#244=EDGE_LOOP('',(#1389,#1390,#1391,#1392));
#245=EDGE_LOOP('',(#1393,#1394,#1395,#1396));
#246=EDGE_LOOP('',(#1397,#1398,#1399,#1400));
#247=EDGE_LOOP('',(#1401,#1402,#1403,#1404,#1405,#1406,#1407,#1408,#1409,
#1410,#1411));
#248=EDGE_LOOP('',(#1412,#1413,#1414));
#249=EDGE_LOOP('',(#1415,#1416,#1417,#1418,#1419,#1420,#1421,#1422,#1423,
#1424,#1425));
#250=EDGE_LOOP('',(#1426,#1427,#1428));
#251=EDGE_LOOP('',(#1429,#1430,#1431,#1432));
#252=EDGE_LOOP('',(#1433,#1434,#1435,#1436));
#253=EDGE_LOOP('',(#1437,#1438,#1439,#1440));
#254=EDGE_LOOP('',(#1441,#1442,#1443));
#255=EDGE_LOOP('',(#1444,#1445,#1446));
#256=EDGE_LOOP('',(#1447,#1448,#1449,#1450));
#257=EDGE_LOOP('',(#1451,#1452,#1453,#1454,#1455,#1456,#1457,#1458));
#258=EDGE_LOOP('',(#1459,#1460,#1461,#1462));
#259=EDGE_LOOP('',(#1463,#1464,#1465,#1466,#1467,#1468,#1469,#1470));
#260=EDGE_LOOP('',(#1471,#1472,#1473,#1474));
#261=EDGE_LOOP('',(#1475,#1476,#1477,#1478));
#262=EDGE_LOOP('',(#1479));
#263=EDGE_LOOP('',(#1480,#1481,#1482,#1483));
#264=EDGE_LOOP('',(#1484,#1485,#1486,#1487));
#265=EDGE_LOOP('',(#1488,#1489,#1490,#1491));
#266=EDGE_LOOP('',(#1492,#1493,#1494,#1495));
#267=EDGE_LOOP('',(#1496,#1497,#1498,#1499,#1500,#1501,#1502,#1503,#1504,
#1505,#1506,#1507));
#268=EDGE_LOOP('',(#1508,#1509,#1510,#1511));
#269=EDGE_LOOP('',(#1512,#1513,#1514,#1515,#1516,#1517,#1518,#1519,#1520,
#1521,#1522));
#270=EDGE_LOOP('',(#1523));
#271=EDGE_LOOP('',(#1524,#1525,#1526,#1527));
#272=EDGE_LOOP('',(#1528,#1529,#1530,#1531,#1532,#1533,#1534,#1535,#1536,
#1537,#1538,#1539));
#273=EDGE_LOOP('',(#1540,#1541,#1542,#1543));
#274=EDGE_LOOP('',(#1544,#1545,#1546,#1547,#1548,#1549,#1550,#1551,#1552,
#1553,#1554));
#275=EDGE_LOOP('',(#1555,#1556,#1557,#1558));
#276=EDGE_LOOP('',(#1559,#1560,#1561,#1562));
#277=EDGE_LOOP('',(#1563,#1564,#1565,#1566));
#278=EDGE_LOOP('',(#1567,#1568,#1569,#1570));
#279=EDGE_LOOP('',(#1571,#1572,#1573,#1574));
#280=EDGE_LOOP('',(#1575,#1576,#1577,#1578));
#281=EDGE_LOOP('',(#1579,#1580,#1581,#1582));
#282=EDGE_LOOP('',(#1583,#1584,#1585,#1586));
#283=EDGE_LOOP('',(#1587,#1588,#1589,#1590));
#284=EDGE_LOOP('',(#1591,#1592,#1593,#1594));
#285=EDGE_LOOP('',(#1595,#1596,#1597,#1598));
#286=EDGE_LOOP('',(#1599,#1600,#1601,#1602));
#287=EDGE_LOOP('',(#1603,#1604,#1605,#1606));
#288=EDGE_LOOP('',(#1607,#1608,#1609,#1610));
#289=EDGE_LOOP('',(#1611,#1612,#1613,#1614));
#290=EDGE_LOOP('',(#1615,#1616,#1617,#1618));
#291=EDGE_LOOP('',(#1619,#1620,#1621,#1622));
#292=EDGE_LOOP('',(#1623,#1624,#1625,#1626));
#293=EDGE_LOOP('',(#1627,#1628,#1629,#1630));
#294=EDGE_LOOP('',(#1631,#1632,#1633,#1634));
#295=EDGE_LOOP('',(#1635,#1636,#1637,#1638));
#296=EDGE_LOOP('',(#1639,#1640,#1641,#1642));
#297=EDGE_LOOP('',(#1643,#1644,#1645,#1646));
#298=EDGE_LOOP('',(#1647,#1648,#1649,#1650));
#299=EDGE_LOOP('',(#1651,#1652,#1653,#1654));
#300=EDGE_LOOP('',(#1655,#1656,#1657,#1658));
#301=EDGE_LOOP('',(#1659,#1660,#1661,#1662));
#302=LINE('',#2192,#475);
#303=LINE('',#2199,#476);
#304=LINE('',#2224,#477);
#305=LINE('',#2249,#478);
#306=LINE('',#2274,#479);
#307=LINE('',#2299,#480);
#308=LINE('',#2324,#481);
#309=LINE('',#2349,#482);
#310=LINE('',#2394,#483);
#311=LINE('',#2401,#484);
#312=LINE('',#2421,#485);
#313=LINE('',#2446,#486);
#314=LINE('',#2471,#487);
#315=LINE('',#2497,#488);
#316=LINE('',#2504,#489);
#317=LINE('',#2524,#490);
#318=LINE('',#2549,#491);
#319=LINE('',#2574,#492);
#320=LINE('',#2599,#493);
#321=LINE('',#2624,#494);
#322=LINE('',#2649,#495);
#323=LINE('',#2674,#496);
#324=LINE('',#2699,#497);
#325=LINE('',#2746,#498);
#326=LINE('',#2771,#499);
#327=LINE('',#2795,#500);
#328=LINE('',#2820,#501);
#329=LINE('',#2844,#502);
#330=LINE('',#2877,#503);
#331=LINE('',#2879,#504);
#332=LINE('',#2881,#505);
#333=LINE('',#2882,#506);
#334=LINE('',#2885,#507);
#335=LINE('',#2887,#508);
#336=LINE('',#2888,#509);
#337=LINE('',#2891,#510);
#338=LINE('',#2893,#511);
#339=LINE('',#2894,#512);
#340=LINE('',#2896,#513);
#341=LINE('',#2897,#514);
#342=LINE('',#2903,#515);
#343=LINE('',#2905,#516);
#344=LINE('',#2907,#517);
#345=LINE('',#2908,#518);
#346=LINE('',#2912,#519);
#347=LINE('',#2914,#520);
#348=LINE('',#2916,#521);
#349=LINE('',#2917,#522);
#350=LINE('',#2920,#523);
#351=LINE('',#2922,#524);
#352=LINE('',#2923,#525);
#353=LINE('',#2926,#526);
#354=LINE('',#2928,#527);
#355=LINE('',#2929,#528);
#356=LINE('',#2932,#529);
#357=LINE('',#2934,#530);
#358=LINE('',#2935,#531);
#359=LINE('',#2938,#532);
#360=LINE('',#2940,#533);
#361=LINE('',#2941,#534);
#362=LINE('',#2944,#535);
#363=LINE('',#2946,#536);
#364=LINE('',#2947,#537);
#365=LINE('',#2949,#538);
#366=LINE('',#2950,#539);
#367=LINE('',#2953,#540);
#368=LINE('',#2955,#541);
#369=LINE('',#2956,#542);
#370=LINE('',#2959,#543);
#371=LINE('',#2961,#544);
#372=LINE('',#2962,#545);
#373=LINE('',#2965,#546);
#374=LINE('',#2967,#547);
#375=LINE('',#2968,#548);
#376=LINE('',#2971,#549);
#377=LINE('',#2973,#550);
#378=LINE('',#2974,#551);
#379=LINE('',#2977,#552);
#380=LINE('',#2979,#553);
#381=LINE('',#2980,#554);
#382=LINE('',#2982,#555);
#383=LINE('',#2983,#556);
#384=LINE('',#2989,#557);
#385=LINE('',#2991,#558);
#386=LINE('',#2993,#559);
#387=LINE('',#2994,#560);
#388=LINE('',#2997,#561);
#389=LINE('',#2999,#562);
#390=LINE('',#3000,#563);
#391=LINE('',#3002,#564);
#392=LINE('',#3003,#565);
#393=LINE('',#3009,#566);
#394=LINE('',#3011,#567);
#395=LINE('',#3013,#568);
#396=LINE('',#3014,#569);
#397=LINE('',#3018,#570);
#398=LINE('',#3020,#571);
#399=LINE('',#3022,#572);
#400=LINE('',#3024,#573);
#401=LINE('',#3026,#574);
#402=LINE('',#3027,#575);
#403=LINE('',#3028,#576);
#404=LINE('',#3031,#577);
#405=LINE('',#3032,#578);
#406=LINE('',#3036,#579);
#407=LINE('',#3037,#580);
#408=LINE('',#3039,#581);
#409=LINE('',#3041,#582);
#410=LINE('',#3043,#583);
#411=LINE('',#3044,#584);
#412=LINE('',#3046,#585);
#413=LINE('',#3048,#586);
#414=LINE('',#3049,#587);
#415=LINE('',#3053,#588);
#416=LINE('',#3056,#589);
#417=LINE('',#3059,#590);
#418=LINE('',#3135,#591);
#419=LINE('',#3137,#592);
#420=LINE('',#3139,#593);
#421=LINE('',#3140,#594);
#422=LINE('',#3143,#595);
#423=LINE('',#3145,#596);
#424=LINE('',#3147,#597);
#425=LINE('',#3149,#598);
#426=LINE('',#3151,#599);
#427=LINE('',#3153,#600);
#428=LINE('',#3155,#601);
#429=LINE('',#3157,#602);
#430=LINE('',#3159,#603);
#431=LINE('',#3161,#604);
#432=LINE('',#3162,#605);
#433=LINE('',#3262,#606);
#434=LINE('',#3264,#607);
#435=LINE('',#3266,#608);
#436=LINE('',#3267,#609);
#437=LINE('',#3270,#610);
#438=LINE('',#3272,#611);
#439=LINE('',#3274,#612);
#440=LINE('',#3276,#613);
#441=LINE('',#3278,#614);
#442=LINE('',#3280,#615);
#443=LINE('',#3282,#616);
#444=LINE('',#3284,#617);
#445=LINE('',#3286,#618);
#446=LINE('',#3288,#619);
#447=LINE('',#3289,#620);
#448=LINE('',#3291,#621);
#449=LINE('',#3292,#622);
#450=LINE('',#3294,#623);
#451=LINE('',#3296,#624);
#452=LINE('',#3298,#625);
#453=LINE('',#3300,#626);
#454=LINE('',#3302,#627);
#455=LINE('',#3304,#628);
#456=LINE('',#3306,#629);
#457=LINE('',#3308,#630);
#458=LINE('',#3310,#631);
#459=LINE('',#3313,#632);
#460=LINE('',#3314,#633);
#461=LINE('',#3316,#634);
#462=LINE('',#3318,#635);
#463=LINE('',#3330,#636);
#464=LINE('',#3331,#637);
#465=LINE('',#3342,#638);
#466=LINE('',#3353,#639);
#467=LINE('',#3364,#640);
#468=LINE('',#3375,#641);
#469=LINE('',#3386,#642);
#470=LINE('',#3397,#643);
#471=LINE('',#3408,#644);
#472=LINE('',#3419,#645);
#473=LINE('',#3430,#646);
#474=LINE('',#3441,#647);
#475=VECTOR('',#1880,10.);
#476=VECTOR('',#1881,10.);
#477=VECTOR('',#1882,10.);
#478=VECTOR('',#1883,10.);
#479=VECTOR('',#1884,10.);
#480=VECTOR('',#1885,10.);
#481=VECTOR('',#1886,10.);
#482=VECTOR('',#1887,10.);
#483=VECTOR('',#1892,10.);
#484=VECTOR('',#1893,10.);
#485=VECTOR('',#1894,10.);
#486=VECTOR('',#1895,10.);
#487=VECTOR('',#1896,10.);
#488=VECTOR('',#1897,10.);
#489=VECTOR('',#1898,10.);
#490=VECTOR('',#1899,10.);
#491=VECTOR('',#1900,10.);
#492=VECTOR('',#1901,10.);
#493=VECTOR('',#1902,10.);
#494=VECTOR('',#1903,10.);
#495=VECTOR('',#1904,10.);
#496=VECTOR('',#1905,10.);
#497=VECTOR('',#1906,10.);
#498=VECTOR('',#1907,10.);
#499=VECTOR('',#1908,10.);
#500=VECTOR('',#1909,10.);
#501=VECTOR('',#1910,10.);
#502=VECTOR('',#1911,10.);
#503=VECTOR('',#1918,10.);
#504=VECTOR('',#1919,10.);
#505=VECTOR('',#1920,10.);
#506=VECTOR('',#1921,10.);
#507=VECTOR('',#1924,10.);
#508=VECTOR('',#1925,10.);
#509=VECTOR('',#1926,10.);
#510=VECTOR('',#1929,10.);
#511=VECTOR('',#1930,10.);
#512=VECTOR('',#1931,10.);
#513=VECTOR('',#1934,10.);
#514=VECTOR('',#1935,10.);
#515=VECTOR('',#1942,10.);
#516=VECTOR('',#1943,10.);
#517=VECTOR('',#1944,10.);
#518=VECTOR('',#1945,10.);
#519=VECTOR('',#1948,10.);
#520=VECTOR('',#1949,10.);
#521=VECTOR('',#1950,10.);
#522=VECTOR('',#1951,10.);
#523=VECTOR('',#1954,10.);
#524=VECTOR('',#1955,10.);
#525=VECTOR('',#1956,10.);
#526=VECTOR('',#1959,10.);
#527=VECTOR('',#1960,10.);
#528=VECTOR('',#1961,10.);
#529=VECTOR('',#1964,10.);
#530=VECTOR('',#1965,10.);
#531=VECTOR('',#1966,10.);
#532=VECTOR('',#1969,10.);
#533=VECTOR('',#1970,10.);
#534=VECTOR('',#1971,10.);
#535=VECTOR('',#1974,10.);
#536=VECTOR('',#1975,10.);
#537=VECTOR('',#1976,10.);
#538=VECTOR('',#1979,10.);
#539=VECTOR('',#1980,10.);
#540=VECTOR('',#1983,10.);
#541=VECTOR('',#1984,10.);
#542=VECTOR('',#1985,10.);
#543=VECTOR('',#1988,10.);
#544=VECTOR('',#1989,10.);
#545=VECTOR('',#1990,10.);
#546=VECTOR('',#1993,10.);
#547=VECTOR('',#1994,10.);
#548=VECTOR('',#1995,10.);
#549=VECTOR('',#1998,10.);
#550=VECTOR('',#1999,10.);
#551=VECTOR('',#2000,10.);
#552=VECTOR('',#2003,10.);
#553=VECTOR('',#2004,10.);
#554=VECTOR('',#2005,10.);
#555=VECTOR('',#2008,10.);
#556=VECTOR('',#2009,10.);
#557=VECTOR('',#2016,10.);
#558=VECTOR('',#2017,10.);
#559=VECTOR('',#2018,10.);
#560=VECTOR('',#2019,10.);
#561=VECTOR('',#2022,10.);
#562=VECTOR('',#2023,10.);
#563=VECTOR('',#2024,10.);
#564=VECTOR('',#2027,10.);
#565=VECTOR('',#2028,10.);
#566=VECTOR('',#2035,10.);
#567=VECTOR('',#2036,10.);
#568=VECTOR('',#2037,10.);
#569=VECTOR('',#2038,10.);
#570=VECTOR('',#2041,10.);
#571=VECTOR('',#2042,10.);
#572=VECTOR('',#2043,10.);
#573=VECTOR('',#2044,10.);
#574=VECTOR('',#2045,10.);
#575=VECTOR('',#2046,10.);
#576=VECTOR('',#2047,10.);
#577=VECTOR('',#2050,10.);
#578=VECTOR('',#2051,10.);
#579=VECTOR('',#2054,10.);
#580=VECTOR('',#2055,10.);
#581=VECTOR('',#2056,10.);
#582=VECTOR('',#2057,10.);
#583=VECTOR('',#2058,10.);
#584=VECTOR('',#2059,10.);
#585=VECTOR('',#2062,10.);
#586=VECTOR('',#2065,10.);
#587=VECTOR('',#2066,10.);
#588=VECTOR('',#2071,10.);
#589=VECTOR('',#2074,2.5);
#590=VECTOR('',#2079,10.);
#591=VECTOR('',#2082,10.);
#592=VECTOR('',#2083,10.);
#593=VECTOR('',#2084,10.);
#594=VECTOR('',#2085,10.);
#595=VECTOR('',#2086,10.);
#596=VECTOR('',#2087,10.);
#597=VECTOR('',#2088,10.);
#598=VECTOR('',#2089,10.);
#599=VECTOR('',#2090,10.);
#600=VECTOR('',#2091,10.);
#601=VECTOR('',#2092,10.);
#602=VECTOR('',#2093,10.);
#603=VECTOR('',#2094,10.);
#604=VECTOR('',#2095,10.);
#605=VECTOR('',#2096,10.);
#606=VECTOR('',#2099,10.);
#607=VECTOR('',#2100,10.);
#608=VECTOR('',#2101,10.);
#609=VECTOR('',#2102,10.);
#610=VECTOR('',#2103,10.);
#611=VECTOR('',#2104,10.);
#612=VECTOR('',#2105,10.);
#613=VECTOR('',#2106,10.);
#614=VECTOR('',#2107,10.);
#615=VECTOR('',#2108,10.);
#616=VECTOR('',#2109,10.);
#617=VECTOR('',#2110,10.);
#618=VECTOR('',#2111,10.);
#619=VECTOR('',#2112,10.);
#620=VECTOR('',#2113,10.);
#621=VECTOR('',#2116,10.);
#622=VECTOR('',#2117,10.);
#623=VECTOR('',#2120,10.);
#624=VECTOR('',#2123,10.);
#625=VECTOR('',#2126,10.);
#626=VECTOR('',#2129,10.);
#627=VECTOR('',#2132,10.);
#628=VECTOR('',#2135,10.);
#629=VECTOR('',#2138,10.);
#630=VECTOR('',#2141,10.);
#631=VECTOR('',#2144,10.);
#632=VECTOR('',#2149,10.);
#633=VECTOR('',#2150,10.);
#634=VECTOR('',#2153,10.);
#635=VECTOR('',#2156,10.);
#636=VECTOR('',#2159,10.);
#637=VECTOR('',#2160,10.);
#638=VECTOR('',#2161,10.);
#639=VECTOR('',#2162,10.);
#640=VECTOR('',#2163,10.);
#641=VECTOR('',#2164,10.);
#642=VECTOR('',#2165,10.);
#643=VECTOR('',#2166,10.);
#644=VECTOR('',#2167,10.);
#645=VECTOR('',#2168,10.);
#646=VECTOR('',#2169,10.);
#647=VECTOR('',#2170,10.);
#648=B_SPLINE_CURVE_WITH_KNOTS('',3,(#2184,#2185,#2186,#2187,#2188,#2189,
#2190),.UNSPECIFIED.,.F.,.F.,(4,3,4),(0.,0.216298322473075,0.352810841661993),
 .UNSPECIFIED.);
#649=B_SPLINE_CURVE_WITH_KNOTS('',3,(#2194,#2195,#2196,#2197,#2198),
 .UNSPECIFIED.,.F.,.F.,(4,1,4),(-0.336006008242764,-0.205995755633303,0.),
 .UNSPECIFIED.);
#650=B_SPLINE_CURVE_WITH_KNOTS('',3,(#2211,#2212,#2213,#2214,#2215,#2216,
#2217),.UNSPECIFIED.,.F.,.F.,(4,3,4),(0.,0.0925624184463232,0.177403261708109),
 .UNSPECIFIED.);
#651=B_SPLINE_CURVE_WITH_KNOTS('',3,(#2219,#2220,#2221,#2222,#2223),
 .UNSPECIFIED.,.F.,.F.,(4,1,4),(-0.170291808629417,-0.0888519269407369,
0.),.UNSPECIFIED.);
#652=B_SPLINE_CURVE_WITH_KNOTS('',3,(#2236,#2237,#2238,#2239,#2240,#2241,
#2242),.UNSPECIFIED.,.F.,.F.,(4,3,4),(0.,0.0840611328540297,0.169905127926667),
 .UNSPECIFIED.);
#653=B_SPLINE_CURVE_WITH_KNOTS('',3,(#2244,#2245,#2246,#2247,#2248),
 .UNSPECIFIED.,.F.,.F.,(4,1,4),(-0.157930495414354,-0.078136643188655,0.),
 .UNSPECIFIED.);
#654=B_SPLINE_CURVE_WITH_KNOTS('',3,(#2261,#2262,#2263,#2264,#2265,#2266,
#2267),.UNSPECIFIED.,.F.,.F.,(4,3,4),(0.,0.155630653532547,0.389446952389055),
 .UNSPECIFIED.);
#655=B_SPLINE_CURVE_WITH_KNOTS('',3,(#2269,#2270,#2271,#2272,#2273),
 .UNSPECIFIED.,.F.,.F.,(4,1,4),(-0.346684596116817,-0.138541975825829,0.),
 .UNSPECIFIED.);
#656=B_SPLINE_CURVE_WITH_KNOTS('',3,(#2286,#2287,#2288,#2289,#2290,#2291,
#2292),.UNSPECIFIED.,.F.,.F.,(4,3,4),(0.,0.215770040665916,0.352315262748657),
 .UNSPECIFIED.);
#657=B_SPLINE_CURVE_WITH_KNOTS('',3,(#2294,#2295,#2296,#2297,#2298),
 .UNSPECIFIED.,.F.,.F.,(4,1,4),(-0.335661090651214,-0.205570450211937,0.),
 .UNSPECIFIED.);
#658=B_SPLINE_CURVE_WITH_KNOTS('',3,(#2311,#2312,#2313,#2314,#2315,#2316,
#2317),.UNSPECIFIED.,.F.,.F.,(4,3,4),(0.,0.0925585956467747,0.176454972667822),
 .UNSPECIFIED.);
#659=B_SPLINE_CURVE_WITH_KNOTS('',3,(#2319,#2320,#2321,#2322,#2323),
 .UNSPECIFIED.,.F.,.F.,(4,1,4),(-0.169250676984269,-0.0887796174688742,
0.),.UNSPECIFIED.);
#660=B_SPLINE_CURVE_WITH_KNOTS('',3,(#2336,#2337,#2338,#2339,#2340,#2341,
#2342),.UNSPECIFIED.,.F.,.F.,(4,3,4),(0.,0.0896923115897072,0.188815291053365),
 .UNSPECIFIED.);
#661=B_SPLINE_CURVE_WITH_KNOTS('',3,(#2344,#2345,#2346,#2347,#2348),
 .UNSPECIFIED.,.F.,.F.,(4,1,4),(-0.169448749761436,-0.0804926866743731,
0.),.UNSPECIFIED.);
#662=B_SPLINE_CURVE_WITH_KNOTS('',3,(#2360,#2361,#2362,#2363,#2364,#2365,
#2366),.UNSPECIFIED.,.F.,.F.,(4,3,4),(0.,0.144928799226544,0.373331752904325),
 .UNSPECIFIED.);
#663=B_SPLINE_CURVE_WITH_KNOTS('',3,(#2367,#2368,#2369,#2370,#2371),
 .UNSPECIFIED.,.F.,.F.,(4,1,4),(-0.335316243028855,-0.130171034435911,0.),
 .UNSPECIFIED.);
#664=B_SPLINE_CURVE_WITH_KNOTS('',3,(#2386,#2387,#2388,#2389,#2390,#2391,
#2392),.UNSPECIFIED.,.F.,.F.,(4,3,4),(0.,0.216298322473075,0.352810841661993),
 .UNSPECIFIED.);
#665=B_SPLINE_CURVE_WITH_KNOTS('',3,(#2396,#2397,#2398,#2399,#2400),
 .UNSPECIFIED.,.F.,.F.,(4,1,4),(0.,0.205995755633303,0.336006008242764),
 .UNSPECIFIED.);
#666=B_SPLINE_CURVE_WITH_KNOTS('',3,(#2413,#2414,#2415,#2416,#2417,#2418,
#2419),.UNSPECIFIED.,.F.,.F.,(4,3,4),(0.,0.0925624184463231,0.177403261708109),
 .UNSPECIFIED.);
#667=B_SPLINE_CURVE_WITH_KNOTS('',3,(#2422,#2423,#2424,#2425,#2426),
 .UNSPECIFIED.,.F.,.F.,(4,1,4),(0.,0.0888519269407369,0.170291808629417),
 .UNSPECIFIED.);
#668=B_SPLINE_CURVE_WITH_KNOTS('',3,(#2438,#2439,#2440,#2441,#2442,#2443,
#2444),.UNSPECIFIED.,.F.,.F.,(4,3,4),(0.,0.0840611328540261,0.16990512792666),
 .UNSPECIFIED.);
#669=B_SPLINE_CURVE_WITH_KNOTS('',3,(#2447,#2448,#2449,#2450,#2451),
 .UNSPECIFIED.,.F.,.F.,(4,1,4),(0.,0.078136643188655,0.157930495414354),
 .UNSPECIFIED.);
#670=B_SPLINE_CURVE_WITH_KNOTS('',3,(#2463,#2464,#2465,#2466,#2467,#2468,
#2469),.UNSPECIFIED.,.F.,.F.,(4,3,4),(0.,0.155630653532547,0.389446952389055),
 .UNSPECIFIED.);
#671=B_SPLINE_CURVE_WITH_KNOTS('',3,(#2472,#2473,#2474,#2475,#2476),
 .UNSPECIFIED.,.F.,.F.,(4,1,4),(0.,0.138541975825829,0.346684596116817),
 .UNSPECIFIED.);
#672=B_SPLINE_CURVE_WITH_KNOTS('',3,(#2489,#2490,#2491,#2492,#2493,#2494,
#2495),.UNSPECIFIED.,.F.,.F.,(4,3,4),(0.,0.117060560193916,0.266972867405141),
 .UNSPECIFIED.);
#673=B_SPLINE_CURVE_WITH_KNOTS('',3,(#2499,#2500,#2501,#2502,#2503),
 .UNSPECIFIED.,.F.,.F.,(4,1,4),(0.,0.104291649604622,0.237851593185911),
 .UNSPECIFIED.);
#674=B_SPLINE_CURVE_WITH_KNOTS('',3,(#2516,#2517,#2518,#2519,#2520,#2521,
#2522),.UNSPECIFIED.,.F.,.F.,(4,3,4),(0.,0.161525366448299,0.291321823131843),
 .UNSPECIFIED.);
#675=B_SPLINE_CURVE_WITH_KNOTS('',3,(#2525,#2526,#2527,#2528,#2529),
 .UNSPECIFIED.,.F.,.F.,(4,1,4),(0.,0.159277775532396,0.287268142291038),
 .UNSPECIFIED.);
#676=B_SPLINE_CURVE_WITH_KNOTS('',3,(#2541,#2542,#2543,#2544,#2545,#2546,
#2547),.UNSPECIFIED.,.F.,.F.,(4,3,4),(0.,0.107604347570887,0.204254769200216),
 .UNSPECIFIED.);
#677=B_SPLINE_CURVE_WITH_KNOTS('',3,(#2550,#2551,#2552,#2553,#2554),
 .UNSPECIFIED.,.F.,.F.,(4,1,4),(0.,0.105922809435188,0.201062870438113),
 .UNSPECIFIED.);
#678=B_SPLINE_CURVE_WITH_KNOTS('',3,(#2566,#2567,#2568,#2569,#2570,#2571,
#2572),.UNSPECIFIED.,.F.,.F.,(4,3,4),(0.,0.100962391198286,0.211467217699254),
 .UNSPECIFIED.);
#679=B_SPLINE_CURVE_WITH_KNOTS('',3,(#2575,#2576,#2577,#2578,#2579),
 .UNSPECIFIED.,.F.,.F.,(4,1,4),(0.,0.0926770739647712,0.194113498533806),
 .UNSPECIFIED.);
#680=B_SPLINE_CURVE_WITH_KNOTS('',3,(#2591,#2592,#2593,#2594,#2595,#2596,
#2597),.UNSPECIFIED.,.F.,.F.,(4,3,4),(0.,0.136316762272662,0.265881963630688),
 .UNSPECIFIED.);
#681=B_SPLINE_CURVE_WITH_KNOTS('',3,(#2600,#2601,#2602,#2603,#2604),
 .UNSPECIFIED.,.F.,.F.,(4,1,4),(0.,0.131669362589219,0.256817342867918),
 .UNSPECIFIED.);
#682=B_SPLINE_CURVE_WITH_KNOTS('',3,(#2616,#2617,#2618,#2619,#2620,#2621,
#2622),.UNSPECIFIED.,.F.,.F.,(4,3,4),(0.,0.204841544390934,0.482167833495796),
 .UNSPECIFIED.);
#683=B_SPLINE_CURVE_WITH_KNOTS('',3,(#2625,#2626,#2627,#2628,#2629),
 .UNSPECIFIED.,.F.,.F.,(4,1,4),(0.,0.180044075966027,0.423798123082955),
 .UNSPECIFIED.);
#684=B_SPLINE_CURVE_WITH_KNOTS('',3,(#2641,#2642,#2643,#2644,#2645,#2646,
#2647),.UNSPECIFIED.,.F.,.F.,(4,3,4),(0.,0.215770040665916,0.352315262748657),
 .UNSPECIFIED.);
#685=B_SPLINE_CURVE_WITH_KNOTS('',3,(#2650,#2651,#2652,#2653,#2654),
 .UNSPECIFIED.,.F.,.F.,(4,1,4),(0.,0.205570450211937,0.335661090651214),
 .UNSPECIFIED.);
#686=B_SPLINE_CURVE_WITH_KNOTS('',3,(#2666,#2667,#2668,#2669,#2670,#2671,
#2672),.UNSPECIFIED.,.F.,.F.,(4,3,4),(0.,0.0925585956467747,0.176454972667822),
 .UNSPECIFIED.);
#687=B_SPLINE_CURVE_WITH_KNOTS('',3,(#2675,#2676,#2677,#2678,#2679),
 .UNSPECIFIED.,.F.,.F.,(4,1,4),(0.,0.0887796174688742,0.169250676984269),
 .UNSPECIFIED.);
#688=B_SPLINE_CURVE_WITH_KNOTS('',3,(#2691,#2692,#2693,#2694,#2695,#2696,
#2697),.UNSPECIFIED.,.F.,.F.,(4,3,4),(0.,0.0896923115897072,0.188815291053365),
 .UNSPECIFIED.);
#689=B_SPLINE_CURVE_WITH_KNOTS('',3,(#2700,#2701,#2702,#2703,#2704),
 .UNSPECIFIED.,.F.,.F.,(4,1,4),(0.,0.0804926866743731,0.169448749761436),
 .UNSPECIFIED.);
#690=B_SPLINE_CURVE_WITH_KNOTS('',3,(#2715,#2716,#2717,#2718,#2719,#2720,
#2721),.UNSPECIFIED.,.F.,.F.,(4,3,4),(0.,0.144928799226544,0.373331752904325),
 .UNSPECIFIED.);
#691=B_SPLINE_CURVE_WITH_KNOTS('',3,(#2722,#2723,#2724,#2725,#2726),
 .UNSPECIFIED.,.F.,.F.,(4,1,4),(0.,0.130171034435911,0.335316243028855),
 .UNSPECIFIED.);
#692=B_SPLINE_CURVE_WITH_KNOTS('',3,(#2738,#2739,#2740,#2741,#2742,#2743,
#2744),.UNSPECIFIED.,.F.,.F.,(4,3,4),(0.,0.162622748137564,0.292857472849971),
 .UNSPECIFIED.);
#693=B_SPLINE_CURVE_WITH_KNOTS('',3,(#2747,#2748,#2749,#2750,#2751),
 .UNSPECIFIED.,.F.,.F.,(4,1,4),(0.,0.160304205420918,0.288682149480591),
 .UNSPECIFIED.);
#694=B_SPLINE_CURVE_WITH_KNOTS('',3,(#2763,#2764,#2765,#2766,#2767,#2768,
#2769),.UNSPECIFIED.,.F.,.F.,(4,3,4),(0.,0.107646235759955,0.204167973792035),
 .UNSPECIFIED.);
#695=B_SPLINE_CURVE_WITH_KNOTS('',3,(#2772,#2773,#2774,#2775,#2776),
 .UNSPECIFIED.,.F.,.F.,(4,1,4),(0.,0.105954942234015,0.200960170287891),
 .UNSPECIFIED.);
#696=B_SPLINE_CURVE_WITH_KNOTS('',3,(#2788,#2789,#2790,#2791,#2792,#2793),
 .UNSPECIFIED.,.F.,.F.,(4,2,4),(0.,0.105352479563035,0.21033079393225),
 .UNSPECIFIED.);
#697=B_SPLINE_CURVE_WITH_KNOTS('',3,(#2796,#2797,#2798,#2799,#2800),
 .UNSPECIFIED.,.F.,.F.,(4,1,4),(0.,0.0924050051278769,0.193322930651753),
 .UNSPECIFIED.);
#698=B_SPLINE_CURVE_WITH_KNOTS('',3,(#2812,#2813,#2814,#2815,#2816,#2817,
#2818),.UNSPECIFIED.,.F.,.F.,(4,3,4),(0.,0.0768540691945146,0.147668196345522),
 .UNSPECIFIED.);
#699=B_SPLINE_CURVE_WITH_KNOTS('',3,(#2821,#2822,#2823,#2824,#2825),
 .UNSPECIFIED.,.F.,.F.,(4,1,4),(0.,0.0759788126199147,0.145986469391239),
 .UNSPECIFIED.);
#700=B_SPLINE_CURVE_WITH_KNOTS('',3,(#2837,#2838,#2839,#2840,#2841,#2842),
 .UNSPECIFIED.,.F.,.F.,(4,2,4),(0.,0.071687206655963,0.143344816641486),
 .UNSPECIFIED.);
#701=B_SPLINE_CURVE_WITH_KNOTS('',3,(#2845,#2846,#2847,#2848,#2849),
 .UNSPECIFIED.,.F.,.F.,(4,1,4),(0.,0.0680953743457991,0.138205594222864),
 .UNSPECIFIED.);
#702=B_SPLINE_CURVE_WITH_KNOTS('',3,(#2860,#2861,#2862,#2863,#2864,#2865,
#2866),.UNSPECIFIED.,.F.,.F.,(4,3,4),(0.,0.0828712788055495,0.175468986044687),
 .UNSPECIFIED.);
#703=B_SPLINE_CURVE_WITH_KNOTS('',3,(#2867,#2868,#2869,#2870,#2871),
 .UNSPECIFIED.,.F.,.F.,(4,1,4),(0.,0.0763515214853463,0.161664261142133),
 .UNSPECIFIED.);
#704=B_SPLINE_CURVE_WITH_KNOTS('',3,(#3063,#3064,#3065,#3066,#3067),
 .UNSPECIFIED.,.F.,.F.,(4,1,4),(-0.288682149480591,-0.160304205420918,0.),
 .UNSPECIFIED.);
#705=B_SPLINE_CURVE_WITH_KNOTS('',3,(#3069,#3070,#3071,#3072,#3073),
 .UNSPECIFIED.,.F.,.F.,(4,1,4),(-0.423798123082955,-0.180044075966027,0.),
 .UNSPECIFIED.);
#706=B_SPLINE_CURVE_WITH_KNOTS('',3,(#3075,#3076,#3077,#3078,#3079),
 .UNSPECIFIED.,.F.,.F.,(4,1,4),(-0.256817342867918,-0.131669362589219,0.),
 .UNSPECIFIED.);
#707=B_SPLINE_CURVE_WITH_KNOTS('',3,(#3081,#3082,#3083,#3084,#3085),
 .UNSPECIFIED.,.F.,.F.,(4,1,4),(-0.194113498533806,-0.0926770739647712,
0.),.UNSPECIFIED.);
#708=B_SPLINE_CURVE_WITH_KNOTS('',3,(#3087,#3088,#3089,#3090,#3091),
 .UNSPECIFIED.,.F.,.F.,(4,1,4),(-0.201062870438113,-0.105922809435188,0.),
 .UNSPECIFIED.);
#709=B_SPLINE_CURVE_WITH_KNOTS('',3,(#3093,#3094,#3095,#3096,#3097),
 .UNSPECIFIED.,.F.,.F.,(4,1,4),(-0.287268142291038,-0.159277775532396,0.),
 .UNSPECIFIED.);
#710=B_SPLINE_CURVE_WITH_KNOTS('',3,(#3099,#3100,#3101,#3102,#3103),
 .UNSPECIFIED.,.F.,.F.,(4,1,4),(-0.237851593185911,-0.104291649604622,0.),
 .UNSPECIFIED.);
#711=B_SPLINE_CURVE_WITH_KNOTS('',3,(#3105,#3106,#3107,#3108,#3109),
 .UNSPECIFIED.,.F.,.F.,(4,1,4),(-0.161664261142133,-0.0763515214853463,
0.),.UNSPECIFIED.);
#712=B_SPLINE_CURVE_WITH_KNOTS('',3,(#3111,#3112,#3113,#3114,#3115),
 .UNSPECIFIED.,.F.,.F.,(4,1,4),(-0.138205594222864,-0.0680953743457991,
0.),.UNSPECIFIED.);
#713=B_SPLINE_CURVE_WITH_KNOTS('',3,(#3117,#3118,#3119,#3120,#3121),
 .UNSPECIFIED.,.F.,.F.,(4,1,4),(-0.145986469391239,-0.0759788126199147,
0.),.UNSPECIFIED.);
#714=B_SPLINE_CURVE_WITH_KNOTS('',3,(#3123,#3124,#3125,#3126,#3127),
 .UNSPECIFIED.,.F.,.F.,(4,1,4),(-0.193322930651753,-0.0924050051278769,
0.),.UNSPECIFIED.);
#715=B_SPLINE_CURVE_WITH_KNOTS('',3,(#3128,#3129,#3130,#3131,#3132),
 .UNSPECIFIED.,.F.,.F.,(4,1,4),(-0.200960170287891,-0.105954942234015,0.),
 .UNSPECIFIED.);
#716=B_SPLINE_CURVE_WITH_KNOTS('',3,(#3166,#3167,#3168,#3169,#3170,#3171,
#3172),.UNSPECIFIED.,.F.,.F.,(4,3,4),(0.,0.162622748137564,0.292857472849971),
 .UNSPECIFIED.);
#717=B_SPLINE_CURVE_WITH_KNOTS('',3,(#3174,#3175,#3176,#3177,#3178,#3179,
#3180),.UNSPECIFIED.,.F.,.F.,(4,3,4),(0.,0.107646235759955,0.204167973792035),
 .UNSPECIFIED.);
#718=B_SPLINE_CURVE_WITH_KNOTS('',3,(#3182,#3183,#3184,#3185,#3186,#3187,
#3188),.UNSPECIFIED.,.F.,.F.,(4,3,4),(0.,0.100534468551332,0.21033079393225),
 .UNSPECIFIED.);
#719=B_SPLINE_CURVE_WITH_KNOTS('',3,(#3190,#3191,#3192,#3193,#3194,#3195,
#3196),.UNSPECIFIED.,.F.,.F.,(4,3,4),(0.,0.0768540691945198,0.147668196345532),
 .UNSPECIFIED.);
#720=B_SPLINE_CURVE_WITH_KNOTS('',3,(#3198,#3199,#3200,#3201,#3202,#3203,
#3204),.UNSPECIFIED.,.F.,.F.,(4,3,4),(0.,0.0706275241940757,0.143344816641486),
 .UNSPECIFIED.);
#721=B_SPLINE_CURVE_WITH_KNOTS('',3,(#3206,#3207,#3208,#3209,#3210,#3211,
#3212),.UNSPECIFIED.,.F.,.F.,(4,3,4),(0.,0.0828712788055495,0.175468986044687),
 .UNSPECIFIED.);
#722=B_SPLINE_CURVE_WITH_KNOTS('',3,(#3214,#3215,#3216,#3217,#3218,#3219,
#3220),.UNSPECIFIED.,.F.,.F.,(4,3,4),(0.,0.117060560193916,0.266972867405141),
 .UNSPECIFIED.);
#723=B_SPLINE_CURVE_WITH_KNOTS('',3,(#3222,#3223,#3224,#3225,#3226,#3227,
#3228),.UNSPECIFIED.,.F.,.F.,(4,3,4),(0.,0.161525366448299,0.291321823131843),
 .UNSPECIFIED.);
#724=B_SPLINE_CURVE_WITH_KNOTS('',3,(#3230,#3231,#3232,#3233,#3234,#3235,
#3236),.UNSPECIFIED.,.F.,.F.,(4,3,4),(0.,0.107604347570887,0.204254769200216),
 .UNSPECIFIED.);
#725=B_SPLINE_CURVE_WITH_KNOTS('',3,(#3238,#3239,#3240,#3241,#3242,#3243,
#3244),.UNSPECIFIED.,.F.,.F.,(4,3,4),(0.,0.100962391198286,0.211467217699254),
 .UNSPECIFIED.);
#726=B_SPLINE_CURVE_WITH_KNOTS('',3,(#3246,#3247,#3248,#3249,#3250,#3251,
#3252),.UNSPECIFIED.,.F.,.F.,(4,3,4),(0.,0.136316762272662,0.265881963630688),
 .UNSPECIFIED.);
#727=B_SPLINE_CURVE_WITH_KNOTS('',3,(#3253,#3254,#3255,#3256,#3257,#3258,
#3259),.UNSPECIFIED.,.F.,.F.,(4,3,4),(0.,0.204841544390938,0.482167833495804),
 .UNSPECIFIED.);
#728=VERTEX_POINT('',#2182);
#729=VERTEX_POINT('',#2183);
#730=VERTEX_POINT('',#2191);
#731=VERTEX_POINT('',#2193);
#732=VERTEX_POINT('',#2210);
#733=VERTEX_POINT('',#2218);
#734=VERTEX_POINT('',#2235);
#735=VERTEX_POINT('',#2243);
#736=VERTEX_POINT('',#2260);
#737=VERTEX_POINT('',#2268);
#738=VERTEX_POINT('',#2285);
#739=VERTEX_POINT('',#2293);
#740=VERTEX_POINT('',#2310);
#741=VERTEX_POINT('',#2318);
#742=VERTEX_POINT('',#2335);
#743=VERTEX_POINT('',#2343);
#744=VERTEX_POINT('',#2384);
#745=VERTEX_POINT('',#2385);
#746=VERTEX_POINT('',#2393);
#747=VERTEX_POINT('',#2395);
#748=VERTEX_POINT('',#2412);
#749=VERTEX_POINT('',#2420);
#750=VERTEX_POINT('',#2437);
#751=VERTEX_POINT('',#2445);
#752=VERTEX_POINT('',#2462);
#753=VERTEX_POINT('',#2470);
#754=VERTEX_POINT('',#2487);
#755=VERTEX_POINT('',#2488);
#756=VERTEX_POINT('',#2496);
#757=VERTEX_POINT('',#2498);
#758=VERTEX_POINT('',#2515);
#759=VERTEX_POINT('',#2523);
#760=VERTEX_POINT('',#2540);
#761=VERTEX_POINT('',#2548);
#762=VERTEX_POINT('',#2565);
#763=VERTEX_POINT('',#2573);
#764=VERTEX_POINT('',#2590);
#765=VERTEX_POINT('',#2598);
#766=VERTEX_POINT('',#2615);
#767=VERTEX_POINT('',#2623);
#768=VERTEX_POINT('',#2640);
#769=VERTEX_POINT('',#2648);
#770=VERTEX_POINT('',#2665);
#771=VERTEX_POINT('',#2673);
#772=VERTEX_POINT('',#2690);
#773=VERTEX_POINT('',#2698);
#774=VERTEX_POINT('',#2737);
#775=VERTEX_POINT('',#2745);
#776=VERTEX_POINT('',#2762);
#777=VERTEX_POINT('',#2770);
#778=VERTEX_POINT('',#2787);
#779=VERTEX_POINT('',#2794);
#780=VERTEX_POINT('',#2811);
#781=VERTEX_POINT('',#2819);
#782=VERTEX_POINT('',#2836);
#783=VERTEX_POINT('',#2843);
#784=VERTEX_POINT('',#2875);
#785=VERTEX_POINT('',#2876);
#786=VERTEX_POINT('',#2878);
#787=VERTEX_POINT('',#2880);
#788=VERTEX_POINT('',#2884);
#789=VERTEX_POINT('',#2886);
#790=VERTEX_POINT('',#2890);
#791=VERTEX_POINT('',#2892);
#792=VERTEX_POINT('',#2901);
#793=VERTEX_POINT('',#2902);
#794=VERTEX_POINT('',#2904);
#795=VERTEX_POINT('',#2906);
#796=VERTEX_POINT('',#2910);
#797=VERTEX_POINT('',#2911);
#798=VERTEX_POINT('',#2913);
#799=VERTEX_POINT('',#2915);
#800=VERTEX_POINT('',#2919);
#801=VERTEX_POINT('',#2921);
#802=VERTEX_POINT('',#2925);
#803=VERTEX_POINT('',#2927);
#804=VERTEX_POINT('',#2931);
#805=VERTEX_POINT('',#2933);
#806=VERTEX_POINT('',#2937);
#807=VERTEX_POINT('',#2939);
#808=VERTEX_POINT('',#2943);
#809=VERTEX_POINT('',#2945);
#810=VERTEX_POINT('',#2952);
#811=VERTEX_POINT('',#2954);
#812=VERTEX_POINT('',#2958);
#813=VERTEX_POINT('',#2960);
#814=VERTEX_POINT('',#2964);
#815=VERTEX_POINT('',#2966);
#816=VERTEX_POINT('',#2970);
#817=VERTEX_POINT('',#2972);
#818=VERTEX_POINT('',#2976);
#819=VERTEX_POINT('',#2978);
#820=VERTEX_POINT('',#2987);
#821=VERTEX_POINT('',#2988);
#822=VERTEX_POINT('',#2990);
#823=VERTEX_POINT('',#2992);
#824=VERTEX_POINT('',#2996);
#825=VERTEX_POINT('',#2998);
#826=VERTEX_POINT('',#3007);
#827=VERTEX_POINT('',#3008);
#828=VERTEX_POINT('',#3010);
#829=VERTEX_POINT('',#3012);
#830=VERTEX_POINT('',#3016);
#831=VERTEX_POINT('',#3017);
#832=VERTEX_POINT('',#3019);
#833=VERTEX_POINT('',#3021);
#834=VERTEX_POINT('',#3023);
#835=VERTEX_POINT('',#3025);
#836=VERTEX_POINT('',#3030);
#837=VERTEX_POINT('',#3034);
#838=VERTEX_POINT('',#3035);
#839=VERTEX_POINT('',#3038);
#840=VERTEX_POINT('',#3040);
#841=VERTEX_POINT('',#3042);
#842=VERTEX_POINT('',#3050);
#843=VERTEX_POINT('',#3055);
#844=VERTEX_POINT('',#3061);
#845=VERTEX_POINT('',#3062);
#846=VERTEX_POINT('',#3068);
#847=VERTEX_POINT('',#3074);
#848=VERTEX_POINT('',#3080);
#849=VERTEX_POINT('',#3086);
#850=VERTEX_POINT('',#3092);
#851=VERTEX_POINT('',#3098);
#852=VERTEX_POINT('',#3104);
#853=VERTEX_POINT('',#3110);
#854=VERTEX_POINT('',#3116);
#855=VERTEX_POINT('',#3122);
#856=VERTEX_POINT('',#3133);
#857=VERTEX_POINT('',#3134);
#858=VERTEX_POINT('',#3136);
#859=VERTEX_POINT('',#3138);
#860=VERTEX_POINT('',#3141);
#861=VERTEX_POINT('',#3142);
#862=VERTEX_POINT('',#3144);
#863=VERTEX_POINT('',#3146);
#864=VERTEX_POINT('',#3148);
#865=VERTEX_POINT('',#3150);
#866=VERTEX_POINT('',#3152);
#867=VERTEX_POINT('',#3154);
#868=VERTEX_POINT('',#3156);
#869=VERTEX_POINT('',#3158);
#870=VERTEX_POINT('',#3160);
#871=VERTEX_POINT('',#3164);
#872=VERTEX_POINT('',#3165);
#873=VERTEX_POINT('',#3173);
#874=VERTEX_POINT('',#3181);
#875=VERTEX_POINT('',#3189);
#876=VERTEX_POINT('',#3197);
#877=VERTEX_POINT('',#3205);
#878=VERTEX_POINT('',#3213);
#879=VERTEX_POINT('',#3221);
#880=VERTEX_POINT('',#3229);
#881=VERTEX_POINT('',#3237);
#882=VERTEX_POINT('',#3245);
#883=VERTEX_POINT('',#3260);
#884=VERTEX_POINT('',#3261);
#885=VERTEX_POINT('',#3263);
#886=VERTEX_POINT('',#3265);
#887=VERTEX_POINT('',#3268);
#888=VERTEX_POINT('',#3269);
#889=VERTEX_POINT('',#3271);
#890=VERTEX_POINT('',#3273);
#891=VERTEX_POINT('',#3275);
#892=VERTEX_POINT('',#3277);
#893=VERTEX_POINT('',#3279);
#894=VERTEX_POINT('',#3281);
#895=VERTEX_POINT('',#3283);
#896=VERTEX_POINT('',#3285);
#897=VERTEX_POINT('',#3287);
#898=EDGE_CURVE('',#728,#729,#648,.T.);
#899=EDGE_CURVE('',#730,#728,#302,.T.);
#900=EDGE_CURVE('',#731,#730,#649,.T.);
#901=EDGE_CURVE('',#731,#729,#303,.T.);
#902=EDGE_CURVE('',#729,#732,#650,.T.);
#903=EDGE_CURVE('',#733,#731,#651,.T.);
#904=EDGE_CURVE('',#733,#732,#304,.T.);
#905=EDGE_CURVE('',#732,#734,#652,.T.);
#906=EDGE_CURVE('',#735,#733,#653,.T.);
#907=EDGE_CURVE('',#735,#734,#305,.T.);
#908=EDGE_CURVE('',#734,#736,#654,.T.);
#909=EDGE_CURVE('',#737,#735,#655,.T.);
#910=EDGE_CURVE('',#737,#736,#306,.T.);
#911=EDGE_CURVE('',#736,#738,#656,.T.);
#912=EDGE_CURVE('',#739,#737,#657,.T.);
#913=EDGE_CURVE('',#739,#738,#307,.T.);
#914=EDGE_CURVE('',#738,#740,#658,.T.);
#915=EDGE_CURVE('',#741,#739,#659,.T.);
#916=EDGE_CURVE('',#741,#740,#308,.T.);
#917=EDGE_CURVE('',#740,#742,#660,.T.);
#918=EDGE_CURVE('',#743,#741,#661,.T.);
#919=EDGE_CURVE('',#743,#742,#309,.T.);
#920=EDGE_CURVE('',#742,#728,#662,.T.);
#921=EDGE_CURVE('',#730,#743,#663,.T.);
#922=EDGE_CURVE('',#744,#745,#664,.T.);
#923=EDGE_CURVE('',#746,#745,#310,.T.);
#924=EDGE_CURVE('',#747,#746,#665,.T.);
#925=EDGE_CURVE('',#747,#744,#311,.T.);
#926=EDGE_CURVE('',#745,#748,#666,.T.);
#927=EDGE_CURVE('',#749,#748,#312,.T.);
#928=EDGE_CURVE('',#746,#749,#667,.T.);
#929=EDGE_CURVE('',#748,#750,#668,.T.);
#930=EDGE_CURVE('',#751,#750,#313,.T.);
#931=EDGE_CURVE('',#749,#751,#669,.T.);
#932=EDGE_CURVE('',#750,#752,#670,.T.);
#933=EDGE_CURVE('',#753,#752,#314,.T.);
#934=EDGE_CURVE('',#751,#753,#671,.T.);
#935=EDGE_CURVE('',#754,#755,#672,.T.);
#936=EDGE_CURVE('',#756,#755,#315,.T.);
#937=EDGE_CURVE('',#757,#756,#673,.T.);
#938=EDGE_CURVE('',#757,#754,#316,.T.);
#939=EDGE_CURVE('',#755,#758,#674,.T.);
#940=EDGE_CURVE('',#759,#758,#317,.T.);
#941=EDGE_CURVE('',#756,#759,#675,.T.);
#942=EDGE_CURVE('',#758,#760,#676,.T.);
#943=EDGE_CURVE('',#761,#760,#318,.T.);
#944=EDGE_CURVE('',#759,#761,#677,.T.);
#945=EDGE_CURVE('',#760,#762,#678,.T.);
#946=EDGE_CURVE('',#763,#762,#319,.T.);
#947=EDGE_CURVE('',#761,#763,#679,.T.);
#948=EDGE_CURVE('',#762,#764,#680,.T.);
#949=EDGE_CURVE('',#765,#764,#320,.T.);
#950=EDGE_CURVE('',#763,#765,#681,.T.);
#951=EDGE_CURVE('',#764,#766,#682,.T.);
#952=EDGE_CURVE('',#767,#766,#321,.T.);
#953=EDGE_CURVE('',#765,#767,#683,.T.);
#954=EDGE_CURVE('',#752,#768,#684,.T.);
#955=EDGE_CURVE('',#769,#768,#322,.T.);
#956=EDGE_CURVE('',#753,#769,#685,.T.);
#957=EDGE_CURVE('',#768,#770,#686,.T.);
#958=EDGE_CURVE('',#771,#770,#323,.T.);
#959=EDGE_CURVE('',#769,#771,#687,.T.);
#960=EDGE_CURVE('',#770,#772,#688,.T.);
#961=EDGE_CURVE('',#773,#772,#324,.T.);
#962=EDGE_CURVE('',#771,#773,#689,.T.);
#963=EDGE_CURVE('',#772,#744,#690,.T.);
#964=EDGE_CURVE('',#773,#747,#691,.T.);
#965=EDGE_CURVE('',#766,#774,#692,.T.);
#966=EDGE_CURVE('',#775,#774,#325,.T.);
#967=EDGE_CURVE('',#767,#775,#693,.T.);
#968=EDGE_CURVE('',#774,#776,#694,.T.);
#969=EDGE_CURVE('',#777,#776,#326,.T.);
#970=EDGE_CURVE('',#775,#777,#695,.T.);
#971=EDGE_CURVE('',#776,#778,#696,.T.);
#972=EDGE_CURVE('',#779,#778,#327,.T.);
#973=EDGE_CURVE('',#777,#779,#697,.T.);
#974=EDGE_CURVE('',#778,#780,#698,.T.);
#975=EDGE_CURVE('',#781,#780,#328,.T.);
#976=EDGE_CURVE('',#779,#781,#699,.T.);
#977=EDGE_CURVE('',#780,#782,#700,.T.);
#978=EDGE_CURVE('',#783,#782,#329,.T.);
#979=EDGE_CURVE('',#781,#783,#701,.T.);
#980=EDGE_CURVE('',#782,#754,#702,.T.);
#981=EDGE_CURVE('',#783,#757,#703,.T.);
#982=EDGE_CURVE('',#784,#785,#330,.T.);
#983=EDGE_CURVE('',#786,#785,#331,.T.);
#984=EDGE_CURVE('',#787,#786,#332,.T.);
#985=EDGE_CURVE('',#787,#784,#333,.T.);
#986=EDGE_CURVE('',#785,#788,#334,.T.);
#987=EDGE_CURVE('',#789,#788,#335,.T.);
#988=EDGE_CURVE('',#786,#789,#336,.T.);
#989=EDGE_CURVE('',#788,#790,#337,.T.);
#990=EDGE_CURVE('',#791,#790,#338,.T.);
#991=EDGE_CURVE('',#789,#791,#339,.T.);
#992=EDGE_CURVE('',#790,#784,#340,.T.);
#993=EDGE_CURVE('',#791,#787,#341,.T.);
#994=EDGE_CURVE('',#792,#793,#342,.T.);
#995=EDGE_CURVE('',#794,#793,#343,.T.);
#996=EDGE_CURVE('',#795,#794,#344,.T.);
#997=EDGE_CURVE('',#795,#792,#345,.T.);
#998=EDGE_CURVE('',#796,#797,#346,.T.);
#999=EDGE_CURVE('',#798,#797,#347,.T.);
#1000=EDGE_CURVE('',#799,#798,#348,.T.);
#1001=EDGE_CURVE('',#799,#796,#349,.T.);
#1002=EDGE_CURVE('',#797,#800,#350,.T.);
#1003=EDGE_CURVE('',#801,#800,#351,.T.);
#1004=EDGE_CURVE('',#798,#801,#352,.T.);
#1005=EDGE_CURVE('',#800,#802,#353,.T.);
#1006=EDGE_CURVE('',#803,#802,#354,.T.);
#1007=EDGE_CURVE('',#801,#803,#355,.T.);
#1008=EDGE_CURVE('',#802,#804,#356,.T.);
#1009=EDGE_CURVE('',#805,#804,#357,.T.);
#1010=EDGE_CURVE('',#803,#805,#358,.T.);
#1011=EDGE_CURVE('',#804,#806,#359,.T.);
#1012=EDGE_CURVE('',#807,#806,#360,.T.);
#1013=EDGE_CURVE('',#805,#807,#361,.T.);
#1014=EDGE_CURVE('',#793,#808,#362,.T.);
#1015=EDGE_CURVE('',#809,#808,#363,.T.);
#1016=EDGE_CURVE('',#794,#809,#364,.T.);
#1017=EDGE_CURVE('',#808,#792,#365,.T.);
#1018=EDGE_CURVE('',#809,#795,#366,.T.);
#1019=EDGE_CURVE('',#806,#810,#367,.T.);
#1020=EDGE_CURVE('',#811,#810,#368,.T.);
#1021=EDGE_CURVE('',#807,#811,#369,.T.);
#1022=EDGE_CURVE('',#810,#812,#370,.T.);
#1023=EDGE_CURVE('',#813,#812,#371,.T.);
#1024=EDGE_CURVE('',#811,#813,#372,.T.);
#1025=EDGE_CURVE('',#812,#814,#373,.T.);
#1026=EDGE_CURVE('',#815,#814,#374,.T.);
#1027=EDGE_CURVE('',#813,#815,#375,.T.);
#1028=EDGE_CURVE('',#814,#816,#376,.T.);
#1029=EDGE_CURVE('',#817,#816,#377,.T.);
#1030=EDGE_CURVE('',#815,#817,#378,.T.);
#1031=EDGE_CURVE('',#816,#818,#379,.T.);
#1032=EDGE_CURVE('',#819,#818,#380,.T.);
#1033=EDGE_CURVE('',#817,#819,#381,.T.);
#1034=EDGE_CURVE('',#818,#796,#382,.T.);
#1035=EDGE_CURVE('',#819,#799,#383,.T.);
#1036=EDGE_CURVE('',#820,#821,#384,.T.);
#1037=EDGE_CURVE('',#822,#820,#385,.T.);
#1038=EDGE_CURVE('',#823,#822,#386,.T.);
#1039=EDGE_CURVE('',#823,#821,#387,.T.);
#1040=EDGE_CURVE('',#821,#824,#388,.T.);
#1041=EDGE_CURVE('',#825,#823,#389,.T.);
#1042=EDGE_CURVE('',#825,#824,#390,.T.);
#1043=EDGE_CURVE('',#824,#820,#391,.T.);
#1044=EDGE_CURVE('',#822,#825,#392,.T.);
#1045=EDGE_CURVE('',#826,#827,#393,.T.);
#1046=EDGE_CURVE('',#827,#828,#394,.T.);
#1047=EDGE_CURVE('',#828,#829,#395,.T.);
#1048=EDGE_CURVE('',#829,#826,#396,.T.);
#1049=EDGE_CURVE('',#830,#831,#397,.T.);
#1050=EDGE_CURVE('',#830,#832,#398,.T.);
#1051=EDGE_CURVE('',#832,#833,#399,.T.);
#1052=EDGE_CURVE('',#834,#833,#400,.T.);
#1053=EDGE_CURVE('',#835,#834,#401,.T.);
#1054=EDGE_CURVE('',#835,#827,#402,.T.);
#1055=EDGE_CURVE('',#831,#826,#403,.T.);
#1056=EDGE_CURVE('',#835,#836,#404,.T.);
#1057=EDGE_CURVE('',#836,#828,#405,.T.);
#1058=EDGE_CURVE('',#837,#838,#406,.T.);
#1059=EDGE_CURVE('',#837,#829,#407,.T.);
#1060=EDGE_CURVE('',#839,#836,#408,.T.);
#1061=EDGE_CURVE('',#839,#840,#409,.T.);
#1062=EDGE_CURVE('',#840,#841,#410,.T.);
#1063=EDGE_CURVE('',#838,#841,#411,.T.);
#1064=EDGE_CURVE('',#831,#837,#412,.T.);
#1065=EDGE_CURVE('',#841,#832,#413,.T.);
#1066=EDGE_CURVE('',#833,#840,#414,.T.);
#1067=EDGE_CURVE('',#842,#842,#14,.T.);
#1068=EDGE_CURVE('',#838,#830,#415,.T.);
#1069=EDGE_CURVE('',#842,#843,#416,.T.);
#1070=EDGE_CURVE('',#843,#843,#15,.T.);
#1071=EDGE_CURVE('',#834,#839,#417,.T.);
#1072=EDGE_CURVE('',#844,#845,#704,.T.);
#1073=EDGE_CURVE('',#845,#846,#705,.T.);
#1074=EDGE_CURVE('',#846,#847,#706,.T.);
#1075=EDGE_CURVE('',#847,#848,#707,.T.);
#1076=EDGE_CURVE('',#848,#849,#708,.T.);
#1077=EDGE_CURVE('',#849,#850,#709,.T.);
#1078=EDGE_CURVE('',#850,#851,#710,.T.);
#1079=EDGE_CURVE('',#851,#852,#711,.T.);
#1080=EDGE_CURVE('',#852,#853,#712,.T.);
#1081=EDGE_CURVE('',#853,#854,#713,.T.);
#1082=EDGE_CURVE('',#854,#855,#714,.T.);
#1083=EDGE_CURVE('',#855,#844,#715,.T.);
#1084=EDGE_CURVE('',#856,#857,#418,.T.);
#1085=EDGE_CURVE('',#857,#858,#419,.T.);
#1086=EDGE_CURVE('',#858,#859,#420,.T.);
#1087=EDGE_CURVE('',#859,#856,#421,.T.);
#1088=EDGE_CURVE('',#860,#861,#422,.T.);
#1089=EDGE_CURVE('',#861,#862,#423,.T.);
#1090=EDGE_CURVE('',#862,#863,#424,.T.);
#1091=EDGE_CURVE('',#863,#864,#425,.T.);
#1092=EDGE_CURVE('',#864,#865,#426,.T.);
#1093=EDGE_CURVE('',#865,#866,#427,.T.);
#1094=EDGE_CURVE('',#866,#867,#428,.T.);
#1095=EDGE_CURVE('',#867,#868,#429,.T.);
#1096=EDGE_CURVE('',#868,#869,#430,.T.);
#1097=EDGE_CURVE('',#869,#870,#431,.T.);
#1098=EDGE_CURVE('',#870,#860,#432,.T.);
#1099=EDGE_CURVE('',#871,#872,#716,.T.);
#1100=EDGE_CURVE('',#872,#873,#717,.T.);
#1101=EDGE_CURVE('',#873,#874,#718,.T.);
#1102=EDGE_CURVE('',#874,#875,#719,.T.);
#1103=EDGE_CURVE('',#875,#876,#720,.T.);
#1104=EDGE_CURVE('',#876,#877,#721,.T.);
#1105=EDGE_CURVE('',#877,#878,#722,.T.);
#1106=EDGE_CURVE('',#878,#879,#723,.T.);
#1107=EDGE_CURVE('',#879,#880,#724,.T.);
#1108=EDGE_CURVE('',#880,#881,#725,.T.);
#1109=EDGE_CURVE('',#881,#882,#726,.T.);
#1110=EDGE_CURVE('',#882,#871,#727,.T.);
#1111=EDGE_CURVE('',#883,#884,#433,.T.);
#1112=EDGE_CURVE('',#884,#885,#434,.T.);
#1113=EDGE_CURVE('',#885,#886,#435,.T.);
#1114=EDGE_CURVE('',#886,#883,#436,.T.);
#1115=EDGE_CURVE('',#887,#888,#437,.T.);
#1116=EDGE_CURVE('',#888,#889,#438,.T.);
#1117=EDGE_CURVE('',#889,#890,#439,.T.);
#1118=EDGE_CURVE('',#890,#891,#440,.T.);
#1119=EDGE_CURVE('',#891,#892,#441,.T.);
#1120=EDGE_CURVE('',#892,#893,#442,.T.);
#1121=EDGE_CURVE('',#893,#894,#443,.T.);
#1122=EDGE_CURVE('',#894,#895,#444,.T.);
#1123=EDGE_CURVE('',#895,#896,#445,.T.);
#1124=EDGE_CURVE('',#896,#897,#446,.T.);
#1125=EDGE_CURVE('',#897,#887,#447,.T.);
#1126=EDGE_CURVE('',#867,#892,#448,.T.);
#1127=EDGE_CURVE('',#866,#893,#449,.T.);
#1128=EDGE_CURVE('',#868,#891,#450,.T.);
#1129=EDGE_CURVE('',#869,#890,#451,.T.);
#1130=EDGE_CURVE('',#870,#889,#452,.T.);
#1131=EDGE_CURVE('',#860,#888,#453,.T.);
#1132=EDGE_CURVE('',#861,#887,#454,.T.);
#1133=EDGE_CURVE('',#862,#897,#455,.T.);
#1134=EDGE_CURVE('',#863,#896,#456,.T.);
#1135=EDGE_CURVE('',#864,#895,#457,.T.);
#1136=EDGE_CURVE('',#865,#894,#458,.T.);
#1137=EDGE_CURVE('',#856,#884,#459,.T.);
#1138=EDGE_CURVE('',#859,#885,#460,.T.);
#1139=EDGE_CURVE('',#857,#883,#461,.T.);
#1140=EDGE_CURVE('',#858,#886,#462,.T.);
#1141=EDGE_CURVE('',#852,#876,#463,.T.);
#1142=EDGE_CURVE('',#851,#877,#464,.T.);
#1143=EDGE_CURVE('',#853,#875,#465,.T.);
#1144=EDGE_CURVE('',#854,#874,#466,.T.);
#1145=EDGE_CURVE('',#855,#873,#467,.T.);
#1146=EDGE_CURVE('',#844,#872,#468,.T.);
#1147=EDGE_CURVE('',#845,#871,#469,.T.);
#1148=EDGE_CURVE('',#846,#882,#470,.T.);
#1149=EDGE_CURVE('',#847,#881,#471,.T.);
#1150=EDGE_CURVE('',#848,#880,#472,.T.);
#1151=EDGE_CURVE('',#849,#879,#473,.T.);
#1152=EDGE_CURVE('',#850,#878,#474,.T.);
#1153=ORIENTED_EDGE('',*,*,#898,.F.);
#1154=ORIENTED_EDGE('',*,*,#899,.F.);
#1155=ORIENTED_EDGE('',*,*,#900,.F.);
#1156=ORIENTED_EDGE('',*,*,#901,.T.);
#1157=ORIENTED_EDGE('',*,*,#902,.F.);
#1158=ORIENTED_EDGE('',*,*,#901,.F.);
#1159=ORIENTED_EDGE('',*,*,#903,.F.);
#1160=ORIENTED_EDGE('',*,*,#904,.T.);
#1161=ORIENTED_EDGE('',*,*,#905,.F.);
#1162=ORIENTED_EDGE('',*,*,#904,.F.);
#1163=ORIENTED_EDGE('',*,*,#906,.F.);
#1164=ORIENTED_EDGE('',*,*,#907,.T.);
#1165=ORIENTED_EDGE('',*,*,#908,.F.);
#1166=ORIENTED_EDGE('',*,*,#907,.F.);
#1167=ORIENTED_EDGE('',*,*,#909,.F.);
#1168=ORIENTED_EDGE('',*,*,#910,.T.);
#1169=ORIENTED_EDGE('',*,*,#911,.F.);
#1170=ORIENTED_EDGE('',*,*,#910,.F.);
#1171=ORIENTED_EDGE('',*,*,#912,.F.);
#1172=ORIENTED_EDGE('',*,*,#913,.T.);
#1173=ORIENTED_EDGE('',*,*,#914,.F.);
#1174=ORIENTED_EDGE('',*,*,#913,.F.);
#1175=ORIENTED_EDGE('',*,*,#915,.F.);
#1176=ORIENTED_EDGE('',*,*,#916,.T.);
#1177=ORIENTED_EDGE('',*,*,#917,.F.);
#1178=ORIENTED_EDGE('',*,*,#916,.F.);
#1179=ORIENTED_EDGE('',*,*,#918,.F.);
#1180=ORIENTED_EDGE('',*,*,#919,.T.);
#1181=ORIENTED_EDGE('',*,*,#920,.F.);
#1182=ORIENTED_EDGE('',*,*,#919,.F.);
#1183=ORIENTED_EDGE('',*,*,#921,.F.);
#1184=ORIENTED_EDGE('',*,*,#899,.T.);
#1185=ORIENTED_EDGE('',*,*,#911,.T.);
#1186=ORIENTED_EDGE('',*,*,#914,.T.);
#1187=ORIENTED_EDGE('',*,*,#917,.T.);
#1188=ORIENTED_EDGE('',*,*,#920,.T.);
#1189=ORIENTED_EDGE('',*,*,#898,.T.);
#1190=ORIENTED_EDGE('',*,*,#902,.T.);
#1191=ORIENTED_EDGE('',*,*,#905,.T.);
#1192=ORIENTED_EDGE('',*,*,#908,.T.);
#1193=ORIENTED_EDGE('',*,*,#912,.T.);
#1194=ORIENTED_EDGE('',*,*,#909,.T.);
#1195=ORIENTED_EDGE('',*,*,#906,.T.);
#1196=ORIENTED_EDGE('',*,*,#903,.T.);
#1197=ORIENTED_EDGE('',*,*,#900,.T.);
#1198=ORIENTED_EDGE('',*,*,#921,.T.);
#1199=ORIENTED_EDGE('',*,*,#918,.T.);
#1200=ORIENTED_EDGE('',*,*,#915,.T.);
#1201=ORIENTED_EDGE('',*,*,#922,.T.);
#1202=ORIENTED_EDGE('',*,*,#923,.F.);
#1203=ORIENTED_EDGE('',*,*,#924,.F.);
#1204=ORIENTED_EDGE('',*,*,#925,.T.);
#1205=ORIENTED_EDGE('',*,*,#926,.T.);
#1206=ORIENTED_EDGE('',*,*,#927,.F.);
#1207=ORIENTED_EDGE('',*,*,#928,.F.);
#1208=ORIENTED_EDGE('',*,*,#923,.T.);
#1209=ORIENTED_EDGE('',*,*,#929,.T.);
#1210=ORIENTED_EDGE('',*,*,#930,.F.);
#1211=ORIENTED_EDGE('',*,*,#931,.F.);
#1212=ORIENTED_EDGE('',*,*,#927,.T.);
#1213=ORIENTED_EDGE('',*,*,#932,.T.);
#1214=ORIENTED_EDGE('',*,*,#933,.F.);
#1215=ORIENTED_EDGE('',*,*,#934,.F.);
#1216=ORIENTED_EDGE('',*,*,#930,.T.);
#1217=ORIENTED_EDGE('',*,*,#935,.T.);
#1218=ORIENTED_EDGE('',*,*,#936,.F.);
#1219=ORIENTED_EDGE('',*,*,#937,.F.);
#1220=ORIENTED_EDGE('',*,*,#938,.T.);
#1221=ORIENTED_EDGE('',*,*,#939,.T.);
#1222=ORIENTED_EDGE('',*,*,#940,.F.);
#1223=ORIENTED_EDGE('',*,*,#941,.F.);
#1224=ORIENTED_EDGE('',*,*,#936,.T.);
#1225=ORIENTED_EDGE('',*,*,#942,.T.);
#1226=ORIENTED_EDGE('',*,*,#943,.F.);
#1227=ORIENTED_EDGE('',*,*,#944,.F.);
#1228=ORIENTED_EDGE('',*,*,#940,.T.);
#1229=ORIENTED_EDGE('',*,*,#945,.T.);
#1230=ORIENTED_EDGE('',*,*,#946,.F.);
#1231=ORIENTED_EDGE('',*,*,#947,.F.);
#1232=ORIENTED_EDGE('',*,*,#943,.T.);
#1233=ORIENTED_EDGE('',*,*,#948,.T.);
#1234=ORIENTED_EDGE('',*,*,#949,.F.);
#1235=ORIENTED_EDGE('',*,*,#950,.F.);
#1236=ORIENTED_EDGE('',*,*,#946,.T.);
#1237=ORIENTED_EDGE('',*,*,#951,.T.);
#1238=ORIENTED_EDGE('',*,*,#952,.F.);
#1239=ORIENTED_EDGE('',*,*,#953,.F.);
#1240=ORIENTED_EDGE('',*,*,#949,.T.);
#1241=ORIENTED_EDGE('',*,*,#954,.T.);
#1242=ORIENTED_EDGE('',*,*,#955,.F.);
#1243=ORIENTED_EDGE('',*,*,#956,.F.);
#1244=ORIENTED_EDGE('',*,*,#933,.T.);
#1245=ORIENTED_EDGE('',*,*,#957,.T.);
#1246=ORIENTED_EDGE('',*,*,#958,.F.);
#1247=ORIENTED_EDGE('',*,*,#959,.F.);
#1248=ORIENTED_EDGE('',*,*,#955,.T.);
#1249=ORIENTED_EDGE('',*,*,#960,.T.);
#1250=ORIENTED_EDGE('',*,*,#961,.F.);
#1251=ORIENTED_EDGE('',*,*,#962,.F.);
#1252=ORIENTED_EDGE('',*,*,#958,.T.);
#1253=ORIENTED_EDGE('',*,*,#963,.T.);
#1254=ORIENTED_EDGE('',*,*,#925,.F.);
#1255=ORIENTED_EDGE('',*,*,#964,.F.);
#1256=ORIENTED_EDGE('',*,*,#961,.T.);
#1257=ORIENTED_EDGE('',*,*,#965,.T.);
#1258=ORIENTED_EDGE('',*,*,#966,.F.);
#1259=ORIENTED_EDGE('',*,*,#967,.F.);
#1260=ORIENTED_EDGE('',*,*,#952,.T.);
#1261=ORIENTED_EDGE('',*,*,#968,.T.);
#1262=ORIENTED_EDGE('',*,*,#969,.F.);
#1263=ORIENTED_EDGE('',*,*,#970,.F.);
#1264=ORIENTED_EDGE('',*,*,#966,.T.);
#1265=ORIENTED_EDGE('',*,*,#971,.T.);
#1266=ORIENTED_EDGE('',*,*,#972,.F.);
#1267=ORIENTED_EDGE('',*,*,#973,.F.);
#1268=ORIENTED_EDGE('',*,*,#969,.T.);
#1269=ORIENTED_EDGE('',*,*,#974,.T.);
#1270=ORIENTED_EDGE('',*,*,#975,.F.);
#1271=ORIENTED_EDGE('',*,*,#976,.F.);
#1272=ORIENTED_EDGE('',*,*,#972,.T.);
#1273=ORIENTED_EDGE('',*,*,#977,.T.);
#1274=ORIENTED_EDGE('',*,*,#978,.F.);
#1275=ORIENTED_EDGE('',*,*,#979,.F.);
#1276=ORIENTED_EDGE('',*,*,#975,.T.);
#1277=ORIENTED_EDGE('',*,*,#980,.T.);
#1278=ORIENTED_EDGE('',*,*,#938,.F.);
#1279=ORIENTED_EDGE('',*,*,#981,.F.);
#1280=ORIENTED_EDGE('',*,*,#978,.T.);
#1281=ORIENTED_EDGE('',*,*,#953,.T.);
#1282=ORIENTED_EDGE('',*,*,#967,.T.);
#1283=ORIENTED_EDGE('',*,*,#970,.T.);
#1284=ORIENTED_EDGE('',*,*,#973,.T.);
#1285=ORIENTED_EDGE('',*,*,#976,.T.);
#1286=ORIENTED_EDGE('',*,*,#979,.T.);
#1287=ORIENTED_EDGE('',*,*,#981,.T.);
#1288=ORIENTED_EDGE('',*,*,#937,.T.);
#1289=ORIENTED_EDGE('',*,*,#941,.T.);
#1290=ORIENTED_EDGE('',*,*,#944,.T.);
#1291=ORIENTED_EDGE('',*,*,#947,.T.);
#1292=ORIENTED_EDGE('',*,*,#950,.T.);
#1293=ORIENTED_EDGE('',*,*,#934,.T.);
#1294=ORIENTED_EDGE('',*,*,#956,.T.);
#1295=ORIENTED_EDGE('',*,*,#959,.T.);
#1296=ORIENTED_EDGE('',*,*,#962,.T.);
#1297=ORIENTED_EDGE('',*,*,#964,.T.);
#1298=ORIENTED_EDGE('',*,*,#924,.T.);
#1299=ORIENTED_EDGE('',*,*,#928,.T.);
#1300=ORIENTED_EDGE('',*,*,#931,.T.);
#1301=ORIENTED_EDGE('',*,*,#965,.F.);
#1302=ORIENTED_EDGE('',*,*,#951,.F.);
#1303=ORIENTED_EDGE('',*,*,#948,.F.);
#1304=ORIENTED_EDGE('',*,*,#945,.F.);
#1305=ORIENTED_EDGE('',*,*,#942,.F.);
#1306=ORIENTED_EDGE('',*,*,#939,.F.);
#1307=ORIENTED_EDGE('',*,*,#935,.F.);
#1308=ORIENTED_EDGE('',*,*,#980,.F.);
#1309=ORIENTED_EDGE('',*,*,#977,.F.);
#1310=ORIENTED_EDGE('',*,*,#974,.F.);
#1311=ORIENTED_EDGE('',*,*,#971,.F.);
#1312=ORIENTED_EDGE('',*,*,#968,.F.);
#1313=ORIENTED_EDGE('',*,*,#954,.F.);
#1314=ORIENTED_EDGE('',*,*,#932,.F.);
#1315=ORIENTED_EDGE('',*,*,#929,.F.);
#1316=ORIENTED_EDGE('',*,*,#926,.F.);
#1317=ORIENTED_EDGE('',*,*,#922,.F.);
#1318=ORIENTED_EDGE('',*,*,#963,.F.);
#1319=ORIENTED_EDGE('',*,*,#960,.F.);
#1320=ORIENTED_EDGE('',*,*,#957,.F.);
#1321=ORIENTED_EDGE('',*,*,#982,.T.);
#1322=ORIENTED_EDGE('',*,*,#983,.F.);
#1323=ORIENTED_EDGE('',*,*,#984,.F.);
#1324=ORIENTED_EDGE('',*,*,#985,.T.);
#1325=ORIENTED_EDGE('',*,*,#986,.T.);
#1326=ORIENTED_EDGE('',*,*,#987,.F.);
#1327=ORIENTED_EDGE('',*,*,#988,.F.);
#1328=ORIENTED_EDGE('',*,*,#983,.T.);
#1329=ORIENTED_EDGE('',*,*,#989,.T.);
#1330=ORIENTED_EDGE('',*,*,#990,.F.);
#1331=ORIENTED_EDGE('',*,*,#991,.F.);
#1332=ORIENTED_EDGE('',*,*,#987,.T.);
#1333=ORIENTED_EDGE('',*,*,#992,.T.);
#1334=ORIENTED_EDGE('',*,*,#985,.F.);
#1335=ORIENTED_EDGE('',*,*,#993,.F.);
#1336=ORIENTED_EDGE('',*,*,#990,.T.);
#1337=ORIENTED_EDGE('',*,*,#988,.T.);
#1338=ORIENTED_EDGE('',*,*,#991,.T.);
#1339=ORIENTED_EDGE('',*,*,#993,.T.);
#1340=ORIENTED_EDGE('',*,*,#984,.T.);
#1341=ORIENTED_EDGE('',*,*,#989,.F.);
#1342=ORIENTED_EDGE('',*,*,#986,.F.);
#1343=ORIENTED_EDGE('',*,*,#982,.F.);
#1344=ORIENTED_EDGE('',*,*,#992,.F.);
#1345=ORIENTED_EDGE('',*,*,#994,.T.);
#1346=ORIENTED_EDGE('',*,*,#995,.F.);
#1347=ORIENTED_EDGE('',*,*,#996,.F.);
#1348=ORIENTED_EDGE('',*,*,#997,.T.);
#1349=ORIENTED_EDGE('',*,*,#998,.T.);
#1350=ORIENTED_EDGE('',*,*,#999,.F.);
#1351=ORIENTED_EDGE('',*,*,#1000,.F.);
#1352=ORIENTED_EDGE('',*,*,#1001,.T.);
#1353=ORIENTED_EDGE('',*,*,#1002,.T.);
#1354=ORIENTED_EDGE('',*,*,#1003,.F.);
#1355=ORIENTED_EDGE('',*,*,#1004,.F.);
#1356=ORIENTED_EDGE('',*,*,#999,.T.);
#1357=ORIENTED_EDGE('',*,*,#1005,.T.);
#1358=ORIENTED_EDGE('',*,*,#1006,.F.);
#1359=ORIENTED_EDGE('',*,*,#1007,.F.);
#1360=ORIENTED_EDGE('',*,*,#1003,.T.);
#1361=ORIENTED_EDGE('',*,*,#1008,.T.);
#1362=ORIENTED_EDGE('',*,*,#1009,.F.);
#1363=ORIENTED_EDGE('',*,*,#1010,.F.);
#1364=ORIENTED_EDGE('',*,*,#1006,.T.);
#1365=ORIENTED_EDGE('',*,*,#1011,.T.);
#1366=ORIENTED_EDGE('',*,*,#1012,.F.);
#1367=ORIENTED_EDGE('',*,*,#1013,.F.);
#1368=ORIENTED_EDGE('',*,*,#1009,.T.);
#1369=ORIENTED_EDGE('',*,*,#1014,.T.);
#1370=ORIENTED_EDGE('',*,*,#1015,.F.);
#1371=ORIENTED_EDGE('',*,*,#1016,.F.);
#1372=ORIENTED_EDGE('',*,*,#995,.T.);
#1373=ORIENTED_EDGE('',*,*,#1017,.T.);
#1374=ORIENTED_EDGE('',*,*,#997,.F.);
#1375=ORIENTED_EDGE('',*,*,#1018,.F.);
#1376=ORIENTED_EDGE('',*,*,#1015,.T.);
#1377=ORIENTED_EDGE('',*,*,#1019,.T.);
#1378=ORIENTED_EDGE('',*,*,#1020,.F.);
#1379=ORIENTED_EDGE('',*,*,#1021,.F.);
#1380=ORIENTED_EDGE('',*,*,#1012,.T.);
#1381=ORIENTED_EDGE('',*,*,#1022,.T.);
#1382=ORIENTED_EDGE('',*,*,#1023,.F.);
#1383=ORIENTED_EDGE('',*,*,#1024,.F.);
#1384=ORIENTED_EDGE('',*,*,#1020,.T.);
#1385=ORIENTED_EDGE('',*,*,#1025,.T.);
#1386=ORIENTED_EDGE('',*,*,#1026,.F.);
#1387=ORIENTED_EDGE('',*,*,#1027,.F.);
#1388=ORIENTED_EDGE('',*,*,#1023,.T.);
#1389=ORIENTED_EDGE('',*,*,#1028,.T.);
#1390=ORIENTED_EDGE('',*,*,#1029,.F.);
#1391=ORIENTED_EDGE('',*,*,#1030,.F.);
#1392=ORIENTED_EDGE('',*,*,#1026,.T.);
#1393=ORIENTED_EDGE('',*,*,#1031,.T.);
#1394=ORIENTED_EDGE('',*,*,#1032,.F.);
#1395=ORIENTED_EDGE('',*,*,#1033,.F.);
#1396=ORIENTED_EDGE('',*,*,#1029,.T.);
#1397=ORIENTED_EDGE('',*,*,#1034,.T.);
#1398=ORIENTED_EDGE('',*,*,#1001,.F.);
#1399=ORIENTED_EDGE('',*,*,#1035,.F.);
#1400=ORIENTED_EDGE('',*,*,#1032,.T.);
#1401=ORIENTED_EDGE('',*,*,#1013,.T.);
#1402=ORIENTED_EDGE('',*,*,#1021,.T.);
#1403=ORIENTED_EDGE('',*,*,#1024,.T.);
#1404=ORIENTED_EDGE('',*,*,#1027,.T.);
#1405=ORIENTED_EDGE('',*,*,#1030,.T.);
#1406=ORIENTED_EDGE('',*,*,#1033,.T.);
#1407=ORIENTED_EDGE('',*,*,#1035,.T.);
#1408=ORIENTED_EDGE('',*,*,#1000,.T.);
#1409=ORIENTED_EDGE('',*,*,#1004,.T.);
#1410=ORIENTED_EDGE('',*,*,#1007,.T.);
#1411=ORIENTED_EDGE('',*,*,#1010,.T.);
#1412=ORIENTED_EDGE('',*,*,#996,.T.);
#1413=ORIENTED_EDGE('',*,*,#1016,.T.);
#1414=ORIENTED_EDGE('',*,*,#1018,.T.);
#1415=ORIENTED_EDGE('',*,*,#1019,.F.);
#1416=ORIENTED_EDGE('',*,*,#1011,.F.);
#1417=ORIENTED_EDGE('',*,*,#1008,.F.);
#1418=ORIENTED_EDGE('',*,*,#1005,.F.);
#1419=ORIENTED_EDGE('',*,*,#1002,.F.);
#1420=ORIENTED_EDGE('',*,*,#998,.F.);
#1421=ORIENTED_EDGE('',*,*,#1034,.F.);
#1422=ORIENTED_EDGE('',*,*,#1031,.F.);
#1423=ORIENTED_EDGE('',*,*,#1028,.F.);
#1424=ORIENTED_EDGE('',*,*,#1025,.F.);
#1425=ORIENTED_EDGE('',*,*,#1022,.F.);
#1426=ORIENTED_EDGE('',*,*,#1014,.F.);
#1427=ORIENTED_EDGE('',*,*,#994,.F.);
#1428=ORIENTED_EDGE('',*,*,#1017,.F.);
#1429=ORIENTED_EDGE('',*,*,#1036,.F.);
#1430=ORIENTED_EDGE('',*,*,#1037,.F.);
#1431=ORIENTED_EDGE('',*,*,#1038,.F.);
#1432=ORIENTED_EDGE('',*,*,#1039,.T.);
#1433=ORIENTED_EDGE('',*,*,#1040,.F.);
#1434=ORIENTED_EDGE('',*,*,#1039,.F.);
#1435=ORIENTED_EDGE('',*,*,#1041,.F.);
#1436=ORIENTED_EDGE('',*,*,#1042,.T.);
#1437=ORIENTED_EDGE('',*,*,#1043,.F.);
#1438=ORIENTED_EDGE('',*,*,#1042,.F.);
#1439=ORIENTED_EDGE('',*,*,#1044,.F.);
#1440=ORIENTED_EDGE('',*,*,#1037,.T.);
#1441=ORIENTED_EDGE('',*,*,#1040,.T.);
#1442=ORIENTED_EDGE('',*,*,#1043,.T.);
#1443=ORIENTED_EDGE('',*,*,#1036,.T.);
#1444=ORIENTED_EDGE('',*,*,#1041,.T.);
#1445=ORIENTED_EDGE('',*,*,#1038,.T.);
#1446=ORIENTED_EDGE('',*,*,#1044,.T.);
#1447=ORIENTED_EDGE('',*,*,#1045,.T.);
#1448=ORIENTED_EDGE('',*,*,#1046,.T.);
#1449=ORIENTED_EDGE('',*,*,#1047,.T.);
#1450=ORIENTED_EDGE('',*,*,#1048,.T.);
#1451=ORIENTED_EDGE('',*,*,#1049,.F.);
#1452=ORIENTED_EDGE('',*,*,#1050,.T.);
#1453=ORIENTED_EDGE('',*,*,#1051,.T.);
#1454=ORIENTED_EDGE('',*,*,#1052,.F.);
#1455=ORIENTED_EDGE('',*,*,#1053,.F.);
#1456=ORIENTED_EDGE('',*,*,#1054,.T.);
#1457=ORIENTED_EDGE('',*,*,#1045,.F.);
#1458=ORIENTED_EDGE('',*,*,#1055,.F.);
#1459=ORIENTED_EDGE('',*,*,#1056,.T.);
#1460=ORIENTED_EDGE('',*,*,#1057,.T.);
#1461=ORIENTED_EDGE('',*,*,#1046,.F.);
#1462=ORIENTED_EDGE('',*,*,#1054,.F.);
#1463=ORIENTED_EDGE('',*,*,#1058,.F.);
#1464=ORIENTED_EDGE('',*,*,#1059,.T.);
#1465=ORIENTED_EDGE('',*,*,#1047,.F.);
#1466=ORIENTED_EDGE('',*,*,#1057,.F.);
#1467=ORIENTED_EDGE('',*,*,#1060,.F.);
#1468=ORIENTED_EDGE('',*,*,#1061,.T.);
#1469=ORIENTED_EDGE('',*,*,#1062,.T.);
#1470=ORIENTED_EDGE('',*,*,#1063,.F.);
#1471=ORIENTED_EDGE('',*,*,#1064,.F.);
#1472=ORIENTED_EDGE('',*,*,#1055,.T.);
#1473=ORIENTED_EDGE('',*,*,#1048,.F.);
#1474=ORIENTED_EDGE('',*,*,#1059,.F.);
#1475=ORIENTED_EDGE('',*,*,#1065,.F.);
#1476=ORIENTED_EDGE('',*,*,#1062,.F.);
#1477=ORIENTED_EDGE('',*,*,#1066,.F.);
#1478=ORIENTED_EDGE('',*,*,#1051,.F.);
#1479=ORIENTED_EDGE('',*,*,#1067,.F.);
#1480=ORIENTED_EDGE('',*,*,#1065,.T.);
#1481=ORIENTED_EDGE('',*,*,#1050,.F.);
#1482=ORIENTED_EDGE('',*,*,#1068,.F.);
#1483=ORIENTED_EDGE('',*,*,#1063,.T.);
#1484=ORIENTED_EDGE('',*,*,#1067,.T.);
#1485=ORIENTED_EDGE('',*,*,#1069,.T.);
#1486=ORIENTED_EDGE('',*,*,#1070,.F.);
#1487=ORIENTED_EDGE('',*,*,#1069,.F.);
#1488=ORIENTED_EDGE('',*,*,#1071,.F.);
#1489=ORIENTED_EDGE('',*,*,#1052,.T.);
#1490=ORIENTED_EDGE('',*,*,#1066,.T.);
#1491=ORIENTED_EDGE('',*,*,#1061,.F.);
#1492=ORIENTED_EDGE('',*,*,#1049,.T.);
#1493=ORIENTED_EDGE('',*,*,#1064,.T.);
#1494=ORIENTED_EDGE('',*,*,#1058,.T.);
#1495=ORIENTED_EDGE('',*,*,#1068,.T.);
#1496=ORIENTED_EDGE('',*,*,#1072,.T.);
#1497=ORIENTED_EDGE('',*,*,#1073,.T.);
#1498=ORIENTED_EDGE('',*,*,#1074,.T.);
#1499=ORIENTED_EDGE('',*,*,#1075,.T.);
#1500=ORIENTED_EDGE('',*,*,#1076,.T.);
#1501=ORIENTED_EDGE('',*,*,#1077,.T.);
#1502=ORIENTED_EDGE('',*,*,#1078,.T.);
#1503=ORIENTED_EDGE('',*,*,#1079,.T.);
#1504=ORIENTED_EDGE('',*,*,#1080,.T.);
#1505=ORIENTED_EDGE('',*,*,#1081,.T.);
#1506=ORIENTED_EDGE('',*,*,#1082,.T.);
#1507=ORIENTED_EDGE('',*,*,#1083,.T.);
#1508=ORIENTED_EDGE('',*,*,#1084,.T.);
#1509=ORIENTED_EDGE('',*,*,#1085,.T.);
#1510=ORIENTED_EDGE('',*,*,#1086,.T.);
#1511=ORIENTED_EDGE('',*,*,#1087,.T.);
#1512=ORIENTED_EDGE('',*,*,#1088,.T.);
#1513=ORIENTED_EDGE('',*,*,#1089,.T.);
#1514=ORIENTED_EDGE('',*,*,#1090,.T.);
#1515=ORIENTED_EDGE('',*,*,#1091,.T.);
#1516=ORIENTED_EDGE('',*,*,#1092,.T.);
#1517=ORIENTED_EDGE('',*,*,#1093,.T.);
#1518=ORIENTED_EDGE('',*,*,#1094,.T.);
#1519=ORIENTED_EDGE('',*,*,#1095,.T.);
#1520=ORIENTED_EDGE('',*,*,#1096,.T.);
#1521=ORIENTED_EDGE('',*,*,#1097,.T.);
#1522=ORIENTED_EDGE('',*,*,#1098,.T.);
#1523=ORIENTED_EDGE('',*,*,#1070,.T.);
#1524=ORIENTED_EDGE('',*,*,#1056,.F.);
#1525=ORIENTED_EDGE('',*,*,#1053,.T.);
#1526=ORIENTED_EDGE('',*,*,#1071,.T.);
#1527=ORIENTED_EDGE('',*,*,#1060,.T.);
#1528=ORIENTED_EDGE('',*,*,#1099,.T.);
#1529=ORIENTED_EDGE('',*,*,#1100,.T.);
#1530=ORIENTED_EDGE('',*,*,#1101,.T.);
#1531=ORIENTED_EDGE('',*,*,#1102,.T.);
#1532=ORIENTED_EDGE('',*,*,#1103,.T.);
#1533=ORIENTED_EDGE('',*,*,#1104,.T.);
#1534=ORIENTED_EDGE('',*,*,#1105,.T.);
#1535=ORIENTED_EDGE('',*,*,#1106,.T.);
#1536=ORIENTED_EDGE('',*,*,#1107,.T.);
#1537=ORIENTED_EDGE('',*,*,#1108,.T.);
#1538=ORIENTED_EDGE('',*,*,#1109,.T.);
#1539=ORIENTED_EDGE('',*,*,#1110,.T.);
#1540=ORIENTED_EDGE('',*,*,#1111,.T.);
#1541=ORIENTED_EDGE('',*,*,#1112,.T.);
#1542=ORIENTED_EDGE('',*,*,#1113,.T.);
#1543=ORIENTED_EDGE('',*,*,#1114,.T.);
#1544=ORIENTED_EDGE('',*,*,#1115,.T.);
#1545=ORIENTED_EDGE('',*,*,#1116,.T.);
#1546=ORIENTED_EDGE('',*,*,#1117,.T.);
#1547=ORIENTED_EDGE('',*,*,#1118,.T.);
#1548=ORIENTED_EDGE('',*,*,#1119,.T.);
#1549=ORIENTED_EDGE('',*,*,#1120,.T.);
#1550=ORIENTED_EDGE('',*,*,#1121,.T.);
#1551=ORIENTED_EDGE('',*,*,#1122,.T.);
#1552=ORIENTED_EDGE('',*,*,#1123,.T.);
#1553=ORIENTED_EDGE('',*,*,#1124,.T.);
#1554=ORIENTED_EDGE('',*,*,#1125,.T.);
#1555=ORIENTED_EDGE('',*,*,#1120,.F.);
#1556=ORIENTED_EDGE('',*,*,#1126,.F.);
#1557=ORIENTED_EDGE('',*,*,#1094,.F.);
#1558=ORIENTED_EDGE('',*,*,#1127,.T.);
#1559=ORIENTED_EDGE('',*,*,#1119,.F.);
#1560=ORIENTED_EDGE('',*,*,#1128,.F.);
#1561=ORIENTED_EDGE('',*,*,#1095,.F.);
#1562=ORIENTED_EDGE('',*,*,#1126,.T.);
#1563=ORIENTED_EDGE('',*,*,#1118,.F.);
#1564=ORIENTED_EDGE('',*,*,#1129,.F.);
#1565=ORIENTED_EDGE('',*,*,#1096,.F.);
#1566=ORIENTED_EDGE('',*,*,#1128,.T.);
#1567=ORIENTED_EDGE('',*,*,#1117,.F.);
#1568=ORIENTED_EDGE('',*,*,#1130,.F.);
#1569=ORIENTED_EDGE('',*,*,#1097,.F.);
#1570=ORIENTED_EDGE('',*,*,#1129,.T.);
#1571=ORIENTED_EDGE('',*,*,#1116,.F.);
#1572=ORIENTED_EDGE('',*,*,#1131,.F.);
#1573=ORIENTED_EDGE('',*,*,#1098,.F.);
#1574=ORIENTED_EDGE('',*,*,#1130,.T.);
#1575=ORIENTED_EDGE('',*,*,#1115,.F.);
#1576=ORIENTED_EDGE('',*,*,#1132,.F.);
#1577=ORIENTED_EDGE('',*,*,#1088,.F.);
#1578=ORIENTED_EDGE('',*,*,#1131,.T.);
#1579=ORIENTED_EDGE('',*,*,#1125,.F.);
#1580=ORIENTED_EDGE('',*,*,#1133,.F.);
#1581=ORIENTED_EDGE('',*,*,#1089,.F.);
#1582=ORIENTED_EDGE('',*,*,#1132,.T.);
#1583=ORIENTED_EDGE('',*,*,#1124,.F.);
#1584=ORIENTED_EDGE('',*,*,#1134,.F.);
#1585=ORIENTED_EDGE('',*,*,#1090,.F.);
#1586=ORIENTED_EDGE('',*,*,#1133,.T.);
#1587=ORIENTED_EDGE('',*,*,#1123,.F.);
#1588=ORIENTED_EDGE('',*,*,#1135,.F.);
#1589=ORIENTED_EDGE('',*,*,#1091,.F.);
#1590=ORIENTED_EDGE('',*,*,#1134,.T.);
#1591=ORIENTED_EDGE('',*,*,#1122,.F.);
#1592=ORIENTED_EDGE('',*,*,#1136,.F.);
#1593=ORIENTED_EDGE('',*,*,#1092,.F.);
#1594=ORIENTED_EDGE('',*,*,#1135,.T.);
#1595=ORIENTED_EDGE('',*,*,#1121,.F.);
#1596=ORIENTED_EDGE('',*,*,#1127,.F.);
#1597=ORIENTED_EDGE('',*,*,#1093,.F.);
#1598=ORIENTED_EDGE('',*,*,#1136,.T.);
#1599=ORIENTED_EDGE('',*,*,#1112,.F.);
#1600=ORIENTED_EDGE('',*,*,#1137,.F.);
#1601=ORIENTED_EDGE('',*,*,#1087,.F.);
#1602=ORIENTED_EDGE('',*,*,#1138,.T.);
#1603=ORIENTED_EDGE('',*,*,#1111,.F.);
#1604=ORIENTED_EDGE('',*,*,#1139,.F.);
#1605=ORIENTED_EDGE('',*,*,#1084,.F.);
#1606=ORIENTED_EDGE('',*,*,#1137,.T.);
#1607=ORIENTED_EDGE('',*,*,#1114,.F.);
#1608=ORIENTED_EDGE('',*,*,#1140,.F.);
#1609=ORIENTED_EDGE('',*,*,#1085,.F.);
#1610=ORIENTED_EDGE('',*,*,#1139,.T.);
#1611=ORIENTED_EDGE('',*,*,#1113,.F.);
#1612=ORIENTED_EDGE('',*,*,#1138,.F.);
#1613=ORIENTED_EDGE('',*,*,#1086,.F.);
#1614=ORIENTED_EDGE('',*,*,#1140,.T.);
#1615=ORIENTED_EDGE('',*,*,#1104,.F.);
#1616=ORIENTED_EDGE('',*,*,#1141,.F.);
#1617=ORIENTED_EDGE('',*,*,#1079,.F.);
#1618=ORIENTED_EDGE('',*,*,#1142,.T.);
#1619=ORIENTED_EDGE('',*,*,#1103,.F.);
#1620=ORIENTED_EDGE('',*,*,#1143,.F.);
#1621=ORIENTED_EDGE('',*,*,#1080,.F.);
#1622=ORIENTED_EDGE('',*,*,#1141,.T.);
#1623=ORIENTED_EDGE('',*,*,#1102,.F.);
#1624=ORIENTED_EDGE('',*,*,#1144,.F.);
#1625=ORIENTED_EDGE('',*,*,#1081,.F.);
#1626=ORIENTED_EDGE('',*,*,#1143,.T.);
#1627=ORIENTED_EDGE('',*,*,#1101,.F.);
#1628=ORIENTED_EDGE('',*,*,#1145,.F.);
#1629=ORIENTED_EDGE('',*,*,#1082,.F.);
#1630=ORIENTED_EDGE('',*,*,#1144,.T.);
#1631=ORIENTED_EDGE('',*,*,#1100,.F.);
#1632=ORIENTED_EDGE('',*,*,#1146,.F.);
#1633=ORIENTED_EDGE('',*,*,#1083,.F.);
#1634=ORIENTED_EDGE('',*,*,#1145,.T.);
#1635=ORIENTED_EDGE('',*,*,#1099,.F.);
#1636=ORIENTED_EDGE('',*,*,#1147,.F.);
#1637=ORIENTED_EDGE('',*,*,#1072,.F.);
#1638=ORIENTED_EDGE('',*,*,#1146,.T.);
#1639=ORIENTED_EDGE('',*,*,#1110,.F.);
#1640=ORIENTED_EDGE('',*,*,#1148,.F.);
#1641=ORIENTED_EDGE('',*,*,#1073,.F.);
#1642=ORIENTED_EDGE('',*,*,#1147,.T.);
#1643=ORIENTED_EDGE('',*,*,#1109,.F.);
#1644=ORIENTED_EDGE('',*,*,#1149,.F.);
#1645=ORIENTED_EDGE('',*,*,#1074,.F.);
#1646=ORIENTED_EDGE('',*,*,#1148,.T.);
#1647=ORIENTED_EDGE('',*,*,#1108,.F.);
#1648=ORIENTED_EDGE('',*,*,#1150,.F.);
#1649=ORIENTED_EDGE('',*,*,#1075,.F.);
#1650=ORIENTED_EDGE('',*,*,#1149,.T.);
#1651=ORIENTED_EDGE('',*,*,#1107,.F.);
#1652=ORIENTED_EDGE('',*,*,#1151,.F.);
#1653=ORIENTED_EDGE('',*,*,#1076,.F.);
#1654=ORIENTED_EDGE('',*,*,#1150,.T.);
#1655=ORIENTED_EDGE('',*,*,#1106,.F.);
#1656=ORIENTED_EDGE('',*,*,#1152,.F.);
#1657=ORIENTED_EDGE('',*,*,#1077,.F.);
#1658=ORIENTED_EDGE('',*,*,#1151,.T.);
#1659=ORIENTED_EDGE('',*,*,#1105,.F.);
#1660=ORIENTED_EDGE('',*,*,#1142,.F.);
#1661=ORIENTED_EDGE('',*,*,#1078,.F.);
#1662=ORIENTED_EDGE('',*,*,#1152,.T.);
#1663=B_SPLINE_SURFACE_WITH_KNOTS('',3,1,((#2172,#2173),(#2174,#2175),(#2176,
#2177),(#2178,#2179),(#2180,#2181)),.UNSPECIFIED.,.F.,.F.,.F.,(4,1,4),(2,
2),(-0.336006008242764,-0.205995755633303,0.),(0.,0.55),.UNSPECIFIED.);
#1664=B_SPLINE_SURFACE_WITH_KNOTS('',3,1,((#2200,#2201),(#2202,#2203),(#2204,
#2205),(#2206,#2207),(#2208,#2209)),.UNSPECIFIED.,.F.,.F.,.F.,(4,1,4),(2,
2),(-0.170291808629417,-0.0888519269407369,0.),(0.,0.55),.UNSPECIFIED.);
#1665=B_SPLINE_SURFACE_WITH_KNOTS('',3,1,((#2225,#2226),(#2227,#2228),(#2229,
#2230),(#2231,#2232),(#2233,#2234)),.UNSPECIFIED.,.F.,.F.,.F.,(4,1,4),(2,
2),(-0.157930495414354,-0.078136643188655,0.),(0.,0.55),.UNSPECIFIED.);
#1666=B_SPLINE_SURFACE_WITH_KNOTS('',3,1,((#2250,#2251),(#2252,#2253),(#2254,
#2255),(#2256,#2257),(#2258,#2259)),.UNSPECIFIED.,.F.,.F.,.F.,(4,1,4),(2,
2),(-0.346684596116817,-0.138541975825829,0.),(0.,0.55),.UNSPECIFIED.);
#1667=B_SPLINE_SURFACE_WITH_KNOTS('',3,1,((#2275,#2276),(#2277,#2278),(#2279,
#2280),(#2281,#2282),(#2283,#2284)),.UNSPECIFIED.,.F.,.F.,.F.,(4,1,4),(2,
2),(-0.335661090651214,-0.205570450211937,0.),(0.,0.55),.UNSPECIFIED.);
#1668=B_SPLINE_SURFACE_WITH_KNOTS('',3,1,((#2300,#2301),(#2302,#2303),(#2304,
#2305),(#2306,#2307),(#2308,#2309)),.UNSPECIFIED.,.F.,.F.,.F.,(4,1,4),(2,
2),(-0.169250676984269,-0.0887796174688742,0.),(0.,0.55),.UNSPECIFIED.);
#1669=B_SPLINE_SURFACE_WITH_KNOTS('',3,1,((#2325,#2326),(#2327,#2328),(#2329,
#2330),(#2331,#2332),(#2333,#2334)),.UNSPECIFIED.,.F.,.F.,.F.,(4,1,4),(2,
2),(-0.169448749761436,-0.0804926866743731,0.),(0.,0.55),.UNSPECIFIED.);
#1670=B_SPLINE_SURFACE_WITH_KNOTS('',3,1,((#2350,#2351),(#2352,#2353),(#2354,
#2355),(#2356,#2357),(#2358,#2359)),.UNSPECIFIED.,.F.,.F.,.F.,(4,1,4),(2,
2),(-0.335316243028855,-0.130171034435911,0.),(0.,0.55),.UNSPECIFIED.);
#1671=B_SPLINE_SURFACE_WITH_KNOTS('',3,1,((#2374,#2375),(#2376,#2377),(#2378,
#2379),(#2380,#2381),(#2382,#2383)),.UNSPECIFIED.,.F.,.F.,.F.,(4,1,4),(2,
2),(-0.336006008242764,-0.205995755633303,0.),(0.,0.066),.UNSPECIFIED.);
#1672=B_SPLINE_SURFACE_WITH_KNOTS('',3,1,((#2402,#2403),(#2404,#2405),(#2406,
#2407),(#2408,#2409),(#2410,#2411)),.UNSPECIFIED.,.F.,.F.,.F.,(4,1,4),(2,
2),(-0.170291808629417,-0.0888519269407369,0.),(0.,0.066),.UNSPECIFIED.);
#1673=B_SPLINE_SURFACE_WITH_KNOTS('',3,1,((#2427,#2428),(#2429,#2430),(#2431,
#2432),(#2433,#2434),(#2435,#2436)),.UNSPECIFIED.,.F.,.F.,.F.,(4,1,4),(2,
2),(-0.157930495414354,-0.078136643188655,0.),(0.,0.066),.UNSPECIFIED.);
#1674=B_SPLINE_SURFACE_WITH_KNOTS('',3,1,((#2452,#2453),(#2454,#2455),(#2456,
#2457),(#2458,#2459),(#2460,#2461)),.UNSPECIFIED.,.F.,.F.,.F.,(4,1,4),(2,
2),(-0.346684596116817,-0.138541975825829,0.),(0.,0.066),.UNSPECIFIED.);
#1675=B_SPLINE_SURFACE_WITH_KNOTS('',3,1,((#2477,#2478),(#2479,#2480),(#2481,
#2482),(#2483,#2484),(#2485,#2486)),.UNSPECIFIED.,.F.,.F.,.F.,(4,1,4),(2,
2),(-0.237851593185911,-0.104291649604622,0.),(0.,0.066),.UNSPECIFIED.);
#1676=B_SPLINE_SURFACE_WITH_KNOTS('',3,1,((#2505,#2506),(#2507,#2508),(#2509,
#2510),(#2511,#2512),(#2513,#2514)),.UNSPECIFIED.,.F.,.F.,.F.,(4,1,4),(2,
2),(-0.287268142291038,-0.159277775532396,0.),(0.,0.066),.UNSPECIFIED.);
#1677=B_SPLINE_SURFACE_WITH_KNOTS('',3,1,((#2530,#2531),(#2532,#2533),(#2534,
#2535),(#2536,#2537),(#2538,#2539)),.UNSPECIFIED.,.F.,.F.,.F.,(4,1,4),(2,
2),(-0.201062870438113,-0.105922809435188,0.),(0.,0.066),.UNSPECIFIED.);
#1678=B_SPLINE_SURFACE_WITH_KNOTS('',3,1,((#2555,#2556),(#2557,#2558),(#2559,
#2560),(#2561,#2562),(#2563,#2564)),.UNSPECIFIED.,.F.,.F.,.F.,(4,1,4),(2,
2),(-0.194113498533806,-0.0926770739647712,0.),(0.,0.066),.UNSPECIFIED.);
#1679=B_SPLINE_SURFACE_WITH_KNOTS('',3,1,((#2580,#2581),(#2582,#2583),(#2584,
#2585),(#2586,#2587),(#2588,#2589)),.UNSPECIFIED.,.F.,.F.,.F.,(4,1,4),(2,
2),(-0.256817342867918,-0.131669362589219,0.),(0.,0.066),.UNSPECIFIED.);
#1680=B_SPLINE_SURFACE_WITH_KNOTS('',3,1,((#2605,#2606),(#2607,#2608),(#2609,
#2610),(#2611,#2612),(#2613,#2614)),.UNSPECIFIED.,.F.,.F.,.F.,(4,1,4),(2,
2),(-0.423798123082955,-0.180044075966027,0.),(0.,0.066),.UNSPECIFIED.);
#1681=B_SPLINE_SURFACE_WITH_KNOTS('',3,1,((#2630,#2631),(#2632,#2633),(#2634,
#2635),(#2636,#2637),(#2638,#2639)),.UNSPECIFIED.,.F.,.F.,.F.,(4,1,4),(2,
2),(-0.335661090651214,-0.205570450211937,0.),(0.,0.066),.UNSPECIFIED.);
#1682=B_SPLINE_SURFACE_WITH_KNOTS('',3,1,((#2655,#2656),(#2657,#2658),(#2659,
#2660),(#2661,#2662),(#2663,#2664)),.UNSPECIFIED.,.F.,.F.,.F.,(4,1,4),(2,
2),(-0.169250676984269,-0.0887796174688742,0.),(0.,0.066),.UNSPECIFIED.);
#1683=B_SPLINE_SURFACE_WITH_KNOTS('',3,1,((#2680,#2681),(#2682,#2683),(#2684,
#2685),(#2686,#2687),(#2688,#2689)),.UNSPECIFIED.,.F.,.F.,.F.,(4,1,4),(2,
2),(-0.169448749761436,-0.0804926866743731,0.),(0.,0.066),.UNSPECIFIED.);
#1684=B_SPLINE_SURFACE_WITH_KNOTS('',3,1,((#2705,#2706),(#2707,#2708),(#2709,
#2710),(#2711,#2712),(#2713,#2714)),.UNSPECIFIED.,.F.,.F.,.F.,(4,1,4),(2,
2),(-0.335316243028855,-0.130171034435911,0.),(0.,0.066),.UNSPECIFIED.);
#1685=B_SPLINE_SURFACE_WITH_KNOTS('',3,1,((#2727,#2728),(#2729,#2730),(#2731,
#2732),(#2733,#2734),(#2735,#2736)),.UNSPECIFIED.,.F.,.F.,.F.,(4,1,4),(2,
2),(-0.288682149480591,-0.160304205420918,0.),(0.,0.066),.UNSPECIFIED.);
#1686=B_SPLINE_SURFACE_WITH_KNOTS('',3,1,((#2752,#2753),(#2754,#2755),(#2756,
#2757),(#2758,#2759),(#2760,#2761)),.UNSPECIFIED.,.F.,.F.,.F.,(4,1,4),(2,
2),(-0.200960170287891,-0.105954942234015,0.),(0.,0.066),.UNSPECIFIED.);
#1687=B_SPLINE_SURFACE_WITH_KNOTS('',3,1,((#2777,#2778),(#2779,#2780),(#2781,
#2782),(#2783,#2784),(#2785,#2786)),.UNSPECIFIED.,.F.,.F.,.F.,(4,1,4),(2,
2),(-0.193322930651753,-0.0924050051278769,0.),(0.,0.066),.UNSPECIFIED.);
#1688=B_SPLINE_SURFACE_WITH_KNOTS('',3,1,((#2801,#2802),(#2803,#2804),(#2805,
#2806),(#2807,#2808),(#2809,#2810)),.UNSPECIFIED.,.F.,.F.,.F.,(4,1,4),(2,
2),(-0.145986469391239,-0.0759788126199147,0.),(0.,0.066),.UNSPECIFIED.);
#1689=B_SPLINE_SURFACE_WITH_KNOTS('',3,1,((#2826,#2827),(#2828,#2829),(#2830,
#2831),(#2832,#2833),(#2834,#2835)),.UNSPECIFIED.,.F.,.F.,.F.,(4,1,4),(2,
2),(-0.138205594222864,-0.0680953743457991,0.),(0.,0.066),.UNSPECIFIED.);
#1690=B_SPLINE_SURFACE_WITH_KNOTS('',3,1,((#2850,#2851),(#2852,#2853),(#2854,
#2855),(#2856,#2857),(#2858,#2859)),.UNSPECIFIED.,.F.,.F.,.F.,(4,1,4),(2,
2),(-0.161664261142133,-0.0763515214853463,0.),(0.,0.066),.UNSPECIFIED.);
#1691=B_SPLINE_SURFACE_WITH_KNOTS('',3,1,((#3320,#3321),(#3322,#3323),(#3324,
#3325),(#3326,#3327),(#3328,#3329)),.UNSPECIFIED.,.F.,.F.,.F.,(4,1,4),(2,
2),(-0.161664261142133,-0.0763515214853463,0.),(0.,0.55),.UNSPECIFIED.);
#1692=B_SPLINE_SURFACE_WITH_KNOTS('',3,1,((#3332,#3333),(#3334,#3335),(#3336,
#3337),(#3338,#3339),(#3340,#3341)),.UNSPECIFIED.,.F.,.F.,.F.,(4,1,4),(2,
2),(-0.138205594222864,-0.0680953743457991,0.),(0.,0.55),.UNSPECIFIED.);
#1693=B_SPLINE_SURFACE_WITH_KNOTS('',3,1,((#3343,#3344),(#3345,#3346),(#3347,
#3348),(#3349,#3350),(#3351,#3352)),.UNSPECIFIED.,.F.,.F.,.F.,(4,1,4),(2,
2),(-0.145986469391239,-0.0759788126199147,0.),(0.,0.55),.UNSPECIFIED.);
#1694=B_SPLINE_SURFACE_WITH_KNOTS('',3,1,((#3354,#3355),(#3356,#3357),(#3358,
#3359),(#3360,#3361),(#3362,#3363)),.UNSPECIFIED.,.F.,.F.,.F.,(4,1,4),(2,
2),(-0.193322930651753,-0.0924050051278769,0.),(0.,0.55),.UNSPECIFIED.);
#1695=B_SPLINE_SURFACE_WITH_KNOTS('',3,1,((#3365,#3366),(#3367,#3368),(#3369,
#3370),(#3371,#3372),(#3373,#3374)),.UNSPECIFIED.,.F.,.F.,.F.,(4,1,4),(2,
2),(-0.200960170287891,-0.105954942234015,0.),(0.,0.55),.UNSPECIFIED.);
#1696=B_SPLINE_SURFACE_WITH_KNOTS('',3,1,((#3376,#3377),(#3378,#3379),(#3380,
#3381),(#3382,#3383),(#3384,#3385)),.UNSPECIFIED.,.F.,.F.,.F.,(4,1,4),(2,
2),(-0.288682149480591,-0.160304205420918,0.),(0.,0.55),.UNSPECIFIED.);
#1697=B_SPLINE_SURFACE_WITH_KNOTS('',3,1,((#3387,#3388),(#3389,#3390),(#3391,
#3392),(#3393,#3394),(#3395,#3396)),.UNSPECIFIED.,.F.,.F.,.F.,(4,1,4),(2,
2),(-0.423798123082955,-0.180044075966027,0.),(0.,0.55),.UNSPECIFIED.);
#1698=B_SPLINE_SURFACE_WITH_KNOTS('',3,1,((#3398,#3399),(#3400,#3401),(#3402,
#3403),(#3404,#3405),(#3406,#3407)),.UNSPECIFIED.,.F.,.F.,.F.,(4,1,4),(2,
2),(-0.256817342867918,-0.131669362589219,0.),(0.,0.55),.UNSPECIFIED.);
#1699=B_SPLINE_SURFACE_WITH_KNOTS('',3,1,((#3409,#3410),(#3411,#3412),(#3413,
#3414),(#3415,#3416),(#3417,#3418)),.UNSPECIFIED.,.F.,.F.,.F.,(4,1,4),(2,
2),(-0.194113498533806,-0.0926770739647712,0.),(0.,0.55),.UNSPECIFIED.);
#1700=B_SPLINE_SURFACE_WITH_KNOTS('',3,1,((#3420,#3421),(#3422,#3423),(#3424,
#3425),(#3426,#3427),(#3428,#3429)),.UNSPECIFIED.,.F.,.F.,.F.,(4,1,4),(2,
2),(-0.201062870438113,-0.105922809435188,0.),(0.,0.55),.UNSPECIFIED.);
#1701=B_SPLINE_SURFACE_WITH_KNOTS('',3,1,((#3431,#3432),(#3433,#3434),(#3435,
#3436),(#3437,#3438),(#3439,#3440)),.UNSPECIFIED.,.F.,.F.,.F.,(4,1,4),(2,
2),(-0.287268142291038,-0.159277775532396,0.),(0.,0.55),.UNSPECIFIED.);
#1702=B_SPLINE_SURFACE_WITH_KNOTS('',3,1,((#3442,#3443),(#3444,#3445),(#3446,
#3447),(#3448,#3449),(#3450,#3451)),.UNSPECIFIED.,.F.,.F.,.F.,(4,1,4),(2,
2),(-0.237851593185911,-0.104291649604622,0.),(0.,0.55),.UNSPECIFIED.);
#1703=ADVANCED_FACE('',(#96),#1663,.F.);
#1704=ADVANCED_FACE('',(#97),#1664,.F.);
#1705=ADVANCED_FACE('',(#98),#1665,.F.);
#1706=ADVANCED_FACE('',(#99),#1666,.F.);
#1707=ADVANCED_FACE('',(#100),#1667,.F.);
#1708=ADVANCED_FACE('',(#101),#1668,.F.);
#1709=ADVANCED_FACE('',(#102),#1669,.F.);
#1710=ADVANCED_FACE('',(#103),#1670,.F.);
#1711=ADVANCED_FACE('',(#104),#40,.T.);
#1712=ADVANCED_FACE('',(#105),#41,.F.);
#1713=ADVANCED_FACE('',(#106),#1671,.T.);
#1714=ADVANCED_FACE('',(#107),#1672,.T.);
#1715=ADVANCED_FACE('',(#108),#1673,.T.);
#1716=ADVANCED_FACE('',(#109),#1674,.T.);
#1717=ADVANCED_FACE('',(#110),#1675,.T.);
#1718=ADVANCED_FACE('',(#111),#1676,.T.);
#1719=ADVANCED_FACE('',(#112),#1677,.T.);
#1720=ADVANCED_FACE('',(#113),#1678,.T.);
#1721=ADVANCED_FACE('',(#114),#1679,.T.);
#1722=ADVANCED_FACE('',(#115),#1680,.T.);
#1723=ADVANCED_FACE('',(#116),#1681,.T.);
#1724=ADVANCED_FACE('',(#117),#1682,.T.);
#1725=ADVANCED_FACE('',(#118),#1683,.T.);
#1726=ADVANCED_FACE('',(#119),#1684,.T.);
#1727=ADVANCED_FACE('',(#120),#1685,.T.);
#1728=ADVANCED_FACE('',(#121),#1686,.T.);
#1729=ADVANCED_FACE('',(#122),#1687,.T.);
#1730=ADVANCED_FACE('',(#123),#1688,.T.);
#1731=ADVANCED_FACE('',(#124),#1689,.T.);
#1732=ADVANCED_FACE('',(#125),#1690,.T.);
#1733=ADVANCED_FACE('',(#126,#16),#42,.F.);
#1734=ADVANCED_FACE('',(#127,#17),#43,.T.);
#1735=ADVANCED_FACE('',(#128),#44,.T.);
#1736=ADVANCED_FACE('',(#129),#45,.T.);
#1737=ADVANCED_FACE('',(#130),#46,.T.);
#1738=ADVANCED_FACE('',(#131),#47,.T.);
#1739=ADVANCED_FACE('',(#132),#48,.F.);
#1740=ADVANCED_FACE('',(#133),#49,.T.);
#1741=ADVANCED_FACE('',(#134),#50,.T.);
#1742=ADVANCED_FACE('',(#135),#51,.T.);
#1743=ADVANCED_FACE('',(#136),#52,.T.);
#1744=ADVANCED_FACE('',(#137),#53,.T.);
#1745=ADVANCED_FACE('',(#138),#54,.T.);
#1746=ADVANCED_FACE('',(#139),#55,.T.);
#1747=ADVANCED_FACE('',(#140),#56,.T.);
#1748=ADVANCED_FACE('',(#141),#57,.T.);
#1749=ADVANCED_FACE('',(#142),#58,.T.);
#1750=ADVANCED_FACE('',(#143),#59,.T.);
#1751=ADVANCED_FACE('',(#144),#60,.T.);
#1752=ADVANCED_FACE('',(#145),#61,.T.);
#1753=ADVANCED_FACE('',(#146),#62,.T.);
#1754=ADVANCED_FACE('',(#147),#63,.T.);
#1755=ADVANCED_FACE('',(#148,#18),#64,.F.);
#1756=ADVANCED_FACE('',(#149,#19),#65,.T.);
#1757=ADVANCED_FACE('',(#150),#66,.F.);
#1758=ADVANCED_FACE('',(#151),#67,.F.);
#1759=ADVANCED_FACE('',(#152),#68,.F.);
#1760=ADVANCED_FACE('',(#153),#69,.T.);
#1761=ADVANCED_FACE('',(#154),#70,.F.);
#1762=ADVANCED_FACE('',(#155),#71,.T.);
#1763=ADVANCED_FACE('',(#156),#72,.T.);
#1764=ADVANCED_FACE('',(#157),#73,.T.);
#1765=ADVANCED_FACE('',(#158),#74,.T.);
#1766=ADVANCED_FACE('',(#159),#75,.T.);
#1767=ADVANCED_FACE('',(#160,#20),#76,.T.);
#1768=ADVANCED_FACE('',(#161),#77,.T.);
#1769=ADVANCED_FACE('',(#162),#13,.F.);
#1770=ADVANCED_FACE('',(#163),#78,.T.);
#1771=ADVANCED_FACE('',(#164,#21,#22,#23,#24),#79,.F.);
#1772=ADVANCED_FACE('',(#165,#25,#26,#27),#80,.T.);
#1773=ADVANCED_FACE('',(#166),#81,.F.);
#1774=ADVANCED_FACE('',(#167),#82,.F.);
#1775=ADVANCED_FACE('',(#168),#83,.F.);
#1776=ADVANCED_FACE('',(#169),#84,.F.);
#1777=ADVANCED_FACE('',(#170),#85,.F.);
#1778=ADVANCED_FACE('',(#171),#86,.F.);
#1779=ADVANCED_FACE('',(#172),#87,.F.);
#1780=ADVANCED_FACE('',(#173),#88,.F.);
#1781=ADVANCED_FACE('',(#174),#89,.F.);
#1782=ADVANCED_FACE('',(#175),#90,.F.);
#1783=ADVANCED_FACE('',(#176),#91,.F.);
#1784=ADVANCED_FACE('',(#177),#92,.F.);
#1785=ADVANCED_FACE('',(#178),#93,.F.);
#1786=ADVANCED_FACE('',(#179),#94,.F.);
#1787=ADVANCED_FACE('',(#180),#95,.F.);
#1788=ADVANCED_FACE('',(#181),#1691,.F.);
#1789=ADVANCED_FACE('',(#182),#1692,.F.);
#1790=ADVANCED_FACE('',(#183),#1693,.F.);
#1791=ADVANCED_FACE('',(#184),#1694,.F.);
#1792=ADVANCED_FACE('',(#185),#1695,.F.);
#1793=ADVANCED_FACE('',(#186),#1696,.F.);
#1794=ADVANCED_FACE('',(#187),#1697,.F.);
#1795=ADVANCED_FACE('',(#188),#1698,.F.);
#1796=ADVANCED_FACE('',(#189),#1699,.F.);
#1797=ADVANCED_FACE('',(#190),#1700,.F.);
#1798=ADVANCED_FACE('',(#191),#1701,.F.);
#1799=ADVANCED_FACE('',(#192),#1702,.F.);
#1800=CLOSED_SHELL('',(#1703,#1704,#1705,#1706,#1707,#1708,#1709,#1710,
#1711,#1712));
#1801=CLOSED_SHELL('',(#1713,#1714,#1715,#1716,#1717,#1718,#1719,#1720,
#1721,#1722,#1723,#1724,#1725,#1726,#1727,#1728,#1729,#1730,#1731,#1732,
#1733,#1734));
#1802=CLOSED_SHELL('',(#1735,#1736,#1737,#1738,#1739,#1740));
#1803=CLOSED_SHELL('',(#1741,#1742,#1743,#1744,#1745,#1746,#1747,#1748,
#1749,#1750,#1751,#1752,#1753,#1754,#1755,#1756));
#1804=CLOSED_SHELL('',(#1757,#1758,#1759,#1760,#1761));
#1805=CLOSED_SHELL('',(#1762,#1763,#1764,#1765,#1766,#1767,#1768,#1769,
#1770,#1771,#1772,#1773,#1774,#1775,#1776,#1777,#1778,#1779,#1780,#1781,
#1782,#1783,#1784,#1785,#1786,#1787,#1788,#1789,#1790,#1791,#1792,#1793,
#1794,#1795,#1796,#1797,#1798,#1799));
#1806=DERIVED_UNIT_ELEMENT(#1808,1.);
#1807=DERIVED_UNIT_ELEMENT(#3457,-3.);
#1808=(
MASS_UNIT()
NAMED_UNIT(*)
SI_UNIT(.KILO.,.GRAM.)
);
#1809=DERIVED_UNIT((#1806,#1807));
#1810=MEASURE_REPRESENTATION_ITEM('density measure',
POSITIVE_RATIO_MEASURE(7850.),#1809);
#1811=PROPERTY_DEFINITION_REPRESENTATION(#1816,#1813);
#1812=PROPERTY_DEFINITION_REPRESENTATION(#1817,#1814);
#1813=REPRESENTATION('material name',(#1815),#3454);
#1814=REPRESENTATION('density',(#1810),#3454);
#1815=DESCRIPTIVE_REPRESENTATION_ITEM('Acciaio','Acciaio');
#1816=PROPERTY_DEFINITION('material property','material name',#3464);
#1817=PROPERTY_DEFINITION('material property','density of part',#3464);
#1818=AXIS2_PLACEMENT_3D('',#2171,#1878,#1879);
#1819=AXIS2_PLACEMENT_3D('',#2372,#1888,#1889);
#1820=AXIS2_PLACEMENT_3D('',#2373,#1890,#1891);
#1821=AXIS2_PLACEMENT_3D('',#2872,#1912,#1913);
#1822=AXIS2_PLACEMENT_3D('',#2873,#1914,#1915);
#1823=AXIS2_PLACEMENT_3D('',#2874,#1916,#1917);
#1824=AXIS2_PLACEMENT_3D('',#2883,#1922,#1923);
#1825=AXIS2_PLACEMENT_3D('',#2889,#1927,#1928);
#1826=AXIS2_PLACEMENT_3D('',#2895,#1932,#1933);
#1827=AXIS2_PLACEMENT_3D('',#2898,#1936,#1937);
#1828=AXIS2_PLACEMENT_3D('',#2899,#1938,#1939);
#1829=AXIS2_PLACEMENT_3D('',#2900,#1940,#1941);
#1830=AXIS2_PLACEMENT_3D('',#2909,#1946,#1947);
#1831=AXIS2_PLACEMENT_3D('',#2918,#1952,#1953);
#1832=AXIS2_PLACEMENT_3D('',#2924,#1957,#1958);
#1833=AXIS2_PLACEMENT_3D('',#2930,#1962,#1963);
#1834=AXIS2_PLACEMENT_3D('',#2936,#1967,#1968);
#1835=AXIS2_PLACEMENT_3D('',#2942,#1972,#1973);
#1836=AXIS2_PLACEMENT_3D('',#2948,#1977,#1978);
#1837=AXIS2_PLACEMENT_3D('',#2951,#1981,#1982);
#1838=AXIS2_PLACEMENT_3D('',#2957,#1986,#1987);
#1839=AXIS2_PLACEMENT_3D('',#2963,#1991,#1992);
#1840=AXIS2_PLACEMENT_3D('',#2969,#1996,#1997);
#1841=AXIS2_PLACEMENT_3D('',#2975,#2001,#2002);
#1842=AXIS2_PLACEMENT_3D('',#2981,#2006,#2007);
#1843=AXIS2_PLACEMENT_3D('',#2984,#2010,#2011);
#1844=AXIS2_PLACEMENT_3D('',#2985,#2012,#2013);
#1845=AXIS2_PLACEMENT_3D('',#2986,#2014,#2015);
#1846=AXIS2_PLACEMENT_3D('',#2995,#2020,#2021);
#1847=AXIS2_PLACEMENT_3D('',#3001,#2025,#2026);
#1848=AXIS2_PLACEMENT_3D('',#3004,#2029,#2030);
#1849=AXIS2_PLACEMENT_3D('',#3005,#2031,#2032);
#1850=AXIS2_PLACEMENT_3D('',#3006,#2033,#2034);
#1851=AXIS2_PLACEMENT_3D('',#3015,#2039,#2040);
#1852=AXIS2_PLACEMENT_3D('',#3029,#2048,#2049);
#1853=AXIS2_PLACEMENT_3D('',#3033,#2052,#2053);
#1854=AXIS2_PLACEMENT_3D('',#3045,#2060,#2061);
#1855=AXIS2_PLACEMENT_3D('',#3047,#2063,#2064);
#1856=AXIS2_PLACEMENT_3D('',#3051,#2067,#2068);
#1857=AXIS2_PLACEMENT_3D('',#3052,#2069,#2070);
#1858=AXIS2_PLACEMENT_3D('',#3054,#2072,#2073);
#1859=AXIS2_PLACEMENT_3D('',#3057,#2075,#2076);
#1860=AXIS2_PLACEMENT_3D('',#3058,#2077,#2078);
#1861=AXIS2_PLACEMENT_3D('',#3060,#2080,#2081);
#1862=AXIS2_PLACEMENT_3D('',#3163,#2097,#2098);
#1863=AXIS2_PLACEMENT_3D('',#3290,#2114,#2115);
#1864=AXIS2_PLACEMENT_3D('',#3293,#2118,#2119);
#1865=AXIS2_PLACEMENT_3D('',#3295,#2121,#2122);
#1866=AXIS2_PLACEMENT_3D('',#3297,#2124,#2125);
#1867=AXIS2_PLACEMENT_3D('',#3299,#2127,#2128);
#1868=AXIS2_PLACEMENT_3D('',#3301,#2130,#2131);
#1869=AXIS2_PLACEMENT_3D('',#3303,#2133,#2134);
#1870=AXIS2_PLACEMENT_3D('',#3305,#2136,#2137);
#1871=AXIS2_PLACEMENT_3D('',#3307,#2139,#2140);
#1872=AXIS2_PLACEMENT_3D('',#3309,#2142,#2143);
#1873=AXIS2_PLACEMENT_3D('',#3311,#2145,#2146);
#1874=AXIS2_PLACEMENT_3D('',#3312,#2147,#2148);
#1875=AXIS2_PLACEMENT_3D('',#3315,#2151,#2152);
#1876=AXIS2_PLACEMENT_3D('',#3317,#2154,#2155);
#1877=AXIS2_PLACEMENT_3D('',#3319,#2157,#2158);
#1878=DIRECTION('axis',(0.,0.,1.));
#1879=DIRECTION('refdir',(1.,0.,0.));
#1880=DIRECTION('',(0.,0.,1.));
#1881=DIRECTION('',(0.,0.,1.));
#1882=DIRECTION('',(0.,0.,1.));
#1883=DIRECTION('',(0.,0.,1.));
#1884=DIRECTION('',(0.,0.,1.));
#1885=DIRECTION('',(0.,0.,1.));
#1886=DIRECTION('',(0.,0.,1.));
#1887=DIRECTION('',(0.,0.,1.));
#1888=DIRECTION('center_axis',(0.,0.,1.));
#1889=DIRECTION('ref_axis',(1.,0.,0.));
#1890=DIRECTION('center_axis',(0.,0.,1.));
#1891=DIRECTION('ref_axis',(1.,0.,0.));
#1892=DIRECTION('',(0.,0.,1.));
#1893=DIRECTION('',(0.,0.,1.));
#1894=DIRECTION('',(0.,0.,1.));
#1895=DIRECTION('',(0.,0.,1.));
#1896=DIRECTION('',(0.,0.,1.));
#1897=DIRECTION('',(0.,0.,1.));
#1898=DIRECTION('',(0.,0.,1.));
#1899=DIRECTION('',(0.,0.,1.));
#1900=DIRECTION('',(0.,0.,1.));
#1901=DIRECTION('',(0.,0.,1.));
#1902=DIRECTION('',(0.,0.,1.));
#1903=DIRECTION('',(0.,0.,1.));
#1904=DIRECTION('',(0.,0.,1.));
#1905=DIRECTION('',(0.,0.,1.));
#1906=DIRECTION('',(0.,0.,1.));
#1907=DIRECTION('',(0.,0.,1.));
#1908=DIRECTION('',(0.,0.,1.));
#1909=DIRECTION('',(0.,0.,1.));
#1910=DIRECTION('',(0.,0.,1.));
#1911=DIRECTION('',(0.,0.,1.));
#1912=DIRECTION('center_axis',(0.,0.,1.));
#1913=DIRECTION('ref_axis',(1.,0.,0.));
#1914=DIRECTION('center_axis',(0.,0.,1.));
#1915=DIRECTION('ref_axis',(1.,0.,0.));
#1916=DIRECTION('center_axis',(0.99995837111372,-0.00912447475729191,0.));
#1917=DIRECTION('ref_axis',(0.00912447475729191,0.99995837111372,0.));
#1918=DIRECTION('',(-0.00912447475729191,-0.99995837111372,0.));
#1919=DIRECTION('',(0.,0.,1.));
#1920=DIRECTION('',(-0.00912447475729191,-0.99995837111372,0.));
#1921=DIRECTION('',(0.,0.,1.));
#1922=DIRECTION('center_axis',(-0.00912447475729355,-0.99995837111372,0.));
#1923=DIRECTION('ref_axis',(0.99995837111372,-0.00912447475729355,0.));
#1924=DIRECTION('',(-0.99995837111372,0.00912447475729355,0.));
#1925=DIRECTION('',(0.,0.,1.));
#1926=DIRECTION('',(-0.99995837111372,0.00912447475729355,0.));
#1927=DIRECTION('center_axis',(-0.99995837111372,0.00912447475729191,0.));
#1928=DIRECTION('ref_axis',(-0.00912447475729191,-0.99995837111372,0.));
#1929=DIRECTION('',(0.00912447475729191,0.99995837111372,0.));
#1930=DIRECTION('',(0.,0.,1.));
#1931=DIRECTION('',(0.00912447475729191,0.99995837111372,0.));
#1932=DIRECTION('center_axis',(0.00912447475729349,0.99995837111372,0.));
#1933=DIRECTION('ref_axis',(-0.99995837111372,0.00912447475729349,0.));
#1934=DIRECTION('',(0.99995837111372,-0.00912447475729349,0.));
#1935=DIRECTION('',(0.99995837111372,-0.00912447475729349,0.));
#1936=DIRECTION('center_axis',(0.,0.,1.));
#1937=DIRECTION('ref_axis',(1.,0.,0.));
#1938=DIRECTION('center_axis',(0.,0.,1.));
#1939=DIRECTION('ref_axis',(1.,0.,0.));
#1940=DIRECTION('center_axis',(0.00912447475729352,0.99995837111372,0.));
#1941=DIRECTION('ref_axis',(-0.99995837111372,0.00912447475729352,0.));
#1942=DIRECTION('',(0.99995837111372,-0.00912447475729352,0.));
#1943=DIRECTION('',(0.,0.,1.));
#1944=DIRECTION('',(0.99995837111372,-0.00912447475729352,0.));
#1945=DIRECTION('',(0.,0.,1.));
#1946=DIRECTION('center_axis',(0.00912447475729334,0.99995837111372,0.));
#1947=DIRECTION('ref_axis',(-0.99995837111372,0.00912447475729334,0.));
#1948=DIRECTION('',(0.99995837111372,-0.00912447475729334,0.));
#1949=DIRECTION('',(0.,0.,1.));
#1950=DIRECTION('',(0.99995837111372,-0.00912447475729334,0.));
#1951=DIRECTION('',(0.,0.,1.));
#1952=DIRECTION('center_axis',(0.99995837111372,-0.00912447475729187,0.));
#1953=DIRECTION('ref_axis',(0.00912447475729187,0.99995837111372,0.));
#1954=DIRECTION('',(-0.00912447475729187,-0.99995837111372,0.));
#1955=DIRECTION('',(0.,0.,1.));
#1956=DIRECTION('',(-0.00912447475729187,-0.99995837111372,0.));
#1957=DIRECTION('center_axis',(-0.00912447475729355,-0.99995837111372,0.));
#1958=DIRECTION('ref_axis',(0.99995837111372,-0.00912447475729355,0.));
#1959=DIRECTION('',(-0.99995837111372,0.00912447475729355,0.));
#1960=DIRECTION('',(0.,0.,1.));
#1961=DIRECTION('',(-0.99995837111372,0.00912447475729355,0.));
#1962=DIRECTION('center_axis',(0.99995837111372,-0.00912447475729225,0.));
#1963=DIRECTION('ref_axis',(0.00912447475729225,0.99995837111372,0.));
#1964=DIRECTION('',(-0.00912447475729225,-0.99995837111372,0.));
#1965=DIRECTION('',(0.,0.,1.));
#1966=DIRECTION('',(-0.00912447475729225,-0.99995837111372,0.));
#1967=DIRECTION('center_axis',(-0.00912447475729356,-0.99995837111372,0.));
#1968=DIRECTION('ref_axis',(0.99995837111372,-0.00912447475729356,0.));
#1969=DIRECTION('',(-0.99995837111372,0.00912447475729356,0.));
#1970=DIRECTION('',(0.,0.,1.));
#1971=DIRECTION('',(-0.99995837111372,0.00912447475729356,0.));
#1972=DIRECTION('center_axis',(-0.99995837111372,0.00912447475729218,0.));
#1973=DIRECTION('ref_axis',(-0.00912447475729218,-0.99995837111372,0.));
#1974=DIRECTION('',(0.00912447475729218,0.99995837111372,0.));
#1975=DIRECTION('',(0.,0.,1.));
#1976=DIRECTION('',(0.00912447475729218,0.99995837111372,0.));
#1977=DIRECTION('center_axis',(0.8161475894821,-0.5778435014626,0.));
#1978=DIRECTION('ref_axis',(0.5778435014626,0.8161475894821,0.));
#1979=DIRECTION('',(-0.5778435014626,-0.8161475894821,0.));
#1980=DIRECTION('',(-0.5778435014626,-0.8161475894821,0.));
#1981=DIRECTION('center_axis',(-0.99995837111372,0.00912447475729225,0.));
#1982=DIRECTION('ref_axis',(-0.00912447475729225,-0.99995837111372,0.));
#1983=DIRECTION('',(0.00912447475729225,0.99995837111372,0.));
#1984=DIRECTION('',(0.,0.,1.));
#1985=DIRECTION('',(0.00912447475729225,0.99995837111372,0.));
#1986=DIRECTION('center_axis',(-0.00912447475729356,-0.99995837111372,0.));
#1987=DIRECTION('ref_axis',(0.99995837111372,-0.00912447475729356,0.));
#1988=DIRECTION('',(-0.99995837111372,0.00912447475729356,0.));
#1989=DIRECTION('',(0.,0.,1.));
#1990=DIRECTION('',(-0.99995837111372,0.00912447475729356,0.));
#1991=DIRECTION('center_axis',(-0.99995837111372,0.00912447475729187,0.));
#1992=DIRECTION('ref_axis',(-0.00912447475729187,-0.99995837111372,0.));
#1993=DIRECTION('',(0.00912447475729187,0.99995837111372,0.));
#1994=DIRECTION('',(0.,0.,1.));
#1995=DIRECTION('',(0.00912447475729187,0.99995837111372,0.));
#1996=DIRECTION('center_axis',(-0.812323697045049,0.583206833995507,0.));
#1997=DIRECTION('ref_axis',(-0.583206833995507,-0.812323697045049,0.));
#1998=DIRECTION('',(0.583206833995507,0.812323697045049,0.));
#1999=DIRECTION('',(0.,0.,1.));
#2000=DIRECTION('',(0.583206833995507,0.812323697045049,0.));
#2001=DIRECTION('center_axis',(0.00912447475729302,0.99995837111372,0.));
#2002=DIRECTION('ref_axis',(-0.99995837111372,0.00912447475729302,0.));
#2003=DIRECTION('',(0.99995837111372,-0.00912447475729302,0.));
#2004=DIRECTION('',(0.,0.,1.));
#2005=DIRECTION('',(0.99995837111372,-0.00912447475729302,0.));
#2006=DIRECTION('center_axis',(0.99995837111372,-0.00912447475729219,0.));
#2007=DIRECTION('ref_axis',(0.00912447475729219,0.99995837111372,0.));
#2008=DIRECTION('',(-0.00912447475729219,-0.99995837111372,0.));
#2009=DIRECTION('',(-0.00912447475729219,-0.99995837111372,0.));
#2010=DIRECTION('center_axis',(0.,0.,1.));
#2011=DIRECTION('ref_axis',(1.,0.,0.));
#2012=DIRECTION('center_axis',(0.,0.,1.));
#2013=DIRECTION('ref_axis',(1.,0.,0.));
#2014=DIRECTION('center_axis',(0.00912447475729352,0.99995837111372,0.));
#2015=DIRECTION('ref_axis',(-0.99995837111372,0.00912447475729352,0.));
#2016=DIRECTION('',(0.99995837111372,-0.00912447475729352,0.));
#2017=DIRECTION('',(0.,0.,1.));
#2018=DIRECTION('',(-0.99995837111372,0.00912447475729352,0.));
#2019=DIRECTION('',(0.,0.,1.));
#2020=DIRECTION('center_axis',(-0.99995837111372,0.00912447475729218,0.));
#2021=DIRECTION('ref_axis',(-0.00912447475729218,-0.99995837111372,0.));
#2022=DIRECTION('',(0.00912447475729218,0.99995837111372,0.));
#2023=DIRECTION('',(-0.00912447475729218,-0.99995837111372,0.));
#2024=DIRECTION('',(0.,0.,1.));
#2025=DIRECTION('center_axis',(0.8161475894821,-0.5778435014626,0.));
#2026=DIRECTION('ref_axis',(0.5778435014626,0.8161475894821,0.));
#2027=DIRECTION('',(-0.5778435014626,-0.8161475894821,0.));
#2028=DIRECTION('',(0.5778435014626,0.8161475894821,0.));
#2029=DIRECTION('center_axis',(0.,0.,1.));
#2030=DIRECTION('ref_axis',(1.,0.,0.));
#2031=DIRECTION('center_axis',(0.,0.,1.));
#2032=DIRECTION('ref_axis',(1.,0.,0.));
#2033=DIRECTION('center_axis',(0.,0.,1.));
#2034=DIRECTION('ref_axis',(1.,0.,0.));
#2035=DIRECTION('',(1.,0.,0.));
#2036=DIRECTION('',(0.,1.,0.));
#2037=DIRECTION('',(-1.,0.,0.));
#2038=DIRECTION('',(0.,-1.,0.));
#2039=DIRECTION('center_axis',(0.,-1.,0.));
#2040=DIRECTION('ref_axis',(1.,0.,0.));
#2041=DIRECTION('',(-1.,0.,0.));
#2042=DIRECTION('',(0.,0.,1.));
#2043=DIRECTION('',(-1.,8.88178419700125E-17,0.));
#2044=DIRECTION('',(0.,0.,1.));
#2045=DIRECTION('',(1.,-8.88178419700125E-17,0.));
#2046=DIRECTION('',(0.,0.,1.));
#2047=DIRECTION('',(0.,0.,1.));
#2048=DIRECTION('center_axis',(1.,0.,0.));
#2049=DIRECTION('ref_axis',(0.,1.,0.));
#2050=DIRECTION('',(0.,1.,0.));
#2051=DIRECTION('',(0.,0.,1.));
#2052=DIRECTION('center_axis',(0.,1.,0.));
#2053=DIRECTION('ref_axis',(-1.,0.,0.));
#2054=DIRECTION('',(1.,-8.88178419700125E-17,0.));
#2055=DIRECTION('',(0.,0.,1.));
#2056=DIRECTION('',(-1.,8.88178419700125E-17,0.));
#2057=DIRECTION('',(0.,0.,1.));
#2058=DIRECTION('',(1.,-8.88178419700125E-17,0.));
#2059=DIRECTION('',(0.,0.,1.));
#2060=DIRECTION('center_axis',(-1.,0.,0.));
#2061=DIRECTION('ref_axis',(0.,-1.,0.));
#2062=DIRECTION('',(0.,1.,0.));
#2063=DIRECTION('center_axis',(0.,0.,1.));
#2064=DIRECTION('ref_axis',(1.,0.,0.));
#2065=DIRECTION('',(0.,-1.,0.));
#2066=DIRECTION('',(0.,1.,0.));
#2067=DIRECTION('center_axis',(0.,0.,1.));
#2068=DIRECTION('ref_axis',(1.,0.,0.));
#2069=DIRECTION('center_axis',(1.,0.,0.));
#2070=DIRECTION('ref_axis',(0.,1.,0.));
#2071=DIRECTION('',(0.,-1.,0.));
#2072=DIRECTION('center_axis',(0.,0.,1.));
#2073=DIRECTION('ref_axis',(1.,0.,0.));
#2074=DIRECTION('',(0.,0.,-1.));
#2075=DIRECTION('center_axis',(0.,0.,1.));
#2076=DIRECTION('ref_axis',(1.,0.,0.));
#2077=DIRECTION('center_axis',(-1.,0.,0.));
#2078=DIRECTION('ref_axis',(0.,-1.,0.));
#2079=DIRECTION('',(0.,1.,0.));
#2080=DIRECTION('center_axis',(0.,0.,1.));
#2081=DIRECTION('ref_axis',(1.,0.,0.));
#2082=DIRECTION('',(-0.00912447475729191,-0.99995837111372,0.));
#2083=DIRECTION('',(0.99995837111372,-0.00912447475729355,0.));
#2084=DIRECTION('',(0.00912447475729191,0.99995837111372,0.));
#2085=DIRECTION('',(-0.99995837111372,0.00912447475729349,0.));
#2086=DIRECTION('',(-0.00912447475729225,-0.99995837111372,0.));
#2087=DIRECTION('',(0.99995837111372,-0.00912447475729356,0.));
#2088=DIRECTION('',(0.00912447475729225,0.99995837111372,0.));
#2089=DIRECTION('',(0.99995837111372,-0.00912447475729355,0.));
#2090=DIRECTION('',(0.00912447475729187,0.99995837111372,0.));
#2091=DIRECTION('',(-0.99995837111372,0.00912447475729334,0.));
#2092=DIRECTION('',(0.00912447475729219,0.99995837111372,0.));
#2093=DIRECTION('',(-0.99995837111372,0.00912447475729302,0.));
#2094=DIRECTION('',(-0.583206833995507,-0.812323697045049,0.));
#2095=DIRECTION('',(-0.00912447475729187,-0.99995837111372,0.));
#2096=DIRECTION('',(0.99995837111372,-0.00912447475729356,0.));
#2097=DIRECTION('center_axis',(0.,0.,1.));
#2098=DIRECTION('ref_axis',(1.,0.,0.));
#2099=DIRECTION('',(0.00912447475729191,0.99995837111372,0.));
#2100=DIRECTION('',(0.99995837111372,-0.00912447475729349,0.));
#2101=DIRECTION('',(-0.00912447475729191,-0.99995837111372,0.));
#2102=DIRECTION('',(-0.99995837111372,0.00912447475729355,0.));
#2103=DIRECTION('',(0.00912447475729225,0.99995837111372,0.));
#2104=DIRECTION('',(-0.99995837111372,0.00912447475729356,0.));
#2105=DIRECTION('',(0.00912447475729187,0.99995837111372,0.));
#2106=DIRECTION('',(0.583206833995507,0.812323697045049,0.));
#2107=DIRECTION('',(0.99995837111372,-0.00912447475729302,0.));
#2108=DIRECTION('',(-0.00912447475729219,-0.99995837111372,0.));
#2109=DIRECTION('',(0.99995837111372,-0.00912447475729334,0.));
#2110=DIRECTION('',(-0.00912447475729187,-0.99995837111372,0.));
#2111=DIRECTION('',(-0.99995837111372,0.00912447475729355,0.));
#2112=DIRECTION('',(-0.00912447475729225,-0.99995837111372,0.));
#2113=DIRECTION('',(-0.99995837111372,0.00912447475729356,0.));
#2114=DIRECTION('center_axis',(0.99995837111372,-0.00912447475729219,0.));
#2115=DIRECTION('ref_axis',(0.00912447475729219,0.99995837111372,0.));
#2116=DIRECTION('',(0.,0.,1.));
#2117=DIRECTION('',(0.,0.,1.));
#2118=DIRECTION('center_axis',(0.00912447475729302,0.99995837111372,0.));
#2119=DIRECTION('ref_axis',(-0.99995837111372,0.00912447475729302,0.));
#2120=DIRECTION('',(0.,0.,1.));
#2121=DIRECTION('center_axis',(-0.812323697045049,0.583206833995507,0.));
#2122=DIRECTION('ref_axis',(-0.583206833995507,-0.812323697045049,0.));
#2123=DIRECTION('',(0.,0.,1.));
#2124=DIRECTION('center_axis',(-0.99995837111372,0.00912447475729187,0.));
#2125=DIRECTION('ref_axis',(-0.00912447475729187,-0.99995837111372,0.));
#2126=DIRECTION('',(0.,0.,1.));
#2127=DIRECTION('center_axis',(-0.00912447475729356,-0.99995837111372,0.));
#2128=DIRECTION('ref_axis',(0.99995837111372,-0.00912447475729356,0.));
#2129=DIRECTION('',(0.,0.,1.));
#2130=DIRECTION('center_axis',(-0.99995837111372,0.00912447475729225,0.));
#2131=DIRECTION('ref_axis',(-0.00912447475729225,-0.99995837111372,0.));
#2132=DIRECTION('',(0.,0.,1.));
#2133=DIRECTION('center_axis',(-0.00912447475729356,-0.99995837111372,0.));
#2134=DIRECTION('ref_axis',(0.99995837111372,-0.00912447475729356,0.));
#2135=DIRECTION('',(0.,0.,1.));
#2136=DIRECTION('center_axis',(0.99995837111372,-0.00912447475729225,0.));
#2137=DIRECTION('ref_axis',(0.00912447475729225,0.99995837111372,0.));
#2138=DIRECTION('',(0.,0.,1.));
#2139=DIRECTION('center_axis',(-0.00912447475729355,-0.99995837111372,0.));
#2140=DIRECTION('ref_axis',(0.99995837111372,-0.00912447475729355,0.));
#2141=DIRECTION('',(0.,0.,1.));
#2142=DIRECTION('center_axis',(0.99995837111372,-0.00912447475729187,0.));
#2143=DIRECTION('ref_axis',(0.00912447475729187,0.99995837111372,0.));
#2144=DIRECTION('',(0.,0.,1.));
#2145=DIRECTION('center_axis',(0.00912447475729334,0.99995837111372,0.));
#2146=DIRECTION('ref_axis',(-0.99995837111372,0.00912447475729334,0.));
#2147=DIRECTION('center_axis',(0.00912447475729349,0.99995837111372,0.));
#2148=DIRECTION('ref_axis',(-0.99995837111372,0.00912447475729349,0.));
#2149=DIRECTION('',(0.,0.,1.));
#2150=DIRECTION('',(0.,0.,1.));
#2151=DIRECTION('center_axis',(-0.99995837111372,0.00912447475729191,0.));
#2152=DIRECTION('ref_axis',(-0.00912447475729191,-0.99995837111372,0.));
#2153=DIRECTION('',(0.,0.,1.));
#2154=DIRECTION('center_axis',(-0.00912447475729355,-0.99995837111372,0.));
#2155=DIRECTION('ref_axis',(0.99995837111372,-0.00912447475729355,0.));
#2156=DIRECTION('',(0.,0.,1.));
#2157=DIRECTION('center_axis',(0.99995837111372,-0.00912447475729191,0.));
#2158=DIRECTION('ref_axis',(0.00912447475729191,0.99995837111372,0.));
#2159=DIRECTION('',(0.,0.,1.));
#2160=DIRECTION('',(0.,0.,1.));
#2161=DIRECTION('',(0.,0.,1.));
#2162=DIRECTION('',(0.,0.,1.));
#2163=DIRECTION('',(0.,0.,1.));
#2164=DIRECTION('',(0.,0.,1.));
#2165=DIRECTION('',(0.,0.,1.));
#2166=DIRECTION('',(0.,0.,1.));
#2167=DIRECTION('',(0.,0.,1.));
#2168=DIRECTION('',(0.,0.,1.));
#2169=DIRECTION('',(0.,0.,1.));
#2170=DIRECTION('',(0.,0.,1.));
#2171=CARTESIAN_POINT('',(0.,0.,0.));
#2172=CARTESIAN_POINT('Ctrl Pts',(19.61740515389,8.17360671065924,0.));
#2173=CARTESIAN_POINT('Ctrl Pts',(19.61740515389,8.17360671065924,5.5));
#2174=CARTESIAN_POINT('Ctrl Pts',(19.7798231728794,7.76796441229401,0.));
#2175=CARTESIAN_POINT('Ctrl Pts',(19.7798231728794,7.76796441229401,5.5));
#2176=CARTESIAN_POINT('Ctrl Pts',(20.1995856849272,6.71959902023872,0.));
#2177=CARTESIAN_POINT('Ctrl Pts',(20.1995856849272,6.71959902023872,5.5));
#2178=CARTESIAN_POINT('Ctrl Pts',(20.1774267841921,5.58378321498305,0.));
#2179=CARTESIAN_POINT('Ctrl Pts',(20.1774267841921,5.58378321498305,5.5));
#2180=CARTESIAN_POINT('Ctrl Pts',(20.1638417905045,4.88744675276466,0.));
#2181=CARTESIAN_POINT('Ctrl Pts',(20.1638417905045,4.88744675276466,5.5));
#2182=CARTESIAN_POINT('',(20.1638417905045,4.88744675276466,0.6));
#2183=CARTESIAN_POINT('',(19.61740515389,8.17360671065924,0.6));
#2184=CARTESIAN_POINT('Ctrl Pts',(20.1638417905045,4.88744675276466,0.6));
#2185=CARTESIAN_POINT('Ctrl Pts',(20.1774267841921,5.58378321498305,0.6));
#2186=CARTESIAN_POINT('Ctrl Pts',(20.1910117778796,6.28011967720144,0.6));
#2187=CARTESIAN_POINT('Ctrl Pts',(20.0384975859083,6.94358730347312,0.6));
#2188=CARTESIAN_POINT('Ctrl Pts',(19.9422411918688,7.36232211392877,0.6));
#2189=CARTESIAN_POINT('Ctrl Pts',(19.7798231728794,7.76796441229401,0.6));
#2190=CARTESIAN_POINT('Ctrl Pts',(19.61740515389,8.17360671065924,0.6));
#2191=CARTESIAN_POINT('',(20.1638417905045,4.88744675276466,0.));
#2192=CARTESIAN_POINT('',(20.1638417905045,4.88744675276466,0.));
#2193=CARTESIAN_POINT('',(19.61740515389,8.17360671065924,0.));
#2194=CARTESIAN_POINT('Ctrl Pts',(19.61740515389,8.17360671065924,0.));
#2195=CARTESIAN_POINT('Ctrl Pts',(19.7798231728794,7.76796441229401,0.));
#2196=CARTESIAN_POINT('Ctrl Pts',(20.1995856849272,6.71959902023872,0.));
#2197=CARTESIAN_POINT('Ctrl Pts',(20.1774267841921,5.58378321498305,0.));
#2198=CARTESIAN_POINT('Ctrl Pts',(20.1638417905045,4.88744675276466,0.));
#2199=CARTESIAN_POINT('',(19.61740515389,8.17360671065924,0.));
#2200=CARTESIAN_POINT('Ctrl Pts',(18.1889908988894,8.99840698737346,0.));
#2201=CARTESIAN_POINT('Ctrl Pts',(18.1889908988894,8.99840698737346,5.5));
#2202=CARTESIAN_POINT('Ctrl Pts',(18.4671083896182,8.95652535533007,0.));
#2203=CARTESIAN_POINT('Ctrl Pts',(18.4671083896182,8.95652535533007,5.5));
#2204=CARTESIAN_POINT('Ctrl Pts',(19.0486555324386,8.86895034022525,0.));
#2205=CARTESIAN_POINT('Ctrl Pts',(19.0486555324386,8.86895034022525,5.5));
#2206=CARTESIAN_POINT('Ctrl Pts',(19.4223994760503,8.41201734110329,0.));
#2207=CARTESIAN_POINT('Ctrl Pts',(19.4223994760503,8.41201734110329,5.5));
#2208=CARTESIAN_POINT('Ctrl Pts',(19.61740515389,8.17360671065924,0.));
#2209=CARTESIAN_POINT('Ctrl Pts',(19.61740515389,8.17360671065924,5.5));
#2210=CARTESIAN_POINT('',(18.1889908988894,8.99840698737346,0.6));
#2211=CARTESIAN_POINT('Ctrl Pts',(19.61740515389,8.17360671065924,0.6));
#2212=CARTESIAN_POINT('Ctrl Pts',(19.4223994760503,8.41201734110329,0.6));
#2213=CARTESIAN_POINT('Ctrl Pts',(19.2273937982106,8.65042797154734,0.6));
#2214=CARTESIAN_POINT('Ctrl Pts',(18.975816526491,8.7882859158553,0.6));
#2215=CARTESIAN_POINT('Ctrl Pts',(18.745225880347,8.91464372328668,0.6));
#2216=CARTESIAN_POINT('Ctrl Pts',(18.4671083896182,8.95652535533007,0.6));
#2217=CARTESIAN_POINT('Ctrl Pts',(18.1889908988894,8.99840698737346,0.6));
#2218=CARTESIAN_POINT('',(18.1889908988894,8.99840698737346,0.));
#2219=CARTESIAN_POINT('Ctrl Pts',(18.1889908988894,8.99840698737346,0.));
#2220=CARTESIAN_POINT('Ctrl Pts',(18.4671083896182,8.95652535533007,0.));
#2221=CARTESIAN_POINT('Ctrl Pts',(19.0486555324386,8.86895034022525,0.));
#2222=CARTESIAN_POINT('Ctrl Pts',(19.4223994760503,8.41201734110329,0.));
#2223=CARTESIAN_POINT('Ctrl Pts',(19.61740515389,8.17360671065924,0.));
#2224=CARTESIAN_POINT('',(18.1889908988894,8.99840698737346,0.));
#2225=CARTESIAN_POINT('Ctrl Pts',(16.8318980278463,8.29452599966511,0.));
#2226=CARTESIAN_POINT('Ctrl Pts',(16.8318980278463,8.29452599966511,5.5));
#2227=CARTESIAN_POINT('Ctrl Pts',(17.0147582585645,8.50176119469022,0.));
#2228=CARTESIAN_POINT('Ctrl Pts',(17.0147582585645,8.50176119469022,5.5));
#2229=CARTESIAN_POINT('Ctrl Pts',(17.3766809634268,8.911927593538,0.));
#2230=CARTESIAN_POINT('Ctrl Pts',(17.3766809634268,8.911927593538,5.5));
#2231=CARTESIAN_POINT('Ctrl Pts',(17.9201217459804,8.96978288670753,0.));
#2232=CARTESIAN_POINT('Ctrl Pts',(17.9201217459804,8.96978288670753,5.5));
#2233=CARTESIAN_POINT('Ctrl Pts',(18.1889908988894,8.99840698737346,0.));
#2234=CARTESIAN_POINT('Ctrl Pts',(18.1889908988894,8.99840698737346,5.5));
#2235=CARTESIAN_POINT('',(16.8318980278463,8.29452599966511,0.6));
#2236=CARTESIAN_POINT('Ctrl Pts',(18.1889908988894,8.99840698737346,0.6));
#2237=CARTESIAN_POINT('Ctrl Pts',(17.9201217459804,8.96978288670753,0.6));
#2238=CARTESIAN_POINT('Ctrl Pts',(17.6512525930714,8.94115878604159,0.6));
#2239=CARTESIAN_POINT('Ctrl Pts',(17.4268155961954,8.8262956604877,0.6));
#2240=CARTESIAN_POINT('Ctrl Pts',(17.1976184892827,8.70899638971534,0.6));
#2241=CARTESIAN_POINT('Ctrl Pts',(17.0147582585645,8.50176119469022,0.6));
#2242=CARTESIAN_POINT('Ctrl Pts',(16.8318980278463,8.29452599966511,0.6));
#2243=CARTESIAN_POINT('',(16.8318980278463,8.29452599966511,0.));
#2244=CARTESIAN_POINT('Ctrl Pts',(16.8318980278463,8.29452599966511,0.));
#2245=CARTESIAN_POINT('Ctrl Pts',(17.0147582585645,8.50176119469022,0.));
#2246=CARTESIAN_POINT('Ctrl Pts',(17.3766809634268,8.911927593538,0.));
#2247=CARTESIAN_POINT('Ctrl Pts',(17.9201217459804,8.96978288670753,0.));
#2248=CARTESIAN_POINT('Ctrl Pts',(18.1889908988894,8.99840698737346,0.));
#2249=CARTESIAN_POINT('',(16.8318980278463,8.29452599966511,0.));
#2250=CARTESIAN_POINT('Ctrl Pts',(16.1667359394601,4.92391976253552,0.));
#2251=CARTESIAN_POINT('Ctrl Pts',(16.1667359394601,4.92391976253552,5.5));
#2252=CARTESIAN_POINT('Ctrl Pts',(16.1703666292756,5.62776929486539,0.));
#2253=CARTESIAN_POINT('Ctrl Pts',(16.1703666292756,5.62776929486539,5.5));
#2254=CARTESIAN_POINT('Ctrl Pts',(16.1764139454405,6.80010867687978,0.));
#2255=CARTESIAN_POINT('Ctrl Pts',(16.1764139454405,6.80010867687978,5.5));
#2256=CARTESIAN_POINT('Ctrl Pts',(16.6447440978064,7.86783970386287,0.));
#2257=CARTESIAN_POINT('Ctrl Pts',(16.6447440978064,7.86783970386287,5.5));
#2258=CARTESIAN_POINT('Ctrl Pts',(16.8318980278463,8.29452599966511,0.));
#2259=CARTESIAN_POINT('Ctrl Pts',(16.8318980278463,8.29452599966511,5.5));
#2260=CARTESIAN_POINT('',(16.1667359394601,4.92391976253552,0.6));
#2261=CARTESIAN_POINT('Ctrl Pts',(16.8318980278463,8.29452599966511,0.6));
#2262=CARTESIAN_POINT('Ctrl Pts',(16.6447440978064,7.86783970386287,0.6));
#2263=CARTESIAN_POINT('Ctrl Pts',(16.4575901677664,7.44115340806063,0.6));
#2264=CARTESIAN_POINT('Ctrl Pts',(16.3442608937645,6.99776159082403,0.6));
#2265=CARTESIAN_POINT('Ctrl Pts',(16.1739973190911,6.33161882719526,0.6));
#2266=CARTESIAN_POINT('Ctrl Pts',(16.1703666292756,5.62776929486539,0.6));
#2267=CARTESIAN_POINT('Ctrl Pts',(16.1667359394601,4.92391976253552,0.6));
#2268=CARTESIAN_POINT('',(16.1667359394601,4.92391976253552,0.));
#2269=CARTESIAN_POINT('Ctrl Pts',(16.1667359394601,4.92391976253552,0.));
#2270=CARTESIAN_POINT('Ctrl Pts',(16.1703666292756,5.62776929486539,0.));
#2271=CARTESIAN_POINT('Ctrl Pts',(16.1764139454405,6.80010867687978,0.));
#2272=CARTESIAN_POINT('Ctrl Pts',(16.6447440978064,7.86783970386287,0.));
#2273=CARTESIAN_POINT('Ctrl Pts',(16.8318980278463,8.29452599966511,0.));
#2274=CARTESIAN_POINT('',(16.1667359394601,4.92391976253552,0.));
#2275=CARTESIAN_POINT('Ctrl Pts',(16.713203701244,1.64117083645806,0.));
#2276=CARTESIAN_POINT('Ctrl Pts',(16.713203701244,1.64117083645806,5.5));
#2277=CARTESIAN_POINT('Ctrl Pts',(16.5507677929703,2.04709402011574,0.));
#2278=CARTESIAN_POINT('Ctrl Pts',(16.5507677929703,2.04709402011574,5.5));
#2279=CARTESIAN_POINT('Ctrl Pts',(16.1316491388691,3.09446082596022,0.));
#2280=CARTESIAN_POINT('Ctrl Pts',(16.1316491388691,3.09446082596022,5.5));
#2281=CARTESIAN_POINT('Ctrl Pts',(16.1534092782266,4.22905505336454,0.));
#2282=CARTESIAN_POINT('Ctrl Pts',(16.1534092782266,4.22905505336454,5.5));
#2283=CARTESIAN_POINT('Ctrl Pts',(16.1667359394601,4.92391976253552,0.));
#2284=CARTESIAN_POINT('Ctrl Pts',(16.1667359394601,4.92391976253552,5.5));
#2285=CARTESIAN_POINT('',(16.713203701244,1.64117083645806,0.6));
#2286=CARTESIAN_POINT('Ctrl Pts',(16.1667359394601,4.92391976253552,0.6));
#2287=CARTESIAN_POINT('Ctrl Pts',(16.1534092782266,4.22905505336454,0.6));
#2288=CARTESIAN_POINT('Ctrl Pts',(16.140082616993,3.53419034419355,0.6));
#2289=CARTESIAN_POINT('Ctrl Pts',(16.2921190464392,2.87204255458224,0.6));
#2290=CARTESIAN_POINT('Ctrl Pts',(16.3883318846966,2.45301720377341,0.6));
#2291=CARTESIAN_POINT('Ctrl Pts',(16.5507677929703,2.04709402011574,0.6));
#2292=CARTESIAN_POINT('Ctrl Pts',(16.713203701244,1.64117083645806,0.6));
#2293=CARTESIAN_POINT('',(16.713203701244,1.64117083645806,0.));
#2294=CARTESIAN_POINT('Ctrl Pts',(16.713203701244,1.64117083645806,0.));
#2295=CARTESIAN_POINT('Ctrl Pts',(16.5507677929703,2.04709402011574,0.));
#2296=CARTESIAN_POINT('Ctrl Pts',(16.1316491388691,3.09446082596022,0.));
#2297=CARTESIAN_POINT('Ctrl Pts',(16.1534092782266,4.22905505336454,0.));
#2298=CARTESIAN_POINT('Ctrl Pts',(16.1667359394601,4.92391976253552,0.));
#2299=CARTESIAN_POINT('',(16.713203701244,1.64117083645806,0.));
#2300=CARTESIAN_POINT('Ctrl Pts',(18.12794389585,0.813084017727164,0.));
#2301=CARTESIAN_POINT('Ctrl Pts',(18.12794389585,0.813084017727164,5.5));
#2302=CARTESIAN_POINT('Ctrl Pts',(17.8533788192374,0.855756525156077,0.));
#2303=CARTESIAN_POINT('Ctrl Pts',(17.8533788192374,0.855756525156077,5.5));
#2304=CARTESIAN_POINT('Ctrl Pts',(17.2759000911981,0.94550743454453,0.));
#2305=CARTESIAN_POINT('Ctrl Pts',(17.2759000911981,0.94550743454453,5.5));
#2306=CARTESIAN_POINT('Ctrl Pts',(16.9068087597396,1.40181626439174,0.));
#2307=CARTESIAN_POINT('Ctrl Pts',(16.9068087597396,1.40181626439174,5.5));
#2308=CARTESIAN_POINT('Ctrl Pts',(16.713203701244,1.64117083645806,0.));
#2309=CARTESIAN_POINT('Ctrl Pts',(16.713203701244,1.64117083645806,5.5));
#2310=CARTESIAN_POINT('',(18.12794389585,0.813084017727164,0.6));
#2311=CARTESIAN_POINT('Ctrl Pts',(16.713203701244,1.64117083645806,0.6));
#2312=CARTESIAN_POINT('Ctrl Pts',(16.9068087597396,1.40181626439174,0.6));
#2313=CARTESIAN_POINT('Ctrl Pts',(17.1004138182352,1.16246169232542,0.6));
#2314=CARTESIAN_POINT('Ctrl Pts',(17.3513561662436,1.02396464788982,0.6));
#2315=CARTESIAN_POINT('Ctrl Pts',(17.5788137426248,0.898429032584986,0.6));
#2316=CARTESIAN_POINT('Ctrl Pts',(17.8533788192374,0.855756525156077,0.6));
#2317=CARTESIAN_POINT('Ctrl Pts',(18.12794389585,0.813084017727164,0.6));
#2318=CARTESIAN_POINT('',(18.12794389585,0.813084017727164,0.));
#2319=CARTESIAN_POINT('Ctrl Pts',(18.12794389585,0.813084017727164,0.));
#2320=CARTESIAN_POINT('Ctrl Pts',(17.8533788192374,0.855756525156077,0.));
#2321=CARTESIAN_POINT('Ctrl Pts',(17.2759000911981,0.94550743454453,0.));
#2322=CARTESIAN_POINT('Ctrl Pts',(16.9068087597396,1.40181626439174,0.));
#2323=CARTESIAN_POINT('Ctrl Pts',(16.713203701244,1.64117083645806,0.));
#2324=CARTESIAN_POINT('',(18.12794389585,0.813084017727164,0.));
#2325=CARTESIAN_POINT('Ctrl Pts',(19.5575919163636,1.61862692728548,0.));
#2326=CARTESIAN_POINT('Ctrl Pts',(19.5575919163636,1.61862692728548,5.5));
#2327=CARTESIAN_POINT('Ctrl Pts',(19.3597862533159,1.38185593877281,0.));
#2328=CARTESIAN_POINT('Ctrl Pts',(19.3597862533159,1.38185593877281,5.5));
#2329=CARTESIAN_POINT('Ctrl Pts',(18.9829943727404,0.930840610632839,0.));
#2330=CARTESIAN_POINT('Ctrl Pts',(18.9829943727404,0.930840610632839,5.5));
#2331=CARTESIAN_POINT('Ctrl Pts',(18.4033096419566,0.851007079512209,0.));
#2332=CARTESIAN_POINT('Ctrl Pts',(18.4033096419566,0.851007079512209,5.5));
#2333=CARTESIAN_POINT('Ctrl Pts',(18.12794389585,0.813084017727164,0.));
#2334=CARTESIAN_POINT('Ctrl Pts',(18.12794389585,0.813084017727164,5.5));
#2335=CARTESIAN_POINT('',(19.5575919163636,1.61862692728548,0.6));
#2336=CARTESIAN_POINT('Ctrl Pts',(18.12794389585,0.813084017727164,0.6));
#2337=CARTESIAN_POINT('Ctrl Pts',(18.4033096419566,0.851007079512209,0.6));
#2338=CARTESIAN_POINT('Ctrl Pts',(18.6786753880633,0.888930141297255,0.6));
#2339=CARTESIAN_POINT('Ctrl Pts',(18.9082582812032,1.0106105243453,0.6));
#2340=CARTESIAN_POINT('Ctrl Pts',(19.1619805902682,1.14508495026014,0.6));
#2341=CARTESIAN_POINT('Ctrl Pts',(19.3597862533159,1.38185593877281,0.6));
#2342=CARTESIAN_POINT('Ctrl Pts',(19.5575919163636,1.61862692728548,0.6));
#2343=CARTESIAN_POINT('',(19.5575919163636,1.61862692728548,0.));
#2344=CARTESIAN_POINT('Ctrl Pts',(19.5575919163636,1.61862692728548,0.));
#2345=CARTESIAN_POINT('Ctrl Pts',(19.3597862533159,1.38185593877281,0.));
#2346=CARTESIAN_POINT('Ctrl Pts',(18.9829943727404,0.930840610632839,0.));
#2347=CARTESIAN_POINT('Ctrl Pts',(18.4033096419566,0.851007079512209,0.));
#2348=CARTESIAN_POINT('Ctrl Pts',(18.12794389585,0.813084017727164,0.));
#2349=CARTESIAN_POINT('',(19.5575919163636,1.61862692728548,0.));
#2350=CARTESIAN_POINT('Ctrl Pts',(20.1638417905045,4.88744675276466,0.));
#2351=CARTESIAN_POINT('Ctrl Pts',(20.1638417905045,4.88744675276466,5.5));
#2352=CARTESIAN_POINT('Ctrl Pts',(20.1642553016268,4.19393042577051,0.));
#2353=CARTESIAN_POINT('Ctrl Pts',(20.1642553016268,4.19393042577051,5.5));
#2354=CARTESIAN_POINT('Ctrl Pts',(20.1649311984557,3.06035635479,0.));
#2355=CARTESIAN_POINT('Ctrl Pts',(20.1649311984557,3.06035635479,5.5));
#2356=CARTESIAN_POINT('Ctrl Pts',(19.7274311073165,2.02179887212808,0.));
#2357=CARTESIAN_POINT('Ctrl Pts',(19.7274311073165,2.02179887212808,5.5));
#2358=CARTESIAN_POINT('Ctrl Pts',(19.5575919163636,1.61862692728548,0.));
#2359=CARTESIAN_POINT('Ctrl Pts',(19.5575919163636,1.61862692728548,5.5));
#2360=CARTESIAN_POINT('Ctrl Pts',(19.5575919163636,1.61862692728548,0.6));
#2361=CARTESIAN_POINT('Ctrl Pts',(19.7274311073165,2.02179887212808,0.6));
#2362=CARTESIAN_POINT('Ctrl Pts',(19.8972702982694,2.42497081697068,0.6));
#2363=CARTESIAN_POINT('Ctrl Pts',(20.0010754134706,2.84246196862285,0.6));
#2364=CARTESIAN_POINT('Ctrl Pts',(20.164668812749,3.50041409877636,0.6));
#2365=CARTESIAN_POINT('Ctrl Pts',(20.1642553016268,4.19393042577051,0.6));
#2366=CARTESIAN_POINT('Ctrl Pts',(20.1638417905045,4.88744675276466,0.6));
#2367=CARTESIAN_POINT('Ctrl Pts',(20.1638417905045,4.88744675276466,0.));
#2368=CARTESIAN_POINT('Ctrl Pts',(20.1642553016268,4.19393042577051,0.));
#2369=CARTESIAN_POINT('Ctrl Pts',(20.1649311984557,3.06035635479,0.));
#2370=CARTESIAN_POINT('Ctrl Pts',(19.7274311073165,2.02179887212808,0.));
#2371=CARTESIAN_POINT('Ctrl Pts',(19.5575919163636,1.61862692728548,0.));
#2372=CARTESIAN_POINT('Origin',(11.2470805187714,1.05776542300557,0.6));
#2373=CARTESIAN_POINT('Origin',(-20.7529194812286,1.05776542300557,0.));
#2374=CARTESIAN_POINT('Ctrl Pts',(19.61740515389,8.17360671065924,0.));
#2375=CARTESIAN_POINT('Ctrl Pts',(19.61740515389,8.17360671065924,0.66));
#2376=CARTESIAN_POINT('Ctrl Pts',(19.7798231728794,7.76796441229401,0.));
#2377=CARTESIAN_POINT('Ctrl Pts',(19.7798231728794,7.76796441229401,0.66));
#2378=CARTESIAN_POINT('Ctrl Pts',(20.1995856849272,6.71959902023872,0.));
#2379=CARTESIAN_POINT('Ctrl Pts',(20.1995856849272,6.71959902023872,0.66));
#2380=CARTESIAN_POINT('Ctrl Pts',(20.1774267841921,5.58378321498305,0.));
#2381=CARTESIAN_POINT('Ctrl Pts',(20.1774267841921,5.58378321498305,0.66));
#2382=CARTESIAN_POINT('Ctrl Pts',(20.1638417905045,4.88744675276466,0.));
#2383=CARTESIAN_POINT('Ctrl Pts',(20.1638417905045,4.88744675276466,0.66));
#2384=CARTESIAN_POINT('',(20.1638417905045,4.88744675276466,0.6));
#2385=CARTESIAN_POINT('',(19.61740515389,8.17360671065924,0.6));
#2386=CARTESIAN_POINT('Ctrl Pts',(20.1638417905045,4.88744675276466,0.6));
#2387=CARTESIAN_POINT('Ctrl Pts',(20.1774267841921,5.58378321498305,0.6));
#2388=CARTESIAN_POINT('Ctrl Pts',(20.1910117778796,6.28011967720144,0.6));
#2389=CARTESIAN_POINT('Ctrl Pts',(20.0384975859083,6.94358730347312,0.6));
#2390=CARTESIAN_POINT('Ctrl Pts',(19.9422411918688,7.36232211392877,0.6));
#2391=CARTESIAN_POINT('Ctrl Pts',(19.7798231728794,7.76796441229401,0.6));
#2392=CARTESIAN_POINT('Ctrl Pts',(19.61740515389,8.17360671065924,0.6));
#2393=CARTESIAN_POINT('',(19.61740515389,8.17360671065924,0.));
#2394=CARTESIAN_POINT('',(19.61740515389,8.17360671065924,0.));
#2395=CARTESIAN_POINT('',(20.1638417905045,4.88744675276466,0.));
#2396=CARTESIAN_POINT('Ctrl Pts',(20.1638417905045,4.88744675276466,0.));
#2397=CARTESIAN_POINT('Ctrl Pts',(20.1774267841921,5.58378321498305,0.));
#2398=CARTESIAN_POINT('Ctrl Pts',(20.1995856849272,6.71959902023872,0.));
#2399=CARTESIAN_POINT('Ctrl Pts',(19.7798231728794,7.76796441229401,0.));
#2400=CARTESIAN_POINT('Ctrl Pts',(19.61740515389,8.17360671065924,0.));
#2401=CARTESIAN_POINT('',(20.1638417905045,4.88744675276466,0.));
#2402=CARTESIAN_POINT('Ctrl Pts',(18.1889908988894,8.99840698737346,0.));
#2403=CARTESIAN_POINT('Ctrl Pts',(18.1889908988894,8.99840698737346,0.66));
#2404=CARTESIAN_POINT('Ctrl Pts',(18.4671083896182,8.95652535533007,0.));
#2405=CARTESIAN_POINT('Ctrl Pts',(18.4671083896182,8.95652535533007,0.66));
#2406=CARTESIAN_POINT('Ctrl Pts',(19.0486555324386,8.86895034022525,0.));
#2407=CARTESIAN_POINT('Ctrl Pts',(19.0486555324386,8.86895034022525,0.66));
#2408=CARTESIAN_POINT('Ctrl Pts',(19.4223994760503,8.41201734110329,0.));
#2409=CARTESIAN_POINT('Ctrl Pts',(19.4223994760503,8.41201734110329,0.66));
#2410=CARTESIAN_POINT('Ctrl Pts',(19.61740515389,8.17360671065924,0.));
#2411=CARTESIAN_POINT('Ctrl Pts',(19.61740515389,8.17360671065924,0.66));
#2412=CARTESIAN_POINT('',(18.1889908988894,8.99840698737346,0.6));
#2413=CARTESIAN_POINT('Ctrl Pts',(19.61740515389,8.17360671065924,0.6));
#2414=CARTESIAN_POINT('Ctrl Pts',(19.4223994760503,8.41201734110329,0.6));
#2415=CARTESIAN_POINT('Ctrl Pts',(19.2273937982106,8.65042797154734,0.6));
#2416=CARTESIAN_POINT('Ctrl Pts',(18.975816526491,8.7882859158553,0.6));
#2417=CARTESIAN_POINT('Ctrl Pts',(18.745225880347,8.91464372328668,0.6));
#2418=CARTESIAN_POINT('Ctrl Pts',(18.4671083896182,8.95652535533007,0.6));
#2419=CARTESIAN_POINT('Ctrl Pts',(18.1889908988894,8.99840698737346,0.6));
#2420=CARTESIAN_POINT('',(18.1889908988894,8.99840698737346,0.));
#2421=CARTESIAN_POINT('',(18.1889908988894,8.99840698737346,0.));
#2422=CARTESIAN_POINT('Ctrl Pts',(19.61740515389,8.17360671065924,0.));
#2423=CARTESIAN_POINT('Ctrl Pts',(19.4223994760503,8.41201734110329,0.));
#2424=CARTESIAN_POINT('Ctrl Pts',(19.0486555324386,8.86895034022525,0.));
#2425=CARTESIAN_POINT('Ctrl Pts',(18.4671083896182,8.95652535533007,0.));
#2426=CARTESIAN_POINT('Ctrl Pts',(18.1889908988894,8.99840698737346,0.));
#2427=CARTESIAN_POINT('Ctrl Pts',(16.8318980278463,8.29452599966511,0.));
#2428=CARTESIAN_POINT('Ctrl Pts',(16.8318980278463,8.29452599966511,0.66));
#2429=CARTESIAN_POINT('Ctrl Pts',(17.0147582585645,8.50176119469022,0.));
#2430=CARTESIAN_POINT('Ctrl Pts',(17.0147582585645,8.50176119469022,0.66));
#2431=CARTESIAN_POINT('Ctrl Pts',(17.3766809634268,8.911927593538,0.));
#2432=CARTESIAN_POINT('Ctrl Pts',(17.3766809634268,8.911927593538,0.66));
#2433=CARTESIAN_POINT('Ctrl Pts',(17.9201217459804,8.96978288670753,0.));
#2434=CARTESIAN_POINT('Ctrl Pts',(17.9201217459804,8.96978288670753,0.66));
#2435=CARTESIAN_POINT('Ctrl Pts',(18.1889908988894,8.99840698737346,0.));
#2436=CARTESIAN_POINT('Ctrl Pts',(18.1889908988894,8.99840698737346,0.66));
#2437=CARTESIAN_POINT('',(16.8318980278463,8.29452599966511,0.6));
#2438=CARTESIAN_POINT('Ctrl Pts',(18.1889908988894,8.99840698737346,0.6));
#2439=CARTESIAN_POINT('Ctrl Pts',(17.9201217459804,8.96978288670753,0.6));
#2440=CARTESIAN_POINT('Ctrl Pts',(17.6512525930714,8.94115878604159,0.6));
#2441=CARTESIAN_POINT('Ctrl Pts',(17.4268155961954,8.8262956604877,0.6));
#2442=CARTESIAN_POINT('Ctrl Pts',(17.1976184892827,8.70899638971534,0.6));
#2443=CARTESIAN_POINT('Ctrl Pts',(17.0147582585645,8.50176119469022,0.6));
#2444=CARTESIAN_POINT('Ctrl Pts',(16.8318980278463,8.29452599966511,0.6));
#2445=CARTESIAN_POINT('',(16.8318980278463,8.29452599966511,0.));
#2446=CARTESIAN_POINT('',(16.8318980278463,8.29452599966511,0.));
#2447=CARTESIAN_POINT('Ctrl Pts',(18.1889908988894,8.99840698737346,0.));
#2448=CARTESIAN_POINT('Ctrl Pts',(17.9201217459804,8.96978288670753,0.));
#2449=CARTESIAN_POINT('Ctrl Pts',(17.3766809634268,8.911927593538,0.));
#2450=CARTESIAN_POINT('Ctrl Pts',(17.0147582585645,8.50176119469022,0.));
#2451=CARTESIAN_POINT('Ctrl Pts',(16.8318980278463,8.29452599966511,0.));
#2452=CARTESIAN_POINT('Ctrl Pts',(16.1667359394601,4.92391976253552,0.));
#2453=CARTESIAN_POINT('Ctrl Pts',(16.1667359394601,4.92391976253552,0.66));
#2454=CARTESIAN_POINT('Ctrl Pts',(16.1703666292756,5.62776929486539,0.));
#2455=CARTESIAN_POINT('Ctrl Pts',(16.1703666292756,5.62776929486539,0.66));
#2456=CARTESIAN_POINT('Ctrl Pts',(16.1764139454405,6.80010867687978,0.));
#2457=CARTESIAN_POINT('Ctrl Pts',(16.1764139454405,6.80010867687978,0.66));
#2458=CARTESIAN_POINT('Ctrl Pts',(16.6447440978064,7.86783970386287,0.));
#2459=CARTESIAN_POINT('Ctrl Pts',(16.6447440978064,7.86783970386287,0.66));
#2460=CARTESIAN_POINT('Ctrl Pts',(16.8318980278463,8.29452599966511,0.));
#2461=CARTESIAN_POINT('Ctrl Pts',(16.8318980278463,8.29452599966511,0.66));
#2462=CARTESIAN_POINT('',(16.1667359394601,4.92391976253552,0.6));
#2463=CARTESIAN_POINT('Ctrl Pts',(16.8318980278463,8.29452599966511,0.6));
#2464=CARTESIAN_POINT('Ctrl Pts',(16.6447440978064,7.86783970386287,0.6));
#2465=CARTESIAN_POINT('Ctrl Pts',(16.4575901677664,7.44115340806063,0.6));
#2466=CARTESIAN_POINT('Ctrl Pts',(16.3442608937645,6.99776159082403,0.6));
#2467=CARTESIAN_POINT('Ctrl Pts',(16.1739973190911,6.33161882719526,0.6));
#2468=CARTESIAN_POINT('Ctrl Pts',(16.1703666292756,5.62776929486539,0.6));
#2469=CARTESIAN_POINT('Ctrl Pts',(16.1667359394601,4.92391976253552,0.6));
#2470=CARTESIAN_POINT('',(16.1667359394601,4.92391976253552,0.));
#2471=CARTESIAN_POINT('',(16.1667359394601,4.92391976253552,0.));
#2472=CARTESIAN_POINT('Ctrl Pts',(16.8318980278463,8.29452599966511,0.));
#2473=CARTESIAN_POINT('Ctrl Pts',(16.6447440978064,7.86783970386287,0.));
#2474=CARTESIAN_POINT('Ctrl Pts',(16.1764139454405,6.80010867687978,0.));
#2475=CARTESIAN_POINT('Ctrl Pts',(16.1703666292756,5.62776929486539,0.));
#2476=CARTESIAN_POINT('Ctrl Pts',(16.1667359394601,4.92391976253552,0.));
#2477=CARTESIAN_POINT('Ctrl Pts',(21.4257256836593,4.87593224569883,0.));
#2478=CARTESIAN_POINT('Ctrl Pts',(21.4257256836593,4.87593224569883,0.66));
#2479=CARTESIAN_POINT('Ctrl Pts',(21.4260070061672,5.32229028064807,0.));
#2480=CARTESIAN_POINT('Ctrl Pts',(21.4260070061672,5.32229028064807,0.66));
#2481=CARTESIAN_POINT('Ctrl Pts',(21.4265080022361,6.11719155791158,0.));
#2482=CARTESIAN_POINT('Ctrl Pts',(21.4265080022361,6.11719155791158,0.66));
#2483=CARTESIAN_POINT('Ctrl Pts',(21.2844767003387,6.89876357786235,0.));
#2484=CARTESIAN_POINT('Ctrl Pts',(21.2844767003387,6.89876357786235,0.66));
#2485=CARTESIAN_POINT('Ctrl Pts',(21.2221997209334,7.24146229244178,0.));
#2486=CARTESIAN_POINT('Ctrl Pts',(21.2221997209334,7.24146229244178,0.66));
#2487=CARTESIAN_POINT('',(21.2221997209334,7.24146229244178,0.6));
#2488=CARTESIAN_POINT('',(21.4257256836593,4.87593224569883,0.6));
#2489=CARTESIAN_POINT('Ctrl Pts',(21.2221997209334,7.24146229244178,0.6));
#2490=CARTESIAN_POINT('Ctrl Pts',(21.2844767003387,6.89876357786235,0.6));
#2491=CARTESIAN_POINT('Ctrl Pts',(21.3467536797441,6.55606486328292,0.6));
#2492=CARTESIAN_POINT('Ctrl Pts',(21.3816275253494,6.21080347745768,0.6));
#2493=CARTESIAN_POINT('Ctrl Pts',(21.426288328675,5.76864831559731,0.6));
#2494=CARTESIAN_POINT('Ctrl Pts',(21.4260070061672,5.32229028064807,0.6));
#2495=CARTESIAN_POINT('Ctrl Pts',(21.4257256836593,4.87593224569883,0.6));
#2496=CARTESIAN_POINT('',(21.4257256836593,4.87593224569883,0.));
#2497=CARTESIAN_POINT('',(21.4257256836593,4.87593224569883,0.));
#2498=CARTESIAN_POINT('',(21.2221997209334,7.24146229244178,0.));
#2499=CARTESIAN_POINT('Ctrl Pts',(21.2221997209334,7.24146229244178,0.));
#2500=CARTESIAN_POINT('Ctrl Pts',(21.2844767003387,6.89876357786235,0.));
#2501=CARTESIAN_POINT('Ctrl Pts',(21.4265080022361,6.11719155791158,0.));
#2502=CARTESIAN_POINT('Ctrl Pts',(21.4260070061672,5.32229028064807,0.));
#2503=CARTESIAN_POINT('Ctrl Pts',(21.4257256836593,4.87593224569883,0.));
#2504=CARTESIAN_POINT('',(21.2221997209334,7.24146229244178,0.));
#2505=CARTESIAN_POINT('Ctrl Pts',(21.038290309322,2.03828492797885,0.));
#2506=CARTESIAN_POINT('Ctrl Pts',(21.038290309322,2.03828492797885,0.66));
#2507=CARTESIAN_POINT('Ctrl Pts',(21.1471956832444,2.45225534866382,0.));
#2508=CARTESIAN_POINT('Ctrl Pts',(21.1471956832444,2.45225534866382,0.66));
#2509=CARTESIAN_POINT('Ctrl Pts',(21.3916284889666,3.3813917885794,0.));
#2510=CARTESIAN_POINT('Ctrl Pts',(21.3916284889666,3.3813917885794,0.66));
#2511=CARTESIAN_POINT('Ctrl Pts',(21.4135636078105,4.34284691236189,0.));
#2512=CARTESIAN_POINT('Ctrl Pts',(21.4135636078105,4.34284691236189,0.66));
#2513=CARTESIAN_POINT('Ctrl Pts',(21.4257256836593,4.87593224569883,0.));
#2514=CARTESIAN_POINT('Ctrl Pts',(21.4257256836593,4.87593224569883,0.66));
#2515=CARTESIAN_POINT('',(21.038290309322,2.03828492797885,0.6));
#2516=CARTESIAN_POINT('Ctrl Pts',(21.4257256836593,4.87593224569883,0.6));
#2517=CARTESIAN_POINT('Ctrl Pts',(21.4135636078105,4.34284691236189,0.6));
#2518=CARTESIAN_POINT('Ctrl Pts',(21.4014015319617,3.80976157902496,0.6));
#2519=CARTESIAN_POINT('Ctrl Pts',(21.320838695357,3.28661173128403,0.6));
#2520=CARTESIAN_POINT('Ctrl Pts',(21.2561010571669,2.8662257693488,0.6));
#2521=CARTESIAN_POINT('Ctrl Pts',(21.1471956832444,2.45225534866382,0.6));
#2522=CARTESIAN_POINT('Ctrl Pts',(21.038290309322,2.03828492797885,0.6));
#2523=CARTESIAN_POINT('',(21.038290309322,2.03828492797885,0.));
#2524=CARTESIAN_POINT('',(21.038290309322,2.03828492797885,0.));
#2525=CARTESIAN_POINT('Ctrl Pts',(21.4257256836593,4.87593224569883,0.));
#2526=CARTESIAN_POINT('Ctrl Pts',(21.4135636078105,4.34284691236189,0.));
#2527=CARTESIAN_POINT('Ctrl Pts',(21.3916284889666,3.3813917885794,0.));
#2528=CARTESIAN_POINT('Ctrl Pts',(21.1471956832444,2.45225534866382,0.));
#2529=CARTESIAN_POINT('Ctrl Pts',(21.038290309322,2.03828492797885,0.));
#2530=CARTESIAN_POINT('Ctrl Pts',(19.9419129519503,0.377006130662239,0.));
#2531=CARTESIAN_POINT('Ctrl Pts',(19.9419129519503,0.377006130662239,0.66));
#2532=CARTESIAN_POINT('Ctrl Pts',(20.1717458504252,0.600854115729301,0.));
#2533=CARTESIAN_POINT('Ctrl Pts',(20.1717458504252,0.600854115729301,0.66));
#2534=CARTESIAN_POINT('Ctrl Pts',(20.6574598787887,1.07392001399468,0.));
#2535=CARTESIAN_POINT('Ctrl Pts',(20.6574598787887,1.07392001399468,0.66));
#2536=CARTESIAN_POINT('Ctrl Pts',(20.9068879939529,1.70553898018062,0.));
#2537=CARTESIAN_POINT('Ctrl Pts',(20.9068879939529,1.70553898018062,0.66));
#2538=CARTESIAN_POINT('Ctrl Pts',(21.038290309322,2.03828492797885,0.));
#2539=CARTESIAN_POINT('Ctrl Pts',(21.038290309322,2.03828492797885,0.66));
#2540=CARTESIAN_POINT('',(19.9419129519503,0.377006130662239,0.6));
#2541=CARTESIAN_POINT('Ctrl Pts',(21.038290309322,2.03828492797885,0.6));
#2542=CARTESIAN_POINT('Ctrl Pts',(20.9068879939529,1.70553898018062,0.6));
#2543=CARTESIAN_POINT('Ctrl Pts',(20.7754856785838,1.37279303238238,0.6));
#2544=CARTESIAN_POINT('Ctrl Pts',(20.5785061349561,1.08405085351545,0.6));
#2545=CARTESIAN_POINT('Ctrl Pts',(20.4015787489001,0.824702100796366,0.6));
#2546=CARTESIAN_POINT('Ctrl Pts',(20.1717458504252,0.600854115729301,0.6));
#2547=CARTESIAN_POINT('Ctrl Pts',(19.9419129519503,0.377006130662239,0.6));
#2548=CARTESIAN_POINT('',(19.9419129519503,0.377006130662239,0.));
#2549=CARTESIAN_POINT('',(19.9419129519503,0.377006130662239,0.));
#2550=CARTESIAN_POINT('Ctrl Pts',(21.038290309322,2.03828492797885,0.));
#2551=CARTESIAN_POINT('Ctrl Pts',(20.9068879939529,1.70553898018062,0.));
#2552=CARTESIAN_POINT('Ctrl Pts',(20.6574598787887,1.07392001399468,0.));
#2553=CARTESIAN_POINT('Ctrl Pts',(20.1717458504252,0.600854115729301,0.));
#2554=CARTESIAN_POINT('Ctrl Pts',(19.9419129519503,0.377006130662239,0.));
#2555=CARTESIAN_POINT('Ctrl Pts',(18.1187322814956,-0.196424050431245,0.));
#2556=CARTESIAN_POINT('Ctrl Pts',(18.1187322814956,-0.196424050431245,0.66));
#2557=CARTESIAN_POINT('Ctrl Pts',(18.4632090330708,-0.179733452847848,0.));
#2558=CARTESIAN_POINT('Ctrl Pts',(18.4632090330708,-0.179733452847848,0.66));
#2559=CARTESIAN_POINT('Ctrl Pts',(19.122415897823,-0.147793542669641,0.));
#2560=CARTESIAN_POINT('Ctrl Pts',(19.122415897823,-0.147793542669641,0.66));
#2561=CARTESIAN_POINT('Ctrl Pts',(19.6770904773564,0.20741583444597,0.));
#2562=CARTESIAN_POINT('Ctrl Pts',(19.6770904773564,0.20741583444597,0.66));
#2563=CARTESIAN_POINT('Ctrl Pts',(19.9419129519503,0.377006130662239,0.));
#2564=CARTESIAN_POINT('Ctrl Pts',(19.9419129519503,0.377006130662239,0.66));
#2565=CARTESIAN_POINT('',(18.1187322814956,-0.196424050431245,0.6));
#2566=CARTESIAN_POINT('Ctrl Pts',(19.9419129519503,0.377006130662239,0.6));
#2567=CARTESIAN_POINT('Ctrl Pts',(19.6770904773564,0.20741583444597,0.6));
#2568=CARTESIAN_POINT('Ctrl Pts',(19.4122680027625,0.0378255382297048,0.6));
#2569=CARTESIAN_POINT('Ctrl Pts',(19.1236177472708,-0.0580765762633805,
0.6));
#2570=CARTESIAN_POINT('Ctrl Pts',(18.807685784646,-0.163042855264449,0.6));
#2571=CARTESIAN_POINT('Ctrl Pts',(18.4632090330708,-0.179733452847848,0.6));
#2572=CARTESIAN_POINT('Ctrl Pts',(18.1187322814956,-0.196424050431245,0.6));
#2573=CARTESIAN_POINT('',(18.1187322814956,-0.196424050431245,0.));
#2574=CARTESIAN_POINT('',(18.1187322814956,-0.196424050431245,0.));
#2575=CARTESIAN_POINT('Ctrl Pts',(19.9419129519503,0.377006130662239,0.));
#2576=CARTESIAN_POINT('Ctrl Pts',(19.6770904773564,0.20741583444597,0.));
#2577=CARTESIAN_POINT('Ctrl Pts',(19.122415897823,-0.147793542669641,0.));
#2578=CARTESIAN_POINT('Ctrl Pts',(18.4632090330708,-0.179733452847848,0.));
#2579=CARTESIAN_POINT('Ctrl Pts',(18.1187322814956,-0.196424050431245,0.));
#2580=CARTESIAN_POINT('Ctrl Pts',(15.8567997112173,0.861094828431876,0.));
#2581=CARTESIAN_POINT('Ctrl Pts',(15.8567997112173,0.861094828431876,0.66));
#2582=CARTESIAN_POINT('Ctrl Pts',(16.1608674492832,0.555951967170769,0.));
#2583=CARTESIAN_POINT('Ctrl Pts',(16.1608674492832,0.555951967170769,0.66));
#2584=CARTESIAN_POINT('Ctrl Pts',(16.7848477034434,-0.0702345573714158,
0.));
#2585=CARTESIAN_POINT('Ctrl Pts',(16.7848477034434,-0.0702345573714158,
0.66));
#2586=CARTESIAN_POINT('Ctrl Pts',(17.6666402801668,-0.153654787330999,0.));
#2587=CARTESIAN_POINT('Ctrl Pts',(17.6666402801668,-0.153654787330999,0.66));
#2588=CARTESIAN_POINT('Ctrl Pts',(18.1187322814956,-0.196424050431245,0.));
#2589=CARTESIAN_POINT('Ctrl Pts',(18.1187322814956,-0.196424050431245,0.66));
#2590=CARTESIAN_POINT('',(15.8567997112173,0.861094828431876,0.6));
#2591=CARTESIAN_POINT('Ctrl Pts',(18.1187322814956,-0.196424050431245,0.6));
#2592=CARTESIAN_POINT('Ctrl Pts',(17.6666402801668,-0.153654787330999,0.6));
#2593=CARTESIAN_POINT('Ctrl Pts',(17.2145482788381,-0.110885524230752,0.6));
#2594=CARTESIAN_POINT('Ctrl Pts',(16.8302242419849,0.0745540604589168,0.6));
#2595=CARTESIAN_POINT('Ctrl Pts',(16.464935187349,0.250809105909657,0.6));
#2596=CARTESIAN_POINT('Ctrl Pts',(16.1608674492832,0.555951967170769,0.6));
#2597=CARTESIAN_POINT('Ctrl Pts',(15.8567997112173,0.861094828431876,0.6));
#2598=CARTESIAN_POINT('',(15.8567997112173,0.861094828431876,0.));
#2599=CARTESIAN_POINT('',(15.8567997112173,0.861094828431876,0.));
#2600=CARTESIAN_POINT('Ctrl Pts',(18.1187322814956,-0.196424050431245,0.));
#2601=CARTESIAN_POINT('Ctrl Pts',(17.6666402801668,-0.153654787330999,0.));
#2602=CARTESIAN_POINT('Ctrl Pts',(16.7848477034434,-0.0702345573714158,
0.));
#2603=CARTESIAN_POINT('Ctrl Pts',(16.1608674492832,0.555951967170769,0.));
#2604=CARTESIAN_POINT('Ctrl Pts',(15.8567997112173,0.861094828431876,0.));
#2605=CARTESIAN_POINT('Ctrl Pts',(14.9048508542621,4.93543428047857,0.));
#2606=CARTESIAN_POINT('Ctrl Pts',(14.9048508542621,4.93543428047857,0.66));
#2607=CARTESIAN_POINT('Ctrl Pts',(14.907149691667,4.10750706037818,0.));
#2608=CARTESIAN_POINT('Ctrl Pts',(14.907149691667,4.10750706037818,0.66));
#2609=CARTESIAN_POINT('Ctrl Pts',(14.9111465195721,2.66804787568813,0.));
#2610=CARTESIAN_POINT('Ctrl Pts',(14.9111465195721,2.66804787568813,0.66));
#2611=CARTESIAN_POINT('Ctrl Pts',(15.5748398625313,1.39986338786616,0.));
#2612=CARTESIAN_POINT('Ctrl Pts',(15.5748398625313,1.39986338786616,0.66));
#2613=CARTESIAN_POINT('Ctrl Pts',(15.8567997112173,0.861094828431876,0.));
#2614=CARTESIAN_POINT('Ctrl Pts',(15.8567997112173,0.861094828431876,0.66));
#2615=CARTESIAN_POINT('',(14.9048508542621,4.93543428047857,0.6));
#2616=CARTESIAN_POINT('Ctrl Pts',(15.8567997112173,0.861094828431876,0.6));
#2617=CARTESIAN_POINT('Ctrl Pts',(15.5748398625313,1.39986338786616,0.6));
#2618=CARTESIAN_POINT('Ctrl Pts',(15.2928800138453,1.93863194730044,0.6));
#2619=CARTESIAN_POINT('Ctrl Pts',(15.1299850796486,2.50831291368461,0.6));
#2620=CARTESIAN_POINT('Ctrl Pts',(14.909448529072,3.27957984027779,0.6));
#2621=CARTESIAN_POINT('Ctrl Pts',(14.907149691667,4.10750706037818,0.6));
#2622=CARTESIAN_POINT('Ctrl Pts',(14.9048508542621,4.93543428047857,0.6));
#2623=CARTESIAN_POINT('',(14.9048508542621,4.93543428047857,0.));
#2624=CARTESIAN_POINT('',(14.9048508542621,4.93543428047857,0.));
#2625=CARTESIAN_POINT('Ctrl Pts',(15.8567997112173,0.861094828431876,0.));
#2626=CARTESIAN_POINT('Ctrl Pts',(15.5748398625313,1.39986338786616,0.));
#2627=CARTESIAN_POINT('Ctrl Pts',(14.9111465195721,2.66804787568813,0.));
#2628=CARTESIAN_POINT('Ctrl Pts',(14.907149691667,4.10750706037818,0.));
#2629=CARTESIAN_POINT('Ctrl Pts',(14.9048508542621,4.93543428047857,0.));
#2630=CARTESIAN_POINT('Ctrl Pts',(16.713203701244,1.64117083645806,0.));
#2631=CARTESIAN_POINT('Ctrl Pts',(16.713203701244,1.64117083645806,0.66));
#2632=CARTESIAN_POINT('Ctrl Pts',(16.5507677929703,2.04709402011574,0.));
#2633=CARTESIAN_POINT('Ctrl Pts',(16.5507677929703,2.04709402011574,0.66));
#2634=CARTESIAN_POINT('Ctrl Pts',(16.1316491388691,3.09446082596022,0.));
#2635=CARTESIAN_POINT('Ctrl Pts',(16.1316491388691,3.09446082596022,0.66));
#2636=CARTESIAN_POINT('Ctrl Pts',(16.1534092782266,4.22905505336454,0.));
#2637=CARTESIAN_POINT('Ctrl Pts',(16.1534092782266,4.22905505336454,0.66));
#2638=CARTESIAN_POINT('Ctrl Pts',(16.1667359394601,4.92391976253552,0.));
#2639=CARTESIAN_POINT('Ctrl Pts',(16.1667359394601,4.92391976253552,0.66));
#2640=CARTESIAN_POINT('',(16.713203701244,1.64117083645806,0.6));
#2641=CARTESIAN_POINT('Ctrl Pts',(16.1667359394601,4.92391976253552,0.6));
#2642=CARTESIAN_POINT('Ctrl Pts',(16.1534092782266,4.22905505336454,0.6));
#2643=CARTESIAN_POINT('Ctrl Pts',(16.140082616993,3.53419034419355,0.6));
#2644=CARTESIAN_POINT('Ctrl Pts',(16.2921190464392,2.87204255458224,0.6));
#2645=CARTESIAN_POINT('Ctrl Pts',(16.3883318846966,2.45301720377341,0.6));
#2646=CARTESIAN_POINT('Ctrl Pts',(16.5507677929703,2.04709402011574,0.6));
#2647=CARTESIAN_POINT('Ctrl Pts',(16.713203701244,1.64117083645806,0.6));
#2648=CARTESIAN_POINT('',(16.713203701244,1.64117083645806,0.));
#2649=CARTESIAN_POINT('',(16.713203701244,1.64117083645806,0.));
#2650=CARTESIAN_POINT('Ctrl Pts',(16.1667359394601,4.92391976253552,0.));
#2651=CARTESIAN_POINT('Ctrl Pts',(16.1534092782266,4.22905505336454,0.));
#2652=CARTESIAN_POINT('Ctrl Pts',(16.1316491388691,3.09446082596022,0.));
#2653=CARTESIAN_POINT('Ctrl Pts',(16.5507677929703,2.04709402011574,0.));
#2654=CARTESIAN_POINT('Ctrl Pts',(16.713203701244,1.64117083645806,0.));
#2655=CARTESIAN_POINT('Ctrl Pts',(18.12794389585,0.813084017727164,0.));
#2656=CARTESIAN_POINT('Ctrl Pts',(18.12794389585,0.813084017727164,0.66));
#2657=CARTESIAN_POINT('Ctrl Pts',(17.8533788192374,0.855756525156077,0.));
#2658=CARTESIAN_POINT('Ctrl Pts',(17.8533788192374,0.855756525156077,0.66));
#2659=CARTESIAN_POINT('Ctrl Pts',(17.2759000911981,0.94550743454453,0.));
#2660=CARTESIAN_POINT('Ctrl Pts',(17.2759000911981,0.94550743454453,0.66));
#2661=CARTESIAN_POINT('Ctrl Pts',(16.9068087597396,1.40181626439174,0.));
#2662=CARTESIAN_POINT('Ctrl Pts',(16.9068087597396,1.40181626439174,0.66));
#2663=CARTESIAN_POINT('Ctrl Pts',(16.713203701244,1.64117083645806,0.));
#2664=CARTESIAN_POINT('Ctrl Pts',(16.713203701244,1.64117083645806,0.66));
#2665=CARTESIAN_POINT('',(18.12794389585,0.813084017727164,0.6));
#2666=CARTESIAN_POINT('Ctrl Pts',(16.713203701244,1.64117083645806,0.6));
#2667=CARTESIAN_POINT('Ctrl Pts',(16.9068087597396,1.40181626439174,0.6));
#2668=CARTESIAN_POINT('Ctrl Pts',(17.1004138182352,1.16246169232542,0.6));
#2669=CARTESIAN_POINT('Ctrl Pts',(17.3513561662436,1.02396464788982,0.6));
#2670=CARTESIAN_POINT('Ctrl Pts',(17.5788137426248,0.898429032584986,0.6));
#2671=CARTESIAN_POINT('Ctrl Pts',(17.8533788192374,0.855756525156077,0.6));
#2672=CARTESIAN_POINT('Ctrl Pts',(18.12794389585,0.813084017727164,0.6));
#2673=CARTESIAN_POINT('',(18.12794389585,0.813084017727164,0.));
#2674=CARTESIAN_POINT('',(18.12794389585,0.813084017727164,0.));
#2675=CARTESIAN_POINT('Ctrl Pts',(16.713203701244,1.64117083645806,0.));
#2676=CARTESIAN_POINT('Ctrl Pts',(16.9068087597396,1.40181626439174,0.));
#2677=CARTESIAN_POINT('Ctrl Pts',(17.2759000911981,0.94550743454453,0.));
#2678=CARTESIAN_POINT('Ctrl Pts',(17.8533788192374,0.855756525156077,0.));
#2679=CARTESIAN_POINT('Ctrl Pts',(18.12794389585,0.813084017727164,0.));
#2680=CARTESIAN_POINT('Ctrl Pts',(19.5575919163636,1.61862692728548,0.));
#2681=CARTESIAN_POINT('Ctrl Pts',(19.5575919163636,1.61862692728548,0.66));
#2682=CARTESIAN_POINT('Ctrl Pts',(19.3597862533159,1.38185593877281,0.));
#2683=CARTESIAN_POINT('Ctrl Pts',(19.3597862533159,1.38185593877281,0.66));
#2684=CARTESIAN_POINT('Ctrl Pts',(18.9829943727404,0.930840610632839,0.));
#2685=CARTESIAN_POINT('Ctrl Pts',(18.9829943727404,0.930840610632839,0.66));
#2686=CARTESIAN_POINT('Ctrl Pts',(18.4033096419566,0.851007079512209,0.));
#2687=CARTESIAN_POINT('Ctrl Pts',(18.4033096419566,0.851007079512209,0.66));
#2688=CARTESIAN_POINT('Ctrl Pts',(18.12794389585,0.813084017727164,0.));
#2689=CARTESIAN_POINT('Ctrl Pts',(18.12794389585,0.813084017727164,0.66));
#2690=CARTESIAN_POINT('',(19.5575919163636,1.61862692728548,0.6));
#2691=CARTESIAN_POINT('Ctrl Pts',(18.12794389585,0.813084017727164,0.6));
#2692=CARTESIAN_POINT('Ctrl Pts',(18.4033096419566,0.851007079512209,0.6));
#2693=CARTESIAN_POINT('Ctrl Pts',(18.6786753880633,0.888930141297255,0.6));
#2694=CARTESIAN_POINT('Ctrl Pts',(18.9082582812032,1.0106105243453,0.6));
#2695=CARTESIAN_POINT('Ctrl Pts',(19.1619805902682,1.14508495026014,0.6));
#2696=CARTESIAN_POINT('Ctrl Pts',(19.3597862533159,1.38185593877281,0.6));
#2697=CARTESIAN_POINT('Ctrl Pts',(19.5575919163636,1.61862692728548,0.6));
#2698=CARTESIAN_POINT('',(19.5575919163636,1.61862692728548,0.));
#2699=CARTESIAN_POINT('',(19.5575919163636,1.61862692728548,0.));
#2700=CARTESIAN_POINT('Ctrl Pts',(18.12794389585,0.813084017727164,0.));
#2701=CARTESIAN_POINT('Ctrl Pts',(18.4033096419566,0.851007079512209,0.));
#2702=CARTESIAN_POINT('Ctrl Pts',(18.9829943727404,0.930840610632839,0.));
#2703=CARTESIAN_POINT('Ctrl Pts',(19.3597862533159,1.38185593877281,0.));
#2704=CARTESIAN_POINT('Ctrl Pts',(19.5575919163636,1.61862692728548,0.));
#2705=CARTESIAN_POINT('Ctrl Pts',(20.1638417905045,4.88744675276466,0.));
#2706=CARTESIAN_POINT('Ctrl Pts',(20.1638417905045,4.88744675276466,0.66));
#2707=CARTESIAN_POINT('Ctrl Pts',(20.1642553016268,4.19393042577051,0.));
#2708=CARTESIAN_POINT('Ctrl Pts',(20.1642553016268,4.19393042577051,0.66));
#2709=CARTESIAN_POINT('Ctrl Pts',(20.1649311984557,3.06035635479,0.));
#2710=CARTESIAN_POINT('Ctrl Pts',(20.1649311984557,3.06035635479,0.66));
#2711=CARTESIAN_POINT('Ctrl Pts',(19.7274311073165,2.02179887212808,0.));
#2712=CARTESIAN_POINT('Ctrl Pts',(19.7274311073165,2.02179887212808,0.66));
#2713=CARTESIAN_POINT('Ctrl Pts',(19.5575919163636,1.61862692728548,0.));
#2714=CARTESIAN_POINT('Ctrl Pts',(19.5575919163636,1.61862692728548,0.66));
#2715=CARTESIAN_POINT('Ctrl Pts',(19.5575919163636,1.61862692728548,0.6));
#2716=CARTESIAN_POINT('Ctrl Pts',(19.7274311073165,2.02179887212808,0.6));
#2717=CARTESIAN_POINT('Ctrl Pts',(19.8972702982694,2.42497081697068,0.6));
#2718=CARTESIAN_POINT('Ctrl Pts',(20.0010754134706,2.84246196862285,0.6));
#2719=CARTESIAN_POINT('Ctrl Pts',(20.164668812749,3.50041409877636,0.6));
#2720=CARTESIAN_POINT('Ctrl Pts',(20.1642553016268,4.19393042577051,0.6));
#2721=CARTESIAN_POINT('Ctrl Pts',(20.1638417905045,4.88744675276466,0.6));
#2722=CARTESIAN_POINT('Ctrl Pts',(19.5575919163636,1.61862692728548,0.));
#2723=CARTESIAN_POINT('Ctrl Pts',(19.7274311073165,2.02179887212808,0.));
#2724=CARTESIAN_POINT('Ctrl Pts',(20.1649311984557,3.06035635479,0.));
#2725=CARTESIAN_POINT('Ctrl Pts',(20.1642553016268,4.19393042577051,0.));
#2726=CARTESIAN_POINT('Ctrl Pts',(20.1638417905045,4.88744675276466,0.));
#2727=CARTESIAN_POINT('Ctrl Pts',(15.2958223353614,7.7866922107725,0.));
#2728=CARTESIAN_POINT('Ctrl Pts',(15.2958223353614,7.7866922107725,0.66));
#2729=CARTESIAN_POINT('Ctrl Pts',(15.1859247225877,7.37162350451938,0.));
#2730=CARTESIAN_POINT('Ctrl Pts',(15.1859247225877,7.37162350451938,0.66));
#2731=CARTESIAN_POINT('Ctrl Pts',(14.938799102134,6.43826281564915,0.));
#2732=CARTESIAN_POINT('Ctrl Pts',(14.938799102134,6.43826281564915,0.66));
#2733=CARTESIAN_POINT('Ctrl Pts',(14.9169715943272,5.47199787886955,0.));
#2734=CARTESIAN_POINT('Ctrl Pts',(14.9169715943272,5.47199787886955,0.66));
#2735=CARTESIAN_POINT('Ctrl Pts',(14.9048508542621,4.93543428047857,0.));
#2736=CARTESIAN_POINT('Ctrl Pts',(14.9048508542621,4.93543428047857,0.66));
#2737=CARTESIAN_POINT('',(15.2958223353614,7.7866922107725,0.6));
#2738=CARTESIAN_POINT('Ctrl Pts',(14.9048508542621,4.93543428047857,0.6));
#2739=CARTESIAN_POINT('Ctrl Pts',(14.9169715943272,5.47199787886955,0.6));
#2740=CARTESIAN_POINT('Ctrl Pts',(14.9290923343923,6.00856147726053,0.6));
#2741=CARTESIAN_POINT('Ctrl Pts',(15.0106847101767,6.53497891021087,0.6));
#2742=CARTESIAN_POINT('Ctrl Pts',(15.0760271098139,6.95655479826625,0.6));
#2743=CARTESIAN_POINT('Ctrl Pts',(15.1859247225877,7.37162350451938,0.6));
#2744=CARTESIAN_POINT('Ctrl Pts',(15.2958223353614,7.7866922107725,0.6));
#2745=CARTESIAN_POINT('',(15.2958223353614,7.7866922107725,0.));
#2746=CARTESIAN_POINT('',(15.2958223353614,7.7866922107725,0.));
#2747=CARTESIAN_POINT('Ctrl Pts',(14.9048508542621,4.93543428047857,0.));
#2748=CARTESIAN_POINT('Ctrl Pts',(14.9169715943272,5.47199787886955,0.));
#2749=CARTESIAN_POINT('Ctrl Pts',(14.938799102134,6.43826281564915,0.));
#2750=CARTESIAN_POINT('Ctrl Pts',(15.1859247225877,7.37162350451938,0.));
#2751=CARTESIAN_POINT('Ctrl Pts',(15.2958223353614,7.7866922107725,0.));
#2752=CARTESIAN_POINT('Ctrl Pts',(16.3955790142364,9.44453004858444,0.));
#2753=CARTESIAN_POINT('Ctrl Pts',(16.3955790142364,9.44453004858444,0.66));
#2754=CARTESIAN_POINT('Ctrl Pts',(16.1655441052819,9.22155068608996,0.));
#2755=CARTESIAN_POINT('Ctrl Pts',(16.1655441052819,9.22155068608996,0.66));
#2756=CARTESIAN_POINT('Ctrl Pts',(15.678961888465,8.74989274078019,0.));
#2757=CARTESIAN_POINT('Ctrl Pts',(15.678961888465,8.74989274078019,0.66));
#2758=CARTESIAN_POINT('Ctrl Pts',(15.4280919029402,8.11921365514893,0.));
#2759=CARTESIAN_POINT('Ctrl Pts',(15.4280919029402,8.11921365514893,0.66));
#2760=CARTESIAN_POINT('Ctrl Pts',(15.2958223353614,7.7866922107725,0.));
#2761=CARTESIAN_POINT('Ctrl Pts',(15.2958223353614,7.7866922107725,0.66));
#2762=CARTESIAN_POINT('',(16.3955790142364,9.44453004858444,0.6));
#2763=CARTESIAN_POINT('Ctrl Pts',(15.2958223353614,7.7866922107725,0.6));
#2764=CARTESIAN_POINT('Ctrl Pts',(15.4280919029402,8.11921365514893,0.6));
#2765=CARTESIAN_POINT('Ctrl Pts',(15.5603614705189,8.45173509952535,0.6));
#2766=CARTESIAN_POINT('Ctrl Pts',(15.7581556680473,8.74005094066847,0.6));
#2767=CARTESIAN_POINT('Ctrl Pts',(15.9355091963275,8.99857132359547,0.6));
#2768=CARTESIAN_POINT('Ctrl Pts',(16.1655441052819,9.22155068608996,0.6));
#2769=CARTESIAN_POINT('Ctrl Pts',(16.3955790142364,9.44453004858444,0.6));
#2770=CARTESIAN_POINT('',(16.3955790142364,9.44453004858444,0.));
#2771=CARTESIAN_POINT('',(16.3955790142364,9.44453004858444,0.));
#2772=CARTESIAN_POINT('Ctrl Pts',(15.2958223353614,7.7866922107725,0.));
#2773=CARTESIAN_POINT('Ctrl Pts',(15.4280919029402,8.11921365514893,0.));
#2774=CARTESIAN_POINT('Ctrl Pts',(15.678961888465,8.74989274078019,0.));
#2775=CARTESIAN_POINT('Ctrl Pts',(16.1655441052819,9.22155068608996,0.));
#2776=CARTESIAN_POINT('Ctrl Pts',(16.3955790142364,9.44453004858444,0.));
#2777=CARTESIAN_POINT('Ctrl Pts',(18.2119064850102,10.0146102561564,0.));
#2778=CARTESIAN_POINT('Ctrl Pts',(18.2119064850102,10.0146102561564,0.66));
#2779=CARTESIAN_POINT('Ctrl Pts',(17.8692585085891,9.99789596710751,0.));
#2780=CARTESIAN_POINT('Ctrl Pts',(17.8692585085891,9.99789596710751,0.66));
#2781=CARTESIAN_POINT('Ctrl Pts',(17.212866587731,9.96587732100565,0.));
#2782=CARTESIAN_POINT('Ctrl Pts',(17.212866587731,9.96587732100565,0.66));
#2783=CARTESIAN_POINT('Ctrl Pts',(16.6598915051157,9.61313483428744,0.));
#2784=CARTESIAN_POINT('Ctrl Pts',(16.6598915051157,9.61313483428744,0.66));
#2785=CARTESIAN_POINT('Ctrl Pts',(16.3955790142364,9.44453004858444,0.));
#2786=CARTESIAN_POINT('Ctrl Pts',(16.3955790142364,9.44453004858444,0.66));
#2787=CARTESIAN_POINT('',(18.2119064850102,10.0146102561564,0.6));
#2788=CARTESIAN_POINT('Ctrl Pts',(16.3955790142364,9.44453004858444,0.6));
#2789=CARTESIAN_POINT('Ctrl Pts',(16.6916456526397,9.63339078670442,0.6));
#2790=CARTESIAN_POINT('Ctrl Pts',(16.9475686360439,9.79664391042091,0.6));
#2791=CARTESIAN_POINT('Ctrl Pts',(17.5555145641522,9.98259161005449,0.6));
#2792=CARTESIAN_POINT('Ctrl Pts',(17.8837105245812,9.99860093310543,0.6));
#2793=CARTESIAN_POINT('Ctrl Pts',(18.2119064850102,10.0146102561564,0.6));
#2794=CARTESIAN_POINT('',(18.2119064850102,10.0146102561564,0.));
#2795=CARTESIAN_POINT('',(18.2119064850102,10.0146102561564,0.));
#2796=CARTESIAN_POINT('Ctrl Pts',(16.3955790142364,9.44453004858444,0.));
#2797=CARTESIAN_POINT('Ctrl Pts',(16.6598915051157,9.61313483428744,0.));
#2798=CARTESIAN_POINT('Ctrl Pts',(17.212866587731,9.96587732100565,0.));
#2799=CARTESIAN_POINT('Ctrl Pts',(17.8692585085891,9.99789596710751,0.));
#2800=CARTESIAN_POINT('Ctrl Pts',(18.2119064850102,10.0146102561564,0.));
#2801=CARTESIAN_POINT('Ctrl Pts',(19.6208967113609,9.67773027955839,0.));
#2802=CARTESIAN_POINT('Ctrl Pts',(19.6208967113609,9.67773027955839,0.66));
#2803=CARTESIAN_POINT('Ctrl Pts',(19.4060785552138,9.77415381613255,0.));
#2804=CARTESIAN_POINT('Ctrl Pts',(19.4060785552138,9.77415381613255,0.66));
#2805=CARTESIAN_POINT('Ctrl Pts',(18.9581197800831,9.97522513204101,0.));
#2806=CARTESIAN_POINT('Ctrl Pts',(18.9581197800831,9.97522513204101,0.66));
#2807=CARTESIAN_POINT('Ctrl Pts',(18.467335620626,10.0011287110334,0.));
#2808=CARTESIAN_POINT('Ctrl Pts',(18.467335620626,10.0011287110334,0.66));
#2809=CARTESIAN_POINT('Ctrl Pts',(18.2119064850102,10.0146102561564,0.));
#2810=CARTESIAN_POINT('Ctrl Pts',(18.2119064850102,10.0146102561564,0.66));
#2811=CARTESIAN_POINT('',(19.6208967113609,9.67773027955839,0.6));
#2812=CARTESIAN_POINT('Ctrl Pts',(18.2119064850102,10.0146102561564,0.6));
#2813=CARTESIAN_POINT('Ctrl Pts',(18.467335620626,10.0011287110334,0.6));
#2814=CARTESIAN_POINT('Ctrl Pts',(18.7227647562419,9.98764716591037,0.6));
#2815=CARTESIAN_POINT('Ctrl Pts',(18.966593809769,9.92671805763108,0.6));
#2816=CARTESIAN_POINT('Ctrl Pts',(19.1912603990667,9.8705773527067,0.6));
#2817=CARTESIAN_POINT('Ctrl Pts',(19.4060785552138,9.77415381613255,0.6));
#2818=CARTESIAN_POINT('Ctrl Pts',(19.6208967113609,9.67773027955839,0.6));
#2819=CARTESIAN_POINT('',(19.6208967113609,9.67773027955839,0.));
#2820=CARTESIAN_POINT('',(19.6208967113609,9.67773027955839,0.));
#2821=CARTESIAN_POINT('Ctrl Pts',(18.2119064850102,10.0146102561564,0.));
#2822=CARTESIAN_POINT('Ctrl Pts',(18.467335620626,10.0011287110334,0.));
#2823=CARTESIAN_POINT('Ctrl Pts',(18.9581197800831,9.97522513204101,0.));
#2824=CARTESIAN_POINT('Ctrl Pts',(19.4060785552138,9.77415381613255,0.));
#2825=CARTESIAN_POINT('Ctrl Pts',(19.6208967113609,9.67773027955839,0.));
#2826=CARTESIAN_POINT('Ctrl Pts',(20.6150569385289,8.73410361605128,0.));
#2827=CARTESIAN_POINT('Ctrl Pts',(20.6150569385289,8.73410361605128,0.66));
#2828=CARTESIAN_POINT('Ctrl Pts',(20.477629543425,8.9261142069837,0.));
#2829=CARTESIAN_POINT('Ctrl Pts',(20.477629543425,8.9261142069837,0.66));
#2830=CARTESIAN_POINT('Ctrl Pts',(20.2067241770444,9.30461733910096,0.));
#2831=CARTESIAN_POINT('Ctrl Pts',(20.2067241770444,9.30461733910096,0.66));
#2832=CARTESIAN_POINT('Ctrl Pts',(19.8142653651997,9.55457397287699,0.));
#2833=CARTESIAN_POINT('Ctrl Pts',(19.8142653651997,9.55457397287699,0.66));
#2834=CARTESIAN_POINT('Ctrl Pts',(19.6208967113609,9.67773027955839,0.));
#2835=CARTESIAN_POINT('Ctrl Pts',(19.6208967113609,9.67773027955839,0.66));
#2836=CARTESIAN_POINT('',(20.6150569385289,8.73410361605128,0.6));
#2837=CARTESIAN_POINT('Ctrl Pts',(19.6208967113609,9.67773027955839,0.6));
#2838=CARTESIAN_POINT('Ctrl Pts',(19.8224469391471,9.54936313642444,0.6));
#2839=CARTESIAN_POINT('Ctrl Pts',(20.0132744747718,9.42782526545063,0.6));
#2840=CARTESIAN_POINT('Ctrl Pts',(20.3441515721482,9.11260674816853,0.6));
#2841=CARTESIAN_POINT('Ctrl Pts',(20.4796042553385,8.9233551821099,0.6));
#2842=CARTESIAN_POINT('Ctrl Pts',(20.6150569385289,8.73410361605128,0.6));
#2843=CARTESIAN_POINT('',(20.6150569385289,8.73410361605128,0.));
#2844=CARTESIAN_POINT('',(20.6150569385289,8.73410361605128,0.));
#2845=CARTESIAN_POINT('Ctrl Pts',(19.6208967113609,9.67773027955839,0.));
#2846=CARTESIAN_POINT('Ctrl Pts',(19.8142653651997,9.55457397287699,0.));
#2847=CARTESIAN_POINT('Ctrl Pts',(20.2067241770444,9.30461733910096,0.));
#2848=CARTESIAN_POINT('Ctrl Pts',(20.477629543425,8.9261142069837,0.));
#2849=CARTESIAN_POINT('Ctrl Pts',(20.6150569385289,8.73410361605128,0.));
#2850=CARTESIAN_POINT('Ctrl Pts',(21.2221997209334,7.24146229244178,0.));
#2851=CARTESIAN_POINT('Ctrl Pts',(21.2221997209334,7.24146229244178,0.66));
#2852=CARTESIAN_POINT('Ctrl Pts',(21.1466077018928,7.51688287327813,0.));
#2853=CARTESIAN_POINT('Ctrl Pts',(21.1466077018928,7.51688287327813,0.66));
#2854=CARTESIAN_POINT('Ctrl Pts',(21.0033638211359,8.03879396045426,0.));
#2855=CARTESIAN_POINT('Ctrl Pts',(21.0033638211359,8.03879396045426,0.66));
#2856=CARTESIAN_POINT('Ctrl Pts',(20.7396193560417,8.51105979298105,0.));
#2857=CARTESIAN_POINT('Ctrl Pts',(20.7396193560417,8.51105979298105,0.66));
#2858=CARTESIAN_POINT('Ctrl Pts',(20.6150569385289,8.73410361605128,0.));
#2859=CARTESIAN_POINT('Ctrl Pts',(20.6150569385289,8.73410361605128,0.66));
#2860=CARTESIAN_POINT('Ctrl Pts',(20.6150569385289,8.73410361605128,0.6));
#2861=CARTESIAN_POINT('Ctrl Pts',(20.7396193560417,8.51105979298105,0.6));
#2862=CARTESIAN_POINT('Ctrl Pts',(20.8641817735544,8.28801596991083,0.6));
#2863=CARTESIAN_POINT('Ctrl Pts',(20.9618662188244,8.05389864222822,0.6));
#2864=CARTESIAN_POINT('Ctrl Pts',(21.0710156828522,7.79230345411449,0.6));
#2865=CARTESIAN_POINT('Ctrl Pts',(21.1466077018928,7.51688287327813,0.6));
#2866=CARTESIAN_POINT('Ctrl Pts',(21.2221997209334,7.24146229244178,0.6));
#2867=CARTESIAN_POINT('Ctrl Pts',(20.6150569385289,8.73410361605128,0.));
#2868=CARTESIAN_POINT('Ctrl Pts',(20.7396193560417,8.51105979298105,0.));
#2869=CARTESIAN_POINT('Ctrl Pts',(21.0033638211359,8.03879396045426,0.));
#2870=CARTESIAN_POINT('Ctrl Pts',(21.1466077018928,7.51688287327813,0.));
#2871=CARTESIAN_POINT('Ctrl Pts',(21.2221997209334,7.24146229244178,0.));
#2872=CARTESIAN_POINT('Origin',(12.1277504218538,4.93767609752817,0.));
#2873=CARTESIAN_POINT('Origin',(12.1277504218538,4.93767609752817,0.6));
#2874=CARTESIAN_POINT('Origin',(13.0659282803278,0.0202216158298438,0.));
#2875=CARTESIAN_POINT('',(13.0786876092576,1.41852651693414,0.6));
#2876=CARTESIAN_POINT('',(13.0659282803278,0.0202216158298438,0.6));
#2877=CARTESIAN_POINT('',(13.0883228865584,2.47446414087229,0.6));
#2878=CARTESIAN_POINT('',(13.0659282803278,0.0202216158298438,0.));
#2879=CARTESIAN_POINT('',(13.0659282803278,0.0202216158298438,0.));
#2880=CARTESIAN_POINT('',(13.0786876092576,1.41852651693414,0.));
#2881=CARTESIAN_POINT('',(13.0786876092576,1.41852651693414,0.));
#2882=CARTESIAN_POINT('',(13.0786876092576,1.41852651693414,0.));
#2883=CARTESIAN_POINT('Origin',(11.6676233792235,0.032980944759622,0.));
#2884=CARTESIAN_POINT('',(11.6676233792235,0.0329809447596219,0.6));
#2885=CARTESIAN_POINT('',(11.8752922943081,0.0310859961014556,0.6));
#2886=CARTESIAN_POINT('',(11.6676233792235,0.0329809447596219,0.));
#2887=CARTESIAN_POINT('',(11.6676233792235,0.0329809447596219,0.));
#2888=CARTESIAN_POINT('',(13.0659282803278,0.0202216158298429,0.));
#2889=CARTESIAN_POINT('Origin',(11.6803827081533,1.43128584586392,0.));
#2890=CARTESIAN_POINT('',(11.6803827081533,1.43128584586392,0.6));
#2891=CARTESIAN_POINT('',(11.696397649919,3.18637592035421,0.6));
#2892=CARTESIAN_POINT('',(11.6803827081533,1.43128584586392,0.));
#2893=CARTESIAN_POINT('',(11.6803827081533,1.43128584586392,0.));
#2894=CARTESIAN_POINT('',(11.6676233792235,0.0329809447596219,0.));
#2895=CARTESIAN_POINT('Origin',(13.0786876092576,1.41852651693414,0.));
#2896=CARTESIAN_POINT('',(12.5872040737901,1.42301123274086,0.6));
#2897=CARTESIAN_POINT('',(11.6803827081533,1.43128584586392,0.));
#2898=CARTESIAN_POINT('Origin',(12.1277504218538,4.93767609752817,0.));
#2899=CARTESIAN_POINT('Origin',(12.1277504218538,4.93767609752817,0.6));
#2900=CARTESIAN_POINT('Origin',(7.17741763578865,3.59388177798313,0.));
#2901=CARTESIAN_POINT('',(4.04657916540534,3.62245022384789,0.6));
#2902=CARTESIAN_POINT('',(7.17741763578865,3.59388177798313,0.6));
#2903=CARTESIAN_POINT('',(9.64624750281075,3.5713540643778,0.6));
#2904=CARTESIAN_POINT('',(7.17741763578865,3.59388177798313,0.));
#2905=CARTESIAN_POINT('',(7.17741763578865,3.59388177798313,0.));
#2906=CARTESIAN_POINT('',(4.04657916540534,3.62245022384789,0.));
#2907=CARTESIAN_POINT('',(4.04657916540534,3.62245022384789,0.));
#2908=CARTESIAN_POINT('',(4.04657916540534,3.62245022384789,0.));
#2909=CARTESIAN_POINT('Origin',(9.7557553749342,3.5703548209655,0.));
#2910=CARTESIAN_POINT('',(8.40519776701009,3.58267846278676,0.6));
#2911=CARTESIAN_POINT('',(9.7557553749342,3.5703548209655,0.6));
#2912=CARTESIAN_POINT('',(10.9354163723835,3.55959058586899,0.6));
#2913=CARTESIAN_POINT('',(9.7557553749342,3.5703548209655,0.));
#2914=CARTESIAN_POINT('',(9.7557553749342,3.5703548209655,0.));
#2915=CARTESIAN_POINT('',(8.40519776701009,3.58267846278676,0.));
#2916=CARTESIAN_POINT('',(8.40519776701009,3.58267846278676,0.));
#2917=CARTESIAN_POINT('',(8.40519776701009,3.58267846278676,0.));
#2918=CARTESIAN_POINT('Origin',(9.74548567341649,2.4448901476954,0.));
#2919=CARTESIAN_POINT('',(9.74548567341649,2.4448901476954,0.6));
#2920=CARTESIAN_POINT('',(9.75695705018584,3.7020473577083,0.6));
#2921=CARTESIAN_POINT('',(9.74548567341649,2.4448901476954,0.));
#2922=CARTESIAN_POINT('',(9.74548567341649,2.4448901476954,0.));
#2923=CARTESIAN_POINT('',(9.7557553749342,3.5703548209655,0.));
#2924=CARTESIAN_POINT('Origin',(8.39492806549237,2.45721378951666,0.));
#2925=CARTESIAN_POINT('',(8.39492806549237,2.45721378951666,0.6));
#2926=CARTESIAN_POINT('',(10.2498678669038,2.44028773350952,0.6));
#2927=CARTESIAN_POINT('',(8.39492806549237,2.45721378951666,0.));
#2928=CARTESIAN_POINT('',(8.39492806549237,2.45721378951666,0.));
#2929=CARTESIAN_POINT('',(9.74548567341649,2.4448901476954,0.));
#2930=CARTESIAN_POINT('Origin',(8.37308160656999,0.063043159457567,0.));
#2931=CARTESIAN_POINT('',(8.37308160656999,0.063043159457567,0.6));
#2932=CARTESIAN_POINT('',(8.39547621280053,2.51728568450001,0.6));
#2933=CARTESIAN_POINT('',(8.37308160656999,0.063043159457567,0.));
#2934=CARTESIAN_POINT('',(8.37308160656999,0.063043159457567,0.));
#2935=CARTESIAN_POINT('',(8.39492806549237,2.45721378951666,0.));
#2936=CARTESIAN_POINT('Origin',(7.14530147534855,0.0742464746539362,0.));
#2937=CARTESIAN_POINT('',(7.14530147534855,0.0742464746539362,0.6));
#2938=CARTESIAN_POINT('',(9.61413134237065,0.0517187610486131,0.6));
#2939=CARTESIAN_POINT('',(7.14530147534855,0.0742464746539362,0.));
#2940=CARTESIAN_POINT('',(7.14530147534855,0.0742464746539362,0.));
#2941=CARTESIAN_POINT('',(8.37308160656999,0.0630431594575653,0.));
#2942=CARTESIAN_POINT('Origin',(7.21855868675973,8.10256193867613,0.));
#2943=CARTESIAN_POINT('',(7.21855868675973,8.10256193867613,0.6));
#2944=CARTESIAN_POINT('',(7.20432468728468,6.54264673170747,0.6));
#2945=CARTESIAN_POINT('',(7.21855868675973,8.10256193867613,0.));
#2946=CARTESIAN_POINT('',(7.21855868675973,8.10256193867613,0.));
#2947=CARTESIAN_POINT('',(7.17741763578865,3.59388177798313,0.));
#2948=CARTESIAN_POINT('Origin',(4.04657916540534,3.62245022384789,0.));
#2949=CARTESIAN_POINT('',(5.70587721274054,5.96604688650349,0.6));
#2950=CARTESIAN_POINT('',(7.21855868675972,8.10256193867613,0.));
#2951=CARTESIAN_POINT('Origin',(7.16714793427093,2.46841710471303,0.));
#2952=CARTESIAN_POINT('',(7.16714793427093,2.46841710471303,0.6));
#2953=CARTESIAN_POINT('',(7.17861931104028,3.72557431472592,0.6));
#2954=CARTESIAN_POINT('',(7.16714793427093,2.46841710471303,0.));
#2955=CARTESIAN_POINT('',(7.16714793427093,2.46841710471303,0.));
#2956=CARTESIAN_POINT('',(7.14530147534855,0.0742464746539362,0.));
#2957=CARTESIAN_POINT('Origin',(2.8289928414716,2.5080021392314,0.));
#2958=CARTESIAN_POINT('',(2.8289928414716,2.5080021392314,0.6));
#2959=CARTESIAN_POINT('',(7.46690025489337,2.4656819083669,0.6));
#2960=CARTESIAN_POINT('',(2.8289928414716,2.5080021392314,0.));
#2961=CARTESIAN_POINT('',(2.8289928414716,2.5080021392314,0.));
#2962=CARTESIAN_POINT('',(7.16714793427093,2.46841710471303,0.));
#2963=CARTESIAN_POINT('Origin',(2.83926254298931,3.6334668125015,0.));
#2964=CARTESIAN_POINT('',(2.83926254298931,3.6334668125015,0.6));
#2965=CARTESIAN_POINT('',(2.8455990689998,4.32789168587934,0.6));
#2966=CARTESIAN_POINT('',(2.83926254298931,3.6334668125015,0.));
#2967=CARTESIAN_POINT('',(2.83926254298931,3.6334668125015,0.));
#2968=CARTESIAN_POINT('',(2.8289928414716,2.5080021392314,0.));
#2969=CARTESIAN_POINT('Origin',(7.46163915757549,10.0717762454876,0.));
#2970=CARTESIAN_POINT('',(7.46163915757549,10.0717762454876,0.6));
#2971=CARTESIAN_POINT('',(7.0390348779905,9.48314893392529,0.6));
#2972=CARTESIAN_POINT('',(7.46163915757549,10.0717762454876,0.));
#2973=CARTESIAN_POINT('',(7.46163915757549,10.0717762454876,0.));
#2974=CARTESIAN_POINT('',(2.83926254298931,3.6334668125015,0.));
#2975=CARTESIAN_POINT('Origin',(8.46432635414292,10.0626268705948,0.));
#2976=CARTESIAN_POINT('',(8.46432635414292,10.0626268705948,0.6));
#2977=CARTESIAN_POINT('',(10.3192661555543,10.0457008145876,0.6));
#2978=CARTESIAN_POINT('',(8.46432635414292,10.0626268705948,0.));
#2979=CARTESIAN_POINT('',(8.46432635414292,10.0626268705948,0.));
#2980=CARTESIAN_POINT('',(7.46163915757549,10.0717762454876,0.));
#2981=CARTESIAN_POINT('Origin',(8.40519776701009,3.58267846278676,0.));
#2982=CARTESIAN_POINT('',(8.41153429302058,4.2771033361646,0.6));
#2983=CARTESIAN_POINT('',(8.46432635414292,10.0626268705948,0.));
#2984=CARTESIAN_POINT('Origin',(12.1277504218538,4.93767609752817,0.));
#2985=CARTESIAN_POINT('Origin',(12.1277504218538,4.93767609752817,0.6));
#2986=CARTESIAN_POINT('Origin',(7.17741763578865,3.59388177798313,0.));
#2987=CARTESIAN_POINT('',(4.04657916540534,3.62245022384789,0.6));
#2988=CARTESIAN_POINT('',(7.17741763578865,3.59388177798313,0.6));
#2989=CARTESIAN_POINT('',(9.22364954844282,3.57521020927194,0.6));
#2990=CARTESIAN_POINT('',(4.04657916540534,3.62245022384789,0.));
#2991=CARTESIAN_POINT('',(4.04657916540534,3.62245022384789,0.));
#2992=CARTESIAN_POINT('',(7.17741763578865,3.59388177798313,0.));
#2993=CARTESIAN_POINT('',(-6.77501835492363,3.72119572792108,0.));
#2994=CARTESIAN_POINT('',(7.17741763578865,3.59388177798313,0.));
#2995=CARTESIAN_POINT('Origin',(7.21855868675973,8.10256193867613,0.));
#2996=CARTESIAN_POINT('',(7.21855868675973,8.10256193867613,0.6));
#2997=CARTESIAN_POINT('',(7.18658769011138,4.59883524955204,0.6));
#2998=CARTESIAN_POINT('',(7.21855868675973,8.10256193867613,0.));
#2999=CARTESIAN_POINT('',(7.18525559347783,4.45284973090292,0.));
#3000=CARTESIAN_POINT('',(7.21855868675973,8.10256193867613,0.));
#3001=CARTESIAN_POINT('Origin',(4.04657916540534,3.62245022384789,0.));
#3002=CARTESIAN_POINT('',(4.64395423843079,4.46618425327345,0.6));
#3003=CARTESIAN_POINT('',(-0.698495556490135,-3.07950503979211,0.));
#3004=CARTESIAN_POINT('Origin',(11.2470805187714,1.05776542300557,0.6));
#3005=CARTESIAN_POINT('Origin',(-20.7529194812286,1.05776542300557,0.));
#3006=CARTESIAN_POINT('Origin',(-20.7529194812286,1.05776542300557,4.));
#3007=CARTESIAN_POINT('',(-35.7529194812286,-13.9422345769944,4.));
#3008=CARTESIAN_POINT('',(-5.75291948122862,-13.9422345769944,4.));
#3009=CARTESIAN_POINT('',(-5.75291948122862,-13.9422345769944,4.));
#3010=CARTESIAN_POINT('',(-5.75291948122862,16.0577654230056,4.));
#3011=CARTESIAN_POINT('',(-5.75291948122862,16.0577654230056,4.));
#3012=CARTESIAN_POINT('',(-35.7529194812286,16.0577654230056,4.));
#3013=CARTESIAN_POINT('',(-35.7529194812286,16.0577654230056,4.));
#3014=CARTESIAN_POINT('',(-35.7529194812286,-13.9422345769944,4.));
#3015=CARTESIAN_POINT('Origin',(-35.7529194812286,-13.9422345769944,0.));
#3016=CARTESIAN_POINT('',(44.2470805187714,-13.9422345769944,0.));
#3017=CARTESIAN_POINT('',(-35.7529194812286,-13.9422345769944,0.));
#3018=CARTESIAN_POINT('',(-5.75291948122862,-13.9422345769944,0.));
#3019=CARTESIAN_POINT('',(44.2470805187714,-13.9422345769944,4.));
#3020=CARTESIAN_POINT('',(44.2470805187714,-13.9422345769944,0.));
#3021=CARTESIAN_POINT('',(28.2470805187714,-13.9422345769944,4.));
#3022=CARTESIAN_POINT('',(32.2470805187714,-13.9422345769944,4.));
#3023=CARTESIAN_POINT('',(28.2470805187714,-13.9422345769944,0.6));
#3024=CARTESIAN_POINT('',(28.2470805187714,-13.9422345769944,0.));
#3025=CARTESIAN_POINT('',(-5.75291948122862,-13.9422345769944,0.6));
#3026=CARTESIAN_POINT('',(44.2470805187714,-13.9422345769944,0.6));
#3027=CARTESIAN_POINT('',(-5.75291948122862,-13.9422345769944,0.));
#3028=CARTESIAN_POINT('',(-35.7529194812286,-13.9422345769944,0.));
#3029=CARTESIAN_POINT('Origin',(-5.75291948122862,-13.9422345769944,0.));
#3030=CARTESIAN_POINT('',(-5.75291948122862,16.0577654230056,0.6));
#3031=CARTESIAN_POINT('',(-5.75291948122862,-6.44223457699443,0.6));
#3032=CARTESIAN_POINT('',(-5.75291948122862,16.0577654230056,0.));
#3033=CARTESIAN_POINT('Origin',(-5.75291948122862,16.0577654230056,0.));
#3034=CARTESIAN_POINT('',(-35.7529194812286,16.0577654230056,0.));
#3035=CARTESIAN_POINT('',(44.2470805187714,16.0577654230056,0.));
#3036=CARTESIAN_POINT('',(-5.75291948122862,16.0577654230056,0.));
#3037=CARTESIAN_POINT('',(-35.7529194812286,16.0577654230056,0.));
#3038=CARTESIAN_POINT('',(28.2470805187714,16.0577654230056,0.6));
#3039=CARTESIAN_POINT('',(-5.75291948122862,16.0577654230056,0.6));
#3040=CARTESIAN_POINT('',(28.2470805187714,16.0577654230056,4.));
#3041=CARTESIAN_POINT('',(28.2470805187714,16.0577654230056,0.));
#3042=CARTESIAN_POINT('',(44.2470805187714,16.0577654230056,4.));
#3043=CARTESIAN_POINT('',(40.2470805187714,16.0577654230056,4.));
#3044=CARTESIAN_POINT('',(44.2470805187714,16.0577654230056,0.));
#3045=CARTESIAN_POINT('Origin',(-35.7529194812286,16.0577654230056,0.));
#3046=CARTESIAN_POINT('',(-35.7529194812286,-13.9422345769944,0.));
#3047=CARTESIAN_POINT('Origin',(36.2470805187714,1.05776542300557,4.));
#3048=CARTESIAN_POINT('',(44.2470805187714,-6.44223457699443,4.));
#3049=CARTESIAN_POINT('',(28.2470805187714,8.55776542300557,4.));
#3050=CARTESIAN_POINT('',(33.7470805187714,1.05776542300556,4.));
#3051=CARTESIAN_POINT('Origin',(36.2470805187714,1.05776542300556,4.));
#3052=CARTESIAN_POINT('Origin',(44.2470805187714,-13.9422345769944,0.));
#3053=CARTESIAN_POINT('',(44.2470805187714,16.0577654230056,0.));
#3054=CARTESIAN_POINT('Origin',(36.2470805187714,1.05776542300556,0.));
#3055=CARTESIAN_POINT('',(33.7470805187714,1.05776542300556,0.));
#3056=CARTESIAN_POINT('',(33.7470805187714,1.05776542300556,0.));
#3057=CARTESIAN_POINT('Origin',(36.2470805187714,1.05776542300556,0.));
#3058=CARTESIAN_POINT('Origin',(28.2470805187714,16.0577654230056,0.));
#3059=CARTESIAN_POINT('',(28.2470805187714,16.0577654230056,0.6));
#3060=CARTESIAN_POINT('Origin',(-20.7529194812286,1.05776542300557,0.));
#3061=CARTESIAN_POINT('',(15.2958223353614,7.7866922107725,0.));
#3062=CARTESIAN_POINT('',(14.9048508542621,4.93543428047857,0.));
#3063=CARTESIAN_POINT('Ctrl Pts',(15.2958223353614,7.7866922107725,0.));
#3064=CARTESIAN_POINT('Ctrl Pts',(15.1859247225877,7.37162350451938,0.));
#3065=CARTESIAN_POINT('Ctrl Pts',(14.938799102134,6.43826281564915,0.));
#3066=CARTESIAN_POINT('Ctrl Pts',(14.9169715943272,5.47199787886955,0.));
#3067=CARTESIAN_POINT('Ctrl Pts',(14.9048508542621,4.93543428047857,0.));
#3068=CARTESIAN_POINT('',(15.8567997112173,0.861094828431876,0.));
#3069=CARTESIAN_POINT('Ctrl Pts',(14.9048508542621,4.93543428047857,0.));
#3070=CARTESIAN_POINT('Ctrl Pts',(14.907149691667,4.10750706037818,0.));
#3071=CARTESIAN_POINT('Ctrl Pts',(14.9111465195721,2.66804787568813,0.));
#3072=CARTESIAN_POINT('Ctrl Pts',(15.5748398625313,1.39986338786616,0.));
#3073=CARTESIAN_POINT('Ctrl Pts',(15.8567997112173,0.861094828431876,0.));
#3074=CARTESIAN_POINT('',(18.1187322814956,-0.196424050431245,0.));
#3075=CARTESIAN_POINT('Ctrl Pts',(15.8567997112173,0.861094828431876,0.));
#3076=CARTESIAN_POINT('Ctrl Pts',(16.1608674492832,0.555951967170769,0.));
#3077=CARTESIAN_POINT('Ctrl Pts',(16.7848477034434,-0.0702345573714158,
0.));
#3078=CARTESIAN_POINT('Ctrl Pts',(17.6666402801668,-0.153654787330999,0.));
#3079=CARTESIAN_POINT('Ctrl Pts',(18.1187322814956,-0.196424050431245,0.));
#3080=CARTESIAN_POINT('',(19.9419129519503,0.377006130662239,0.));
#3081=CARTESIAN_POINT('Ctrl Pts',(18.1187322814956,-0.196424050431245,0.));
#3082=CARTESIAN_POINT('Ctrl Pts',(18.4632090330708,-0.179733452847848,0.));
#3083=CARTESIAN_POINT('Ctrl Pts',(19.122415897823,-0.147793542669641,0.));
#3084=CARTESIAN_POINT('Ctrl Pts',(19.6770904773564,0.20741583444597,0.));
#3085=CARTESIAN_POINT('Ctrl Pts',(19.9419129519503,0.377006130662239,0.));
#3086=CARTESIAN_POINT('',(21.038290309322,2.03828492797885,0.));
#3087=CARTESIAN_POINT('Ctrl Pts',(19.9419129519503,0.377006130662239,0.));
#3088=CARTESIAN_POINT('Ctrl Pts',(20.1717458504252,0.600854115729301,0.));
#3089=CARTESIAN_POINT('Ctrl Pts',(20.6574598787887,1.07392001399468,0.));
#3090=CARTESIAN_POINT('Ctrl Pts',(20.9068879939529,1.70553898018062,0.));
#3091=CARTESIAN_POINT('Ctrl Pts',(21.038290309322,2.03828492797885,0.));
#3092=CARTESIAN_POINT('',(21.4257256836593,4.87593224569883,0.));
#3093=CARTESIAN_POINT('Ctrl Pts',(21.038290309322,2.03828492797885,0.));
#3094=CARTESIAN_POINT('Ctrl Pts',(21.1471956832444,2.45225534866382,0.));
#3095=CARTESIAN_POINT('Ctrl Pts',(21.3916284889666,3.3813917885794,0.));
#3096=CARTESIAN_POINT('Ctrl Pts',(21.4135636078105,4.34284691236189,0.));
#3097=CARTESIAN_POINT('Ctrl Pts',(21.4257256836593,4.87593224569883,0.));
#3098=CARTESIAN_POINT('',(21.2221997209334,7.24146229244178,0.));
#3099=CARTESIAN_POINT('Ctrl Pts',(21.4257256836593,4.87593224569883,0.));
#3100=CARTESIAN_POINT('Ctrl Pts',(21.4260070061672,5.32229028064807,0.));
#3101=CARTESIAN_POINT('Ctrl Pts',(21.4265080022361,6.11719155791158,0.));
#3102=CARTESIAN_POINT('Ctrl Pts',(21.2844767003387,6.89876357786235,0.));
#3103=CARTESIAN_POINT('Ctrl Pts',(21.2221997209334,7.24146229244178,0.));
#3104=CARTESIAN_POINT('',(20.6150569385289,8.73410361605128,0.));
#3105=CARTESIAN_POINT('Ctrl Pts',(21.2221997209334,7.24146229244178,0.));
#3106=CARTESIAN_POINT('Ctrl Pts',(21.1466077018928,7.51688287327813,0.));
#3107=CARTESIAN_POINT('Ctrl Pts',(21.0033638211359,8.03879396045426,0.));
#3108=CARTESIAN_POINT('Ctrl Pts',(20.7396193560417,8.51105979298105,0.));
#3109=CARTESIAN_POINT('Ctrl Pts',(20.6150569385289,8.73410361605128,0.));
#3110=CARTESIAN_POINT('',(19.6208967113609,9.67773027955839,0.));
#3111=CARTESIAN_POINT('Ctrl Pts',(20.6150569385289,8.73410361605128,0.));
#3112=CARTESIAN_POINT('Ctrl Pts',(20.477629543425,8.9261142069837,0.));
#3113=CARTESIAN_POINT('Ctrl Pts',(20.2067241770444,9.30461733910096,0.));
#3114=CARTESIAN_POINT('Ctrl Pts',(19.8142653651997,9.55457397287699,0.));
#3115=CARTESIAN_POINT('Ctrl Pts',(19.6208967113609,9.67773027955839,0.));
#3116=CARTESIAN_POINT('',(18.2119064850102,10.0146102561564,0.));
#3117=CARTESIAN_POINT('Ctrl Pts',(19.6208967113609,9.67773027955839,0.));
#3118=CARTESIAN_POINT('Ctrl Pts',(19.4060785552138,9.77415381613255,0.));
#3119=CARTESIAN_POINT('Ctrl Pts',(18.9581197800831,9.97522513204101,0.));
#3120=CARTESIAN_POINT('Ctrl Pts',(18.467335620626,10.0011287110334,0.));
#3121=CARTESIAN_POINT('Ctrl Pts',(18.2119064850102,10.0146102561564,0.));
#3122=CARTESIAN_POINT('',(16.3955790142364,9.44453004858444,0.));
#3123=CARTESIAN_POINT('Ctrl Pts',(18.2119064850102,10.0146102561564,0.));
#3124=CARTESIAN_POINT('Ctrl Pts',(17.8692585085891,9.99789596710751,0.));
#3125=CARTESIAN_POINT('Ctrl Pts',(17.212866587731,9.96587732100565,0.));
#3126=CARTESIAN_POINT('Ctrl Pts',(16.6598915051157,9.61313483428744,0.));
#3127=CARTESIAN_POINT('Ctrl Pts',(16.3955790142364,9.44453004858444,0.));
#3128=CARTESIAN_POINT('Ctrl Pts',(16.3955790142364,9.44453004858444,0.));
#3129=CARTESIAN_POINT('Ctrl Pts',(16.1655441052819,9.22155068608996,0.));
#3130=CARTESIAN_POINT('Ctrl Pts',(15.678961888465,8.74989274078019,0.));
#3131=CARTESIAN_POINT('Ctrl Pts',(15.4280919029402,8.11921365514893,0.));
#3132=CARTESIAN_POINT('Ctrl Pts',(15.2958223353614,7.7866922107725,0.));
#3133=CARTESIAN_POINT('',(11.6803827081533,1.43128584586392,0.));
#3134=CARTESIAN_POINT('',(11.6676233792235,0.0329809447596219,0.));
#3135=CARTESIAN_POINT('',(11.6773285561121,1.09657891954966,0.));
#3136=CARTESIAN_POINT('',(13.0659282803278,0.0202216158298438,0.));
#3137=CARTESIAN_POINT('',(-4.54597356342624,0.180927659644731,0.));
#3138=CARTESIAN_POINT('',(13.0786876092576,1.41852651693414,0.));
#3139=CARTESIAN_POINT('',(13.0692537927515,0.384667140067736,0.));
#3140=CARTESIAN_POINT('',(-3.83406178394431,1.57285289628414,0.));
#3141=CARTESIAN_POINT('',(7.16714793427093,2.46841710471303,0.));
#3142=CARTESIAN_POINT('',(7.14530147534855,0.0742464746539362,0.));
#3143=CARTESIAN_POINT('',(7.15955021723344,1.63577731392137,0.));
#3144=CARTESIAN_POINT('',(8.37308160656999,0.063043159457567,0.));
#3145=CARTESIAN_POINT('',(-6.80713451536373,0.201560424591888,0.));
#3146=CARTESIAN_POINT('',(8.39492806549237,2.45721378951666,0.));
#3147=CARTESIAN_POINT('',(8.37640711899369,0.42748868369545,0.));
#3148=CARTESIAN_POINT('',(9.74548567341649,2.4448901476954,0.));
#3149=CARTESIAN_POINT('',(-6.17139799083063,2.5901293970528,0.));
#3150=CARTESIAN_POINT('',(9.7557553749342,3.5703548209655,0.));
#3151=CARTESIAN_POINT('',(9.737887956379,1.61225035690375,0.));
#3152=CARTESIAN_POINT('',(8.40519776701009,3.58267846278676,0.));
#3153=CARTESIAN_POINT('',(-5.48584948535086,3.70943224941226,0.));
#3154=CARTESIAN_POINT('',(8.46432635414292,10.0626268705948,0.));
#3155=CARTESIAN_POINT('',(8.39246519921374,2.18730633536005,0.));
#3156=CARTESIAN_POINT('',(7.46163915757549,10.0717762454876,0.));
#3157=CARTESIAN_POINT('',(-6.10199970218008,10.1955424781309,0.));
#3158=CARTESIAN_POINT('',(2.83926254298931,3.6334668125015,0.));
#3159=CARTESIAN_POINT('',(0.528121138330755,0.41437742466934,0.));
#3160=CARTESIAN_POINT('',(2.8289928414716,2.5080021392314,0.));
#3161=CARTESIAN_POINT('',(2.82652997519297,2.23809468507479,0.));
#3162=CARTESIAN_POINT('',(-8.95436560284102,2.61552357191017,0.));
#3163=CARTESIAN_POINT('Origin',(11.2470805187714,1.05776542300557,0.6));
#3164=CARTESIAN_POINT('',(14.9048508542621,4.93543428047857,0.6));
#3165=CARTESIAN_POINT('',(15.2958223353614,7.7866922107725,0.6));
#3166=CARTESIAN_POINT('Ctrl Pts',(14.9048508542621,4.93543428047857,0.6));
#3167=CARTESIAN_POINT('Ctrl Pts',(14.9169715943272,5.47199787886955,0.6));
#3168=CARTESIAN_POINT('Ctrl Pts',(14.9290923343923,6.00856147726053,0.6));
#3169=CARTESIAN_POINT('Ctrl Pts',(15.0106847101767,6.53497891021087,0.6));
#3170=CARTESIAN_POINT('Ctrl Pts',(15.0760271098139,6.95655479826625,0.6));
#3171=CARTESIAN_POINT('Ctrl Pts',(15.1859247225877,7.37162350451938,0.6));
#3172=CARTESIAN_POINT('Ctrl Pts',(15.2958223353614,7.7866922107725,0.6));
#3173=CARTESIAN_POINT('',(16.3955790142364,9.44453004858444,0.6));
#3174=CARTESIAN_POINT('Ctrl Pts',(15.2958223353614,7.7866922107725,0.6));
#3175=CARTESIAN_POINT('Ctrl Pts',(15.4280919029402,8.11921365514893,0.6));
#3176=CARTESIAN_POINT('Ctrl Pts',(15.5603614705189,8.45173509952535,0.6));
#3177=CARTESIAN_POINT('Ctrl Pts',(15.7581556680473,8.74005094066847,0.6));
#3178=CARTESIAN_POINT('Ctrl Pts',(15.9355091963275,8.99857132359547,0.6));
#3179=CARTESIAN_POINT('Ctrl Pts',(16.1655441052819,9.22155068608996,0.6));
#3180=CARTESIAN_POINT('Ctrl Pts',(16.3955790142364,9.44453004858444,0.6));
#3181=CARTESIAN_POINT('',(18.2119064850102,10.0146102561564,0.6));
#3182=CARTESIAN_POINT('Ctrl Pts',(16.3955790142364,9.44453004858444,0.6));
#3183=CARTESIAN_POINT('Ctrl Pts',(16.6598915051157,9.61313483428744,0.6));
#3184=CARTESIAN_POINT('Ctrl Pts',(16.924203995995,9.78173961999045,0.6));
#3185=CARTESIAN_POINT('Ctrl Pts',(17.2121438636375,9.87706946180681,0.6));
#3186=CARTESIAN_POINT('Ctrl Pts',(17.5266105321679,9.98118167805867,0.6));
#3187=CARTESIAN_POINT('Ctrl Pts',(17.8692585085891,9.99789596710751,0.6));
#3188=CARTESIAN_POINT('Ctrl Pts',(18.2119064850102,10.0146102561564,0.6));
#3189=CARTESIAN_POINT('',(19.6208967113609,9.67773027955839,0.6));
#3190=CARTESIAN_POINT('Ctrl Pts',(18.2119064850102,10.0146102561564,0.6));
#3191=CARTESIAN_POINT('Ctrl Pts',(18.467335620626,10.0011287110334,0.6));
#3192=CARTESIAN_POINT('Ctrl Pts',(18.7227647562419,9.98764716591037,0.6));
#3193=CARTESIAN_POINT('Ctrl Pts',(18.966593809769,9.92671805763108,0.6));
#3194=CARTESIAN_POINT('Ctrl Pts',(19.1912603990667,9.8705773527067,0.6));
#3195=CARTESIAN_POINT('Ctrl Pts',(19.4060785552138,9.77415381613255,0.6));
#3196=CARTESIAN_POINT('Ctrl Pts',(19.6208967113609,9.67773027955839,0.6));
#3197=CARTESIAN_POINT('',(20.6150569385289,8.73410361605128,0.6));
#3198=CARTESIAN_POINT('Ctrl Pts',(19.6208967113609,9.67773027955839,0.6));
#3199=CARTESIAN_POINT('Ctrl Pts',(19.8142653651997,9.55457397287699,0.6));
#3200=CARTESIAN_POINT('Ctrl Pts',(20.0076340190386,9.4314176661956,0.6));
#3201=CARTESIAN_POINT('Ctrl Pts',(20.1714938930641,9.27705491941012,0.6));
#3202=CARTESIAN_POINT('Ctrl Pts',(20.3402021483212,9.11812479791612,0.6));
#3203=CARTESIAN_POINT('Ctrl Pts',(20.477629543425,8.9261142069837,0.6));
#3204=CARTESIAN_POINT('Ctrl Pts',(20.6150569385289,8.73410361605128,0.6));
#3205=CARTESIAN_POINT('',(21.2221997209334,7.24146229244178,0.6));
#3206=CARTESIAN_POINT('Ctrl Pts',(20.6150569385289,8.73410361605128,0.6));
#3207=CARTESIAN_POINT('Ctrl Pts',(20.7396193560417,8.51105979298105,0.6));
#3208=CARTESIAN_POINT('Ctrl Pts',(20.8641817735544,8.28801596991083,0.6));
#3209=CARTESIAN_POINT('Ctrl Pts',(20.9618662188244,8.05389864222822,0.6));
#3210=CARTESIAN_POINT('Ctrl Pts',(21.0710156828522,7.79230345411449,0.6));
#3211=CARTESIAN_POINT('Ctrl Pts',(21.1466077018928,7.51688287327813,0.6));
#3212=CARTESIAN_POINT('Ctrl Pts',(21.2221997209334,7.24146229244178,0.6));
#3213=CARTESIAN_POINT('',(21.4257256836593,4.87593224569883,0.6));
#3214=CARTESIAN_POINT('Ctrl Pts',(21.2221997209334,7.24146229244178,0.6));
#3215=CARTESIAN_POINT('Ctrl Pts',(21.2844767003387,6.89876357786235,0.6));
#3216=CARTESIAN_POINT('Ctrl Pts',(21.3467536797441,6.55606486328292,0.6));
#3217=CARTESIAN_POINT('Ctrl Pts',(21.3816275253494,6.21080347745768,0.6));
#3218=CARTESIAN_POINT('Ctrl Pts',(21.426288328675,5.76864831559731,0.6));
#3219=CARTESIAN_POINT('Ctrl Pts',(21.4260070061672,5.32229028064807,0.6));
#3220=CARTESIAN_POINT('Ctrl Pts',(21.4257256836593,4.87593224569883,0.6));
#3221=CARTESIAN_POINT('',(21.038290309322,2.03828492797885,0.6));
#3222=CARTESIAN_POINT('Ctrl Pts',(21.4257256836593,4.87593224569883,0.6));
#3223=CARTESIAN_POINT('Ctrl Pts',(21.4135636078105,4.34284691236189,0.6));
#3224=CARTESIAN_POINT('Ctrl Pts',(21.4014015319617,3.80976157902496,0.6));
#3225=CARTESIAN_POINT('Ctrl Pts',(21.320838695357,3.28661173128403,0.6));
#3226=CARTESIAN_POINT('Ctrl Pts',(21.2561010571669,2.8662257693488,0.6));
#3227=CARTESIAN_POINT('Ctrl Pts',(21.1471956832444,2.45225534866382,0.6));
#3228=CARTESIAN_POINT('Ctrl Pts',(21.038290309322,2.03828492797885,0.6));
#3229=CARTESIAN_POINT('',(19.9419129519503,0.377006130662239,0.6));
#3230=CARTESIAN_POINT('Ctrl Pts',(21.038290309322,2.03828492797885,0.6));
#3231=CARTESIAN_POINT('Ctrl Pts',(20.9068879939529,1.70553898018062,0.6));
#3232=CARTESIAN_POINT('Ctrl Pts',(20.7754856785838,1.37279303238238,0.6));
#3233=CARTESIAN_POINT('Ctrl Pts',(20.5785061349561,1.08405085351545,0.6));
#3234=CARTESIAN_POINT('Ctrl Pts',(20.4015787489001,0.824702100796366,0.6));
#3235=CARTESIAN_POINT('Ctrl Pts',(20.1717458504252,0.600854115729301,0.6));
#3236=CARTESIAN_POINT('Ctrl Pts',(19.9419129519503,0.377006130662239,0.6));
#3237=CARTESIAN_POINT('',(18.1187322814956,-0.196424050431245,0.6));
#3238=CARTESIAN_POINT('Ctrl Pts',(19.9419129519503,0.377006130662239,0.6));
#3239=CARTESIAN_POINT('Ctrl Pts',(19.6770904773564,0.20741583444597,0.6));
#3240=CARTESIAN_POINT('Ctrl Pts',(19.4122680027625,0.0378255382297048,0.6));
#3241=CARTESIAN_POINT('Ctrl Pts',(19.1236177472708,-0.0580765762633805,
0.6));
#3242=CARTESIAN_POINT('Ctrl Pts',(18.807685784646,-0.163042855264449,0.6));
#3243=CARTESIAN_POINT('Ctrl Pts',(18.4632090330708,-0.179733452847848,0.6));
#3244=CARTESIAN_POINT('Ctrl Pts',(18.1187322814956,-0.196424050431245,0.6));
#3245=CARTESIAN_POINT('',(15.8567997112173,0.861094828431876,0.6));
#3246=CARTESIAN_POINT('Ctrl Pts',(18.1187322814956,-0.196424050431245,0.6));
#3247=CARTESIAN_POINT('Ctrl Pts',(17.6666402801668,-0.153654787330999,0.6));
#3248=CARTESIAN_POINT('Ctrl Pts',(17.2145482788381,-0.110885524230752,0.6));
#3249=CARTESIAN_POINT('Ctrl Pts',(16.8302242419849,0.0745540604589168,0.6));
#3250=CARTESIAN_POINT('Ctrl Pts',(16.464935187349,0.250809105909657,0.6));
#3251=CARTESIAN_POINT('Ctrl Pts',(16.1608674492832,0.555951967170769,0.6));
#3252=CARTESIAN_POINT('Ctrl Pts',(15.8567997112173,0.861094828431876,0.6));
#3253=CARTESIAN_POINT('Ctrl Pts',(15.8567997112173,0.861094828431876,0.6));
#3254=CARTESIAN_POINT('Ctrl Pts',(15.5748398625313,1.39986338786616,0.6));
#3255=CARTESIAN_POINT('Ctrl Pts',(15.2928800138453,1.93863194730044,0.6));
#3256=CARTESIAN_POINT('Ctrl Pts',(15.1299850796486,2.50831291368461,0.6));
#3257=CARTESIAN_POINT('Ctrl Pts',(14.909448529072,3.27957984027779,0.6));
#3258=CARTESIAN_POINT('Ctrl Pts',(14.907149691667,4.10750706037818,0.6));
#3259=CARTESIAN_POINT('Ctrl Pts',(14.9048508542621,4.93543428047857,0.6));
#3260=CARTESIAN_POINT('',(11.6676233792235,0.0329809447596219,0.6));
#3261=CARTESIAN_POINT('',(11.6803827081533,1.43128584586392,0.6));
#3262=CARTESIAN_POINT('',(11.6786606527457,1.24256443819878,0.6));
#3263=CARTESIAN_POINT('',(13.0786876092576,1.41852651693414,0.6));
#3264=CARTESIAN_POINT('',(12.1646061194221,1.42686737763499,0.6));
#3265=CARTESIAN_POINT('',(13.0659282803278,0.0202216158298438,0.6));
#3266=CARTESIAN_POINT('',(13.0705858893851,0.530652658716853,0.6));
#3267=CARTESIAN_POINT('',(11.4526943399402,0.034942140995587,0.6));
#3268=CARTESIAN_POINT('',(7.14530147534855,0.0742464746539362,0.6));
#3269=CARTESIAN_POINT('',(7.16714793427093,2.46841710471303,0.6));
#3270=CARTESIAN_POINT('',(7.16088231386698,1.78176283257049,0.6));
#3271=CARTESIAN_POINT('',(2.8289928414716,2.5080021392314,0.6));
#3272=CARTESIAN_POINT('',(7.04430230052544,2.46953805326103,0.6));
#3273=CARTESIAN_POINT('',(2.83926254298931,3.6334668125015,0.6));
#3274=CARTESIAN_POINT('',(2.8278620718265,2.3840802037239,0.6));
#3275=CARTESIAN_POINT('',(7.46163915757549,10.0717762454876,0.6));
#3276=CARTESIAN_POINT('',(5.97020451783576,7.99442112920004,0.6));
#3277=CARTESIAN_POINT('',(8.46432635414292,10.0626268705948,0.6));
#3278=CARTESIAN_POINT('',(9.89666820118637,10.0495569594818,0.6));
#3279=CARTESIAN_POINT('',(8.40519776701009,3.58267846278676,0.6));
#3280=CARTESIAN_POINT('',(8.39379729584728,2.33329185400917,0.6));
#3281=CARTESIAN_POINT('',(9.7557553749342,3.5703548209655,0.6));
#3282=CARTESIAN_POINT('',(10.5128184180156,3.56344673076312,0.6));
#3283=CARTESIAN_POINT('',(9.74548567341649,2.4448901476954,0.6));
#3284=CARTESIAN_POINT('',(9.73922005301254,1.75823587555286,0.6));
#3285=CARTESIAN_POINT('',(8.39492806549237,2.45721378951666,0.6));
#3286=CARTESIAN_POINT('',(9.82726991253583,2.44414387840365,0.6));
#3287=CARTESIAN_POINT('',(8.37308160656999,0.063043159457567,0.6));
#3288=CARTESIAN_POINT('',(8.37773921562723,0.573474202344572,0.6));
#3289=CARTESIAN_POINT('',(9.19153338800273,0.0555749059427441,0.6));
#3290=CARTESIAN_POINT('Origin',(8.40519776701009,3.58267846278676,0.));
#3291=CARTESIAN_POINT('',(8.46432635414292,10.0626268705948,0.));
#3292=CARTESIAN_POINT('',(8.40519776701009,3.58267846278676,0.));
#3293=CARTESIAN_POINT('Origin',(8.46432635414292,10.0626268705948,0.));
#3294=CARTESIAN_POINT('',(7.46163915757549,10.0717762454876,0.));
#3295=CARTESIAN_POINT('Origin',(7.46163915757549,10.0717762454876,0.));
#3296=CARTESIAN_POINT('',(2.83926254298931,3.6334668125015,0.));
#3297=CARTESIAN_POINT('Origin',(2.83926254298931,3.6334668125015,0.));
#3298=CARTESIAN_POINT('',(2.8289928414716,2.5080021392314,0.));
#3299=CARTESIAN_POINT('Origin',(2.8289928414716,2.5080021392314,0.));
#3300=CARTESIAN_POINT('',(7.16714793427093,2.46841710471303,0.));
#3301=CARTESIAN_POINT('Origin',(7.16714793427093,2.46841710471303,0.));
#3302=CARTESIAN_POINT('',(7.14530147534855,0.0742464746539362,0.));
#3303=CARTESIAN_POINT('Origin',(7.14530147534855,0.0742464746539362,0.));
#3304=CARTESIAN_POINT('',(8.37308160656999,0.063043159457567,0.));
#3305=CARTESIAN_POINT('Origin',(8.37308160656999,0.063043159457567,0.));
#3306=CARTESIAN_POINT('',(8.39492806549237,2.45721378951666,0.));
#3307=CARTESIAN_POINT('Origin',(8.39492806549237,2.45721378951666,0.));
#3308=CARTESIAN_POINT('',(9.74548567341649,2.4448901476954,0.));
#3309=CARTESIAN_POINT('Origin',(9.74548567341649,2.4448901476954,0.));
#3310=CARTESIAN_POINT('',(9.7557553749342,3.5703548209655,0.));
#3311=CARTESIAN_POINT('Origin',(9.7557553749342,3.5703548209655,0.));
#3312=CARTESIAN_POINT('Origin',(13.0786876092576,1.41852651693414,0.));
#3313=CARTESIAN_POINT('',(11.6803827081533,1.43128584586392,0.));
#3314=CARTESIAN_POINT('',(13.0786876092576,1.41852651693414,0.));
#3315=CARTESIAN_POINT('Origin',(11.6803827081533,1.43128584586392,0.));
#3316=CARTESIAN_POINT('',(11.6676233792235,0.0329809447596219,0.));
#3317=CARTESIAN_POINT('Origin',(11.6676233792235,0.032980944759622,0.));
#3318=CARTESIAN_POINT('',(13.0659282803278,0.0202216158298438,0.));
#3319=CARTESIAN_POINT('Origin',(13.0659282803278,0.0202216158298438,0.));
#3320=CARTESIAN_POINT('Ctrl Pts',(21.2221997209334,7.24146229244178,0.));
#3321=CARTESIAN_POINT('Ctrl Pts',(21.2221997209334,7.24146229244178,5.5));
#3322=CARTESIAN_POINT('Ctrl Pts',(21.1466077018928,7.51688287327813,0.));
#3323=CARTESIAN_POINT('Ctrl Pts',(21.1466077018928,7.51688287327813,5.5));
#3324=CARTESIAN_POINT('Ctrl Pts',(21.0033638211359,8.03879396045426,0.));
#3325=CARTESIAN_POINT('Ctrl Pts',(21.0033638211359,8.03879396045426,5.5));
#3326=CARTESIAN_POINT('Ctrl Pts',(20.7396193560417,8.51105979298105,0.));
#3327=CARTESIAN_POINT('Ctrl Pts',(20.7396193560417,8.51105979298105,5.5));
#3328=CARTESIAN_POINT('Ctrl Pts',(20.6150569385289,8.73410361605128,0.));
#3329=CARTESIAN_POINT('Ctrl Pts',(20.6150569385289,8.73410361605128,5.5));
#3330=CARTESIAN_POINT('',(20.6150569385289,8.73410361605128,0.));
#3331=CARTESIAN_POINT('',(21.2221997209334,7.24146229244178,0.));
#3332=CARTESIAN_POINT('Ctrl Pts',(20.6150569385289,8.73410361605128,0.));
#3333=CARTESIAN_POINT('Ctrl Pts',(20.6150569385289,8.73410361605128,5.5));
#3334=CARTESIAN_POINT('Ctrl Pts',(20.477629543425,8.9261142069837,0.));
#3335=CARTESIAN_POINT('Ctrl Pts',(20.477629543425,8.9261142069837,5.5));
#3336=CARTESIAN_POINT('Ctrl Pts',(20.2067241770444,9.30461733910096,0.));
#3337=CARTESIAN_POINT('Ctrl Pts',(20.2067241770444,9.30461733910096,5.5));
#3338=CARTESIAN_POINT('Ctrl Pts',(19.8142653651997,9.55457397287699,0.));
#3339=CARTESIAN_POINT('Ctrl Pts',(19.8142653651997,9.55457397287699,5.5));
#3340=CARTESIAN_POINT('Ctrl Pts',(19.6208967113609,9.67773027955839,0.));
#3341=CARTESIAN_POINT('Ctrl Pts',(19.6208967113609,9.67773027955839,5.5));
#3342=CARTESIAN_POINT('',(19.6208967113609,9.67773027955839,0.));
#3343=CARTESIAN_POINT('Ctrl Pts',(19.6208967113609,9.67773027955839,0.));
#3344=CARTESIAN_POINT('Ctrl Pts',(19.6208967113609,9.67773027955839,5.5));
#3345=CARTESIAN_POINT('Ctrl Pts',(19.4060785552138,9.77415381613255,0.));
#3346=CARTESIAN_POINT('Ctrl Pts',(19.4060785552138,9.77415381613255,5.5));
#3347=CARTESIAN_POINT('Ctrl Pts',(18.9581197800831,9.97522513204101,0.));
#3348=CARTESIAN_POINT('Ctrl Pts',(18.9581197800831,9.97522513204101,5.5));
#3349=CARTESIAN_POINT('Ctrl Pts',(18.467335620626,10.0011287110334,0.));
#3350=CARTESIAN_POINT('Ctrl Pts',(18.467335620626,10.0011287110334,5.5));
#3351=CARTESIAN_POINT('Ctrl Pts',(18.2119064850102,10.0146102561564,0.));
#3352=CARTESIAN_POINT('Ctrl Pts',(18.2119064850102,10.0146102561564,5.5));
#3353=CARTESIAN_POINT('',(18.2119064850102,10.0146102561564,0.));
#3354=CARTESIAN_POINT('Ctrl Pts',(18.2119064850102,10.0146102561564,0.));
#3355=CARTESIAN_POINT('Ctrl Pts',(18.2119064850102,10.0146102561564,5.5));
#3356=CARTESIAN_POINT('Ctrl Pts',(17.8692585085891,9.99789596710751,0.));
#3357=CARTESIAN_POINT('Ctrl Pts',(17.8692585085891,9.99789596710751,5.5));
#3358=CARTESIAN_POINT('Ctrl Pts',(17.212866587731,9.96587732100565,0.));
#3359=CARTESIAN_POINT('Ctrl Pts',(17.212866587731,9.96587732100565,5.5));
#3360=CARTESIAN_POINT('Ctrl Pts',(16.6598915051157,9.61313483428744,0.));
#3361=CARTESIAN_POINT('Ctrl Pts',(16.6598915051157,9.61313483428744,5.5));
#3362=CARTESIAN_POINT('Ctrl Pts',(16.3955790142364,9.44453004858444,0.));
#3363=CARTESIAN_POINT('Ctrl Pts',(16.3955790142364,9.44453004858444,5.5));
#3364=CARTESIAN_POINT('',(16.3955790142364,9.44453004858444,0.));
#3365=CARTESIAN_POINT('Ctrl Pts',(16.3955790142364,9.44453004858444,0.));
#3366=CARTESIAN_POINT('Ctrl Pts',(16.3955790142364,9.44453004858444,5.5));
#3367=CARTESIAN_POINT('Ctrl Pts',(16.1655441052819,9.22155068608996,0.));
#3368=CARTESIAN_POINT('Ctrl Pts',(16.1655441052819,9.22155068608996,5.5));
#3369=CARTESIAN_POINT('Ctrl Pts',(15.678961888465,8.74989274078019,0.));
#3370=CARTESIAN_POINT('Ctrl Pts',(15.678961888465,8.74989274078019,5.5));
#3371=CARTESIAN_POINT('Ctrl Pts',(15.4280919029402,8.11921365514893,0.));
#3372=CARTESIAN_POINT('Ctrl Pts',(15.4280919029402,8.11921365514893,5.5));
#3373=CARTESIAN_POINT('Ctrl Pts',(15.2958223353614,7.7866922107725,0.));
#3374=CARTESIAN_POINT('Ctrl Pts',(15.2958223353614,7.7866922107725,5.5));
#3375=CARTESIAN_POINT('',(15.2958223353614,7.7866922107725,0.));
#3376=CARTESIAN_POINT('Ctrl Pts',(15.2958223353614,7.7866922107725,0.));
#3377=CARTESIAN_POINT('Ctrl Pts',(15.2958223353614,7.7866922107725,5.5));
#3378=CARTESIAN_POINT('Ctrl Pts',(15.1859247225877,7.37162350451938,0.));
#3379=CARTESIAN_POINT('Ctrl Pts',(15.1859247225877,7.37162350451938,5.5));
#3380=CARTESIAN_POINT('Ctrl Pts',(14.938799102134,6.43826281564915,0.));
#3381=CARTESIAN_POINT('Ctrl Pts',(14.938799102134,6.43826281564915,5.5));
#3382=CARTESIAN_POINT('Ctrl Pts',(14.9169715943272,5.47199787886955,0.));
#3383=CARTESIAN_POINT('Ctrl Pts',(14.9169715943272,5.47199787886955,5.5));
#3384=CARTESIAN_POINT('Ctrl Pts',(14.9048508542621,4.93543428047857,0.));
#3385=CARTESIAN_POINT('Ctrl Pts',(14.9048508542621,4.93543428047857,5.5));
#3386=CARTESIAN_POINT('',(14.9048508542621,4.93543428047857,0.));
#3387=CARTESIAN_POINT('Ctrl Pts',(14.9048508542621,4.93543428047857,0.));
#3388=CARTESIAN_POINT('Ctrl Pts',(14.9048508542621,4.93543428047857,5.5));
#3389=CARTESIAN_POINT('Ctrl Pts',(14.907149691667,4.10750706037818,0.));
#3390=CARTESIAN_POINT('Ctrl Pts',(14.907149691667,4.10750706037818,5.5));
#3391=CARTESIAN_POINT('Ctrl Pts',(14.9111465195721,2.66804787568813,0.));
#3392=CARTESIAN_POINT('Ctrl Pts',(14.9111465195721,2.66804787568813,5.5));
#3393=CARTESIAN_POINT('Ctrl Pts',(15.5748398625313,1.39986338786616,0.));
#3394=CARTESIAN_POINT('Ctrl Pts',(15.5748398625313,1.39986338786616,5.5));
#3395=CARTESIAN_POINT('Ctrl Pts',(15.8567997112173,0.861094828431876,0.));
#3396=CARTESIAN_POINT('Ctrl Pts',(15.8567997112173,0.861094828431876,5.5));
#3397=CARTESIAN_POINT('',(15.8567997112173,0.861094828431876,0.));
#3398=CARTESIAN_POINT('Ctrl Pts',(15.8567997112173,0.861094828431876,0.));
#3399=CARTESIAN_POINT('Ctrl Pts',(15.8567997112173,0.861094828431876,5.5));
#3400=CARTESIAN_POINT('Ctrl Pts',(16.1608674492832,0.555951967170769,0.));
#3401=CARTESIAN_POINT('Ctrl Pts',(16.1608674492832,0.555951967170769,5.5));
#3402=CARTESIAN_POINT('Ctrl Pts',(16.7848477034434,-0.0702345573714158,
0.));
#3403=CARTESIAN_POINT('Ctrl Pts',(16.7848477034434,-0.0702345573714158,
5.5));
#3404=CARTESIAN_POINT('Ctrl Pts',(17.6666402801668,-0.153654787330999,0.));
#3405=CARTESIAN_POINT('Ctrl Pts',(17.6666402801668,-0.153654787330999,5.5));
#3406=CARTESIAN_POINT('Ctrl Pts',(18.1187322814956,-0.196424050431245,0.));
#3407=CARTESIAN_POINT('Ctrl Pts',(18.1187322814956,-0.196424050431245,5.5));
#3408=CARTESIAN_POINT('',(18.1187322814956,-0.196424050431245,0.));
#3409=CARTESIAN_POINT('Ctrl Pts',(18.1187322814956,-0.196424050431245,0.));
#3410=CARTESIAN_POINT('Ctrl Pts',(18.1187322814956,-0.196424050431245,5.5));
#3411=CARTESIAN_POINT('Ctrl Pts',(18.4632090330708,-0.179733452847848,0.));
#3412=CARTESIAN_POINT('Ctrl Pts',(18.4632090330708,-0.179733452847848,5.5));
#3413=CARTESIAN_POINT('Ctrl Pts',(19.122415897823,-0.147793542669641,0.));
#3414=CARTESIAN_POINT('Ctrl Pts',(19.122415897823,-0.147793542669641,5.5));
#3415=CARTESIAN_POINT('Ctrl Pts',(19.6770904773564,0.20741583444597,0.));
#3416=CARTESIAN_POINT('Ctrl Pts',(19.6770904773564,0.20741583444597,5.5));
#3417=CARTESIAN_POINT('Ctrl Pts',(19.9419129519503,0.377006130662239,0.));
#3418=CARTESIAN_POINT('Ctrl Pts',(19.9419129519503,0.377006130662239,5.5));
#3419=CARTESIAN_POINT('',(19.9419129519503,0.377006130662239,0.));
#3420=CARTESIAN_POINT('Ctrl Pts',(19.9419129519503,0.377006130662239,0.));
#3421=CARTESIAN_POINT('Ctrl Pts',(19.9419129519503,0.377006130662239,5.5));
#3422=CARTESIAN_POINT('Ctrl Pts',(20.1717458504252,0.600854115729301,0.));
#3423=CARTESIAN_POINT('Ctrl Pts',(20.1717458504252,0.600854115729301,5.5));
#3424=CARTESIAN_POINT('Ctrl Pts',(20.6574598787887,1.07392001399468,0.));
#3425=CARTESIAN_POINT('Ctrl Pts',(20.6574598787887,1.07392001399468,5.5));
#3426=CARTESIAN_POINT('Ctrl Pts',(20.9068879939529,1.70553898018062,0.));
#3427=CARTESIAN_POINT('Ctrl Pts',(20.9068879939529,1.70553898018062,5.5));
#3428=CARTESIAN_POINT('Ctrl Pts',(21.038290309322,2.03828492797885,0.));
#3429=CARTESIAN_POINT('Ctrl Pts',(21.038290309322,2.03828492797885,5.5));
#3430=CARTESIAN_POINT('',(21.038290309322,2.03828492797885,0.));
#3431=CARTESIAN_POINT('Ctrl Pts',(21.038290309322,2.03828492797885,0.));
#3432=CARTESIAN_POINT('Ctrl Pts',(21.038290309322,2.03828492797885,5.5));
#3433=CARTESIAN_POINT('Ctrl Pts',(21.1471956832444,2.45225534866382,0.));
#3434=CARTESIAN_POINT('Ctrl Pts',(21.1471956832444,2.45225534866382,5.5));
#3435=CARTESIAN_POINT('Ctrl Pts',(21.3916284889666,3.3813917885794,0.));
#3436=CARTESIAN_POINT('Ctrl Pts',(21.3916284889666,3.3813917885794,5.5));
#3437=CARTESIAN_POINT('Ctrl Pts',(21.4135636078105,4.34284691236189,0.));
#3438=CARTESIAN_POINT('Ctrl Pts',(21.4135636078105,4.34284691236189,5.5));
#3439=CARTESIAN_POINT('Ctrl Pts',(21.4257256836593,4.87593224569883,0.));
#3440=CARTESIAN_POINT('Ctrl Pts',(21.4257256836593,4.87593224569883,5.5));
#3441=CARTESIAN_POINT('',(21.4257256836593,4.87593224569883,0.));
#3442=CARTESIAN_POINT('Ctrl Pts',(21.4257256836593,4.87593224569883,0.));
#3443=CARTESIAN_POINT('Ctrl Pts',(21.4257256836593,4.87593224569883,5.5));
#3444=CARTESIAN_POINT('Ctrl Pts',(21.4260070061672,5.32229028064807,0.));
#3445=CARTESIAN_POINT('Ctrl Pts',(21.4260070061672,5.32229028064807,5.5));
#3446=CARTESIAN_POINT('Ctrl Pts',(21.4265080022361,6.11719155791158,0.));
#3447=CARTESIAN_POINT('Ctrl Pts',(21.4265080022361,6.11719155791158,5.5));
#3448=CARTESIAN_POINT('Ctrl Pts',(21.2844767003387,6.89876357786235,0.));
#3449=CARTESIAN_POINT('Ctrl Pts',(21.2844767003387,6.89876357786235,5.5));
#3450=CARTESIAN_POINT('Ctrl Pts',(21.2221997209334,7.24146229244178,0.));
#3451=CARTESIAN_POINT('Ctrl Pts',(21.2221997209334,7.24146229244178,5.5));
#3452=UNCERTAINTY_MEASURE_WITH_UNIT(LENGTH_MEASURE(0.01),#3456,
'DISTANCE_ACCURACY_VALUE',
'Maximum model space distance between geometric entities at asserted c
onnectivities');
#3453=UNCERTAINTY_MEASURE_WITH_UNIT(LENGTH_MEASURE(0.01),#3456,
'DISTANCE_ACCURACY_VALUE',
'Maximum model space distance between geometric entities at asserted c
onnectivities');
#3454=(
GEOMETRIC_REPRESENTATION_CONTEXT(3)
GLOBAL_UNCERTAINTY_ASSIGNED_CONTEXT((#3452))
GLOBAL_UNIT_ASSIGNED_CONTEXT((#3456,#3458,#3459))
REPRESENTATION_CONTEXT('','3D')
);
#3455=(
GEOMETRIC_REPRESENTATION_CONTEXT(3)
GLOBAL_UNCERTAINTY_ASSIGNED_CONTEXT((#3453))
GLOBAL_UNIT_ASSIGNED_CONTEXT((#3456,#3458,#3459))
REPRESENTATION_CONTEXT('','3D')
);
#3456=(
LENGTH_UNIT()
NAMED_UNIT(*)
SI_UNIT(.MILLI.,.METRE.)
);
#3457=(
LENGTH_UNIT()
NAMED_UNIT(*)
SI_UNIT($,.METRE.)
);
#3458=(
NAMED_UNIT(*)
PLANE_ANGLE_UNIT()
SI_UNIT($,.RADIAN.)
);
#3459=(
NAMED_UNIT(*)
SI_UNIT($,.STERADIAN.)
SOLID_ANGLE_UNIT()
);
#3460=SHAPE_DEFINITION_REPRESENTATION(#3461,#3462);
#3461=PRODUCT_DEFINITION_SHAPE('',$,#3464);
#3462=SHAPE_REPRESENTATION('',(#1818),#3454);
#3463=PRODUCT_DEFINITION_CONTEXT('part definition',#3468,'design');
#3464=PRODUCT_DEFINITION('Thickness-4.0 mm','Thickness-4.0 mm v3',#3465,
#3463);
#3465=PRODUCT_DEFINITION_FORMATION('',$,#3470);
#3466=PRODUCT_RELATED_PRODUCT_CATEGORY('Thickness-4.0 mm v3',
'Thickness-4.0 mm v3',(#3470));
#3467=APPLICATION_PROTOCOL_DEFINITION('international standard',
'automotive_design',2009,#3468);
#3468=APPLICATION_CONTEXT(
'Core Data for Automotive Mechanical Design Process');
#3469=PRODUCT_CONTEXT('part definition',#3468,'mechanical');
#3470=PRODUCT('Thickness-4.0 mm','Thickness-4.0 mm v3',$,(#3469));
#3471=PRESENTATION_STYLE_ASSIGNMENT((#3472));
#3472=SURFACE_STYLE_USAGE(.BOTH.,#3473);
#3473=SURFACE_SIDE_STYLE('',(#3474));
#3474=SURFACE_STYLE_FILL_AREA(#3475);
#3475=FILL_AREA_STYLE('Acciaio - Satinato',(#3476));
#3476=FILL_AREA_STYLE_COLOUR('Acciaio - Satinato',#3477);
#3477=COLOUR_RGB('Acciaio - Satinato',0.627450980392157,0.627450980392157,
0.627450980392157);
ENDSEC;
END-ISO-10303-21;
