ISO-10303-21;
HEADER;
/* Generated by software containing ST-Developer
 * from STEP Tools, Inc. (www.steptools.com) 
 */

FILE_DESCRIPTION(
/* description */ (''),
/* implementation_level */ '2;1');

FILE_NAME(
/* name */ 'Thickness-6.0 mm.step',
/* time_stamp */ '2026-05-11T21:26:11+02:00',
/* author */ (''),
/* organization */ (''),
/* preprocessor_version */ 'ST-DEVELOPER v20.1',
/* originating_system */ 'Autodesk Translation Framework v15.8.0.0',
/* authorisation */ '');

FILE_SCHEMA (('AUTOMOTIVE_DESIGN { 1 0 10303 214 3 1 1 }'));
ENDSEC;

DATA;
#10=MECHANICAL_DESIGN_GEOMETRIC_PRESENTATION_REPRESENTATION('',(#28,#29,
#30,#31,#32,#33),#5022);
#11=SHAPE_REPRESENTATION_RELATIONSHIP('SRR','None',#5029,#12);
#12=ADVANCED_BREP_SHAPE_REPRESENTATION('',(#34,#35,#36,#37,#38,#39),#5021);
#13=CYLINDRICAL_SURFACE('',#2322,2.5);
#14=CIRCLE('',#2320,2.5);
#15=CIRCLE('',#2323,2.5);
#16=FACE_BOUND('',#226,.T.);
#17=FACE_BOUND('',#228,.T.);
#18=FACE_BOUND('',#264,.T.);
#19=FACE_BOUND('',#266,.T.);
#20=FACE_BOUND('',#284,.T.);
#21=FACE_BOUND('',#289,.T.);
#22=FACE_BOUND('',#290,.T.);
#23=FACE_BOUND('',#291,.T.);
#24=FACE_BOUND('',#292,.T.);
#25=FACE_BOUND('',#294,.T.);
#26=FACE_BOUND('',#295,.T.);
#27=FACE_BOUND('',#296,.T.);
#28=STYLED_ITEM('',(#5038),#34);
#29=STYLED_ITEM('',(#5038),#35);
#30=STYLED_ITEM('',(#5038),#36);
#31=STYLED_ITEM('',(#5038),#37);
#32=STYLED_ITEM('',(#5038),#38);
#33=STYLED_ITEM('',(#5038),#39);
#34=MANIFOLD_SOLID_BREP('Corpo1',#2280);
#35=MANIFOLD_SOLID_BREP('Corpo8',#2281);
#36=MANIFOLD_SOLID_BREP('Corpo3',#2282);
#37=MANIFOLD_SOLID_BREP('Corpo5',#2283);
#38=MANIFOLD_SOLID_BREP('Corpo9',#2284);
#39=MANIFOLD_SOLID_BREP('Corpo7',#2285);
#40=PLANE('',#2299);
#41=PLANE('',#2300);
#42=PLANE('',#2301);
#43=PLANE('',#2302);
#44=PLANE('',#2303);
#45=PLANE('',#2304);
#46=PLANE('',#2305);
#47=PLANE('',#2306);
#48=PLANE('',#2307);
#49=PLANE('',#2308);
#50=PLANE('',#2309);
#51=PLANE('',#2310);
#52=PLANE('',#2311);
#53=PLANE('',#2312);
#54=PLANE('',#2313);
#55=PLANE('',#2314);
#56=PLANE('',#2315);
#57=PLANE('',#2316);
#58=PLANE('',#2317);
#59=PLANE('',#2318);
#60=PLANE('',#2319);
#61=PLANE('',#2321);
#62=PLANE('',#2324);
#63=PLANE('',#2325);
#64=PLANE('',#2326);
#65=PLANE('',#2327);
#66=PLANE('',#2328);
#67=PLANE('',#2329);
#68=PLANE('',#2330);
#69=PLANE('',#2331);
#70=FACE_OUTER_BOUND('',#195,.T.);
#71=FACE_OUTER_BOUND('',#196,.T.);
#72=FACE_OUTER_BOUND('',#197,.T.);
#73=FACE_OUTER_BOUND('',#198,.T.);
#74=FACE_OUTER_BOUND('',#199,.T.);
#75=FACE_OUTER_BOUND('',#200,.T.);
#76=FACE_OUTER_BOUND('',#201,.T.);
#77=FACE_OUTER_BOUND('',#202,.T.);
#78=FACE_OUTER_BOUND('',#203,.T.);
#79=FACE_OUTER_BOUND('',#204,.T.);
#80=FACE_OUTER_BOUND('',#205,.T.);
#81=FACE_OUTER_BOUND('',#206,.T.);
#82=FACE_OUTER_BOUND('',#207,.T.);
#83=FACE_OUTER_BOUND('',#208,.T.);
#84=FACE_OUTER_BOUND('',#209,.T.);
#85=FACE_OUTER_BOUND('',#210,.T.);
#86=FACE_OUTER_BOUND('',#211,.T.);
#87=FACE_OUTER_BOUND('',#212,.T.);
#88=FACE_OUTER_BOUND('',#213,.T.);
#89=FACE_OUTER_BOUND('',#214,.T.);
#90=FACE_OUTER_BOUND('',#215,.T.);
#91=FACE_OUTER_BOUND('',#216,.T.);
#92=FACE_OUTER_BOUND('',#217,.T.);
#93=FACE_OUTER_BOUND('',#218,.T.);
#94=FACE_OUTER_BOUND('',#219,.T.);
#95=FACE_OUTER_BOUND('',#220,.T.);
#96=FACE_OUTER_BOUND('',#221,.T.);
#97=FACE_OUTER_BOUND('',#222,.T.);
#98=FACE_OUTER_BOUND('',#223,.T.);
#99=FACE_OUTER_BOUND('',#224,.T.);
#100=FACE_OUTER_BOUND('',#225,.T.);
#101=FACE_OUTER_BOUND('',#227,.T.);
#102=FACE_OUTER_BOUND('',#229,.T.);
#103=FACE_OUTER_BOUND('',#230,.T.);
#104=FACE_OUTER_BOUND('',#231,.T.);
#105=FACE_OUTER_BOUND('',#232,.T.);
#106=FACE_OUTER_BOUND('',#233,.T.);
#107=FACE_OUTER_BOUND('',#234,.T.);
#108=FACE_OUTER_BOUND('',#235,.T.);
#109=FACE_OUTER_BOUND('',#236,.T.);
#110=FACE_OUTER_BOUND('',#237,.T.);
#111=FACE_OUTER_BOUND('',#238,.T.);
#112=FACE_OUTER_BOUND('',#239,.T.);
#113=FACE_OUTER_BOUND('',#240,.T.);
#114=FACE_OUTER_BOUND('',#241,.T.);
#115=FACE_OUTER_BOUND('',#242,.T.);
#116=FACE_OUTER_BOUND('',#243,.T.);
#117=FACE_OUTER_BOUND('',#244,.T.);
#118=FACE_OUTER_BOUND('',#245,.T.);
#119=FACE_OUTER_BOUND('',#246,.T.);
#120=FACE_OUTER_BOUND('',#247,.T.);
#121=FACE_OUTER_BOUND('',#248,.T.);
#122=FACE_OUTER_BOUND('',#249,.T.);
#123=FACE_OUTER_BOUND('',#250,.T.);
#124=FACE_OUTER_BOUND('',#251,.T.);
#125=FACE_OUTER_BOUND('',#252,.T.);
#126=FACE_OUTER_BOUND('',#253,.T.);
#127=FACE_OUTER_BOUND('',#254,.T.);
#128=FACE_OUTER_BOUND('',#255,.T.);
#129=FACE_OUTER_BOUND('',#256,.T.);
#130=FACE_OUTER_BOUND('',#257,.T.);
#131=FACE_OUTER_BOUND('',#258,.T.);
#132=FACE_OUTER_BOUND('',#259,.T.);
#133=FACE_OUTER_BOUND('',#260,.T.);
#134=FACE_OUTER_BOUND('',#261,.T.);
#135=FACE_OUTER_BOUND('',#262,.T.);
#136=FACE_OUTER_BOUND('',#263,.T.);
#137=FACE_OUTER_BOUND('',#265,.T.);
#138=FACE_OUTER_BOUND('',#267,.T.);
#139=FACE_OUTER_BOUND('',#268,.T.);
#140=FACE_OUTER_BOUND('',#269,.T.);
#141=FACE_OUTER_BOUND('',#270,.T.);
#142=FACE_OUTER_BOUND('',#271,.T.);
#143=FACE_OUTER_BOUND('',#272,.T.);
#144=FACE_OUTER_BOUND('',#273,.T.);
#145=FACE_OUTER_BOUND('',#274,.T.);
#146=FACE_OUTER_BOUND('',#275,.T.);
#147=FACE_OUTER_BOUND('',#276,.T.);
#148=FACE_OUTER_BOUND('',#277,.T.);
#149=FACE_OUTER_BOUND('',#278,.T.);
#150=FACE_OUTER_BOUND('',#279,.T.);
#151=FACE_OUTER_BOUND('',#280,.T.);
#152=FACE_OUTER_BOUND('',#281,.T.);
#153=FACE_OUTER_BOUND('',#282,.T.);
#154=FACE_OUTER_BOUND('',#283,.T.);
#155=FACE_OUTER_BOUND('',#285,.T.);
#156=FACE_OUTER_BOUND('',#286,.T.);
#157=FACE_OUTER_BOUND('',#287,.T.);
#158=FACE_OUTER_BOUND('',#288,.T.);
#159=FACE_OUTER_BOUND('',#293,.T.);
#160=FACE_OUTER_BOUND('',#297,.T.);
#161=FACE_OUTER_BOUND('',#298,.T.);
#162=FACE_OUTER_BOUND('',#299,.T.);
#163=FACE_OUTER_BOUND('',#300,.T.);
#164=FACE_OUTER_BOUND('',#301,.T.);
#165=FACE_OUTER_BOUND('',#302,.T.);
#166=FACE_OUTER_BOUND('',#303,.T.);
#167=FACE_OUTER_BOUND('',#304,.T.);
#168=FACE_OUTER_BOUND('',#305,.T.);
#169=FACE_OUTER_BOUND('',#306,.T.);
#170=FACE_OUTER_BOUND('',#307,.T.);
#171=FACE_OUTER_BOUND('',#308,.T.);
#172=FACE_OUTER_BOUND('',#309,.T.);
#173=FACE_OUTER_BOUND('',#310,.T.);
#174=FACE_OUTER_BOUND('',#311,.T.);
#175=FACE_OUTER_BOUND('',#312,.T.);
#176=FACE_OUTER_BOUND('',#313,.T.);
#177=FACE_OUTER_BOUND('',#314,.T.);
#178=FACE_OUTER_BOUND('',#315,.T.);
#179=FACE_OUTER_BOUND('',#316,.T.);
#180=FACE_OUTER_BOUND('',#317,.T.);
#181=FACE_OUTER_BOUND('',#318,.T.);
#182=FACE_OUTER_BOUND('',#319,.T.);
#183=FACE_OUTER_BOUND('',#320,.T.);
#184=FACE_OUTER_BOUND('',#321,.T.);
#185=FACE_OUTER_BOUND('',#322,.T.);
#186=FACE_OUTER_BOUND('',#323,.T.);
#187=FACE_OUTER_BOUND('',#324,.T.);
#188=FACE_OUTER_BOUND('',#325,.T.);
#189=FACE_OUTER_BOUND('',#326,.T.);
#190=FACE_OUTER_BOUND('',#327,.T.);
#191=FACE_OUTER_BOUND('',#328,.T.);
#192=FACE_OUTER_BOUND('',#329,.T.);
#193=FACE_OUTER_BOUND('',#330,.T.);
#194=FACE_OUTER_BOUND('',#331,.T.);
#195=EDGE_LOOP('',(#1383,#1384,#1385,#1386));
#196=EDGE_LOOP('',(#1387,#1388,#1389,#1390));
#197=EDGE_LOOP('',(#1391,#1392,#1393,#1394));
#198=EDGE_LOOP('',(#1395,#1396,#1397,#1398));
#199=EDGE_LOOP('',(#1399,#1400,#1401,#1402));
#200=EDGE_LOOP('',(#1403,#1404,#1405,#1406));
#201=EDGE_LOOP('',(#1407,#1408,#1409,#1410));
#202=EDGE_LOOP('',(#1411,#1412,#1413,#1414));
#203=EDGE_LOOP('',(#1415,#1416,#1417,#1418,#1419,#1420,#1421,#1422));
#204=EDGE_LOOP('',(#1423,#1424,#1425,#1426,#1427,#1428,#1429,#1430));
#205=EDGE_LOOP('',(#1431,#1432,#1433,#1434));
#206=EDGE_LOOP('',(#1435,#1436,#1437,#1438));
#207=EDGE_LOOP('',(#1439,#1440,#1441,#1442));
#208=EDGE_LOOP('',(#1443,#1444,#1445,#1446));
#209=EDGE_LOOP('',(#1447,#1448,#1449,#1450));
#210=EDGE_LOOP('',(#1451,#1452,#1453,#1454));
#211=EDGE_LOOP('',(#1455,#1456,#1457,#1458));
#212=EDGE_LOOP('',(#1459,#1460,#1461,#1462));
#213=EDGE_LOOP('',(#1463,#1464,#1465,#1466));
#214=EDGE_LOOP('',(#1467,#1468,#1469,#1470));
#215=EDGE_LOOP('',(#1471,#1472,#1473,#1474));
#216=EDGE_LOOP('',(#1475,#1476,#1477,#1478));
#217=EDGE_LOOP('',(#1479,#1480,#1481,#1482));
#218=EDGE_LOOP('',(#1483,#1484,#1485,#1486));
#219=EDGE_LOOP('',(#1487,#1488,#1489,#1490));
#220=EDGE_LOOP('',(#1491,#1492,#1493,#1494));
#221=EDGE_LOOP('',(#1495,#1496,#1497,#1498));
#222=EDGE_LOOP('',(#1499,#1500,#1501,#1502));
#223=EDGE_LOOP('',(#1503,#1504,#1505,#1506));
#224=EDGE_LOOP('',(#1507,#1508,#1509,#1510));
#225=EDGE_LOOP('',(#1511,#1512,#1513,#1514,#1515,#1516,#1517,#1518,#1519,
#1520,#1521,#1522));
#226=EDGE_LOOP('',(#1523,#1524,#1525,#1526,#1527,#1528,#1529,#1530));
#227=EDGE_LOOP('',(#1531,#1532,#1533,#1534,#1535,#1536,#1537,#1538,#1539,
#1540,#1541,#1542));
#228=EDGE_LOOP('',(#1543,#1544,#1545,#1546,#1547,#1548,#1549,#1550));
#229=EDGE_LOOP('',(#1551,#1552,#1553,#1554));
#230=EDGE_LOOP('',(#1555,#1556,#1557,#1558));
#231=EDGE_LOOP('',(#1559,#1560,#1561,#1562));
#232=EDGE_LOOP('',(#1563,#1564,#1565,#1566));
#233=EDGE_LOOP('',(#1567,#1568,#1569,#1570));
#234=EDGE_LOOP('',(#1571,#1572,#1573,#1574));
#235=EDGE_LOOP('',(#1575,#1576,#1577,#1578));
#236=EDGE_LOOP('',(#1579,#1580,#1581,#1582));
#237=EDGE_LOOP('',(#1583,#1584,#1585,#1586));
#238=EDGE_LOOP('',(#1587,#1588,#1589,#1590));
#239=EDGE_LOOP('',(#1591,#1592,#1593,#1594));
#240=EDGE_LOOP('',(#1595,#1596,#1597,#1598));
#241=EDGE_LOOP('',(#1599,#1600,#1601,#1602));
#242=EDGE_LOOP('',(#1603,#1604,#1605,#1606));
#243=EDGE_LOOP('',(#1607,#1608,#1609,#1610));
#244=EDGE_LOOP('',(#1611,#1612,#1613,#1614));
#245=EDGE_LOOP('',(#1615,#1616,#1617,#1618));
#246=EDGE_LOOP('',(#1619,#1620,#1621,#1622));
#247=EDGE_LOOP('',(#1623,#1624,#1625,#1626));
#248=EDGE_LOOP('',(#1627,#1628,#1629,#1630));
#249=EDGE_LOOP('',(#1631,#1632,#1633,#1634));
#250=EDGE_LOOP('',(#1635,#1636,#1637,#1638));
#251=EDGE_LOOP('',(#1639,#1640,#1641,#1642));
#252=EDGE_LOOP('',(#1643,#1644,#1645,#1646));
#253=EDGE_LOOP('',(#1647,#1648,#1649,#1650));
#254=EDGE_LOOP('',(#1651,#1652,#1653,#1654));
#255=EDGE_LOOP('',(#1655,#1656,#1657,#1658));
#256=EDGE_LOOP('',(#1659,#1660,#1661,#1662));
#257=EDGE_LOOP('',(#1663,#1664,#1665,#1666));
#258=EDGE_LOOP('',(#1667,#1668,#1669,#1670));
#259=EDGE_LOOP('',(#1671,#1672,#1673,#1674));
#260=EDGE_LOOP('',(#1675,#1676,#1677,#1678));
#261=EDGE_LOOP('',(#1679,#1680,#1681,#1682));
#262=EDGE_LOOP('',(#1683,#1684,#1685,#1686));
#263=EDGE_LOOP('',(#1687,#1688,#1689,#1690,#1691,#1692,#1693,#1694,#1695,
#1696,#1697,#1698,#1699,#1700,#1701,#1702,#1703,#1704,#1705));
#264=EDGE_LOOP('',(#1706,#1707,#1708,#1709,#1710,#1711,#1712,#1713,#1714));
#265=EDGE_LOOP('',(#1715,#1716,#1717,#1718,#1719,#1720,#1721,#1722,#1723,
#1724,#1725,#1726,#1727,#1728,#1729,#1730,#1731,#1732,#1733));
#266=EDGE_LOOP('',(#1734,#1735,#1736,#1737,#1738,#1739,#1740,#1741,#1742));
#267=EDGE_LOOP('',(#1743,#1744,#1745,#1746));
#268=EDGE_LOOP('',(#1747,#1748,#1749,#1750));
#269=EDGE_LOOP('',(#1751,#1752,#1753,#1754));
#270=EDGE_LOOP('',(#1755,#1756,#1757,#1758));
#271=EDGE_LOOP('',(#1759,#1760,#1761,#1762));
#272=EDGE_LOOP('',(#1763,#1764,#1765,#1766));
#273=EDGE_LOOP('',(#1767,#1768,#1769,#1770));
#274=EDGE_LOOP('',(#1771,#1772,#1773,#1774));
#275=EDGE_LOOP('',(#1775,#1776,#1777,#1778));
#276=EDGE_LOOP('',(#1779,#1780,#1781,#1782,#1783,#1784,#1785,#1786,#1787));
#277=EDGE_LOOP('',(#1788,#1789,#1790,#1791,#1792,#1793,#1794,#1795,#1796));
#278=EDGE_LOOP('',(#1797,#1798,#1799,#1800));
#279=EDGE_LOOP('',(#1801,#1802,#1803,#1804,#1805,#1806,#1807,#1808));
#280=EDGE_LOOP('',(#1809,#1810,#1811,#1812));
#281=EDGE_LOOP('',(#1813,#1814,#1815,#1816,#1817,#1818,#1819,#1820));
#282=EDGE_LOOP('',(#1821,#1822,#1823,#1824));
#283=EDGE_LOOP('',(#1825,#1826,#1827,#1828));
#284=EDGE_LOOP('',(#1829));
#285=EDGE_LOOP('',(#1830,#1831,#1832,#1833));
#286=EDGE_LOOP('',(#1834,#1835,#1836,#1837));
#287=EDGE_LOOP('',(#1838,#1839,#1840,#1841));
#288=EDGE_LOOP('',(#1842,#1843,#1844,#1845));
#289=EDGE_LOOP('',(#1846,#1847,#1848,#1849,#1850,#1851,#1852,#1853,#1854,
#1855,#1856,#1857));
#290=EDGE_LOOP('',(#1858,#1859,#1860,#1861));
#291=EDGE_LOOP('',(#1862,#1863,#1864,#1865,#1866,#1867,#1868,#1869,#1870,
#1871,#1872,#1873,#1874,#1875,#1876,#1877,#1878,#1879,#1880));
#292=EDGE_LOOP('',(#1881));
#293=EDGE_LOOP('',(#1882,#1883,#1884,#1885));
#294=EDGE_LOOP('',(#1886,#1887,#1888,#1889,#1890,#1891,#1892,#1893,#1894,
#1895,#1896,#1897));
#295=EDGE_LOOP('',(#1898,#1899,#1900,#1901));
#296=EDGE_LOOP('',(#1902,#1903,#1904,#1905,#1906,#1907,#1908,#1909,#1910,
#1911,#1912,#1913,#1914,#1915,#1916,#1917,#1918,#1919,#1920));
#297=EDGE_LOOP('',(#1921,#1922,#1923,#1924));
#298=EDGE_LOOP('',(#1925,#1926,#1927,#1928));
#299=EDGE_LOOP('',(#1929,#1930,#1931,#1932));
#300=EDGE_LOOP('',(#1933,#1934,#1935,#1936));
#301=EDGE_LOOP('',(#1937,#1938,#1939,#1940));
#302=EDGE_LOOP('',(#1941,#1942,#1943,#1944));
#303=EDGE_LOOP('',(#1945,#1946,#1947,#1948));
#304=EDGE_LOOP('',(#1949,#1950,#1951,#1952));
#305=EDGE_LOOP('',(#1953,#1954,#1955,#1956));
#306=EDGE_LOOP('',(#1957,#1958,#1959,#1960));
#307=EDGE_LOOP('',(#1961,#1962,#1963,#1964));
#308=EDGE_LOOP('',(#1965,#1966,#1967,#1968));
#309=EDGE_LOOP('',(#1969,#1970,#1971,#1972));
#310=EDGE_LOOP('',(#1973,#1974,#1975,#1976));
#311=EDGE_LOOP('',(#1977,#1978,#1979,#1980));
#312=EDGE_LOOP('',(#1981,#1982,#1983,#1984));
#313=EDGE_LOOP('',(#1985,#1986,#1987,#1988));
#314=EDGE_LOOP('',(#1989,#1990,#1991,#1992));
#315=EDGE_LOOP('',(#1993,#1994,#1995,#1996));
#316=EDGE_LOOP('',(#1997,#1998,#1999,#2000));
#317=EDGE_LOOP('',(#2001,#2002,#2003,#2004));
#318=EDGE_LOOP('',(#2005,#2006,#2007,#2008));
#319=EDGE_LOOP('',(#2009,#2010,#2011,#2012));
#320=EDGE_LOOP('',(#2013,#2014,#2015,#2016));
#321=EDGE_LOOP('',(#2017,#2018,#2019,#2020));
#322=EDGE_LOOP('',(#2021,#2022,#2023,#2024));
#323=EDGE_LOOP('',(#2025,#2026,#2027,#2028));
#324=EDGE_LOOP('',(#2029,#2030,#2031,#2032));
#325=EDGE_LOOP('',(#2033,#2034,#2035,#2036));
#326=EDGE_LOOP('',(#2037,#2038,#2039,#2040));
#327=EDGE_LOOP('',(#2041,#2042,#2043,#2044));
#328=EDGE_LOOP('',(#2045,#2046,#2047,#2048));
#329=EDGE_LOOP('',(#2049,#2050,#2051,#2052));
#330=EDGE_LOOP('',(#2053,#2054,#2055,#2056));
#331=EDGE_LOOP('',(#2057,#2058,#2059,#2060));
#332=LINE('',#2570,#481);
#333=LINE('',#2577,#482);
#334=LINE('',#2602,#483);
#335=LINE('',#2627,#484);
#336=LINE('',#2652,#485);
#337=LINE('',#2677,#486);
#338=LINE('',#2702,#487);
#339=LINE('',#2727,#488);
#340=LINE('',#2772,#489);
#341=LINE('',#2779,#490);
#342=LINE('',#2799,#491);
#343=LINE('',#2824,#492);
#344=LINE('',#2849,#493);
#345=LINE('',#2875,#494);
#346=LINE('',#2882,#495);
#347=LINE('',#2902,#496);
#348=LINE('',#2926,#497);
#349=LINE('',#2951,#498);
#350=LINE('',#2976,#499);
#351=LINE('',#3001,#500);
#352=LINE('',#3026,#501);
#353=LINE('',#3050,#502);
#354=LINE('',#3075,#503);
#355=LINE('',#3122,#504);
#356=LINE('',#3147,#505);
#357=LINE('',#3172,#506);
#358=LINE('',#3196,#507);
#359=LINE('',#3221,#508);
#360=LINE('',#3254,#509);
#361=LINE('',#3256,#510);
#362=LINE('',#3258,#511);
#363=LINE('',#3259,#512);
#364=LINE('',#3262,#513);
#365=LINE('',#3264,#514);
#366=LINE('',#3265,#515);
#367=LINE('',#3268,#516);
#368=LINE('',#3270,#517);
#369=LINE('',#3271,#518);
#370=LINE('',#3273,#519);
#371=LINE('',#3274,#520);
#372=LINE('',#3297,#521);
#373=LINE('',#3304,#522);
#374=LINE('',#3324,#523);
#375=LINE('',#3349,#524);
#376=LINE('',#3374,#525);
#377=LINE('',#3400,#526);
#378=LINE('',#3407,#527);
#379=LINE('',#3427,#528);
#380=LINE('',#3452,#529);
#381=LINE('',#3477,#530);
#382=LINE('',#3502,#531);
#383=LINE('',#3527,#532);
#384=LINE('',#3551,#533);
#385=LINE('',#3576,#534);
#386=LINE('',#3601,#535);
#387=LINE('',#3626,#536);
#388=LINE('',#3651,#537);
#389=LINE('',#3676,#538);
#390=LINE('',#3701,#539);
#391=LINE('',#3730,#540);
#392=LINE('',#3732,#541);
#393=LINE('',#3733,#542);
#394=LINE('',#3753,#543);
#395=LINE('',#3777,#544);
#396=LINE('',#3802,#545);
#397=LINE('',#3827,#546);
#398=LINE('',#3851,#547);
#399=LINE('',#3876,#548);
#400=LINE('',#3901,#549);
#401=LINE('',#3926,#550);
#402=LINE('',#3976,#551);
#403=LINE('',#3983,#552);
#404=LINE('',#4008,#553);
#405=LINE('',#4033,#554);
#406=LINE('',#4058,#555);
#407=LINE('',#4083,#556);
#408=LINE('',#4108,#557);
#409=LINE('',#4133,#558);
#410=LINE('',#4158,#559);
#411=LINE('',#4186,#560);
#412=LINE('',#4188,#561);
#413=LINE('',#4190,#562);
#414=LINE('',#4191,#563);
#415=LINE('',#4195,#564);
#416=LINE('',#4197,#565);
#417=LINE('',#4199,#566);
#418=LINE('',#4201,#567);
#419=LINE('',#4203,#568);
#420=LINE('',#4204,#569);
#421=LINE('',#4205,#570);
#422=LINE('',#4208,#571);
#423=LINE('',#4209,#572);
#424=LINE('',#4213,#573);
#425=LINE('',#4214,#574);
#426=LINE('',#4216,#575);
#427=LINE('',#4218,#576);
#428=LINE('',#4220,#577);
#429=LINE('',#4221,#578);
#430=LINE('',#4223,#579);
#431=LINE('',#4225,#580);
#432=LINE('',#4226,#581);
#433=LINE('',#4230,#582);
#434=LINE('',#4233,#583);
#435=LINE('',#4236,#584);
#436=LINE('',#4312,#585);
#437=LINE('',#4314,#586);
#438=LINE('',#4316,#587);
#439=LINE('',#4317,#588);
#440=LINE('',#4320,#589);
#441=LINE('',#4527,#590);
#442=LINE('',#4529,#591);
#443=LINE('',#4531,#592);
#444=LINE('',#4532,#593);
#445=LINE('',#4535,#594);
#446=LINE('',#4689,#595);
#447=LINE('',#4690,#596);
#448=LINE('',#4701,#597);
#449=LINE('',#4712,#598);
#450=LINE('',#4723,#599);
#451=LINE('',#4734,#600);
#452=LINE('',#4745,#601);
#453=LINE('',#4756,#602);
#454=LINE('',#4767,#603);
#455=LINE('',#4778,#604);
#456=LINE('',#4780,#605);
#457=LINE('',#4791,#606);
#458=LINE('',#4802,#607);
#459=LINE('',#4813,#608);
#460=LINE('',#4824,#609);
#461=LINE('',#4835,#610);
#462=LINE('',#4846,#611);
#463=LINE('',#4857,#612);
#464=LINE('',#4868,#613);
#465=LINE('',#4880,#614);
#466=LINE('',#4881,#615);
#467=LINE('',#4883,#616);
#468=LINE('',#4885,#617);
#469=LINE('',#4897,#618);
#470=LINE('',#4898,#619);
#471=LINE('',#4909,#620);
#472=LINE('',#4920,#621);
#473=LINE('',#4931,#622);
#474=LINE('',#4942,#623);
#475=LINE('',#4953,#624);
#476=LINE('',#4964,#625);
#477=LINE('',#4975,#626);
#478=LINE('',#4986,#627);
#479=LINE('',#4997,#628);
#480=LINE('',#5008,#629);
#481=VECTOR('',#2334,10.);
#482=VECTOR('',#2335,10.);
#483=VECTOR('',#2336,10.);
#484=VECTOR('',#2337,10.);
#485=VECTOR('',#2338,10.);
#486=VECTOR('',#2339,10.);
#487=VECTOR('',#2340,10.);
#488=VECTOR('',#2341,10.);
#489=VECTOR('',#2346,10.);
#490=VECTOR('',#2347,10.);
#491=VECTOR('',#2348,10.);
#492=VECTOR('',#2349,10.);
#493=VECTOR('',#2350,10.);
#494=VECTOR('',#2351,10.);
#495=VECTOR('',#2352,10.);
#496=VECTOR('',#2353,10.);
#497=VECTOR('',#2354,10.);
#498=VECTOR('',#2355,10.);
#499=VECTOR('',#2356,10.);
#500=VECTOR('',#2357,10.);
#501=VECTOR('',#2358,10.);
#502=VECTOR('',#2359,10.);
#503=VECTOR('',#2360,10.);
#504=VECTOR('',#2361,10.);
#505=VECTOR('',#2362,10.);
#506=VECTOR('',#2363,10.);
#507=VECTOR('',#2364,10.);
#508=VECTOR('',#2365,10.);
#509=VECTOR('',#2372,10.);
#510=VECTOR('',#2373,10.);
#511=VECTOR('',#2374,10.);
#512=VECTOR('',#2375,10.);
#513=VECTOR('',#2378,10.);
#514=VECTOR('',#2379,10.);
#515=VECTOR('',#2380,10.);
#516=VECTOR('',#2383,10.);
#517=VECTOR('',#2384,10.);
#518=VECTOR('',#2385,10.);
#519=VECTOR('',#2388,10.);
#520=VECTOR('',#2389,10.);
#521=VECTOR('',#2394,10.);
#522=VECTOR('',#2395,10.);
#523=VECTOR('',#2396,10.);
#524=VECTOR('',#2397,10.);
#525=VECTOR('',#2398,10.);
#526=VECTOR('',#2399,10.);
#527=VECTOR('',#2400,10.);
#528=VECTOR('',#2401,10.);
#529=VECTOR('',#2402,10.);
#530=VECTOR('',#2403,10.);
#531=VECTOR('',#2404,10.);
#532=VECTOR('',#2405,10.);
#533=VECTOR('',#2406,10.);
#534=VECTOR('',#2407,10.);
#535=VECTOR('',#2408,10.);
#536=VECTOR('',#2409,10.);
#537=VECTOR('',#2410,10.);
#538=VECTOR('',#2411,10.);
#539=VECTOR('',#2412,10.);
#540=VECTOR('',#2415,10.);
#541=VECTOR('',#2416,10.);
#542=VECTOR('',#2417,10.);
#543=VECTOR('',#2418,10.);
#544=VECTOR('',#2419,10.);
#545=VECTOR('',#2420,10.);
#546=VECTOR('',#2421,10.);
#547=VECTOR('',#2422,10.);
#548=VECTOR('',#2423,10.);
#549=VECTOR('',#2424,10.);
#550=VECTOR('',#2425,10.);
#551=VECTOR('',#2430,10.);
#552=VECTOR('',#2431,10.);
#553=VECTOR('',#2432,10.);
#554=VECTOR('',#2433,10.);
#555=VECTOR('',#2434,10.);
#556=VECTOR('',#2435,10.);
#557=VECTOR('',#2436,10.);
#558=VECTOR('',#2437,10.);
#559=VECTOR('',#2438,10.);
#560=VECTOR('',#2445,10.);
#561=VECTOR('',#2446,10.);
#562=VECTOR('',#2447,10.);
#563=VECTOR('',#2448,10.);
#564=VECTOR('',#2451,10.);
#565=VECTOR('',#2452,10.);
#566=VECTOR('',#2453,10.);
#567=VECTOR('',#2454,10.);
#568=VECTOR('',#2455,10.);
#569=VECTOR('',#2456,10.);
#570=VECTOR('',#2457,10.);
#571=VECTOR('',#2460,10.);
#572=VECTOR('',#2461,10.);
#573=VECTOR('',#2464,10.);
#574=VECTOR('',#2465,10.);
#575=VECTOR('',#2466,10.);
#576=VECTOR('',#2467,10.);
#577=VECTOR('',#2468,10.);
#578=VECTOR('',#2469,10.);
#579=VECTOR('',#2472,10.);
#580=VECTOR('',#2475,10.);
#581=VECTOR('',#2476,10.);
#582=VECTOR('',#2481,10.);
#583=VECTOR('',#2484,2.5);
#584=VECTOR('',#2489,10.);
#585=VECTOR('',#2492,10.);
#586=VECTOR('',#2493,10.);
#587=VECTOR('',#2494,10.);
#588=VECTOR('',#2495,10.);
#589=VECTOR('',#2496,10.);
#590=VECTOR('',#2499,10.);
#591=VECTOR('',#2500,10.);
#592=VECTOR('',#2501,10.);
#593=VECTOR('',#2502,10.);
#594=VECTOR('',#2503,10.);
#595=VECTOR('',#2504,10.);
#596=VECTOR('',#2505,10.);
#597=VECTOR('',#2506,10.);
#598=VECTOR('',#2507,10.);
#599=VECTOR('',#2508,10.);
#600=VECTOR('',#2509,10.);
#601=VECTOR('',#2510,10.);
#602=VECTOR('',#2511,10.);
#603=VECTOR('',#2512,10.);
#604=VECTOR('',#2513,10.);
#605=VECTOR('',#2516,10.);
#606=VECTOR('',#2517,10.);
#607=VECTOR('',#2518,10.);
#608=VECTOR('',#2519,10.);
#609=VECTOR('',#2520,10.);
#610=VECTOR('',#2521,10.);
#611=VECTOR('',#2522,10.);
#612=VECTOR('',#2523,10.);
#613=VECTOR('',#2524,10.);
#614=VECTOR('',#2527,10.);
#615=VECTOR('',#2528,10.);
#616=VECTOR('',#2531,10.);
#617=VECTOR('',#2534,10.);
#618=VECTOR('',#2537,10.);
#619=VECTOR('',#2538,10.);
#620=VECTOR('',#2539,10.);
#621=VECTOR('',#2540,10.);
#622=VECTOR('',#2541,10.);
#623=VECTOR('',#2542,10.);
#624=VECTOR('',#2543,10.);
#625=VECTOR('',#2544,10.);
#626=VECTOR('',#2545,10.);
#627=VECTOR('',#2546,10.);
#628=VECTOR('',#2547,10.);
#629=VECTOR('',#2548,10.);
#630=B_SPLINE_CURVE_WITH_KNOTS('',3,(#2562,#2563,#2564,#2565,#2566,#2567,
#2568),.UNSPECIFIED.,.F.,.F.,(4,3,4),(0.,0.216298336480769,0.352810911657492),
 .UNSPECIFIED.);
#631=B_SPLINE_CURVE_WITH_KNOTS('',3,(#2572,#2573,#2574,#2575,#2576),
 .UNSPECIFIED.,.F.,.F.,(4,1,4),(-0.336006039542182,-0.205995747294291,0.),
 .UNSPECIFIED.);
#632=B_SPLINE_CURVE_WITH_KNOTS('',3,(#2589,#2590,#2591,#2592,#2593,#2594,
#2595),.UNSPECIFIED.,.F.,.F.,(4,3,4),(0.,0.092562418446326,0.177403261708114),
 .UNSPECIFIED.);
#633=B_SPLINE_CURVE_WITH_KNOTS('',3,(#2597,#2598,#2599,#2600,#2601),
 .UNSPECIFIED.,.F.,.F.,(4,1,4),(-0.170291808629417,-0.0888519269407369,
0.),.UNSPECIFIED.);
#634=B_SPLINE_CURVE_WITH_KNOTS('',3,(#2614,#2615,#2616,#2617,#2618,#2619,
#2620),.UNSPECIFIED.,.F.,.F.,(4,3,4),(0.,0.0840611328540388,0.169905127926685),
 .UNSPECIFIED.);
#635=B_SPLINE_CURVE_WITH_KNOTS('',3,(#2622,#2623,#2624,#2625,#2626),
 .UNSPECIFIED.,.F.,.F.,(4,1,4),(-0.157930495414354,-0.078136643188655,0.),
 .UNSPECIFIED.);
#636=B_SPLINE_CURVE_WITH_KNOTS('',3,(#2639,#2640,#2641,#2642,#2643,#2644,
#2645),.UNSPECIFIED.,.F.,.F.,(4,3,4),(0.,0.155630653532538,0.389446952389033),
 .UNSPECIFIED.);
#637=B_SPLINE_CURVE_WITH_KNOTS('',3,(#2647,#2648,#2649,#2650,#2651),
 .UNSPECIFIED.,.F.,.F.,(4,1,4),(-0.346684596116817,-0.138541975825829,0.),
 .UNSPECIFIED.);
#638=B_SPLINE_CURVE_WITH_KNOTS('',3,(#2664,#2665,#2666,#2667,#2668,#2669,
#2670),.UNSPECIFIED.,.F.,.F.,(4,3,4),(0.,0.215770054566266,0.352315332575404),
 .UNSPECIFIED.);
#639=B_SPLINE_CURVE_WITH_KNOTS('',3,(#2672,#2673,#2674,#2675,#2676),
 .UNSPECIFIED.,.F.,.F.,(4,1,4),(-0.335661121908885,-0.205570441855673,0.),
 .UNSPECIFIED.);
#640=B_SPLINE_CURVE_WITH_KNOTS('',3,(#2689,#2690,#2691,#2692,#2693,#2694,
#2695),.UNSPECIFIED.,.F.,.F.,(4,3,4),(0.,0.0925586823342571,0.176454936011438),
 .UNSPECIFIED.);
#641=B_SPLINE_CURVE_WITH_KNOTS('',3,(#2697,#2698,#2699,#2700,#2701),
 .UNSPECIFIED.,.F.,.F.,(4,1,4),(-0.16925064810175,-0.0887797039097937,0.),
 .UNSPECIFIED.);
#642=B_SPLINE_CURVE_WITH_KNOTS('',3,(#2714,#2715,#2716,#2717,#2718,#2719,
#2720),.UNSPECIFIED.,.F.,.F.,(4,3,4),(0.,0.0896923115897015,0.188815291053353),
 .UNSPECIFIED.);
#643=B_SPLINE_CURVE_WITH_KNOTS('',3,(#2722,#2723,#2724,#2725,#2726),
 .UNSPECIFIED.,.F.,.F.,(4,1,4),(-0.169448749761436,-0.0804926866743731,
0.),.UNSPECIFIED.);
#644=B_SPLINE_CURVE_WITH_KNOTS('',3,(#2738,#2739,#2740,#2741,#2742,#2743,
#2744),.UNSPECIFIED.,.F.,.F.,(4,3,4),(0.,0.144928799226555,0.373331752904355),
 .UNSPECIFIED.);
#645=B_SPLINE_CURVE_WITH_KNOTS('',3,(#2745,#2746,#2747,#2748,#2749),
 .UNSPECIFIED.,.F.,.F.,(4,1,4),(-0.335316243028855,-0.130171034435911,0.),
 .UNSPECIFIED.);
#646=B_SPLINE_CURVE_WITH_KNOTS('',3,(#2764,#2765,#2766,#2767,#2768,#2769,
#2770),.UNSPECIFIED.,.F.,.F.,(4,3,4),(0.,0.216298336480769,0.352810911657492),
 .UNSPECIFIED.);
#647=B_SPLINE_CURVE_WITH_KNOTS('',3,(#2774,#2775,#2776,#2777,#2778),
 .UNSPECIFIED.,.F.,.F.,(4,1,4),(0.,0.205995747294291,0.336006039542182),
 .UNSPECIFIED.);
#648=B_SPLINE_CURVE_WITH_KNOTS('',3,(#2791,#2792,#2793,#2794,#2795,#2796,
#2797),.UNSPECIFIED.,.F.,.F.,(4,3,4),(0.,0.092562418446326,0.177403261708114),
 .UNSPECIFIED.);
#649=B_SPLINE_CURVE_WITH_KNOTS('',3,(#2800,#2801,#2802,#2803,#2804),
 .UNSPECIFIED.,.F.,.F.,(4,1,4),(0.,0.0888519269407369,0.170291808629417),
 .UNSPECIFIED.);
#650=B_SPLINE_CURVE_WITH_KNOTS('',3,(#2816,#2817,#2818,#2819,#2820,#2821,
#2822),.UNSPECIFIED.,.F.,.F.,(4,3,4),(0.,0.0840611328540354,0.169905127926678),
 .UNSPECIFIED.);
#651=B_SPLINE_CURVE_WITH_KNOTS('',3,(#2825,#2826,#2827,#2828,#2829),
 .UNSPECIFIED.,.F.,.F.,(4,1,4),(0.,0.078136643188655,0.157930495414354),
 .UNSPECIFIED.);
#652=B_SPLINE_CURVE_WITH_KNOTS('',3,(#2841,#2842,#2843,#2844,#2845,#2846,
#2847),.UNSPECIFIED.,.F.,.F.,(4,3,4),(0.,0.155630653532538,0.389446952389033),
 .UNSPECIFIED.);
#653=B_SPLINE_CURVE_WITH_KNOTS('',3,(#2850,#2851,#2852,#2853,#2854),
 .UNSPECIFIED.,.F.,.F.,(4,1,4),(0.,0.138541975825829,0.346684596116817),
 .UNSPECIFIED.);
#654=B_SPLINE_CURVE_WITH_KNOTS('',3,(#2867,#2868,#2869,#2870,#2871,#2872,
#2873),.UNSPECIFIED.,.F.,.F.,(4,3,4),(0.,0.117060587012282,0.266972895191474),
 .UNSPECIFIED.);
#655=B_SPLINE_CURVE_WITH_KNOTS('',3,(#2877,#2878,#2879,#2880,#2881),
 .UNSPECIFIED.,.F.,.F.,(4,1,4),(0.,0.104291668902067,0.237851607460451),
 .UNSPECIFIED.);
#656=B_SPLINE_CURVE_WITH_KNOTS('',3,(#2894,#2895,#2896,#2897,#2898,#2899,
#2900),.UNSPECIFIED.,.F.,.F.,(4,3,4),(0.,0.161525361819265,0.291321783659973),
 .UNSPECIFIED.);
#657=B_SPLINE_CURVE_WITH_KNOTS('',3,(#2903,#2904,#2905,#2906,#2907),
 .UNSPECIFIED.,.F.,.F.,(4,1,4),(0.,0.159277782296877,0.287268123801204),
 .UNSPECIFIED.);
#658=B_SPLINE_CURVE_WITH_KNOTS('',3,(#2919,#2920,#2921,#2922,#2923,#2924),
 .UNSPECIFIED.,.F.,.F.,(4,2,4),(0.,0.101862832847859,0.204254819902214),
 .UNSPECIFIED.);
#659=B_SPLINE_CURVE_WITH_KNOTS('',3,(#2927,#2928,#2929,#2930,#2931),
 .UNSPECIFIED.,.F.,.F.,(4,1,4),(0.,0.105922758671558,0.201062898627169),
 .UNSPECIFIED.);
#660=B_SPLINE_CURVE_WITH_KNOTS('',3,(#2943,#2944,#2945,#2946,#2947,#2948,
#2949),.UNSPECIFIED.,.F.,.F.,(4,3,4),(0.,0.100962391198287,0.211467217699255),
 .UNSPECIFIED.);
#661=B_SPLINE_CURVE_WITH_KNOTS('',3,(#2952,#2953,#2954,#2955,#2956),
 .UNSPECIFIED.,.F.,.F.,(4,1,4),(0.,0.0926770739647712,0.194113498533806),
 .UNSPECIFIED.);
#662=B_SPLINE_CURVE_WITH_KNOTS('',3,(#2968,#2969,#2970,#2971,#2972,#2973,
#2974),.UNSPECIFIED.,.F.,.F.,(4,3,4),(0.,0.136316762272665,0.265881963630694),
 .UNSPECIFIED.);
#663=B_SPLINE_CURVE_WITH_KNOTS('',3,(#2977,#2978,#2979,#2980,#2981),
 .UNSPECIFIED.,.F.,.F.,(4,1,4),(0.,0.131669362589219,0.256817342867918),
 .UNSPECIFIED.);
#664=B_SPLINE_CURVE_WITH_KNOTS('',3,(#2993,#2994,#2995,#2996,#2997,#2998,
#2999),.UNSPECIFIED.,.F.,.F.,(4,3,4),(0.,0.204841544390936,0.482167833495802),
 .UNSPECIFIED.);
#665=B_SPLINE_CURVE_WITH_KNOTS('',3,(#3002,#3003,#3004,#3005,#3006),
 .UNSPECIFIED.,.F.,.F.,(4,1,4),(0.,0.180044075966027,0.423798123082955),
 .UNSPECIFIED.);
#666=B_SPLINE_CURVE_WITH_KNOTS('',3,(#3018,#3019,#3020,#3021,#3022,#3023,
#3024),.UNSPECIFIED.,.F.,.F.,(4,3,4),(0.,0.215770054566266,0.352315332575404),
 .UNSPECIFIED.);
#667=B_SPLINE_CURVE_WITH_KNOTS('',3,(#3027,#3028,#3029,#3030,#3031),
 .UNSPECIFIED.,.F.,.F.,(4,1,4),(0.,0.205570441855673,0.335661121908885),
 .UNSPECIFIED.);
#668=B_SPLINE_CURVE_WITH_KNOTS('',3,(#3043,#3044,#3045,#3046,#3047,#3048),
 .UNSPECIFIED.,.F.,.F.,(4,2,4),(0.,0.088034276138772,0.176454936011438),
 .UNSPECIFIED.);
#669=B_SPLINE_CURVE_WITH_KNOTS('',3,(#3051,#3052,#3053,#3054,#3055),
 .UNSPECIFIED.,.F.,.F.,(4,1,4),(0.,0.0887797039097937,0.16925064810175),
 .UNSPECIFIED.);
#670=B_SPLINE_CURVE_WITH_KNOTS('',3,(#3067,#3068,#3069,#3070,#3071,#3072,
#3073),.UNSPECIFIED.,.F.,.F.,(4,3,4),(0.,0.0896923115897015,0.188815291053353),
 .UNSPECIFIED.);
#671=B_SPLINE_CURVE_WITH_KNOTS('',3,(#3076,#3077,#3078,#3079,#3080),
 .UNSPECIFIED.,.F.,.F.,(4,1,4),(0.,0.0804926866743731,0.169448749761436),
 .UNSPECIFIED.);
#672=B_SPLINE_CURVE_WITH_KNOTS('',3,(#3091,#3092,#3093,#3094,#3095,#3096,
#3097),.UNSPECIFIED.,.F.,.F.,(4,3,4),(0.,0.144928799226555,0.373331752904355),
 .UNSPECIFIED.);
#673=B_SPLINE_CURVE_WITH_KNOTS('',3,(#3098,#3099,#3100,#3101,#3102),
 .UNSPECIFIED.,.F.,.F.,(4,1,4),(0.,0.130171034435911,0.335316243028855),
 .UNSPECIFIED.);
#674=B_SPLINE_CURVE_WITH_KNOTS('',3,(#3114,#3115,#3116,#3117,#3118,#3119,
#3120),.UNSPECIFIED.,.F.,.F.,(4,3,4),(0.,0.162622745781947,0.292857452960274),
 .UNSPECIFIED.);
#675=B_SPLINE_CURVE_WITH_KNOTS('',3,(#3123,#3124,#3125,#3126,#3127),
 .UNSPECIFIED.,.F.,.F.,(4,1,4),(0.,0.160304208813227,0.288682140165076),
 .UNSPECIFIED.);
#676=B_SPLINE_CURVE_WITH_KNOTS('',3,(#3139,#3140,#3141,#3142,#3143,#3144,
#3145),.UNSPECIFIED.,.F.,.F.,(4,3,4),(0.,0.10764623575996,0.204167973792045),
 .UNSPECIFIED.);
#677=B_SPLINE_CURVE_WITH_KNOTS('',3,(#3148,#3149,#3150,#3151,#3152),
 .UNSPECIFIED.,.F.,.F.,(4,1,4),(0.,0.105954942234015,0.200960170287891),
 .UNSPECIFIED.);
#678=B_SPLINE_CURVE_WITH_KNOTS('',3,(#3164,#3165,#3166,#3167,#3168,#3169,
#3170),.UNSPECIFIED.,.F.,.F.,(4,3,4),(0.,0.100534450366229,0.210330503007927),
 .UNSPECIFIED.);
#679=B_SPLINE_CURVE_WITH_KNOTS('',3,(#3173,#3174,#3175,#3176,#3177),
 .UNSPECIFIED.,.F.,.F.,(4,1,4),(0.,0.0924051099572599,0.19332291753735),
 .UNSPECIFIED.);
#680=B_SPLINE_CURVE_WITH_KNOTS('',3,(#3189,#3190,#3191,#3192,#3193,#3194),
 .UNSPECIFIED.,.F.,.F.,(4,2,4),(0.,0.0737200918882989,0.147668196345521),
 .UNSPECIFIED.);
#681=B_SPLINE_CURVE_WITH_KNOTS('',3,(#3197,#3198,#3199,#3200,#3201),
 .UNSPECIFIED.,.F.,.F.,(4,1,4),(0.,0.0759788126199147,0.145986469391239),
 .UNSPECIFIED.);
#682=B_SPLINE_CURVE_WITH_KNOTS('',3,(#3213,#3214,#3215,#3216,#3217,#3218,
#3219),.UNSPECIFIED.,.F.,.F.,(4,3,4),(0.,0.0706275241940271,0.143344816641387),
 .UNSPECIFIED.);
#683=B_SPLINE_CURVE_WITH_KNOTS('',3,(#3222,#3223,#3224,#3225,#3226),
 .UNSPECIFIED.,.F.,.F.,(4,1,4),(0.,0.0680953743457991,0.138205594222864),
 .UNSPECIFIED.);
#684=B_SPLINE_CURVE_WITH_KNOTS('',3,(#3237,#3238,#3239,#3240,#3241,#3242,
#3243),.UNSPECIFIED.,.F.,.F.,(4,3,4),(0.,0.0828712526715423,0.175469038157579),
 .UNSPECIFIED.);
#685=B_SPLINE_CURVE_WITH_KNOTS('',3,(#3244,#3245,#3246,#3247,#3248),
 .UNSPECIFIED.,.F.,.F.,(4,1,4),(0.,0.0763514663705507,0.161664243438689),
 .UNSPECIFIED.);
#686=B_SPLINE_CURVE_WITH_KNOTS('',3,(#3289,#3290,#3291,#3292,#3293,#3294,
#3295),.UNSPECIFIED.,.F.,.F.,(4,3,4),(0.,0.0963465730961329,0.18059082295707),
 .UNSPECIFIED.);
#687=B_SPLINE_CURVE_WITH_KNOTS('',3,(#3299,#3300,#3301,#3302,#3303),
 .UNSPECIFIED.,.F.,.F.,(4,1,4),(0.,0.0937078073591707,0.175644753151832),
 .UNSPECIFIED.);
#688=B_SPLINE_CURVE_WITH_KNOTS('',3,(#3316,#3317,#3318,#3319,#3320,#3321,
#3322),.UNSPECIFIED.,.F.,.F.,(4,3,4),(0.,0.080269714868614,0.161969747132808),
 .UNSPECIFIED.);
#689=B_SPLINE_CURVE_WITH_KNOTS('',3,(#3325,#3326,#3327,#3328,#3329),
 .UNSPECIFIED.,.F.,.F.,(4,1,4),(0.,0.076808049261306,0.154984732871928),
 .UNSPECIFIED.);
#690=B_SPLINE_CURVE_WITH_KNOTS('',3,(#3341,#3342,#3343,#3344,#3345,#3346,
#3347),.UNSPECIFIED.,.F.,.F.,(4,3,4),(0.,0.0804108258003166,0.160817505428114),
 .UNSPECIFIED.);
#691=B_SPLINE_CURVE_WITH_KNOTS('',3,(#3350,#3351,#3352,#3353,#3354),
 .UNSPECIFIED.,.F.,.F.,(4,1,4),(0.,0.078344062215565,0.156684084825834),
 .UNSPECIFIED.);
#692=B_SPLINE_CURVE_WITH_KNOTS('',3,(#3366,#3367,#3368,#3369,#3370,#3371,
#3372),.UNSPECIFIED.,.F.,.F.,(4,3,4),(0.,0.0890008515883198,0.185878345484971),
 .UNSPECIFIED.);
#693=B_SPLINE_CURVE_WITH_KNOTS('',3,(#3375,#3376,#3377,#3378,#3379),
 .UNSPECIFIED.,.F.,.F.,(4,1,4),(0.,0.0815431307010065,0.170302889802428),
 .UNSPECIFIED.);
#694=B_SPLINE_CURVE_WITH_KNOTS('',3,(#3392,#3393,#3394,#3395,#3396,#3397,
#3398),.UNSPECIFIED.,.F.,.F.,(4,3,4),(0.,0.092179673953944,0.182462832267028),
 .UNSPECIFIED.);
#695=B_SPLINE_CURVE_WITH_KNOTS('',3,(#3402,#3403,#3404,#3405,#3406),
 .UNSPECIFIED.,.F.,.F.,(4,1,4),(0.,0.091373454671957,0.180866980955023),
 .UNSPECIFIED.);
#696=B_SPLINE_CURVE_WITH_KNOTS('',3,(#3419,#3420,#3421,#3422,#3423,#3424,
#3425),.UNSPECIFIED.,.F.,.F.,(4,3,4),(0.,0.087262673745948,0.170607371273934),
 .UNSPECIFIED.);
#697=B_SPLINE_CURVE_WITH_KNOTS('',3,(#3428,#3429,#3430,#3431,#3432),
 .UNSPECIFIED.,.F.,.F.,(4,1,4),(0.,0.0861057172324904,0.168345404032202),
 .UNSPECIFIED.);
#698=B_SPLINE_CURVE_WITH_KNOTS('',3,(#3444,#3445,#3446,#3447,#3448,#3449,
#3450),.UNSPECIFIED.,.F.,.F.,(4,3,4),(0.,0.0864440997348111,0.176721893394875),
 .UNSPECIFIED.);
#699=B_SPLINE_CURVE_WITH_KNOTS('',3,(#3453,#3454,#3455,#3456,#3457),
 .UNSPECIFIED.,.F.,.F.,(4,1,4),(0.,0.0822907021385999,0.168230899914974),
 .UNSPECIFIED.);
#700=B_SPLINE_CURVE_WITH_KNOTS('',3,(#3469,#3470,#3471,#3472,#3473,#3474,
#3475),.UNSPECIFIED.,.F.,.F.,(4,3,4),(0.,0.146600519027279,0.290586305195192),
 .UNSPECIFIED.);
#701=B_SPLINE_CURVE_WITH_KNOTS('',3,(#3478,#3479,#3480,#3481,#3482),
 .UNSPECIFIED.,.F.,.F.,(4,1,4),(0.,0.142154553877773,0.281773672099526),
 .UNSPECIFIED.);
#702=B_SPLINE_CURVE_WITH_KNOTS('',3,(#3494,#3495,#3496,#3497,#3498,#3499,
#3500),.UNSPECIFIED.,.F.,.F.,(4,3,4),(0.,0.189417025241796,0.444657761071072),
 .UNSPECIFIED.);
#703=B_SPLINE_CURVE_WITH_KNOTS('',3,(#3503,#3504,#3505,#3506,#3507),
 .UNSPECIFIED.,.F.,.F.,(4,1,4),(0.,0.166190359187878,0.390133003798081),
 .UNSPECIFIED.);
#704=B_SPLINE_CURVE_WITH_KNOTS('',3,(#3519,#3520,#3521,#3522,#3523,#3524,
#3525),.UNSPECIFIED.,.F.,.F.,(4,3,4),(0.,0.260805853353254,0.456712387210063),
 .UNSPECIFIED.);
#705=B_SPLINE_CURVE_WITH_KNOTS('',3,(#3528,#3529,#3530,#3531,#3532),
 .UNSPECIFIED.,.F.,.F.,(4,1,4),(0.,0.25176870872033,0.440886914561352),
 .UNSPECIFIED.);
#706=B_SPLINE_CURVE_WITH_KNOTS('',3,(#3544,#3545,#3546,#3547,#3548,#3549),
 .UNSPECIFIED.,.F.,.F.,(4,2,4),(0.,0.151897338303856,0.303681654586975),
 .UNSPECIFIED.);
#707=B_SPLINE_CURVE_WITH_KNOTS('',3,(#3552,#3553,#3554,#3555,#3556),
 .UNSPECIFIED.,.F.,.F.,(4,1,4),(0.,0.139322147553601,0.284235570264951),
 .UNSPECIFIED.);
#708=B_SPLINE_CURVE_WITH_KNOTS('',3,(#3568,#3569,#3570,#3571,#3572,#3573,
#3574),.UNSPECIFIED.,.F.,.F.,(4,3,4),(0.,0.111219222953432,0.212918301209965),
 .UNSPECIFIED.);
#709=B_SPLINE_CURVE_WITH_KNOTS('',3,(#3577,#3578,#3579,#3580,#3581),
 .UNSPECIFIED.,.F.,.F.,(4,1,4),(0.,0.108616882611279,0.207936375692887),
 .UNSPECIFIED.);
#710=B_SPLINE_CURVE_WITH_KNOTS('',3,(#3593,#3594,#3595,#3596,#3597,#3598,
#3599),.UNSPECIFIED.,.F.,.F.,(4,3,4),(0.,0.108132607473033,0.226171627052565),
 .UNSPECIFIED.);
#711=B_SPLINE_CURVE_WITH_KNOTS('',3,(#3602,#3603,#3604,#3605,#3606),
 .UNSPECIFIED.,.F.,.F.,(4,1,4),(0.,0.0992031408628976,0.207494633691154),
 .UNSPECIFIED.);
#712=B_SPLINE_CURVE_WITH_KNOTS('',3,(#3618,#3619,#3620,#3621,#3622,#3623,
#3624),.UNSPECIFIED.,.F.,.F.,(4,3,4),(0.,0.0631578463170493,0.126571986048228),
 .UNSPECIFIED.);
#713=B_SPLINE_CURVE_WITH_KNOTS('',3,(#3627,#3628,#3629,#3630,#3631),
 .UNSPECIFIED.,.F.,.F.,(4,1,4),(0.,0.0624380637810376,0.125129500111508),
 .UNSPECIFIED.);
#714=B_SPLINE_CURVE_WITH_KNOTS('',3,(#3643,#3644,#3645,#3646,#3647,#3648,
#3649),.UNSPECIFIED.,.F.,.F.,(4,3,4),(0.,0.0613205239034614,0.119093874910372),
 .UNSPECIFIED.);
#715=B_SPLINE_CURVE_WITH_KNOTS('',3,(#3652,#3653,#3654,#3655,#3656),
 .UNSPECIFIED.,.F.,.F.,(4,1,4),(0.,0.0604392176652559,0.117382242846435),
 .UNSPECIFIED.);
#716=B_SPLINE_CURVE_WITH_KNOTS('',3,(#3668,#3669,#3670,#3671,#3672,#3673,
#3674),.UNSPECIFIED.,.F.,.F.,(4,3,4),(0.,0.055317663068055,0.108573653768329),
 .UNSPECIFIED.);
#717=B_SPLINE_CURVE_WITH_KNOTS('',3,(#3677,#3678,#3679,#3680,#3681),
 .UNSPECIFIED.,.F.,.F.,(4,1,4),(0.,0.054597792767397,0.10716074251274),
 .UNSPECIFIED.);
#718=B_SPLINE_CURVE_WITH_KNOTS('',3,(#3693,#3694,#3695,#3696,#3697,#3698,
#3699),.UNSPECIFIED.,.F.,.F.,(4,3,4),(0.,0.0791016433854723,0.161805668848368),
 .UNSPECIFIED.);
#719=B_SPLINE_CURVE_WITH_KNOTS('',3,(#3702,#3703,#3704,#3705,#3706),
 .UNSPECIFIED.,.F.,.F.,(4,1,4),(0.,0.073988145615315,0.151345798592285),
 .UNSPECIFIED.);
#720=B_SPLINE_CURVE_WITH_KNOTS('',3,(#3717,#3718,#3719,#3720,#3721,#3722),
 .UNSPECIFIED.,.F.,.F.,(4,2,4),(0.,0.102139756499722,0.20344995608354),
 .UNSPECIFIED.);
#721=B_SPLINE_CURVE_WITH_KNOTS('',3,(#3723,#3724,#3725,#3726,#3727),
 .UNSPECIFIED.,.F.,.F.,(4,1,4),(0.,0.085073437682712,0.182602264146864),
 .UNSPECIFIED.);
#722=B_SPLINE_CURVE_WITH_KNOTS('',3,(#3745,#3746,#3747,#3748,#3749,#3750,
#3751),.UNSPECIFIED.,.F.,.F.,(4,3,4),(0.,0.0671216739029611,0.118638165604072),
 .UNSPECIFIED.);
#723=B_SPLINE_CURVE_WITH_KNOTS('',3,(#3754,#3755,#3756,#3757,#3758),
 .UNSPECIFIED.,.F.,.F.,(4,1,4),(0.,0.065474538671605,0.115726839187624),
 .UNSPECIFIED.);
#724=B_SPLINE_CURVE_WITH_KNOTS('',3,(#3770,#3771,#3772,#3773,#3774,#3775),
 .UNSPECIFIED.,.F.,.F.,(4,2,4),(0.,0.0704829495000629,0.140965103138924),
 .UNSPECIFIED.);
#725=B_SPLINE_CURVE_WITH_KNOTS('',3,(#3778,#3779,#3780,#3781,#3782),
 .UNSPECIFIED.,.F.,.F.,(4,1,4),(0.,0.0681353743506063,0.136596086308127),
 .UNSPECIFIED.);
#726=B_SPLINE_CURVE_WITH_KNOTS('',3,(#3794,#3795,#3796,#3797,#3798,#3799,
#3800),.UNSPECIFIED.,.F.,.F.,(4,3,4),(0.,0.0566297881231649,0.111386863301374),
 .UNSPECIFIED.);
#727=B_SPLINE_CURVE_WITH_KNOTS('',3,(#3803,#3804,#3805,#3806,#3807),
 .UNSPECIFIED.,.F.,.F.,(4,1,4),(0.,0.0556867360236698,0.109531945266645),
 .UNSPECIFIED.);
#728=B_SPLINE_CURVE_WITH_KNOTS('',3,(#3819,#3820,#3821,#3822,#3823,#3824,
#3825),.UNSPECIFIED.,.F.,.F.,(4,3,4),(0.,0.0801191442455,0.169227052577742),
 .UNSPECIFIED.);
#729=B_SPLINE_CURVE_WITH_KNOTS('',3,(#3828,#3829,#3830,#3831,#3832),
 .UNSPECIFIED.,.F.,.F.,(4,1,4),(0.,0.0734359670534848,0.155110896087179),
 .UNSPECIFIED.);
#730=B_SPLINE_CURVE_WITH_KNOTS('',3,(#3844,#3845,#3846,#3847,#3848,#3849),
 .UNSPECIFIED.,.F.,.F.,(4,2,4),(0.,0.134164564030076,0.264616190955994),
 .UNSPECIFIED.);
#731=B_SPLINE_CURVE_WITH_KNOTS('',3,(#3852,#3853,#3854,#3855,#3856),
 .UNSPECIFIED.,.F.,.F.,(4,1,4),(0.,0.101624821942818,0.2347999624559),
 .UNSPECIFIED.);
#732=B_SPLINE_CURVE_WITH_KNOTS('',3,(#3868,#3869,#3870,#3871,#3872,#3873,
#3874),.UNSPECIFIED.,.F.,.F.,(4,3,4),(0.,0.0776624457093835,0.150764727942158),
 .UNSPECIFIED.);
#733=B_SPLINE_CURVE_WITH_KNOTS('',3,(#3877,#3878,#3879,#3880,#3881),
 .UNSPECIFIED.,.F.,.F.,(4,1,4),(0.,0.0767481310565701,0.148989785128732),
 .UNSPECIFIED.);
#734=B_SPLINE_CURVE_WITH_KNOTS('',3,(#3893,#3894,#3895,#3896,#3897,#3898,
#3899),.UNSPECIFIED.,.F.,.F.,(4,3,4),(0.,0.0707263575198504,0.140557949492494),
 .UNSPECIFIED.);
#735=B_SPLINE_CURVE_WITH_KNOTS('',3,(#3902,#3903,#3904,#3905,#3906),
 .UNSPECIFIED.,.F.,.F.,(4,1,4),(0.,0.0700969825177254,0.139307161768332),
 .UNSPECIFIED.);
#736=B_SPLINE_CURVE_WITH_KNOTS('',3,(#3918,#3919,#3920,#3921,#3922,#3923,
#3924),.UNSPECIFIED.,.F.,.F.,(4,3,4),(0.,0.120142680724188,0.24148500354411),
 .UNSPECIFIED.);
#737=B_SPLINE_CURVE_WITH_KNOTS('',3,(#3927,#3928,#3929,#3930,#3931),
 .UNSPECIFIED.,.F.,.F.,(4,1,4),(0.,0.115883822206288,0.232924761188189),
 .UNSPECIFIED.);
#738=B_SPLINE_CURVE_WITH_KNOTS('',3,(#3942,#3943,#3944,#3945,#3946,#3947,
#3948),.UNSPECIFIED.,.F.,.F.,(4,3,4),(0.,0.132601441953237,0.275685950657943),
 .UNSPECIFIED.);
#739=B_SPLINE_CURVE_WITH_KNOTS('',3,(#3949,#3950,#3951,#3952,#3953),
 .UNSPECIFIED.,.F.,.F.,(4,1,4),(0.,0.122151089898545,0.253959073495295),
 .UNSPECIFIED.);
#740=B_SPLINE_CURVE_WITH_KNOTS('',3,(#3968,#3969,#3970,#3971,#3972,#3973,
#3974),.UNSPECIFIED.,.F.,.F.,(4,3,4),(0.,0.0963465730961329,0.18059082295707),
 .UNSPECIFIED.);
#741=B_SPLINE_CURVE_WITH_KNOTS('',3,(#3978,#3979,#3980,#3981,#3982),
 .UNSPECIFIED.,.F.,.F.,(4,1,4),(-0.175644753151832,-0.0937078073591707,
0.),.UNSPECIFIED.);
#742=B_SPLINE_CURVE_WITH_KNOTS('',3,(#3995,#3996,#3997,#3998,#3999,#4000,
#4001),.UNSPECIFIED.,.F.,.F.,(4,3,4),(0.,0.080269714868614,0.161969747132808),
 .UNSPECIFIED.);
#743=B_SPLINE_CURVE_WITH_KNOTS('',3,(#4003,#4004,#4005,#4006,#4007),
 .UNSPECIFIED.,.F.,.F.,(4,1,4),(-0.154984732871928,-0.076808049261306,0.),
 .UNSPECIFIED.);
#744=B_SPLINE_CURVE_WITH_KNOTS('',3,(#4020,#4021,#4022,#4023,#4024,#4025,
#4026),.UNSPECIFIED.,.F.,.F.,(4,3,4),(0.,0.0804108258003166,0.160817505428114),
 .UNSPECIFIED.);
#745=B_SPLINE_CURVE_WITH_KNOTS('',3,(#4028,#4029,#4030,#4031,#4032),
 .UNSPECIFIED.,.F.,.F.,(4,1,4),(-0.156684084825834,-0.078344062215565,0.),
 .UNSPECIFIED.);
#746=B_SPLINE_CURVE_WITH_KNOTS('',3,(#4045,#4046,#4047,#4048,#4049,#4050,
#4051),.UNSPECIFIED.,.F.,.F.,(4,3,4),(0.,0.0890008515883198,0.185878345484971),
 .UNSPECIFIED.);
#747=B_SPLINE_CURVE_WITH_KNOTS('',3,(#4053,#4054,#4055,#4056,#4057),
 .UNSPECIFIED.,.F.,.F.,(4,1,4),(-0.170302889802428,-0.0815431307010065,
0.),.UNSPECIFIED.);
#748=B_SPLINE_CURVE_WITH_KNOTS('',3,(#4070,#4071,#4072,#4073,#4074,#4075,
#4076),.UNSPECIFIED.,.F.,.F.,(4,3,4),(0.,0.0631578463170493,0.126571986048228),
 .UNSPECIFIED.);
#749=B_SPLINE_CURVE_WITH_KNOTS('',3,(#4078,#4079,#4080,#4081,#4082),
 .UNSPECIFIED.,.F.,.F.,(4,1,4),(-0.125129500111508,-0.0624380637810376,
0.),.UNSPECIFIED.);
#750=B_SPLINE_CURVE_WITH_KNOTS('',3,(#4095,#4096,#4097,#4098,#4099,#4100,
#4101),.UNSPECIFIED.,.F.,.F.,(4,3,4),(0.,0.0613205239034614,0.119093874910372),
 .UNSPECIFIED.);
#751=B_SPLINE_CURVE_WITH_KNOTS('',3,(#4103,#4104,#4105,#4106,#4107),
 .UNSPECIFIED.,.F.,.F.,(4,1,4),(-0.117382242846435,-0.0604392176652559,
0.),.UNSPECIFIED.);
#752=B_SPLINE_CURVE_WITH_KNOTS('',3,(#4120,#4121,#4122,#4123,#4124,#4125,
#4126),.UNSPECIFIED.,.F.,.F.,(4,3,4),(0.,0.055317663068055,0.108573653768329),
 .UNSPECIFIED.);
#753=B_SPLINE_CURVE_WITH_KNOTS('',3,(#4128,#4129,#4130,#4131,#4132),
 .UNSPECIFIED.,.F.,.F.,(4,1,4),(-0.10716074251274,-0.054597792767397,0.),
 .UNSPECIFIED.);
#754=B_SPLINE_CURVE_WITH_KNOTS('',3,(#4145,#4146,#4147,#4148,#4149,#4150,
#4151),.UNSPECIFIED.,.F.,.F.,(4,3,4),(0.,0.0791016433854708,0.161805668848365),
 .UNSPECIFIED.);
#755=B_SPLINE_CURVE_WITH_KNOTS('',3,(#4153,#4154,#4155,#4156,#4157),
 .UNSPECIFIED.,.F.,.F.,(4,1,4),(-0.151345798592285,-0.073988145615315,0.),
 .UNSPECIFIED.);
#756=B_SPLINE_CURVE_WITH_KNOTS('',3,(#4169,#4170,#4171,#4172,#4173,#4174,
#4175),.UNSPECIFIED.,.F.,.F.,(4,3,4),(0.,0.0947862680744372,0.203449956083543),
 .UNSPECIFIED.);
#757=B_SPLINE_CURVE_WITH_KNOTS('',3,(#4176,#4177,#4178,#4179,#4180),
 .UNSPECIFIED.,.F.,.F.,(4,1,4),(-0.182602264146864,-0.085073437682712,0.),
 .UNSPECIFIED.);
#758=B_SPLINE_CURVE_WITH_KNOTS('',3,(#4240,#4241,#4242,#4243,#4244),
 .UNSPECIFIED.,.F.,.F.,(4,1,4),(-0.288682140165076,-0.160304208813227,0.),
 .UNSPECIFIED.);
#759=B_SPLINE_CURVE_WITH_KNOTS('',3,(#4246,#4247,#4248,#4249,#4250),
 .UNSPECIFIED.,.F.,.F.,(4,1,4),(-0.423798123082955,-0.180044075966027,0.),
 .UNSPECIFIED.);
#760=B_SPLINE_CURVE_WITH_KNOTS('',3,(#4252,#4253,#4254,#4255,#4256),
 .UNSPECIFIED.,.F.,.F.,(4,1,4),(-0.256817342867918,-0.131669362589219,0.),
 .UNSPECIFIED.);
#761=B_SPLINE_CURVE_WITH_KNOTS('',3,(#4258,#4259,#4260,#4261,#4262),
 .UNSPECIFIED.,.F.,.F.,(4,1,4),(-0.194113498533806,-0.0926770739647712,
0.),.UNSPECIFIED.);
#762=B_SPLINE_CURVE_WITH_KNOTS('',3,(#4264,#4265,#4266,#4267,#4268),
 .UNSPECIFIED.,.F.,.F.,(4,1,4),(-0.201062898627169,-0.105922758671558,0.),
 .UNSPECIFIED.);
#763=B_SPLINE_CURVE_WITH_KNOTS('',3,(#4270,#4271,#4272,#4273,#4274),
 .UNSPECIFIED.,.F.,.F.,(4,1,4),(-0.287268123801204,-0.159277782296877,0.),
 .UNSPECIFIED.);
#764=B_SPLINE_CURVE_WITH_KNOTS('',3,(#4276,#4277,#4278,#4279,#4280),
 .UNSPECIFIED.,.F.,.F.,(4,1,4),(-0.237851607460451,-0.104291668902067,0.),
 .UNSPECIFIED.);
#765=B_SPLINE_CURVE_WITH_KNOTS('',3,(#4282,#4283,#4284,#4285,#4286),
 .UNSPECIFIED.,.F.,.F.,(4,1,4),(-0.161664243438689,-0.0763514663705507,
0.),.UNSPECIFIED.);
#766=B_SPLINE_CURVE_WITH_KNOTS('',3,(#4288,#4289,#4290,#4291,#4292),
 .UNSPECIFIED.,.F.,.F.,(4,1,4),(-0.138205594222864,-0.0680953743457991,
0.),.UNSPECIFIED.);
#767=B_SPLINE_CURVE_WITH_KNOTS('',3,(#4294,#4295,#4296,#4297,#4298),
 .UNSPECIFIED.,.F.,.F.,(4,1,4),(-0.145986469391239,-0.0759788126199147,
0.),.UNSPECIFIED.);
#768=B_SPLINE_CURVE_WITH_KNOTS('',3,(#4300,#4301,#4302,#4303,#4304),
 .UNSPECIFIED.,.F.,.F.,(4,1,4),(-0.19332291753735,-0.0924051099572599,0.),
 .UNSPECIFIED.);
#769=B_SPLINE_CURVE_WITH_KNOTS('',3,(#4305,#4306,#4307,#4308,#4309),
 .UNSPECIFIED.,.F.,.F.,(4,1,4),(-0.200960170287891,-0.105954942234015,0.),
 .UNSPECIFIED.);
#770=B_SPLINE_CURVE_WITH_KNOTS('',3,(#4322,#4323,#4324,#4325,#4326),
 .UNSPECIFIED.,.F.,.F.,(4,1,4),(-0.207494633691154,-0.0992031408628976,
0.),.UNSPECIFIED.);
#771=B_SPLINE_CURVE_WITH_KNOTS('',3,(#4328,#4329,#4330,#4331,#4332),
 .UNSPECIFIED.,.F.,.F.,(4,1,4),(-0.207936375692887,-0.108616882611279,0.),
 .UNSPECIFIED.);
#772=B_SPLINE_CURVE_WITH_KNOTS('',3,(#4334,#4335,#4336,#4337,#4338),
 .UNSPECIFIED.,.F.,.F.,(4,1,4),(-0.284235570264951,-0.139322147553601,0.),
 .UNSPECIFIED.);
#773=B_SPLINE_CURVE_WITH_KNOTS('',3,(#4340,#4341,#4342,#4343,#4344),
 .UNSPECIFIED.,.F.,.F.,(4,1,4),(-0.440886914561352,-0.25176870872033,0.),
 .UNSPECIFIED.);
#774=B_SPLINE_CURVE_WITH_KNOTS('',3,(#4346,#4347,#4348,#4349,#4350),
 .UNSPECIFIED.,.F.,.F.,(4,1,4),(-0.390133003798081,-0.166190359187878,0.),
 .UNSPECIFIED.);
#775=B_SPLINE_CURVE_WITH_KNOTS('',3,(#4352,#4353,#4354,#4355,#4356),
 .UNSPECIFIED.,.F.,.F.,(4,1,4),(-0.281773672099526,-0.142154553877773,0.),
 .UNSPECIFIED.);
#776=B_SPLINE_CURVE_WITH_KNOTS('',3,(#4358,#4359,#4360,#4361,#4362),
 .UNSPECIFIED.,.F.,.F.,(4,1,4),(-0.168230899914974,-0.0822907021385999,
0.),.UNSPECIFIED.);
#777=B_SPLINE_CURVE_WITH_KNOTS('',3,(#4364,#4365,#4366,#4367,#4368),
 .UNSPECIFIED.,.F.,.F.,(4,1,4),(-0.168345404032202,-0.0861057172324904,
0.),.UNSPECIFIED.);
#778=B_SPLINE_CURVE_WITH_KNOTS('',3,(#4370,#4371,#4372,#4373,#4374),
 .UNSPECIFIED.,.F.,.F.,(4,1,4),(-0.180866980955023,-0.091373454671957,0.),
 .UNSPECIFIED.);
#779=B_SPLINE_CURVE_WITH_KNOTS('',3,(#4376,#4377,#4378,#4379,#4380),
 .UNSPECIFIED.,.F.,.F.,(4,1,4),(-0.253959073495295,-0.122151089898545,0.),
 .UNSPECIFIED.);
#780=B_SPLINE_CURVE_WITH_KNOTS('',3,(#4382,#4383,#4384,#4385,#4386),
 .UNSPECIFIED.,.F.,.F.,(4,1,4),(-0.232924761188189,-0.115883822206288,0.),
 .UNSPECIFIED.);
#781=B_SPLINE_CURVE_WITH_KNOTS('',3,(#4388,#4389,#4390,#4391,#4392),
 .UNSPECIFIED.,.F.,.F.,(4,1,4),(-0.139307161768332,-0.0700969825177254,
0.),.UNSPECIFIED.);
#782=B_SPLINE_CURVE_WITH_KNOTS('',3,(#4394,#4395,#4396,#4397,#4398),
 .UNSPECIFIED.,.F.,.F.,(4,1,4),(-0.148989785128732,-0.0767481310565701,
0.),.UNSPECIFIED.);
#783=B_SPLINE_CURVE_WITH_KNOTS('',3,(#4400,#4401,#4402,#4403,#4404),
 .UNSPECIFIED.,.F.,.F.,(4,1,4),(-0.2347999624559,-0.101624821942818,0.),
 .UNSPECIFIED.);
#784=B_SPLINE_CURVE_WITH_KNOTS('',3,(#4406,#4407,#4408,#4409,#4410),
 .UNSPECIFIED.,.F.,.F.,(4,1,4),(-0.155110896087179,-0.0734359670534848,
0.),.UNSPECIFIED.);
#785=B_SPLINE_CURVE_WITH_KNOTS('',3,(#4412,#4413,#4414,#4415,#4416),
 .UNSPECIFIED.,.F.,.F.,(4,1,4),(-0.109531945266645,-0.0556867360236698,
0.),.UNSPECIFIED.);
#786=B_SPLINE_CURVE_WITH_KNOTS('',3,(#4418,#4419,#4420,#4421,#4422),
 .UNSPECIFIED.,.F.,.F.,(4,1,4),(-0.136596086308127,-0.0681353743506063,
0.),.UNSPECIFIED.);
#787=B_SPLINE_CURVE_WITH_KNOTS('',3,(#4423,#4424,#4425,#4426,#4427),
 .UNSPECIFIED.,.F.,.F.,(4,1,4),(-0.115726839187624,-0.065474538671605,0.),
 .UNSPECIFIED.);
#788=B_SPLINE_CURVE_WITH_KNOTS('',3,(#4431,#4432,#4433,#4434,#4435,#4436,
#4437),.UNSPECIFIED.,.F.,.F.,(4,3,4),(0.,0.16262274578196,0.292857452960296),
 .UNSPECIFIED.);
#789=B_SPLINE_CURVE_WITH_KNOTS('',3,(#4439,#4440,#4441,#4442,#4443,#4444,
#4445),.UNSPECIFIED.,.F.,.F.,(4,3,4),(0.,0.10764623575996,0.204167973792045),
 .UNSPECIFIED.);
#790=B_SPLINE_CURVE_WITH_KNOTS('',3,(#4447,#4448,#4449,#4450,#4451,#4452,
#4453),.UNSPECIFIED.,.F.,.F.,(4,3,4),(0.,0.100534450366229,0.210330503007927),
 .UNSPECIFIED.);
#791=B_SPLINE_CURVE_WITH_KNOTS('',3,(#4455,#4456,#4457,#4458,#4459,#4460,
#4461),.UNSPECIFIED.,.F.,.F.,(4,3,4),(0.,0.0768540691945191,0.147668196345531),
 .UNSPECIFIED.);
#792=B_SPLINE_CURVE_WITH_KNOTS('',3,(#4463,#4464,#4465,#4466,#4467,#4468,
#4469),.UNSPECIFIED.,.F.,.F.,(4,3,4),(0.,0.0706275241940271,0.143344816641387),
 .UNSPECIFIED.);
#793=B_SPLINE_CURVE_WITH_KNOTS('',3,(#4471,#4472,#4473,#4474,#4475,#4476,
#4477),.UNSPECIFIED.,.F.,.F.,(4,3,4),(0.,0.0828712526715423,0.175469038157579),
 .UNSPECIFIED.);
#794=B_SPLINE_CURVE_WITH_KNOTS('',3,(#4479,#4480,#4481,#4482,#4483,#4484,
#4485),.UNSPECIFIED.,.F.,.F.,(4,3,4),(0.,0.117060587012282,0.266972895191474),
 .UNSPECIFIED.);
#795=B_SPLINE_CURVE_WITH_KNOTS('',3,(#4487,#4488,#4489,#4490,#4491,#4492,
#4493),.UNSPECIFIED.,.F.,.F.,(4,3,4),(0.,0.161525361819266,0.291321783659974),
 .UNSPECIFIED.);
#796=B_SPLINE_CURVE_WITH_KNOTS('',3,(#4495,#4496,#4497,#4498,#4499,#4500,
#4501),.UNSPECIFIED.,.F.,.F.,(4,3,4),(0.,0.107604307625759,0.204254819902214),
 .UNSPECIFIED.);
#797=B_SPLINE_CURVE_WITH_KNOTS('',3,(#4503,#4504,#4505,#4506,#4507,#4508,
#4509),.UNSPECIFIED.,.F.,.F.,(4,3,4),(0.,0.100962391198287,0.211467217699255),
 .UNSPECIFIED.);
#798=B_SPLINE_CURVE_WITH_KNOTS('',3,(#4511,#4512,#4513,#4514,#4515,#4516,
#4517),.UNSPECIFIED.,.F.,.F.,(4,3,4),(0.,0.136316762272665,0.265881963630694),
 .UNSPECIFIED.);
#799=B_SPLINE_CURVE_WITH_KNOTS('',3,(#4518,#4519,#4520,#4521,#4522,#4523,
#4524),.UNSPECIFIED.,.F.,.F.,(4,3,4),(0.,0.20484154439094,0.48216783349581),
 .UNSPECIFIED.);
#800=B_SPLINE_CURVE_WITH_KNOTS('',3,(#4537,#4538,#4539,#4540,#4541,#4542,
#4543),.UNSPECIFIED.,.F.,.F.,(4,3,4),(0.,0.0671216739029611,0.118638165604072),
 .UNSPECIFIED.);
#801=B_SPLINE_CURVE_WITH_KNOTS('',3,(#4545,#4546,#4547,#4548,#4549,#4550,
#4551),.UNSPECIFIED.,.F.,.F.,(4,3,4),(0.,0.0703146798150324,0.140965103138924),
 .UNSPECIFIED.);
#802=B_SPLINE_CURVE_WITH_KNOTS('',3,(#4553,#4554,#4555,#4556,#4557,#4558,
#4559),.UNSPECIFIED.,.F.,.F.,(4,3,4),(0.,0.056629788123165,0.111386863301374),
 .UNSPECIFIED.);
#803=B_SPLINE_CURVE_WITH_KNOTS('',3,(#4561,#4562,#4563,#4564,#4565,#4566,
#4567),.UNSPECIFIED.,.F.,.F.,(4,3,4),(0.,0.0801191442455,0.169227052577742),
 .UNSPECIFIED.);
#804=B_SPLINE_CURVE_WITH_KNOTS('',3,(#4569,#4570,#4571,#4572,#4573,#4574,
#4575),.UNSPECIFIED.,.F.,.F.,(4,3,4),(0.,0.114529717159305,0.264616190955994),
 .UNSPECIFIED.);
#805=B_SPLINE_CURVE_WITH_KNOTS('',3,(#4577,#4578,#4579,#4580,#4581,#4582,
#4583),.UNSPECIFIED.,.F.,.F.,(4,3,4),(0.,0.0776624457093835,0.150764727942158),
 .UNSPECIFIED.);
#806=B_SPLINE_CURVE_WITH_KNOTS('',3,(#4585,#4586,#4587,#4588,#4589,#4590,
#4591),.UNSPECIFIED.,.F.,.F.,(4,3,4),(0.,0.0707263575198504,0.140557949492494),
 .UNSPECIFIED.);
#807=B_SPLINE_CURVE_WITH_KNOTS('',3,(#4593,#4594,#4595,#4596,#4597,#4598,
#4599),.UNSPECIFIED.,.F.,.F.,(4,3,4),(0.,0.120142680724188,0.24148500354411),
 .UNSPECIFIED.);
#808=B_SPLINE_CURVE_WITH_KNOTS('',3,(#4601,#4602,#4603,#4604,#4605,#4606,
#4607),.UNSPECIFIED.,.F.,.F.,(4,3,4),(0.,0.132601441953237,0.275685950657943),
 .UNSPECIFIED.);
#809=B_SPLINE_CURVE_WITH_KNOTS('',3,(#4609,#4610,#4611,#4612,#4613,#4614,
#4615),.UNSPECIFIED.,.F.,.F.,(4,3,4),(0.,0.092179673953944,0.182462832267028),
 .UNSPECIFIED.);
#810=B_SPLINE_CURVE_WITH_KNOTS('',3,(#4617,#4618,#4619,#4620,#4621,#4622,
#4623),.UNSPECIFIED.,.F.,.F.,(4,3,4),(0.,0.0872626737459463,0.17060737127393),
 .UNSPECIFIED.);
#811=B_SPLINE_CURVE_WITH_KNOTS('',3,(#4625,#4626,#4627,#4628,#4629,#4630,
#4631),.UNSPECIFIED.,.F.,.F.,(4,3,4),(0.,0.0864440997348112,0.176721893394875),
 .UNSPECIFIED.);
#812=B_SPLINE_CURVE_WITH_KNOTS('',3,(#4633,#4634,#4635,#4636,#4637,#4638,
#4639),.UNSPECIFIED.,.F.,.F.,(4,3,4),(0.,0.146600519027279,0.290586305195192),
 .UNSPECIFIED.);
#813=B_SPLINE_CURVE_WITH_KNOTS('',3,(#4641,#4642,#4643,#4644,#4645,#4646,
#4647),.UNSPECIFIED.,.F.,.F.,(4,3,4),(0.,0.189417025241796,0.444657761071072),
 .UNSPECIFIED.);
#814=B_SPLINE_CURVE_WITH_KNOTS('',3,(#4649,#4650,#4651,#4652,#4653,#4654,
#4655),.UNSPECIFIED.,.F.,.F.,(4,3,4),(0.,0.260805853353256,0.456712387210065),
 .UNSPECIFIED.);
#815=B_SPLINE_CURVE_WITH_KNOTS('',3,(#4657,#4658,#4659,#4660,#4661,#4662,
#4663),.UNSPECIFIED.,.F.,.F.,(4,3,4),(0.,0.148853925109546,0.303681654586975),
 .UNSPECIFIED.);
#816=B_SPLINE_CURVE_WITH_KNOTS('',3,(#4665,#4666,#4667,#4668,#4669,#4670,
#4671),.UNSPECIFIED.,.F.,.F.,(4,3,4),(0.,0.111219222953432,0.212918301209965),
 .UNSPECIFIED.);
#817=B_SPLINE_CURVE_WITH_KNOTS('',3,(#4672,#4673,#4674,#4675,#4676,#4677,
#4678),.UNSPECIFIED.,.F.,.F.,(4,3,4),(0.,0.108132607473033,0.226171627052565),
 .UNSPECIFIED.);
#818=VERTEX_POINT('',#2560);
#819=VERTEX_POINT('',#2561);
#820=VERTEX_POINT('',#2569);
#821=VERTEX_POINT('',#2571);
#822=VERTEX_POINT('',#2588);
#823=VERTEX_POINT('',#2596);
#824=VERTEX_POINT('',#2613);
#825=VERTEX_POINT('',#2621);
#826=VERTEX_POINT('',#2638);
#827=VERTEX_POINT('',#2646);
#828=VERTEX_POINT('',#2663);
#829=VERTEX_POINT('',#2671);
#830=VERTEX_POINT('',#2688);
#831=VERTEX_POINT('',#2696);
#832=VERTEX_POINT('',#2713);
#833=VERTEX_POINT('',#2721);
#834=VERTEX_POINT('',#2762);
#835=VERTEX_POINT('',#2763);
#836=VERTEX_POINT('',#2771);
#837=VERTEX_POINT('',#2773);
#838=VERTEX_POINT('',#2790);
#839=VERTEX_POINT('',#2798);
#840=VERTEX_POINT('',#2815);
#841=VERTEX_POINT('',#2823);
#842=VERTEX_POINT('',#2840);
#843=VERTEX_POINT('',#2848);
#844=VERTEX_POINT('',#2865);
#845=VERTEX_POINT('',#2866);
#846=VERTEX_POINT('',#2874);
#847=VERTEX_POINT('',#2876);
#848=VERTEX_POINT('',#2893);
#849=VERTEX_POINT('',#2901);
#850=VERTEX_POINT('',#2918);
#851=VERTEX_POINT('',#2925);
#852=VERTEX_POINT('',#2942);
#853=VERTEX_POINT('',#2950);
#854=VERTEX_POINT('',#2967);
#855=VERTEX_POINT('',#2975);
#856=VERTEX_POINT('',#2992);
#857=VERTEX_POINT('',#3000);
#858=VERTEX_POINT('',#3017);
#859=VERTEX_POINT('',#3025);
#860=VERTEX_POINT('',#3042);
#861=VERTEX_POINT('',#3049);
#862=VERTEX_POINT('',#3066);
#863=VERTEX_POINT('',#3074);
#864=VERTEX_POINT('',#3113);
#865=VERTEX_POINT('',#3121);
#866=VERTEX_POINT('',#3138);
#867=VERTEX_POINT('',#3146);
#868=VERTEX_POINT('',#3163);
#869=VERTEX_POINT('',#3171);
#870=VERTEX_POINT('',#3188);
#871=VERTEX_POINT('',#3195);
#872=VERTEX_POINT('',#3212);
#873=VERTEX_POINT('',#3220);
#874=VERTEX_POINT('',#3252);
#875=VERTEX_POINT('',#3253);
#876=VERTEX_POINT('',#3255);
#877=VERTEX_POINT('',#3257);
#878=VERTEX_POINT('',#3261);
#879=VERTEX_POINT('',#3263);
#880=VERTEX_POINT('',#3267);
#881=VERTEX_POINT('',#3269);
#882=VERTEX_POINT('',#3287);
#883=VERTEX_POINT('',#3288);
#884=VERTEX_POINT('',#3296);
#885=VERTEX_POINT('',#3298);
#886=VERTEX_POINT('',#3315);
#887=VERTEX_POINT('',#3323);
#888=VERTEX_POINT('',#3340);
#889=VERTEX_POINT('',#3348);
#890=VERTEX_POINT('',#3365);
#891=VERTEX_POINT('',#3373);
#892=VERTEX_POINT('',#3390);
#893=VERTEX_POINT('',#3391);
#894=VERTEX_POINT('',#3399);
#895=VERTEX_POINT('',#3401);
#896=VERTEX_POINT('',#3418);
#897=VERTEX_POINT('',#3426);
#898=VERTEX_POINT('',#3443);
#899=VERTEX_POINT('',#3451);
#900=VERTEX_POINT('',#3468);
#901=VERTEX_POINT('',#3476);
#902=VERTEX_POINT('',#3493);
#903=VERTEX_POINT('',#3501);
#904=VERTEX_POINT('',#3518);
#905=VERTEX_POINT('',#3526);
#906=VERTEX_POINT('',#3543);
#907=VERTEX_POINT('',#3550);
#908=VERTEX_POINT('',#3567);
#909=VERTEX_POINT('',#3575);
#910=VERTEX_POINT('',#3592);
#911=VERTEX_POINT('',#3600);
#912=VERTEX_POINT('',#3617);
#913=VERTEX_POINT('',#3625);
#914=VERTEX_POINT('',#3642);
#915=VERTEX_POINT('',#3650);
#916=VERTEX_POINT('',#3667);
#917=VERTEX_POINT('',#3675);
#918=VERTEX_POINT('',#3692);
#919=VERTEX_POINT('',#3700);
#920=VERTEX_POINT('',#3729);
#921=VERTEX_POINT('',#3731);
#922=VERTEX_POINT('',#3744);
#923=VERTEX_POINT('',#3752);
#924=VERTEX_POINT('',#3769);
#925=VERTEX_POINT('',#3776);
#926=VERTEX_POINT('',#3793);
#927=VERTEX_POINT('',#3801);
#928=VERTEX_POINT('',#3818);
#929=VERTEX_POINT('',#3826);
#930=VERTEX_POINT('',#3843);
#931=VERTEX_POINT('',#3850);
#932=VERTEX_POINT('',#3867);
#933=VERTEX_POINT('',#3875);
#934=VERTEX_POINT('',#3892);
#935=VERTEX_POINT('',#3900);
#936=VERTEX_POINT('',#3917);
#937=VERTEX_POINT('',#3925);
#938=VERTEX_POINT('',#3966);
#939=VERTEX_POINT('',#3967);
#940=VERTEX_POINT('',#3975);
#941=VERTEX_POINT('',#3977);
#942=VERTEX_POINT('',#3994);
#943=VERTEX_POINT('',#4002);
#944=VERTEX_POINT('',#4019);
#945=VERTEX_POINT('',#4027);
#946=VERTEX_POINT('',#4044);
#947=VERTEX_POINT('',#4052);
#948=VERTEX_POINT('',#4069);
#949=VERTEX_POINT('',#4077);
#950=VERTEX_POINT('',#4094);
#951=VERTEX_POINT('',#4102);
#952=VERTEX_POINT('',#4119);
#953=VERTEX_POINT('',#4127);
#954=VERTEX_POINT('',#4144);
#955=VERTEX_POINT('',#4152);
#956=VERTEX_POINT('',#4184);
#957=VERTEX_POINT('',#4185);
#958=VERTEX_POINT('',#4187);
#959=VERTEX_POINT('',#4189);
#960=VERTEX_POINT('',#4193);
#961=VERTEX_POINT('',#4194);
#962=VERTEX_POINT('',#4196);
#963=VERTEX_POINT('',#4198);
#964=VERTEX_POINT('',#4200);
#965=VERTEX_POINT('',#4202);
#966=VERTEX_POINT('',#4207);
#967=VERTEX_POINT('',#4211);
#968=VERTEX_POINT('',#4212);
#969=VERTEX_POINT('',#4215);
#970=VERTEX_POINT('',#4217);
#971=VERTEX_POINT('',#4219);
#972=VERTEX_POINT('',#4227);
#973=VERTEX_POINT('',#4232);
#974=VERTEX_POINT('',#4238);
#975=VERTEX_POINT('',#4239);
#976=VERTEX_POINT('',#4245);
#977=VERTEX_POINT('',#4251);
#978=VERTEX_POINT('',#4257);
#979=VERTEX_POINT('',#4263);
#980=VERTEX_POINT('',#4269);
#981=VERTEX_POINT('',#4275);
#982=VERTEX_POINT('',#4281);
#983=VERTEX_POINT('',#4287);
#984=VERTEX_POINT('',#4293);
#985=VERTEX_POINT('',#4299);
#986=VERTEX_POINT('',#4310);
#987=VERTEX_POINT('',#4311);
#988=VERTEX_POINT('',#4313);
#989=VERTEX_POINT('',#4315);
#990=VERTEX_POINT('',#4318);
#991=VERTEX_POINT('',#4319);
#992=VERTEX_POINT('',#4321);
#993=VERTEX_POINT('',#4327);
#994=VERTEX_POINT('',#4333);
#995=VERTEX_POINT('',#4339);
#996=VERTEX_POINT('',#4345);
#997=VERTEX_POINT('',#4351);
#998=VERTEX_POINT('',#4357);
#999=VERTEX_POINT('',#4363);
#1000=VERTEX_POINT('',#4369);
#1001=VERTEX_POINT('',#4375);
#1002=VERTEX_POINT('',#4381);
#1003=VERTEX_POINT('',#4387);
#1004=VERTEX_POINT('',#4393);
#1005=VERTEX_POINT('',#4399);
#1006=VERTEX_POINT('',#4405);
#1007=VERTEX_POINT('',#4411);
#1008=VERTEX_POINT('',#4417);
#1009=VERTEX_POINT('',#4429);
#1010=VERTEX_POINT('',#4430);
#1011=VERTEX_POINT('',#4438);
#1012=VERTEX_POINT('',#4446);
#1013=VERTEX_POINT('',#4454);
#1014=VERTEX_POINT('',#4462);
#1015=VERTEX_POINT('',#4470);
#1016=VERTEX_POINT('',#4478);
#1017=VERTEX_POINT('',#4486);
#1018=VERTEX_POINT('',#4494);
#1019=VERTEX_POINT('',#4502);
#1020=VERTEX_POINT('',#4510);
#1021=VERTEX_POINT('',#4525);
#1022=VERTEX_POINT('',#4526);
#1023=VERTEX_POINT('',#4528);
#1024=VERTEX_POINT('',#4530);
#1025=VERTEX_POINT('',#4533);
#1026=VERTEX_POINT('',#4534);
#1027=VERTEX_POINT('',#4536);
#1028=VERTEX_POINT('',#4544);
#1029=VERTEX_POINT('',#4552);
#1030=VERTEX_POINT('',#4560);
#1031=VERTEX_POINT('',#4568);
#1032=VERTEX_POINT('',#4576);
#1033=VERTEX_POINT('',#4584);
#1034=VERTEX_POINT('',#4592);
#1035=VERTEX_POINT('',#4600);
#1036=VERTEX_POINT('',#4608);
#1037=VERTEX_POINT('',#4616);
#1038=VERTEX_POINT('',#4624);
#1039=VERTEX_POINT('',#4632);
#1040=VERTEX_POINT('',#4640);
#1041=VERTEX_POINT('',#4648);
#1042=VERTEX_POINT('',#4656);
#1043=VERTEX_POINT('',#4664);
#1044=EDGE_CURVE('',#818,#819,#630,.T.);
#1045=EDGE_CURVE('',#820,#818,#332,.T.);
#1046=EDGE_CURVE('',#821,#820,#631,.T.);
#1047=EDGE_CURVE('',#821,#819,#333,.T.);
#1048=EDGE_CURVE('',#819,#822,#632,.T.);
#1049=EDGE_CURVE('',#823,#821,#633,.T.);
#1050=EDGE_CURVE('',#823,#822,#334,.T.);
#1051=EDGE_CURVE('',#822,#824,#634,.T.);
#1052=EDGE_CURVE('',#825,#823,#635,.T.);
#1053=EDGE_CURVE('',#825,#824,#335,.T.);
#1054=EDGE_CURVE('',#824,#826,#636,.T.);
#1055=EDGE_CURVE('',#827,#825,#637,.T.);
#1056=EDGE_CURVE('',#827,#826,#336,.T.);
#1057=EDGE_CURVE('',#826,#828,#638,.T.);
#1058=EDGE_CURVE('',#829,#827,#639,.T.);
#1059=EDGE_CURVE('',#829,#828,#337,.T.);
#1060=EDGE_CURVE('',#828,#830,#640,.T.);
#1061=EDGE_CURVE('',#831,#829,#641,.T.);
#1062=EDGE_CURVE('',#831,#830,#338,.T.);
#1063=EDGE_CURVE('',#830,#832,#642,.T.);
#1064=EDGE_CURVE('',#833,#831,#643,.T.);
#1065=EDGE_CURVE('',#833,#832,#339,.T.);
#1066=EDGE_CURVE('',#832,#818,#644,.T.);
#1067=EDGE_CURVE('',#820,#833,#645,.T.);
#1068=EDGE_CURVE('',#834,#835,#646,.T.);
#1069=EDGE_CURVE('',#836,#835,#340,.T.);
#1070=EDGE_CURVE('',#837,#836,#647,.T.);
#1071=EDGE_CURVE('',#837,#834,#341,.T.);
#1072=EDGE_CURVE('',#835,#838,#648,.T.);
#1073=EDGE_CURVE('',#839,#838,#342,.T.);
#1074=EDGE_CURVE('',#836,#839,#649,.T.);
#1075=EDGE_CURVE('',#838,#840,#650,.T.);
#1076=EDGE_CURVE('',#841,#840,#343,.T.);
#1077=EDGE_CURVE('',#839,#841,#651,.T.);
#1078=EDGE_CURVE('',#840,#842,#652,.T.);
#1079=EDGE_CURVE('',#843,#842,#344,.T.);
#1080=EDGE_CURVE('',#841,#843,#653,.T.);
#1081=EDGE_CURVE('',#844,#845,#654,.T.);
#1082=EDGE_CURVE('',#846,#845,#345,.T.);
#1083=EDGE_CURVE('',#847,#846,#655,.T.);
#1084=EDGE_CURVE('',#847,#844,#346,.T.);
#1085=EDGE_CURVE('',#845,#848,#656,.T.);
#1086=EDGE_CURVE('',#849,#848,#347,.T.);
#1087=EDGE_CURVE('',#846,#849,#657,.T.);
#1088=EDGE_CURVE('',#848,#850,#658,.T.);
#1089=EDGE_CURVE('',#851,#850,#348,.T.);
#1090=EDGE_CURVE('',#849,#851,#659,.T.);
#1091=EDGE_CURVE('',#850,#852,#660,.T.);
#1092=EDGE_CURVE('',#853,#852,#349,.T.);
#1093=EDGE_CURVE('',#851,#853,#661,.T.);
#1094=EDGE_CURVE('',#852,#854,#662,.T.);
#1095=EDGE_CURVE('',#855,#854,#350,.T.);
#1096=EDGE_CURVE('',#853,#855,#663,.T.);
#1097=EDGE_CURVE('',#854,#856,#664,.T.);
#1098=EDGE_CURVE('',#857,#856,#351,.T.);
#1099=EDGE_CURVE('',#855,#857,#665,.T.);
#1100=EDGE_CURVE('',#842,#858,#666,.T.);
#1101=EDGE_CURVE('',#859,#858,#352,.T.);
#1102=EDGE_CURVE('',#843,#859,#667,.T.);
#1103=EDGE_CURVE('',#858,#860,#668,.T.);
#1104=EDGE_CURVE('',#861,#860,#353,.T.);
#1105=EDGE_CURVE('',#859,#861,#669,.T.);
#1106=EDGE_CURVE('',#860,#862,#670,.T.);
#1107=EDGE_CURVE('',#863,#862,#354,.T.);
#1108=EDGE_CURVE('',#861,#863,#671,.T.);
#1109=EDGE_CURVE('',#862,#834,#672,.T.);
#1110=EDGE_CURVE('',#863,#837,#673,.T.);
#1111=EDGE_CURVE('',#856,#864,#674,.T.);
#1112=EDGE_CURVE('',#865,#864,#355,.T.);
#1113=EDGE_CURVE('',#857,#865,#675,.T.);
#1114=EDGE_CURVE('',#864,#866,#676,.T.);
#1115=EDGE_CURVE('',#867,#866,#356,.T.);
#1116=EDGE_CURVE('',#865,#867,#677,.T.);
#1117=EDGE_CURVE('',#866,#868,#678,.T.);
#1118=EDGE_CURVE('',#869,#868,#357,.T.);
#1119=EDGE_CURVE('',#867,#869,#679,.T.);
#1120=EDGE_CURVE('',#868,#870,#680,.T.);
#1121=EDGE_CURVE('',#871,#870,#358,.T.);
#1122=EDGE_CURVE('',#869,#871,#681,.T.);
#1123=EDGE_CURVE('',#870,#872,#682,.T.);
#1124=EDGE_CURVE('',#873,#872,#359,.T.);
#1125=EDGE_CURVE('',#871,#873,#683,.T.);
#1126=EDGE_CURVE('',#872,#844,#684,.T.);
#1127=EDGE_CURVE('',#873,#847,#685,.T.);
#1128=EDGE_CURVE('',#874,#875,#360,.T.);
#1129=EDGE_CURVE('',#876,#875,#361,.T.);
#1130=EDGE_CURVE('',#877,#876,#362,.T.);
#1131=EDGE_CURVE('',#877,#874,#363,.T.);
#1132=EDGE_CURVE('',#875,#878,#364,.T.);
#1133=EDGE_CURVE('',#879,#878,#365,.T.);
#1134=EDGE_CURVE('',#876,#879,#366,.T.);
#1135=EDGE_CURVE('',#878,#880,#367,.T.);
#1136=EDGE_CURVE('',#881,#880,#368,.T.);
#1137=EDGE_CURVE('',#879,#881,#369,.T.);
#1138=EDGE_CURVE('',#880,#874,#370,.T.);
#1139=EDGE_CURVE('',#881,#877,#371,.T.);
#1140=EDGE_CURVE('',#882,#883,#686,.T.);
#1141=EDGE_CURVE('',#884,#883,#372,.T.);
#1142=EDGE_CURVE('',#885,#884,#687,.T.);
#1143=EDGE_CURVE('',#885,#882,#373,.T.);
#1144=EDGE_CURVE('',#883,#886,#688,.T.);
#1145=EDGE_CURVE('',#887,#886,#374,.T.);
#1146=EDGE_CURVE('',#884,#887,#689,.T.);
#1147=EDGE_CURVE('',#886,#888,#690,.T.);
#1148=EDGE_CURVE('',#889,#888,#375,.T.);
#1149=EDGE_CURVE('',#887,#889,#691,.T.);
#1150=EDGE_CURVE('',#888,#890,#692,.T.);
#1151=EDGE_CURVE('',#891,#890,#376,.T.);
#1152=EDGE_CURVE('',#889,#891,#693,.T.);
#1153=EDGE_CURVE('',#892,#893,#694,.T.);
#1154=EDGE_CURVE('',#894,#893,#377,.T.);
#1155=EDGE_CURVE('',#895,#894,#695,.T.);
#1156=EDGE_CURVE('',#895,#892,#378,.T.);
#1157=EDGE_CURVE('',#893,#896,#696,.T.);
#1158=EDGE_CURVE('',#897,#896,#379,.T.);
#1159=EDGE_CURVE('',#894,#897,#697,.T.);
#1160=EDGE_CURVE('',#896,#898,#698,.T.);
#1161=EDGE_CURVE('',#899,#898,#380,.T.);
#1162=EDGE_CURVE('',#897,#899,#699,.T.);
#1163=EDGE_CURVE('',#898,#900,#700,.T.);
#1164=EDGE_CURVE('',#901,#900,#381,.T.);
#1165=EDGE_CURVE('',#899,#901,#701,.T.);
#1166=EDGE_CURVE('',#900,#902,#702,.T.);
#1167=EDGE_CURVE('',#903,#902,#382,.T.);
#1168=EDGE_CURVE('',#901,#903,#703,.T.);
#1169=EDGE_CURVE('',#902,#904,#704,.T.);
#1170=EDGE_CURVE('',#905,#904,#383,.T.);
#1171=EDGE_CURVE('',#903,#905,#705,.T.);
#1172=EDGE_CURVE('',#904,#906,#706,.T.);
#1173=EDGE_CURVE('',#907,#906,#384,.T.);
#1174=EDGE_CURVE('',#905,#907,#707,.T.);
#1175=EDGE_CURVE('',#906,#908,#708,.T.);
#1176=EDGE_CURVE('',#909,#908,#385,.T.);
#1177=EDGE_CURVE('',#907,#909,#709,.T.);
#1178=EDGE_CURVE('',#908,#910,#710,.T.);
#1179=EDGE_CURVE('',#911,#910,#386,.T.);
#1180=EDGE_CURVE('',#909,#911,#711,.T.);
#1181=EDGE_CURVE('',#890,#912,#712,.T.);
#1182=EDGE_CURVE('',#913,#912,#387,.T.);
#1183=EDGE_CURVE('',#891,#913,#713,.T.);
#1184=EDGE_CURVE('',#912,#914,#714,.T.);
#1185=EDGE_CURVE('',#915,#914,#388,.T.);
#1186=EDGE_CURVE('',#913,#915,#715,.T.);
#1187=EDGE_CURVE('',#914,#916,#716,.T.);
#1188=EDGE_CURVE('',#917,#916,#389,.T.);
#1189=EDGE_CURVE('',#915,#917,#717,.T.);
#1190=EDGE_CURVE('',#916,#918,#718,.T.);
#1191=EDGE_CURVE('',#919,#918,#390,.T.);
#1192=EDGE_CURVE('',#917,#919,#719,.T.);
#1193=EDGE_CURVE('',#918,#882,#720,.T.);
#1194=EDGE_CURVE('',#919,#885,#721,.T.);
#1195=EDGE_CURVE('',#910,#920,#391,.T.);
#1196=EDGE_CURVE('',#921,#920,#392,.T.);
#1197=EDGE_CURVE('',#911,#921,#393,.T.);
#1198=EDGE_CURVE('',#920,#922,#722,.T.);
#1199=EDGE_CURVE('',#923,#922,#394,.T.);
#1200=EDGE_CURVE('',#921,#923,#723,.T.);
#1201=EDGE_CURVE('',#922,#924,#724,.T.);
#1202=EDGE_CURVE('',#925,#924,#395,.T.);
#1203=EDGE_CURVE('',#923,#925,#725,.T.);
#1204=EDGE_CURVE('',#924,#926,#726,.T.);
#1205=EDGE_CURVE('',#927,#926,#396,.T.);
#1206=EDGE_CURVE('',#925,#927,#727,.T.);
#1207=EDGE_CURVE('',#926,#928,#728,.T.);
#1208=EDGE_CURVE('',#929,#928,#397,.T.);
#1209=EDGE_CURVE('',#927,#929,#729,.T.);
#1210=EDGE_CURVE('',#928,#930,#730,.T.);
#1211=EDGE_CURVE('',#931,#930,#398,.T.);
#1212=EDGE_CURVE('',#929,#931,#731,.T.);
#1213=EDGE_CURVE('',#930,#932,#732,.T.);
#1214=EDGE_CURVE('',#933,#932,#399,.T.);
#1215=EDGE_CURVE('',#931,#933,#733,.T.);
#1216=EDGE_CURVE('',#932,#934,#734,.T.);
#1217=EDGE_CURVE('',#935,#934,#400,.T.);
#1218=EDGE_CURVE('',#933,#935,#735,.T.);
#1219=EDGE_CURVE('',#934,#936,#736,.T.);
#1220=EDGE_CURVE('',#937,#936,#401,.T.);
#1221=EDGE_CURVE('',#935,#937,#737,.T.);
#1222=EDGE_CURVE('',#936,#892,#738,.T.);
#1223=EDGE_CURVE('',#937,#895,#739,.T.);
#1224=EDGE_CURVE('',#938,#939,#740,.T.);
#1225=EDGE_CURVE('',#940,#938,#402,.T.);
#1226=EDGE_CURVE('',#941,#940,#741,.T.);
#1227=EDGE_CURVE('',#941,#939,#403,.T.);
#1228=EDGE_CURVE('',#939,#942,#742,.T.);
#1229=EDGE_CURVE('',#943,#941,#743,.T.);
#1230=EDGE_CURVE('',#943,#942,#404,.T.);
#1231=EDGE_CURVE('',#942,#944,#744,.T.);
#1232=EDGE_CURVE('',#945,#943,#745,.T.);
#1233=EDGE_CURVE('',#945,#944,#405,.T.);
#1234=EDGE_CURVE('',#944,#946,#746,.T.);
#1235=EDGE_CURVE('',#947,#945,#747,.T.);
#1236=EDGE_CURVE('',#947,#946,#406,.T.);
#1237=EDGE_CURVE('',#946,#948,#748,.T.);
#1238=EDGE_CURVE('',#949,#947,#749,.T.);
#1239=EDGE_CURVE('',#949,#948,#407,.T.);
#1240=EDGE_CURVE('',#948,#950,#750,.T.);
#1241=EDGE_CURVE('',#951,#949,#751,.T.);
#1242=EDGE_CURVE('',#951,#950,#408,.T.);
#1243=EDGE_CURVE('',#950,#952,#752,.T.);
#1244=EDGE_CURVE('',#953,#951,#753,.T.);
#1245=EDGE_CURVE('',#953,#952,#409,.T.);
#1246=EDGE_CURVE('',#952,#954,#754,.T.);
#1247=EDGE_CURVE('',#955,#953,#755,.T.);
#1248=EDGE_CURVE('',#955,#954,#410,.T.);
#1249=EDGE_CURVE('',#954,#938,#756,.T.);
#1250=EDGE_CURVE('',#940,#955,#757,.T.);
#1251=EDGE_CURVE('',#956,#957,#411,.T.);
#1252=EDGE_CURVE('',#957,#958,#412,.T.);
#1253=EDGE_CURVE('',#958,#959,#413,.T.);
#1254=EDGE_CURVE('',#959,#956,#414,.T.);
#1255=EDGE_CURVE('',#960,#961,#415,.T.);
#1256=EDGE_CURVE('',#960,#962,#416,.T.);
#1257=EDGE_CURVE('',#962,#963,#417,.T.);
#1258=EDGE_CURVE('',#964,#963,#418,.T.);
#1259=EDGE_CURVE('',#965,#964,#419,.T.);
#1260=EDGE_CURVE('',#965,#957,#420,.T.);
#1261=EDGE_CURVE('',#961,#956,#421,.T.);
#1262=EDGE_CURVE('',#965,#966,#422,.T.);
#1263=EDGE_CURVE('',#966,#958,#423,.T.);
#1264=EDGE_CURVE('',#967,#968,#424,.T.);
#1265=EDGE_CURVE('',#967,#959,#425,.T.);
#1266=EDGE_CURVE('',#969,#966,#426,.T.);
#1267=EDGE_CURVE('',#969,#970,#427,.T.);
#1268=EDGE_CURVE('',#970,#971,#428,.T.);
#1269=EDGE_CURVE('',#968,#971,#429,.T.);
#1270=EDGE_CURVE('',#961,#967,#430,.T.);
#1271=EDGE_CURVE('',#971,#962,#431,.T.);
#1272=EDGE_CURVE('',#963,#970,#432,.T.);
#1273=EDGE_CURVE('',#972,#972,#14,.T.);
#1274=EDGE_CURVE('',#968,#960,#433,.T.);
#1275=EDGE_CURVE('',#972,#973,#434,.T.);
#1276=EDGE_CURVE('',#973,#973,#15,.T.);
#1277=EDGE_CURVE('',#964,#969,#435,.T.);
#1278=EDGE_CURVE('',#974,#975,#758,.T.);
#1279=EDGE_CURVE('',#975,#976,#759,.T.);
#1280=EDGE_CURVE('',#976,#977,#760,.T.);
#1281=EDGE_CURVE('',#977,#978,#761,.T.);
#1282=EDGE_CURVE('',#978,#979,#762,.T.);
#1283=EDGE_CURVE('',#979,#980,#763,.T.);
#1284=EDGE_CURVE('',#980,#981,#764,.T.);
#1285=EDGE_CURVE('',#981,#982,#765,.T.);
#1286=EDGE_CURVE('',#982,#983,#766,.T.);
#1287=EDGE_CURVE('',#983,#984,#767,.T.);
#1288=EDGE_CURVE('',#984,#985,#768,.T.);
#1289=EDGE_CURVE('',#985,#974,#769,.T.);
#1290=EDGE_CURVE('',#986,#987,#436,.T.);
#1291=EDGE_CURVE('',#987,#988,#437,.T.);
#1292=EDGE_CURVE('',#988,#989,#438,.T.);
#1293=EDGE_CURVE('',#989,#986,#439,.T.);
#1294=EDGE_CURVE('',#990,#991,#440,.T.);
#1295=EDGE_CURVE('',#991,#992,#770,.T.);
#1296=EDGE_CURVE('',#992,#993,#771,.T.);
#1297=EDGE_CURVE('',#993,#994,#772,.T.);
#1298=EDGE_CURVE('',#994,#995,#773,.T.);
#1299=EDGE_CURVE('',#995,#996,#774,.T.);
#1300=EDGE_CURVE('',#996,#997,#775,.T.);
#1301=EDGE_CURVE('',#997,#998,#776,.T.);
#1302=EDGE_CURVE('',#998,#999,#777,.T.);
#1303=EDGE_CURVE('',#999,#1000,#778,.T.);
#1304=EDGE_CURVE('',#1000,#1001,#779,.T.);
#1305=EDGE_CURVE('',#1001,#1002,#780,.T.);
#1306=EDGE_CURVE('',#1002,#1003,#781,.T.);
#1307=EDGE_CURVE('',#1003,#1004,#782,.T.);
#1308=EDGE_CURVE('',#1004,#1005,#783,.T.);
#1309=EDGE_CURVE('',#1005,#1006,#784,.T.);
#1310=EDGE_CURVE('',#1006,#1007,#785,.T.);
#1311=EDGE_CURVE('',#1007,#1008,#786,.T.);
#1312=EDGE_CURVE('',#1008,#990,#787,.T.);
#1313=EDGE_CURVE('',#1009,#1010,#788,.T.);
#1314=EDGE_CURVE('',#1010,#1011,#789,.T.);
#1315=EDGE_CURVE('',#1011,#1012,#790,.T.);
#1316=EDGE_CURVE('',#1012,#1013,#791,.T.);
#1317=EDGE_CURVE('',#1013,#1014,#792,.T.);
#1318=EDGE_CURVE('',#1014,#1015,#793,.T.);
#1319=EDGE_CURVE('',#1015,#1016,#794,.T.);
#1320=EDGE_CURVE('',#1016,#1017,#795,.T.);
#1321=EDGE_CURVE('',#1017,#1018,#796,.T.);
#1322=EDGE_CURVE('',#1018,#1019,#797,.T.);
#1323=EDGE_CURVE('',#1019,#1020,#798,.T.);
#1324=EDGE_CURVE('',#1020,#1009,#799,.T.);
#1325=EDGE_CURVE('',#1021,#1022,#441,.T.);
#1326=EDGE_CURVE('',#1022,#1023,#442,.T.);
#1327=EDGE_CURVE('',#1023,#1024,#443,.T.);
#1328=EDGE_CURVE('',#1024,#1021,#444,.T.);
#1329=EDGE_CURVE('',#1025,#1026,#445,.T.);
#1330=EDGE_CURVE('',#1026,#1027,#800,.T.);
#1331=EDGE_CURVE('',#1027,#1028,#801,.T.);
#1332=EDGE_CURVE('',#1028,#1029,#802,.T.);
#1333=EDGE_CURVE('',#1029,#1030,#803,.T.);
#1334=EDGE_CURVE('',#1030,#1031,#804,.T.);
#1335=EDGE_CURVE('',#1031,#1032,#805,.T.);
#1336=EDGE_CURVE('',#1032,#1033,#806,.T.);
#1337=EDGE_CURVE('',#1033,#1034,#807,.T.);
#1338=EDGE_CURVE('',#1034,#1035,#808,.T.);
#1339=EDGE_CURVE('',#1035,#1036,#809,.T.);
#1340=EDGE_CURVE('',#1036,#1037,#810,.T.);
#1341=EDGE_CURVE('',#1037,#1038,#811,.T.);
#1342=EDGE_CURVE('',#1038,#1039,#812,.T.);
#1343=EDGE_CURVE('',#1039,#1040,#813,.T.);
#1344=EDGE_CURVE('',#1040,#1041,#814,.T.);
#1345=EDGE_CURVE('',#1041,#1042,#815,.T.);
#1346=EDGE_CURVE('',#1042,#1043,#816,.T.);
#1347=EDGE_CURVE('',#1043,#1025,#817,.T.);
#1348=EDGE_CURVE('',#1001,#1034,#446,.T.);
#1349=EDGE_CURVE('',#1000,#1035,#447,.T.);
#1350=EDGE_CURVE('',#1002,#1033,#448,.T.);
#1351=EDGE_CURVE('',#1003,#1032,#449,.T.);
#1352=EDGE_CURVE('',#1004,#1031,#450,.T.);
#1353=EDGE_CURVE('',#1005,#1030,#451,.T.);
#1354=EDGE_CURVE('',#1006,#1029,#452,.T.);
#1355=EDGE_CURVE('',#1007,#1028,#453,.T.);
#1356=EDGE_CURVE('',#1008,#1027,#454,.T.);
#1357=EDGE_CURVE('',#990,#1026,#455,.T.);
#1358=EDGE_CURVE('',#991,#1025,#456,.T.);
#1359=EDGE_CURVE('',#992,#1043,#457,.T.);
#1360=EDGE_CURVE('',#993,#1042,#458,.T.);
#1361=EDGE_CURVE('',#994,#1041,#459,.T.);
#1362=EDGE_CURVE('',#995,#1040,#460,.T.);
#1363=EDGE_CURVE('',#996,#1039,#461,.T.);
#1364=EDGE_CURVE('',#997,#1038,#462,.T.);
#1365=EDGE_CURVE('',#998,#1037,#463,.T.);
#1366=EDGE_CURVE('',#999,#1036,#464,.T.);
#1367=EDGE_CURVE('',#986,#1022,#465,.T.);
#1368=EDGE_CURVE('',#989,#1023,#466,.T.);
#1369=EDGE_CURVE('',#987,#1021,#467,.T.);
#1370=EDGE_CURVE('',#988,#1024,#468,.T.);
#1371=EDGE_CURVE('',#982,#1014,#469,.T.);
#1372=EDGE_CURVE('',#981,#1015,#470,.T.);
#1373=EDGE_CURVE('',#983,#1013,#471,.T.);
#1374=EDGE_CURVE('',#984,#1012,#472,.T.);
#1375=EDGE_CURVE('',#985,#1011,#473,.T.);
#1376=EDGE_CURVE('',#974,#1010,#474,.T.);
#1377=EDGE_CURVE('',#975,#1009,#475,.T.);
#1378=EDGE_CURVE('',#976,#1020,#476,.T.);
#1379=EDGE_CURVE('',#977,#1019,#477,.T.);
#1380=EDGE_CURVE('',#978,#1018,#478,.T.);
#1381=EDGE_CURVE('',#979,#1017,#479,.T.);
#1382=EDGE_CURVE('',#980,#1016,#480,.T.);
#1383=ORIENTED_EDGE('',*,*,#1044,.F.);
#1384=ORIENTED_EDGE('',*,*,#1045,.F.);
#1385=ORIENTED_EDGE('',*,*,#1046,.F.);
#1386=ORIENTED_EDGE('',*,*,#1047,.T.);
#1387=ORIENTED_EDGE('',*,*,#1048,.F.);
#1388=ORIENTED_EDGE('',*,*,#1047,.F.);
#1389=ORIENTED_EDGE('',*,*,#1049,.F.);
#1390=ORIENTED_EDGE('',*,*,#1050,.T.);
#1391=ORIENTED_EDGE('',*,*,#1051,.F.);
#1392=ORIENTED_EDGE('',*,*,#1050,.F.);
#1393=ORIENTED_EDGE('',*,*,#1052,.F.);
#1394=ORIENTED_EDGE('',*,*,#1053,.T.);
#1395=ORIENTED_EDGE('',*,*,#1054,.F.);
#1396=ORIENTED_EDGE('',*,*,#1053,.F.);
#1397=ORIENTED_EDGE('',*,*,#1055,.F.);
#1398=ORIENTED_EDGE('',*,*,#1056,.T.);
#1399=ORIENTED_EDGE('',*,*,#1057,.F.);
#1400=ORIENTED_EDGE('',*,*,#1056,.F.);
#1401=ORIENTED_EDGE('',*,*,#1058,.F.);
#1402=ORIENTED_EDGE('',*,*,#1059,.T.);
#1403=ORIENTED_EDGE('',*,*,#1060,.F.);
#1404=ORIENTED_EDGE('',*,*,#1059,.F.);
#1405=ORIENTED_EDGE('',*,*,#1061,.F.);
#1406=ORIENTED_EDGE('',*,*,#1062,.T.);
#1407=ORIENTED_EDGE('',*,*,#1063,.F.);
#1408=ORIENTED_EDGE('',*,*,#1062,.F.);
#1409=ORIENTED_EDGE('',*,*,#1064,.F.);
#1410=ORIENTED_EDGE('',*,*,#1065,.T.);
#1411=ORIENTED_EDGE('',*,*,#1066,.F.);
#1412=ORIENTED_EDGE('',*,*,#1065,.F.);
#1413=ORIENTED_EDGE('',*,*,#1067,.F.);
#1414=ORIENTED_EDGE('',*,*,#1045,.T.);
#1415=ORIENTED_EDGE('',*,*,#1057,.T.);
#1416=ORIENTED_EDGE('',*,*,#1060,.T.);
#1417=ORIENTED_EDGE('',*,*,#1063,.T.);
#1418=ORIENTED_EDGE('',*,*,#1066,.T.);
#1419=ORIENTED_EDGE('',*,*,#1044,.T.);
#1420=ORIENTED_EDGE('',*,*,#1048,.T.);
#1421=ORIENTED_EDGE('',*,*,#1051,.T.);
#1422=ORIENTED_EDGE('',*,*,#1054,.T.);
#1423=ORIENTED_EDGE('',*,*,#1058,.T.);
#1424=ORIENTED_EDGE('',*,*,#1055,.T.);
#1425=ORIENTED_EDGE('',*,*,#1052,.T.);
#1426=ORIENTED_EDGE('',*,*,#1049,.T.);
#1427=ORIENTED_EDGE('',*,*,#1046,.T.);
#1428=ORIENTED_EDGE('',*,*,#1067,.T.);
#1429=ORIENTED_EDGE('',*,*,#1064,.T.);
#1430=ORIENTED_EDGE('',*,*,#1061,.T.);
#1431=ORIENTED_EDGE('',*,*,#1068,.T.);
#1432=ORIENTED_EDGE('',*,*,#1069,.F.);
#1433=ORIENTED_EDGE('',*,*,#1070,.F.);
#1434=ORIENTED_EDGE('',*,*,#1071,.T.);
#1435=ORIENTED_EDGE('',*,*,#1072,.T.);
#1436=ORIENTED_EDGE('',*,*,#1073,.F.);
#1437=ORIENTED_EDGE('',*,*,#1074,.F.);
#1438=ORIENTED_EDGE('',*,*,#1069,.T.);
#1439=ORIENTED_EDGE('',*,*,#1075,.T.);
#1440=ORIENTED_EDGE('',*,*,#1076,.F.);
#1441=ORIENTED_EDGE('',*,*,#1077,.F.);
#1442=ORIENTED_EDGE('',*,*,#1073,.T.);
#1443=ORIENTED_EDGE('',*,*,#1078,.T.);
#1444=ORIENTED_EDGE('',*,*,#1079,.F.);
#1445=ORIENTED_EDGE('',*,*,#1080,.F.);
#1446=ORIENTED_EDGE('',*,*,#1076,.T.);
#1447=ORIENTED_EDGE('',*,*,#1081,.T.);
#1448=ORIENTED_EDGE('',*,*,#1082,.F.);
#1449=ORIENTED_EDGE('',*,*,#1083,.F.);
#1450=ORIENTED_EDGE('',*,*,#1084,.T.);
#1451=ORIENTED_EDGE('',*,*,#1085,.T.);
#1452=ORIENTED_EDGE('',*,*,#1086,.F.);
#1453=ORIENTED_EDGE('',*,*,#1087,.F.);
#1454=ORIENTED_EDGE('',*,*,#1082,.T.);
#1455=ORIENTED_EDGE('',*,*,#1088,.T.);
#1456=ORIENTED_EDGE('',*,*,#1089,.F.);
#1457=ORIENTED_EDGE('',*,*,#1090,.F.);
#1458=ORIENTED_EDGE('',*,*,#1086,.T.);
#1459=ORIENTED_EDGE('',*,*,#1091,.T.);
#1460=ORIENTED_EDGE('',*,*,#1092,.F.);
#1461=ORIENTED_EDGE('',*,*,#1093,.F.);
#1462=ORIENTED_EDGE('',*,*,#1089,.T.);
#1463=ORIENTED_EDGE('',*,*,#1094,.T.);
#1464=ORIENTED_EDGE('',*,*,#1095,.F.);
#1465=ORIENTED_EDGE('',*,*,#1096,.F.);
#1466=ORIENTED_EDGE('',*,*,#1092,.T.);
#1467=ORIENTED_EDGE('',*,*,#1097,.T.);
#1468=ORIENTED_EDGE('',*,*,#1098,.F.);
#1469=ORIENTED_EDGE('',*,*,#1099,.F.);
#1470=ORIENTED_EDGE('',*,*,#1095,.T.);
#1471=ORIENTED_EDGE('',*,*,#1100,.T.);
#1472=ORIENTED_EDGE('',*,*,#1101,.F.);
#1473=ORIENTED_EDGE('',*,*,#1102,.F.);
#1474=ORIENTED_EDGE('',*,*,#1079,.T.);
#1475=ORIENTED_EDGE('',*,*,#1103,.T.);
#1476=ORIENTED_EDGE('',*,*,#1104,.F.);
#1477=ORIENTED_EDGE('',*,*,#1105,.F.);
#1478=ORIENTED_EDGE('',*,*,#1101,.T.);
#1479=ORIENTED_EDGE('',*,*,#1106,.T.);
#1480=ORIENTED_EDGE('',*,*,#1107,.F.);
#1481=ORIENTED_EDGE('',*,*,#1108,.F.);
#1482=ORIENTED_EDGE('',*,*,#1104,.T.);
#1483=ORIENTED_EDGE('',*,*,#1109,.T.);
#1484=ORIENTED_EDGE('',*,*,#1071,.F.);
#1485=ORIENTED_EDGE('',*,*,#1110,.F.);
#1486=ORIENTED_EDGE('',*,*,#1107,.T.);
#1487=ORIENTED_EDGE('',*,*,#1111,.T.);
#1488=ORIENTED_EDGE('',*,*,#1112,.F.);
#1489=ORIENTED_EDGE('',*,*,#1113,.F.);
#1490=ORIENTED_EDGE('',*,*,#1098,.T.);
#1491=ORIENTED_EDGE('',*,*,#1114,.T.);
#1492=ORIENTED_EDGE('',*,*,#1115,.F.);
#1493=ORIENTED_EDGE('',*,*,#1116,.F.);
#1494=ORIENTED_EDGE('',*,*,#1112,.T.);
#1495=ORIENTED_EDGE('',*,*,#1117,.T.);
#1496=ORIENTED_EDGE('',*,*,#1118,.F.);
#1497=ORIENTED_EDGE('',*,*,#1119,.F.);
#1498=ORIENTED_EDGE('',*,*,#1115,.T.);
#1499=ORIENTED_EDGE('',*,*,#1120,.T.);
#1500=ORIENTED_EDGE('',*,*,#1121,.F.);
#1501=ORIENTED_EDGE('',*,*,#1122,.F.);
#1502=ORIENTED_EDGE('',*,*,#1118,.T.);
#1503=ORIENTED_EDGE('',*,*,#1123,.T.);
#1504=ORIENTED_EDGE('',*,*,#1124,.F.);
#1505=ORIENTED_EDGE('',*,*,#1125,.F.);
#1506=ORIENTED_EDGE('',*,*,#1121,.T.);
#1507=ORIENTED_EDGE('',*,*,#1126,.T.);
#1508=ORIENTED_EDGE('',*,*,#1084,.F.);
#1509=ORIENTED_EDGE('',*,*,#1127,.F.);
#1510=ORIENTED_EDGE('',*,*,#1124,.T.);
#1511=ORIENTED_EDGE('',*,*,#1099,.T.);
#1512=ORIENTED_EDGE('',*,*,#1113,.T.);
#1513=ORIENTED_EDGE('',*,*,#1116,.T.);
#1514=ORIENTED_EDGE('',*,*,#1119,.T.);
#1515=ORIENTED_EDGE('',*,*,#1122,.T.);
#1516=ORIENTED_EDGE('',*,*,#1125,.T.);
#1517=ORIENTED_EDGE('',*,*,#1127,.T.);
#1518=ORIENTED_EDGE('',*,*,#1083,.T.);
#1519=ORIENTED_EDGE('',*,*,#1087,.T.);
#1520=ORIENTED_EDGE('',*,*,#1090,.T.);
#1521=ORIENTED_EDGE('',*,*,#1093,.T.);
#1522=ORIENTED_EDGE('',*,*,#1096,.T.);
#1523=ORIENTED_EDGE('',*,*,#1080,.T.);
#1524=ORIENTED_EDGE('',*,*,#1102,.T.);
#1525=ORIENTED_EDGE('',*,*,#1105,.T.);
#1526=ORIENTED_EDGE('',*,*,#1108,.T.);
#1527=ORIENTED_EDGE('',*,*,#1110,.T.);
#1528=ORIENTED_EDGE('',*,*,#1070,.T.);
#1529=ORIENTED_EDGE('',*,*,#1074,.T.);
#1530=ORIENTED_EDGE('',*,*,#1077,.T.);
#1531=ORIENTED_EDGE('',*,*,#1111,.F.);
#1532=ORIENTED_EDGE('',*,*,#1097,.F.);
#1533=ORIENTED_EDGE('',*,*,#1094,.F.);
#1534=ORIENTED_EDGE('',*,*,#1091,.F.);
#1535=ORIENTED_EDGE('',*,*,#1088,.F.);
#1536=ORIENTED_EDGE('',*,*,#1085,.F.);
#1537=ORIENTED_EDGE('',*,*,#1081,.F.);
#1538=ORIENTED_EDGE('',*,*,#1126,.F.);
#1539=ORIENTED_EDGE('',*,*,#1123,.F.);
#1540=ORIENTED_EDGE('',*,*,#1120,.F.);
#1541=ORIENTED_EDGE('',*,*,#1117,.F.);
#1542=ORIENTED_EDGE('',*,*,#1114,.F.);
#1543=ORIENTED_EDGE('',*,*,#1100,.F.);
#1544=ORIENTED_EDGE('',*,*,#1078,.F.);
#1545=ORIENTED_EDGE('',*,*,#1075,.F.);
#1546=ORIENTED_EDGE('',*,*,#1072,.F.);
#1547=ORIENTED_EDGE('',*,*,#1068,.F.);
#1548=ORIENTED_EDGE('',*,*,#1109,.F.);
#1549=ORIENTED_EDGE('',*,*,#1106,.F.);
#1550=ORIENTED_EDGE('',*,*,#1103,.F.);
#1551=ORIENTED_EDGE('',*,*,#1128,.T.);
#1552=ORIENTED_EDGE('',*,*,#1129,.F.);
#1553=ORIENTED_EDGE('',*,*,#1130,.F.);
#1554=ORIENTED_EDGE('',*,*,#1131,.T.);
#1555=ORIENTED_EDGE('',*,*,#1132,.T.);
#1556=ORIENTED_EDGE('',*,*,#1133,.F.);
#1557=ORIENTED_EDGE('',*,*,#1134,.F.);
#1558=ORIENTED_EDGE('',*,*,#1129,.T.);
#1559=ORIENTED_EDGE('',*,*,#1135,.T.);
#1560=ORIENTED_EDGE('',*,*,#1136,.F.);
#1561=ORIENTED_EDGE('',*,*,#1137,.F.);
#1562=ORIENTED_EDGE('',*,*,#1133,.T.);
#1563=ORIENTED_EDGE('',*,*,#1138,.T.);
#1564=ORIENTED_EDGE('',*,*,#1131,.F.);
#1565=ORIENTED_EDGE('',*,*,#1139,.F.);
#1566=ORIENTED_EDGE('',*,*,#1136,.T.);
#1567=ORIENTED_EDGE('',*,*,#1134,.T.);
#1568=ORIENTED_EDGE('',*,*,#1137,.T.);
#1569=ORIENTED_EDGE('',*,*,#1139,.T.);
#1570=ORIENTED_EDGE('',*,*,#1130,.T.);
#1571=ORIENTED_EDGE('',*,*,#1135,.F.);
#1572=ORIENTED_EDGE('',*,*,#1132,.F.);
#1573=ORIENTED_EDGE('',*,*,#1128,.F.);
#1574=ORIENTED_EDGE('',*,*,#1138,.F.);
#1575=ORIENTED_EDGE('',*,*,#1140,.T.);
#1576=ORIENTED_EDGE('',*,*,#1141,.F.);
#1577=ORIENTED_EDGE('',*,*,#1142,.F.);
#1578=ORIENTED_EDGE('',*,*,#1143,.T.);
#1579=ORIENTED_EDGE('',*,*,#1144,.T.);
#1580=ORIENTED_EDGE('',*,*,#1145,.F.);
#1581=ORIENTED_EDGE('',*,*,#1146,.F.);
#1582=ORIENTED_EDGE('',*,*,#1141,.T.);
#1583=ORIENTED_EDGE('',*,*,#1147,.T.);
#1584=ORIENTED_EDGE('',*,*,#1148,.F.);
#1585=ORIENTED_EDGE('',*,*,#1149,.F.);
#1586=ORIENTED_EDGE('',*,*,#1145,.T.);
#1587=ORIENTED_EDGE('',*,*,#1150,.T.);
#1588=ORIENTED_EDGE('',*,*,#1151,.F.);
#1589=ORIENTED_EDGE('',*,*,#1152,.F.);
#1590=ORIENTED_EDGE('',*,*,#1148,.T.);
#1591=ORIENTED_EDGE('',*,*,#1153,.T.);
#1592=ORIENTED_EDGE('',*,*,#1154,.F.);
#1593=ORIENTED_EDGE('',*,*,#1155,.F.);
#1594=ORIENTED_EDGE('',*,*,#1156,.T.);
#1595=ORIENTED_EDGE('',*,*,#1157,.T.);
#1596=ORIENTED_EDGE('',*,*,#1158,.F.);
#1597=ORIENTED_EDGE('',*,*,#1159,.F.);
#1598=ORIENTED_EDGE('',*,*,#1154,.T.);
#1599=ORIENTED_EDGE('',*,*,#1160,.T.);
#1600=ORIENTED_EDGE('',*,*,#1161,.F.);
#1601=ORIENTED_EDGE('',*,*,#1162,.F.);
#1602=ORIENTED_EDGE('',*,*,#1158,.T.);
#1603=ORIENTED_EDGE('',*,*,#1163,.T.);
#1604=ORIENTED_EDGE('',*,*,#1164,.F.);
#1605=ORIENTED_EDGE('',*,*,#1165,.F.);
#1606=ORIENTED_EDGE('',*,*,#1161,.T.);
#1607=ORIENTED_EDGE('',*,*,#1166,.T.);
#1608=ORIENTED_EDGE('',*,*,#1167,.F.);
#1609=ORIENTED_EDGE('',*,*,#1168,.F.);
#1610=ORIENTED_EDGE('',*,*,#1164,.T.);
#1611=ORIENTED_EDGE('',*,*,#1169,.T.);
#1612=ORIENTED_EDGE('',*,*,#1170,.F.);
#1613=ORIENTED_EDGE('',*,*,#1171,.F.);
#1614=ORIENTED_EDGE('',*,*,#1167,.T.);
#1615=ORIENTED_EDGE('',*,*,#1172,.T.);
#1616=ORIENTED_EDGE('',*,*,#1173,.F.);
#1617=ORIENTED_EDGE('',*,*,#1174,.F.);
#1618=ORIENTED_EDGE('',*,*,#1170,.T.);
#1619=ORIENTED_EDGE('',*,*,#1175,.T.);
#1620=ORIENTED_EDGE('',*,*,#1176,.F.);
#1621=ORIENTED_EDGE('',*,*,#1177,.F.);
#1622=ORIENTED_EDGE('',*,*,#1173,.T.);
#1623=ORIENTED_EDGE('',*,*,#1178,.T.);
#1624=ORIENTED_EDGE('',*,*,#1179,.F.);
#1625=ORIENTED_EDGE('',*,*,#1180,.F.);
#1626=ORIENTED_EDGE('',*,*,#1176,.T.);
#1627=ORIENTED_EDGE('',*,*,#1181,.T.);
#1628=ORIENTED_EDGE('',*,*,#1182,.F.);
#1629=ORIENTED_EDGE('',*,*,#1183,.F.);
#1630=ORIENTED_EDGE('',*,*,#1151,.T.);
#1631=ORIENTED_EDGE('',*,*,#1184,.T.);
#1632=ORIENTED_EDGE('',*,*,#1185,.F.);
#1633=ORIENTED_EDGE('',*,*,#1186,.F.);
#1634=ORIENTED_EDGE('',*,*,#1182,.T.);
#1635=ORIENTED_EDGE('',*,*,#1187,.T.);
#1636=ORIENTED_EDGE('',*,*,#1188,.F.);
#1637=ORIENTED_EDGE('',*,*,#1189,.F.);
#1638=ORIENTED_EDGE('',*,*,#1185,.T.);
#1639=ORIENTED_EDGE('',*,*,#1190,.T.);
#1640=ORIENTED_EDGE('',*,*,#1191,.F.);
#1641=ORIENTED_EDGE('',*,*,#1192,.F.);
#1642=ORIENTED_EDGE('',*,*,#1188,.T.);
#1643=ORIENTED_EDGE('',*,*,#1193,.T.);
#1644=ORIENTED_EDGE('',*,*,#1143,.F.);
#1645=ORIENTED_EDGE('',*,*,#1194,.F.);
#1646=ORIENTED_EDGE('',*,*,#1191,.T.);
#1647=ORIENTED_EDGE('',*,*,#1195,.T.);
#1648=ORIENTED_EDGE('',*,*,#1196,.F.);
#1649=ORIENTED_EDGE('',*,*,#1197,.F.);
#1650=ORIENTED_EDGE('',*,*,#1179,.T.);
#1651=ORIENTED_EDGE('',*,*,#1198,.T.);
#1652=ORIENTED_EDGE('',*,*,#1199,.F.);
#1653=ORIENTED_EDGE('',*,*,#1200,.F.);
#1654=ORIENTED_EDGE('',*,*,#1196,.T.);
#1655=ORIENTED_EDGE('',*,*,#1201,.T.);
#1656=ORIENTED_EDGE('',*,*,#1202,.F.);
#1657=ORIENTED_EDGE('',*,*,#1203,.F.);
#1658=ORIENTED_EDGE('',*,*,#1199,.T.);
#1659=ORIENTED_EDGE('',*,*,#1204,.T.);
#1660=ORIENTED_EDGE('',*,*,#1205,.F.);
#1661=ORIENTED_EDGE('',*,*,#1206,.F.);
#1662=ORIENTED_EDGE('',*,*,#1202,.T.);
#1663=ORIENTED_EDGE('',*,*,#1207,.T.);
#1664=ORIENTED_EDGE('',*,*,#1208,.F.);
#1665=ORIENTED_EDGE('',*,*,#1209,.F.);
#1666=ORIENTED_EDGE('',*,*,#1205,.T.);
#1667=ORIENTED_EDGE('',*,*,#1210,.T.);
#1668=ORIENTED_EDGE('',*,*,#1211,.F.);
#1669=ORIENTED_EDGE('',*,*,#1212,.F.);
#1670=ORIENTED_EDGE('',*,*,#1208,.T.);
#1671=ORIENTED_EDGE('',*,*,#1213,.T.);
#1672=ORIENTED_EDGE('',*,*,#1214,.F.);
#1673=ORIENTED_EDGE('',*,*,#1215,.F.);
#1674=ORIENTED_EDGE('',*,*,#1211,.T.);
#1675=ORIENTED_EDGE('',*,*,#1216,.T.);
#1676=ORIENTED_EDGE('',*,*,#1217,.F.);
#1677=ORIENTED_EDGE('',*,*,#1218,.F.);
#1678=ORIENTED_EDGE('',*,*,#1214,.T.);
#1679=ORIENTED_EDGE('',*,*,#1219,.T.);
#1680=ORIENTED_EDGE('',*,*,#1220,.F.);
#1681=ORIENTED_EDGE('',*,*,#1221,.F.);
#1682=ORIENTED_EDGE('',*,*,#1217,.T.);
#1683=ORIENTED_EDGE('',*,*,#1222,.T.);
#1684=ORIENTED_EDGE('',*,*,#1156,.F.);
#1685=ORIENTED_EDGE('',*,*,#1223,.F.);
#1686=ORIENTED_EDGE('',*,*,#1220,.T.);
#1687=ORIENTED_EDGE('',*,*,#1180,.T.);
#1688=ORIENTED_EDGE('',*,*,#1197,.T.);
#1689=ORIENTED_EDGE('',*,*,#1200,.T.);
#1690=ORIENTED_EDGE('',*,*,#1203,.T.);
#1691=ORIENTED_EDGE('',*,*,#1206,.T.);
#1692=ORIENTED_EDGE('',*,*,#1209,.T.);
#1693=ORIENTED_EDGE('',*,*,#1212,.T.);
#1694=ORIENTED_EDGE('',*,*,#1215,.T.);
#1695=ORIENTED_EDGE('',*,*,#1218,.T.);
#1696=ORIENTED_EDGE('',*,*,#1221,.T.);
#1697=ORIENTED_EDGE('',*,*,#1223,.T.);
#1698=ORIENTED_EDGE('',*,*,#1155,.T.);
#1699=ORIENTED_EDGE('',*,*,#1159,.T.);
#1700=ORIENTED_EDGE('',*,*,#1162,.T.);
#1701=ORIENTED_EDGE('',*,*,#1165,.T.);
#1702=ORIENTED_EDGE('',*,*,#1168,.T.);
#1703=ORIENTED_EDGE('',*,*,#1171,.T.);
#1704=ORIENTED_EDGE('',*,*,#1174,.T.);
#1705=ORIENTED_EDGE('',*,*,#1177,.T.);
#1706=ORIENTED_EDGE('',*,*,#1152,.T.);
#1707=ORIENTED_EDGE('',*,*,#1183,.T.);
#1708=ORIENTED_EDGE('',*,*,#1186,.T.);
#1709=ORIENTED_EDGE('',*,*,#1189,.T.);
#1710=ORIENTED_EDGE('',*,*,#1192,.T.);
#1711=ORIENTED_EDGE('',*,*,#1194,.T.);
#1712=ORIENTED_EDGE('',*,*,#1142,.T.);
#1713=ORIENTED_EDGE('',*,*,#1146,.T.);
#1714=ORIENTED_EDGE('',*,*,#1149,.T.);
#1715=ORIENTED_EDGE('',*,*,#1195,.F.);
#1716=ORIENTED_EDGE('',*,*,#1178,.F.);
#1717=ORIENTED_EDGE('',*,*,#1175,.F.);
#1718=ORIENTED_EDGE('',*,*,#1172,.F.);
#1719=ORIENTED_EDGE('',*,*,#1169,.F.);
#1720=ORIENTED_EDGE('',*,*,#1166,.F.);
#1721=ORIENTED_EDGE('',*,*,#1163,.F.);
#1722=ORIENTED_EDGE('',*,*,#1160,.F.);
#1723=ORIENTED_EDGE('',*,*,#1157,.F.);
#1724=ORIENTED_EDGE('',*,*,#1153,.F.);
#1725=ORIENTED_EDGE('',*,*,#1222,.F.);
#1726=ORIENTED_EDGE('',*,*,#1219,.F.);
#1727=ORIENTED_EDGE('',*,*,#1216,.F.);
#1728=ORIENTED_EDGE('',*,*,#1213,.F.);
#1729=ORIENTED_EDGE('',*,*,#1210,.F.);
#1730=ORIENTED_EDGE('',*,*,#1207,.F.);
#1731=ORIENTED_EDGE('',*,*,#1204,.F.);
#1732=ORIENTED_EDGE('',*,*,#1201,.F.);
#1733=ORIENTED_EDGE('',*,*,#1198,.F.);
#1734=ORIENTED_EDGE('',*,*,#1181,.F.);
#1735=ORIENTED_EDGE('',*,*,#1150,.F.);
#1736=ORIENTED_EDGE('',*,*,#1147,.F.);
#1737=ORIENTED_EDGE('',*,*,#1144,.F.);
#1738=ORIENTED_EDGE('',*,*,#1140,.F.);
#1739=ORIENTED_EDGE('',*,*,#1193,.F.);
#1740=ORIENTED_EDGE('',*,*,#1190,.F.);
#1741=ORIENTED_EDGE('',*,*,#1187,.F.);
#1742=ORIENTED_EDGE('',*,*,#1184,.F.);
#1743=ORIENTED_EDGE('',*,*,#1224,.F.);
#1744=ORIENTED_EDGE('',*,*,#1225,.F.);
#1745=ORIENTED_EDGE('',*,*,#1226,.F.);
#1746=ORIENTED_EDGE('',*,*,#1227,.T.);
#1747=ORIENTED_EDGE('',*,*,#1228,.F.);
#1748=ORIENTED_EDGE('',*,*,#1227,.F.);
#1749=ORIENTED_EDGE('',*,*,#1229,.F.);
#1750=ORIENTED_EDGE('',*,*,#1230,.T.);
#1751=ORIENTED_EDGE('',*,*,#1231,.F.);
#1752=ORIENTED_EDGE('',*,*,#1230,.F.);
#1753=ORIENTED_EDGE('',*,*,#1232,.F.);
#1754=ORIENTED_EDGE('',*,*,#1233,.T.);
#1755=ORIENTED_EDGE('',*,*,#1234,.F.);
#1756=ORIENTED_EDGE('',*,*,#1233,.F.);
#1757=ORIENTED_EDGE('',*,*,#1235,.F.);
#1758=ORIENTED_EDGE('',*,*,#1236,.T.);
#1759=ORIENTED_EDGE('',*,*,#1237,.F.);
#1760=ORIENTED_EDGE('',*,*,#1236,.F.);
#1761=ORIENTED_EDGE('',*,*,#1238,.F.);
#1762=ORIENTED_EDGE('',*,*,#1239,.T.);
#1763=ORIENTED_EDGE('',*,*,#1240,.F.);
#1764=ORIENTED_EDGE('',*,*,#1239,.F.);
#1765=ORIENTED_EDGE('',*,*,#1241,.F.);
#1766=ORIENTED_EDGE('',*,*,#1242,.T.);
#1767=ORIENTED_EDGE('',*,*,#1243,.F.);
#1768=ORIENTED_EDGE('',*,*,#1242,.F.);
#1769=ORIENTED_EDGE('',*,*,#1244,.F.);
#1770=ORIENTED_EDGE('',*,*,#1245,.T.);
#1771=ORIENTED_EDGE('',*,*,#1246,.F.);
#1772=ORIENTED_EDGE('',*,*,#1245,.F.);
#1773=ORIENTED_EDGE('',*,*,#1247,.F.);
#1774=ORIENTED_EDGE('',*,*,#1248,.T.);
#1775=ORIENTED_EDGE('',*,*,#1249,.F.);
#1776=ORIENTED_EDGE('',*,*,#1248,.F.);
#1777=ORIENTED_EDGE('',*,*,#1250,.F.);
#1778=ORIENTED_EDGE('',*,*,#1225,.T.);
#1779=ORIENTED_EDGE('',*,*,#1237,.T.);
#1780=ORIENTED_EDGE('',*,*,#1240,.T.);
#1781=ORIENTED_EDGE('',*,*,#1243,.T.);
#1782=ORIENTED_EDGE('',*,*,#1246,.T.);
#1783=ORIENTED_EDGE('',*,*,#1249,.T.);
#1784=ORIENTED_EDGE('',*,*,#1224,.T.);
#1785=ORIENTED_EDGE('',*,*,#1228,.T.);
#1786=ORIENTED_EDGE('',*,*,#1231,.T.);
#1787=ORIENTED_EDGE('',*,*,#1234,.T.);
#1788=ORIENTED_EDGE('',*,*,#1238,.T.);
#1789=ORIENTED_EDGE('',*,*,#1235,.T.);
#1790=ORIENTED_EDGE('',*,*,#1232,.T.);
#1791=ORIENTED_EDGE('',*,*,#1229,.T.);
#1792=ORIENTED_EDGE('',*,*,#1226,.T.);
#1793=ORIENTED_EDGE('',*,*,#1250,.T.);
#1794=ORIENTED_EDGE('',*,*,#1247,.T.);
#1795=ORIENTED_EDGE('',*,*,#1244,.T.);
#1796=ORIENTED_EDGE('',*,*,#1241,.T.);
#1797=ORIENTED_EDGE('',*,*,#1251,.T.);
#1798=ORIENTED_EDGE('',*,*,#1252,.T.);
#1799=ORIENTED_EDGE('',*,*,#1253,.T.);
#1800=ORIENTED_EDGE('',*,*,#1254,.T.);
#1801=ORIENTED_EDGE('',*,*,#1255,.F.);
#1802=ORIENTED_EDGE('',*,*,#1256,.T.);
#1803=ORIENTED_EDGE('',*,*,#1257,.T.);
#1804=ORIENTED_EDGE('',*,*,#1258,.F.);
#1805=ORIENTED_EDGE('',*,*,#1259,.F.);
#1806=ORIENTED_EDGE('',*,*,#1260,.T.);
#1807=ORIENTED_EDGE('',*,*,#1251,.F.);
#1808=ORIENTED_EDGE('',*,*,#1261,.F.);
#1809=ORIENTED_EDGE('',*,*,#1262,.T.);
#1810=ORIENTED_EDGE('',*,*,#1263,.T.);
#1811=ORIENTED_EDGE('',*,*,#1252,.F.);
#1812=ORIENTED_EDGE('',*,*,#1260,.F.);
#1813=ORIENTED_EDGE('',*,*,#1264,.F.);
#1814=ORIENTED_EDGE('',*,*,#1265,.T.);
#1815=ORIENTED_EDGE('',*,*,#1253,.F.);
#1816=ORIENTED_EDGE('',*,*,#1263,.F.);
#1817=ORIENTED_EDGE('',*,*,#1266,.F.);
#1818=ORIENTED_EDGE('',*,*,#1267,.T.);
#1819=ORIENTED_EDGE('',*,*,#1268,.T.);
#1820=ORIENTED_EDGE('',*,*,#1269,.F.);
#1821=ORIENTED_EDGE('',*,*,#1270,.F.);
#1822=ORIENTED_EDGE('',*,*,#1261,.T.);
#1823=ORIENTED_EDGE('',*,*,#1254,.F.);
#1824=ORIENTED_EDGE('',*,*,#1265,.F.);
#1825=ORIENTED_EDGE('',*,*,#1271,.F.);
#1826=ORIENTED_EDGE('',*,*,#1268,.F.);
#1827=ORIENTED_EDGE('',*,*,#1272,.F.);
#1828=ORIENTED_EDGE('',*,*,#1257,.F.);
#1829=ORIENTED_EDGE('',*,*,#1273,.F.);
#1830=ORIENTED_EDGE('',*,*,#1271,.T.);
#1831=ORIENTED_EDGE('',*,*,#1256,.F.);
#1832=ORIENTED_EDGE('',*,*,#1274,.F.);
#1833=ORIENTED_EDGE('',*,*,#1269,.T.);
#1834=ORIENTED_EDGE('',*,*,#1273,.T.);
#1835=ORIENTED_EDGE('',*,*,#1275,.T.);
#1836=ORIENTED_EDGE('',*,*,#1276,.F.);
#1837=ORIENTED_EDGE('',*,*,#1275,.F.);
#1838=ORIENTED_EDGE('',*,*,#1277,.F.);
#1839=ORIENTED_EDGE('',*,*,#1258,.T.);
#1840=ORIENTED_EDGE('',*,*,#1272,.T.);
#1841=ORIENTED_EDGE('',*,*,#1267,.F.);
#1842=ORIENTED_EDGE('',*,*,#1255,.T.);
#1843=ORIENTED_EDGE('',*,*,#1270,.T.);
#1844=ORIENTED_EDGE('',*,*,#1264,.T.);
#1845=ORIENTED_EDGE('',*,*,#1274,.T.);
#1846=ORIENTED_EDGE('',*,*,#1278,.T.);
#1847=ORIENTED_EDGE('',*,*,#1279,.T.);
#1848=ORIENTED_EDGE('',*,*,#1280,.T.);
#1849=ORIENTED_EDGE('',*,*,#1281,.T.);
#1850=ORIENTED_EDGE('',*,*,#1282,.T.);
#1851=ORIENTED_EDGE('',*,*,#1283,.T.);
#1852=ORIENTED_EDGE('',*,*,#1284,.T.);
#1853=ORIENTED_EDGE('',*,*,#1285,.T.);
#1854=ORIENTED_EDGE('',*,*,#1286,.T.);
#1855=ORIENTED_EDGE('',*,*,#1287,.T.);
#1856=ORIENTED_EDGE('',*,*,#1288,.T.);
#1857=ORIENTED_EDGE('',*,*,#1289,.T.);
#1858=ORIENTED_EDGE('',*,*,#1290,.T.);
#1859=ORIENTED_EDGE('',*,*,#1291,.T.);
#1860=ORIENTED_EDGE('',*,*,#1292,.T.);
#1861=ORIENTED_EDGE('',*,*,#1293,.T.);
#1862=ORIENTED_EDGE('',*,*,#1294,.T.);
#1863=ORIENTED_EDGE('',*,*,#1295,.T.);
#1864=ORIENTED_EDGE('',*,*,#1296,.T.);
#1865=ORIENTED_EDGE('',*,*,#1297,.T.);
#1866=ORIENTED_EDGE('',*,*,#1298,.T.);
#1867=ORIENTED_EDGE('',*,*,#1299,.T.);
#1868=ORIENTED_EDGE('',*,*,#1300,.T.);
#1869=ORIENTED_EDGE('',*,*,#1301,.T.);
#1870=ORIENTED_EDGE('',*,*,#1302,.T.);
#1871=ORIENTED_EDGE('',*,*,#1303,.T.);
#1872=ORIENTED_EDGE('',*,*,#1304,.T.);
#1873=ORIENTED_EDGE('',*,*,#1305,.T.);
#1874=ORIENTED_EDGE('',*,*,#1306,.T.);
#1875=ORIENTED_EDGE('',*,*,#1307,.T.);
#1876=ORIENTED_EDGE('',*,*,#1308,.T.);
#1877=ORIENTED_EDGE('',*,*,#1309,.T.);
#1878=ORIENTED_EDGE('',*,*,#1310,.T.);
#1879=ORIENTED_EDGE('',*,*,#1311,.T.);
#1880=ORIENTED_EDGE('',*,*,#1312,.T.);
#1881=ORIENTED_EDGE('',*,*,#1276,.T.);
#1882=ORIENTED_EDGE('',*,*,#1262,.F.);
#1883=ORIENTED_EDGE('',*,*,#1259,.T.);
#1884=ORIENTED_EDGE('',*,*,#1277,.T.);
#1885=ORIENTED_EDGE('',*,*,#1266,.T.);
#1886=ORIENTED_EDGE('',*,*,#1313,.T.);
#1887=ORIENTED_EDGE('',*,*,#1314,.T.);
#1888=ORIENTED_EDGE('',*,*,#1315,.T.);
#1889=ORIENTED_EDGE('',*,*,#1316,.T.);
#1890=ORIENTED_EDGE('',*,*,#1317,.T.);
#1891=ORIENTED_EDGE('',*,*,#1318,.T.);
#1892=ORIENTED_EDGE('',*,*,#1319,.T.);
#1893=ORIENTED_EDGE('',*,*,#1320,.T.);
#1894=ORIENTED_EDGE('',*,*,#1321,.T.);
#1895=ORIENTED_EDGE('',*,*,#1322,.T.);
#1896=ORIENTED_EDGE('',*,*,#1323,.T.);
#1897=ORIENTED_EDGE('',*,*,#1324,.T.);
#1898=ORIENTED_EDGE('',*,*,#1325,.T.);
#1899=ORIENTED_EDGE('',*,*,#1326,.T.);
#1900=ORIENTED_EDGE('',*,*,#1327,.T.);
#1901=ORIENTED_EDGE('',*,*,#1328,.T.);
#1902=ORIENTED_EDGE('',*,*,#1329,.T.);
#1903=ORIENTED_EDGE('',*,*,#1330,.T.);
#1904=ORIENTED_EDGE('',*,*,#1331,.T.);
#1905=ORIENTED_EDGE('',*,*,#1332,.T.);
#1906=ORIENTED_EDGE('',*,*,#1333,.T.);
#1907=ORIENTED_EDGE('',*,*,#1334,.T.);
#1908=ORIENTED_EDGE('',*,*,#1335,.T.);
#1909=ORIENTED_EDGE('',*,*,#1336,.T.);
#1910=ORIENTED_EDGE('',*,*,#1337,.T.);
#1911=ORIENTED_EDGE('',*,*,#1338,.T.);
#1912=ORIENTED_EDGE('',*,*,#1339,.T.);
#1913=ORIENTED_EDGE('',*,*,#1340,.T.);
#1914=ORIENTED_EDGE('',*,*,#1341,.T.);
#1915=ORIENTED_EDGE('',*,*,#1342,.T.);
#1916=ORIENTED_EDGE('',*,*,#1343,.T.);
#1917=ORIENTED_EDGE('',*,*,#1344,.T.);
#1918=ORIENTED_EDGE('',*,*,#1345,.T.);
#1919=ORIENTED_EDGE('',*,*,#1346,.T.);
#1920=ORIENTED_EDGE('',*,*,#1347,.T.);
#1921=ORIENTED_EDGE('',*,*,#1338,.F.);
#1922=ORIENTED_EDGE('',*,*,#1348,.F.);
#1923=ORIENTED_EDGE('',*,*,#1304,.F.);
#1924=ORIENTED_EDGE('',*,*,#1349,.T.);
#1925=ORIENTED_EDGE('',*,*,#1337,.F.);
#1926=ORIENTED_EDGE('',*,*,#1350,.F.);
#1927=ORIENTED_EDGE('',*,*,#1305,.F.);
#1928=ORIENTED_EDGE('',*,*,#1348,.T.);
#1929=ORIENTED_EDGE('',*,*,#1336,.F.);
#1930=ORIENTED_EDGE('',*,*,#1351,.F.);
#1931=ORIENTED_EDGE('',*,*,#1306,.F.);
#1932=ORIENTED_EDGE('',*,*,#1350,.T.);
#1933=ORIENTED_EDGE('',*,*,#1335,.F.);
#1934=ORIENTED_EDGE('',*,*,#1352,.F.);
#1935=ORIENTED_EDGE('',*,*,#1307,.F.);
#1936=ORIENTED_EDGE('',*,*,#1351,.T.);
#1937=ORIENTED_EDGE('',*,*,#1334,.F.);
#1938=ORIENTED_EDGE('',*,*,#1353,.F.);
#1939=ORIENTED_EDGE('',*,*,#1308,.F.);
#1940=ORIENTED_EDGE('',*,*,#1352,.T.);
#1941=ORIENTED_EDGE('',*,*,#1333,.F.);
#1942=ORIENTED_EDGE('',*,*,#1354,.F.);
#1943=ORIENTED_EDGE('',*,*,#1309,.F.);
#1944=ORIENTED_EDGE('',*,*,#1353,.T.);
#1945=ORIENTED_EDGE('',*,*,#1332,.F.);
#1946=ORIENTED_EDGE('',*,*,#1355,.F.);
#1947=ORIENTED_EDGE('',*,*,#1310,.F.);
#1948=ORIENTED_EDGE('',*,*,#1354,.T.);
#1949=ORIENTED_EDGE('',*,*,#1331,.F.);
#1950=ORIENTED_EDGE('',*,*,#1356,.F.);
#1951=ORIENTED_EDGE('',*,*,#1311,.F.);
#1952=ORIENTED_EDGE('',*,*,#1355,.T.);
#1953=ORIENTED_EDGE('',*,*,#1330,.F.);
#1954=ORIENTED_EDGE('',*,*,#1357,.F.);
#1955=ORIENTED_EDGE('',*,*,#1312,.F.);
#1956=ORIENTED_EDGE('',*,*,#1356,.T.);
#1957=ORIENTED_EDGE('',*,*,#1329,.F.);
#1958=ORIENTED_EDGE('',*,*,#1358,.F.);
#1959=ORIENTED_EDGE('',*,*,#1294,.F.);
#1960=ORIENTED_EDGE('',*,*,#1357,.T.);
#1961=ORIENTED_EDGE('',*,*,#1347,.F.);
#1962=ORIENTED_EDGE('',*,*,#1359,.F.);
#1963=ORIENTED_EDGE('',*,*,#1295,.F.);
#1964=ORIENTED_EDGE('',*,*,#1358,.T.);
#1965=ORIENTED_EDGE('',*,*,#1346,.F.);
#1966=ORIENTED_EDGE('',*,*,#1360,.F.);
#1967=ORIENTED_EDGE('',*,*,#1296,.F.);
#1968=ORIENTED_EDGE('',*,*,#1359,.T.);
#1969=ORIENTED_EDGE('',*,*,#1345,.F.);
#1970=ORIENTED_EDGE('',*,*,#1361,.F.);
#1971=ORIENTED_EDGE('',*,*,#1297,.F.);
#1972=ORIENTED_EDGE('',*,*,#1360,.T.);
#1973=ORIENTED_EDGE('',*,*,#1344,.F.);
#1974=ORIENTED_EDGE('',*,*,#1362,.F.);
#1975=ORIENTED_EDGE('',*,*,#1298,.F.);
#1976=ORIENTED_EDGE('',*,*,#1361,.T.);
#1977=ORIENTED_EDGE('',*,*,#1343,.F.);
#1978=ORIENTED_EDGE('',*,*,#1363,.F.);
#1979=ORIENTED_EDGE('',*,*,#1299,.F.);
#1980=ORIENTED_EDGE('',*,*,#1362,.T.);
#1981=ORIENTED_EDGE('',*,*,#1342,.F.);
#1982=ORIENTED_EDGE('',*,*,#1364,.F.);
#1983=ORIENTED_EDGE('',*,*,#1300,.F.);
#1984=ORIENTED_EDGE('',*,*,#1363,.T.);
#1985=ORIENTED_EDGE('',*,*,#1341,.F.);
#1986=ORIENTED_EDGE('',*,*,#1365,.F.);
#1987=ORIENTED_EDGE('',*,*,#1301,.F.);
#1988=ORIENTED_EDGE('',*,*,#1364,.T.);
#1989=ORIENTED_EDGE('',*,*,#1340,.F.);
#1990=ORIENTED_EDGE('',*,*,#1366,.F.);
#1991=ORIENTED_EDGE('',*,*,#1302,.F.);
#1992=ORIENTED_EDGE('',*,*,#1365,.T.);
#1993=ORIENTED_EDGE('',*,*,#1339,.F.);
#1994=ORIENTED_EDGE('',*,*,#1349,.F.);
#1995=ORIENTED_EDGE('',*,*,#1303,.F.);
#1996=ORIENTED_EDGE('',*,*,#1366,.T.);
#1997=ORIENTED_EDGE('',*,*,#1326,.F.);
#1998=ORIENTED_EDGE('',*,*,#1367,.F.);
#1999=ORIENTED_EDGE('',*,*,#1293,.F.);
#2000=ORIENTED_EDGE('',*,*,#1368,.T.);
#2001=ORIENTED_EDGE('',*,*,#1325,.F.);
#2002=ORIENTED_EDGE('',*,*,#1369,.F.);
#2003=ORIENTED_EDGE('',*,*,#1290,.F.);
#2004=ORIENTED_EDGE('',*,*,#1367,.T.);
#2005=ORIENTED_EDGE('',*,*,#1328,.F.);
#2006=ORIENTED_EDGE('',*,*,#1370,.F.);
#2007=ORIENTED_EDGE('',*,*,#1291,.F.);
#2008=ORIENTED_EDGE('',*,*,#1369,.T.);
#2009=ORIENTED_EDGE('',*,*,#1327,.F.);
#2010=ORIENTED_EDGE('',*,*,#1368,.F.);
#2011=ORIENTED_EDGE('',*,*,#1292,.F.);
#2012=ORIENTED_EDGE('',*,*,#1370,.T.);
#2013=ORIENTED_EDGE('',*,*,#1318,.F.);
#2014=ORIENTED_EDGE('',*,*,#1371,.F.);
#2015=ORIENTED_EDGE('',*,*,#1285,.F.);
#2016=ORIENTED_EDGE('',*,*,#1372,.T.);
#2017=ORIENTED_EDGE('',*,*,#1317,.F.);
#2018=ORIENTED_EDGE('',*,*,#1373,.F.);
#2019=ORIENTED_EDGE('',*,*,#1286,.F.);
#2020=ORIENTED_EDGE('',*,*,#1371,.T.);
#2021=ORIENTED_EDGE('',*,*,#1316,.F.);
#2022=ORIENTED_EDGE('',*,*,#1374,.F.);
#2023=ORIENTED_EDGE('',*,*,#1287,.F.);
#2024=ORIENTED_EDGE('',*,*,#1373,.T.);
#2025=ORIENTED_EDGE('',*,*,#1315,.F.);
#2026=ORIENTED_EDGE('',*,*,#1375,.F.);
#2027=ORIENTED_EDGE('',*,*,#1288,.F.);
#2028=ORIENTED_EDGE('',*,*,#1374,.T.);
#2029=ORIENTED_EDGE('',*,*,#1314,.F.);
#2030=ORIENTED_EDGE('',*,*,#1376,.F.);
#2031=ORIENTED_EDGE('',*,*,#1289,.F.);
#2032=ORIENTED_EDGE('',*,*,#1375,.T.);
#2033=ORIENTED_EDGE('',*,*,#1313,.F.);
#2034=ORIENTED_EDGE('',*,*,#1377,.F.);
#2035=ORIENTED_EDGE('',*,*,#1278,.F.);
#2036=ORIENTED_EDGE('',*,*,#1376,.T.);
#2037=ORIENTED_EDGE('',*,*,#1324,.F.);
#2038=ORIENTED_EDGE('',*,*,#1378,.F.);
#2039=ORIENTED_EDGE('',*,*,#1279,.F.);
#2040=ORIENTED_EDGE('',*,*,#1377,.T.);
#2041=ORIENTED_EDGE('',*,*,#1323,.F.);
#2042=ORIENTED_EDGE('',*,*,#1379,.F.);
#2043=ORIENTED_EDGE('',*,*,#1280,.F.);
#2044=ORIENTED_EDGE('',*,*,#1378,.T.);
#2045=ORIENTED_EDGE('',*,*,#1322,.F.);
#2046=ORIENTED_EDGE('',*,*,#1380,.F.);
#2047=ORIENTED_EDGE('',*,*,#1281,.F.);
#2048=ORIENTED_EDGE('',*,*,#1379,.T.);
#2049=ORIENTED_EDGE('',*,*,#1321,.F.);
#2050=ORIENTED_EDGE('',*,*,#1381,.F.);
#2051=ORIENTED_EDGE('',*,*,#1282,.F.);
#2052=ORIENTED_EDGE('',*,*,#1380,.T.);
#2053=ORIENTED_EDGE('',*,*,#1320,.F.);
#2054=ORIENTED_EDGE('',*,*,#1382,.F.);
#2055=ORIENTED_EDGE('',*,*,#1283,.F.);
#2056=ORIENTED_EDGE('',*,*,#1381,.T.);
#2057=ORIENTED_EDGE('',*,*,#1319,.F.);
#2058=ORIENTED_EDGE('',*,*,#1372,.F.);
#2059=ORIENTED_EDGE('',*,*,#1284,.F.);
#2060=ORIENTED_EDGE('',*,*,#1382,.T.);
#2061=B_SPLINE_SURFACE_WITH_KNOTS('',3,1,((#2550,#2551),(#2552,#2553),(#2554,
#2555),(#2556,#2557),(#2558,#2559)),.UNSPECIFIED.,.F.,.F.,.F.,(4,1,4),(2,
2),(-0.336006039542182,-0.205995747294291,0.),(0.,0.55),.UNSPECIFIED.);
#2062=B_SPLINE_SURFACE_WITH_KNOTS('',3,1,((#2578,#2579),(#2580,#2581),(#2582,
#2583),(#2584,#2585),(#2586,#2587)),.UNSPECIFIED.,.F.,.F.,.F.,(4,1,4),(2,
2),(-0.170291808629417,-0.0888519269407369,0.),(0.,0.55),.UNSPECIFIED.);
#2063=B_SPLINE_SURFACE_WITH_KNOTS('',3,1,((#2603,#2604),(#2605,#2606),(#2607,
#2608),(#2609,#2610),(#2611,#2612)),.UNSPECIFIED.,.F.,.F.,.F.,(4,1,4),(2,
2),(-0.157930495414354,-0.078136643188655,0.),(0.,0.55),.UNSPECIFIED.);
#2064=B_SPLINE_SURFACE_WITH_KNOTS('',3,1,((#2628,#2629),(#2630,#2631),(#2632,
#2633),(#2634,#2635),(#2636,#2637)),.UNSPECIFIED.,.F.,.F.,.F.,(4,1,4),(2,
2),(-0.346684596116817,-0.138541975825829,0.),(0.,0.55),.UNSPECIFIED.);
#2065=B_SPLINE_SURFACE_WITH_KNOTS('',3,1,((#2653,#2654),(#2655,#2656),(#2657,
#2658),(#2659,#2660),(#2661,#2662)),.UNSPECIFIED.,.F.,.F.,.F.,(4,1,4),(2,
2),(-0.335661121908885,-0.205570441855673,0.),(0.,0.55),.UNSPECIFIED.);
#2066=B_SPLINE_SURFACE_WITH_KNOTS('',3,1,((#2678,#2679),(#2680,#2681),(#2682,
#2683),(#2684,#2685),(#2686,#2687)),.UNSPECIFIED.,.F.,.F.,.F.,(4,1,4),(2,
2),(-0.16925064810175,-0.0887797039097937,0.),(0.,0.55),.UNSPECIFIED.);
#2067=B_SPLINE_SURFACE_WITH_KNOTS('',3,1,((#2703,#2704),(#2705,#2706),(#2707,
#2708),(#2709,#2710),(#2711,#2712)),.UNSPECIFIED.,.F.,.F.,.F.,(4,1,4),(2,
2),(-0.169448749761436,-0.0804926866743731,0.),(0.,0.55),.UNSPECIFIED.);
#2068=B_SPLINE_SURFACE_WITH_KNOTS('',3,1,((#2728,#2729),(#2730,#2731),(#2732,
#2733),(#2734,#2735),(#2736,#2737)),.UNSPECIFIED.,.F.,.F.,.F.,(4,1,4),(2,
2),(-0.335316243028855,-0.130171034435911,0.),(0.,0.55),.UNSPECIFIED.);
#2069=B_SPLINE_SURFACE_WITH_KNOTS('',3,1,((#2752,#2753),(#2754,#2755),(#2756,
#2757),(#2758,#2759),(#2760,#2761)),.UNSPECIFIED.,.F.,.F.,.F.,(4,1,4),(2,
2),(-0.336006039542182,-0.205995747294291,0.),(0.,0.066),.UNSPECIFIED.);
#2070=B_SPLINE_SURFACE_WITH_KNOTS('',3,1,((#2780,#2781),(#2782,#2783),(#2784,
#2785),(#2786,#2787),(#2788,#2789)),.UNSPECIFIED.,.F.,.F.,.F.,(4,1,4),(2,
2),(-0.170291808629417,-0.0888519269407369,0.),(0.,0.066),.UNSPECIFIED.);
#2071=B_SPLINE_SURFACE_WITH_KNOTS('',3,1,((#2805,#2806),(#2807,#2808),(#2809,
#2810),(#2811,#2812),(#2813,#2814)),.UNSPECIFIED.,.F.,.F.,.F.,(4,1,4),(2,
2),(-0.157930495414354,-0.078136643188655,0.),(0.,0.066),.UNSPECIFIED.);
#2072=B_SPLINE_SURFACE_WITH_KNOTS('',3,1,((#2830,#2831),(#2832,#2833),(#2834,
#2835),(#2836,#2837),(#2838,#2839)),.UNSPECIFIED.,.F.,.F.,.F.,(4,1,4),(2,
2),(-0.346684596116817,-0.138541975825829,0.),(0.,0.066),.UNSPECIFIED.);
#2073=B_SPLINE_SURFACE_WITH_KNOTS('',3,1,((#2855,#2856),(#2857,#2858),(#2859,
#2860),(#2861,#2862),(#2863,#2864)),.UNSPECIFIED.,.F.,.F.,.F.,(4,1,4),(2,
2),(-0.237851607460451,-0.104291668902067,0.),(0.,0.066),.UNSPECIFIED.);
#2074=B_SPLINE_SURFACE_WITH_KNOTS('',3,1,((#2883,#2884),(#2885,#2886),(#2887,
#2888),(#2889,#2890),(#2891,#2892)),.UNSPECIFIED.,.F.,.F.,.F.,(4,1,4),(2,
2),(-0.287268123801204,-0.159277782296877,0.),(0.,0.066),.UNSPECIFIED.);
#2075=B_SPLINE_SURFACE_WITH_KNOTS('',3,1,((#2908,#2909),(#2910,#2911),(#2912,
#2913),(#2914,#2915),(#2916,#2917)),.UNSPECIFIED.,.F.,.F.,.F.,(4,1,4),(2,
2),(-0.201062898627169,-0.105922758671558,0.),(0.,0.066),.UNSPECIFIED.);
#2076=B_SPLINE_SURFACE_WITH_KNOTS('',3,1,((#2932,#2933),(#2934,#2935),(#2936,
#2937),(#2938,#2939),(#2940,#2941)),.UNSPECIFIED.,.F.,.F.,.F.,(4,1,4),(2,
2),(-0.194113498533806,-0.0926770739647712,0.),(0.,0.066),.UNSPECIFIED.);
#2077=B_SPLINE_SURFACE_WITH_KNOTS('',3,1,((#2957,#2958),(#2959,#2960),(#2961,
#2962),(#2963,#2964),(#2965,#2966)),.UNSPECIFIED.,.F.,.F.,.F.,(4,1,4),(2,
2),(-0.256817342867918,-0.131669362589219,0.),(0.,0.066),.UNSPECIFIED.);
#2078=B_SPLINE_SURFACE_WITH_KNOTS('',3,1,((#2982,#2983),(#2984,#2985),(#2986,
#2987),(#2988,#2989),(#2990,#2991)),.UNSPECIFIED.,.F.,.F.,.F.,(4,1,4),(2,
2),(-0.423798123082955,-0.180044075966027,0.),(0.,0.066),.UNSPECIFIED.);
#2079=B_SPLINE_SURFACE_WITH_KNOTS('',3,1,((#3007,#3008),(#3009,#3010),(#3011,
#3012),(#3013,#3014),(#3015,#3016)),.UNSPECIFIED.,.F.,.F.,.F.,(4,1,4),(2,
2),(-0.335661121908885,-0.205570441855673,0.),(0.,0.066),.UNSPECIFIED.);
#2080=B_SPLINE_SURFACE_WITH_KNOTS('',3,1,((#3032,#3033),(#3034,#3035),(#3036,
#3037),(#3038,#3039),(#3040,#3041)),.UNSPECIFIED.,.F.,.F.,.F.,(4,1,4),(2,
2),(-0.16925064810175,-0.0887797039097937,0.),(0.,0.066),.UNSPECIFIED.);
#2081=B_SPLINE_SURFACE_WITH_KNOTS('',3,1,((#3056,#3057),(#3058,#3059),(#3060,
#3061),(#3062,#3063),(#3064,#3065)),.UNSPECIFIED.,.F.,.F.,.F.,(4,1,4),(2,
2),(-0.169448749761436,-0.0804926866743731,0.),(0.,0.066),.UNSPECIFIED.);
#2082=B_SPLINE_SURFACE_WITH_KNOTS('',3,1,((#3081,#3082),(#3083,#3084),(#3085,
#3086),(#3087,#3088),(#3089,#3090)),.UNSPECIFIED.,.F.,.F.,.F.,(4,1,4),(2,
2),(-0.335316243028855,-0.130171034435911,0.),(0.,0.066),.UNSPECIFIED.);
#2083=B_SPLINE_SURFACE_WITH_KNOTS('',3,1,((#3103,#3104),(#3105,#3106),(#3107,
#3108),(#3109,#3110),(#3111,#3112)),.UNSPECIFIED.,.F.,.F.,.F.,(4,1,4),(2,
2),(-0.288682140165076,-0.160304208813227,0.),(0.,0.066),.UNSPECIFIED.);
#2084=B_SPLINE_SURFACE_WITH_KNOTS('',3,1,((#3128,#3129),(#3130,#3131),(#3132,
#3133),(#3134,#3135),(#3136,#3137)),.UNSPECIFIED.,.F.,.F.,.F.,(4,1,4),(2,
2),(-0.200960170287891,-0.105954942234015,0.),(0.,0.066),.UNSPECIFIED.);
#2085=B_SPLINE_SURFACE_WITH_KNOTS('',3,1,((#3153,#3154),(#3155,#3156),(#3157,
#3158),(#3159,#3160),(#3161,#3162)),.UNSPECIFIED.,.F.,.F.,.F.,(4,1,4),(2,
2),(-0.19332291753735,-0.0924051099572599,0.),(0.,0.066),.UNSPECIFIED.);
#2086=B_SPLINE_SURFACE_WITH_KNOTS('',3,1,((#3178,#3179),(#3180,#3181),(#3182,
#3183),(#3184,#3185),(#3186,#3187)),.UNSPECIFIED.,.F.,.F.,.F.,(4,1,4),(2,
2),(-0.145986469391239,-0.0759788126199147,0.),(0.,0.066),.UNSPECIFIED.);
#2087=B_SPLINE_SURFACE_WITH_KNOTS('',3,1,((#3202,#3203),(#3204,#3205),(#3206,
#3207),(#3208,#3209),(#3210,#3211)),.UNSPECIFIED.,.F.,.F.,.F.,(4,1,4),(2,
2),(-0.138205594222864,-0.0680953743457991,0.),(0.,0.066),.UNSPECIFIED.);
#2088=B_SPLINE_SURFACE_WITH_KNOTS('',3,1,((#3227,#3228),(#3229,#3230),(#3231,
#3232),(#3233,#3234),(#3235,#3236)),.UNSPECIFIED.,.F.,.F.,.F.,(4,1,4),(2,
2),(-0.161664243438689,-0.0763514663705507,0.),(0.,0.066),.UNSPECIFIED.);
#2089=B_SPLINE_SURFACE_WITH_KNOTS('',3,1,((#3277,#3278),(#3279,#3280),(#3281,
#3282),(#3283,#3284),(#3285,#3286)),.UNSPECIFIED.,.F.,.F.,.F.,(4,1,4),(2,
2),(-0.175644753151832,-0.0937078073591707,0.),(0.,0.066),.UNSPECIFIED.);
#2090=B_SPLINE_SURFACE_WITH_KNOTS('',3,1,((#3305,#3306),(#3307,#3308),(#3309,
#3310),(#3311,#3312),(#3313,#3314)),.UNSPECIFIED.,.F.,.F.,.F.,(4,1,4),(2,
2),(-0.154984732871928,-0.076808049261306,0.),(0.,0.066),.UNSPECIFIED.);
#2091=B_SPLINE_SURFACE_WITH_KNOTS('',3,1,((#3330,#3331),(#3332,#3333),(#3334,
#3335),(#3336,#3337),(#3338,#3339)),.UNSPECIFIED.,.F.,.F.,.F.,(4,1,4),(2,
2),(-0.156684084825834,-0.078344062215565,0.),(0.,0.066),.UNSPECIFIED.);
#2092=B_SPLINE_SURFACE_WITH_KNOTS('',3,1,((#3355,#3356),(#3357,#3358),(#3359,
#3360),(#3361,#3362),(#3363,#3364)),.UNSPECIFIED.,.F.,.F.,.F.,(4,1,4),(2,
2),(-0.170302889802428,-0.0815431307010065,0.),(0.,0.066),.UNSPECIFIED.);
#2093=B_SPLINE_SURFACE_WITH_KNOTS('',3,1,((#3380,#3381),(#3382,#3383),(#3384,
#3385),(#3386,#3387),(#3388,#3389)),.UNSPECIFIED.,.F.,.F.,.F.,(4,1,4),(2,
2),(-0.180866980955023,-0.091373454671957,0.),(0.,0.066),.UNSPECIFIED.);
#2094=B_SPLINE_SURFACE_WITH_KNOTS('',3,1,((#3408,#3409),(#3410,#3411),(#3412,
#3413),(#3414,#3415),(#3416,#3417)),.UNSPECIFIED.,.F.,.F.,.F.,(4,1,4),(2,
2),(-0.168345404032202,-0.0861057172324904,0.),(0.,0.066),.UNSPECIFIED.);
#2095=B_SPLINE_SURFACE_WITH_KNOTS('',3,1,((#3433,#3434),(#3435,#3436),(#3437,
#3438),(#3439,#3440),(#3441,#3442)),.UNSPECIFIED.,.F.,.F.,.F.,(4,1,4),(2,
2),(-0.168230899914974,-0.0822907021385999,0.),(0.,0.066),.UNSPECIFIED.);
#2096=B_SPLINE_SURFACE_WITH_KNOTS('',3,1,((#3458,#3459),(#3460,#3461),(#3462,
#3463),(#3464,#3465),(#3466,#3467)),.UNSPECIFIED.,.F.,.F.,.F.,(4,1,4),(2,
2),(-0.281773672099526,-0.142154553877773,0.),(0.,0.066),.UNSPECIFIED.);
#2097=B_SPLINE_SURFACE_WITH_KNOTS('',3,1,((#3483,#3484),(#3485,#3486),(#3487,
#3488),(#3489,#3490),(#3491,#3492)),.UNSPECIFIED.,.F.,.F.,.F.,(4,1,4),(2,
2),(-0.390133003798081,-0.166190359187878,0.),(0.,0.066),.UNSPECIFIED.);
#2098=B_SPLINE_SURFACE_WITH_KNOTS('',3,1,((#3508,#3509),(#3510,#3511),(#3512,
#3513),(#3514,#3515),(#3516,#3517)),.UNSPECIFIED.,.F.,.F.,.F.,(4,1,4),(2,
2),(-0.440886914561352,-0.25176870872033,0.),(0.,0.066),.UNSPECIFIED.);
#2099=B_SPLINE_SURFACE_WITH_KNOTS('',3,1,((#3533,#3534),(#3535,#3536),(#3537,
#3538),(#3539,#3540),(#3541,#3542)),.UNSPECIFIED.,.F.,.F.,.F.,(4,1,4),(2,
2),(-0.284235570264951,-0.139322147553601,0.),(0.,0.066),.UNSPECIFIED.);
#2100=B_SPLINE_SURFACE_WITH_KNOTS('',3,1,((#3557,#3558),(#3559,#3560),(#3561,
#3562),(#3563,#3564),(#3565,#3566)),.UNSPECIFIED.,.F.,.F.,.F.,(4,1,4),(2,
2),(-0.207936375692887,-0.108616882611279,0.),(0.,0.066),.UNSPECIFIED.);
#2101=B_SPLINE_SURFACE_WITH_KNOTS('',3,1,((#3582,#3583),(#3584,#3585),(#3586,
#3587),(#3588,#3589),(#3590,#3591)),.UNSPECIFIED.,.F.,.F.,.F.,(4,1,4),(2,
2),(-0.207494633691154,-0.0992031408628976,0.),(0.,0.066),.UNSPECIFIED.);
#2102=B_SPLINE_SURFACE_WITH_KNOTS('',3,1,((#3607,#3608),(#3609,#3610),(#3611,
#3612),(#3613,#3614),(#3615,#3616)),.UNSPECIFIED.,.F.,.F.,.F.,(4,1,4),(2,
2),(-0.125129500111508,-0.0624380637810376,0.),(0.,0.066),.UNSPECIFIED.);
#2103=B_SPLINE_SURFACE_WITH_KNOTS('',3,1,((#3632,#3633),(#3634,#3635),(#3636,
#3637),(#3638,#3639),(#3640,#3641)),.UNSPECIFIED.,.F.,.F.,.F.,(4,1,4),(2,
2),(-0.117382242846435,-0.0604392176652559,0.),(0.,0.066),.UNSPECIFIED.);
#2104=B_SPLINE_SURFACE_WITH_KNOTS('',3,1,((#3657,#3658),(#3659,#3660),(#3661,
#3662),(#3663,#3664),(#3665,#3666)),.UNSPECIFIED.,.F.,.F.,.F.,(4,1,4),(2,
2),(-0.10716074251274,-0.054597792767397,0.),(0.,0.066),.UNSPECIFIED.);
#2105=B_SPLINE_SURFACE_WITH_KNOTS('',3,1,((#3682,#3683),(#3684,#3685),(#3686,
#3687),(#3688,#3689),(#3690,#3691)),.UNSPECIFIED.,.F.,.F.,.F.,(4,1,4),(2,
2),(-0.151345798592285,-0.073988145615315,0.),(0.,0.066),.UNSPECIFIED.);
#2106=B_SPLINE_SURFACE_WITH_KNOTS('',3,1,((#3707,#3708),(#3709,#3710),(#3711,
#3712),(#3713,#3714),(#3715,#3716)),.UNSPECIFIED.,.F.,.F.,.F.,(4,1,4),(2,
2),(-0.182602264146864,-0.085073437682712,0.),(0.,0.066),.UNSPECIFIED.);
#2107=B_SPLINE_SURFACE_WITH_KNOTS('',3,1,((#3734,#3735),(#3736,#3737),(#3738,
#3739),(#3740,#3741),(#3742,#3743)),.UNSPECIFIED.,.F.,.F.,.F.,(4,1,4),(2,
2),(-0.115726839187624,-0.065474538671605,0.),(0.,0.066),.UNSPECIFIED.);
#2108=B_SPLINE_SURFACE_WITH_KNOTS('',3,1,((#3759,#3760),(#3761,#3762),(#3763,
#3764),(#3765,#3766),(#3767,#3768)),.UNSPECIFIED.,.F.,.F.,.F.,(4,1,4),(2,
2),(-0.136596086308127,-0.0681353743506063,0.),(0.,0.066),.UNSPECIFIED.);
#2109=B_SPLINE_SURFACE_WITH_KNOTS('',3,1,((#3783,#3784),(#3785,#3786),(#3787,
#3788),(#3789,#3790),(#3791,#3792)),.UNSPECIFIED.,.F.,.F.,.F.,(4,1,4),(2,
2),(-0.109531945266645,-0.0556867360236698,0.),(0.,0.066),.UNSPECIFIED.);
#2110=B_SPLINE_SURFACE_WITH_KNOTS('',3,1,((#3808,#3809),(#3810,#3811),(#3812,
#3813),(#3814,#3815),(#3816,#3817)),.UNSPECIFIED.,.F.,.F.,.F.,(4,1,4),(2,
2),(-0.155110896087179,-0.0734359670534848,0.),(0.,0.066),.UNSPECIFIED.);
#2111=B_SPLINE_SURFACE_WITH_KNOTS('',3,1,((#3833,#3834),(#3835,#3836),(#3837,
#3838),(#3839,#3840),(#3841,#3842)),.UNSPECIFIED.,.F.,.F.,.F.,(4,1,4),(2,
2),(-0.2347999624559,-0.101624821942818,0.),(0.,0.066),.UNSPECIFIED.);
#2112=B_SPLINE_SURFACE_WITH_KNOTS('',3,1,((#3857,#3858),(#3859,#3860),(#3861,
#3862),(#3863,#3864),(#3865,#3866)),.UNSPECIFIED.,.F.,.F.,.F.,(4,1,4),(2,
2),(-0.148989785128732,-0.0767481310565701,0.),(0.,0.066),.UNSPECIFIED.);
#2113=B_SPLINE_SURFACE_WITH_KNOTS('',3,1,((#3882,#3883),(#3884,#3885),(#3886,
#3887),(#3888,#3889),(#3890,#3891)),.UNSPECIFIED.,.F.,.F.,.F.,(4,1,4),(2,
2),(-0.139307161768332,-0.0700969825177254,0.),(0.,0.066),.UNSPECIFIED.);
#2114=B_SPLINE_SURFACE_WITH_KNOTS('',3,1,((#3907,#3908),(#3909,#3910),(#3911,
#3912),(#3913,#3914),(#3915,#3916)),.UNSPECIFIED.,.F.,.F.,.F.,(4,1,4),(2,
2),(-0.232924761188189,-0.115883822206288,0.),(0.,0.066),.UNSPECIFIED.);
#2115=B_SPLINE_SURFACE_WITH_KNOTS('',3,1,((#3932,#3933),(#3934,#3935),(#3936,
#3937),(#3938,#3939),(#3940,#3941)),.UNSPECIFIED.,.F.,.F.,.F.,(4,1,4),(2,
2),(-0.253959073495295,-0.122151089898545,0.),(0.,0.066),.UNSPECIFIED.);
#2116=B_SPLINE_SURFACE_WITH_KNOTS('',3,1,((#3956,#3957),(#3958,#3959),(#3960,
#3961),(#3962,#3963),(#3964,#3965)),.UNSPECIFIED.,.F.,.F.,.F.,(4,1,4),(2,
2),(-0.175644753151832,-0.0937078073591707,0.),(0.,0.55),.UNSPECIFIED.);
#2117=B_SPLINE_SURFACE_WITH_KNOTS('',3,1,((#3984,#3985),(#3986,#3987),(#3988,
#3989),(#3990,#3991),(#3992,#3993)),.UNSPECIFIED.,.F.,.F.,.F.,(4,1,4),(2,
2),(-0.154984732871928,-0.076808049261306,0.),(0.,0.55),.UNSPECIFIED.);
#2118=B_SPLINE_SURFACE_WITH_KNOTS('',3,1,((#4009,#4010),(#4011,#4012),(#4013,
#4014),(#4015,#4016),(#4017,#4018)),.UNSPECIFIED.,.F.,.F.,.F.,(4,1,4),(2,
2),(-0.156684084825834,-0.078344062215565,0.),(0.,0.55),.UNSPECIFIED.);
#2119=B_SPLINE_SURFACE_WITH_KNOTS('',3,1,((#4034,#4035),(#4036,#4037),(#4038,
#4039),(#4040,#4041),(#4042,#4043)),.UNSPECIFIED.,.F.,.F.,.F.,(4,1,4),(2,
2),(-0.170302889802428,-0.0815431307010065,0.),(0.,0.55),.UNSPECIFIED.);
#2120=B_SPLINE_SURFACE_WITH_KNOTS('',3,1,((#4059,#4060),(#4061,#4062),(#4063,
#4064),(#4065,#4066),(#4067,#4068)),.UNSPECIFIED.,.F.,.F.,.F.,(4,1,4),(2,
2),(-0.125129500111508,-0.0624380637810376,0.),(0.,0.55),.UNSPECIFIED.);
#2121=B_SPLINE_SURFACE_WITH_KNOTS('',3,1,((#4084,#4085),(#4086,#4087),(#4088,
#4089),(#4090,#4091),(#4092,#4093)),.UNSPECIFIED.,.F.,.F.,.F.,(4,1,4),(2,
2),(-0.117382242846435,-0.0604392176652559,0.),(0.,0.55),.UNSPECIFIED.);
#2122=B_SPLINE_SURFACE_WITH_KNOTS('',3,1,((#4109,#4110),(#4111,#4112),(#4113,
#4114),(#4115,#4116),(#4117,#4118)),.UNSPECIFIED.,.F.,.F.,.F.,(4,1,4),(2,
2),(-0.10716074251274,-0.054597792767397,0.),(0.,0.55),.UNSPECIFIED.);
#2123=B_SPLINE_SURFACE_WITH_KNOTS('',3,1,((#4134,#4135),(#4136,#4137),(#4138,
#4139),(#4140,#4141),(#4142,#4143)),.UNSPECIFIED.,.F.,.F.,.F.,(4,1,4),(2,
2),(-0.151345798592285,-0.073988145615315,0.),(0.,0.55),.UNSPECIFIED.);
#2124=B_SPLINE_SURFACE_WITH_KNOTS('',3,1,((#4159,#4160),(#4161,#4162),(#4163,
#4164),(#4165,#4166),(#4167,#4168)),.UNSPECIFIED.,.F.,.F.,.F.,(4,1,4),(2,
2),(-0.182602264146864,-0.085073437682712,0.),(0.,0.55),.UNSPECIFIED.);
#2125=B_SPLINE_SURFACE_WITH_KNOTS('',3,1,((#4679,#4680),(#4681,#4682),(#4683,
#4684),(#4685,#4686),(#4687,#4688)),.UNSPECIFIED.,.F.,.F.,.F.,(4,1,4),(2,
2),(-0.253959073495295,-0.122151089898545,0.),(0.,0.55),.UNSPECIFIED.);
#2126=B_SPLINE_SURFACE_WITH_KNOTS('',3,1,((#4691,#4692),(#4693,#4694),(#4695,
#4696),(#4697,#4698),(#4699,#4700)),.UNSPECIFIED.,.F.,.F.,.F.,(4,1,4),(2,
2),(-0.232924761188189,-0.115883822206288,0.),(0.,0.55),.UNSPECIFIED.);
#2127=B_SPLINE_SURFACE_WITH_KNOTS('',3,1,((#4702,#4703),(#4704,#4705),(#4706,
#4707),(#4708,#4709),(#4710,#4711)),.UNSPECIFIED.,.F.,.F.,.F.,(4,1,4),(2,
2),(-0.139307161768332,-0.0700969825177254,0.),(0.,0.55),.UNSPECIFIED.);
#2128=B_SPLINE_SURFACE_WITH_KNOTS('',3,1,((#4713,#4714),(#4715,#4716),(#4717,
#4718),(#4719,#4720),(#4721,#4722)),.UNSPECIFIED.,.F.,.F.,.F.,(4,1,4),(2,
2),(-0.148989785128732,-0.0767481310565701,0.),(0.,0.55),.UNSPECIFIED.);
#2129=B_SPLINE_SURFACE_WITH_KNOTS('',3,1,((#4724,#4725),(#4726,#4727),(#4728,
#4729),(#4730,#4731),(#4732,#4733)),.UNSPECIFIED.,.F.,.F.,.F.,(4,1,4),(2,
2),(-0.2347999624559,-0.101624821942818,0.),(0.,0.55),.UNSPECIFIED.);
#2130=B_SPLINE_SURFACE_WITH_KNOTS('',3,1,((#4735,#4736),(#4737,#4738),(#4739,
#4740),(#4741,#4742),(#4743,#4744)),.UNSPECIFIED.,.F.,.F.,.F.,(4,1,4),(2,
2),(-0.155110896087179,-0.0734359670534848,0.),(0.,0.55),.UNSPECIFIED.);
#2131=B_SPLINE_SURFACE_WITH_KNOTS('',3,1,((#4746,#4747),(#4748,#4749),(#4750,
#4751),(#4752,#4753),(#4754,#4755)),.UNSPECIFIED.,.F.,.F.,.F.,(4,1,4),(2,
2),(-0.109531945266645,-0.0556867360236698,0.),(0.,0.55),.UNSPECIFIED.);
#2132=B_SPLINE_SURFACE_WITH_KNOTS('',3,1,((#4757,#4758),(#4759,#4760),(#4761,
#4762),(#4763,#4764),(#4765,#4766)),.UNSPECIFIED.,.F.,.F.,.F.,(4,1,4),(2,
2),(-0.136596086308127,-0.0681353743506063,0.),(0.,0.55),.UNSPECIFIED.);
#2133=B_SPLINE_SURFACE_WITH_KNOTS('',3,1,((#4768,#4769),(#4770,#4771),(#4772,
#4773),(#4774,#4775),(#4776,#4777)),.UNSPECIFIED.,.F.,.F.,.F.,(4,1,4),(2,
2),(-0.115726839187624,-0.065474538671605,0.),(0.,0.55),.UNSPECIFIED.);
#2134=B_SPLINE_SURFACE_WITH_KNOTS('',3,1,((#4781,#4782),(#4783,#4784),(#4785,
#4786),(#4787,#4788),(#4789,#4790)),.UNSPECIFIED.,.F.,.F.,.F.,(4,1,4),(2,
2),(-0.207494633691154,-0.0992031408628976,0.),(0.,0.55),.UNSPECIFIED.);
#2135=B_SPLINE_SURFACE_WITH_KNOTS('',3,1,((#4792,#4793),(#4794,#4795),(#4796,
#4797),(#4798,#4799),(#4800,#4801)),.UNSPECIFIED.,.F.,.F.,.F.,(4,1,4),(2,
2),(-0.207936375692887,-0.108616882611279,0.),(0.,0.55),.UNSPECIFIED.);
#2136=B_SPLINE_SURFACE_WITH_KNOTS('',3,1,((#4803,#4804),(#4805,#4806),(#4807,
#4808),(#4809,#4810),(#4811,#4812)),.UNSPECIFIED.,.F.,.F.,.F.,(4,1,4),(2,
2),(-0.284235570264951,-0.139322147553601,0.),(0.,0.55),.UNSPECIFIED.);
#2137=B_SPLINE_SURFACE_WITH_KNOTS('',3,1,((#4814,#4815),(#4816,#4817),(#4818,
#4819),(#4820,#4821),(#4822,#4823)),.UNSPECIFIED.,.F.,.F.,.F.,(4,1,4),(2,
2),(-0.440886914561352,-0.25176870872033,0.),(0.,0.55),.UNSPECIFIED.);
#2138=B_SPLINE_SURFACE_WITH_KNOTS('',3,1,((#4825,#4826),(#4827,#4828),(#4829,
#4830),(#4831,#4832),(#4833,#4834)),.UNSPECIFIED.,.F.,.F.,.F.,(4,1,4),(2,
2),(-0.390133003798081,-0.166190359187878,0.),(0.,0.55),.UNSPECIFIED.);
#2139=B_SPLINE_SURFACE_WITH_KNOTS('',3,1,((#4836,#4837),(#4838,#4839),(#4840,
#4841),(#4842,#4843),(#4844,#4845)),.UNSPECIFIED.,.F.,.F.,.F.,(4,1,4),(2,
2),(-0.281773672099526,-0.142154553877773,0.),(0.,0.55),.UNSPECIFIED.);
#2140=B_SPLINE_SURFACE_WITH_KNOTS('',3,1,((#4847,#4848),(#4849,#4850),(#4851,
#4852),(#4853,#4854),(#4855,#4856)),.UNSPECIFIED.,.F.,.F.,.F.,(4,1,4),(2,
2),(-0.168230899914974,-0.0822907021385999,0.),(0.,0.55),.UNSPECIFIED.);
#2141=B_SPLINE_SURFACE_WITH_KNOTS('',3,1,((#4858,#4859),(#4860,#4861),(#4862,
#4863),(#4864,#4865),(#4866,#4867)),.UNSPECIFIED.,.F.,.F.,.F.,(4,1,4),(2,
2),(-0.168345404032202,-0.0861057172324904,0.),(0.,0.55),.UNSPECIFIED.);
#2142=B_SPLINE_SURFACE_WITH_KNOTS('',3,1,((#4869,#4870),(#4871,#4872),(#4873,
#4874),(#4875,#4876),(#4877,#4878)),.UNSPECIFIED.,.F.,.F.,.F.,(4,1,4),(2,
2),(-0.180866980955023,-0.091373454671957,0.),(0.,0.55),.UNSPECIFIED.);
#2143=B_SPLINE_SURFACE_WITH_KNOTS('',3,1,((#4887,#4888),(#4889,#4890),(#4891,
#4892),(#4893,#4894),(#4895,#4896)),.UNSPECIFIED.,.F.,.F.,.F.,(4,1,4),(2,
2),(-0.161664243438689,-0.0763514663705507,0.),(0.,0.55),.UNSPECIFIED.);
#2144=B_SPLINE_SURFACE_WITH_KNOTS('',3,1,((#4899,#4900),(#4901,#4902),(#4903,
#4904),(#4905,#4906),(#4907,#4908)),.UNSPECIFIED.,.F.,.F.,.F.,(4,1,4),(2,
2),(-0.138205594222864,-0.0680953743457991,0.),(0.,0.55),.UNSPECIFIED.);
#2145=B_SPLINE_SURFACE_WITH_KNOTS('',3,1,((#4910,#4911),(#4912,#4913),(#4914,
#4915),(#4916,#4917),(#4918,#4919)),.UNSPECIFIED.,.F.,.F.,.F.,(4,1,4),(2,
2),(-0.145986469391239,-0.0759788126199147,0.),(0.,0.55),.UNSPECIFIED.);
#2146=B_SPLINE_SURFACE_WITH_KNOTS('',3,1,((#4921,#4922),(#4923,#4924),(#4925,
#4926),(#4927,#4928),(#4929,#4930)),.UNSPECIFIED.,.F.,.F.,.F.,(4,1,4),(2,
2),(-0.19332291753735,-0.0924051099572599,0.),(0.,0.55),.UNSPECIFIED.);
#2147=B_SPLINE_SURFACE_WITH_KNOTS('',3,1,((#4932,#4933),(#4934,#4935),(#4936,
#4937),(#4938,#4939),(#4940,#4941)),.UNSPECIFIED.,.F.,.F.,.F.,(4,1,4),(2,
2),(-0.200960170287891,-0.105954942234015,0.),(0.,0.55),.UNSPECIFIED.);
#2148=B_SPLINE_SURFACE_WITH_KNOTS('',3,1,((#4943,#4944),(#4945,#4946),(#4947,
#4948),(#4949,#4950),(#4951,#4952)),.UNSPECIFIED.,.F.,.F.,.F.,(4,1,4),(2,
2),(-0.288682140165076,-0.160304208813227,0.),(0.,0.55),.UNSPECIFIED.);
#2149=B_SPLINE_SURFACE_WITH_KNOTS('',3,1,((#4954,#4955),(#4956,#4957),(#4958,
#4959),(#4960,#4961),(#4962,#4963)),.UNSPECIFIED.,.F.,.F.,.F.,(4,1,4),(2,
2),(-0.423798123082955,-0.180044075966027,0.),(0.,0.55),.UNSPECIFIED.);
#2150=B_SPLINE_SURFACE_WITH_KNOTS('',3,1,((#4965,#4966),(#4967,#4968),(#4969,
#4970),(#4971,#4972),(#4973,#4974)),.UNSPECIFIED.,.F.,.F.,.F.,(4,1,4),(2,
2),(-0.256817342867918,-0.131669362589219,0.),(0.,0.55),.UNSPECIFIED.);
#2151=B_SPLINE_SURFACE_WITH_KNOTS('',3,1,((#4976,#4977),(#4978,#4979),(#4980,
#4981),(#4982,#4983),(#4984,#4985)),.UNSPECIFIED.,.F.,.F.,.F.,(4,1,4),(2,
2),(-0.194113498533806,-0.0926770739647712,0.),(0.,0.55),.UNSPECIFIED.);
#2152=B_SPLINE_SURFACE_WITH_KNOTS('',3,1,((#4987,#4988),(#4989,#4990),(#4991,
#4992),(#4993,#4994),(#4995,#4996)),.UNSPECIFIED.,.F.,.F.,.F.,(4,1,4),(2,
2),(-0.201062898627169,-0.105922758671558,0.),(0.,0.55),.UNSPECIFIED.);
#2153=B_SPLINE_SURFACE_WITH_KNOTS('',3,1,((#4998,#4999),(#5000,#5001),(#5002,
#5003),(#5004,#5005),(#5006,#5007)),.UNSPECIFIED.,.F.,.F.,.F.,(4,1,4),(2,
2),(-0.287268123801204,-0.159277782296877,0.),(0.,0.55),.UNSPECIFIED.);
#2154=B_SPLINE_SURFACE_WITH_KNOTS('',3,1,((#5009,#5010),(#5011,#5012),(#5013,
#5014),(#5015,#5016),(#5017,#5018)),.UNSPECIFIED.,.F.,.F.,.F.,(4,1,4),(2,
2),(-0.237851607460451,-0.104291668902067,0.),(0.,0.55),.UNSPECIFIED.);
#2155=ADVANCED_FACE('',(#70),#2061,.F.);
#2156=ADVANCED_FACE('',(#71),#2062,.F.);
#2157=ADVANCED_FACE('',(#72),#2063,.F.);
#2158=ADVANCED_FACE('',(#73),#2064,.F.);
#2159=ADVANCED_FACE('',(#74),#2065,.F.);
#2160=ADVANCED_FACE('',(#75),#2066,.F.);
#2161=ADVANCED_FACE('',(#76),#2067,.F.);
#2162=ADVANCED_FACE('',(#77),#2068,.F.);
#2163=ADVANCED_FACE('',(#78),#40,.T.);
#2164=ADVANCED_FACE('',(#79),#41,.F.);
#2165=ADVANCED_FACE('',(#80),#2069,.T.);
#2166=ADVANCED_FACE('',(#81),#2070,.T.);
#2167=ADVANCED_FACE('',(#82),#2071,.T.);
#2168=ADVANCED_FACE('',(#83),#2072,.T.);
#2169=ADVANCED_FACE('',(#84),#2073,.T.);
#2170=ADVANCED_FACE('',(#85),#2074,.T.);
#2171=ADVANCED_FACE('',(#86),#2075,.T.);
#2172=ADVANCED_FACE('',(#87),#2076,.T.);
#2173=ADVANCED_FACE('',(#88),#2077,.T.);
#2174=ADVANCED_FACE('',(#89),#2078,.T.);
#2175=ADVANCED_FACE('',(#90),#2079,.T.);
#2176=ADVANCED_FACE('',(#91),#2080,.T.);
#2177=ADVANCED_FACE('',(#92),#2081,.T.);
#2178=ADVANCED_FACE('',(#93),#2082,.T.);
#2179=ADVANCED_FACE('',(#94),#2083,.T.);
#2180=ADVANCED_FACE('',(#95),#2084,.T.);
#2181=ADVANCED_FACE('',(#96),#2085,.T.);
#2182=ADVANCED_FACE('',(#97),#2086,.T.);
#2183=ADVANCED_FACE('',(#98),#2087,.T.);
#2184=ADVANCED_FACE('',(#99),#2088,.T.);
#2185=ADVANCED_FACE('',(#100,#16),#42,.F.);
#2186=ADVANCED_FACE('',(#101,#17),#43,.T.);
#2187=ADVANCED_FACE('',(#102),#44,.T.);
#2188=ADVANCED_FACE('',(#103),#45,.T.);
#2189=ADVANCED_FACE('',(#104),#46,.T.);
#2190=ADVANCED_FACE('',(#105),#47,.T.);
#2191=ADVANCED_FACE('',(#106),#48,.F.);
#2192=ADVANCED_FACE('',(#107),#49,.T.);
#2193=ADVANCED_FACE('',(#108),#2089,.T.);
#2194=ADVANCED_FACE('',(#109),#2090,.T.);
#2195=ADVANCED_FACE('',(#110),#2091,.T.);
#2196=ADVANCED_FACE('',(#111),#2092,.T.);
#2197=ADVANCED_FACE('',(#112),#2093,.T.);
#2198=ADVANCED_FACE('',(#113),#2094,.T.);
#2199=ADVANCED_FACE('',(#114),#2095,.T.);
#2200=ADVANCED_FACE('',(#115),#2096,.T.);
#2201=ADVANCED_FACE('',(#116),#2097,.T.);
#2202=ADVANCED_FACE('',(#117),#2098,.T.);
#2203=ADVANCED_FACE('',(#118),#2099,.T.);
#2204=ADVANCED_FACE('',(#119),#2100,.T.);
#2205=ADVANCED_FACE('',(#120),#2101,.T.);
#2206=ADVANCED_FACE('',(#121),#2102,.T.);
#2207=ADVANCED_FACE('',(#122),#2103,.T.);
#2208=ADVANCED_FACE('',(#123),#2104,.T.);
#2209=ADVANCED_FACE('',(#124),#2105,.T.);
#2210=ADVANCED_FACE('',(#125),#2106,.T.);
#2211=ADVANCED_FACE('',(#126),#50,.T.);
#2212=ADVANCED_FACE('',(#127),#2107,.T.);
#2213=ADVANCED_FACE('',(#128),#2108,.T.);
#2214=ADVANCED_FACE('',(#129),#2109,.T.);
#2215=ADVANCED_FACE('',(#130),#2110,.T.);
#2216=ADVANCED_FACE('',(#131),#2111,.T.);
#2217=ADVANCED_FACE('',(#132),#2112,.T.);
#2218=ADVANCED_FACE('',(#133),#2113,.T.);
#2219=ADVANCED_FACE('',(#134),#2114,.T.);
#2220=ADVANCED_FACE('',(#135),#2115,.T.);
#2221=ADVANCED_FACE('',(#136,#18),#51,.F.);
#2222=ADVANCED_FACE('',(#137,#19),#52,.T.);
#2223=ADVANCED_FACE('',(#138),#2116,.F.);
#2224=ADVANCED_FACE('',(#139),#2117,.F.);
#2225=ADVANCED_FACE('',(#140),#2118,.F.);
#2226=ADVANCED_FACE('',(#141),#2119,.F.);
#2227=ADVANCED_FACE('',(#142),#2120,.F.);
#2228=ADVANCED_FACE('',(#143),#2121,.F.);
#2229=ADVANCED_FACE('',(#144),#2122,.F.);
#2230=ADVANCED_FACE('',(#145),#2123,.F.);
#2231=ADVANCED_FACE('',(#146),#2124,.F.);
#2232=ADVANCED_FACE('',(#147),#53,.T.);
#2233=ADVANCED_FACE('',(#148),#54,.F.);
#2234=ADVANCED_FACE('',(#149),#55,.T.);
#2235=ADVANCED_FACE('',(#150),#56,.T.);
#2236=ADVANCED_FACE('',(#151),#57,.T.);
#2237=ADVANCED_FACE('',(#152),#58,.T.);
#2238=ADVANCED_FACE('',(#153),#59,.T.);
#2239=ADVANCED_FACE('',(#154,#20),#60,.T.);
#2240=ADVANCED_FACE('',(#155),#61,.T.);
#2241=ADVANCED_FACE('',(#156),#13,.F.);
#2242=ADVANCED_FACE('',(#157),#62,.T.);
#2243=ADVANCED_FACE('',(#158,#21,#22,#23,#24),#63,.F.);
#2244=ADVANCED_FACE('',(#159,#25,#26,#27),#64,.T.);
#2245=ADVANCED_FACE('',(#160),#2125,.F.);
#2246=ADVANCED_FACE('',(#161),#2126,.F.);
#2247=ADVANCED_FACE('',(#162),#2127,.F.);
#2248=ADVANCED_FACE('',(#163),#2128,.F.);
#2249=ADVANCED_FACE('',(#164),#2129,.F.);
#2250=ADVANCED_FACE('',(#165),#2130,.F.);
#2251=ADVANCED_FACE('',(#166),#2131,.F.);
#2252=ADVANCED_FACE('',(#167),#2132,.F.);
#2253=ADVANCED_FACE('',(#168),#2133,.F.);
#2254=ADVANCED_FACE('',(#169),#65,.F.);
#2255=ADVANCED_FACE('',(#170),#2134,.F.);
#2256=ADVANCED_FACE('',(#171),#2135,.F.);
#2257=ADVANCED_FACE('',(#172),#2136,.F.);
#2258=ADVANCED_FACE('',(#173),#2137,.F.);
#2259=ADVANCED_FACE('',(#174),#2138,.F.);
#2260=ADVANCED_FACE('',(#175),#2139,.F.);
#2261=ADVANCED_FACE('',(#176),#2140,.F.);
#2262=ADVANCED_FACE('',(#177),#2141,.F.);
#2263=ADVANCED_FACE('',(#178),#2142,.F.);
#2264=ADVANCED_FACE('',(#179),#66,.F.);
#2265=ADVANCED_FACE('',(#180),#67,.F.);
#2266=ADVANCED_FACE('',(#181),#68,.F.);
#2267=ADVANCED_FACE('',(#182),#69,.F.);
#2268=ADVANCED_FACE('',(#183),#2143,.F.);
#2269=ADVANCED_FACE('',(#184),#2144,.F.);
#2270=ADVANCED_FACE('',(#185),#2145,.F.);
#2271=ADVANCED_FACE('',(#186),#2146,.F.);
#2272=ADVANCED_FACE('',(#187),#2147,.F.);
#2273=ADVANCED_FACE('',(#188),#2148,.F.);
#2274=ADVANCED_FACE('',(#189),#2149,.F.);
#2275=ADVANCED_FACE('',(#190),#2150,.F.);
#2276=ADVANCED_FACE('',(#191),#2151,.F.);
#2277=ADVANCED_FACE('',(#192),#2152,.F.);
#2278=ADVANCED_FACE('',(#193),#2153,.F.);
#2279=ADVANCED_FACE('',(#194),#2154,.F.);
#2280=CLOSED_SHELL('',(#2155,#2156,#2157,#2158,#2159,#2160,#2161,#2162,
#2163,#2164));
#2281=CLOSED_SHELL('',(#2165,#2166,#2167,#2168,#2169,#2170,#2171,#2172,
#2173,#2174,#2175,#2176,#2177,#2178,#2179,#2180,#2181,#2182,#2183,#2184,
#2185,#2186));
#2282=CLOSED_SHELL('',(#2187,#2188,#2189,#2190,#2191,#2192));
#2283=CLOSED_SHELL('',(#2193,#2194,#2195,#2196,#2197,#2198,#2199,#2200,
#2201,#2202,#2203,#2204,#2205,#2206,#2207,#2208,#2209,#2210,#2211,#2212,
#2213,#2214,#2215,#2216,#2217,#2218,#2219,#2220,#2221,#2222));
#2284=CLOSED_SHELL('',(#2223,#2224,#2225,#2226,#2227,#2228,#2229,#2230,
#2231,#2232,#2233));
#2285=CLOSED_SHELL('',(#2234,#2235,#2236,#2237,#2238,#2239,#2240,#2241,
#2242,#2243,#2244,#2245,#2246,#2247,#2248,#2249,#2250,#2251,#2252,#2253,
#2254,#2255,#2256,#2257,#2258,#2259,#2260,#2261,#2262,#2263,#2264,#2265,
#2266,#2267,#2268,#2269,#2270,#2271,#2272,#2273,#2274,#2275,#2276,#2277,
#2278,#2279));
#2286=DERIVED_UNIT_ELEMENT(#2288,1.);
#2287=DERIVED_UNIT_ELEMENT(#5024,-3.);
#2288=(
MASS_UNIT()
NAMED_UNIT(*)
SI_UNIT(.KILO.,.GRAM.)
);
#2289=DERIVED_UNIT((#2286,#2287));
#2290=MEASURE_REPRESENTATION_ITEM('density measure',
POSITIVE_RATIO_MEASURE(7850.),#2289);
#2291=PROPERTY_DEFINITION_REPRESENTATION(#2296,#2293);
#2292=PROPERTY_DEFINITION_REPRESENTATION(#2297,#2294);
#2293=REPRESENTATION('material name',(#2295),#5021);
#2294=REPRESENTATION('density',(#2290),#5021);
#2295=DESCRIPTIVE_REPRESENTATION_ITEM('Acciaio','Acciaio');
#2296=PROPERTY_DEFINITION('material property','material name',#5031);
#2297=PROPERTY_DEFINITION('material property','density of part',#5031);
#2298=AXIS2_PLACEMENT_3D('',#2549,#2332,#2333);
#2299=AXIS2_PLACEMENT_3D('',#2750,#2342,#2343);
#2300=AXIS2_PLACEMENT_3D('',#2751,#2344,#2345);
#2301=AXIS2_PLACEMENT_3D('',#3249,#2366,#2367);
#2302=AXIS2_PLACEMENT_3D('',#3250,#2368,#2369);
#2303=AXIS2_PLACEMENT_3D('',#3251,#2370,#2371);
#2304=AXIS2_PLACEMENT_3D('',#3260,#2376,#2377);
#2305=AXIS2_PLACEMENT_3D('',#3266,#2381,#2382);
#2306=AXIS2_PLACEMENT_3D('',#3272,#2386,#2387);
#2307=AXIS2_PLACEMENT_3D('',#3275,#2390,#2391);
#2308=AXIS2_PLACEMENT_3D('',#3276,#2392,#2393);
#2309=AXIS2_PLACEMENT_3D('',#3728,#2413,#2414);
#2310=AXIS2_PLACEMENT_3D('',#3954,#2426,#2427);
#2311=AXIS2_PLACEMENT_3D('',#3955,#2428,#2429);
#2312=AXIS2_PLACEMENT_3D('',#4181,#2439,#2440);
#2313=AXIS2_PLACEMENT_3D('',#4182,#2441,#2442);
#2314=AXIS2_PLACEMENT_3D('',#4183,#2443,#2444);
#2315=AXIS2_PLACEMENT_3D('',#4192,#2449,#2450);
#2316=AXIS2_PLACEMENT_3D('',#4206,#2458,#2459);
#2317=AXIS2_PLACEMENT_3D('',#4210,#2462,#2463);
#2318=AXIS2_PLACEMENT_3D('',#4222,#2470,#2471);
#2319=AXIS2_PLACEMENT_3D('',#4224,#2473,#2474);
#2320=AXIS2_PLACEMENT_3D('',#4228,#2477,#2478);
#2321=AXIS2_PLACEMENT_3D('',#4229,#2479,#2480);
#2322=AXIS2_PLACEMENT_3D('',#4231,#2482,#2483);
#2323=AXIS2_PLACEMENT_3D('',#4234,#2485,#2486);
#2324=AXIS2_PLACEMENT_3D('',#4235,#2487,#2488);
#2325=AXIS2_PLACEMENT_3D('',#4237,#2490,#2491);
#2326=AXIS2_PLACEMENT_3D('',#4428,#2497,#2498);
#2327=AXIS2_PLACEMENT_3D('',#4779,#2514,#2515);
#2328=AXIS2_PLACEMENT_3D('',#4879,#2525,#2526);
#2329=AXIS2_PLACEMENT_3D('',#4882,#2529,#2530);
#2330=AXIS2_PLACEMENT_3D('',#4884,#2532,#2533);
#2331=AXIS2_PLACEMENT_3D('',#4886,#2535,#2536);
#2332=DIRECTION('axis',(0.,0.,1.));
#2333=DIRECTION('refdir',(1.,0.,0.));
#2334=DIRECTION('',(0.,0.,1.));
#2335=DIRECTION('',(0.,0.,1.));
#2336=DIRECTION('',(0.,0.,1.));
#2337=DIRECTION('',(0.,0.,1.));
#2338=DIRECTION('',(0.,0.,1.));
#2339=DIRECTION('',(0.,0.,1.));
#2340=DIRECTION('',(0.,0.,1.));
#2341=DIRECTION('',(0.,0.,1.));
#2342=DIRECTION('center_axis',(0.,0.,1.));
#2343=DIRECTION('ref_axis',(1.,0.,0.));
#2344=DIRECTION('center_axis',(0.,0.,1.));
#2345=DIRECTION('ref_axis',(1.,0.,0.));
#2346=DIRECTION('',(0.,0.,1.));
#2347=DIRECTION('',(0.,0.,1.));
#2348=DIRECTION('',(0.,0.,1.));
#2349=DIRECTION('',(0.,0.,1.));
#2350=DIRECTION('',(0.,0.,1.));
#2351=DIRECTION('',(0.,0.,1.));
#2352=DIRECTION('',(0.,0.,1.));
#2353=DIRECTION('',(0.,0.,1.));
#2354=DIRECTION('',(0.,0.,1.));
#2355=DIRECTION('',(0.,0.,1.));
#2356=DIRECTION('',(0.,0.,1.));
#2357=DIRECTION('',(0.,0.,1.));
#2358=DIRECTION('',(0.,0.,1.));
#2359=DIRECTION('',(0.,0.,1.));
#2360=DIRECTION('',(0.,0.,1.));
#2361=DIRECTION('',(0.,0.,1.));
#2362=DIRECTION('',(0.,0.,1.));
#2363=DIRECTION('',(0.,0.,1.));
#2364=DIRECTION('',(0.,0.,1.));
#2365=DIRECTION('',(0.,0.,1.));
#2366=DIRECTION('center_axis',(0.,0.,1.));
#2367=DIRECTION('ref_axis',(1.,0.,0.));
#2368=DIRECTION('center_axis',(0.,0.,1.));
#2369=DIRECTION('ref_axis',(1.,0.,0.));
#2370=DIRECTION('center_axis',(0.99995837111372,-0.00912447475729191,0.));
#2371=DIRECTION('ref_axis',(0.00912447475729191,0.99995837111372,0.));
#2372=DIRECTION('',(-0.00912447475729191,-0.99995837111372,0.));
#2373=DIRECTION('',(0.,0.,1.));
#2374=DIRECTION('',(-0.00912447475729191,-0.99995837111372,0.));
#2375=DIRECTION('',(0.,0.,1.));
#2376=DIRECTION('center_axis',(-0.00912447475729355,-0.99995837111372,0.));
#2377=DIRECTION('ref_axis',(0.99995837111372,-0.00912447475729355,0.));
#2378=DIRECTION('',(-0.99995837111372,0.00912447475729355,0.));
#2379=DIRECTION('',(0.,0.,1.));
#2380=DIRECTION('',(-0.99995837111372,0.00912447475729355,0.));
#2381=DIRECTION('center_axis',(-0.99995837111372,0.00912447475729191,0.));
#2382=DIRECTION('ref_axis',(-0.00912447475729191,-0.99995837111372,0.));
#2383=DIRECTION('',(0.00912447475729191,0.99995837111372,0.));
#2384=DIRECTION('',(0.,0.,1.));
#2385=DIRECTION('',(0.00912447475729191,0.99995837111372,0.));
#2386=DIRECTION('center_axis',(0.00912447475729349,0.99995837111372,0.));
#2387=DIRECTION('ref_axis',(-0.99995837111372,0.00912447475729349,0.));
#2388=DIRECTION('',(0.99995837111372,-0.00912447475729349,0.));
#2389=DIRECTION('',(0.99995837111372,-0.00912447475729349,0.));
#2390=DIRECTION('center_axis',(0.,0.,1.));
#2391=DIRECTION('ref_axis',(1.,0.,0.));
#2392=DIRECTION('center_axis',(0.,0.,1.));
#2393=DIRECTION('ref_axis',(1.,0.,0.));
#2394=DIRECTION('',(0.,0.,1.));
#2395=DIRECTION('',(0.,0.,1.));
#2396=DIRECTION('',(0.,0.,1.));
#2397=DIRECTION('',(0.,0.,1.));
#2398=DIRECTION('',(0.,0.,1.));
#2399=DIRECTION('',(0.,0.,1.));
#2400=DIRECTION('',(0.,0.,1.));
#2401=DIRECTION('',(0.,0.,1.));
#2402=DIRECTION('',(0.,0.,1.));
#2403=DIRECTION('',(0.,0.,1.));
#2404=DIRECTION('',(0.,0.,1.));
#2405=DIRECTION('',(0.,0.,1.));
#2406=DIRECTION('',(0.,0.,1.));
#2407=DIRECTION('',(0.,0.,1.));
#2408=DIRECTION('',(0.,0.,1.));
#2409=DIRECTION('',(0.,0.,1.));
#2410=DIRECTION('',(0.,0.,1.));
#2411=DIRECTION('',(0.,0.,1.));
#2412=DIRECTION('',(0.,0.,1.));
#2413=DIRECTION('center_axis',(0.068874199287577,-0.997625352861732,0.));
#2414=DIRECTION('ref_axis',(0.997625352861732,0.068874199287577,0.));
#2415=DIRECTION('',(-0.997625352861732,-0.068874199287577,0.));
#2416=DIRECTION('',(0.,0.,1.));
#2417=DIRECTION('',(-0.997625352861732,-0.068874199287577,0.));
#2418=DIRECTION('',(0.,0.,1.));
#2419=DIRECTION('',(0.,0.,1.));
#2420=DIRECTION('',(0.,0.,1.));
#2421=DIRECTION('',(0.,0.,1.));
#2422=DIRECTION('',(0.,0.,1.));
#2423=DIRECTION('',(0.,0.,1.));
#2424=DIRECTION('',(0.,0.,1.));
#2425=DIRECTION('',(0.,0.,1.));
#2426=DIRECTION('center_axis',(0.,0.,1.));
#2427=DIRECTION('ref_axis',(1.,0.,0.));
#2428=DIRECTION('center_axis',(0.,0.,1.));
#2429=DIRECTION('ref_axis',(1.,0.,0.));
#2430=DIRECTION('',(0.,0.,1.));
#2431=DIRECTION('',(0.,0.,1.));
#2432=DIRECTION('',(0.,0.,1.));
#2433=DIRECTION('',(0.,0.,1.));
#2434=DIRECTION('',(0.,0.,1.));
#2435=DIRECTION('',(0.,0.,1.));
#2436=DIRECTION('',(0.,0.,1.));
#2437=DIRECTION('',(0.,0.,1.));
#2438=DIRECTION('',(0.,0.,1.));
#2439=DIRECTION('center_axis',(0.,0.,1.));
#2440=DIRECTION('ref_axis',(1.,0.,0.));
#2441=DIRECTION('center_axis',(0.,0.,1.));
#2442=DIRECTION('ref_axis',(1.,0.,0.));
#2443=DIRECTION('center_axis',(0.,0.,1.));
#2444=DIRECTION('ref_axis',(1.,0.,0.));
#2445=DIRECTION('',(1.,0.,0.));
#2446=DIRECTION('',(0.,1.,0.));
#2447=DIRECTION('',(-1.,0.,0.));
#2448=DIRECTION('',(0.,-1.,0.));
#2449=DIRECTION('center_axis',(0.,-1.,0.));
#2450=DIRECTION('ref_axis',(1.,0.,0.));
#2451=DIRECTION('',(-1.,0.,0.));
#2452=DIRECTION('',(0.,0.,1.));
#2453=DIRECTION('',(-1.,8.88178419700125E-17,0.));
#2454=DIRECTION('',(0.,0.,1.));
#2455=DIRECTION('',(1.,-8.88178419700125E-17,0.));
#2456=DIRECTION('',(0.,0.,1.));
#2457=DIRECTION('',(0.,0.,1.));
#2458=DIRECTION('center_axis',(1.,0.,0.));
#2459=DIRECTION('ref_axis',(0.,1.,0.));
#2460=DIRECTION('',(0.,1.,0.));
#2461=DIRECTION('',(0.,0.,1.));
#2462=DIRECTION('center_axis',(0.,1.,0.));
#2463=DIRECTION('ref_axis',(-1.,0.,0.));
#2464=DIRECTION('',(1.,-8.88178419700125E-17,0.));
#2465=DIRECTION('',(0.,0.,1.));
#2466=DIRECTION('',(-1.,8.88178419700125E-17,0.));
#2467=DIRECTION('',(0.,0.,1.));
#2468=DIRECTION('',(1.,-8.88178419700125E-17,0.));
#2469=DIRECTION('',(0.,0.,1.));
#2470=DIRECTION('center_axis',(-1.,0.,0.));
#2471=DIRECTION('ref_axis',(0.,-1.,0.));
#2472=DIRECTION('',(0.,1.,0.));
#2473=DIRECTION('center_axis',(0.,0.,1.));
#2474=DIRECTION('ref_axis',(1.,0.,0.));
#2475=DIRECTION('',(0.,-1.,0.));
#2476=DIRECTION('',(0.,1.,0.));
#2477=DIRECTION('center_axis',(0.,0.,1.));
#2478=DIRECTION('ref_axis',(1.,0.,0.));
#2479=DIRECTION('center_axis',(1.,0.,0.));
#2480=DIRECTION('ref_axis',(0.,1.,0.));
#2481=DIRECTION('',(0.,-1.,0.));
#2482=DIRECTION('center_axis',(0.,0.,1.));
#2483=DIRECTION('ref_axis',(1.,0.,0.));
#2484=DIRECTION('',(0.,0.,-1.));
#2485=DIRECTION('center_axis',(0.,0.,1.));
#2486=DIRECTION('ref_axis',(1.,0.,0.));
#2487=DIRECTION('center_axis',(-1.,0.,0.));
#2488=DIRECTION('ref_axis',(0.,-1.,0.));
#2489=DIRECTION('',(0.,1.,0.));
#2490=DIRECTION('center_axis',(0.,0.,1.));
#2491=DIRECTION('ref_axis',(1.,0.,0.));
#2492=DIRECTION('',(-0.00912447475729191,-0.99995837111372,0.));
#2493=DIRECTION('',(0.99995837111372,-0.00912447475729355,0.));
#2494=DIRECTION('',(0.00912447475729191,0.99995837111372,0.));
#2495=DIRECTION('',(-0.99995837111372,0.00912447475729349,0.));
#2496=DIRECTION('',(0.997625352861732,0.068874199287577,0.));
#2497=DIRECTION('center_axis',(0.,0.,1.));
#2498=DIRECTION('ref_axis',(1.,0.,0.));
#2499=DIRECTION('',(0.00912447475729191,0.99995837111372,0.));
#2500=DIRECTION('',(0.99995837111372,-0.00912447475729349,0.));
#2501=DIRECTION('',(-0.00912447475729191,-0.99995837111372,0.));
#2502=DIRECTION('',(-0.99995837111372,0.00912447475729355,0.));
#2503=DIRECTION('',(-0.997625352861732,-0.068874199287577,0.));
#2504=DIRECTION('',(0.,0.,1.));
#2505=DIRECTION('',(0.,0.,1.));
#2506=DIRECTION('',(0.,0.,1.));
#2507=DIRECTION('',(0.,0.,1.));
#2508=DIRECTION('',(0.,0.,1.));
#2509=DIRECTION('',(0.,0.,1.));
#2510=DIRECTION('',(0.,0.,1.));
#2511=DIRECTION('',(0.,0.,1.));
#2512=DIRECTION('',(0.,0.,1.));
#2513=DIRECTION('',(0.,0.,1.));
#2514=DIRECTION('center_axis',(0.068874199287577,-0.997625352861732,0.));
#2515=DIRECTION('ref_axis',(0.997625352861732,0.068874199287577,0.));
#2516=DIRECTION('',(0.,0.,1.));
#2517=DIRECTION('',(0.,0.,1.));
#2518=DIRECTION('',(0.,0.,1.));
#2519=DIRECTION('',(0.,0.,1.));
#2520=DIRECTION('',(0.,0.,1.));
#2521=DIRECTION('',(0.,0.,1.));
#2522=DIRECTION('',(0.,0.,1.));
#2523=DIRECTION('',(0.,0.,1.));
#2524=DIRECTION('',(0.,0.,1.));
#2525=DIRECTION('center_axis',(0.00912447475729349,0.99995837111372,0.));
#2526=DIRECTION('ref_axis',(-0.99995837111372,0.00912447475729349,0.));
#2527=DIRECTION('',(0.,0.,1.));
#2528=DIRECTION('',(0.,0.,1.));
#2529=DIRECTION('center_axis',(-0.99995837111372,0.00912447475729191,0.));
#2530=DIRECTION('ref_axis',(-0.00912447475729191,-0.99995837111372,0.));
#2531=DIRECTION('',(0.,0.,1.));
#2532=DIRECTION('center_axis',(-0.00912447475729355,-0.99995837111372,0.));
#2533=DIRECTION('ref_axis',(0.99995837111372,-0.00912447475729355,0.));
#2534=DIRECTION('',(0.,0.,1.));
#2535=DIRECTION('center_axis',(0.99995837111372,-0.00912447475729191,0.));
#2536=DIRECTION('ref_axis',(0.00912447475729191,0.99995837111372,0.));
#2537=DIRECTION('',(0.,0.,1.));
#2538=DIRECTION('',(0.,0.,1.));
#2539=DIRECTION('',(0.,0.,1.));
#2540=DIRECTION('',(0.,0.,1.));
#2541=DIRECTION('',(0.,0.,1.));
#2542=DIRECTION('',(0.,0.,1.));
#2543=DIRECTION('',(0.,0.,1.));
#2544=DIRECTION('',(0.,0.,1.));
#2545=DIRECTION('',(0.,0.,1.));
#2546=DIRECTION('',(0.,0.,1.));
#2547=DIRECTION('',(0.,0.,1.));
#2548=DIRECTION('',(0.,0.,1.));
#2549=CARTESIAN_POINT('',(0.,0.,0.));
#2550=CARTESIAN_POINT('Ctrl Pts',(19.4434700413401,8.17519384327368,0.));
#2551=CARTESIAN_POINT('Ctrl Pts',(19.4434700413401,8.17519384327368,5.5));
#2552=CARTESIAN_POINT('Ctrl Pts',(19.6058885859741,7.76955156996501,0.));
#2553=CARTESIAN_POINT('Ctrl Pts',(19.6058885859741,7.76955156996501,5.5));
#2554=CARTESIAN_POINT('Ctrl Pts',(20.0256523676494,6.72118646464355,0.));
#2555=CARTESIAN_POINT('Ctrl Pts',(20.0256523676494,6.72118646464355,5.5));
#2556=CARTESIAN_POINT('Ctrl Pts',(20.0034923528362,5.58537040841092,0.));
#2557=CARTESIAN_POINT('Ctrl Pts',(20.0034923528362,5.58537040841092,5.5));
#2558=CARTESIAN_POINT('Ctrl Pts',(19.9899066779546,4.88903388537909,0.));
#2559=CARTESIAN_POINT('Ctrl Pts',(19.9899066779546,4.88903388537909,5.5));
#2560=CARTESIAN_POINT('',(19.9899066779546,4.88903388537909,0.6));
#2561=CARTESIAN_POINT('',(19.4434700413401,8.17519384327368,0.6));
#2562=CARTESIAN_POINT('Ctrl Pts',(19.9899066779546,4.88903388537909,0.6));
#2563=CARTESIAN_POINT('Ctrl Pts',(20.0034923528362,5.58537040841092,0.6));
#2564=CARTESIAN_POINT('Ctrl Pts',(20.0170780277179,6.28170693144274,0.6));
#2565=CARTESIAN_POINT('Ctrl Pts',(19.8645636654016,6.94517442521033,0.6));
#2566=CARTESIAN_POINT('Ctrl Pts',(19.7683071306081,7.36390929665634,0.6));
#2567=CARTESIAN_POINT('Ctrl Pts',(19.6058885859741,7.76955156996501,0.6));
#2568=CARTESIAN_POINT('Ctrl Pts',(19.4434700413401,8.17519384327368,0.6));
#2569=CARTESIAN_POINT('',(19.9899066779546,4.88903388537909,0.));
#2570=CARTESIAN_POINT('',(19.9899066779546,4.88903388537909,0.));
#2571=CARTESIAN_POINT('',(19.4434700413401,8.17519384327368,0.));
#2572=CARTESIAN_POINT('Ctrl Pts',(19.4434700413401,8.17519384327368,0.));
#2573=CARTESIAN_POINT('Ctrl Pts',(19.6058885859741,7.76955156996501,0.));
#2574=CARTESIAN_POINT('Ctrl Pts',(20.0256523676494,6.72118646464355,0.));
#2575=CARTESIAN_POINT('Ctrl Pts',(20.0034923528362,5.58537040841092,0.));
#2576=CARTESIAN_POINT('Ctrl Pts',(19.9899066779546,4.88903388537909,0.));
#2577=CARTESIAN_POINT('',(19.4434700413401,8.17519384327368,0.));
#2578=CARTESIAN_POINT('Ctrl Pts',(18.0150557863394,8.9999941199879,0.));
#2579=CARTESIAN_POINT('Ctrl Pts',(18.0150557863394,8.9999941199879,5.5));
#2580=CARTESIAN_POINT('Ctrl Pts',(18.2931732770682,8.9581124879445,0.));
#2581=CARTESIAN_POINT('Ctrl Pts',(18.2931732770682,8.9581124879445,5.5));
#2582=CARTESIAN_POINT('Ctrl Pts',(18.8747204198886,8.87053747283968,0.));
#2583=CARTESIAN_POINT('Ctrl Pts',(18.8747204198886,8.87053747283968,5.5));
#2584=CARTESIAN_POINT('Ctrl Pts',(19.2484643635003,8.41360447371772,0.));
#2585=CARTESIAN_POINT('Ctrl Pts',(19.2484643635003,8.41360447371772,5.5));
#2586=CARTESIAN_POINT('Ctrl Pts',(19.4434700413401,8.17519384327368,0.));
#2587=CARTESIAN_POINT('Ctrl Pts',(19.4434700413401,8.17519384327368,5.5));
#2588=CARTESIAN_POINT('',(18.0150557863394,8.9999941199879,0.6));
#2589=CARTESIAN_POINT('Ctrl Pts',(19.4434700413401,8.17519384327368,0.6));
#2590=CARTESIAN_POINT('Ctrl Pts',(19.2484643635003,8.41360447371772,0.6));
#2591=CARTESIAN_POINT('Ctrl Pts',(19.0534586856606,8.65201510416177,0.6));
#2592=CARTESIAN_POINT('Ctrl Pts',(18.801881413941,8.78987304846973,0.6));
#2593=CARTESIAN_POINT('Ctrl Pts',(18.571290767797,8.91623085590111,0.6));
#2594=CARTESIAN_POINT('Ctrl Pts',(18.2931732770682,8.9581124879445,0.6));
#2595=CARTESIAN_POINT('Ctrl Pts',(18.0150557863394,8.9999941199879,0.6));
#2596=CARTESIAN_POINT('',(18.0150557863394,8.9999941199879,0.));
#2597=CARTESIAN_POINT('Ctrl Pts',(18.0150557863394,8.9999941199879,0.));
#2598=CARTESIAN_POINT('Ctrl Pts',(18.2931732770682,8.9581124879445,0.));
#2599=CARTESIAN_POINT('Ctrl Pts',(18.8747204198886,8.87053747283968,0.));
#2600=CARTESIAN_POINT('Ctrl Pts',(19.2484643635003,8.41360447371772,0.));
#2601=CARTESIAN_POINT('Ctrl Pts',(19.4434700413401,8.17519384327368,0.));
#2602=CARTESIAN_POINT('',(18.0150557863394,8.9999941199879,0.));
#2603=CARTESIAN_POINT('Ctrl Pts',(16.6579629152964,8.29611313227954,0.));
#2604=CARTESIAN_POINT('Ctrl Pts',(16.6579629152964,8.29611313227954,5.5));
#2605=CARTESIAN_POINT('Ctrl Pts',(16.8408231460146,8.50334832730466,0.));
#2606=CARTESIAN_POINT('Ctrl Pts',(16.8408231460146,8.50334832730466,5.5));
#2607=CARTESIAN_POINT('Ctrl Pts',(17.2027458508768,8.91351472615244,0.));
#2608=CARTESIAN_POINT('Ctrl Pts',(17.2027458508768,8.91351472615244,5.5));
#2609=CARTESIAN_POINT('Ctrl Pts',(17.7461866334304,8.97137001932196,0.));
#2610=CARTESIAN_POINT('Ctrl Pts',(17.7461866334304,8.97137001932196,5.5));
#2611=CARTESIAN_POINT('Ctrl Pts',(18.0150557863394,8.9999941199879,0.));
#2612=CARTESIAN_POINT('Ctrl Pts',(18.0150557863394,8.9999941199879,5.5));
#2613=CARTESIAN_POINT('',(16.6579629152964,8.29611313227954,0.6));
#2614=CARTESIAN_POINT('Ctrl Pts',(18.0150557863394,8.9999941199879,0.6));
#2615=CARTESIAN_POINT('Ctrl Pts',(17.7461866334304,8.97137001932196,0.6));
#2616=CARTESIAN_POINT('Ctrl Pts',(17.4773174805214,8.94274591865602,0.6));
#2617=CARTESIAN_POINT('Ctrl Pts',(17.2528804836454,8.82788279310213,0.6));
#2618=CARTESIAN_POINT('Ctrl Pts',(17.0236833767327,8.71058352232977,0.6));
#2619=CARTESIAN_POINT('Ctrl Pts',(16.8408231460146,8.50334832730466,0.6));
#2620=CARTESIAN_POINT('Ctrl Pts',(16.6579629152964,8.29611313227954,0.6));
#2621=CARTESIAN_POINT('',(16.6579629152964,8.29611313227954,0.));
#2622=CARTESIAN_POINT('Ctrl Pts',(16.6579629152964,8.29611313227954,0.));
#2623=CARTESIAN_POINT('Ctrl Pts',(16.8408231460146,8.50334832730466,0.));
#2624=CARTESIAN_POINT('Ctrl Pts',(17.2027458508768,8.91351472615244,0.));
#2625=CARTESIAN_POINT('Ctrl Pts',(17.7461866334304,8.97137001932196,0.));
#2626=CARTESIAN_POINT('Ctrl Pts',(18.0150557863394,8.9999941199879,0.));
#2627=CARTESIAN_POINT('',(16.6579629152964,8.29611313227954,0.));
#2628=CARTESIAN_POINT('Ctrl Pts',(15.9928008269101,4.92550689514995,0.));
#2629=CARTESIAN_POINT('Ctrl Pts',(15.9928008269101,4.92550689514995,5.5));
#2630=CARTESIAN_POINT('Ctrl Pts',(15.9964315167256,5.62935642747982,0.));
#2631=CARTESIAN_POINT('Ctrl Pts',(15.9964315167256,5.62935642747982,5.5));
#2632=CARTESIAN_POINT('Ctrl Pts',(16.0024788328906,6.80169580949421,0.));
#2633=CARTESIAN_POINT('Ctrl Pts',(16.0024788328906,6.80169580949421,5.5));
#2634=CARTESIAN_POINT('Ctrl Pts',(16.4708089852564,7.8694268364773,0.));
#2635=CARTESIAN_POINT('Ctrl Pts',(16.4708089852564,7.8694268364773,5.5));
#2636=CARTESIAN_POINT('Ctrl Pts',(16.6579629152964,8.29611313227954,0.));
#2637=CARTESIAN_POINT('Ctrl Pts',(16.6579629152964,8.29611313227954,5.5));
#2638=CARTESIAN_POINT('',(15.9928008269101,4.92550689514995,0.6));
#2639=CARTESIAN_POINT('Ctrl Pts',(16.6579629152964,8.29611313227954,0.6));
#2640=CARTESIAN_POINT('Ctrl Pts',(16.4708089852564,7.8694268364773,0.6));
#2641=CARTESIAN_POINT('Ctrl Pts',(16.2836550552165,7.44274054067506,0.6));
#2642=CARTESIAN_POINT('Ctrl Pts',(16.1703257812146,6.99934872343847,0.6));
#2643=CARTESIAN_POINT('Ctrl Pts',(16.0000622065411,6.33320595980969,0.6));
#2644=CARTESIAN_POINT('Ctrl Pts',(15.9964315167256,5.62935642747982,0.6));
#2645=CARTESIAN_POINT('Ctrl Pts',(15.9928008269101,4.92550689514995,0.6));
#2646=CARTESIAN_POINT('',(15.9928008269101,4.92550689514995,0.));
#2647=CARTESIAN_POINT('Ctrl Pts',(15.9928008269101,4.92550689514995,0.));
#2648=CARTESIAN_POINT('Ctrl Pts',(15.9964315167256,5.62935642747982,0.));
#2649=CARTESIAN_POINT('Ctrl Pts',(16.0024788328906,6.80169580949421,0.));
#2650=CARTESIAN_POINT('Ctrl Pts',(16.4708089852564,7.8694268364773,0.));
#2651=CARTESIAN_POINT('Ctrl Pts',(16.6579629152964,8.29611313227954,0.));
#2652=CARTESIAN_POINT('',(15.9928008269101,4.92550689514995,0.));
#2653=CARTESIAN_POINT('Ctrl Pts',(16.5392685886941,1.64275796907249,0.));
#2654=CARTESIAN_POINT('Ctrl Pts',(16.5392685886941,1.64275796907249,5.5));
#2655=CARTESIAN_POINT('Ctrl Pts',(16.376832154449,2.04868112762981,0.));
#2656=CARTESIAN_POINT('Ctrl Pts',(16.376832154449,2.04868112762981,5.5));
#2657=CARTESIAN_POINT('Ctrl Pts',(15.9577122318284,3.09604764730989,0.));
#2658=CARTESIAN_POINT('Ctrl Pts',(15.9577122318284,3.09604764730989,5.5));
#2659=CARTESIAN_POINT('Ctrl Pts',(15.9794734851992,4.23064212540229,0.));
#2660=CARTESIAN_POINT('Ctrl Pts',(15.9794734851992,4.23064212540229,5.5));
#2661=CARTESIAN_POINT('Ctrl Pts',(15.9928008269101,4.92550689514995,0.));
#2662=CARTESIAN_POINT('Ctrl Pts',(15.9928008269101,4.92550689514995,5.5));
#2663=CARTESIAN_POINT('',(16.5392685886941,1.64275796907249,0.6));
#2664=CARTESIAN_POINT('Ctrl Pts',(15.9928008269101,4.92550689514995,0.6));
#2665=CARTESIAN_POINT('Ctrl Pts',(15.9794734851992,4.23064212540229,0.6));
#2666=CARTESIAN_POINT('Ctrl Pts',(15.9661461434882,3.53577735565462,0.6));
#2667=CARTESIAN_POINT('Ctrl Pts',(16.1181827418459,2.8736296980739,0.6));
#2668=CARTESIAN_POINT('Ctrl Pts',(16.214395720204,2.45460428618713,0.6));
#2669=CARTESIAN_POINT('Ctrl Pts',(16.376832154449,2.04868112762981,0.6));
#2670=CARTESIAN_POINT('Ctrl Pts',(16.5392685886941,1.64275796907249,0.6));
#2671=CARTESIAN_POINT('',(16.5392685886941,1.64275796907249,0.));
#2672=CARTESIAN_POINT('Ctrl Pts',(16.5392685886941,1.64275796907249,0.));
#2673=CARTESIAN_POINT('Ctrl Pts',(16.376832154449,2.04868112762981,0.));
#2674=CARTESIAN_POINT('Ctrl Pts',(15.9577122318284,3.09604764730989,0.));
#2675=CARTESIAN_POINT('Ctrl Pts',(15.9794734851992,4.23064212540229,0.));
#2676=CARTESIAN_POINT('Ctrl Pts',(15.9928008269101,4.92550689514995,0.));
#2677=CARTESIAN_POINT('',(16.5392685886941,1.64275796907249,0.));
#2678=CARTESIAN_POINT('Ctrl Pts',(17.9540087833,0.814671150341597,0.));
#2679=CARTESIAN_POINT('Ctrl Pts',(17.9540087833,0.814671150341597,5.5));
#2680=CARTESIAN_POINT('Ctrl Pts',(17.6794441936225,0.857343794067587,0.));
#2681=CARTESIAN_POINT('Ctrl Pts',(17.6794441936225,0.857343794067587,5.5));
#2682=CARTESIAN_POINT('Ctrl Pts',(17.1019657606882,0.947095103429756,0.));
#2683=CARTESIAN_POINT('Ctrl Pts',(17.1019657606882,0.947095103429756,5.5));
#2684=CARTESIAN_POINT('Ctrl Pts',(16.7328740615816,1.40340340186236,0.));
#2685=CARTESIAN_POINT('Ctrl Pts',(16.7328740615816,1.40340340186236,5.5));
#2686=CARTESIAN_POINT('Ctrl Pts',(16.5392685886941,1.64275796907249,0.));
#2687=CARTESIAN_POINT('Ctrl Pts',(16.5392685886941,1.64275796907249,5.5));
#2688=CARTESIAN_POINT('',(17.9540087833,0.814671150341597,0.6));
#2689=CARTESIAN_POINT('Ctrl Pts',(16.5392685886941,1.64275796907249,0.6));
#2690=CARTESIAN_POINT('Ctrl Pts',(16.7328740615816,1.40340340186236,0.6));
#2691=CARTESIAN_POINT('Ctrl Pts',(16.926479534469,1.16404883465223,0.6));
#2692=CARTESIAN_POINT('Ctrl Pts',(17.1774222457369,1.02555176962703,0.6));
#2693=CARTESIAN_POINT('Ctrl Pts',(17.404879603945,0.900016437793572,0.6));
#2694=CARTESIAN_POINT('Ctrl Pts',(17.6794441936225,0.857343794067587,0.6));
#2695=CARTESIAN_POINT('Ctrl Pts',(17.9540087833,0.814671150341597,0.6));
#2696=CARTESIAN_POINT('',(17.9540087833,0.814671150341597,0.));
#2697=CARTESIAN_POINT('Ctrl Pts',(17.9540087833,0.814671150341597,0.));
#2698=CARTESIAN_POINT('Ctrl Pts',(17.6794441936225,0.857343794067587,0.));
#2699=CARTESIAN_POINT('Ctrl Pts',(17.1019657606882,0.947095103429756,0.));
#2700=CARTESIAN_POINT('Ctrl Pts',(16.7328740615816,1.40340340186236,0.));
#2701=CARTESIAN_POINT('Ctrl Pts',(16.5392685886941,1.64275796907249,0.));
#2702=CARTESIAN_POINT('',(17.9540087833,0.814671150341597,0.));
#2703=CARTESIAN_POINT('Ctrl Pts',(19.3836568038136,1.62021405989991,0.));
#2704=CARTESIAN_POINT('Ctrl Pts',(19.3836568038136,1.62021405989991,5.5));
#2705=CARTESIAN_POINT('Ctrl Pts',(19.1858511407659,1.38344307138724,0.));
#2706=CARTESIAN_POINT('Ctrl Pts',(19.1858511407659,1.38344307138724,5.5));
#2707=CARTESIAN_POINT('Ctrl Pts',(18.8090592601904,0.932427743247273,0.));
#2708=CARTESIAN_POINT('Ctrl Pts',(18.8090592601904,0.932427743247273,5.5));
#2709=CARTESIAN_POINT('Ctrl Pts',(18.2293745294067,0.852594212126643,0.));
#2710=CARTESIAN_POINT('Ctrl Pts',(18.2293745294067,0.852594212126643,5.5));
#2711=CARTESIAN_POINT('Ctrl Pts',(17.9540087833,0.814671150341597,0.));
#2712=CARTESIAN_POINT('Ctrl Pts',(17.9540087833,0.814671150341597,5.5));
#2713=CARTESIAN_POINT('',(19.3836568038136,1.62021405989991,0.6));
#2714=CARTESIAN_POINT('Ctrl Pts',(17.9540087833,0.814671150341597,0.6));
#2715=CARTESIAN_POINT('Ctrl Pts',(18.2293745294067,0.852594212126643,0.6));
#2716=CARTESIAN_POINT('Ctrl Pts',(18.5047402755133,0.890517273911688,0.6));
#2717=CARTESIAN_POINT('Ctrl Pts',(18.7343231686532,1.01219765695973,0.6));
#2718=CARTESIAN_POINT('Ctrl Pts',(18.9880454777182,1.14667208287457,0.6));
#2719=CARTESIAN_POINT('Ctrl Pts',(19.1858511407659,1.38344307138724,0.6));
#2720=CARTESIAN_POINT('Ctrl Pts',(19.3836568038136,1.62021405989991,0.6));
#2721=CARTESIAN_POINT('',(19.3836568038136,1.62021405989991,0.));
#2722=CARTESIAN_POINT('Ctrl Pts',(19.3836568038136,1.62021405989991,0.));
#2723=CARTESIAN_POINT('Ctrl Pts',(19.1858511407659,1.38344307138724,0.));
#2724=CARTESIAN_POINT('Ctrl Pts',(18.8090592601904,0.932427743247273,0.));
#2725=CARTESIAN_POINT('Ctrl Pts',(18.2293745294067,0.852594212126643,0.));
#2726=CARTESIAN_POINT('Ctrl Pts',(17.9540087833,0.814671150341597,0.));
#2727=CARTESIAN_POINT('',(19.3836568038136,1.62021405989991,0.));
#2728=CARTESIAN_POINT('Ctrl Pts',(19.9899066779546,4.88903388537909,0.));
#2729=CARTESIAN_POINT('Ctrl Pts',(19.9899066779546,4.88903388537909,5.5));
#2730=CARTESIAN_POINT('Ctrl Pts',(19.9903201890768,4.19551755838494,0.));
#2731=CARTESIAN_POINT('Ctrl Pts',(19.9903201890768,4.19551755838494,5.5));
#2732=CARTESIAN_POINT('Ctrl Pts',(19.9909960859058,3.06194348740443,0.));
#2733=CARTESIAN_POINT('Ctrl Pts',(19.9909960859058,3.06194348740443,5.5));
#2734=CARTESIAN_POINT('Ctrl Pts',(19.5534959947666,2.02338600474251,0.));
#2735=CARTESIAN_POINT('Ctrl Pts',(19.5534959947666,2.02338600474251,5.5));
#2736=CARTESIAN_POINT('Ctrl Pts',(19.3836568038136,1.62021405989991,0.));
#2737=CARTESIAN_POINT('Ctrl Pts',(19.3836568038136,1.62021405989991,5.5));
#2738=CARTESIAN_POINT('Ctrl Pts',(19.3836568038136,1.62021405989991,0.6));
#2739=CARTESIAN_POINT('Ctrl Pts',(19.5534959947666,2.02338600474251,0.6));
#2740=CARTESIAN_POINT('Ctrl Pts',(19.7233351857195,2.42655794958511,0.6));
#2741=CARTESIAN_POINT('Ctrl Pts',(19.8271403009206,2.84404910123728,0.6));
#2742=CARTESIAN_POINT('Ctrl Pts',(19.9907337001991,3.50200123139079,0.6));
#2743=CARTESIAN_POINT('Ctrl Pts',(19.9903201890768,4.19551755838494,0.6));
#2744=CARTESIAN_POINT('Ctrl Pts',(19.9899066779546,4.88903388537909,0.6));
#2745=CARTESIAN_POINT('Ctrl Pts',(19.9899066779546,4.88903388537909,0.));
#2746=CARTESIAN_POINT('Ctrl Pts',(19.9903201890768,4.19551755838494,0.));
#2747=CARTESIAN_POINT('Ctrl Pts',(19.9909960859058,3.06194348740443,0.));
#2748=CARTESIAN_POINT('Ctrl Pts',(19.5534959947666,2.02338600474251,0.));
#2749=CARTESIAN_POINT('Ctrl Pts',(19.3836568038136,1.62021405989991,0.));
#2750=CARTESIAN_POINT('Origin',(11.2470805187714,1.05776542300557,0.6));
#2751=CARTESIAN_POINT('Origin',(-20.7529194812286,1.05776542300557,0.));
#2752=CARTESIAN_POINT('Ctrl Pts',(19.4434700413401,8.17519384327368,0.));
#2753=CARTESIAN_POINT('Ctrl Pts',(19.4434700413401,8.17519384327368,0.66));
#2754=CARTESIAN_POINT('Ctrl Pts',(19.6058885859741,7.76955156996501,0.));
#2755=CARTESIAN_POINT('Ctrl Pts',(19.6058885859741,7.76955156996501,0.66));
#2756=CARTESIAN_POINT('Ctrl Pts',(20.0256523676494,6.72118646464355,0.));
#2757=CARTESIAN_POINT('Ctrl Pts',(20.0256523676494,6.72118646464355,0.66));
#2758=CARTESIAN_POINT('Ctrl Pts',(20.0034923528362,5.58537040841092,0.));
#2759=CARTESIAN_POINT('Ctrl Pts',(20.0034923528362,5.58537040841092,0.66));
#2760=CARTESIAN_POINT('Ctrl Pts',(19.9899066779546,4.88903388537909,0.));
#2761=CARTESIAN_POINT('Ctrl Pts',(19.9899066779546,4.88903388537909,0.66));
#2762=CARTESIAN_POINT('',(19.9899066779546,4.88903388537909,0.6));
#2763=CARTESIAN_POINT('',(19.4434700413401,8.17519384327368,0.6));
#2764=CARTESIAN_POINT('Ctrl Pts',(19.9899066779546,4.88903388537909,0.6));
#2765=CARTESIAN_POINT('Ctrl Pts',(20.0034923528362,5.58537040841092,0.6));
#2766=CARTESIAN_POINT('Ctrl Pts',(20.0170780277179,6.28170693144274,0.6));
#2767=CARTESIAN_POINT('Ctrl Pts',(19.8645636654016,6.94517442521033,0.6));
#2768=CARTESIAN_POINT('Ctrl Pts',(19.7683071306081,7.36390929665634,0.6));
#2769=CARTESIAN_POINT('Ctrl Pts',(19.6058885859741,7.76955156996501,0.6));
#2770=CARTESIAN_POINT('Ctrl Pts',(19.4434700413401,8.17519384327368,0.6));
#2771=CARTESIAN_POINT('',(19.4434700413401,8.17519384327368,0.));
#2772=CARTESIAN_POINT('',(19.4434700413401,8.17519384327368,0.));
#2773=CARTESIAN_POINT('',(19.9899066779546,4.88903388537909,0.));
#2774=CARTESIAN_POINT('Ctrl Pts',(19.9899066779546,4.88903388537909,0.));
#2775=CARTESIAN_POINT('Ctrl Pts',(20.0034923528362,5.58537040841092,0.));
#2776=CARTESIAN_POINT('Ctrl Pts',(20.0256523676494,6.72118646464355,0.));
#2777=CARTESIAN_POINT('Ctrl Pts',(19.6058885859741,7.76955156996501,0.));
#2778=CARTESIAN_POINT('Ctrl Pts',(19.4434700413401,8.17519384327368,0.));
#2779=CARTESIAN_POINT('',(19.9899066779546,4.88903388537909,0.));
#2780=CARTESIAN_POINT('Ctrl Pts',(18.0150557863394,8.9999941199879,0.));
#2781=CARTESIAN_POINT('Ctrl Pts',(18.0150557863394,8.9999941199879,0.66));
#2782=CARTESIAN_POINT('Ctrl Pts',(18.2931732770682,8.9581124879445,0.));
#2783=CARTESIAN_POINT('Ctrl Pts',(18.2931732770682,8.9581124879445,0.66));
#2784=CARTESIAN_POINT('Ctrl Pts',(18.8747204198886,8.87053747283968,0.));
#2785=CARTESIAN_POINT('Ctrl Pts',(18.8747204198886,8.87053747283968,0.66));
#2786=CARTESIAN_POINT('Ctrl Pts',(19.2484643635003,8.41360447371772,0.));
#2787=CARTESIAN_POINT('Ctrl Pts',(19.2484643635003,8.41360447371772,0.66));
#2788=CARTESIAN_POINT('Ctrl Pts',(19.4434700413401,8.17519384327368,0.));
#2789=CARTESIAN_POINT('Ctrl Pts',(19.4434700413401,8.17519384327368,0.66));
#2790=CARTESIAN_POINT('',(18.0150557863394,8.9999941199879,0.6));
#2791=CARTESIAN_POINT('Ctrl Pts',(19.4434700413401,8.17519384327368,0.6));
#2792=CARTESIAN_POINT('Ctrl Pts',(19.2484643635003,8.41360447371772,0.6));
#2793=CARTESIAN_POINT('Ctrl Pts',(19.0534586856606,8.65201510416177,0.6));
#2794=CARTESIAN_POINT('Ctrl Pts',(18.801881413941,8.78987304846973,0.6));
#2795=CARTESIAN_POINT('Ctrl Pts',(18.571290767797,8.91623085590111,0.6));
#2796=CARTESIAN_POINT('Ctrl Pts',(18.2931732770682,8.9581124879445,0.6));
#2797=CARTESIAN_POINT('Ctrl Pts',(18.0150557863394,8.9999941199879,0.6));
#2798=CARTESIAN_POINT('',(18.0150557863394,8.9999941199879,0.));
#2799=CARTESIAN_POINT('',(18.0150557863394,8.9999941199879,0.));
#2800=CARTESIAN_POINT('Ctrl Pts',(19.4434700413401,8.17519384327368,0.));
#2801=CARTESIAN_POINT('Ctrl Pts',(19.2484643635003,8.41360447371772,0.));
#2802=CARTESIAN_POINT('Ctrl Pts',(18.8747204198886,8.87053747283968,0.));
#2803=CARTESIAN_POINT('Ctrl Pts',(18.2931732770682,8.9581124879445,0.));
#2804=CARTESIAN_POINT('Ctrl Pts',(18.0150557863394,8.9999941199879,0.));
#2805=CARTESIAN_POINT('Ctrl Pts',(16.6579629152964,8.29611313227954,0.));
#2806=CARTESIAN_POINT('Ctrl Pts',(16.6579629152964,8.29611313227954,0.66));
#2807=CARTESIAN_POINT('Ctrl Pts',(16.8408231460146,8.50334832730466,0.));
#2808=CARTESIAN_POINT('Ctrl Pts',(16.8408231460146,8.50334832730466,0.66));
#2809=CARTESIAN_POINT('Ctrl Pts',(17.2027458508768,8.91351472615244,0.));
#2810=CARTESIAN_POINT('Ctrl Pts',(17.2027458508768,8.91351472615244,0.66));
#2811=CARTESIAN_POINT('Ctrl Pts',(17.7461866334304,8.97137001932196,0.));
#2812=CARTESIAN_POINT('Ctrl Pts',(17.7461866334304,8.97137001932196,0.66));
#2813=CARTESIAN_POINT('Ctrl Pts',(18.0150557863394,8.9999941199879,0.));
#2814=CARTESIAN_POINT('Ctrl Pts',(18.0150557863394,8.9999941199879,0.66));
#2815=CARTESIAN_POINT('',(16.6579629152964,8.29611313227954,0.6));
#2816=CARTESIAN_POINT('Ctrl Pts',(18.0150557863394,8.9999941199879,0.6));
#2817=CARTESIAN_POINT('Ctrl Pts',(17.7461866334304,8.97137001932196,0.6));
#2818=CARTESIAN_POINT('Ctrl Pts',(17.4773174805214,8.94274591865602,0.6));
#2819=CARTESIAN_POINT('Ctrl Pts',(17.2528804836454,8.82788279310213,0.6));
#2820=CARTESIAN_POINT('Ctrl Pts',(17.0236833767327,8.71058352232977,0.6));
#2821=CARTESIAN_POINT('Ctrl Pts',(16.8408231460146,8.50334832730466,0.6));
#2822=CARTESIAN_POINT('Ctrl Pts',(16.6579629152964,8.29611313227954,0.6));
#2823=CARTESIAN_POINT('',(16.6579629152964,8.29611313227954,0.));
#2824=CARTESIAN_POINT('',(16.6579629152964,8.29611313227954,0.));
#2825=CARTESIAN_POINT('Ctrl Pts',(18.0150557863394,8.9999941199879,0.));
#2826=CARTESIAN_POINT('Ctrl Pts',(17.7461866334304,8.97137001932196,0.));
#2827=CARTESIAN_POINT('Ctrl Pts',(17.2027458508768,8.91351472615244,0.));
#2828=CARTESIAN_POINT('Ctrl Pts',(16.8408231460146,8.50334832730466,0.));
#2829=CARTESIAN_POINT('Ctrl Pts',(16.6579629152964,8.29611313227954,0.));
#2830=CARTESIAN_POINT('Ctrl Pts',(15.9928008269101,4.92550689514995,0.));
#2831=CARTESIAN_POINT('Ctrl Pts',(15.9928008269101,4.92550689514995,0.66));
#2832=CARTESIAN_POINT('Ctrl Pts',(15.9964315167256,5.62935642747982,0.));
#2833=CARTESIAN_POINT('Ctrl Pts',(15.9964315167256,5.62935642747982,0.66));
#2834=CARTESIAN_POINT('Ctrl Pts',(16.0024788328906,6.80169580949421,0.));
#2835=CARTESIAN_POINT('Ctrl Pts',(16.0024788328906,6.80169580949421,0.66));
#2836=CARTESIAN_POINT('Ctrl Pts',(16.4708089852564,7.8694268364773,0.));
#2837=CARTESIAN_POINT('Ctrl Pts',(16.4708089852564,7.8694268364773,0.66));
#2838=CARTESIAN_POINT('Ctrl Pts',(16.6579629152964,8.29611313227954,0.));
#2839=CARTESIAN_POINT('Ctrl Pts',(16.6579629152964,8.29611313227954,0.66));
#2840=CARTESIAN_POINT('',(15.9928008269101,4.92550689514995,0.6));
#2841=CARTESIAN_POINT('Ctrl Pts',(16.6579629152964,8.29611313227954,0.6));
#2842=CARTESIAN_POINT('Ctrl Pts',(16.4708089852564,7.8694268364773,0.6));
#2843=CARTESIAN_POINT('Ctrl Pts',(16.2836550552165,7.44274054067506,0.6));
#2844=CARTESIAN_POINT('Ctrl Pts',(16.1703257812146,6.99934872343847,0.6));
#2845=CARTESIAN_POINT('Ctrl Pts',(16.0000622065411,6.33320595980969,0.6));
#2846=CARTESIAN_POINT('Ctrl Pts',(15.9964315167256,5.62935642747982,0.6));
#2847=CARTESIAN_POINT('Ctrl Pts',(15.9928008269101,4.92550689514995,0.6));
#2848=CARTESIAN_POINT('',(15.9928008269101,4.92550689514995,0.));
#2849=CARTESIAN_POINT('',(15.9928008269101,4.92550689514995,0.));
#2850=CARTESIAN_POINT('Ctrl Pts',(16.6579629152964,8.29611313227954,0.));
#2851=CARTESIAN_POINT('Ctrl Pts',(16.4708089852564,7.8694268364773,0.));
#2852=CARTESIAN_POINT('Ctrl Pts',(16.0024788328906,6.80169580949421,0.));
#2853=CARTESIAN_POINT('Ctrl Pts',(15.9964315167256,5.62935642747982,0.));
#2854=CARTESIAN_POINT('Ctrl Pts',(15.9928008269101,4.92550689514995,0.));
#2855=CARTESIAN_POINT('Ctrl Pts',(21.2517905711093,4.87751937831326,0.));
#2856=CARTESIAN_POINT('Ctrl Pts',(21.2517905711093,4.87751937831326,0.66));
#2857=CARTESIAN_POINT('Ctrl Pts',(21.2520725396778,5.32387743468049,0.));
#2858=CARTESIAN_POINT('Ctrl Pts',(21.2520725396778,5.32387743468049,0.66));
#2859=CARTESIAN_POINT('Ctrl Pts',(21.2525746863393,6.11877882768657,0.));
#2860=CARTESIAN_POINT('Ctrl Pts',(21.2525746863393,6.11877882768657,0.66));
#2861=CARTESIAN_POINT('Ctrl Pts',(21.1105421408548,6.90035072250164,0.));
#2862=CARTESIAN_POINT('Ctrl Pts',(21.1105421408548,6.90035072250164,0.66));
#2863=CARTESIAN_POINT('Ctrl Pts',(21.0482646083834,7.24304942505621,0.));
#2864=CARTESIAN_POINT('Ctrl Pts',(21.0482646083834,7.24304942505621,0.66));
#2865=CARTESIAN_POINT('',(21.0482646083834,7.24304942505621,0.6));
#2866=CARTESIAN_POINT('',(21.2517905711093,4.87751937831326,0.6));
#2867=CARTESIAN_POINT('Ctrl Pts',(21.0482646083834,7.24304942505621,0.6));
#2868=CARTESIAN_POINT('Ctrl Pts',(21.1105421408548,6.90035072250164,0.6));
#2869=CARTESIAN_POINT('Ctrl Pts',(21.1728196733262,6.55765201994708,0.6));
#2870=CARTESIAN_POINT('Ctrl Pts',(21.2076936048427,6.21239059919489,0.6));
#2871=CARTESIAN_POINT('Ctrl Pts',(21.2523545082462,5.77023549104771,0.6));
#2872=CARTESIAN_POINT('Ctrl Pts',(21.2520725396778,5.32387743468049,0.6));
#2873=CARTESIAN_POINT('Ctrl Pts',(21.2517905711093,4.87751937831326,0.6));
#2874=CARTESIAN_POINT('',(21.2517905711093,4.87751937831326,0.));
#2875=CARTESIAN_POINT('',(21.2517905711093,4.87751937831326,0.));
#2876=CARTESIAN_POINT('',(21.0482646083834,7.24304942505621,0.));
#2877=CARTESIAN_POINT('Ctrl Pts',(21.0482646083834,7.24304942505621,0.));
#2878=CARTESIAN_POINT('Ctrl Pts',(21.1105421408548,6.90035072250164,0.));
#2879=CARTESIAN_POINT('Ctrl Pts',(21.2525746863393,6.11877882768657,0.));
#2880=CARTESIAN_POINT('Ctrl Pts',(21.2520725396778,5.32387743468049,0.));
#2881=CARTESIAN_POINT('Ctrl Pts',(21.2517905711093,4.87751937831326,0.));
#2882=CARTESIAN_POINT('',(21.0482646083834,7.24304942505621,0.));
#2883=CARTESIAN_POINT('Ctrl Pts',(20.864355196772,2.03987206059328,0.));
#2884=CARTESIAN_POINT('Ctrl Pts',(20.864355196772,2.03987206059328,0.66));
#2885=CARTESIAN_POINT('Ctrl Pts',(20.9732600132424,2.45384250938516,0.));
#2886=CARTESIAN_POINT('Ctrl Pts',(20.9732600132424,2.45384250938516,0.66));
#2887=CARTESIAN_POINT('Ctrl Pts',(21.2176916002875,3.38297913591386,0.));
#2888=CARTESIAN_POINT('Ctrl Pts',(21.2176916002875,3.38297913591386,0.66));
#2889=CARTESIAN_POINT('Ctrl Pts',(21.2396278608998,4.34443408492681,0.));
#2890=CARTESIAN_POINT('Ctrl Pts',(21.2396278608998,4.34443408492681,0.66));
#2891=CARTESIAN_POINT('Ctrl Pts',(21.2517905711093,4.87751937831326,0.));
#2892=CARTESIAN_POINT('Ctrl Pts',(21.2517905711093,4.87751937831326,0.66));
#2893=CARTESIAN_POINT('',(20.864355196772,2.03987206059328,0.6));
#2894=CARTESIAN_POINT('Ctrl Pts',(21.2517905711093,4.87751937831326,0.6));
#2895=CARTESIAN_POINT('Ctrl Pts',(21.2396278608998,4.34443408492681,0.6));
#2896=CARTESIAN_POINT('Ctrl Pts',(21.2274651506903,3.81134879154036,0.6));
#2897=CARTESIAN_POINT('Ctrl Pts',(21.1469023907638,3.28819887477568,0.6));
#2898=CARTESIAN_POINT('Ctrl Pts',(21.0821648297127,2.86781295817704,0.6));
#2899=CARTESIAN_POINT('Ctrl Pts',(20.9732600132424,2.45384250938516,0.6));
#2900=CARTESIAN_POINT('Ctrl Pts',(20.864355196772,2.03987206059328,0.6));
#2901=CARTESIAN_POINT('',(20.864355196772,2.03987206059328,0.));
#2902=CARTESIAN_POINT('',(20.864355196772,2.03987206059328,0.));
#2903=CARTESIAN_POINT('Ctrl Pts',(21.2517905711093,4.87751937831326,0.));
#2904=CARTESIAN_POINT('Ctrl Pts',(21.2396278608998,4.34443408492681,0.));
#2905=CARTESIAN_POINT('Ctrl Pts',(21.2176916002875,3.38297913591386,0.));
#2906=CARTESIAN_POINT('Ctrl Pts',(20.9732600132424,2.45384250938516,0.));
#2907=CARTESIAN_POINT('Ctrl Pts',(20.864355196772,2.03987206059328,0.));
#2908=CARTESIAN_POINT('Ctrl Pts',(19.7679778394003,0.378593263276672,0.));
#2909=CARTESIAN_POINT('Ctrl Pts',(19.7679778394003,0.378593263276672,0.66));
#2910=CARTESIAN_POINT('Ctrl Pts',(19.9978112831979,0.602441146440353,0.));
#2911=CARTESIAN_POINT('Ctrl Pts',(19.9978112831979,0.602441146440353,0.66));
#2912=CARTESIAN_POINT('Ctrl Pts',(20.4835261290345,1.07550650309681,0.));
#2913=CARTESIAN_POINT('Ctrl Pts',(20.4835261290345,1.07550650309681,0.66));
#2914=CARTESIAN_POINT('Ctrl Pts',(20.7329534049358,1.70712602575667,0.));
#2915=CARTESIAN_POINT('Ctrl Pts',(20.7329534049358,1.70712602575667,0.66));
#2916=CARTESIAN_POINT('Ctrl Pts',(20.864355196772,2.03987206059328,0.));
#2917=CARTESIAN_POINT('Ctrl Pts',(20.864355196772,2.03987206059328,0.66));
#2918=CARTESIAN_POINT('',(19.7679778394003,0.378593263276672,0.6));
#2919=CARTESIAN_POINT('Ctrl Pts',(20.864355196772,2.03987206059328,0.6));
#2920=CARTESIAN_POINT('Ctrl Pts',(20.7396415588214,1.72406229926339,0.6));
#2921=CARTESIAN_POINT('Ctrl Pts',(20.6149279208707,1.40825253793344,0.6));
#2922=CARTESIAN_POINT('Ctrl Pts',(20.2524310962615,0.85042988656479,0.6));
#2923=CARTESIAN_POINT('Ctrl Pts',(20.0308137685944,0.634584146923998,0.6));
#2924=CARTESIAN_POINT('Ctrl Pts',(19.7679778394003,0.378593263276672,0.6));
#2925=CARTESIAN_POINT('',(19.7679778394003,0.378593263276672,0.));
#2926=CARTESIAN_POINT('',(19.7679778394003,0.378593263276672,0.));
#2927=CARTESIAN_POINT('Ctrl Pts',(20.864355196772,2.03987206059328,0.));
#2928=CARTESIAN_POINT('Ctrl Pts',(20.7329534049358,1.70712602575667,0.));
#2929=CARTESIAN_POINT('Ctrl Pts',(20.4835261290345,1.07550650309681,0.));
#2930=CARTESIAN_POINT('Ctrl Pts',(19.9978112831979,0.602441146440353,0.));
#2931=CARTESIAN_POINT('Ctrl Pts',(19.7679778394003,0.378593263276672,0.));
#2932=CARTESIAN_POINT('Ctrl Pts',(17.9447971689456,-0.194836917816812,0.));
#2933=CARTESIAN_POINT('Ctrl Pts',(17.9447971689456,-0.194836917816812,0.66));
#2934=CARTESIAN_POINT('Ctrl Pts',(18.2892739205208,-0.178146320233414,0.));
#2935=CARTESIAN_POINT('Ctrl Pts',(18.2892739205208,-0.178146320233414,0.66));
#2936=CARTESIAN_POINT('Ctrl Pts',(18.948480785273,-0.14620641005521,0.));
#2937=CARTESIAN_POINT('Ctrl Pts',(18.948480785273,-0.14620641005521,0.66));
#2938=CARTESIAN_POINT('Ctrl Pts',(19.5031553648064,0.209002967060403,0.));
#2939=CARTESIAN_POINT('Ctrl Pts',(19.5031553648064,0.209002967060403,0.66));
#2940=CARTESIAN_POINT('Ctrl Pts',(19.7679778394003,0.378593263276672,0.));
#2941=CARTESIAN_POINT('Ctrl Pts',(19.7679778394003,0.378593263276672,0.66));
#2942=CARTESIAN_POINT('',(17.9447971689456,-0.194836917816812,0.6));
#2943=CARTESIAN_POINT('Ctrl Pts',(19.7679778394003,0.378593263276672,0.6));
#2944=CARTESIAN_POINT('Ctrl Pts',(19.5031553648064,0.209002967060403,0.6));
#2945=CARTESIAN_POINT('Ctrl Pts',(19.2383328902125,0.0394126708441372,0.6));
#2946=CARTESIAN_POINT('Ctrl Pts',(18.9496826347208,-0.0564894436489482,
0.6));
#2947=CARTESIAN_POINT('Ctrl Pts',(18.633750672096,-0.161455722650017,0.6));
#2948=CARTESIAN_POINT('Ctrl Pts',(18.2892739205208,-0.178146320233414,0.6));
#2949=CARTESIAN_POINT('Ctrl Pts',(17.9447971689456,-0.194836917816812,0.6));
#2950=CARTESIAN_POINT('',(17.9447971689456,-0.194836917816812,0.));
#2951=CARTESIAN_POINT('',(17.9447971689456,-0.194836917816812,0.));
#2952=CARTESIAN_POINT('Ctrl Pts',(19.7679778394003,0.378593263276672,0.));
#2953=CARTESIAN_POINT('Ctrl Pts',(19.5031553648064,0.209002967060403,0.));
#2954=CARTESIAN_POINT('Ctrl Pts',(18.948480785273,-0.14620641005521,0.));
#2955=CARTESIAN_POINT('Ctrl Pts',(18.2892739205208,-0.178146320233414,0.));
#2956=CARTESIAN_POINT('Ctrl Pts',(17.9447971689456,-0.194836917816812,0.));
#2957=CARTESIAN_POINT('Ctrl Pts',(15.6828645986673,0.86268196104631,0.));
#2958=CARTESIAN_POINT('Ctrl Pts',(15.6828645986673,0.86268196104631,0.66));
#2959=CARTESIAN_POINT('Ctrl Pts',(15.9869323367332,0.557539099785203,0.));
#2960=CARTESIAN_POINT('Ctrl Pts',(15.9869323367332,0.557539099785203,0.66));
#2961=CARTESIAN_POINT('Ctrl Pts',(16.6109125908934,-0.0686474247569824,
0.));
#2962=CARTESIAN_POINT('Ctrl Pts',(16.6109125908934,-0.0686474247569824,
0.66));
#2963=CARTESIAN_POINT('Ctrl Pts',(17.4927051676169,-0.152067654716566,0.));
#2964=CARTESIAN_POINT('Ctrl Pts',(17.4927051676169,-0.152067654716566,0.66));
#2965=CARTESIAN_POINT('Ctrl Pts',(17.9447971689456,-0.194836917816812,0.));
#2966=CARTESIAN_POINT('Ctrl Pts',(17.9447971689456,-0.194836917816812,0.66));
#2967=CARTESIAN_POINT('',(15.6828645986673,0.86268196104631,0.6));
#2968=CARTESIAN_POINT('Ctrl Pts',(17.9447971689456,-0.194836917816812,0.6));
#2969=CARTESIAN_POINT('Ctrl Pts',(17.4927051676169,-0.152067654716566,0.6));
#2970=CARTESIAN_POINT('Ctrl Pts',(17.0406131662881,-0.109298391616318,0.6));
#2971=CARTESIAN_POINT('Ctrl Pts',(16.656289129435,0.0761411930733502,0.6));
#2972=CARTESIAN_POINT('Ctrl Pts',(16.2910000747991,0.252396238524091,0.6));
#2973=CARTESIAN_POINT('Ctrl Pts',(15.9869323367332,0.557539099785203,0.6));
#2974=CARTESIAN_POINT('Ctrl Pts',(15.6828645986673,0.86268196104631,0.6));
#2975=CARTESIAN_POINT('',(15.6828645986673,0.86268196104631,0.));
#2976=CARTESIAN_POINT('',(15.6828645986673,0.86268196104631,0.));
#2977=CARTESIAN_POINT('Ctrl Pts',(17.9447971689456,-0.194836917816812,0.));
#2978=CARTESIAN_POINT('Ctrl Pts',(17.4927051676169,-0.152067654716566,0.));
#2979=CARTESIAN_POINT('Ctrl Pts',(16.6109125908934,-0.0686474247569824,
0.));
#2980=CARTESIAN_POINT('Ctrl Pts',(15.9869323367332,0.557539099785203,0.));
#2981=CARTESIAN_POINT('Ctrl Pts',(15.6828645986673,0.86268196104631,0.));
#2982=CARTESIAN_POINT('Ctrl Pts',(14.7309157417121,4.93702141309301,0.));
#2983=CARTESIAN_POINT('Ctrl Pts',(14.7309157417121,4.93702141309301,0.66));
#2984=CARTESIAN_POINT('Ctrl Pts',(14.7332145791171,4.10909419299261,0.));
#2985=CARTESIAN_POINT('Ctrl Pts',(14.7332145791171,4.10909419299261,0.66));
#2986=CARTESIAN_POINT('Ctrl Pts',(14.7372114070222,2.66963500830256,0.));
#2987=CARTESIAN_POINT('Ctrl Pts',(14.7372114070222,2.66963500830256,0.66));
#2988=CARTESIAN_POINT('Ctrl Pts',(15.4009047499813,1.40145052048059,0.));
#2989=CARTESIAN_POINT('Ctrl Pts',(15.4009047499813,1.40145052048059,0.66));
#2990=CARTESIAN_POINT('Ctrl Pts',(15.6828645986673,0.86268196104631,0.));
#2991=CARTESIAN_POINT('Ctrl Pts',(15.6828645986673,0.86268196104631,0.66));
#2992=CARTESIAN_POINT('',(14.7309157417121,4.93702141309301,0.6));
#2993=CARTESIAN_POINT('Ctrl Pts',(15.6828645986673,0.86268196104631,0.6));
#2994=CARTESIAN_POINT('Ctrl Pts',(15.4009047499813,1.40145052048059,0.6));
#2995=CARTESIAN_POINT('Ctrl Pts',(15.1189449012953,1.94021907991487,0.6));
#2996=CARTESIAN_POINT('Ctrl Pts',(14.9560499670986,2.50990004629905,0.6));
#2997=CARTESIAN_POINT('Ctrl Pts',(14.735513416522,3.28116697289222,0.6));
#2998=CARTESIAN_POINT('Ctrl Pts',(14.7332145791171,4.10909419299261,0.6));
#2999=CARTESIAN_POINT('Ctrl Pts',(14.7309157417121,4.93702141309301,0.6));
#3000=CARTESIAN_POINT('',(14.7309157417121,4.93702141309301,0.));
#3001=CARTESIAN_POINT('',(14.7309157417121,4.93702141309301,0.));
#3002=CARTESIAN_POINT('Ctrl Pts',(15.6828645986673,0.86268196104631,0.));
#3003=CARTESIAN_POINT('Ctrl Pts',(15.4009047499813,1.40145052048059,0.));
#3004=CARTESIAN_POINT('Ctrl Pts',(14.7372114070222,2.66963500830256,0.));
#3005=CARTESIAN_POINT('Ctrl Pts',(14.7332145791171,4.10909419299261,0.));
#3006=CARTESIAN_POINT('Ctrl Pts',(14.7309157417121,4.93702141309301,0.));
#3007=CARTESIAN_POINT('Ctrl Pts',(16.5392685886941,1.64275796907249,0.));
#3008=CARTESIAN_POINT('Ctrl Pts',(16.5392685886941,1.64275796907249,0.66));
#3009=CARTESIAN_POINT('Ctrl Pts',(16.376832154449,2.04868112762981,0.));
#3010=CARTESIAN_POINT('Ctrl Pts',(16.376832154449,2.04868112762981,0.66));
#3011=CARTESIAN_POINT('Ctrl Pts',(15.9577122318284,3.09604764730989,0.));
#3012=CARTESIAN_POINT('Ctrl Pts',(15.9577122318284,3.09604764730989,0.66));
#3013=CARTESIAN_POINT('Ctrl Pts',(15.9794734851992,4.23064212540229,0.));
#3014=CARTESIAN_POINT('Ctrl Pts',(15.9794734851992,4.23064212540229,0.66));
#3015=CARTESIAN_POINT('Ctrl Pts',(15.9928008269101,4.92550689514995,0.));
#3016=CARTESIAN_POINT('Ctrl Pts',(15.9928008269101,4.92550689514995,0.66));
#3017=CARTESIAN_POINT('',(16.5392685886941,1.64275796907249,0.6));
#3018=CARTESIAN_POINT('Ctrl Pts',(15.9928008269101,4.92550689514995,0.6));
#3019=CARTESIAN_POINT('Ctrl Pts',(15.9794734851992,4.23064212540229,0.6));
#3020=CARTESIAN_POINT('Ctrl Pts',(15.9661461434882,3.53577735565462,0.6));
#3021=CARTESIAN_POINT('Ctrl Pts',(16.1181827418459,2.8736296980739,0.6));
#3022=CARTESIAN_POINT('Ctrl Pts',(16.214395720204,2.45460428618713,0.6));
#3023=CARTESIAN_POINT('Ctrl Pts',(16.376832154449,2.04868112762981,0.6));
#3024=CARTESIAN_POINT('Ctrl Pts',(16.5392685886941,1.64275796907249,0.6));
#3025=CARTESIAN_POINT('',(16.5392685886941,1.64275796907249,0.));
#3026=CARTESIAN_POINT('',(16.5392685886941,1.64275796907249,0.));
#3027=CARTESIAN_POINT('Ctrl Pts',(15.9928008269101,4.92550689514995,0.));
#3028=CARTESIAN_POINT('Ctrl Pts',(15.9794734851992,4.23064212540229,0.));
#3029=CARTESIAN_POINT('Ctrl Pts',(15.9577122318284,3.09604764730989,0.));
#3030=CARTESIAN_POINT('Ctrl Pts',(16.376832154449,2.04868112762981,0.));
#3031=CARTESIAN_POINT('Ctrl Pts',(16.5392685886941,1.64275796907249,0.));
#3032=CARTESIAN_POINT('Ctrl Pts',(17.9540087833,0.814671150341597,0.));
#3033=CARTESIAN_POINT('Ctrl Pts',(17.9540087833,0.814671150341597,0.66));
#3034=CARTESIAN_POINT('Ctrl Pts',(17.6794441936225,0.857343794067587,0.));
#3035=CARTESIAN_POINT('Ctrl Pts',(17.6794441936225,0.857343794067587,0.66));
#3036=CARTESIAN_POINT('Ctrl Pts',(17.1019657606882,0.947095103429756,0.));
#3037=CARTESIAN_POINT('Ctrl Pts',(17.1019657606882,0.947095103429756,0.66));
#3038=CARTESIAN_POINT('Ctrl Pts',(16.7328740615816,1.40340340186236,0.));
#3039=CARTESIAN_POINT('Ctrl Pts',(16.7328740615816,1.40340340186236,0.66));
#3040=CARTESIAN_POINT('Ctrl Pts',(16.5392685886941,1.64275796907249,0.));
#3041=CARTESIAN_POINT('Ctrl Pts',(16.5392685886941,1.64275796907249,0.66));
#3042=CARTESIAN_POINT('',(17.9540087833,0.814671150341597,0.6));
#3043=CARTESIAN_POINT('Ctrl Pts',(16.5392685886941,1.64275796907249,0.6));
#3044=CARTESIAN_POINT('Ctrl Pts',(16.7238144382474,1.41460381985619,0.6));
#3045=CARTESIAN_POINT('Ctrl Pts',(16.9083602878007,1.18644967063989,0.6));
#3046=CARTESIAN_POINT('Ctrl Pts',(17.3777976310373,0.90422549979478,0.6));
#3047=CARTESIAN_POINT('Ctrl Pts',(17.6430351793162,0.863002458565185,0.6));
#3048=CARTESIAN_POINT('Ctrl Pts',(17.9540087833,0.814671150341597,0.6));
#3049=CARTESIAN_POINT('',(17.9540087833,0.814671150341597,0.));
#3050=CARTESIAN_POINT('',(17.9540087833,0.814671150341597,0.));
#3051=CARTESIAN_POINT('Ctrl Pts',(16.5392685886941,1.64275796907249,0.));
#3052=CARTESIAN_POINT('Ctrl Pts',(16.7328740615816,1.40340340186236,0.));
#3053=CARTESIAN_POINT('Ctrl Pts',(17.1019657606882,0.947095103429756,0.));
#3054=CARTESIAN_POINT('Ctrl Pts',(17.6794441936225,0.857343794067587,0.));
#3055=CARTESIAN_POINT('Ctrl Pts',(17.9540087833,0.814671150341597,0.));
#3056=CARTESIAN_POINT('Ctrl Pts',(19.3836568038136,1.62021405989991,0.));
#3057=CARTESIAN_POINT('Ctrl Pts',(19.3836568038136,1.62021405989991,0.66));
#3058=CARTESIAN_POINT('Ctrl Pts',(19.1858511407659,1.38344307138724,0.));
#3059=CARTESIAN_POINT('Ctrl Pts',(19.1858511407659,1.38344307138724,0.66));
#3060=CARTESIAN_POINT('Ctrl Pts',(18.8090592601904,0.932427743247273,0.));
#3061=CARTESIAN_POINT('Ctrl Pts',(18.8090592601904,0.932427743247273,0.66));
#3062=CARTESIAN_POINT('Ctrl Pts',(18.2293745294067,0.852594212126643,0.));
#3063=CARTESIAN_POINT('Ctrl Pts',(18.2293745294067,0.852594212126643,0.66));
#3064=CARTESIAN_POINT('Ctrl Pts',(17.9540087833,0.814671150341597,0.));
#3065=CARTESIAN_POINT('Ctrl Pts',(17.9540087833,0.814671150341597,0.66));
#3066=CARTESIAN_POINT('',(19.3836568038136,1.62021405989991,0.6));
#3067=CARTESIAN_POINT('Ctrl Pts',(17.9540087833,0.814671150341597,0.6));
#3068=CARTESIAN_POINT('Ctrl Pts',(18.2293745294067,0.852594212126643,0.6));
#3069=CARTESIAN_POINT('Ctrl Pts',(18.5047402755133,0.890517273911688,0.6));
#3070=CARTESIAN_POINT('Ctrl Pts',(18.7343231686532,1.01219765695973,0.6));
#3071=CARTESIAN_POINT('Ctrl Pts',(18.9880454777182,1.14667208287457,0.6));
#3072=CARTESIAN_POINT('Ctrl Pts',(19.1858511407659,1.38344307138724,0.6));
#3073=CARTESIAN_POINT('Ctrl Pts',(19.3836568038136,1.62021405989991,0.6));
#3074=CARTESIAN_POINT('',(19.3836568038136,1.62021405989991,0.));
#3075=CARTESIAN_POINT('',(19.3836568038136,1.62021405989991,0.));
#3076=CARTESIAN_POINT('Ctrl Pts',(17.9540087833,0.814671150341597,0.));
#3077=CARTESIAN_POINT('Ctrl Pts',(18.2293745294067,0.852594212126643,0.));
#3078=CARTESIAN_POINT('Ctrl Pts',(18.8090592601904,0.932427743247273,0.));
#3079=CARTESIAN_POINT('Ctrl Pts',(19.1858511407659,1.38344307138724,0.));
#3080=CARTESIAN_POINT('Ctrl Pts',(19.3836568038136,1.62021405989991,0.));
#3081=CARTESIAN_POINT('Ctrl Pts',(19.9899066779546,4.88903388537909,0.));
#3082=CARTESIAN_POINT('Ctrl Pts',(19.9899066779546,4.88903388537909,0.66));
#3083=CARTESIAN_POINT('Ctrl Pts',(19.9903201890768,4.19551755838494,0.));
#3084=CARTESIAN_POINT('Ctrl Pts',(19.9903201890768,4.19551755838494,0.66));
#3085=CARTESIAN_POINT('Ctrl Pts',(19.9909960859058,3.06194348740443,0.));
#3086=CARTESIAN_POINT('Ctrl Pts',(19.9909960859058,3.06194348740443,0.66));
#3087=CARTESIAN_POINT('Ctrl Pts',(19.5534959947666,2.02338600474251,0.));
#3088=CARTESIAN_POINT('Ctrl Pts',(19.5534959947666,2.02338600474251,0.66));
#3089=CARTESIAN_POINT('Ctrl Pts',(19.3836568038136,1.62021405989991,0.));
#3090=CARTESIAN_POINT('Ctrl Pts',(19.3836568038136,1.62021405989991,0.66));
#3091=CARTESIAN_POINT('Ctrl Pts',(19.3836568038136,1.62021405989991,0.6));
#3092=CARTESIAN_POINT('Ctrl Pts',(19.5534959947666,2.02338600474251,0.6));
#3093=CARTESIAN_POINT('Ctrl Pts',(19.7233351857195,2.42655794958511,0.6));
#3094=CARTESIAN_POINT('Ctrl Pts',(19.8271403009206,2.84404910123728,0.6));
#3095=CARTESIAN_POINT('Ctrl Pts',(19.9907337001991,3.50200123139079,0.6));
#3096=CARTESIAN_POINT('Ctrl Pts',(19.9903201890768,4.19551755838494,0.6));
#3097=CARTESIAN_POINT('Ctrl Pts',(19.9899066779546,4.88903388537909,0.6));
#3098=CARTESIAN_POINT('Ctrl Pts',(19.3836568038136,1.62021405989991,0.));
#3099=CARTESIAN_POINT('Ctrl Pts',(19.5534959947666,2.02338600474251,0.));
#3100=CARTESIAN_POINT('Ctrl Pts',(19.9909960859058,3.06194348740443,0.));
#3101=CARTESIAN_POINT('Ctrl Pts',(19.9903201890768,4.19551755838494,0.));
#3102=CARTESIAN_POINT('Ctrl Pts',(19.9899066779546,4.88903388537909,0.));
#3103=CARTESIAN_POINT('Ctrl Pts',(15.1218872228114,7.78827934338693,0.));
#3104=CARTESIAN_POINT('Ctrl Pts',(15.1218872228114,7.78827934338693,0.66));
#3105=CARTESIAN_POINT('Ctrl Pts',(15.0119898885006,7.37321062304303,0.));
#3106=CARTESIAN_POINT('Ctrl Pts',(15.0119898885006,7.37321062304303,0.66));
#3107=CARTESIAN_POINT('Ctrl Pts',(14.7648648777359,6.43984984021458,0.));
#3108=CARTESIAN_POINT('Ctrl Pts',(14.7648648777359,6.43984984021458,0.66));
#3109=CARTESIAN_POINT('Ctrl Pts',(14.7430367992957,5.47358499133978,0.));
#3110=CARTESIAN_POINT('Ctrl Pts',(14.7430367992957,5.47358499133978,0.66));
#3111=CARTESIAN_POINT('Ctrl Pts',(14.7309157417121,4.93702141309301,0.));
#3112=CARTESIAN_POINT('Ctrl Pts',(14.7309157417121,4.93702141309301,0.66));
#3113=CARTESIAN_POINT('',(15.1218872228114,7.78827934338693,0.6));
#3114=CARTESIAN_POINT('Ctrl Pts',(14.7309157417121,4.93702141309301,0.6));
#3115=CARTESIAN_POINT('Ctrl Pts',(14.7430367992957,5.47358499133978,0.6));
#3116=CARTESIAN_POINT('Ctrl Pts',(14.7551578568792,6.01014856958655,0.6));
#3117=CARTESIAN_POINT('Ctrl Pts',(14.8367501936484,6.53656603738669,0.6));
#3118=CARTESIAN_POINT('Ctrl Pts',(14.9020925541898,6.95814190269912,0.6));
#3119=CARTESIAN_POINT('Ctrl Pts',(15.0119898885006,7.37321062304303,0.6));
#3120=CARTESIAN_POINT('Ctrl Pts',(15.1218872228114,7.78827934338693,0.6));
#3121=CARTESIAN_POINT('',(15.1218872228114,7.78827934338693,0.));
#3122=CARTESIAN_POINT('',(15.1218872228114,7.78827934338693,0.));
#3123=CARTESIAN_POINT('Ctrl Pts',(14.7309157417121,4.93702141309301,0.));
#3124=CARTESIAN_POINT('Ctrl Pts',(14.7430367992957,5.47358499133978,0.));
#3125=CARTESIAN_POINT('Ctrl Pts',(14.7648648777359,6.43984984021458,0.));
#3126=CARTESIAN_POINT('Ctrl Pts',(15.0119898885006,7.37321062304303,0.));
#3127=CARTESIAN_POINT('Ctrl Pts',(15.1218872228114,7.78827934338693,0.));
#3128=CARTESIAN_POINT('Ctrl Pts',(16.2216439016864,9.44611718119888,0.));
#3129=CARTESIAN_POINT('Ctrl Pts',(16.2216439016864,9.44611718119888,0.66));
#3130=CARTESIAN_POINT('Ctrl Pts',(15.9916089927319,9.22313781870439,0.));
#3131=CARTESIAN_POINT('Ctrl Pts',(15.9916089927319,9.22313781870439,0.66));
#3132=CARTESIAN_POINT('Ctrl Pts',(15.5050267759151,8.75147987339463,0.));
#3133=CARTESIAN_POINT('Ctrl Pts',(15.5050267759151,8.75147987339463,0.66));
#3134=CARTESIAN_POINT('Ctrl Pts',(15.2541567903902,8.12080078776336,0.));
#3135=CARTESIAN_POINT('Ctrl Pts',(15.2541567903902,8.12080078776336,0.66));
#3136=CARTESIAN_POINT('Ctrl Pts',(15.1218872228114,7.78827934338693,0.));
#3137=CARTESIAN_POINT('Ctrl Pts',(15.1218872228114,7.78827934338693,0.66));
#3138=CARTESIAN_POINT('',(16.2216439016864,9.44611718119888,0.6));
#3139=CARTESIAN_POINT('Ctrl Pts',(15.1218872228114,7.78827934338693,0.6));
#3140=CARTESIAN_POINT('Ctrl Pts',(15.2541567903902,8.12080078776336,0.6));
#3141=CARTESIAN_POINT('Ctrl Pts',(15.386426357969,8.45332223213979,0.6));
#3142=CARTESIAN_POINT('Ctrl Pts',(15.5842205554974,8.7416380732829,0.6));
#3143=CARTESIAN_POINT('Ctrl Pts',(15.7615740837775,9.00015845620991,0.6));
#3144=CARTESIAN_POINT('Ctrl Pts',(15.9916089927319,9.22313781870439,0.6));
#3145=CARTESIAN_POINT('Ctrl Pts',(16.2216439016864,9.44611718119888,0.6));
#3146=CARTESIAN_POINT('',(16.2216439016864,9.44611718119888,0.));
#3147=CARTESIAN_POINT('',(16.2216439016864,9.44611718119888,0.));
#3148=CARTESIAN_POINT('Ctrl Pts',(15.1218872228114,7.78827934338693,0.));
#3149=CARTESIAN_POINT('Ctrl Pts',(15.2541567903902,8.12080078776336,0.));
#3150=CARTESIAN_POINT('Ctrl Pts',(15.5050267759151,8.75147987339463,0.));
#3151=CARTESIAN_POINT('Ctrl Pts',(15.9916089927319,9.22313781870439,0.));
#3152=CARTESIAN_POINT('Ctrl Pts',(16.2216439016864,9.44611718119888,0.));
#3153=CARTESIAN_POINT('Ctrl Pts',(18.0379713724602,10.0161973887708,0.));
#3154=CARTESIAN_POINT('Ctrl Pts',(18.0379713724602,10.0161973887708,0.66));
#3155=CARTESIAN_POINT('Ctrl Pts',(17.6953238420059,9.99948296738718,0.));
#3156=CARTESIAN_POINT('Ctrl Pts',(17.6953238420059,9.99948296738718,0.66));
#3157=CARTESIAN_POINT('Ctrl Pts',(17.0389320528579,9.96746403253007,0.));
#3158=CARTESIAN_POINT('Ctrl Pts',(17.0389320528579,9.96746403253007,0.66));
#3159=CARTESIAN_POINT('Ctrl Pts',(16.4859567943976,9.61472196787504,0.));
#3160=CARTESIAN_POINT('Ctrl Pts',(16.4859567943976,9.61472196787504,0.66));
#3161=CARTESIAN_POINT('Ctrl Pts',(16.2216439016864,9.44611718119888,0.));
#3162=CARTESIAN_POINT('Ctrl Pts',(16.2216439016864,9.44611718119888,0.66));
#3163=CARTESIAN_POINT('',(18.0379713724602,10.0161973887708,0.6));
#3164=CARTESIAN_POINT('Ctrl Pts',(16.2216439016864,9.44611718119888,0.6));
#3165=CARTESIAN_POINT('Ctrl Pts',(16.4859567943976,9.61472196787504,0.6));
#3166=CARTESIAN_POINT('Ctrl Pts',(16.7502696871088,9.78332675455121,0.6));
#3167=CARTESIAN_POINT('Ctrl Pts',(17.0382099431308,9.87865658354403,0.6));
#3168=CARTESIAN_POINT('Ctrl Pts',(17.3526763115517,9.98276854600357,0.6));
#3169=CARTESIAN_POINT('Ctrl Pts',(17.6953238420059,9.99948296738718,0.6));
#3170=CARTESIAN_POINT('Ctrl Pts',(18.0379713724602,10.0161973887708,0.6));
#3171=CARTESIAN_POINT('',(18.0379713724602,10.0161973887708,0.));
#3172=CARTESIAN_POINT('',(18.0379713724602,10.0161973887708,0.));
#3173=CARTESIAN_POINT('Ctrl Pts',(16.2216439016864,9.44611718119888,0.));
#3174=CARTESIAN_POINT('Ctrl Pts',(16.4859567943976,9.61472196787504,0.));
#3175=CARTESIAN_POINT('Ctrl Pts',(17.0389320528579,9.96746403253007,0.));
#3176=CARTESIAN_POINT('Ctrl Pts',(17.6953238420059,9.99948296738718,0.));
#3177=CARTESIAN_POINT('Ctrl Pts',(18.0379713724602,10.0161973887708,0.));
#3178=CARTESIAN_POINT('Ctrl Pts',(19.4469615988109,9.67931741217282,0.));
#3179=CARTESIAN_POINT('Ctrl Pts',(19.4469615988109,9.67931741217282,0.66));
#3180=CARTESIAN_POINT('Ctrl Pts',(19.2321434426638,9.77574094874698,0.));
#3181=CARTESIAN_POINT('Ctrl Pts',(19.2321434426638,9.77574094874698,0.66));
#3182=CARTESIAN_POINT('Ctrl Pts',(18.7841846675332,9.97681226465544,0.));
#3183=CARTESIAN_POINT('Ctrl Pts',(18.7841846675332,9.97681226465544,0.66));
#3184=CARTESIAN_POINT('Ctrl Pts',(18.2934005080761,10.0027158436478,0.));
#3185=CARTESIAN_POINT('Ctrl Pts',(18.2934005080761,10.0027158436478,0.66));
#3186=CARTESIAN_POINT('Ctrl Pts',(18.0379713724602,10.0161973887708,0.));
#3187=CARTESIAN_POINT('Ctrl Pts',(18.0379713724602,10.0161973887708,0.66));
#3188=CARTESIAN_POINT('',(19.4469615988109,9.67931741217282,0.6));
#3189=CARTESIAN_POINT('Ctrl Pts',(18.0379713724602,10.0161973887708,0.6));
#3190=CARTESIAN_POINT('Ctrl Pts',(18.2833634521888,10.0032455992746,0.6));
#3191=CARTESIAN_POINT('Ctrl Pts',(18.5287555319173,9.99029380977844,0.6));
#3192=CARTESIAN_POINT('Ctrl Pts',(18.9996955807596,9.8800777763034,0.6));
#3193=CARTESIAN_POINT('Ctrl Pts',(19.2080207441685,9.7865686922783,0.6));
#3194=CARTESIAN_POINT('Ctrl Pts',(19.4469615988109,9.67931741217282,0.6));
#3195=CARTESIAN_POINT('',(19.4469615988109,9.67931741217282,0.));
#3196=CARTESIAN_POINT('',(19.4469615988109,9.67931741217282,0.));
#3197=CARTESIAN_POINT('Ctrl Pts',(18.0379713724602,10.0161973887708,0.));
#3198=CARTESIAN_POINT('Ctrl Pts',(18.2934005080761,10.0027158436478,0.));
#3199=CARTESIAN_POINT('Ctrl Pts',(18.7841846675332,9.97681226465544,0.));
#3200=CARTESIAN_POINT('Ctrl Pts',(19.2321434426638,9.77574094874698,0.));
#3201=CARTESIAN_POINT('Ctrl Pts',(19.4469615988109,9.67931741217282,0.));
#3202=CARTESIAN_POINT('Ctrl Pts',(20.4411218259789,8.73569074866571,0.));
#3203=CARTESIAN_POINT('Ctrl Pts',(20.4411218259789,8.73569074866571,0.66));
#3204=CARTESIAN_POINT('Ctrl Pts',(20.3036944308751,8.92770133959813,0.));
#3205=CARTESIAN_POINT('Ctrl Pts',(20.3036944308751,8.92770133959813,0.66));
#3206=CARTESIAN_POINT('Ctrl Pts',(20.0327890644944,9.30620447171539,0.));
#3207=CARTESIAN_POINT('Ctrl Pts',(20.0327890644944,9.30620447171539,0.66));
#3208=CARTESIAN_POINT('Ctrl Pts',(19.6403302526498,9.55616110549143,0.));
#3209=CARTESIAN_POINT('Ctrl Pts',(19.6403302526498,9.55616110549143,0.66));
#3210=CARTESIAN_POINT('Ctrl Pts',(19.4469615988109,9.67931741217282,0.));
#3211=CARTESIAN_POINT('Ctrl Pts',(19.4469615988109,9.67931741217282,0.66));
#3212=CARTESIAN_POINT('',(20.4411218259789,8.73569074866571,0.6));
#3213=CARTESIAN_POINT('Ctrl Pts',(19.4469615988109,9.67931741217282,0.6));
#3214=CARTESIAN_POINT('Ctrl Pts',(19.6403302526498,9.55616110549143,0.6));
#3215=CARTESIAN_POINT('Ctrl Pts',(19.8336989064886,9.43300479881003,0.6));
#3216=CARTESIAN_POINT('Ctrl Pts',(19.9975587805141,9.27864205202456,0.6));
#3217=CARTESIAN_POINT('Ctrl Pts',(20.1662670357713,9.11971193053055,0.6));
#3218=CARTESIAN_POINT('Ctrl Pts',(20.3036944308751,8.92770133959813,0.6));
#3219=CARTESIAN_POINT('Ctrl Pts',(20.4411218259789,8.73569074866571,0.6));
#3220=CARTESIAN_POINT('',(20.4411218259789,8.73569074866571,0.));
#3221=CARTESIAN_POINT('',(20.4411218259789,8.73569074866571,0.));
#3222=CARTESIAN_POINT('Ctrl Pts',(19.4469615988109,9.67931741217282,0.));
#3223=CARTESIAN_POINT('Ctrl Pts',(19.6403302526498,9.55616110549143,0.));
#3224=CARTESIAN_POINT('Ctrl Pts',(20.0327890644944,9.30620447171539,0.));
#3225=CARTESIAN_POINT('Ctrl Pts',(20.3036944308751,8.92770133959813,0.));
#3226=CARTESIAN_POINT('Ctrl Pts',(20.4411218259789,8.73569074866571,0.));
#3227=CARTESIAN_POINT('Ctrl Pts',(21.0482646083834,7.24304942505621,0.));
#3228=CARTESIAN_POINT('Ctrl Pts',(21.0482646083834,7.24304942505621,0.66));
#3229=CARTESIAN_POINT('Ctrl Pts',(20.9726720156821,7.51846993650129,0.));
#3230=CARTESIAN_POINT('Ctrl Pts',(20.9726720156821,7.51846993650129,0.66));
#3231=CARTESIAN_POINT('Ctrl Pts',(20.8294271263629,8.04038060616221,0.));
#3232=CARTESIAN_POINT('Ctrl Pts',(20.8294271263629,8.04038060616221,0.66));
#3233=CARTESIAN_POINT('Ctrl Pts',(20.5656836841333,8.5126468621718,0.));
#3234=CARTESIAN_POINT('Ctrl Pts',(20.5656836841333,8.5126468621718,0.66));
#3235=CARTESIAN_POINT('Ctrl Pts',(20.4411218259789,8.73569074866571,0.));
#3236=CARTESIAN_POINT('Ctrl Pts',(20.4411218259789,8.73569074866571,0.66));
#3237=CARTESIAN_POINT('Ctrl Pts',(20.4411218259789,8.73569074866571,0.6));
#3238=CARTESIAN_POINT('Ctrl Pts',(20.5656836841333,8.5126468621718,0.6));
#3239=CARTESIAN_POINT('Ctrl Pts',(20.6902455422877,8.28960297567789,0.6));
#3240=CARTESIAN_POINT('Ctrl Pts',(20.7879299142312,8.05548578571987,0.6));
#3241=CARTESIAN_POINT('Ctrl Pts',(20.8970794229807,7.79389044794636,0.6));
#3242=CARTESIAN_POINT('Ctrl Pts',(20.9726720156821,7.51846993650129,0.6));
#3243=CARTESIAN_POINT('Ctrl Pts',(21.0482646083834,7.24304942505621,0.6));
#3244=CARTESIAN_POINT('Ctrl Pts',(20.4411218259789,8.73569074866571,0.));
#3245=CARTESIAN_POINT('Ctrl Pts',(20.5656836841333,8.5126468621718,0.));
#3246=CARTESIAN_POINT('Ctrl Pts',(20.8294271263629,8.04038060616221,0.));
#3247=CARTESIAN_POINT('Ctrl Pts',(20.9726720156821,7.51846993650129,0.));
#3248=CARTESIAN_POINT('Ctrl Pts',(21.0482646083834,7.24304942505621,0.));
#3249=CARTESIAN_POINT('Origin',(12.1381770142107,4.96258891317627,0.));
#3250=CARTESIAN_POINT('Origin',(12.1381770142107,4.96258891317627,0.6));
#3251=CARTESIAN_POINT('Origin',(12.8919931677779,0.0218087484442772,0.));
#3252=CARTESIAN_POINT('',(12.9047524967076,1.42011364954857,0.6));
#3253=CARTESIAN_POINT('',(12.8919931677779,0.0218087484442772,0.6));
#3254=CARTESIAN_POINT('',(12.9145018614941,2.48855421084874,0.6));
#3255=CARTESIAN_POINT('',(12.8919931677779,0.0218087484442772,0.));
#3256=CARTESIAN_POINT('',(12.8919931677779,0.0218087484442772,0.));
#3257=CARTESIAN_POINT('',(12.9047524967076,1.42011364954857,0.));
#3258=CARTESIAN_POINT('',(12.9047524967076,1.42011364954857,0.));
#3259=CARTESIAN_POINT('',(12.9047524967076,1.42011364954857,0.));
#3260=CARTESIAN_POINT('Origin',(11.4936882666736,0.0345680773740554,0.));
#3261=CARTESIAN_POINT('',(11.4936882666736,0.0345680773740553,0.6));
#3262=CARTESIAN_POINT('',(11.7934239467259,0.0318330328707012,0.6));
#3263=CARTESIAN_POINT('',(11.4936882666736,0.0345680773740553,0.));
#3264=CARTESIAN_POINT('',(11.4936882666736,0.0345680773740553,0.));
#3265=CARTESIAN_POINT('',(12.8919931677779,0.0218087484442764,0.));
#3266=CARTESIAN_POINT('Origin',(11.5064475956033,1.43287297847835,0.));
#3267=CARTESIAN_POINT('',(11.5064475956033,1.43287297847835,0.6));
#3268=CARTESIAN_POINT('',(11.5225766248547,3.20046599033067,0.6));
#3269=CARTESIAN_POINT('',(11.5064475956033,1.43287297847835,0.));
#3270=CARTESIAN_POINT('',(11.5064475956033,1.43287297847835,0.));
#3271=CARTESIAN_POINT('',(11.4936882666736,0.0345680773740553,0.));
#3272=CARTESIAN_POINT('Origin',(12.9047524967076,1.42011364954857,0.));
#3273=CARTESIAN_POINT('',(12.5053357262078,1.42375826951011,0.6));
#3274=CARTESIAN_POINT('',(11.5064475956033,1.43287297847835,0.));
#3275=CARTESIAN_POINT('Origin',(12.1381770142107,4.96258891317627,0.));
#3276=CARTESIAN_POINT('Origin',(12.1381770142107,4.96258891317627,0.6));
#3277=CARTESIAN_POINT('Ctrl Pts',(7.82009262757473,4.87388265392829,0.));
#3278=CARTESIAN_POINT('Ctrl Pts',(7.82009262757473,4.87388265392829,0.66));
#3279=CARTESIAN_POINT('Ctrl Pts',(7.97896845987083,4.64485680741667,0.));
#3280=CARTESIAN_POINT('Ctrl Pts',(7.97896845987083,4.64485680741667,0.66));
#3281=CARTESIAN_POINT('Ctrl Pts',(8.31954383860236,4.15390382049775,0.));
#3282=CARTESIAN_POINT('Ctrl Pts',(8.31954383860236,4.15390382049775,0.66));
#3283=CARTESIAN_POINT('Ctrl Pts',(8.34441681103394,3.55482507450478,0.));
#3284=CARTESIAN_POINT('Ctrl Pts',(8.34441681103394,3.55482507450478,0.66));
#3285=CARTESIAN_POINT('Ctrl Pts',(8.35768673038674,3.23521202193636,0.));
#3286=CARTESIAN_POINT('Ctrl Pts',(8.35768673038674,3.23521202193636,0.66));
#3287=CARTESIAN_POINT('',(8.35768673038674,3.23521202193636,0.6));
#3288=CARTESIAN_POINT('',(7.82009262757473,4.87388265392829,0.6));
#3289=CARTESIAN_POINT('Ctrl Pts',(8.35768673038674,3.23521202193636,0.6));
#3290=CARTESIAN_POINT('Ctrl Pts',(8.34441681103394,3.55482507450478,0.6));
#3291=CARTESIAN_POINT('Ctrl Pts',(8.33114689168113,3.87443812707319,0.6));
#3292=CARTESIAN_POINT('Ctrl Pts',(8.22801848942453,4.16327530819011,0.6));
#3293=CARTESIAN_POINT('Ctrl Pts',(8.13784429216694,4.41583096090506,0.6));
#3294=CARTESIAN_POINT('Ctrl Pts',(7.97896845987083,4.64485680741667,0.6));
#3295=CARTESIAN_POINT('Ctrl Pts',(7.82009262757473,4.87388265392829,0.6));
#3296=CARTESIAN_POINT('',(7.82009262757473,4.87388265392829,0.));
#3297=CARTESIAN_POINT('',(7.82009262757473,4.87388265392829,0.));
#3298=CARTESIAN_POINT('',(8.35768673038674,3.23521202193636,0.));
#3299=CARTESIAN_POINT('Ctrl Pts',(8.35768673038674,3.23521202193636,0.));
#3300=CARTESIAN_POINT('Ctrl Pts',(8.34441681103394,3.55482507450478,0.));
#3301=CARTESIAN_POINT('Ctrl Pts',(8.31954383860236,4.15390382049775,0.));
#3302=CARTESIAN_POINT('Ctrl Pts',(7.97896845987083,4.64485680741667,0.));
#3303=CARTESIAN_POINT('Ctrl Pts',(7.82009262757473,4.87388265392829,0.));
#3304=CARTESIAN_POINT('',(8.35768673038674,3.23521202193636,0.));
#3305=CARTESIAN_POINT('Ctrl Pts',(6.43405495229709,5.48341732929958,0.));
#3306=CARTESIAN_POINT('Ctrl Pts',(6.43405495229709,5.48341732929958,0.66));
#3307=CARTESIAN_POINT('Ctrl Pts',(6.70073085969015,5.45700395787156,0.));
#3308=CARTESIAN_POINT('Ctrl Pts',(6.70073085969015,5.45700395787156,0.66));
#3309=CARTESIAN_POINT('Ctrl Pts',(7.22941399591208,5.40463963227024,0.));
#3310=CARTESIAN_POINT('Ctrl Pts',(7.22941399591208,5.40463963227024,0.66));
#3311=CARTESIAN_POINT('Ctrl Pts',(7.62436231612669,5.04975701793173,0.));
#3312=CARTESIAN_POINT('Ctrl Pts',(7.62436231612669,5.04975701793173,0.66));
#3313=CARTESIAN_POINT('Ctrl Pts',(7.82009262757473,4.87388265392829,0.));
#3314=CARTESIAN_POINT('Ctrl Pts',(7.82009262757473,4.87388265392829,0.66));
#3315=CARTESIAN_POINT('',(6.43405495229709,5.48341732929958,0.6));
#3316=CARTESIAN_POINT('Ctrl Pts',(7.82009262757473,4.87388265392829,0.6));
#3317=CARTESIAN_POINT('Ctrl Pts',(7.62436231612669,5.04975701793173,0.6));
#3318=CARTESIAN_POINT('Ctrl Pts',(7.42863200467865,5.22563138193517,0.6));
#3319=CARTESIAN_POINT('Ctrl Pts',(7.20005587260852,5.3272060105113,0.6));
#3320=CARTESIAN_POINT('Ctrl Pts',(6.96740676708322,5.43059058644354,0.6));
#3321=CARTESIAN_POINT('Ctrl Pts',(6.70073085969015,5.45700395787156,0.6));
#3322=CARTESIAN_POINT('Ctrl Pts',(6.43405495229709,5.48341732929958,0.6));
#3323=CARTESIAN_POINT('',(6.43405495229709,5.48341732929958,0.));
#3324=CARTESIAN_POINT('',(6.43405495229709,5.48341732929958,0.));
#3325=CARTESIAN_POINT('Ctrl Pts',(7.82009262757473,4.87388265392829,0.));
#3326=CARTESIAN_POINT('Ctrl Pts',(7.62436231612669,5.04975701793173,0.));
#3327=CARTESIAN_POINT('Ctrl Pts',(7.22941399591208,5.40463963227024,0.));
#3328=CARTESIAN_POINT('Ctrl Pts',(6.70073085969015,5.45700395787156,0.));
#3329=CARTESIAN_POINT('Ctrl Pts',(6.43405495229709,5.48341732929958,0.));
#3330=CARTESIAN_POINT('Ctrl Pts',(5.01666225178597,4.89946354853015,0.));
#3331=CARTESIAN_POINT('Ctrl Pts',(5.01666225178597,4.89946354853015,0.66));
#3332=CARTESIAN_POINT('Ctrl Pts',(5.22203164922486,5.07168178134642,0.));
#3333=CARTESIAN_POINT('Ctrl Pts',(5.22203164922486,5.07168178134642,0.66));
#3334=CARTESIAN_POINT('Ctrl Pts',(5.63278103398093,5.41612712741659,0.));
#3335=CARTESIAN_POINT('Ctrl Pts',(5.63278103398093,5.41612712741659,0.66));
#3336=CARTESIAN_POINT('Ctrl Pts',(6.16695905549281,5.46098687648283,0.));
#3337=CARTESIAN_POINT('Ctrl Pts',(6.16695905549281,5.46098687648283,0.66));
#3338=CARTESIAN_POINT('Ctrl Pts',(6.43405495229709,5.48341732929958,0.));
#3339=CARTESIAN_POINT('Ctrl Pts',(6.43405495229709,5.48341732929958,0.66));
#3340=CARTESIAN_POINT('',(5.01666225178597,4.89946354853015,0.6));
#3341=CARTESIAN_POINT('Ctrl Pts',(6.43405495229709,5.48341732929958,0.6));
#3342=CARTESIAN_POINT('Ctrl Pts',(6.16695905549281,5.46098687648283,0.6));
#3343=CARTESIAN_POINT('Ctrl Pts',(5.89986315868853,5.43855642366609,0.6));
#3344=CARTESIAN_POINT('Ctrl Pts',(5.6636260122029,5.34122570961338,0.6));
#3345=CARTESIAN_POINT('Ctrl Pts',(5.42740104666375,5.24390001416269,0.6));
#3346=CARTESIAN_POINT('Ctrl Pts',(5.22203164922486,5.07168178134642,0.6));
#3347=CARTESIAN_POINT('Ctrl Pts',(5.01666225178597,4.89946354853015,0.6));
#3348=CARTESIAN_POINT('',(5.01666225178597,4.89946354853015,0.));
#3349=CARTESIAN_POINT('',(5.01666225178597,4.89946354853015,0.));
#3350=CARTESIAN_POINT('Ctrl Pts',(6.43405495229709,5.48341732929958,0.));
#3351=CARTESIAN_POINT('Ctrl Pts',(6.16695905549281,5.46098687648283,0.));
#3352=CARTESIAN_POINT('Ctrl Pts',(5.63278103398093,5.41612712741659,0.));
#3353=CARTESIAN_POINT('Ctrl Pts',(5.22203164922486,5.07168178134642,0.));
#3354=CARTESIAN_POINT('Ctrl Pts',(5.01666225178597,4.89946354853015,0.));
#3355=CARTESIAN_POINT('Ctrl Pts',(4.42259321523026,3.3393347654707,0.));
#3356=CARTESIAN_POINT('Ctrl Pts',(4.42259321523026,3.3393347654707,0.66));
#3357=CARTESIAN_POINT('Ctrl Pts',(4.44514668770741,3.64187882991205,0.));
#3358=CARTESIAN_POINT('Ctrl Pts',(4.44514668770741,3.64187882991205,0.66));
#3359=CARTESIAN_POINT('Ctrl Pts',(4.48841991846898,4.2223685584619,0.));
#3360=CARTESIAN_POINT('Ctrl Pts',(4.48841991846898,4.2223685584619,0.66));
#3361=CARTESIAN_POINT('Ctrl Pts',(4.84562705519495,4.68023258684267,0.));
#3362=CARTESIAN_POINT('Ctrl Pts',(4.84562705519495,4.68023258684267,0.66));
#3363=CARTESIAN_POINT('Ctrl Pts',(5.01666225178597,4.89946354853015,0.));
#3364=CARTESIAN_POINT('Ctrl Pts',(5.01666225178597,4.89946354853015,0.66));
#3365=CARTESIAN_POINT('',(4.42259321523026,3.3393347654707,0.6));
#3366=CARTESIAN_POINT('Ctrl Pts',(5.01666225178597,4.89946354853015,0.6));
#3367=CARTESIAN_POINT('Ctrl Pts',(4.84562705519495,4.68023258684267,0.6));
#3368=CARTESIAN_POINT('Ctrl Pts',(4.67459185860392,4.46100162515519,0.6));
#3369=CARTESIAN_POINT('Ctrl Pts',(4.575529553644,4.21365733750394,0.6));
#3370=CARTESIAN_POINT('Ctrl Pts',(4.46770016018455,3.9444228943534,0.6));
#3371=CARTESIAN_POINT('Ctrl Pts',(4.44514668770741,3.64187882991205,0.6));
#3372=CARTESIAN_POINT('Ctrl Pts',(4.42259321523026,3.3393347654707,0.6));
#3373=CARTESIAN_POINT('',(4.42259321523026,3.3393347654707,0.));
#3374=CARTESIAN_POINT('',(4.42259321523026,3.3393347654707,0.));
#3375=CARTESIAN_POINT('Ctrl Pts',(5.01666225178597,4.89946354853015,0.));
#3376=CARTESIAN_POINT('Ctrl Pts',(4.84562705519495,4.68023258684267,0.));
#3377=CARTESIAN_POINT('Ctrl Pts',(4.48841991846898,4.2223685584619,0.));
#3378=CARTESIAN_POINT('Ctrl Pts',(4.44514668770741,3.64187882991205,0.));
#3379=CARTESIAN_POINT('Ctrl Pts',(4.42259321523026,3.3393347654707,0.));
#3380=CARTESIAN_POINT('Ctrl Pts',(9.1916206639545,1.55290750282753,0.));
#3381=CARTESIAN_POINT('Ctrl Pts',(9.1916206639545,1.55290750282753,0.66));
#3382=CARTESIAN_POINT('Ctrl Pts',(9.31251343550083,1.82839722866252,0.));
#3383=CARTESIAN_POINT('Ctrl Pts',(9.31251343550083,1.82839722866252,0.66));
#3384=CARTESIAN_POINT('Ctrl Pts',(9.55683848913333,2.38516370178484,0.));
#3385=CARTESIAN_POINT('Ctrl Pts',(9.55683848913333,2.38516370178484,0.66));
#3386=CARTESIAN_POINT('Ctrl Pts',(9.59443921787965,2.99214526745729,0.));
#3387=CARTESIAN_POINT('Ctrl Pts',(9.59443921787965,2.99214526745729,0.66));
#3388=CARTESIAN_POINT('Ctrl Pts',(9.61343499292711,3.29879052843766,0.));
#3389=CARTESIAN_POINT('Ctrl Pts',(9.61343499292711,3.29879052843766,0.66));
#3390=CARTESIAN_POINT('',(9.61343499292711,3.29879052843766,0.6));
#3391=CARTESIAN_POINT('',(9.1916206639545,1.55290750282753,0.6));
#3392=CARTESIAN_POINT('Ctrl Pts',(9.61343499292711,3.29879052843766,0.6));
#3393=CARTESIAN_POINT('Ctrl Pts',(9.59443921787965,2.99214526745729,0.6));
#3394=CARTESIAN_POINT('Ctrl Pts',(9.57544344283219,2.68550000647691,0.6));
#3395=CARTESIAN_POINT('Ctrl Pts',(9.50368665860766,2.39167084229755,0.6));
#3396=CARTESIAN_POINT('Ctrl Pts',(9.43340620704717,2.10388695449751,0.6));
#3397=CARTESIAN_POINT('Ctrl Pts',(9.31251343550083,1.82839722866252,0.6));
#3398=CARTESIAN_POINT('Ctrl Pts',(9.1916206639545,1.55290750282753,0.6));
#3399=CARTESIAN_POINT('',(9.1916206639545,1.55290750282753,0.));
#3400=CARTESIAN_POINT('',(9.1916206639545,1.55290750282753,0.));
#3401=CARTESIAN_POINT('',(9.61343499292711,3.29879052843766,0.));
#3402=CARTESIAN_POINT('Ctrl Pts',(9.61343499292711,3.29879052843766,0.));
#3403=CARTESIAN_POINT('Ctrl Pts',(9.59443921787965,2.99214526745729,0.));
#3404=CARTESIAN_POINT('Ctrl Pts',(9.55683848913333,2.38516370178484,0.));
#3405=CARTESIAN_POINT('Ctrl Pts',(9.31251343550083,1.82839722866252,0.));
#3406=CARTESIAN_POINT('Ctrl Pts',(9.1916206639545,1.55290750282753,0.));
#3407=CARTESIAN_POINT('',(9.61343499292711,3.29879052843766,0.));
#3408=CARTESIAN_POINT('Ctrl Pts',(8.06509122514234,0.325072997127929,0.));
#3409=CARTESIAN_POINT('Ctrl Pts',(8.06509122514234,0.325072997127929,0.66));
#3410=CARTESIAN_POINT('Ctrl Pts',(8.29185388557732,0.485002971127619,0.));
#3411=CARTESIAN_POINT('Ctrl Pts',(8.29185388557732,0.485002971127619,0.66));
#3412=CARTESIAN_POINT('Ctrl Pts',(8.75603916127414,0.81238111588402,0.));
#3413=CARTESIAN_POINT('Ctrl Pts',(8.75603916127414,0.81238111588402,0.66));
#3414=CARTESIAN_POINT('Ctrl Pts',(9.04422081161711,1.30231495145486,0.));
#3415=CARTESIAN_POINT('Ctrl Pts',(9.04422081161711,1.30231495145486,0.66));
#3416=CARTESIAN_POINT('Ctrl Pts',(9.1916206639545,1.55290750282753,0.));
#3417=CARTESIAN_POINT('Ctrl Pts',(9.1916206639545,1.55290750282753,0.66));
#3418=CARTESIAN_POINT('',(8.06509122514234,0.325072997127929,0.6));
#3419=CARTESIAN_POINT('Ctrl Pts',(9.1916206639545,1.55290750282753,0.6));
#3420=CARTESIAN_POINT('Ctrl Pts',(9.04422081161711,1.30231495145486,0.6));
#3421=CARTESIAN_POINT('Ctrl Pts',(8.89682095927973,1.05172240008219,0.6));
#3422=CARTESIAN_POINT('Ctrl Pts',(8.70337604492581,0.843656738991712,0.6));
#3423=CARTESIAN_POINT('Ctrl Pts',(8.51861654601231,0.644932945127308,0.6));
#3424=CARTESIAN_POINT('Ctrl Pts',(8.29185388557732,0.485002971127619,0.6));
#3425=CARTESIAN_POINT('Ctrl Pts',(8.06509122514234,0.325072997127929,0.6));
#3426=CARTESIAN_POINT('',(8.06509122514234,0.325072997127929,0.));
#3427=CARTESIAN_POINT('',(8.06509122514234,0.325072997127929,0.));
#3428=CARTESIAN_POINT('Ctrl Pts',(9.1916206639545,1.55290750282753,0.));
#3429=CARTESIAN_POINT('Ctrl Pts',(9.04422081161711,1.30231495145486,0.));
#3430=CARTESIAN_POINT('Ctrl Pts',(8.75603916127414,0.81238111588402,0.));
#3431=CARTESIAN_POINT('Ctrl Pts',(8.29185388557732,0.485002971127619,0.));
#3432=CARTESIAN_POINT('Ctrl Pts',(8.06509122514234,0.325072997127929,0.));
#3433=CARTESIAN_POINT('Ctrl Pts',(6.45141456636539,-0.0899614725356668,
0.));
#3434=CARTESIAN_POINT('Ctrl Pts',(6.45141456636539,-0.0899614725356668,
0.66));
#3435=CARTESIAN_POINT('Ctrl Pts',(6.74104315443991,-0.0763033191508655,
0.));
#3436=CARTESIAN_POINT('Ctrl Pts',(6.74104315443991,-0.0763033191508655,
0.66));
#3437=CARTESIAN_POINT('Ctrl Pts',(7.30800110047196,-0.0495670130385517,
0.));
#3438=CARTESIAN_POINT('Ctrl Pts',(7.30800110047196,-0.0495670130385517,
0.66));
#3439=CARTESIAN_POINT('Ctrl Pts',(7.81640417607899,0.20201219425465,0.));
#3440=CARTESIAN_POINT('Ctrl Pts',(7.81640417607899,0.20201219425465,0.66));
#3441=CARTESIAN_POINT('Ctrl Pts',(8.06509122514234,0.325072997127929,0.));
#3442=CARTESIAN_POINT('Ctrl Pts',(8.06509122514234,0.325072997127929,0.66));
#3443=CARTESIAN_POINT('',(6.45141456636539,-0.0899614725356668,0.6));
#3444=CARTESIAN_POINT('Ctrl Pts',(8.06509122514234,0.325072997127929,0.6));
#3445=CARTESIAN_POINT('Ctrl Pts',(7.81640417607899,0.20201219425465,0.6));
#3446=CARTESIAN_POINT('Ctrl Pts',(7.56771712701564,0.0789513913813773,0.6));
#3447=CARTESIAN_POINT('Ctrl Pts',(7.30501959764836,0.00968896626232713,
0.6));
#3448=CARTESIAN_POINT('Ctrl Pts',(7.03067174251444,-0.0626451657660639,
0.6));
#3449=CARTESIAN_POINT('Ctrl Pts',(6.74104315443991,-0.0763033191508655,
0.6));
#3450=CARTESIAN_POINT('Ctrl Pts',(6.45141456636539,-0.0899614725356668,
0.6));
#3451=CARTESIAN_POINT('',(6.45141456636539,-0.0899614725356668,0.));
#3452=CARTESIAN_POINT('',(6.45141456636539,-0.0899614725356668,0.));
#3453=CARTESIAN_POINT('Ctrl Pts',(8.06509122514234,0.325072997127929,0.));
#3454=CARTESIAN_POINT('Ctrl Pts',(7.81640417607899,0.20201219425465,0.));
#3455=CARTESIAN_POINT('Ctrl Pts',(7.30800110047196,-0.0495670130385517,
0.));
#3456=CARTESIAN_POINT('Ctrl Pts',(6.74104315443991,-0.0763033191508655,
0.));
#3457=CARTESIAN_POINT('Ctrl Pts',(6.45141456636539,-0.0899614725356668,
0.));
#3458=CARTESIAN_POINT('Ctrl Pts',(3.95840873146191,1.0617565418949,0.));
#3459=CARTESIAN_POINT('Ctrl Pts',(3.95840873146191,1.0617565418949,0.66));
#3460=CARTESIAN_POINT('Ctrl Pts',(4.30411870720031,0.729327153700288,0.));
#3461=CARTESIAN_POINT('Ctrl Pts',(4.30411870720031,0.729327153700288,0.66));
#3462=CARTESIAN_POINT('Ctrl Pts',(5.0018166341456,0.058431572791211,0.));
#3463=CARTESIAN_POINT('Ctrl Pts',(5.0018166341456,0.058431572791211,0.66));
#3464=CARTESIAN_POINT('Ctrl Pts',(5.96532533066566,-0.0402012870505541,
0.));
#3465=CARTESIAN_POINT('Ctrl Pts',(5.96532533066566,-0.0402012870505541,
0.66));
#3466=CARTESIAN_POINT('Ctrl Pts',(6.45141456636539,-0.0899614725356668,
0.));
#3467=CARTESIAN_POINT('Ctrl Pts',(6.45141456636539,-0.0899614725356668,
0.66));
#3468=CARTESIAN_POINT('',(3.95840873146191,1.0617565418949,0.6));
#3469=CARTESIAN_POINT('Ctrl Pts',(6.45141456636539,-0.0899614725356668,
0.6));
#3470=CARTESIAN_POINT('Ctrl Pts',(5.96532533066566,-0.0402012870505542,
0.6));
#3471=CARTESIAN_POINT('Ctrl Pts',(5.47923609496594,0.0095588984345631,0.6));
#3472=CARTESIAN_POINT('Ctrl Pts',(5.06080083179485,0.204970994382855,0.6));
#3473=CARTESIAN_POINT('Ctrl Pts',(4.64982868293871,0.39689776550567,0.6));
#3474=CARTESIAN_POINT('Ctrl Pts',(4.30411870720031,0.729327153700288,0.6));
#3475=CARTESIAN_POINT('Ctrl Pts',(3.95840873146191,1.0617565418949,0.6));
#3476=CARTESIAN_POINT('',(3.95840873146191,1.0617565418949,0.));
#3477=CARTESIAN_POINT('',(3.95840873146191,1.0617565418949,0.));
#3478=CARTESIAN_POINT('Ctrl Pts',(6.45141456636539,-0.0899614725356668,
0.));
#3479=CARTESIAN_POINT('Ctrl Pts',(5.96532533066566,-0.0402012870505541,
0.));
#3480=CARTESIAN_POINT('Ctrl Pts',(5.0018166341456,0.058431572791211,0.));
#3481=CARTESIAN_POINT('Ctrl Pts',(4.30411870720031,0.729327153700288,0.));
#3482=CARTESIAN_POINT('Ctrl Pts',(3.95840873146191,1.0617565418949,0.));
#3483=CARTESIAN_POINT('Ctrl Pts',(3.02377934208207,4.79144929999556,0.));
#3484=CARTESIAN_POINT('Ctrl Pts',(3.02377934208207,4.79144929999556,0.66));
#3485=CARTESIAN_POINT('Ctrl Pts',(3.02705530673816,4.02899214734882,0.));
#3486=CARTESIAN_POINT('Ctrl Pts',(3.02705530673816,4.02899214734882,0.66));
#3487=CARTESIAN_POINT('Ctrl Pts',(3.03276240166793,2.70070695295378,0.));
#3488=CARTESIAN_POINT('Ctrl Pts',(3.03276240166793,2.70070695295378,0.66));
#3489=CARTESIAN_POINT('Ctrl Pts',(3.68189060142378,1.5513598475031,0.));
#3490=CARTESIAN_POINT('Ctrl Pts',(3.68189060142378,1.5513598475031,0.66));
#3491=CARTESIAN_POINT('Ctrl Pts',(3.95840873146191,1.0617565418949,0.));
#3492=CARTESIAN_POINT('Ctrl Pts',(3.95840873146191,1.0617565418949,0.66));
#3493=CARTESIAN_POINT('',(3.02377934208207,4.79144929999556,0.6));
#3494=CARTESIAN_POINT('Ctrl Pts',(3.95840873146191,1.0617565418949,0.6));
#3495=CARTESIAN_POINT('Ctrl Pts',(3.68189060142378,1.5513598475031,0.6));
#3496=CARTESIAN_POINT('Ctrl Pts',(3.40537247138565,2.04096315311129,0.6));
#3497=CARTESIAN_POINT('Ctrl Pts',(3.24561097689521,2.56303696532826,0.6));
#3498=CARTESIAN_POINT('Ctrl Pts',(3.03033127139424,3.26653499470208,0.6));
#3499=CARTESIAN_POINT('Ctrl Pts',(3.02705530673816,4.02899214734882,0.6));
#3500=CARTESIAN_POINT('Ctrl Pts',(3.02377934208207,4.79144929999556,0.6));
#3501=CARTESIAN_POINT('',(3.02377934208207,4.79144929999556,0.));
#3502=CARTESIAN_POINT('',(3.02377934208207,4.79144929999556,0.));
#3503=CARTESIAN_POINT('Ctrl Pts',(3.95840873146191,1.0617565418949,0.));
#3504=CARTESIAN_POINT('Ctrl Pts',(3.68189060142378,1.5513598475031,0.));
#3505=CARTESIAN_POINT('Ctrl Pts',(3.03276240166793,2.70070695295378,0.));
#3506=CARTESIAN_POINT('Ctrl Pts',(3.02705530673816,4.02899214734882,0.));
#3507=CARTESIAN_POINT('Ctrl Pts',(3.02377934208207,4.79144929999556,0.));
#3508=CARTESIAN_POINT('Ctrl Pts',(4.13314070476058,8.99705484177417,0.));
#3509=CARTESIAN_POINT('Ctrl Pts',(4.13314070476058,8.99705484177417,0.66));
#3510=CARTESIAN_POINT('Ctrl Pts',(3.81727604544071,8.44123303268992,0.));
#3511=CARTESIAN_POINT('Ctrl Pts',(3.81727604544071,8.44123303268992,0.66));
#3512=CARTESIAN_POINT('Ctrl Pts',(3.08090804508237,7.14545845951601,0.));
#3513=CARTESIAN_POINT('Ctrl Pts',(3.08090804508237,7.14545845951601,0.66));
#3514=CARTESIAN_POINT('Ctrl Pts',(3.04454466802732,5.64709217141317,0.));
#3515=CARTESIAN_POINT('Ctrl Pts',(3.04454466802732,5.64709217141317,0.66));
#3516=CARTESIAN_POINT('Ctrl Pts',(3.02377934208207,4.79144929999556,0.));
#3517=CARTESIAN_POINT('Ctrl Pts',(3.02377934208207,4.79144929999556,0.66));
#3518=CARTESIAN_POINT('',(4.13314070476058,8.99705484177417,0.6));
#3519=CARTESIAN_POINT('Ctrl Pts',(3.02377934208207,4.79144929999556,0.6));
#3520=CARTESIAN_POINT('Ctrl Pts',(3.04454466802732,5.64709217141317,0.6));
#3521=CARTESIAN_POINT('Ctrl Pts',(3.06530999397256,6.50273504283078,0.6));
#3522=CARTESIAN_POINT('Ctrl Pts',(3.31434592755555,7.29231301648962,0.6));
#3523=CARTESIAN_POINT('Ctrl Pts',(3.50141138612084,7.88541122360566,0.6));
#3524=CARTESIAN_POINT('Ctrl Pts',(3.81727604544071,8.44123303268992,0.6));
#3525=CARTESIAN_POINT('Ctrl Pts',(4.13314070476058,8.99705484177417,0.6));
#3526=CARTESIAN_POINT('',(4.13314070476058,8.99705484177417,0.));
#3527=CARTESIAN_POINT('',(4.13314070476058,8.99705484177417,0.));
#3528=CARTESIAN_POINT('Ctrl Pts',(3.02377934208207,4.79144929999556,0.));
#3529=CARTESIAN_POINT('Ctrl Pts',(3.04454466802732,5.64709217141317,0.));
#3530=CARTESIAN_POINT('Ctrl Pts',(3.08090804508237,7.14545845951601,0.));
#3531=CARTESIAN_POINT('Ctrl Pts',(3.81727604544071,8.44123303268992,0.));
#3532=CARTESIAN_POINT('Ctrl Pts',(4.13314070476058,8.99705484177417,0.));
#3533=CARTESIAN_POINT('Ctrl Pts',(6.66054567300252,10.1200147441694,0.));
#3534=CARTESIAN_POINT('Ctrl Pts',(6.66054567300252,10.1200147441694,0.66));
#3535=CARTESIAN_POINT('Ctrl Pts',(6.16286253010131,10.0806754853332,0.));
#3536=CARTESIAN_POINT('Ctrl Pts',(6.16286253010131,10.0806754853332,0.66));
#3537=CARTESIAN_POINT('Ctrl Pts',(5.18669862970441,10.0035148161565,0.));
#3538=CARTESIAN_POINT('Ctrl Pts',(5.18669862970441,10.0035148161565,0.66));
#3539=CARTESIAN_POINT('Ctrl Pts',(4.47969076511899,9.32811282787314,0.));
#3540=CARTESIAN_POINT('Ctrl Pts',(4.47969076511899,9.32811282787314,0.66));
#3541=CARTESIAN_POINT('Ctrl Pts',(4.13314070476058,8.99705484177417,0.));
#3542=CARTESIAN_POINT('Ctrl Pts',(4.13314070476058,8.99705484177417,0.66));
#3543=CARTESIAN_POINT('',(6.66054567300252,10.1200147441694,0.6));
#3544=CARTESIAN_POINT('Ctrl Pts',(4.13314070476058,8.99705484177417,0.6));
#3545=CARTESIAN_POINT('Ctrl Pts',(4.49925598540423,9.34680341017607,0.6));
#3546=CARTESIAN_POINT('Ctrl Pts',(4.83988534235559,9.6722053702908,0.6));
#3547=CARTESIAN_POINT('Ctrl Pts',(5.68438177260562,10.0428540749926,0.6));
#3548=CARTESIAN_POINT('Ctrl Pts',(6.17246372280407,10.081434409581,0.6));
#3549=CARTESIAN_POINT('Ctrl Pts',(6.66054567300252,10.1200147441694,0.6));
#3550=CARTESIAN_POINT('',(6.66054567300252,10.1200147441694,0.));
#3551=CARTESIAN_POINT('',(6.66054567300252,10.1200147441694,0.));
#3552=CARTESIAN_POINT('Ctrl Pts',(4.13314070476058,8.99705484177417,0.));
#3553=CARTESIAN_POINT('Ctrl Pts',(4.47969076511899,9.32811282787314,0.));
#3554=CARTESIAN_POINT('Ctrl Pts',(5.18669862970441,10.0035148161565,0.));
#3555=CARTESIAN_POINT('Ctrl Pts',(6.16286253010131,10.0806754853332,0.));
#3556=CARTESIAN_POINT('Ctrl Pts',(6.66054567300252,10.1200147441694,0.));
#3557=CARTESIAN_POINT('Ctrl Pts',(8.58826090122446,9.44073366446759,0.));
#3558=CARTESIAN_POINT('Ctrl Pts',(8.58826090122446,9.44073366446759,0.66));
#3559=CARTESIAN_POINT('Ctrl Pts',(8.31290880668306,9.63613388769657,0.));
#3560=CARTESIAN_POINT('Ctrl Pts',(8.31290880668306,9.63613388769657,0.66));
#3561=CARTESIAN_POINT('Ctrl Pts',(7.73642865357414,10.0452259296226,0.));
#3562=CARTESIAN_POINT('Ctrl Pts',(7.73642865357414,10.0452259296226,0.66));
#3563=CARTESIAN_POINT('Ctrl Pts',(7.02970647719154,10.0943529394741,0.));
#3564=CARTESIAN_POINT('Ctrl Pts',(7.02970647719154,10.0943529394741,0.66));
#3565=CARTESIAN_POINT('Ctrl Pts',(6.66054567300252,10.1200147441694,0.));
#3566=CARTESIAN_POINT('Ctrl Pts',(6.66054567300252,10.1200147441694,0.66));
#3567=CARTESIAN_POINT('',(8.58826090122446,9.44073366446759,0.6));
#3568=CARTESIAN_POINT('Ctrl Pts',(6.66054567300252,10.1200147441694,0.6));
#3569=CARTESIAN_POINT('Ctrl Pts',(7.02970647719154,10.0943529394741,0.6));
#3570=CARTESIAN_POINT('Ctrl Pts',(7.39886728138056,10.0686911347788,0.6));
#3571=CARTESIAN_POINT('Ctrl Pts',(7.73249075007323,9.94481066155965,0.6));
#3572=CARTESIAN_POINT('Ctrl Pts',(8.03755671214165,9.83153411092555,0.6));
#3573=CARTESIAN_POINT('Ctrl Pts',(8.31290880668306,9.63613388769657,0.6));
#3574=CARTESIAN_POINT('Ctrl Pts',(8.58826090122446,9.44073366446759,0.6));
#3575=CARTESIAN_POINT('',(8.58826090122446,9.44073366446759,0.));
#3576=CARTESIAN_POINT('',(8.58826090122446,9.44073366446759,0.));
#3577=CARTESIAN_POINT('Ctrl Pts',(6.66054567300252,10.1200147441694,0.));
#3578=CARTESIAN_POINT('Ctrl Pts',(7.02970647719154,10.0943529394741,0.));
#3579=CARTESIAN_POINT('Ctrl Pts',(7.73642865357414,10.0452259296226,0.));
#3580=CARTESIAN_POINT('Ctrl Pts',(8.31290880668306,9.63613388769657,0.));
#3581=CARTESIAN_POINT('Ctrl Pts',(8.58826090122446,9.44073366446759,0.));
#3582=CARTESIAN_POINT('Ctrl Pts',(9.47536318594426,7.60445921846626,0.));
#3583=CARTESIAN_POINT('Ctrl Pts',(9.47536318594426,7.60445921846626,0.66));
#3584=CARTESIAN_POINT('Ctrl Pts',(9.40940239417542,7.96749975636164,0.));
#3585=CARTESIAN_POINT('Ctrl Pts',(9.40940239417542,7.96749975636164,0.66));
#3586=CARTESIAN_POINT('Ctrl Pts',(9.28301656303945,8.66311269379808,0.));
#3587=CARTESIAN_POINT('Ctrl Pts',(9.28301656303945,8.66311269379808,0.66));
#3588=CARTESIAN_POINT('Ctrl Pts',(8.81298357449636,9.18920773538826,0.));
#3589=CARTESIAN_POINT('Ctrl Pts',(8.81298357449636,9.18920773538826,0.66));
#3590=CARTESIAN_POINT('Ctrl Pts',(8.58826090122446,9.44073366446759,0.));
#3591=CARTESIAN_POINT('Ctrl Pts',(8.58826090122446,9.44073366446759,0.66));
#3592=CARTESIAN_POINT('',(9.47536318594426,7.60445921846626,0.6));
#3593=CARTESIAN_POINT('Ctrl Pts',(8.58826090122446,9.44073366446759,0.6));
#3594=CARTESIAN_POINT('Ctrl Pts',(8.81298357449636,9.18920773538826,0.6));
#3595=CARTESIAN_POINT('Ctrl Pts',(9.03770624776825,8.93768180630893,0.6));
#3596=CARTESIAN_POINT('Ctrl Pts',(9.18387825671812,8.64740757669464,0.6));
#3597=CARTESIAN_POINT('Ctrl Pts',(9.34344160240658,8.33054029425702,0.6));
#3598=CARTESIAN_POINT('Ctrl Pts',(9.40940239417542,7.96749975636164,0.6));
#3599=CARTESIAN_POINT('Ctrl Pts',(9.47536318594426,7.60445921846626,0.6));
#3600=CARTESIAN_POINT('',(9.47536318594426,7.60445921846626,0.));
#3601=CARTESIAN_POINT('',(9.47536318594426,7.60445921846626,0.));
#3602=CARTESIAN_POINT('Ctrl Pts',(8.58826090122446,9.44073366446759,0.));
#3603=CARTESIAN_POINT('Ctrl Pts',(8.81298357449636,9.18920773538826,0.));
#3604=CARTESIAN_POINT('Ctrl Pts',(9.28301656303945,8.66311269379808,0.));
#3605=CARTESIAN_POINT('Ctrl Pts',(9.40940239417542,7.96749975636164,0.));
#3606=CARTESIAN_POINT('Ctrl Pts',(9.47536318594426,7.60445921846626,0.));
#3607=CARTESIAN_POINT('Ctrl Pts',(4.68094387842362,2.12273846849092,0.));
#3608=CARTESIAN_POINT('Ctrl Pts',(4.68094387842362,2.12273846849092,0.66));
#3609=CARTESIAN_POINT('Ctrl Pts',(4.60414267667055,2.31877602675944,0.));
#3610=CARTESIAN_POINT('Ctrl Pts',(4.60414267667055,2.31877602675944,0.66));
#3611=CARTESIAN_POINT('Ctrl Pts',(4.45085067148077,2.71005884152722,0.));
#3612=CARTESIAN_POINT('Ctrl Pts',(4.45085067148077,2.71005884152722,0.66));
#3613=CARTESIAN_POINT('Ctrl Pts',(4.43199964360756,3.12985947315649,0.));
#3614=CARTESIAN_POINT('Ctrl Pts',(4.43199964360756,3.12985947315649,0.66));
#3615=CARTESIAN_POINT('Ctrl Pts',(4.42259321523026,3.3393347654707,0.));
#3616=CARTESIAN_POINT('Ctrl Pts',(4.42259321523026,3.3393347654707,0.66));
#3617=CARTESIAN_POINT('',(4.68094387842362,2.12273846849092,0.6));
#3618=CARTESIAN_POINT('Ctrl Pts',(4.42259321523026,3.3393347654707,0.6));
#3619=CARTESIAN_POINT('Ctrl Pts',(4.43199964360756,3.12985947315649,0.6));
#3620=CARTESIAN_POINT('Ctrl Pts',(4.44140607198485,2.92038418084229,0.6));
#3621=CARTESIAN_POINT('Ctrl Pts',(4.48428676889945,2.71800949935949,0.6));
#3622=CARTESIAN_POINT('Ctrl Pts',(4.52734147491747,2.51481358502797,0.6));
#3623=CARTESIAN_POINT('Ctrl Pts',(4.60414267667055,2.31877602675944,0.6));
#3624=CARTESIAN_POINT('Ctrl Pts',(4.68094387842362,2.12273846849092,0.6));
#3625=CARTESIAN_POINT('',(4.68094387842362,2.12273846849092,0.));
#3626=CARTESIAN_POINT('',(4.68094387842362,2.12273846849092,0.));
#3627=CARTESIAN_POINT('Ctrl Pts',(4.42259321523026,3.3393347654707,0.));
#3628=CARTESIAN_POINT('Ctrl Pts',(4.43199964360756,3.12985947315649,0.));
#3629=CARTESIAN_POINT('Ctrl Pts',(4.45085067148077,2.71005884152722,0.));
#3630=CARTESIAN_POINT('Ctrl Pts',(4.60414267667055,2.31877602675944,0.));
#3631=CARTESIAN_POINT('Ctrl Pts',(4.68094387842362,2.12273846849092,0.));
#3632=CARTESIAN_POINT('Ctrl Pts',(5.42660403861459,1.23254191655822,0.));
#3633=CARTESIAN_POINT('Ctrl Pts',(5.42660403861459,1.23254191655822,0.66));
#3634=CARTESIAN_POINT('Ctrl Pts',(5.27393478852767,1.34936463931702,0.));
#3635=CARTESIAN_POINT('Ctrl Pts',(5.27393478852767,1.34936463931702,0.66));
#3636=CARTESIAN_POINT('Ctrl Pts',(4.95922268933963,1.59018277585304,0.));
#3637=CARTESIAN_POINT('Ctrl Pts',(4.95922268933963,1.59018277585304,0.66));
#3638=CARTESIAN_POINT('Ctrl Pts',(4.77552725197248,1.94172966711457,0.));
#3639=CARTESIAN_POINT('Ctrl Pts',(4.77552725197248,1.94172966711457,0.66));
#3640=CARTESIAN_POINT('Ctrl Pts',(4.68094387842362,2.12273846849092,0.));
#3641=CARTESIAN_POINT('Ctrl Pts',(4.68094387842362,2.12273846849092,0.66));
#3642=CARTESIAN_POINT('',(5.42660403861459,1.23254191655822,0.6));
#3643=CARTESIAN_POINT('Ctrl Pts',(4.68094387842362,2.12273846849092,0.6));
#3644=CARTESIAN_POINT('Ctrl Pts',(4.77552725197248,1.94172966711457,0.6));
#3645=CARTESIAN_POINT('Ctrl Pts',(4.87011062552134,1.76072086573823,0.6));
#3646=CARTESIAN_POINT('Ctrl Pts',(4.99942836627616,1.60906782090033,0.6));
#3647=CARTESIAN_POINT('Ctrl Pts',(5.12126553844074,1.46618736207582,0.6));
#3648=CARTESIAN_POINT('Ctrl Pts',(5.27393478852767,1.34936463931702,0.6));
#3649=CARTESIAN_POINT('Ctrl Pts',(5.42660403861459,1.23254191655822,0.6));
#3650=CARTESIAN_POINT('',(5.42660403861459,1.23254191655822,0.));
#3651=CARTESIAN_POINT('',(5.42660403861459,1.23254191655822,0.));
#3652=CARTESIAN_POINT('Ctrl Pts',(4.68094387842362,2.12273846849092,0.));
#3653=CARTESIAN_POINT('Ctrl Pts',(4.77552725197248,1.94172966711457,0.));
#3654=CARTESIAN_POINT('Ctrl Pts',(4.95922268933963,1.59018277585304,0.));
#3655=CARTESIAN_POINT('Ctrl Pts',(5.27393478852767,1.34936463931702,0.));
#3656=CARTESIAN_POINT('Ctrl Pts',(5.42660403861459,1.23254191655822,0.));
#3657=CARTESIAN_POINT('Ctrl Pts',(6.44016296992523,0.919733319446197,0.));
#3658=CARTESIAN_POINT('Ctrl Pts',(6.44016296992523,0.919733319446197,0.66));
#3659=CARTESIAN_POINT('Ctrl Pts',(6.26345626589424,0.934927630049462,0.));
#3660=CARTESIAN_POINT('Ctrl Pts',(6.26345626589424,0.934927630049462,0.66));
#3661=CARTESIAN_POINT('Ctrl Pts',(5.90320210012384,0.965904460956086,0.));
#3662=CARTESIAN_POINT('Ctrl Pts',(5.90320210012384,0.965904460956086,0.66));
#3663=CARTESIAN_POINT('Ctrl Pts',(5.58746851572278,1.14254470856064,0.));
#3664=CARTESIAN_POINT('Ctrl Pts',(5.58746851572278,1.14254470856064,0.66));
#3665=CARTESIAN_POINT('Ctrl Pts',(5.42660403861459,1.23254191655822,0.));
#3666=CARTESIAN_POINT('Ctrl Pts',(5.42660403861459,1.23254191655822,0.66));
#3667=CARTESIAN_POINT('',(6.44016296992523,0.919733319446197,0.6));
#3668=CARTESIAN_POINT('Ctrl Pts',(5.42660403861459,1.23254191655822,0.6));
#3669=CARTESIAN_POINT('Ctrl Pts',(5.58746851572278,1.14254470856064,0.6));
#3670=CARTESIAN_POINT('Ctrl Pts',(5.74833299283096,1.05254750056305,0.6));
#3671=CARTESIAN_POINT('Ctrl Pts',(5.92075432243198,1.00036225657406,0.6));
#3672=CARTESIAN_POINT('Ctrl Pts',(6.08674956186325,0.950121940652725,0.6));
#3673=CARTESIAN_POINT('Ctrl Pts',(6.26345626589424,0.934927630049462,0.6));
#3674=CARTESIAN_POINT('Ctrl Pts',(6.44016296992523,0.919733319446197,0.6));
#3675=CARTESIAN_POINT('',(6.44016296992523,0.919733319446197,0.));
#3676=CARTESIAN_POINT('',(6.44016296992523,0.919733319446197,0.));
#3677=CARTESIAN_POINT('Ctrl Pts',(5.42660403861459,1.23254191655822,0.));
#3678=CARTESIAN_POINT('Ctrl Pts',(5.58746851572278,1.14254470856064,0.));
#3679=CARTESIAN_POINT('Ctrl Pts',(5.90320210012384,0.965904460956086,0.));
#3680=CARTESIAN_POINT('Ctrl Pts',(6.26345626589424,0.934927630049462,0.));
#3681=CARTESIAN_POINT('Ctrl Pts',(6.44016296992523,0.919733319446197,0.));
#3682=CARTESIAN_POINT('Ctrl Pts',(7.78280497390809,1.53506626335168,0.));
#3683=CARTESIAN_POINT('Ctrl Pts',(7.78280497390809,1.53506626335168,0.66));
#3684=CARTESIAN_POINT('Ctrl Pts',(7.58860731699601,1.35381966698222,0.));
#3685=CARTESIAN_POINT('Ctrl Pts',(7.58860731699601,1.35381966698222,0.66));
#3686=CARTESIAN_POINT('Ctrl Pts',(7.20867077110754,0.999221126126342,0.));
#3687=CARTESIAN_POINT('Ctrl Pts',(7.20867077110754,0.999221126126342,0.66));
#3688=CARTESIAN_POINT('Ctrl Pts',(6.69250163687723,0.945833050829208,0.));
#3689=CARTESIAN_POINT('Ctrl Pts',(6.69250163687723,0.945833050829208,0.66));
#3690=CARTESIAN_POINT('Ctrl Pts',(6.44016296992523,0.919733319446197,0.));
#3691=CARTESIAN_POINT('Ctrl Pts',(6.44016296992523,0.919733319446197,0.66));
#3692=CARTESIAN_POINT('',(7.78280497390809,1.53506626335168,0.6));
#3693=CARTESIAN_POINT('Ctrl Pts',(6.44016296992523,0.919733319446197,0.6));
#3694=CARTESIAN_POINT('Ctrl Pts',(6.69250163687723,0.945833050829208,0.6));
#3695=CARTESIAN_POINT('Ctrl Pts',(6.94484030382923,0.971932782212218,0.6));
#3696=CARTESIAN_POINT('Ctrl Pts',(7.16462045831085,1.07001943550921,0.6));
#3697=CARTESIAN_POINT('Ctrl Pts',(7.39440966008394,1.17257307061276,0.6));
#3698=CARTESIAN_POINT('Ctrl Pts',(7.58860731699601,1.35381966698222,0.6));
#3699=CARTESIAN_POINT('Ctrl Pts',(7.78280497390809,1.53506626335168,0.6));
#3700=CARTESIAN_POINT('',(7.78280497390809,1.53506626335168,0.));
#3701=CARTESIAN_POINT('',(7.78280497390809,1.53506626335168,0.));
#3702=CARTESIAN_POINT('Ctrl Pts',(6.44016296992523,0.919733319446197,0.));
#3703=CARTESIAN_POINT('Ctrl Pts',(6.69250163687723,0.945833050829208,0.));
#3704=CARTESIAN_POINT('Ctrl Pts',(7.20867077110754,0.999221126126342,0.));
#3705=CARTESIAN_POINT('Ctrl Pts',(7.58860731699601,1.35381966698222,0.));
#3706=CARTESIAN_POINT('Ctrl Pts',(7.78280497390809,1.53506626335168,0.));
#3707=CARTESIAN_POINT('Ctrl Pts',(8.35768673038674,3.23521202193636,0.));
#3708=CARTESIAN_POINT('Ctrl Pts',(8.35768673038674,3.23521202193636,0.66));
#3709=CARTESIAN_POINT('Ctrl Pts',(8.3384079661736,2.90324464664377,0.));
#3710=CARTESIAN_POINT('Ctrl Pts',(8.3384079661736,2.90324464664377,0.66));
#3711=CARTESIAN_POINT('Ctrl Pts',(8.3023125252368,2.28170538949296,0.));
#3712=CARTESIAN_POINT('Ctrl Pts',(8.3023125252368,2.28170538949296,0.66));
#3713=CARTESIAN_POINT('Ctrl Pts',(7.94791631196223,1.77236519162607,0.));
#3714=CARTESIAN_POINT('Ctrl Pts',(7.94791631196223,1.77236519162607,0.66));
#3715=CARTESIAN_POINT('Ctrl Pts',(7.78280497390809,1.53506626335168,0.));
#3716=CARTESIAN_POINT('Ctrl Pts',(7.78280497390809,1.53506626335168,0.66));
#3717=CARTESIAN_POINT('Ctrl Pts',(7.78280497390809,1.53506626335168,0.6));
#3718=CARTESIAN_POINT('Ctrl Pts',(7.97725977558133,1.81453777983676,0.6));
#3719=CARTESIAN_POINT('Ctrl Pts',(8.13575023835965,2.04232114954499,0.6));
#3720=CARTESIAN_POINT('Ctrl Pts',(8.32159128944994,2.61367276478555,0.6));
#3721=CARTESIAN_POINT('Ctrl Pts',(8.33963900991834,2.92444239336096,0.6));
#3722=CARTESIAN_POINT('Ctrl Pts',(8.35768673038674,3.23521202193636,0.6));
#3723=CARTESIAN_POINT('Ctrl Pts',(7.78280497390809,1.53506626335168,0.));
#3724=CARTESIAN_POINT('Ctrl Pts',(7.94791631196223,1.77236519162607,0.));
#3725=CARTESIAN_POINT('Ctrl Pts',(8.3023125252368,2.28170538949296,0.));
#3726=CARTESIAN_POINT('Ctrl Pts',(8.3384079661736,2.90324464664377,0.));
#3727=CARTESIAN_POINT('Ctrl Pts',(8.35768673038674,3.23521202193636,0.));
#3728=CARTESIAN_POINT('Origin',(8.25353255753537,7.5201063038623,0.));
#3729=CARTESIAN_POINT('',(8.25353255753537,7.5201063038623,0.6));
#3730=CARTESIAN_POINT('',(10.0987767409032,7.64749853106959,0.6));
#3731=CARTESIAN_POINT('',(8.25353255753537,7.5201063038623,0.));
#3732=CARTESIAN_POINT('',(8.25353255753537,7.5201063038623,0.));
#3733=CARTESIAN_POINT('',(9.47536318594426,7.60445921846626,0.));
#3734=CARTESIAN_POINT('Ctrl Pts',(7.7992900016081,8.57477255711858,0.));
#3735=CARTESIAN_POINT('Ctrl Pts',(7.7992900016081,8.57477255711858,0.66));
#3736=CARTESIAN_POINT('Ctrl Pts',(7.89496583542203,8.43559830001234,0.));
#3737=CARTESIAN_POINT('Ctrl Pts',(7.89496583542203,8.43559830001234,0.66));
#3738=CARTESIAN_POINT('Ctrl Pts',(8.11529926732924,8.11509164249013,0.));
#3739=CARTESIAN_POINT('Ctrl Pts',(8.11529926732924,8.11509164249013,0.66));
#3740=CARTESIAN_POINT('Ctrl Pts',(8.20358392573007,7.73509578696264,0.));
#3741=CARTESIAN_POINT('Ctrl Pts',(8.20358392573007,7.73509578696264,0.66));
#3742=CARTESIAN_POINT('Ctrl Pts',(8.25353255753537,7.5201063038623,0.));
#3743=CARTESIAN_POINT('Ctrl Pts',(8.25353255753537,7.5201063038623,0.66));
#3744=CARTESIAN_POINT('',(7.7992900016081,8.57477255711858,0.6));
#3745=CARTESIAN_POINT('Ctrl Pts',(8.25353255753537,7.5201063038623,0.6));
#3746=CARTESIAN_POINT('Ctrl Pts',(8.20358392573007,7.73509578696264,0.6));
#3747=CARTESIAN_POINT('Ctrl Pts',(8.15363529392476,7.95008527006298,0.6));
#3748=CARTESIAN_POINT('Ctrl Pts',(8.06141872205754,8.14603265387797,0.6));
#3749=CARTESIAN_POINT('Ctrl Pts',(7.99064166923596,8.2964240429061,0.6));
#3750=CARTESIAN_POINT('Ctrl Pts',(7.89496583542203,8.43559830001234,0.6));
#3751=CARTESIAN_POINT('Ctrl Pts',(7.7992900016081,8.57477255711858,0.6));
#3752=CARTESIAN_POINT('',(7.7992900016081,8.57477255711858,0.));
#3753=CARTESIAN_POINT('',(7.7992900016081,8.57477255711858,0.));
#3754=CARTESIAN_POINT('Ctrl Pts',(8.25353255753537,7.5201063038623,0.));
#3755=CARTESIAN_POINT('Ctrl Pts',(8.20358392573007,7.73509578696264,0.));
#3756=CARTESIAN_POINT('Ctrl Pts',(8.11529926732924,8.11509164249013,0.));
#3757=CARTESIAN_POINT('Ctrl Pts',(7.89496583542203,8.43559830001234,0.));
#3758=CARTESIAN_POINT('Ctrl Pts',(7.7992900016081,8.57477255711858,0.));
#3759=CARTESIAN_POINT('Ctrl Pts',(6.57630299197035,9.1111925157285,0.));
#3760=CARTESIAN_POINT('Ctrl Pts',(6.57630299197035,9.1111925157285,0.66));
#3761=CARTESIAN_POINT('Ctrl Pts',(6.80952572337187,9.08738779614735,0.));
#3762=CARTESIAN_POINT('Ctrl Pts',(6.80952572337187,9.08738779614735,0.66));
#3763=CARTESIAN_POINT('Ctrl Pts',(7.27486286984074,9.03989148129064,0.));
#3764=CARTESIAN_POINT('Ctrl Pts',(7.27486286984074,9.03989148129064,0.66));
#3765=CARTESIAN_POINT('Ctrl Pts',(7.62475874574925,8.72956582589147,0.));
#3766=CARTESIAN_POINT('Ctrl Pts',(7.62475874574925,8.72956582589147,0.66));
#3767=CARTESIAN_POINT('Ctrl Pts',(7.7992900016081,8.57477255711858,0.));
#3768=CARTESIAN_POINT('Ctrl Pts',(7.7992900016081,8.57477255711858,0.66));
#3769=CARTESIAN_POINT('',(6.57630299197035,9.1111925157285,0.6));
#3770=CARTESIAN_POINT('Ctrl Pts',(7.7992900016081,8.57477255711858,0.6));
#3771=CARTESIAN_POINT('Ctrl Pts',(7.62351855802601,8.7306657590274,0.6));
#3772=CARTESIAN_POINT('Ctrl Pts',(7.44939610115392,8.88509646047033,0.6));
#3773=CARTESIAN_POINT('Ctrl Pts',(7.04164013843921,9.0636962008718,0.6));
#3774=CARTESIAN_POINT('Ctrl Pts',(6.80897156520477,9.08744435830015,0.6));
#3775=CARTESIAN_POINT('Ctrl Pts',(6.57630299197035,9.1111925157285,0.6));
#3776=CARTESIAN_POINT('',(6.57630299197035,9.1111925157285,0.));
#3777=CARTESIAN_POINT('',(6.57630299197035,9.1111925157285,0.));
#3778=CARTESIAN_POINT('Ctrl Pts',(7.7992900016081,8.57477255711858,0.));
#3779=CARTESIAN_POINT('Ctrl Pts',(7.62475874574925,8.72956582589147,0.));
#3780=CARTESIAN_POINT('Ctrl Pts',(7.27486286984074,9.03989148129064,0.));
#3781=CARTESIAN_POINT('Ctrl Pts',(6.80952572337187,9.08738779614735,0.));
#3782=CARTESIAN_POINT('Ctrl Pts',(6.57630299197035,9.1111925157285,0.));
#3783=CARTESIAN_POINT('Ctrl Pts',(5.54334476049539,8.79318305188406,0.));
#3784=CARTESIAN_POINT('Ctrl Pts',(5.54334476049539,8.79318305188406,0.66));
#3785=CARTESIAN_POINT('Ctrl Pts',(5.69956545181784,8.88725186718559,0.));
#3786=CARTESIAN_POINT('Ctrl Pts',(5.69956545181784,8.88725186718559,0.66));
#3787=CARTESIAN_POINT('Ctrl Pts',(6.01734964194389,9.0786066873036,0.));
#3788=CARTESIAN_POINT('Ctrl Pts',(6.01734964194389,9.0786066873036,0.66));
#3789=CARTESIAN_POINT('Ctrl Pts',(6.38790851133789,9.1002095057478,0.));
#3790=CARTESIAN_POINT('Ctrl Pts',(6.38790851133789,9.1002095057478,0.66));
#3791=CARTESIAN_POINT('Ctrl Pts',(6.57630299197035,9.1111925157285,0.));
#3792=CARTESIAN_POINT('Ctrl Pts',(6.57630299197035,9.1111925157285,0.66));
#3793=CARTESIAN_POINT('',(5.54334476049539,8.79318305188406,0.6));
#3794=CARTESIAN_POINT('Ctrl Pts',(6.57630299197035,9.1111925157285,0.6));
#3795=CARTESIAN_POINT('Ctrl Pts',(6.38790851133789,9.1002095057478,0.6));
#3796=CARTESIAN_POINT('Ctrl Pts',(6.19951403070543,9.0892264957671,0.6));
#3797=CARTESIAN_POINT('Ctrl Pts',(6.02476059149445,9.0343664955643,0.6));
#3798=CARTESIAN_POINT('Ctrl Pts',(5.85578614314028,8.98132068248713,0.6));
#3799=CARTESIAN_POINT('Ctrl Pts',(5.69956545181784,8.88725186718559,0.6));
#3800=CARTESIAN_POINT('Ctrl Pts',(5.54334476049539,8.79318305188406,0.6));
#3801=CARTESIAN_POINT('',(5.54334476049539,8.79318305188406,0.));
#3802=CARTESIAN_POINT('',(5.54334476049539,8.79318305188406,0.));
#3803=CARTESIAN_POINT('Ctrl Pts',(6.57630299197035,9.1111925157285,0.));
#3804=CARTESIAN_POINT('Ctrl Pts',(6.38790851133789,9.1002095057478,0.));
#3805=CARTESIAN_POINT('Ctrl Pts',(6.01734964194389,9.0786066873036,0.));
#3806=CARTESIAN_POINT('Ctrl Pts',(5.69956545181784,8.88725186718559,0.));
#3807=CARTESIAN_POINT('Ctrl Pts',(5.54334476049539,8.79318305188406,0.));
#3808=CARTESIAN_POINT('Ctrl Pts',(4.61806542602854,7.56692229192834,0.));
#3809=CARTESIAN_POINT('Ctrl Pts',(4.61806542602854,7.56692229192834,0.66));
#3810=CARTESIAN_POINT('Ctrl Pts',(4.7363412195922,7.81597003512816,0.));
#3811=CARTESIAN_POINT('Ctrl Pts',(4.7363412195922,7.81597003512816,0.66));
#3812=CARTESIAN_POINT('Ctrl Pts',(4.96096173095516,8.28894281971764,0.));
#3813=CARTESIAN_POINT('Ctrl Pts',(4.96096173095516,8.28894281971764,0.66));
#3814=CARTESIAN_POINT('Ctrl Pts',(5.35621525724116,8.6311621491792,0.));
#3815=CARTESIAN_POINT('Ctrl Pts',(5.35621525724116,8.6311621491792,0.66));
#3816=CARTESIAN_POINT('Ctrl Pts',(5.54334476049539,8.79318305188406,0.));
#3817=CARTESIAN_POINT('Ctrl Pts',(5.54334476049539,8.79318305188406,0.66));
#3818=CARTESIAN_POINT('',(4.61806542602854,7.56692229192834,0.6));
#3819=CARTESIAN_POINT('Ctrl Pts',(5.54334476049539,8.79318305188406,0.6));
#3820=CARTESIAN_POINT('Ctrl Pts',(5.35621525724116,8.6311621491792,0.6));
#3821=CARTESIAN_POINT('Ctrl Pts',(5.16908575398693,8.46914124647434,0.6));
#3822=CARTESIAN_POINT('Ctrl Pts',(5.02020313726836,8.27781234282558,0.6));
#3823=CARTESIAN_POINT('Ctrl Pts',(4.85461701315587,8.06501777832798,0.6));
#3824=CARTESIAN_POINT('Ctrl Pts',(4.7363412195922,7.81597003512816,0.6));
#3825=CARTESIAN_POINT('Ctrl Pts',(4.61806542602854,7.56692229192834,0.6));
#3826=CARTESIAN_POINT('',(4.61806542602854,7.56692229192834,0.));
#3827=CARTESIAN_POINT('',(4.61806542602854,7.56692229192834,0.));
#3828=CARTESIAN_POINT('Ctrl Pts',(5.54334476049539,8.79318305188406,0.));
#3829=CARTESIAN_POINT('Ctrl Pts',(5.35621525724116,8.6311621491792,0.));
#3830=CARTESIAN_POINT('Ctrl Pts',(4.96096173095516,8.28894281971764,0.));
#3831=CARTESIAN_POINT('Ctrl Pts',(4.7363412195922,7.81597003512816,0.));
#3832=CARTESIAN_POINT('Ctrl Pts',(4.61806542602854,7.56692229192834,0.));
#3833=CARTESIAN_POINT('Ctrl Pts',(4.24909484958304,5.25777818139303,0.));
#3834=CARTESIAN_POINT('Ctrl Pts',(4.24909484958304,5.25777818139303,0.66));
#3835=CARTESIAN_POINT('Ctrl Pts',(4.26182237629614,5.7041814221082,0.));
#3836=CARTESIAN_POINT('Ctrl Pts',(4.26182237629614,5.7041814221082,0.66));
#3837=CARTESIAN_POINT('Ctrl Pts',(4.28426217086198,6.49123119548402,0.));
#3838=CARTESIAN_POINT('Ctrl Pts',(4.28426217086198,6.49123119548402,0.66));
#3839=CARTESIAN_POINT('Ctrl Pts',(4.51723249711439,7.24198512555099,0.));
#3840=CARTESIAN_POINT('Ctrl Pts',(4.51723249711439,7.24198512555099,0.66));
#3841=CARTESIAN_POINT('Ctrl Pts',(4.61806542602854,7.56692229192834,0.));
#3842=CARTESIAN_POINT('Ctrl Pts',(4.61806542602854,7.56692229192834,0.66));
#3843=CARTESIAN_POINT('',(4.24909484958304,5.25777818139303,0.6));
#3844=CARTESIAN_POINT('Ctrl Pts',(4.61806542602854,7.56692229192833,0.6));
#3845=CARTESIAN_POINT('Ctrl Pts',(4.48552274623048,7.13979949324112,0.6));
#3846=CARTESIAN_POINT('Ctrl Pts',(4.38841052093605,6.82685240693127,0.6));
#3847=CARTESIAN_POINT('Ctrl Pts',(4.27153464414889,6.04482795476884,0.6));
#3848=CARTESIAN_POINT('Ctrl Pts',(4.26031474686596,5.65130306808093,0.6));
#3849=CARTESIAN_POINT('Ctrl Pts',(4.24909484958304,5.25777818139303,0.6));
#3850=CARTESIAN_POINT('',(4.24909484958304,5.25777818139303,0.));
#3851=CARTESIAN_POINT('',(4.24909484958304,5.25777818139303,0.));
#3852=CARTESIAN_POINT('Ctrl Pts',(4.61806542602854,7.56692229192834,0.));
#3853=CARTESIAN_POINT('Ctrl Pts',(4.51723249711439,7.24198512555099,0.));
#3854=CARTESIAN_POINT('Ctrl Pts',(4.28426217086198,6.49123119548402,0.));
#3855=CARTESIAN_POINT('Ctrl Pts',(4.26182237629614,5.7041814221082,0.));
#3856=CARTESIAN_POINT('Ctrl Pts',(4.24909484958304,5.25777818139303,0.));
#3857=CARTESIAN_POINT('Ctrl Pts',(5.3427830721784,6.25056911865104,0.));
#3858=CARTESIAN_POINT('Ctrl Pts',(5.3427830721784,6.25056911865104,0.66));
#3859=CARTESIAN_POINT('Ctrl Pts',(5.1340537114952,6.12560226629608,0.));
#3860=CARTESIAN_POINT('Ctrl Pts',(5.1340537114952,6.12560226629608,0.66));
#3861=CARTESIAN_POINT('Ctrl Pts',(4.7035743295145,5.86787305563903,0.));
#3862=CARTESIAN_POINT('Ctrl Pts',(4.7035743295145,5.86787305563903,0.66));
#3863=CARTESIAN_POINT('Ctrl Pts',(4.40361231513663,5.46520297806359,0.));
#3864=CARTESIAN_POINT('Ctrl Pts',(4.40361231513663,5.46520297806359,0.66));
#3865=CARTESIAN_POINT('Ctrl Pts',(4.24909484958304,5.25777818139303,0.));
#3866=CARTESIAN_POINT('Ctrl Pts',(4.24909484958304,5.25777818139303,0.66));
#3867=CARTESIAN_POINT('',(5.3427830721784,6.25056911865104,0.6));
#3868=CARTESIAN_POINT('Ctrl Pts',(4.24909484958304,5.25777818139303,0.6));
#3869=CARTESIAN_POINT('Ctrl Pts',(4.40361231513663,5.46520297806359,0.6));
#3870=CARTESIAN_POINT('Ctrl Pts',(4.55812978069022,5.67262777473416,0.6));
#3871=CARTESIAN_POINT('Ctrl Pts',(4.74728031182642,5.84159219910501,0.6));
#3872=CARTESIAN_POINT('Ctrl Pts',(4.925324350812,6.00063541394113,0.6));
#3873=CARTESIAN_POINT('Ctrl Pts',(5.1340537114952,6.12560226629608,0.6));
#3874=CARTESIAN_POINT('Ctrl Pts',(5.3427830721784,6.25056911865104,0.6));
#3875=CARTESIAN_POINT('',(5.3427830721784,6.25056911865104,0.));
#3876=CARTESIAN_POINT('',(5.3427830721784,6.25056911865104,0.));
#3877=CARTESIAN_POINT('Ctrl Pts',(4.24909484958304,5.25777818139303,0.));
#3878=CARTESIAN_POINT('Ctrl Pts',(4.40361231513663,5.46520297806359,0.));
#3879=CARTESIAN_POINT('Ctrl Pts',(4.7035743295145,5.86787305563903,0.));
#3880=CARTESIAN_POINT('Ctrl Pts',(5.1340537114952,6.12560226629608,0.));
#3881=CARTESIAN_POINT('Ctrl Pts',(5.3427830721784,6.25056911865104,0.));
#3882=CARTESIAN_POINT('Ctrl Pts',(6.68950735705512,6.56571551287512,0.));
#3883=CARTESIAN_POINT('Ctrl Pts',(6.68950735705512,6.56571551287512,0.66));
#3884=CARTESIAN_POINT('Ctrl Pts',(6.45707853201363,6.55384931096843,0.));
#3885=CARTESIAN_POINT('Ctrl Pts',(6.45707853201363,6.55384931096843,0.66));
#3886=CARTESIAN_POINT('Ctrl Pts',(5.98924272693016,6.52996486323994,0.));
#3887=CARTESIAN_POINT('Ctrl Pts',(5.98924272693016,6.52996486323994,0.66));
#3888=CARTESIAN_POINT('Ctrl Pts',(5.55918218534804,6.34409543681799,0.));
#3889=CARTESIAN_POINT('Ctrl Pts',(5.55918218534804,6.34409543681799,0.66));
#3890=CARTESIAN_POINT('Ctrl Pts',(5.3427830721784,6.25056911865104,0.));
#3891=CARTESIAN_POINT('Ctrl Pts',(5.3427830721784,6.25056911865104,0.66));
#3892=CARTESIAN_POINT('',(6.68950735705512,6.56571551287512,0.6));
#3893=CARTESIAN_POINT('Ctrl Pts',(5.3427830721784,6.25056911865104,0.6));
#3894=CARTESIAN_POINT('Ctrl Pts',(5.55918218534804,6.34409543681799,0.6));
#3895=CARTESIAN_POINT('Ctrl Pts',(5.77558129851767,6.43762175498494,0.6));
#3896=CARTESIAN_POINT('Ctrl Pts',(6.00154484538143,6.49013460442777,0.6));
#3897=CARTESIAN_POINT('Ctrl Pts',(6.22464970697213,6.54198310906175,0.6));
#3898=CARTESIAN_POINT('Ctrl Pts',(6.45707853201363,6.55384931096843,0.6));
#3899=CARTESIAN_POINT('Ctrl Pts',(6.68950735705512,6.56571551287512,0.6));
#3900=CARTESIAN_POINT('',(6.68950735705512,6.56571551287512,0.));
#3901=CARTESIAN_POINT('',(6.68950735705512,6.56571551287512,0.));
#3902=CARTESIAN_POINT('Ctrl Pts',(5.3427830721784,6.25056911865104,0.));
#3903=CARTESIAN_POINT('Ctrl Pts',(5.55918218534804,6.34409543681799,0.));
#3904=CARTESIAN_POINT('Ctrl Pts',(5.98924272693016,6.52996486323994,0.));
#3905=CARTESIAN_POINT('Ctrl Pts',(6.45707853201363,6.55384931096843,0.));
#3906=CARTESIAN_POINT('Ctrl Pts',(6.68950735705512,6.56571551287512,0.));
#3907=CARTESIAN_POINT('Ctrl Pts',(8.77189606214314,5.64285659268841,0.));
#3908=CARTESIAN_POINT('Ctrl Pts',(8.77189606214314,5.64285659268841,0.66));
#3909=CARTESIAN_POINT('Ctrl Pts',(8.47250346855955,5.90921157152824,0.));
#3910=CARTESIAN_POINT('Ctrl Pts',(8.47250346855955,5.90921157152824,0.66));
#3911=CARTESIAN_POINT('Ctrl Pts',(7.87667820460849,6.43928822997974,0.));
#3912=CARTESIAN_POINT('Ctrl Pts',(7.87667820460849,6.43928822997974,0.66));
#3913=CARTESIAN_POINT('Ctrl Pts',(7.08391822300212,6.52371288601745,0.));
#3914=CARTESIAN_POINT('Ctrl Pts',(7.08391822300212,6.52371288601745,0.66));
#3915=CARTESIAN_POINT('Ctrl Pts',(6.68950735705512,6.56571551287512,0.));
#3916=CARTESIAN_POINT('Ctrl Pts',(6.68950735705512,6.56571551287512,0.66));
#3917=CARTESIAN_POINT('',(8.77189606214314,5.64285659268841,0.6));
#3918=CARTESIAN_POINT('Ctrl Pts',(6.68950735705512,6.56571551287512,0.6));
#3919=CARTESIAN_POINT('Ctrl Pts',(7.08391822300212,6.52371288601745,0.6));
#3920=CARTESIAN_POINT('Ctrl Pts',(7.47832908894912,6.48171025915977,0.6));
#3921=CARTESIAN_POINT('Ctrl Pts',(7.82399422370502,6.32939883061857,0.6));
#3922=CARTESIAN_POINT('Ctrl Pts',(8.17311087497595,6.17556655036807,0.6));
#3923=CARTESIAN_POINT('Ctrl Pts',(8.47250346855955,5.90921157152824,0.6));
#3924=CARTESIAN_POINT('Ctrl Pts',(8.77189606214314,5.64285659268841,0.6));
#3925=CARTESIAN_POINT('',(8.77189606214314,5.64285659268841,0.));
#3926=CARTESIAN_POINT('',(8.77189606214314,5.64285659268841,0.));
#3927=CARTESIAN_POINT('Ctrl Pts',(6.68950735705512,6.56571551287512,0.));
#3928=CARTESIAN_POINT('Ctrl Pts',(7.08391822300212,6.52371288601745,0.));
#3929=CARTESIAN_POINT('Ctrl Pts',(7.87667820460849,6.43928822997974,0.));
#3930=CARTESIAN_POINT('Ctrl Pts',(8.47250346855955,5.90921157152824,0.));
#3931=CARTESIAN_POINT('Ctrl Pts',(8.77189606214314,5.64285659268841,0.));
#3932=CARTESIAN_POINT('Ctrl Pts',(9.61343499292711,3.29879052843766,0.));
#3933=CARTESIAN_POINT('Ctrl Pts',(9.61343499292711,3.29879052843766,0.66));
#3934=CARTESIAN_POINT('Ctrl Pts',(9.5873742230136,3.74826258289326,0.));
#3935=CARTESIAN_POINT('Ctrl Pts',(9.5873742230136,3.74826258289326,0.66));
#3936=CARTESIAN_POINT('Ctrl Pts',(9.53716202189187,4.61427618386595,0.));
#3937=CARTESIAN_POINT('Ctrl Pts',(9.53716202189187,4.61427618386595,0.66));
#3938=CARTESIAN_POINT('Ctrl Pts',(9.02043513431833,5.30879963221646,0.));
#3939=CARTESIAN_POINT('Ctrl Pts',(9.02043513431833,5.30879963221646,0.66));
#3940=CARTESIAN_POINT('Ctrl Pts',(8.77189606214314,5.64285659268841,0.));
#3941=CARTESIAN_POINT('Ctrl Pts',(8.77189606214314,5.64285659268841,0.66));
#3942=CARTESIAN_POINT('Ctrl Pts',(8.77189606214314,5.64285659268841,0.6));
#3943=CARTESIAN_POINT('Ctrl Pts',(9.02043513431833,5.30879963221646,0.6));
#3944=CARTESIAN_POINT('Ctrl Pts',(9.26897420649351,4.97474267174451,0.6));
#3945=CARTESIAN_POINT('Ctrl Pts',(9.40958567235545,4.60101167267031,0.6));
#3946=CARTESIAN_POINT('Ctrl Pts',(9.56131345310008,4.19773463734886,0.6));
#3947=CARTESIAN_POINT('Ctrl Pts',(9.5873742230136,3.74826258289326,0.6));
#3948=CARTESIAN_POINT('Ctrl Pts',(9.61343499292711,3.29879052843766,0.6));
#3949=CARTESIAN_POINT('Ctrl Pts',(8.77189606214314,5.64285659268841,0.));
#3950=CARTESIAN_POINT('Ctrl Pts',(9.02043513431833,5.30879963221646,0.));
#3951=CARTESIAN_POINT('Ctrl Pts',(9.53716202189187,4.61427618386595,0.));
#3952=CARTESIAN_POINT('Ctrl Pts',(9.5873742230136,3.74826258289326,0.));
#3953=CARTESIAN_POINT('Ctrl Pts',(9.61343499292711,3.29879052843766,0.));
#3954=CARTESIAN_POINT('Origin',(12.1381770142107,4.96258891317627,0.));
#3955=CARTESIAN_POINT('Origin',(12.1381770142107,4.96258891317627,0.6));
#3956=CARTESIAN_POINT('Ctrl Pts',(7.82009262757473,4.87388265392829,0.));
#3957=CARTESIAN_POINT('Ctrl Pts',(7.82009262757473,4.87388265392829,5.5));
#3958=CARTESIAN_POINT('Ctrl Pts',(7.97896845987083,4.64485680741667,0.));
#3959=CARTESIAN_POINT('Ctrl Pts',(7.97896845987083,4.64485680741667,5.5));
#3960=CARTESIAN_POINT('Ctrl Pts',(8.31954383860236,4.15390382049775,0.));
#3961=CARTESIAN_POINT('Ctrl Pts',(8.31954383860236,4.15390382049775,5.5));
#3962=CARTESIAN_POINT('Ctrl Pts',(8.34441681103394,3.55482507450478,0.));
#3963=CARTESIAN_POINT('Ctrl Pts',(8.34441681103394,3.55482507450478,5.5));
#3964=CARTESIAN_POINT('Ctrl Pts',(8.35768673038674,3.23521202193636,0.));
#3965=CARTESIAN_POINT('Ctrl Pts',(8.35768673038674,3.23521202193636,5.5));
#3966=CARTESIAN_POINT('',(8.35768673038674,3.23521202193636,0.6));
#3967=CARTESIAN_POINT('',(7.82009262757473,4.87388265392829,0.6));
#3968=CARTESIAN_POINT('Ctrl Pts',(8.35768673038674,3.23521202193636,0.6));
#3969=CARTESIAN_POINT('Ctrl Pts',(8.34441681103394,3.55482507450478,0.6));
#3970=CARTESIAN_POINT('Ctrl Pts',(8.33114689168113,3.87443812707319,0.6));
#3971=CARTESIAN_POINT('Ctrl Pts',(8.22801848942453,4.16327530819011,0.6));
#3972=CARTESIAN_POINT('Ctrl Pts',(8.13784429216694,4.41583096090506,0.6));
#3973=CARTESIAN_POINT('Ctrl Pts',(7.97896845987083,4.64485680741667,0.6));
#3974=CARTESIAN_POINT('Ctrl Pts',(7.82009262757473,4.87388265392829,0.6));
#3975=CARTESIAN_POINT('',(8.35768673038674,3.23521202193636,0.));
#3976=CARTESIAN_POINT('',(8.35768673038674,3.23521202193636,0.));
#3977=CARTESIAN_POINT('',(7.82009262757473,4.87388265392829,0.));
#3978=CARTESIAN_POINT('Ctrl Pts',(7.82009262757473,4.87388265392829,0.));
#3979=CARTESIAN_POINT('Ctrl Pts',(7.97896845987083,4.64485680741667,0.));
#3980=CARTESIAN_POINT('Ctrl Pts',(8.31954383860236,4.15390382049775,0.));
#3981=CARTESIAN_POINT('Ctrl Pts',(8.34441681103394,3.55482507450478,0.));
#3982=CARTESIAN_POINT('Ctrl Pts',(8.35768673038674,3.23521202193636,0.));
#3983=CARTESIAN_POINT('',(7.82009262757473,4.87388265392829,0.));
#3984=CARTESIAN_POINT('Ctrl Pts',(6.43405495229709,5.48341732929958,0.));
#3985=CARTESIAN_POINT('Ctrl Pts',(6.43405495229709,5.48341732929958,5.5));
#3986=CARTESIAN_POINT('Ctrl Pts',(6.70073085969015,5.45700395787156,0.));
#3987=CARTESIAN_POINT('Ctrl Pts',(6.70073085969015,5.45700395787156,5.5));
#3988=CARTESIAN_POINT('Ctrl Pts',(7.22941399591208,5.40463963227024,0.));
#3989=CARTESIAN_POINT('Ctrl Pts',(7.22941399591208,5.40463963227024,5.5));
#3990=CARTESIAN_POINT('Ctrl Pts',(7.62436231612669,5.04975701793173,0.));
#3991=CARTESIAN_POINT('Ctrl Pts',(7.62436231612669,5.04975701793173,5.5));
#3992=CARTESIAN_POINT('Ctrl Pts',(7.82009262757473,4.87388265392829,0.));
#3993=CARTESIAN_POINT('Ctrl Pts',(7.82009262757473,4.87388265392829,5.5));
#3994=CARTESIAN_POINT('',(6.43405495229709,5.48341732929958,0.6));
#3995=CARTESIAN_POINT('Ctrl Pts',(7.82009262757473,4.87388265392829,0.6));
#3996=CARTESIAN_POINT('Ctrl Pts',(7.62436231612669,5.04975701793173,0.6));
#3997=CARTESIAN_POINT('Ctrl Pts',(7.42863200467865,5.22563138193517,0.6));
#3998=CARTESIAN_POINT('Ctrl Pts',(7.20005587260852,5.3272060105113,0.6));
#3999=CARTESIAN_POINT('Ctrl Pts',(6.96740676708322,5.43059058644354,0.6));
#4000=CARTESIAN_POINT('Ctrl Pts',(6.70073085969015,5.45700395787156,0.6));
#4001=CARTESIAN_POINT('Ctrl Pts',(6.43405495229709,5.48341732929958,0.6));
#4002=CARTESIAN_POINT('',(6.43405495229709,5.48341732929958,0.));
#4003=CARTESIAN_POINT('Ctrl Pts',(6.43405495229709,5.48341732929958,0.));
#4004=CARTESIAN_POINT('Ctrl Pts',(6.70073085969015,5.45700395787156,0.));
#4005=CARTESIAN_POINT('Ctrl Pts',(7.22941399591208,5.40463963227024,0.));
#4006=CARTESIAN_POINT('Ctrl Pts',(7.62436231612669,5.04975701793173,0.));
#4007=CARTESIAN_POINT('Ctrl Pts',(7.82009262757473,4.87388265392829,0.));
#4008=CARTESIAN_POINT('',(6.43405495229709,5.48341732929958,0.));
#4009=CARTESIAN_POINT('Ctrl Pts',(5.01666225178597,4.89946354853015,0.));
#4010=CARTESIAN_POINT('Ctrl Pts',(5.01666225178597,4.89946354853015,5.5));
#4011=CARTESIAN_POINT('Ctrl Pts',(5.22203164922486,5.07168178134642,0.));
#4012=CARTESIAN_POINT('Ctrl Pts',(5.22203164922486,5.07168178134642,5.5));
#4013=CARTESIAN_POINT('Ctrl Pts',(5.63278103398093,5.41612712741659,0.));
#4014=CARTESIAN_POINT('Ctrl Pts',(5.63278103398093,5.41612712741659,5.5));
#4015=CARTESIAN_POINT('Ctrl Pts',(6.16695905549281,5.46098687648283,0.));
#4016=CARTESIAN_POINT('Ctrl Pts',(6.16695905549281,5.46098687648283,5.5));
#4017=CARTESIAN_POINT('Ctrl Pts',(6.43405495229709,5.48341732929958,0.));
#4018=CARTESIAN_POINT('Ctrl Pts',(6.43405495229709,5.48341732929958,5.5));
#4019=CARTESIAN_POINT('',(5.01666225178597,4.89946354853015,0.6));
#4020=CARTESIAN_POINT('Ctrl Pts',(6.43405495229709,5.48341732929958,0.6));
#4021=CARTESIAN_POINT('Ctrl Pts',(6.16695905549281,5.46098687648283,0.6));
#4022=CARTESIAN_POINT('Ctrl Pts',(5.89986315868853,5.43855642366609,0.6));
#4023=CARTESIAN_POINT('Ctrl Pts',(5.6636260122029,5.34122570961338,0.6));
#4024=CARTESIAN_POINT('Ctrl Pts',(5.42740104666375,5.24390001416269,0.6));
#4025=CARTESIAN_POINT('Ctrl Pts',(5.22203164922486,5.07168178134642,0.6));
#4026=CARTESIAN_POINT('Ctrl Pts',(5.01666225178597,4.89946354853015,0.6));
#4027=CARTESIAN_POINT('',(5.01666225178597,4.89946354853015,0.));
#4028=CARTESIAN_POINT('Ctrl Pts',(5.01666225178597,4.89946354853015,0.));
#4029=CARTESIAN_POINT('Ctrl Pts',(5.22203164922486,5.07168178134642,0.));
#4030=CARTESIAN_POINT('Ctrl Pts',(5.63278103398093,5.41612712741659,0.));
#4031=CARTESIAN_POINT('Ctrl Pts',(6.16695905549281,5.46098687648283,0.));
#4032=CARTESIAN_POINT('Ctrl Pts',(6.43405495229709,5.48341732929958,0.));
#4033=CARTESIAN_POINT('',(5.01666225178597,4.89946354853015,0.));
#4034=CARTESIAN_POINT('Ctrl Pts',(4.42259321523026,3.3393347654707,0.));
#4035=CARTESIAN_POINT('Ctrl Pts',(4.42259321523026,3.3393347654707,5.5));
#4036=CARTESIAN_POINT('Ctrl Pts',(4.44514668770741,3.64187882991205,0.));
#4037=CARTESIAN_POINT('Ctrl Pts',(4.44514668770741,3.64187882991205,5.5));
#4038=CARTESIAN_POINT('Ctrl Pts',(4.48841991846898,4.2223685584619,0.));
#4039=CARTESIAN_POINT('Ctrl Pts',(4.48841991846898,4.2223685584619,5.5));
#4040=CARTESIAN_POINT('Ctrl Pts',(4.84562705519495,4.68023258684267,0.));
#4041=CARTESIAN_POINT('Ctrl Pts',(4.84562705519495,4.68023258684267,5.5));
#4042=CARTESIAN_POINT('Ctrl Pts',(5.01666225178597,4.89946354853015,0.));
#4043=CARTESIAN_POINT('Ctrl Pts',(5.01666225178597,4.89946354853015,5.5));
#4044=CARTESIAN_POINT('',(4.42259321523026,3.3393347654707,0.6));
#4045=CARTESIAN_POINT('Ctrl Pts',(5.01666225178597,4.89946354853015,0.6));
#4046=CARTESIAN_POINT('Ctrl Pts',(4.84562705519495,4.68023258684267,0.6));
#4047=CARTESIAN_POINT('Ctrl Pts',(4.67459185860392,4.46100162515519,0.6));
#4048=CARTESIAN_POINT('Ctrl Pts',(4.575529553644,4.21365733750394,0.6));
#4049=CARTESIAN_POINT('Ctrl Pts',(4.46770016018455,3.9444228943534,0.6));
#4050=CARTESIAN_POINT('Ctrl Pts',(4.44514668770741,3.64187882991205,0.6));
#4051=CARTESIAN_POINT('Ctrl Pts',(4.42259321523026,3.3393347654707,0.6));
#4052=CARTESIAN_POINT('',(4.42259321523026,3.3393347654707,0.));
#4053=CARTESIAN_POINT('Ctrl Pts',(4.42259321523026,3.3393347654707,0.));
#4054=CARTESIAN_POINT('Ctrl Pts',(4.44514668770741,3.64187882991205,0.));
#4055=CARTESIAN_POINT('Ctrl Pts',(4.48841991846898,4.2223685584619,0.));
#4056=CARTESIAN_POINT('Ctrl Pts',(4.84562705519495,4.68023258684267,0.));
#4057=CARTESIAN_POINT('Ctrl Pts',(5.01666225178597,4.89946354853015,0.));
#4058=CARTESIAN_POINT('',(4.42259321523026,3.3393347654707,0.));
#4059=CARTESIAN_POINT('Ctrl Pts',(4.68094387842362,2.12273846849092,0.));
#4060=CARTESIAN_POINT('Ctrl Pts',(4.68094387842362,2.12273846849092,5.5));
#4061=CARTESIAN_POINT('Ctrl Pts',(4.60414267667055,2.31877602675944,0.));
#4062=CARTESIAN_POINT('Ctrl Pts',(4.60414267667055,2.31877602675944,5.5));
#4063=CARTESIAN_POINT('Ctrl Pts',(4.45085067148077,2.71005884152722,0.));
#4064=CARTESIAN_POINT('Ctrl Pts',(4.45085067148077,2.71005884152722,5.5));
#4065=CARTESIAN_POINT('Ctrl Pts',(4.43199964360756,3.12985947315649,0.));
#4066=CARTESIAN_POINT('Ctrl Pts',(4.43199964360756,3.12985947315649,5.5));
#4067=CARTESIAN_POINT('Ctrl Pts',(4.42259321523026,3.3393347654707,0.));
#4068=CARTESIAN_POINT('Ctrl Pts',(4.42259321523026,3.3393347654707,5.5));
#4069=CARTESIAN_POINT('',(4.68094387842362,2.12273846849092,0.6));
#4070=CARTESIAN_POINT('Ctrl Pts',(4.42259321523026,3.3393347654707,0.6));
#4071=CARTESIAN_POINT('Ctrl Pts',(4.43199964360756,3.12985947315649,0.6));
#4072=CARTESIAN_POINT('Ctrl Pts',(4.44140607198485,2.92038418084229,0.6));
#4073=CARTESIAN_POINT('Ctrl Pts',(4.48428676889945,2.71800949935949,0.6));
#4074=CARTESIAN_POINT('Ctrl Pts',(4.52734147491747,2.51481358502797,0.6));
#4075=CARTESIAN_POINT('Ctrl Pts',(4.60414267667055,2.31877602675944,0.6));
#4076=CARTESIAN_POINT('Ctrl Pts',(4.68094387842362,2.12273846849092,0.6));
#4077=CARTESIAN_POINT('',(4.68094387842362,2.12273846849092,0.));
#4078=CARTESIAN_POINT('Ctrl Pts',(4.68094387842362,2.12273846849092,0.));
#4079=CARTESIAN_POINT('Ctrl Pts',(4.60414267667055,2.31877602675944,0.));
#4080=CARTESIAN_POINT('Ctrl Pts',(4.45085067148077,2.71005884152722,0.));
#4081=CARTESIAN_POINT('Ctrl Pts',(4.43199964360756,3.12985947315649,0.));
#4082=CARTESIAN_POINT('Ctrl Pts',(4.42259321523026,3.3393347654707,0.));
#4083=CARTESIAN_POINT('',(4.68094387842362,2.12273846849092,0.));
#4084=CARTESIAN_POINT('Ctrl Pts',(5.42660403861459,1.23254191655822,0.));
#4085=CARTESIAN_POINT('Ctrl Pts',(5.42660403861459,1.23254191655822,5.5));
#4086=CARTESIAN_POINT('Ctrl Pts',(5.27393478852767,1.34936463931702,0.));
#4087=CARTESIAN_POINT('Ctrl Pts',(5.27393478852767,1.34936463931702,5.5));
#4088=CARTESIAN_POINT('Ctrl Pts',(4.95922268933963,1.59018277585304,0.));
#4089=CARTESIAN_POINT('Ctrl Pts',(4.95922268933963,1.59018277585304,5.5));
#4090=CARTESIAN_POINT('Ctrl Pts',(4.77552725197248,1.94172966711457,0.));
#4091=CARTESIAN_POINT('Ctrl Pts',(4.77552725197248,1.94172966711457,5.5));
#4092=CARTESIAN_POINT('Ctrl Pts',(4.68094387842362,2.12273846849092,0.));
#4093=CARTESIAN_POINT('Ctrl Pts',(4.68094387842362,2.12273846849092,5.5));
#4094=CARTESIAN_POINT('',(5.42660403861459,1.23254191655822,0.6));
#4095=CARTESIAN_POINT('Ctrl Pts',(4.68094387842362,2.12273846849092,0.6));
#4096=CARTESIAN_POINT('Ctrl Pts',(4.77552725197248,1.94172966711457,0.6));
#4097=CARTESIAN_POINT('Ctrl Pts',(4.87011062552134,1.76072086573823,0.6));
#4098=CARTESIAN_POINT('Ctrl Pts',(4.99942836627616,1.60906782090033,0.6));
#4099=CARTESIAN_POINT('Ctrl Pts',(5.12126553844074,1.46618736207582,0.6));
#4100=CARTESIAN_POINT('Ctrl Pts',(5.27393478852767,1.34936463931702,0.6));
#4101=CARTESIAN_POINT('Ctrl Pts',(5.42660403861459,1.23254191655822,0.6));
#4102=CARTESIAN_POINT('',(5.42660403861459,1.23254191655822,0.));
#4103=CARTESIAN_POINT('Ctrl Pts',(5.42660403861459,1.23254191655822,0.));
#4104=CARTESIAN_POINT('Ctrl Pts',(5.27393478852767,1.34936463931702,0.));
#4105=CARTESIAN_POINT('Ctrl Pts',(4.95922268933963,1.59018277585304,0.));
#4106=CARTESIAN_POINT('Ctrl Pts',(4.77552725197248,1.94172966711457,0.));
#4107=CARTESIAN_POINT('Ctrl Pts',(4.68094387842362,2.12273846849092,0.));
#4108=CARTESIAN_POINT('',(5.42660403861459,1.23254191655822,0.));
#4109=CARTESIAN_POINT('Ctrl Pts',(6.44016296992523,0.919733319446197,0.));
#4110=CARTESIAN_POINT('Ctrl Pts',(6.44016296992523,0.919733319446197,5.5));
#4111=CARTESIAN_POINT('Ctrl Pts',(6.26345626589424,0.934927630049462,0.));
#4112=CARTESIAN_POINT('Ctrl Pts',(6.26345626589424,0.934927630049462,5.5));
#4113=CARTESIAN_POINT('Ctrl Pts',(5.90320210012384,0.965904460956086,0.));
#4114=CARTESIAN_POINT('Ctrl Pts',(5.90320210012384,0.965904460956086,5.5));
#4115=CARTESIAN_POINT('Ctrl Pts',(5.58746851572278,1.14254470856064,0.));
#4116=CARTESIAN_POINT('Ctrl Pts',(5.58746851572278,1.14254470856064,5.5));
#4117=CARTESIAN_POINT('Ctrl Pts',(5.42660403861459,1.23254191655822,0.));
#4118=CARTESIAN_POINT('Ctrl Pts',(5.42660403861459,1.23254191655822,5.5));
#4119=CARTESIAN_POINT('',(6.44016296992523,0.919733319446197,0.6));
#4120=CARTESIAN_POINT('Ctrl Pts',(5.42660403861459,1.23254191655822,0.6));
#4121=CARTESIAN_POINT('Ctrl Pts',(5.58746851572278,1.14254470856064,0.6));
#4122=CARTESIAN_POINT('Ctrl Pts',(5.74833299283096,1.05254750056305,0.6));
#4123=CARTESIAN_POINT('Ctrl Pts',(5.92075432243198,1.00036225657406,0.6));
#4124=CARTESIAN_POINT('Ctrl Pts',(6.08674956186325,0.950121940652725,0.6));
#4125=CARTESIAN_POINT('Ctrl Pts',(6.26345626589424,0.934927630049462,0.6));
#4126=CARTESIAN_POINT('Ctrl Pts',(6.44016296992523,0.919733319446197,0.6));
#4127=CARTESIAN_POINT('',(6.44016296992523,0.919733319446197,0.));
#4128=CARTESIAN_POINT('Ctrl Pts',(6.44016296992523,0.919733319446197,0.));
#4129=CARTESIAN_POINT('Ctrl Pts',(6.26345626589424,0.934927630049462,0.));
#4130=CARTESIAN_POINT('Ctrl Pts',(5.90320210012384,0.965904460956086,0.));
#4131=CARTESIAN_POINT('Ctrl Pts',(5.58746851572278,1.14254470856064,0.));
#4132=CARTESIAN_POINT('Ctrl Pts',(5.42660403861459,1.23254191655822,0.));
#4133=CARTESIAN_POINT('',(6.44016296992523,0.919733319446197,0.));
#4134=CARTESIAN_POINT('Ctrl Pts',(7.78280497390809,1.53506626335168,0.));
#4135=CARTESIAN_POINT('Ctrl Pts',(7.78280497390809,1.53506626335168,5.5));
#4136=CARTESIAN_POINT('Ctrl Pts',(7.58860731699601,1.35381966698222,0.));
#4137=CARTESIAN_POINT('Ctrl Pts',(7.58860731699601,1.35381966698222,5.5));
#4138=CARTESIAN_POINT('Ctrl Pts',(7.20867077110754,0.999221126126342,0.));
#4139=CARTESIAN_POINT('Ctrl Pts',(7.20867077110754,0.999221126126342,5.5));
#4140=CARTESIAN_POINT('Ctrl Pts',(6.69250163687723,0.945833050829208,0.));
#4141=CARTESIAN_POINT('Ctrl Pts',(6.69250163687723,0.945833050829208,5.5));
#4142=CARTESIAN_POINT('Ctrl Pts',(6.44016296992523,0.919733319446197,0.));
#4143=CARTESIAN_POINT('Ctrl Pts',(6.44016296992523,0.919733319446197,5.5));
#4144=CARTESIAN_POINT('',(7.78280497390809,1.53506626335168,0.6));
#4145=CARTESIAN_POINT('Ctrl Pts',(6.44016296992523,0.919733319446197,0.6));
#4146=CARTESIAN_POINT('Ctrl Pts',(6.69250163687723,0.945833050829208,0.6));
#4147=CARTESIAN_POINT('Ctrl Pts',(6.94484030382923,0.971932782212218,0.6));
#4148=CARTESIAN_POINT('Ctrl Pts',(7.16462045831085,1.07001943550921,0.6));
#4149=CARTESIAN_POINT('Ctrl Pts',(7.39440966008394,1.17257307061276,0.6));
#4150=CARTESIAN_POINT('Ctrl Pts',(7.58860731699601,1.35381966698222,0.6));
#4151=CARTESIAN_POINT('Ctrl Pts',(7.78280497390809,1.53506626335168,0.6));
#4152=CARTESIAN_POINT('',(7.78280497390809,1.53506626335168,0.));
#4153=CARTESIAN_POINT('Ctrl Pts',(7.78280497390809,1.53506626335168,0.));
#4154=CARTESIAN_POINT('Ctrl Pts',(7.58860731699601,1.35381966698222,0.));
#4155=CARTESIAN_POINT('Ctrl Pts',(7.20867077110754,0.999221126126342,0.));
#4156=CARTESIAN_POINT('Ctrl Pts',(6.69250163687723,0.945833050829208,0.));
#4157=CARTESIAN_POINT('Ctrl Pts',(6.44016296992523,0.919733319446197,0.));
#4158=CARTESIAN_POINT('',(7.78280497390809,1.53506626335168,0.));
#4159=CARTESIAN_POINT('Ctrl Pts',(8.35768673038674,3.23521202193636,0.));
#4160=CARTESIAN_POINT('Ctrl Pts',(8.35768673038674,3.23521202193636,5.5));
#4161=CARTESIAN_POINT('Ctrl Pts',(8.3384079661736,2.90324464664377,0.));
#4162=CARTESIAN_POINT('Ctrl Pts',(8.3384079661736,2.90324464664377,5.5));
#4163=CARTESIAN_POINT('Ctrl Pts',(8.3023125252368,2.28170538949296,0.));
#4164=CARTESIAN_POINT('Ctrl Pts',(8.3023125252368,2.28170538949296,5.5));
#4165=CARTESIAN_POINT('Ctrl Pts',(7.94791631196223,1.77236519162607,0.));
#4166=CARTESIAN_POINT('Ctrl Pts',(7.94791631196223,1.77236519162607,5.5));
#4167=CARTESIAN_POINT('Ctrl Pts',(7.78280497390809,1.53506626335168,0.));
#4168=CARTESIAN_POINT('Ctrl Pts',(7.78280497390809,1.53506626335168,5.5));
#4169=CARTESIAN_POINT('Ctrl Pts',(7.78280497390809,1.53506626335168,0.6));
#4170=CARTESIAN_POINT('Ctrl Pts',(7.94791631196223,1.77236519162607,0.6));
#4171=CARTESIAN_POINT('Ctrl Pts',(8.11302765001636,2.00966411990047,0.6));
#4172=CARTESIAN_POINT('Ctrl Pts',(8.20904928270283,2.27131674323982,0.6));
#4173=CARTESIAN_POINT('Ctrl Pts',(8.31912920196047,2.57127727135117,0.6));
#4174=CARTESIAN_POINT('Ctrl Pts',(8.3384079661736,2.90324464664377,0.6));
#4175=CARTESIAN_POINT('Ctrl Pts',(8.35768673038674,3.23521202193636,0.6));
#4176=CARTESIAN_POINT('Ctrl Pts',(8.35768673038674,3.23521202193636,0.));
#4177=CARTESIAN_POINT('Ctrl Pts',(8.3384079661736,2.90324464664377,0.));
#4178=CARTESIAN_POINT('Ctrl Pts',(8.3023125252368,2.28170538949296,0.));
#4179=CARTESIAN_POINT('Ctrl Pts',(7.94791631196223,1.77236519162607,0.));
#4180=CARTESIAN_POINT('Ctrl Pts',(7.78280497390809,1.53506626335168,0.));
#4181=CARTESIAN_POINT('Origin',(11.2470805187714,1.05776542300557,0.6));
#4182=CARTESIAN_POINT('Origin',(-20.7529194812286,1.05776542300557,0.));
#4183=CARTESIAN_POINT('Origin',(-20.7529194812286,1.05776542300557,6.));
#4184=CARTESIAN_POINT('',(-35.7529194812286,-13.9422345769944,6.));
#4185=CARTESIAN_POINT('',(-5.75291948122862,-13.9422345769944,6.));
#4186=CARTESIAN_POINT('',(-5.75291948122862,-13.9422345769944,6.));
#4187=CARTESIAN_POINT('',(-5.75291948122862,16.0577654230056,6.));
#4188=CARTESIAN_POINT('',(-5.75291948122862,16.0577654230056,6.));
#4189=CARTESIAN_POINT('',(-35.7529194812286,16.0577654230056,6.));
#4190=CARTESIAN_POINT('',(-35.7529194812286,16.0577654230056,6.));
#4191=CARTESIAN_POINT('',(-35.7529194812286,-13.9422345769944,6.));
#4192=CARTESIAN_POINT('Origin',(-35.7529194812286,-13.9422345769944,0.));
#4193=CARTESIAN_POINT('',(44.2470805187714,-13.9422345769944,0.));
#4194=CARTESIAN_POINT('',(-35.7529194812286,-13.9422345769944,0.));
#4195=CARTESIAN_POINT('',(-5.75291948122862,-13.9422345769944,0.));
#4196=CARTESIAN_POINT('',(44.2470805187714,-13.9422345769944,6.));
#4197=CARTESIAN_POINT('',(44.2470805187714,-13.9422345769944,0.));
#4198=CARTESIAN_POINT('',(28.2470805187714,-13.9422345769944,6.));
#4199=CARTESIAN_POINT('',(32.2470805187714,-13.9422345769944,6.));
#4200=CARTESIAN_POINT('',(28.2470805187714,-13.9422345769944,0.6));
#4201=CARTESIAN_POINT('',(28.2470805187714,-13.9422345769944,0.));
#4202=CARTESIAN_POINT('',(-5.75291948122862,-13.9422345769944,0.6));
#4203=CARTESIAN_POINT('',(44.2470805187714,-13.9422345769944,0.6));
#4204=CARTESIAN_POINT('',(-5.75291948122862,-13.9422345769944,0.));
#4205=CARTESIAN_POINT('',(-35.7529194812286,-13.9422345769944,0.));
#4206=CARTESIAN_POINT('Origin',(-5.75291948122862,-13.9422345769944,0.));
#4207=CARTESIAN_POINT('',(-5.75291948122862,16.0577654230056,0.6));
#4208=CARTESIAN_POINT('',(-5.75291948122862,-6.44223457699443,0.6));
#4209=CARTESIAN_POINT('',(-5.75291948122862,16.0577654230056,0.));
#4210=CARTESIAN_POINT('Origin',(-5.75291948122862,16.0577654230056,0.));
#4211=CARTESIAN_POINT('',(-35.7529194812286,16.0577654230056,0.));
#4212=CARTESIAN_POINT('',(44.2470805187714,16.0577654230056,0.));
#4213=CARTESIAN_POINT('',(-5.75291948122862,16.0577654230056,0.));
#4214=CARTESIAN_POINT('',(-35.7529194812286,16.0577654230056,0.));
#4215=CARTESIAN_POINT('',(28.2470805187714,16.0577654230056,0.6));
#4216=CARTESIAN_POINT('',(-5.75291948122862,16.0577654230056,0.6));
#4217=CARTESIAN_POINT('',(28.2470805187714,16.0577654230056,6.));
#4218=CARTESIAN_POINT('',(28.2470805187714,16.0577654230056,0.));
#4219=CARTESIAN_POINT('',(44.2470805187714,16.0577654230056,6.));
#4220=CARTESIAN_POINT('',(40.2470805187714,16.0577654230056,6.));
#4221=CARTESIAN_POINT('',(44.2470805187714,16.0577654230056,0.));
#4222=CARTESIAN_POINT('Origin',(-35.7529194812286,16.0577654230056,0.));
#4223=CARTESIAN_POINT('',(-35.7529194812286,-13.9422345769944,0.));
#4224=CARTESIAN_POINT('Origin',(36.2470805187714,1.05776542300557,6.));
#4225=CARTESIAN_POINT('',(44.2470805187714,-6.44223457699443,6.));
#4226=CARTESIAN_POINT('',(28.2470805187714,8.55776542300557,6.));
#4227=CARTESIAN_POINT('',(33.7470805187714,1.05776542300556,6.));
#4228=CARTESIAN_POINT('Origin',(36.2470805187714,1.05776542300556,6.));
#4229=CARTESIAN_POINT('Origin',(44.2470805187714,-13.9422345769944,0.));
#4230=CARTESIAN_POINT('',(44.2470805187714,16.0577654230056,0.));
#4231=CARTESIAN_POINT('Origin',(36.2470805187714,1.05776542300556,0.));
#4232=CARTESIAN_POINT('',(33.7470805187714,1.05776542300556,0.));
#4233=CARTESIAN_POINT('',(33.7470805187714,1.05776542300556,0.));
#4234=CARTESIAN_POINT('Origin',(36.2470805187714,1.05776542300556,0.));
#4235=CARTESIAN_POINT('Origin',(28.2470805187714,16.0577654230056,0.));
#4236=CARTESIAN_POINT('',(28.2470805187714,16.0577654230056,0.6));
#4237=CARTESIAN_POINT('Origin',(-20.7529194812286,1.05776542300557,0.));
#4238=CARTESIAN_POINT('',(15.1218872228114,7.78827934338693,0.));
#4239=CARTESIAN_POINT('',(14.7309157417121,4.93702141309301,0.));
#4240=CARTESIAN_POINT('Ctrl Pts',(15.1218872228114,7.78827934338693,0.));
#4241=CARTESIAN_POINT('Ctrl Pts',(15.0119898885006,7.37321062304303,0.));
#4242=CARTESIAN_POINT('Ctrl Pts',(14.7648648777359,6.43984984021458,0.));
#4243=CARTESIAN_POINT('Ctrl Pts',(14.7430367992957,5.47358499133978,0.));
#4244=CARTESIAN_POINT('Ctrl Pts',(14.7309157417121,4.93702141309301,0.));
#4245=CARTESIAN_POINT('',(15.6828645986673,0.86268196104631,0.));
#4246=CARTESIAN_POINT('Ctrl Pts',(14.7309157417121,4.93702141309301,0.));
#4247=CARTESIAN_POINT('Ctrl Pts',(14.7332145791171,4.10909419299261,0.));
#4248=CARTESIAN_POINT('Ctrl Pts',(14.7372114070222,2.66963500830256,0.));
#4249=CARTESIAN_POINT('Ctrl Pts',(15.4009047499813,1.40145052048059,0.));
#4250=CARTESIAN_POINT('Ctrl Pts',(15.6828645986673,0.86268196104631,0.));
#4251=CARTESIAN_POINT('',(17.9447971689456,-0.194836917816812,0.));
#4252=CARTESIAN_POINT('Ctrl Pts',(15.6828645986673,0.86268196104631,0.));
#4253=CARTESIAN_POINT('Ctrl Pts',(15.9869323367332,0.557539099785203,0.));
#4254=CARTESIAN_POINT('Ctrl Pts',(16.6109125908934,-0.0686474247569824,
0.));
#4255=CARTESIAN_POINT('Ctrl Pts',(17.4927051676169,-0.152067654716566,0.));
#4256=CARTESIAN_POINT('Ctrl Pts',(17.9447971689456,-0.194836917816812,0.));
#4257=CARTESIAN_POINT('',(19.7679778394003,0.378593263276672,0.));
#4258=CARTESIAN_POINT('Ctrl Pts',(17.9447971689456,-0.194836917816812,0.));
#4259=CARTESIAN_POINT('Ctrl Pts',(18.2892739205208,-0.178146320233414,0.));
#4260=CARTESIAN_POINT('Ctrl Pts',(18.948480785273,-0.14620641005521,0.));
#4261=CARTESIAN_POINT('Ctrl Pts',(19.5031553648064,0.209002967060403,0.));
#4262=CARTESIAN_POINT('Ctrl Pts',(19.7679778394003,0.378593263276672,0.));
#4263=CARTESIAN_POINT('',(20.864355196772,2.03987206059328,0.));
#4264=CARTESIAN_POINT('Ctrl Pts',(19.7679778394003,0.378593263276672,0.));
#4265=CARTESIAN_POINT('Ctrl Pts',(19.9978112831979,0.602441146440353,0.));
#4266=CARTESIAN_POINT('Ctrl Pts',(20.4835261290345,1.07550650309681,0.));
#4267=CARTESIAN_POINT('Ctrl Pts',(20.7329534049358,1.70712602575667,0.));
#4268=CARTESIAN_POINT('Ctrl Pts',(20.864355196772,2.03987206059328,0.));
#4269=CARTESIAN_POINT('',(21.2517905711093,4.87751937831326,0.));
#4270=CARTESIAN_POINT('Ctrl Pts',(20.864355196772,2.03987206059328,0.));
#4271=CARTESIAN_POINT('Ctrl Pts',(20.9732600132424,2.45384250938516,0.));
#4272=CARTESIAN_POINT('Ctrl Pts',(21.2176916002875,3.38297913591386,0.));
#4273=CARTESIAN_POINT('Ctrl Pts',(21.2396278608998,4.34443408492681,0.));
#4274=CARTESIAN_POINT('Ctrl Pts',(21.2517905711093,4.87751937831326,0.));
#4275=CARTESIAN_POINT('',(21.0482646083834,7.24304942505621,0.));
#4276=CARTESIAN_POINT('Ctrl Pts',(21.2517905711093,4.87751937831326,0.));
#4277=CARTESIAN_POINT('Ctrl Pts',(21.2520725396778,5.32387743468049,0.));
#4278=CARTESIAN_POINT('Ctrl Pts',(21.2525746863393,6.11877882768657,0.));
#4279=CARTESIAN_POINT('Ctrl Pts',(21.1105421408548,6.90035072250164,0.));
#4280=CARTESIAN_POINT('Ctrl Pts',(21.0482646083834,7.24304942505621,0.));
#4281=CARTESIAN_POINT('',(20.4411218259789,8.73569074866571,0.));
#4282=CARTESIAN_POINT('Ctrl Pts',(21.0482646083834,7.24304942505621,0.));
#4283=CARTESIAN_POINT('Ctrl Pts',(20.9726720156821,7.51846993650129,0.));
#4284=CARTESIAN_POINT('Ctrl Pts',(20.8294271263629,8.04038060616221,0.));
#4285=CARTESIAN_POINT('Ctrl Pts',(20.5656836841333,8.5126468621718,0.));
#4286=CARTESIAN_POINT('Ctrl Pts',(20.4411218259789,8.73569074866571,0.));
#4287=CARTESIAN_POINT('',(19.4469615988109,9.67931741217282,0.));
#4288=CARTESIAN_POINT('Ctrl Pts',(20.4411218259789,8.73569074866571,0.));
#4289=CARTESIAN_POINT('Ctrl Pts',(20.3036944308751,8.92770133959813,0.));
#4290=CARTESIAN_POINT('Ctrl Pts',(20.0327890644944,9.30620447171539,0.));
#4291=CARTESIAN_POINT('Ctrl Pts',(19.6403302526498,9.55616110549143,0.));
#4292=CARTESIAN_POINT('Ctrl Pts',(19.4469615988109,9.67931741217282,0.));
#4293=CARTESIAN_POINT('',(18.0379713724602,10.0161973887708,0.));
#4294=CARTESIAN_POINT('Ctrl Pts',(19.4469615988109,9.67931741217282,0.));
#4295=CARTESIAN_POINT('Ctrl Pts',(19.2321434426638,9.77574094874698,0.));
#4296=CARTESIAN_POINT('Ctrl Pts',(18.7841846675332,9.97681226465544,0.));
#4297=CARTESIAN_POINT('Ctrl Pts',(18.2934005080761,10.0027158436478,0.));
#4298=CARTESIAN_POINT('Ctrl Pts',(18.0379713724602,10.0161973887708,0.));
#4299=CARTESIAN_POINT('',(16.2216439016864,9.44611718119888,0.));
#4300=CARTESIAN_POINT('Ctrl Pts',(18.0379713724602,10.0161973887708,0.));
#4301=CARTESIAN_POINT('Ctrl Pts',(17.6953238420059,9.99948296738718,0.));
#4302=CARTESIAN_POINT('Ctrl Pts',(17.0389320528579,9.96746403253007,0.));
#4303=CARTESIAN_POINT('Ctrl Pts',(16.4859567943976,9.61472196787504,0.));
#4304=CARTESIAN_POINT('Ctrl Pts',(16.2216439016864,9.44611718119888,0.));
#4305=CARTESIAN_POINT('Ctrl Pts',(16.2216439016864,9.44611718119888,0.));
#4306=CARTESIAN_POINT('Ctrl Pts',(15.9916089927319,9.22313781870439,0.));
#4307=CARTESIAN_POINT('Ctrl Pts',(15.5050267759151,8.75147987339463,0.));
#4308=CARTESIAN_POINT('Ctrl Pts',(15.2541567903902,8.12080078776336,0.));
#4309=CARTESIAN_POINT('Ctrl Pts',(15.1218872228114,7.78827934338693,0.));
#4310=CARTESIAN_POINT('',(11.5064475956033,1.43287297847835,0.));
#4311=CARTESIAN_POINT('',(11.4936882666736,0.0345680773740553,0.));
#4312=CARTESIAN_POINT('',(11.5033934435621,1.09816605216409,0.));
#4313=CARTESIAN_POINT('',(12.8919931677779,0.0218087484442772,0.));
#4314=CARTESIAN_POINT('',(-4.63294111970122,0.181721225951949,0.));
#4315=CARTESIAN_POINT('',(12.9047524967076,1.42011364954857,0.));
#4316=CARTESIAN_POINT('',(12.8953186802016,0.386254272682169,0.));
#4317=CARTESIAN_POINT('',(-3.9210293402193,1.57364646259135,0.));
#4318=CARTESIAN_POINT('',(8.25353255753537,7.5201063038623,0.));
#4319=CARTESIAN_POINT('',(9.47536318594426,7.60445921846626,0.));
#4320=CARTESIAN_POINT('',(-6.40291096918982,6.50825269628192,0.));
#4321=CARTESIAN_POINT('',(8.58826090122446,9.44073366446759,0.));
#4322=CARTESIAN_POINT('Ctrl Pts',(9.47536318594426,7.60445921846626,0.));
#4323=CARTESIAN_POINT('Ctrl Pts',(9.40940239417542,7.96749975636164,0.));
#4324=CARTESIAN_POINT('Ctrl Pts',(9.28301656303945,8.66311269379808,0.));
#4325=CARTESIAN_POINT('Ctrl Pts',(8.81298357449636,9.18920773538826,0.));
#4326=CARTESIAN_POINT('Ctrl Pts',(8.58826090122446,9.44073366446759,0.));
#4327=CARTESIAN_POINT('',(6.66054567300252,10.1200147441694,0.));
#4328=CARTESIAN_POINT('Ctrl Pts',(8.58826090122446,9.44073366446759,0.));
#4329=CARTESIAN_POINT('Ctrl Pts',(8.31290880668306,9.63613388769657,0.));
#4330=CARTESIAN_POINT('Ctrl Pts',(7.73642865357414,10.0452259296226,0.));
#4331=CARTESIAN_POINT('Ctrl Pts',(7.02970647719154,10.0943529394741,0.));
#4332=CARTESIAN_POINT('Ctrl Pts',(6.66054567300252,10.1200147441694,0.));
#4333=CARTESIAN_POINT('',(4.13314070476058,8.99705484177417,0.));
#4334=CARTESIAN_POINT('Ctrl Pts',(6.66054567300252,10.1200147441694,0.));
#4335=CARTESIAN_POINT('Ctrl Pts',(6.16286253010131,10.0806754853332,0.));
#4336=CARTESIAN_POINT('Ctrl Pts',(5.18669862970441,10.0035148161565,0.));
#4337=CARTESIAN_POINT('Ctrl Pts',(4.47969076511899,9.32811282787314,0.));
#4338=CARTESIAN_POINT('Ctrl Pts',(4.13314070476058,8.99705484177417,0.));
#4339=CARTESIAN_POINT('',(3.02377934208207,4.79144929999556,0.));
#4340=CARTESIAN_POINT('Ctrl Pts',(4.13314070476058,8.99705484177417,0.));
#4341=CARTESIAN_POINT('Ctrl Pts',(3.81727604544071,8.44123303268992,0.));
#4342=CARTESIAN_POINT('Ctrl Pts',(3.08090804508237,7.14545845951601,0.));
#4343=CARTESIAN_POINT('Ctrl Pts',(3.04454466802732,5.64709217141317,0.));
#4344=CARTESIAN_POINT('Ctrl Pts',(3.02377934208207,4.79144929999556,0.));
#4345=CARTESIAN_POINT('',(3.95840873146191,1.0617565418949,0.));
#4346=CARTESIAN_POINT('Ctrl Pts',(3.02377934208207,4.79144929999556,0.));
#4347=CARTESIAN_POINT('Ctrl Pts',(3.02705530673816,4.02899214734882,0.));
#4348=CARTESIAN_POINT('Ctrl Pts',(3.03276240166793,2.70070695295378,0.));
#4349=CARTESIAN_POINT('Ctrl Pts',(3.68189060142378,1.5513598475031,0.));
#4350=CARTESIAN_POINT('Ctrl Pts',(3.95840873146191,1.0617565418949,0.));
#4351=CARTESIAN_POINT('',(6.45141456636539,-0.0899614725356668,0.));
#4352=CARTESIAN_POINT('Ctrl Pts',(3.95840873146191,1.0617565418949,0.));
#4353=CARTESIAN_POINT('Ctrl Pts',(4.30411870720031,0.729327153700288,0.));
#4354=CARTESIAN_POINT('Ctrl Pts',(5.0018166341456,0.058431572791211,0.));
#4355=CARTESIAN_POINT('Ctrl Pts',(5.96532533066566,-0.0402012870505541,
0.));
#4356=CARTESIAN_POINT('Ctrl Pts',(6.45141456636539,-0.0899614725356668,
0.));
#4357=CARTESIAN_POINT('',(8.06509122514234,0.325072997127929,0.));
#4358=CARTESIAN_POINT('Ctrl Pts',(6.45141456636539,-0.0899614725356668,
0.));
#4359=CARTESIAN_POINT('Ctrl Pts',(6.74104315443991,-0.0763033191508655,
0.));
#4360=CARTESIAN_POINT('Ctrl Pts',(7.30800110047196,-0.0495670130385517,
0.));
#4361=CARTESIAN_POINT('Ctrl Pts',(7.81640417607899,0.20201219425465,0.));
#4362=CARTESIAN_POINT('Ctrl Pts',(8.06509122514234,0.325072997127929,0.));
#4363=CARTESIAN_POINT('',(9.1916206639545,1.55290750282753,0.));
#4364=CARTESIAN_POINT('Ctrl Pts',(8.06509122514234,0.325072997127929,0.));
#4365=CARTESIAN_POINT('Ctrl Pts',(8.29185388557732,0.485002971127619,0.));
#4366=CARTESIAN_POINT('Ctrl Pts',(8.75603916127414,0.81238111588402,0.));
#4367=CARTESIAN_POINT('Ctrl Pts',(9.04422081161711,1.30231495145486,0.));
#4368=CARTESIAN_POINT('Ctrl Pts',(9.1916206639545,1.55290750282753,0.));
#4369=CARTESIAN_POINT('',(9.61343499292711,3.29879052843766,0.));
#4370=CARTESIAN_POINT('Ctrl Pts',(9.1916206639545,1.55290750282753,0.));
#4371=CARTESIAN_POINT('Ctrl Pts',(9.31251343550083,1.82839722866252,0.));
#4372=CARTESIAN_POINT('Ctrl Pts',(9.55683848913333,2.38516370178484,0.));
#4373=CARTESIAN_POINT('Ctrl Pts',(9.59443921787965,2.99214526745729,0.));
#4374=CARTESIAN_POINT('Ctrl Pts',(9.61343499292711,3.29879052843766,0.));
#4375=CARTESIAN_POINT('',(8.77189606214314,5.64285659268841,0.));
#4376=CARTESIAN_POINT('Ctrl Pts',(9.61343499292711,3.29879052843766,0.));
#4377=CARTESIAN_POINT('Ctrl Pts',(9.5873742230136,3.74826258289326,0.));
#4378=CARTESIAN_POINT('Ctrl Pts',(9.53716202189187,4.61427618386595,0.));
#4379=CARTESIAN_POINT('Ctrl Pts',(9.02043513431833,5.30879963221646,0.));
#4380=CARTESIAN_POINT('Ctrl Pts',(8.77189606214314,5.64285659268841,0.));
#4381=CARTESIAN_POINT('',(6.68950735705512,6.56571551287512,0.));
#4382=CARTESIAN_POINT('Ctrl Pts',(8.77189606214314,5.64285659268841,0.));
#4383=CARTESIAN_POINT('Ctrl Pts',(8.47250346855955,5.90921157152824,0.));
#4384=CARTESIAN_POINT('Ctrl Pts',(7.87667820460849,6.43928822997974,0.));
#4385=CARTESIAN_POINT('Ctrl Pts',(7.08391822300212,6.52371288601745,0.));
#4386=CARTESIAN_POINT('Ctrl Pts',(6.68950735705512,6.56571551287512,0.));
#4387=CARTESIAN_POINT('',(5.3427830721784,6.25056911865104,0.));
#4388=CARTESIAN_POINT('Ctrl Pts',(6.68950735705512,6.56571551287512,0.));
#4389=CARTESIAN_POINT('Ctrl Pts',(6.45707853201363,6.55384931096843,0.));
#4390=CARTESIAN_POINT('Ctrl Pts',(5.98924272693016,6.52996486323994,0.));
#4391=CARTESIAN_POINT('Ctrl Pts',(5.55918218534804,6.34409543681799,0.));
#4392=CARTESIAN_POINT('Ctrl Pts',(5.3427830721784,6.25056911865104,0.));
#4393=CARTESIAN_POINT('',(4.24909484958304,5.25777818139303,0.));
#4394=CARTESIAN_POINT('Ctrl Pts',(5.3427830721784,6.25056911865104,0.));
#4395=CARTESIAN_POINT('Ctrl Pts',(5.1340537114952,6.12560226629608,0.));
#4396=CARTESIAN_POINT('Ctrl Pts',(4.7035743295145,5.86787305563903,0.));
#4397=CARTESIAN_POINT('Ctrl Pts',(4.40361231513663,5.46520297806359,0.));
#4398=CARTESIAN_POINT('Ctrl Pts',(4.24909484958304,5.25777818139303,0.));
#4399=CARTESIAN_POINT('',(4.61806542602854,7.56692229192834,0.));
#4400=CARTESIAN_POINT('Ctrl Pts',(4.24909484958304,5.25777818139303,0.));
#4401=CARTESIAN_POINT('Ctrl Pts',(4.26182237629614,5.7041814221082,0.));
#4402=CARTESIAN_POINT('Ctrl Pts',(4.28426217086198,6.49123119548402,0.));
#4403=CARTESIAN_POINT('Ctrl Pts',(4.51723249711439,7.24198512555099,0.));
#4404=CARTESIAN_POINT('Ctrl Pts',(4.61806542602854,7.56692229192834,0.));
#4405=CARTESIAN_POINT('',(5.54334476049539,8.79318305188406,0.));
#4406=CARTESIAN_POINT('Ctrl Pts',(4.61806542602854,7.56692229192834,0.));
#4407=CARTESIAN_POINT('Ctrl Pts',(4.7363412195922,7.81597003512816,0.));
#4408=CARTESIAN_POINT('Ctrl Pts',(4.96096173095516,8.28894281971764,0.));
#4409=CARTESIAN_POINT('Ctrl Pts',(5.35621525724116,8.6311621491792,0.));
#4410=CARTESIAN_POINT('Ctrl Pts',(5.54334476049539,8.79318305188406,0.));
#4411=CARTESIAN_POINT('',(6.57630299197035,9.1111925157285,0.));
#4412=CARTESIAN_POINT('Ctrl Pts',(5.54334476049539,8.79318305188406,0.));
#4413=CARTESIAN_POINT('Ctrl Pts',(5.69956545181784,8.88725186718559,0.));
#4414=CARTESIAN_POINT('Ctrl Pts',(6.01734964194389,9.0786066873036,0.));
#4415=CARTESIAN_POINT('Ctrl Pts',(6.38790851133789,9.1002095057478,0.));
#4416=CARTESIAN_POINT('Ctrl Pts',(6.57630299197035,9.1111925157285,0.));
#4417=CARTESIAN_POINT('',(7.7992900016081,8.57477255711858,0.));
#4418=CARTESIAN_POINT('Ctrl Pts',(6.57630299197035,9.1111925157285,0.));
#4419=CARTESIAN_POINT('Ctrl Pts',(6.80952572337187,9.08738779614735,0.));
#4420=CARTESIAN_POINT('Ctrl Pts',(7.27486286984074,9.03989148129064,0.));
#4421=CARTESIAN_POINT('Ctrl Pts',(7.62475874574925,8.72956582589147,0.));
#4422=CARTESIAN_POINT('Ctrl Pts',(7.7992900016081,8.57477255711858,0.));
#4423=CARTESIAN_POINT('Ctrl Pts',(7.7992900016081,8.57477255711858,0.));
#4424=CARTESIAN_POINT('Ctrl Pts',(7.89496583542203,8.43559830001234,0.));
#4425=CARTESIAN_POINT('Ctrl Pts',(8.11529926732924,8.11509164249013,0.));
#4426=CARTESIAN_POINT('Ctrl Pts',(8.20358392573007,7.73509578696264,0.));
#4427=CARTESIAN_POINT('Ctrl Pts',(8.25353255753537,7.5201063038623,0.));
#4428=CARTESIAN_POINT('Origin',(11.2470805187714,1.05776542300557,0.6));
#4429=CARTESIAN_POINT('',(14.7309157417121,4.93702141309301,0.6));
#4430=CARTESIAN_POINT('',(15.1218872228114,7.78827934338693,0.6));
#4431=CARTESIAN_POINT('Ctrl Pts',(14.7309157417121,4.93702141309301,0.6));
#4432=CARTESIAN_POINT('Ctrl Pts',(14.7430367992957,5.47358499133978,0.6));
#4433=CARTESIAN_POINT('Ctrl Pts',(14.7551578568792,6.01014856958655,0.6));
#4434=CARTESIAN_POINT('Ctrl Pts',(14.8367501936484,6.53656603738669,0.6));
#4435=CARTESIAN_POINT('Ctrl Pts',(14.9020925541898,6.95814190269912,0.6));
#4436=CARTESIAN_POINT('Ctrl Pts',(15.0119898885006,7.37321062304303,0.6));
#4437=CARTESIAN_POINT('Ctrl Pts',(15.1218872228114,7.78827934338693,0.6));
#4438=CARTESIAN_POINT('',(16.2216439016864,9.44611718119888,0.6));
#4439=CARTESIAN_POINT('Ctrl Pts',(15.1218872228114,7.78827934338693,0.6));
#4440=CARTESIAN_POINT('Ctrl Pts',(15.2541567903902,8.12080078776336,0.6));
#4441=CARTESIAN_POINT('Ctrl Pts',(15.386426357969,8.45332223213979,0.6));
#4442=CARTESIAN_POINT('Ctrl Pts',(15.5842205554974,8.7416380732829,0.6));
#4443=CARTESIAN_POINT('Ctrl Pts',(15.7615740837775,9.00015845620991,0.6));
#4444=CARTESIAN_POINT('Ctrl Pts',(15.9916089927319,9.22313781870439,0.6));
#4445=CARTESIAN_POINT('Ctrl Pts',(16.2216439016864,9.44611718119888,0.6));
#4446=CARTESIAN_POINT('',(18.0379713724602,10.0161973887708,0.6));
#4447=CARTESIAN_POINT('Ctrl Pts',(16.2216439016864,9.44611718119888,0.6));
#4448=CARTESIAN_POINT('Ctrl Pts',(16.4859567943976,9.61472196787504,0.6));
#4449=CARTESIAN_POINT('Ctrl Pts',(16.7502696871088,9.78332675455121,0.6));
#4450=CARTESIAN_POINT('Ctrl Pts',(17.0382099431308,9.87865658354403,0.6));
#4451=CARTESIAN_POINT('Ctrl Pts',(17.3526763115517,9.98276854600357,0.6));
#4452=CARTESIAN_POINT('Ctrl Pts',(17.6953238420059,9.99948296738718,0.6));
#4453=CARTESIAN_POINT('Ctrl Pts',(18.0379713724602,10.0161973887708,0.6));
#4454=CARTESIAN_POINT('',(19.4469615988109,9.67931741217282,0.6));
#4455=CARTESIAN_POINT('Ctrl Pts',(18.0379713724602,10.0161973887708,0.6));
#4456=CARTESIAN_POINT('Ctrl Pts',(18.2934005080761,10.0027158436478,0.6));
#4457=CARTESIAN_POINT('Ctrl Pts',(18.5488296436919,9.9892342985248,0.6));
#4458=CARTESIAN_POINT('Ctrl Pts',(18.792658697219,9.92830519024551,0.6));
#4459=CARTESIAN_POINT('Ctrl Pts',(19.0173252865167,9.87216448532114,0.6));
#4460=CARTESIAN_POINT('Ctrl Pts',(19.2321434426638,9.77574094874698,0.6));
#4461=CARTESIAN_POINT('Ctrl Pts',(19.4469615988109,9.67931741217282,0.6));
#4462=CARTESIAN_POINT('',(20.4411218259789,8.73569074866571,0.6));
#4463=CARTESIAN_POINT('Ctrl Pts',(19.4469615988109,9.67931741217282,0.6));
#4464=CARTESIAN_POINT('Ctrl Pts',(19.6403302526498,9.55616110549143,0.6));
#4465=CARTESIAN_POINT('Ctrl Pts',(19.8336989064886,9.43300479881003,0.6));
#4466=CARTESIAN_POINT('Ctrl Pts',(19.9975587805141,9.27864205202456,0.6));
#4467=CARTESIAN_POINT('Ctrl Pts',(20.1662670357713,9.11971193053055,0.6));
#4468=CARTESIAN_POINT('Ctrl Pts',(20.3036944308751,8.92770133959813,0.6));
#4469=CARTESIAN_POINT('Ctrl Pts',(20.4411218259789,8.73569074866571,0.6));
#4470=CARTESIAN_POINT('',(21.0482646083834,7.24304942505621,0.6));
#4471=CARTESIAN_POINT('Ctrl Pts',(20.4411218259789,8.73569074866571,0.6));
#4472=CARTESIAN_POINT('Ctrl Pts',(20.5656836841333,8.5126468621718,0.6));
#4473=CARTESIAN_POINT('Ctrl Pts',(20.6902455422877,8.28960297567789,0.6));
#4474=CARTESIAN_POINT('Ctrl Pts',(20.7879299142312,8.05548578571987,0.6));
#4475=CARTESIAN_POINT('Ctrl Pts',(20.8970794229807,7.79389044794636,0.6));
#4476=CARTESIAN_POINT('Ctrl Pts',(20.9726720156821,7.51846993650129,0.6));
#4477=CARTESIAN_POINT('Ctrl Pts',(21.0482646083834,7.24304942505621,0.6));
#4478=CARTESIAN_POINT('',(21.2517905711093,4.87751937831326,0.6));
#4479=CARTESIAN_POINT('Ctrl Pts',(21.0482646083834,7.24304942505621,0.6));
#4480=CARTESIAN_POINT('Ctrl Pts',(21.1105421408548,6.90035072250164,0.6));
#4481=CARTESIAN_POINT('Ctrl Pts',(21.1728196733262,6.55765201994708,0.6));
#4482=CARTESIAN_POINT('Ctrl Pts',(21.2076936048427,6.21239059919489,0.6));
#4483=CARTESIAN_POINT('Ctrl Pts',(21.2523545082462,5.77023549104771,0.6));
#4484=CARTESIAN_POINT('Ctrl Pts',(21.2520725396778,5.32387743468049,0.6));
#4485=CARTESIAN_POINT('Ctrl Pts',(21.2517905711093,4.87751937831326,0.6));
#4486=CARTESIAN_POINT('',(20.864355196772,2.03987206059328,0.6));
#4487=CARTESIAN_POINT('Ctrl Pts',(21.2517905711093,4.87751937831326,0.6));
#4488=CARTESIAN_POINT('Ctrl Pts',(21.2396278608998,4.34443408492681,0.6));
#4489=CARTESIAN_POINT('Ctrl Pts',(21.2274651506903,3.81134879154036,0.6));
#4490=CARTESIAN_POINT('Ctrl Pts',(21.1469023907638,3.28819887477568,0.6));
#4491=CARTESIAN_POINT('Ctrl Pts',(21.0821648297127,2.86781295817704,0.6));
#4492=CARTESIAN_POINT('Ctrl Pts',(20.9732600132424,2.45384250938516,0.6));
#4493=CARTESIAN_POINT('Ctrl Pts',(20.864355196772,2.03987206059328,0.6));
#4494=CARTESIAN_POINT('',(19.7679778394003,0.378593263276672,0.6));
#4495=CARTESIAN_POINT('Ctrl Pts',(20.864355196772,2.03987206059328,0.6));
#4496=CARTESIAN_POINT('Ctrl Pts',(20.7329534049358,1.70712602575667,0.6));
#4497=CARTESIAN_POINT('Ctrl Pts',(20.6015516130995,1.37437999092007,0.6));
#4498=CARTESIAN_POINT('Ctrl Pts',(20.4045722144494,1.08563797525266,0.6));
#4499=CARTESIAN_POINT('Ctrl Pts',(20.2276447269955,0.826289029604038,0.6));
#4500=CARTESIAN_POINT('Ctrl Pts',(19.9978112831979,0.602441146440354,0.6));
#4501=CARTESIAN_POINT('Ctrl Pts',(19.7679778394003,0.378593263276672,0.6));
#4502=CARTESIAN_POINT('',(17.9447971689456,-0.194836917816812,0.6));
#4503=CARTESIAN_POINT('Ctrl Pts',(19.7679778394003,0.378593263276672,0.6));
#4504=CARTESIAN_POINT('Ctrl Pts',(19.5031553648064,0.209002967060403,0.6));
#4505=CARTESIAN_POINT('Ctrl Pts',(19.2383328902125,0.0394126708441372,0.6));
#4506=CARTESIAN_POINT('Ctrl Pts',(18.9496826347208,-0.0564894436489482,
0.6));
#4507=CARTESIAN_POINT('Ctrl Pts',(18.633750672096,-0.161455722650017,0.6));
#4508=CARTESIAN_POINT('Ctrl Pts',(18.2892739205208,-0.178146320233414,0.6));
#4509=CARTESIAN_POINT('Ctrl Pts',(17.9447971689456,-0.194836917816812,0.6));
#4510=CARTESIAN_POINT('',(15.6828645986673,0.86268196104631,0.6));
#4511=CARTESIAN_POINT('Ctrl Pts',(17.9447971689456,-0.194836917816812,0.6));
#4512=CARTESIAN_POINT('Ctrl Pts',(17.4927051676169,-0.152067654716566,0.6));
#4513=CARTESIAN_POINT('Ctrl Pts',(17.0406131662881,-0.109298391616318,0.6));
#4514=CARTESIAN_POINT('Ctrl Pts',(16.656289129435,0.0761411930733502,0.6));
#4515=CARTESIAN_POINT('Ctrl Pts',(16.2910000747991,0.252396238524091,0.6));
#4516=CARTESIAN_POINT('Ctrl Pts',(15.9869323367332,0.557539099785203,0.6));
#4517=CARTESIAN_POINT('Ctrl Pts',(15.6828645986673,0.86268196104631,0.6));
#4518=CARTESIAN_POINT('Ctrl Pts',(15.6828645986673,0.86268196104631,0.6));
#4519=CARTESIAN_POINT('Ctrl Pts',(15.4009047499813,1.40145052048059,0.6));
#4520=CARTESIAN_POINT('Ctrl Pts',(15.1189449012953,1.94021907991487,0.6));
#4521=CARTESIAN_POINT('Ctrl Pts',(14.9560499670986,2.50990004629905,0.6));
#4522=CARTESIAN_POINT('Ctrl Pts',(14.735513416522,3.28116697289222,0.6));
#4523=CARTESIAN_POINT('Ctrl Pts',(14.7332145791171,4.10909419299261,0.6));
#4524=CARTESIAN_POINT('Ctrl Pts',(14.7309157417121,4.937021413093,0.6));
#4525=CARTESIAN_POINT('',(11.4936882666736,0.0345680773740553,0.6));
#4526=CARTESIAN_POINT('',(11.5064475956033,1.43287297847835,0.6));
#4527=CARTESIAN_POINT('',(11.5047255401957,1.24415157081321,0.6));
#4528=CARTESIAN_POINT('',(12.9047524967076,1.42011364954857,0.6));
#4529=CARTESIAN_POINT('',(12.0776385631472,1.42766094394221,0.6));
#4530=CARTESIAN_POINT('',(12.8919931677779,0.0218087484442772,0.6));
#4531=CARTESIAN_POINT('',(12.8966507768351,0.532239791331286,0.6));
#4532=CARTESIAN_POINT('',(11.3657267836652,0.0357357073028043,0.6));
#4533=CARTESIAN_POINT('',(9.47536318594426,7.60445921846626,0.6));
#4534=CARTESIAN_POINT('',(8.25353255753537,7.5201063038623,0.6));
#4535=CARTESIAN_POINT('',(9.52119054557011,7.60762305415933,0.6));
#4536=CARTESIAN_POINT('',(7.7992900016081,8.57477255711858,0.6));
#4537=CARTESIAN_POINT('Ctrl Pts',(8.25353255753537,7.5201063038623,0.6));
#4538=CARTESIAN_POINT('Ctrl Pts',(8.20358392573007,7.73509578696264,0.6));
#4539=CARTESIAN_POINT('Ctrl Pts',(8.15363529392476,7.95008527006298,0.6));
#4540=CARTESIAN_POINT('Ctrl Pts',(8.06141872205754,8.14603265387797,0.6));
#4541=CARTESIAN_POINT('Ctrl Pts',(7.99064166923596,8.2964240429061,0.6));
#4542=CARTESIAN_POINT('Ctrl Pts',(7.89496583542203,8.43559830001234,0.6));
#4543=CARTESIAN_POINT('Ctrl Pts',(7.7992900016081,8.57477255711858,0.6));
#4544=CARTESIAN_POINT('',(6.57630299197035,9.1111925157285,0.6));
#4545=CARTESIAN_POINT('Ctrl Pts',(7.7992900016081,8.57477255711858,0.6));
#4546=CARTESIAN_POINT('Ctrl Pts',(7.62475874574925,8.72956582589147,0.6));
#4547=CARTESIAN_POINT('Ctrl Pts',(7.45022748989041,8.88435909466437,0.6));
#4548=CARTESIAN_POINT('Ctrl Pts',(7.2469732287464,8.97375765233564,0.6));
#4549=CARTESIAN_POINT('Ctrl Pts',(7.04274845477339,9.06358307656619,0.6));
#4550=CARTESIAN_POINT('Ctrl Pts',(6.80952572337187,9.08738779614735,0.6));
#4551=CARTESIAN_POINT('Ctrl Pts',(6.57630299197035,9.1111925157285,0.6));
#4552=CARTESIAN_POINT('',(5.54334476049539,8.79318305188406,0.6));
#4553=CARTESIAN_POINT('Ctrl Pts',(6.57630299197035,9.1111925157285,0.6));
#4554=CARTESIAN_POINT('Ctrl Pts',(6.38790851133789,9.1002095057478,0.6));
#4555=CARTESIAN_POINT('Ctrl Pts',(6.19951403070543,9.0892264957671,0.6));
#4556=CARTESIAN_POINT('Ctrl Pts',(6.02476059149445,9.0343664955643,0.6));
#4557=CARTESIAN_POINT('Ctrl Pts',(5.85578614314028,8.98132068248713,0.6));
#4558=CARTESIAN_POINT('Ctrl Pts',(5.69956545181784,8.88725186718559,0.6));
#4559=CARTESIAN_POINT('Ctrl Pts',(5.54334476049539,8.79318305188406,0.6));
#4560=CARTESIAN_POINT('',(4.61806542602854,7.56692229192834,0.6));
#4561=CARTESIAN_POINT('Ctrl Pts',(5.54334476049539,8.79318305188406,0.6));
#4562=CARTESIAN_POINT('Ctrl Pts',(5.35621525724116,8.6311621491792,0.6));
#4563=CARTESIAN_POINT('Ctrl Pts',(5.16908575398693,8.46914124647434,0.6));
#4564=CARTESIAN_POINT('Ctrl Pts',(5.02020313726836,8.27781234282558,0.6));
#4565=CARTESIAN_POINT('Ctrl Pts',(4.85461701315587,8.06501777832798,0.6));
#4566=CARTESIAN_POINT('Ctrl Pts',(4.7363412195922,7.81597003512816,0.6));
#4567=CARTESIAN_POINT('Ctrl Pts',(4.61806542602854,7.56692229192834,0.6));
#4568=CARTESIAN_POINT('',(4.24909484958304,5.25777818139303,0.6));
#4569=CARTESIAN_POINT('Ctrl Pts',(4.61806542602854,7.56692229192834,0.6));
#4570=CARTESIAN_POINT('Ctrl Pts',(4.51723249711439,7.24198512555099,0.6));
#4571=CARTESIAN_POINT('Ctrl Pts',(4.41639956820024,6.91704795917365,0.6));
#4572=CARTESIAN_POINT('Ctrl Pts',(4.35500498015642,6.58531155171178,0.6));
#4573=CARTESIAN_POINT('Ctrl Pts',(4.27454990300923,6.15058466282337,0.6));
#4574=CARTESIAN_POINT('Ctrl Pts',(4.26182237629614,5.7041814221082,0.6));
#4575=CARTESIAN_POINT('Ctrl Pts',(4.24909484958304,5.25777818139303,0.6));
#4576=CARTESIAN_POINT('',(5.3427830721784,6.25056911865104,0.6));
#4577=CARTESIAN_POINT('Ctrl Pts',(4.24909484958304,5.25777818139303,0.6));
#4578=CARTESIAN_POINT('Ctrl Pts',(4.40361231513663,5.46520297806359,0.6));
#4579=CARTESIAN_POINT('Ctrl Pts',(4.55812978069022,5.67262777473416,0.6));
#4580=CARTESIAN_POINT('Ctrl Pts',(4.74728031182642,5.84159219910501,0.6));
#4581=CARTESIAN_POINT('Ctrl Pts',(4.925324350812,6.00063541394113,0.6));
#4582=CARTESIAN_POINT('Ctrl Pts',(5.1340537114952,6.12560226629608,0.6));
#4583=CARTESIAN_POINT('Ctrl Pts',(5.3427830721784,6.25056911865104,0.6));
#4584=CARTESIAN_POINT('',(6.68950735705512,6.56571551287512,0.6));
#4585=CARTESIAN_POINT('Ctrl Pts',(5.3427830721784,6.25056911865104,0.6));
#4586=CARTESIAN_POINT('Ctrl Pts',(5.55918218534804,6.34409543681799,0.6));
#4587=CARTESIAN_POINT('Ctrl Pts',(5.77558129851767,6.43762175498494,0.6));
#4588=CARTESIAN_POINT('Ctrl Pts',(6.00154484538143,6.49013460442777,0.6));
#4589=CARTESIAN_POINT('Ctrl Pts',(6.22464970697213,6.54198310906175,0.6));
#4590=CARTESIAN_POINT('Ctrl Pts',(6.45707853201363,6.55384931096843,0.6));
#4591=CARTESIAN_POINT('Ctrl Pts',(6.68950735705512,6.56571551287512,0.6));
#4592=CARTESIAN_POINT('',(8.77189606214314,5.64285659268841,0.6));
#4593=CARTESIAN_POINT('Ctrl Pts',(6.68950735705512,6.56571551287512,0.6));
#4594=CARTESIAN_POINT('Ctrl Pts',(7.08391822300212,6.52371288601745,0.6));
#4595=CARTESIAN_POINT('Ctrl Pts',(7.47832908894912,6.48171025915977,0.6));
#4596=CARTESIAN_POINT('Ctrl Pts',(7.82399422370502,6.32939883061857,0.6));
#4597=CARTESIAN_POINT('Ctrl Pts',(8.17311087497595,6.17556655036807,0.6));
#4598=CARTESIAN_POINT('Ctrl Pts',(8.47250346855955,5.90921157152824,0.6));
#4599=CARTESIAN_POINT('Ctrl Pts',(8.77189606214314,5.64285659268841,0.6));
#4600=CARTESIAN_POINT('',(9.61343499292711,3.29879052843766,0.6));
#4601=CARTESIAN_POINT('Ctrl Pts',(8.77189606214314,5.64285659268841,0.6));
#4602=CARTESIAN_POINT('Ctrl Pts',(9.02043513431833,5.30879963221646,0.6));
#4603=CARTESIAN_POINT('Ctrl Pts',(9.26897420649351,4.97474267174451,0.6));
#4604=CARTESIAN_POINT('Ctrl Pts',(9.40958567235545,4.60101167267031,0.6));
#4605=CARTESIAN_POINT('Ctrl Pts',(9.56131345310008,4.19773463734886,0.6));
#4606=CARTESIAN_POINT('Ctrl Pts',(9.5873742230136,3.74826258289326,0.6));
#4607=CARTESIAN_POINT('Ctrl Pts',(9.61343499292711,3.29879052843766,0.6));
#4608=CARTESIAN_POINT('',(9.1916206639545,1.55290750282753,0.6));
#4609=CARTESIAN_POINT('Ctrl Pts',(9.61343499292711,3.29879052843766,0.6));
#4610=CARTESIAN_POINT('Ctrl Pts',(9.59443921787965,2.99214526745729,0.6));
#4611=CARTESIAN_POINT('Ctrl Pts',(9.57544344283219,2.68550000647691,0.6));
#4612=CARTESIAN_POINT('Ctrl Pts',(9.50368665860766,2.39167084229755,0.6));
#4613=CARTESIAN_POINT('Ctrl Pts',(9.43340620704717,2.10388695449751,0.6));
#4614=CARTESIAN_POINT('Ctrl Pts',(9.31251343550083,1.82839722866252,0.6));
#4615=CARTESIAN_POINT('Ctrl Pts',(9.1916206639545,1.55290750282753,0.6));
#4616=CARTESIAN_POINT('',(8.06509122514234,0.325072997127929,0.6));
#4617=CARTESIAN_POINT('Ctrl Pts',(9.1916206639545,1.55290750282753,0.6));
#4618=CARTESIAN_POINT('Ctrl Pts',(9.04422081161711,1.30231495145486,0.6));
#4619=CARTESIAN_POINT('Ctrl Pts',(8.89682095927973,1.05172240008219,0.6));
#4620=CARTESIAN_POINT('Ctrl Pts',(8.70337604492581,0.843656738991712,0.6));
#4621=CARTESIAN_POINT('Ctrl Pts',(8.51861654601231,0.644932945127308,0.6));
#4622=CARTESIAN_POINT('Ctrl Pts',(8.29185388557732,0.485002971127619,0.6));
#4623=CARTESIAN_POINT('Ctrl Pts',(8.06509122514234,0.325072997127929,0.6));
#4624=CARTESIAN_POINT('',(6.45141456636539,-0.0899614725356668,0.6));
#4625=CARTESIAN_POINT('Ctrl Pts',(8.06509122514234,0.325072997127929,0.6));
#4626=CARTESIAN_POINT('Ctrl Pts',(7.81640417607899,0.20201219425465,0.6));
#4627=CARTESIAN_POINT('Ctrl Pts',(7.56771712701564,0.0789513913813773,0.6));
#4628=CARTESIAN_POINT('Ctrl Pts',(7.30501959764836,0.00968896626232713,
0.6));
#4629=CARTESIAN_POINT('Ctrl Pts',(7.03067174251444,-0.0626451657660638,
0.6));
#4630=CARTESIAN_POINT('Ctrl Pts',(6.74104315443991,-0.0763033191508655,
0.6));
#4631=CARTESIAN_POINT('Ctrl Pts',(6.45141456636539,-0.0899614725356668,
0.6));
#4632=CARTESIAN_POINT('',(3.95840873146191,1.0617565418949,0.6));
#4633=CARTESIAN_POINT('Ctrl Pts',(6.45141456636539,-0.0899614725356668,
0.6));
#4634=CARTESIAN_POINT('Ctrl Pts',(5.96532533066566,-0.0402012870505542,
0.6));
#4635=CARTESIAN_POINT('Ctrl Pts',(5.47923609496594,0.0095588984345631,0.6));
#4636=CARTESIAN_POINT('Ctrl Pts',(5.06080083179485,0.204970994382855,0.6));
#4637=CARTESIAN_POINT('Ctrl Pts',(4.64982868293871,0.39689776550567,0.6));
#4638=CARTESIAN_POINT('Ctrl Pts',(4.30411870720031,0.729327153700288,0.6));
#4639=CARTESIAN_POINT('Ctrl Pts',(3.95840873146191,1.0617565418949,0.6));
#4640=CARTESIAN_POINT('',(3.02377934208207,4.79144929999556,0.6));
#4641=CARTESIAN_POINT('Ctrl Pts',(3.95840873146191,1.0617565418949,0.6));
#4642=CARTESIAN_POINT('Ctrl Pts',(3.68189060142378,1.5513598475031,0.6));
#4643=CARTESIAN_POINT('Ctrl Pts',(3.40537247138565,2.04096315311129,0.6));
#4644=CARTESIAN_POINT('Ctrl Pts',(3.24561097689521,2.56303696532826,0.6));
#4645=CARTESIAN_POINT('Ctrl Pts',(3.03033127139424,3.26653499470208,0.6));
#4646=CARTESIAN_POINT('Ctrl Pts',(3.02705530673816,4.02899214734882,0.6));
#4647=CARTESIAN_POINT('Ctrl Pts',(3.02377934208207,4.79144929999556,0.6));
#4648=CARTESIAN_POINT('',(4.13314070476058,8.99705484177417,0.6));
#4649=CARTESIAN_POINT('Ctrl Pts',(3.02377934208207,4.79144929999556,0.6));
#4650=CARTESIAN_POINT('Ctrl Pts',(3.04454466802732,5.64709217141317,0.6));
#4651=CARTESIAN_POINT('Ctrl Pts',(3.06530999397256,6.50273504283078,0.6));
#4652=CARTESIAN_POINT('Ctrl Pts',(3.31434592755555,7.29231301648962,0.6));
#4653=CARTESIAN_POINT('Ctrl Pts',(3.50141138612084,7.88541122360566,0.6));
#4654=CARTESIAN_POINT('Ctrl Pts',(3.81727604544071,8.44123303268992,0.6));
#4655=CARTESIAN_POINT('Ctrl Pts',(4.13314070476058,8.99705484177417,0.6));
#4656=CARTESIAN_POINT('',(6.66054567300252,10.1200147441694,0.6));
#4657=CARTESIAN_POINT('Ctrl Pts',(4.13314070476058,8.99705484177417,0.6));
#4658=CARTESIAN_POINT('Ctrl Pts',(4.47969076511899,9.32811282787314,0.6));
#4659=CARTESIAN_POINT('Ctrl Pts',(4.8262408254774,9.65917081397211,0.6));
#4660=CARTESIAN_POINT('Ctrl Pts',(5.23745861210342,9.84649468038351,0.6));
#4661=CARTESIAN_POINT('Ctrl Pts',(5.66517938720011,10.041336226497,0.6));
#4662=CARTESIAN_POINT('Ctrl Pts',(6.16286253010131,10.0806754853332,0.6));
#4663=CARTESIAN_POINT('Ctrl Pts',(6.66054567300252,10.1200147441694,0.6));
#4664=CARTESIAN_POINT('',(8.58826090122446,9.44073366446759,0.6));
#4665=CARTESIAN_POINT('Ctrl Pts',(6.66054567300252,10.1200147441694,0.6));
#4666=CARTESIAN_POINT('Ctrl Pts',(7.02970647719154,10.0943529394741,0.6));
#4667=CARTESIAN_POINT('Ctrl Pts',(7.39886728138056,10.0686911347788,0.6));
#4668=CARTESIAN_POINT('Ctrl Pts',(7.73249075007323,9.94481066155965,0.6));
#4669=CARTESIAN_POINT('Ctrl Pts',(8.03755671214165,9.83153411092555,0.6));
#4670=CARTESIAN_POINT('Ctrl Pts',(8.31290880668306,9.63613388769657,0.6));
#4671=CARTESIAN_POINT('Ctrl Pts',(8.58826090122446,9.44073366446759,0.6));
#4672=CARTESIAN_POINT('Ctrl Pts',(8.58826090122446,9.44073366446759,0.6));
#4673=CARTESIAN_POINT('Ctrl Pts',(8.81298357449636,9.18920773538826,0.6));
#4674=CARTESIAN_POINT('Ctrl Pts',(9.03770624776825,8.93768180630893,0.6));
#4675=CARTESIAN_POINT('Ctrl Pts',(9.18387825671812,8.64740757669464,0.6));
#4676=CARTESIAN_POINT('Ctrl Pts',(9.34344160240658,8.33054029425702,0.6));
#4677=CARTESIAN_POINT('Ctrl Pts',(9.40940239417542,7.96749975636164,0.6));
#4678=CARTESIAN_POINT('Ctrl Pts',(9.47536318594426,7.60445921846626,0.6));
#4679=CARTESIAN_POINT('Ctrl Pts',(9.61343499292711,3.29879052843766,0.));
#4680=CARTESIAN_POINT('Ctrl Pts',(9.61343499292711,3.29879052843766,5.5));
#4681=CARTESIAN_POINT('Ctrl Pts',(9.5873742230136,3.74826258289326,0.));
#4682=CARTESIAN_POINT('Ctrl Pts',(9.5873742230136,3.74826258289326,5.5));
#4683=CARTESIAN_POINT('Ctrl Pts',(9.53716202189187,4.61427618386595,0.));
#4684=CARTESIAN_POINT('Ctrl Pts',(9.53716202189187,4.61427618386595,5.5));
#4685=CARTESIAN_POINT('Ctrl Pts',(9.02043513431833,5.30879963221646,0.));
#4686=CARTESIAN_POINT('Ctrl Pts',(9.02043513431833,5.30879963221646,5.5));
#4687=CARTESIAN_POINT('Ctrl Pts',(8.77189606214314,5.64285659268841,0.));
#4688=CARTESIAN_POINT('Ctrl Pts',(8.77189606214314,5.64285659268841,5.5));
#4689=CARTESIAN_POINT('',(8.77189606214314,5.64285659268841,0.));
#4690=CARTESIAN_POINT('',(9.61343499292711,3.29879052843766,0.));
#4691=CARTESIAN_POINT('Ctrl Pts',(8.77189606214314,5.64285659268841,0.));
#4692=CARTESIAN_POINT('Ctrl Pts',(8.77189606214314,5.64285659268841,5.5));
#4693=CARTESIAN_POINT('Ctrl Pts',(8.47250346855955,5.90921157152824,0.));
#4694=CARTESIAN_POINT('Ctrl Pts',(8.47250346855955,5.90921157152824,5.5));
#4695=CARTESIAN_POINT('Ctrl Pts',(7.87667820460849,6.43928822997974,0.));
#4696=CARTESIAN_POINT('Ctrl Pts',(7.87667820460849,6.43928822997974,5.5));
#4697=CARTESIAN_POINT('Ctrl Pts',(7.08391822300212,6.52371288601745,0.));
#4698=CARTESIAN_POINT('Ctrl Pts',(7.08391822300212,6.52371288601745,5.5));
#4699=CARTESIAN_POINT('Ctrl Pts',(6.68950735705512,6.56571551287512,0.));
#4700=CARTESIAN_POINT('Ctrl Pts',(6.68950735705512,6.56571551287512,5.5));
#4701=CARTESIAN_POINT('',(6.68950735705512,6.56571551287512,0.));
#4702=CARTESIAN_POINT('Ctrl Pts',(6.68950735705512,6.56571551287512,0.));
#4703=CARTESIAN_POINT('Ctrl Pts',(6.68950735705512,6.56571551287512,5.5));
#4704=CARTESIAN_POINT('Ctrl Pts',(6.45707853201363,6.55384931096843,0.));
#4705=CARTESIAN_POINT('Ctrl Pts',(6.45707853201363,6.55384931096843,5.5));
#4706=CARTESIAN_POINT('Ctrl Pts',(5.98924272693016,6.52996486323994,0.));
#4707=CARTESIAN_POINT('Ctrl Pts',(5.98924272693016,6.52996486323994,5.5));
#4708=CARTESIAN_POINT('Ctrl Pts',(5.55918218534804,6.34409543681799,0.));
#4709=CARTESIAN_POINT('Ctrl Pts',(5.55918218534804,6.34409543681799,5.5));
#4710=CARTESIAN_POINT('Ctrl Pts',(5.3427830721784,6.25056911865104,0.));
#4711=CARTESIAN_POINT('Ctrl Pts',(5.3427830721784,6.25056911865104,5.5));
#4712=CARTESIAN_POINT('',(5.3427830721784,6.25056911865104,0.));
#4713=CARTESIAN_POINT('Ctrl Pts',(5.3427830721784,6.25056911865104,0.));
#4714=CARTESIAN_POINT('Ctrl Pts',(5.3427830721784,6.25056911865104,5.5));
#4715=CARTESIAN_POINT('Ctrl Pts',(5.1340537114952,6.12560226629608,0.));
#4716=CARTESIAN_POINT('Ctrl Pts',(5.1340537114952,6.12560226629608,5.5));
#4717=CARTESIAN_POINT('Ctrl Pts',(4.7035743295145,5.86787305563903,0.));
#4718=CARTESIAN_POINT('Ctrl Pts',(4.7035743295145,5.86787305563903,5.5));
#4719=CARTESIAN_POINT('Ctrl Pts',(4.40361231513663,5.46520297806359,0.));
#4720=CARTESIAN_POINT('Ctrl Pts',(4.40361231513663,5.46520297806359,5.5));
#4721=CARTESIAN_POINT('Ctrl Pts',(4.24909484958304,5.25777818139303,0.));
#4722=CARTESIAN_POINT('Ctrl Pts',(4.24909484958304,5.25777818139303,5.5));
#4723=CARTESIAN_POINT('',(4.24909484958304,5.25777818139303,0.));
#4724=CARTESIAN_POINT('Ctrl Pts',(4.24909484958304,5.25777818139303,0.));
#4725=CARTESIAN_POINT('Ctrl Pts',(4.24909484958304,5.25777818139303,5.5));
#4726=CARTESIAN_POINT('Ctrl Pts',(4.26182237629614,5.7041814221082,0.));
#4727=CARTESIAN_POINT('Ctrl Pts',(4.26182237629614,5.7041814221082,5.5));
#4728=CARTESIAN_POINT('Ctrl Pts',(4.28426217086198,6.49123119548402,0.));
#4729=CARTESIAN_POINT('Ctrl Pts',(4.28426217086198,6.49123119548402,5.5));
#4730=CARTESIAN_POINT('Ctrl Pts',(4.51723249711439,7.24198512555099,0.));
#4731=CARTESIAN_POINT('Ctrl Pts',(4.51723249711439,7.24198512555099,5.5));
#4732=CARTESIAN_POINT('Ctrl Pts',(4.61806542602854,7.56692229192834,0.));
#4733=CARTESIAN_POINT('Ctrl Pts',(4.61806542602854,7.56692229192834,5.5));
#4734=CARTESIAN_POINT('',(4.61806542602854,7.56692229192834,0.));
#4735=CARTESIAN_POINT('Ctrl Pts',(4.61806542602854,7.56692229192834,0.));
#4736=CARTESIAN_POINT('Ctrl Pts',(4.61806542602854,7.56692229192834,5.5));
#4737=CARTESIAN_POINT('Ctrl Pts',(4.7363412195922,7.81597003512816,0.));
#4738=CARTESIAN_POINT('Ctrl Pts',(4.7363412195922,7.81597003512816,5.5));
#4739=CARTESIAN_POINT('Ctrl Pts',(4.96096173095516,8.28894281971764,0.));
#4740=CARTESIAN_POINT('Ctrl Pts',(4.96096173095516,8.28894281971764,5.5));
#4741=CARTESIAN_POINT('Ctrl Pts',(5.35621525724116,8.6311621491792,0.));
#4742=CARTESIAN_POINT('Ctrl Pts',(5.35621525724116,8.6311621491792,5.5));
#4743=CARTESIAN_POINT('Ctrl Pts',(5.54334476049539,8.79318305188406,0.));
#4744=CARTESIAN_POINT('Ctrl Pts',(5.54334476049539,8.79318305188406,5.5));
#4745=CARTESIAN_POINT('',(5.54334476049539,8.79318305188406,0.));
#4746=CARTESIAN_POINT('Ctrl Pts',(5.54334476049539,8.79318305188406,0.));
#4747=CARTESIAN_POINT('Ctrl Pts',(5.54334476049539,8.79318305188406,5.5));
#4748=CARTESIAN_POINT('Ctrl Pts',(5.69956545181784,8.88725186718559,0.));
#4749=CARTESIAN_POINT('Ctrl Pts',(5.69956545181784,8.88725186718559,5.5));
#4750=CARTESIAN_POINT('Ctrl Pts',(6.01734964194389,9.0786066873036,0.));
#4751=CARTESIAN_POINT('Ctrl Pts',(6.01734964194389,9.0786066873036,5.5));
#4752=CARTESIAN_POINT('Ctrl Pts',(6.38790851133789,9.1002095057478,0.));
#4753=CARTESIAN_POINT('Ctrl Pts',(6.38790851133789,9.1002095057478,5.5));
#4754=CARTESIAN_POINT('Ctrl Pts',(6.57630299197035,9.1111925157285,0.));
#4755=CARTESIAN_POINT('Ctrl Pts',(6.57630299197035,9.1111925157285,5.5));
#4756=CARTESIAN_POINT('',(6.57630299197035,9.1111925157285,0.));
#4757=CARTESIAN_POINT('Ctrl Pts',(6.57630299197035,9.1111925157285,0.));
#4758=CARTESIAN_POINT('Ctrl Pts',(6.57630299197035,9.1111925157285,5.5));
#4759=CARTESIAN_POINT('Ctrl Pts',(6.80952572337187,9.08738779614735,0.));
#4760=CARTESIAN_POINT('Ctrl Pts',(6.80952572337187,9.08738779614735,5.5));
#4761=CARTESIAN_POINT('Ctrl Pts',(7.27486286984074,9.03989148129064,0.));
#4762=CARTESIAN_POINT('Ctrl Pts',(7.27486286984074,9.03989148129064,5.5));
#4763=CARTESIAN_POINT('Ctrl Pts',(7.62475874574925,8.72956582589147,0.));
#4764=CARTESIAN_POINT('Ctrl Pts',(7.62475874574925,8.72956582589147,5.5));
#4765=CARTESIAN_POINT('Ctrl Pts',(7.7992900016081,8.57477255711858,0.));
#4766=CARTESIAN_POINT('Ctrl Pts',(7.7992900016081,8.57477255711858,5.5));
#4767=CARTESIAN_POINT('',(7.7992900016081,8.57477255711858,0.));
#4768=CARTESIAN_POINT('Ctrl Pts',(7.7992900016081,8.57477255711858,0.));
#4769=CARTESIAN_POINT('Ctrl Pts',(7.7992900016081,8.57477255711858,5.5));
#4770=CARTESIAN_POINT('Ctrl Pts',(7.89496583542203,8.43559830001234,0.));
#4771=CARTESIAN_POINT('Ctrl Pts',(7.89496583542203,8.43559830001234,5.5));
#4772=CARTESIAN_POINT('Ctrl Pts',(8.11529926732924,8.11509164249013,0.));
#4773=CARTESIAN_POINT('Ctrl Pts',(8.11529926732924,8.11509164249013,5.5));
#4774=CARTESIAN_POINT('Ctrl Pts',(8.20358392573007,7.73509578696264,0.));
#4775=CARTESIAN_POINT('Ctrl Pts',(8.20358392573007,7.73509578696264,5.5));
#4776=CARTESIAN_POINT('Ctrl Pts',(8.25353255753537,7.5201063038623,0.));
#4777=CARTESIAN_POINT('Ctrl Pts',(8.25353255753537,7.5201063038623,5.5));
#4778=CARTESIAN_POINT('',(8.25353255753537,7.5201063038623,0.));
#4779=CARTESIAN_POINT('Origin',(8.25353255753537,7.5201063038623,0.));
#4780=CARTESIAN_POINT('',(9.47536318594426,7.60445921846626,0.));
#4781=CARTESIAN_POINT('Ctrl Pts',(9.47536318594426,7.60445921846626,0.));
#4782=CARTESIAN_POINT('Ctrl Pts',(9.47536318594426,7.60445921846626,5.5));
#4783=CARTESIAN_POINT('Ctrl Pts',(9.40940239417542,7.96749975636164,0.));
#4784=CARTESIAN_POINT('Ctrl Pts',(9.40940239417542,7.96749975636164,5.5));
#4785=CARTESIAN_POINT('Ctrl Pts',(9.28301656303945,8.66311269379808,0.));
#4786=CARTESIAN_POINT('Ctrl Pts',(9.28301656303945,8.66311269379808,5.5));
#4787=CARTESIAN_POINT('Ctrl Pts',(8.81298357449636,9.18920773538826,0.));
#4788=CARTESIAN_POINT('Ctrl Pts',(8.81298357449636,9.18920773538826,5.5));
#4789=CARTESIAN_POINT('Ctrl Pts',(8.58826090122446,9.44073366446759,0.));
#4790=CARTESIAN_POINT('Ctrl Pts',(8.58826090122446,9.44073366446759,5.5));
#4791=CARTESIAN_POINT('',(8.58826090122446,9.44073366446759,0.));
#4792=CARTESIAN_POINT('Ctrl Pts',(8.58826090122446,9.44073366446759,0.));
#4793=CARTESIAN_POINT('Ctrl Pts',(8.58826090122446,9.44073366446759,5.5));
#4794=CARTESIAN_POINT('Ctrl Pts',(8.31290880668306,9.63613388769657,0.));
#4795=CARTESIAN_POINT('Ctrl Pts',(8.31290880668306,9.63613388769657,5.5));
#4796=CARTESIAN_POINT('Ctrl Pts',(7.73642865357414,10.0452259296226,0.));
#4797=CARTESIAN_POINT('Ctrl Pts',(7.73642865357414,10.0452259296226,5.5));
#4798=CARTESIAN_POINT('Ctrl Pts',(7.02970647719154,10.0943529394741,0.));
#4799=CARTESIAN_POINT('Ctrl Pts',(7.02970647719154,10.0943529394741,5.5));
#4800=CARTESIAN_POINT('Ctrl Pts',(6.66054567300252,10.1200147441694,0.));
#4801=CARTESIAN_POINT('Ctrl Pts',(6.66054567300252,10.1200147441694,5.5));
#4802=CARTESIAN_POINT('',(6.66054567300252,10.1200147441694,0.));
#4803=CARTESIAN_POINT('Ctrl Pts',(6.66054567300252,10.1200147441694,0.));
#4804=CARTESIAN_POINT('Ctrl Pts',(6.66054567300252,10.1200147441694,5.5));
#4805=CARTESIAN_POINT('Ctrl Pts',(6.16286253010131,10.0806754853332,0.));
#4806=CARTESIAN_POINT('Ctrl Pts',(6.16286253010131,10.0806754853332,5.5));
#4807=CARTESIAN_POINT('Ctrl Pts',(5.18669862970441,10.0035148161565,0.));
#4808=CARTESIAN_POINT('Ctrl Pts',(5.18669862970441,10.0035148161565,5.5));
#4809=CARTESIAN_POINT('Ctrl Pts',(4.47969076511899,9.32811282787314,0.));
#4810=CARTESIAN_POINT('Ctrl Pts',(4.47969076511899,9.32811282787314,5.5));
#4811=CARTESIAN_POINT('Ctrl Pts',(4.13314070476058,8.99705484177417,0.));
#4812=CARTESIAN_POINT('Ctrl Pts',(4.13314070476058,8.99705484177417,5.5));
#4813=CARTESIAN_POINT('',(4.13314070476058,8.99705484177417,0.));
#4814=CARTESIAN_POINT('Ctrl Pts',(4.13314070476058,8.99705484177417,0.));
#4815=CARTESIAN_POINT('Ctrl Pts',(4.13314070476058,8.99705484177417,5.5));
#4816=CARTESIAN_POINT('Ctrl Pts',(3.81727604544071,8.44123303268992,0.));
#4817=CARTESIAN_POINT('Ctrl Pts',(3.81727604544071,8.44123303268992,5.5));
#4818=CARTESIAN_POINT('Ctrl Pts',(3.08090804508237,7.14545845951601,0.));
#4819=CARTESIAN_POINT('Ctrl Pts',(3.08090804508237,7.14545845951601,5.5));
#4820=CARTESIAN_POINT('Ctrl Pts',(3.04454466802732,5.64709217141317,0.));
#4821=CARTESIAN_POINT('Ctrl Pts',(3.04454466802732,5.64709217141317,5.5));
#4822=CARTESIAN_POINT('Ctrl Pts',(3.02377934208207,4.79144929999556,0.));
#4823=CARTESIAN_POINT('Ctrl Pts',(3.02377934208207,4.79144929999556,5.5));
#4824=CARTESIAN_POINT('',(3.02377934208207,4.79144929999556,0.));
#4825=CARTESIAN_POINT('Ctrl Pts',(3.02377934208207,4.79144929999556,0.));
#4826=CARTESIAN_POINT('Ctrl Pts',(3.02377934208207,4.79144929999556,5.5));
#4827=CARTESIAN_POINT('Ctrl Pts',(3.02705530673816,4.02899214734882,0.));
#4828=CARTESIAN_POINT('Ctrl Pts',(3.02705530673816,4.02899214734882,5.5));
#4829=CARTESIAN_POINT('Ctrl Pts',(3.03276240166793,2.70070695295378,0.));
#4830=CARTESIAN_POINT('Ctrl Pts',(3.03276240166793,2.70070695295378,5.5));
#4831=CARTESIAN_POINT('Ctrl Pts',(3.68189060142378,1.5513598475031,0.));
#4832=CARTESIAN_POINT('Ctrl Pts',(3.68189060142378,1.5513598475031,5.5));
#4833=CARTESIAN_POINT('Ctrl Pts',(3.95840873146191,1.0617565418949,0.));
#4834=CARTESIAN_POINT('Ctrl Pts',(3.95840873146191,1.0617565418949,5.5));
#4835=CARTESIAN_POINT('',(3.95840873146191,1.0617565418949,0.));
#4836=CARTESIAN_POINT('Ctrl Pts',(3.95840873146191,1.0617565418949,0.));
#4837=CARTESIAN_POINT('Ctrl Pts',(3.95840873146191,1.0617565418949,5.5));
#4838=CARTESIAN_POINT('Ctrl Pts',(4.30411870720031,0.729327153700288,0.));
#4839=CARTESIAN_POINT('Ctrl Pts',(4.30411870720031,0.729327153700288,5.5));
#4840=CARTESIAN_POINT('Ctrl Pts',(5.0018166341456,0.058431572791211,0.));
#4841=CARTESIAN_POINT('Ctrl Pts',(5.0018166341456,0.058431572791211,5.5));
#4842=CARTESIAN_POINT('Ctrl Pts',(5.96532533066566,-0.0402012870505541,
0.));
#4843=CARTESIAN_POINT('Ctrl Pts',(5.96532533066566,-0.0402012870505541,
5.5));
#4844=CARTESIAN_POINT('Ctrl Pts',(6.45141456636539,-0.0899614725356668,
0.));
#4845=CARTESIAN_POINT('Ctrl Pts',(6.45141456636539,-0.0899614725356668,
5.5));
#4846=CARTESIAN_POINT('',(6.45141456636539,-0.0899614725356668,0.));
#4847=CARTESIAN_POINT('Ctrl Pts',(6.45141456636539,-0.0899614725356668,
0.));
#4848=CARTESIAN_POINT('Ctrl Pts',(6.45141456636539,-0.0899614725356668,
5.5));
#4849=CARTESIAN_POINT('Ctrl Pts',(6.74104315443991,-0.0763033191508655,
0.));
#4850=CARTESIAN_POINT('Ctrl Pts',(6.74104315443991,-0.0763033191508655,
5.5));
#4851=CARTESIAN_POINT('Ctrl Pts',(7.30800110047196,-0.0495670130385517,
0.));
#4852=CARTESIAN_POINT('Ctrl Pts',(7.30800110047196,-0.0495670130385517,
5.5));
#4853=CARTESIAN_POINT('Ctrl Pts',(7.81640417607899,0.20201219425465,0.));
#4854=CARTESIAN_POINT('Ctrl Pts',(7.81640417607899,0.20201219425465,5.5));
#4855=CARTESIAN_POINT('Ctrl Pts',(8.06509122514234,0.325072997127929,0.));
#4856=CARTESIAN_POINT('Ctrl Pts',(8.06509122514234,0.325072997127929,5.5));
#4857=CARTESIAN_POINT('',(8.06509122514234,0.325072997127929,0.));
#4858=CARTESIAN_POINT('Ctrl Pts',(8.06509122514234,0.325072997127929,0.));
#4859=CARTESIAN_POINT('Ctrl Pts',(8.06509122514234,0.325072997127929,5.5));
#4860=CARTESIAN_POINT('Ctrl Pts',(8.29185388557732,0.485002971127619,0.));
#4861=CARTESIAN_POINT('Ctrl Pts',(8.29185388557732,0.485002971127619,5.5));
#4862=CARTESIAN_POINT('Ctrl Pts',(8.75603916127414,0.81238111588402,0.));
#4863=CARTESIAN_POINT('Ctrl Pts',(8.75603916127414,0.81238111588402,5.5));
#4864=CARTESIAN_POINT('Ctrl Pts',(9.04422081161711,1.30231495145486,0.));
#4865=CARTESIAN_POINT('Ctrl Pts',(9.04422081161711,1.30231495145486,5.5));
#4866=CARTESIAN_POINT('Ctrl Pts',(9.1916206639545,1.55290750282753,0.));
#4867=CARTESIAN_POINT('Ctrl Pts',(9.1916206639545,1.55290750282753,5.5));
#4868=CARTESIAN_POINT('',(9.1916206639545,1.55290750282753,0.));
#4869=CARTESIAN_POINT('Ctrl Pts',(9.1916206639545,1.55290750282753,0.));
#4870=CARTESIAN_POINT('Ctrl Pts',(9.1916206639545,1.55290750282753,5.5));
#4871=CARTESIAN_POINT('Ctrl Pts',(9.31251343550083,1.82839722866252,0.));
#4872=CARTESIAN_POINT('Ctrl Pts',(9.31251343550083,1.82839722866252,5.5));
#4873=CARTESIAN_POINT('Ctrl Pts',(9.55683848913333,2.38516370178484,0.));
#4874=CARTESIAN_POINT('Ctrl Pts',(9.55683848913333,2.38516370178484,5.5));
#4875=CARTESIAN_POINT('Ctrl Pts',(9.59443921787965,2.99214526745729,0.));
#4876=CARTESIAN_POINT('Ctrl Pts',(9.59443921787965,2.99214526745729,5.5));
#4877=CARTESIAN_POINT('Ctrl Pts',(9.61343499292711,3.29879052843766,0.));
#4878=CARTESIAN_POINT('Ctrl Pts',(9.61343499292711,3.29879052843766,5.5));
#4879=CARTESIAN_POINT('Origin',(12.9047524967076,1.42011364954857,0.));
#4880=CARTESIAN_POINT('',(11.5064475956033,1.43287297847835,0.));
#4881=CARTESIAN_POINT('',(12.9047524967076,1.42011364954857,0.));
#4882=CARTESIAN_POINT('Origin',(11.5064475956033,1.43287297847835,0.));
#4883=CARTESIAN_POINT('',(11.4936882666736,0.0345680773740553,0.));
#4884=CARTESIAN_POINT('Origin',(11.4936882666736,0.0345680773740554,0.));
#4885=CARTESIAN_POINT('',(12.8919931677779,0.0218087484442772,0.));
#4886=CARTESIAN_POINT('Origin',(12.8919931677779,0.0218087484442772,0.));
#4887=CARTESIAN_POINT('Ctrl Pts',(21.0482646083834,7.24304942505621,0.));
#4888=CARTESIAN_POINT('Ctrl Pts',(21.0482646083834,7.24304942505621,5.5));
#4889=CARTESIAN_POINT('Ctrl Pts',(20.9726720156821,7.51846993650129,0.));
#4890=CARTESIAN_POINT('Ctrl Pts',(20.9726720156821,7.51846993650129,5.5));
#4891=CARTESIAN_POINT('Ctrl Pts',(20.8294271263629,8.04038060616221,0.));
#4892=CARTESIAN_POINT('Ctrl Pts',(20.8294271263629,8.04038060616221,5.5));
#4893=CARTESIAN_POINT('Ctrl Pts',(20.5656836841333,8.5126468621718,0.));
#4894=CARTESIAN_POINT('Ctrl Pts',(20.5656836841333,8.5126468621718,5.5));
#4895=CARTESIAN_POINT('Ctrl Pts',(20.4411218259789,8.73569074866571,0.));
#4896=CARTESIAN_POINT('Ctrl Pts',(20.4411218259789,8.73569074866571,5.5));
#4897=CARTESIAN_POINT('',(20.4411218259789,8.73569074866571,0.));
#4898=CARTESIAN_POINT('',(21.0482646083834,7.24304942505621,0.));
#4899=CARTESIAN_POINT('Ctrl Pts',(20.4411218259789,8.73569074866571,0.));
#4900=CARTESIAN_POINT('Ctrl Pts',(20.4411218259789,8.73569074866571,5.5));
#4901=CARTESIAN_POINT('Ctrl Pts',(20.3036944308751,8.92770133959813,0.));
#4902=CARTESIAN_POINT('Ctrl Pts',(20.3036944308751,8.92770133959813,5.5));
#4903=CARTESIAN_POINT('Ctrl Pts',(20.0327890644944,9.30620447171539,0.));
#4904=CARTESIAN_POINT('Ctrl Pts',(20.0327890644944,9.30620447171539,5.5));
#4905=CARTESIAN_POINT('Ctrl Pts',(19.6403302526498,9.55616110549143,0.));
#4906=CARTESIAN_POINT('Ctrl Pts',(19.6403302526498,9.55616110549143,5.5));
#4907=CARTESIAN_POINT('Ctrl Pts',(19.4469615988109,9.67931741217282,0.));
#4908=CARTESIAN_POINT('Ctrl Pts',(19.4469615988109,9.67931741217282,5.5));
#4909=CARTESIAN_POINT('',(19.4469615988109,9.67931741217282,0.));
#4910=CARTESIAN_POINT('Ctrl Pts',(19.4469615988109,9.67931741217282,0.));
#4911=CARTESIAN_POINT('Ctrl Pts',(19.4469615988109,9.67931741217282,5.5));
#4912=CARTESIAN_POINT('Ctrl Pts',(19.2321434426638,9.77574094874698,0.));
#4913=CARTESIAN_POINT('Ctrl Pts',(19.2321434426638,9.77574094874698,5.5));
#4914=CARTESIAN_POINT('Ctrl Pts',(18.7841846675332,9.97681226465544,0.));
#4915=CARTESIAN_POINT('Ctrl Pts',(18.7841846675332,9.97681226465544,5.5));
#4916=CARTESIAN_POINT('Ctrl Pts',(18.2934005080761,10.0027158436478,0.));
#4917=CARTESIAN_POINT('Ctrl Pts',(18.2934005080761,10.0027158436478,5.5));
#4918=CARTESIAN_POINT('Ctrl Pts',(18.0379713724602,10.0161973887708,0.));
#4919=CARTESIAN_POINT('Ctrl Pts',(18.0379713724602,10.0161973887708,5.5));
#4920=CARTESIAN_POINT('',(18.0379713724602,10.0161973887708,0.));
#4921=CARTESIAN_POINT('Ctrl Pts',(18.0379713724602,10.0161973887708,0.));
#4922=CARTESIAN_POINT('Ctrl Pts',(18.0379713724602,10.0161973887708,5.5));
#4923=CARTESIAN_POINT('Ctrl Pts',(17.6953238420059,9.99948296738718,0.));
#4924=CARTESIAN_POINT('Ctrl Pts',(17.6953238420059,9.99948296738718,5.5));
#4925=CARTESIAN_POINT('Ctrl Pts',(17.0389320528579,9.96746403253007,0.));
#4926=CARTESIAN_POINT('Ctrl Pts',(17.0389320528579,9.96746403253007,5.5));
#4927=CARTESIAN_POINT('Ctrl Pts',(16.4859567943976,9.61472196787504,0.));
#4928=CARTESIAN_POINT('Ctrl Pts',(16.4859567943976,9.61472196787504,5.5));
#4929=CARTESIAN_POINT('Ctrl Pts',(16.2216439016864,9.44611718119888,0.));
#4930=CARTESIAN_POINT('Ctrl Pts',(16.2216439016864,9.44611718119888,5.5));
#4931=CARTESIAN_POINT('',(16.2216439016864,9.44611718119888,0.));
#4932=CARTESIAN_POINT('Ctrl Pts',(16.2216439016864,9.44611718119888,0.));
#4933=CARTESIAN_POINT('Ctrl Pts',(16.2216439016864,9.44611718119888,5.5));
#4934=CARTESIAN_POINT('Ctrl Pts',(15.9916089927319,9.22313781870439,0.));
#4935=CARTESIAN_POINT('Ctrl Pts',(15.9916089927319,9.22313781870439,5.5));
#4936=CARTESIAN_POINT('Ctrl Pts',(15.5050267759151,8.75147987339463,0.));
#4937=CARTESIAN_POINT('Ctrl Pts',(15.5050267759151,8.75147987339463,5.5));
#4938=CARTESIAN_POINT('Ctrl Pts',(15.2541567903902,8.12080078776336,0.));
#4939=CARTESIAN_POINT('Ctrl Pts',(15.2541567903902,8.12080078776336,5.5));
#4940=CARTESIAN_POINT('Ctrl Pts',(15.1218872228114,7.78827934338693,0.));
#4941=CARTESIAN_POINT('Ctrl Pts',(15.1218872228114,7.78827934338693,5.5));
#4942=CARTESIAN_POINT('',(15.1218872228114,7.78827934338693,0.));
#4943=CARTESIAN_POINT('Ctrl Pts',(15.1218872228114,7.78827934338693,0.));
#4944=CARTESIAN_POINT('Ctrl Pts',(15.1218872228114,7.78827934338693,5.5));
#4945=CARTESIAN_POINT('Ctrl Pts',(15.0119898885006,7.37321062304303,0.));
#4946=CARTESIAN_POINT('Ctrl Pts',(15.0119898885006,7.37321062304303,5.5));
#4947=CARTESIAN_POINT('Ctrl Pts',(14.7648648777359,6.43984984021458,0.));
#4948=CARTESIAN_POINT('Ctrl Pts',(14.7648648777359,6.43984984021458,5.5));
#4949=CARTESIAN_POINT('Ctrl Pts',(14.7430367992957,5.47358499133978,0.));
#4950=CARTESIAN_POINT('Ctrl Pts',(14.7430367992957,5.47358499133978,5.5));
#4951=CARTESIAN_POINT('Ctrl Pts',(14.7309157417121,4.93702141309301,0.));
#4952=CARTESIAN_POINT('Ctrl Pts',(14.7309157417121,4.93702141309301,5.5));
#4953=CARTESIAN_POINT('',(14.7309157417121,4.93702141309301,0.));
#4954=CARTESIAN_POINT('Ctrl Pts',(14.7309157417121,4.93702141309301,0.));
#4955=CARTESIAN_POINT('Ctrl Pts',(14.7309157417121,4.93702141309301,5.5));
#4956=CARTESIAN_POINT('Ctrl Pts',(14.7332145791171,4.10909419299261,0.));
#4957=CARTESIAN_POINT('Ctrl Pts',(14.7332145791171,4.10909419299261,5.5));
#4958=CARTESIAN_POINT('Ctrl Pts',(14.7372114070222,2.66963500830256,0.));
#4959=CARTESIAN_POINT('Ctrl Pts',(14.7372114070222,2.66963500830256,5.5));
#4960=CARTESIAN_POINT('Ctrl Pts',(15.4009047499813,1.40145052048059,0.));
#4961=CARTESIAN_POINT('Ctrl Pts',(15.4009047499813,1.40145052048059,5.5));
#4962=CARTESIAN_POINT('Ctrl Pts',(15.6828645986673,0.86268196104631,0.));
#4963=CARTESIAN_POINT('Ctrl Pts',(15.6828645986673,0.86268196104631,5.5));
#4964=CARTESIAN_POINT('',(15.6828645986673,0.86268196104631,0.));
#4965=CARTESIAN_POINT('Ctrl Pts',(15.6828645986673,0.86268196104631,0.));
#4966=CARTESIAN_POINT('Ctrl Pts',(15.6828645986673,0.86268196104631,5.5));
#4967=CARTESIAN_POINT('Ctrl Pts',(15.9869323367332,0.557539099785203,0.));
#4968=CARTESIAN_POINT('Ctrl Pts',(15.9869323367332,0.557539099785203,5.5));
#4969=CARTESIAN_POINT('Ctrl Pts',(16.6109125908934,-0.0686474247569824,
0.));
#4970=CARTESIAN_POINT('Ctrl Pts',(16.6109125908934,-0.0686474247569824,
5.5));
#4971=CARTESIAN_POINT('Ctrl Pts',(17.4927051676169,-0.152067654716566,0.));
#4972=CARTESIAN_POINT('Ctrl Pts',(17.4927051676169,-0.152067654716566,5.5));
#4973=CARTESIAN_POINT('Ctrl Pts',(17.9447971689456,-0.194836917816812,0.));
#4974=CARTESIAN_POINT('Ctrl Pts',(17.9447971689456,-0.194836917816812,5.5));
#4975=CARTESIAN_POINT('',(17.9447971689456,-0.194836917816812,0.));
#4976=CARTESIAN_POINT('Ctrl Pts',(17.9447971689456,-0.194836917816812,0.));
#4977=CARTESIAN_POINT('Ctrl Pts',(17.9447971689456,-0.194836917816812,5.5));
#4978=CARTESIAN_POINT('Ctrl Pts',(18.2892739205208,-0.178146320233414,0.));
#4979=CARTESIAN_POINT('Ctrl Pts',(18.2892739205208,-0.178146320233414,5.5));
#4980=CARTESIAN_POINT('Ctrl Pts',(18.948480785273,-0.14620641005521,0.));
#4981=CARTESIAN_POINT('Ctrl Pts',(18.948480785273,-0.14620641005521,5.5));
#4982=CARTESIAN_POINT('Ctrl Pts',(19.5031553648064,0.209002967060403,0.));
#4983=CARTESIAN_POINT('Ctrl Pts',(19.5031553648064,0.209002967060403,5.5));
#4984=CARTESIAN_POINT('Ctrl Pts',(19.7679778394003,0.378593263276672,0.));
#4985=CARTESIAN_POINT('Ctrl Pts',(19.7679778394003,0.378593263276672,5.5));
#4986=CARTESIAN_POINT('',(19.7679778394003,0.378593263276672,0.));
#4987=CARTESIAN_POINT('Ctrl Pts',(19.7679778394003,0.378593263276672,0.));
#4988=CARTESIAN_POINT('Ctrl Pts',(19.7679778394003,0.378593263276672,5.5));
#4989=CARTESIAN_POINT('Ctrl Pts',(19.9978112831979,0.602441146440353,0.));
#4990=CARTESIAN_POINT('Ctrl Pts',(19.9978112831979,0.602441146440353,5.5));
#4991=CARTESIAN_POINT('Ctrl Pts',(20.4835261290345,1.07550650309681,0.));
#4992=CARTESIAN_POINT('Ctrl Pts',(20.4835261290345,1.07550650309681,5.5));
#4993=CARTESIAN_POINT('Ctrl Pts',(20.7329534049358,1.70712602575667,0.));
#4994=CARTESIAN_POINT('Ctrl Pts',(20.7329534049358,1.70712602575667,5.5));
#4995=CARTESIAN_POINT('Ctrl Pts',(20.864355196772,2.03987206059328,0.));
#4996=CARTESIAN_POINT('Ctrl Pts',(20.864355196772,2.03987206059328,5.5));
#4997=CARTESIAN_POINT('',(20.864355196772,2.03987206059328,0.));
#4998=CARTESIAN_POINT('Ctrl Pts',(20.864355196772,2.03987206059328,0.));
#4999=CARTESIAN_POINT('Ctrl Pts',(20.864355196772,2.03987206059328,5.5));
#5000=CARTESIAN_POINT('Ctrl Pts',(20.9732600132424,2.45384250938516,0.));
#5001=CARTESIAN_POINT('Ctrl Pts',(20.9732600132424,2.45384250938516,5.5));
#5002=CARTESIAN_POINT('Ctrl Pts',(21.2176916002875,3.38297913591386,0.));
#5003=CARTESIAN_POINT('Ctrl Pts',(21.2176916002875,3.38297913591386,5.5));
#5004=CARTESIAN_POINT('Ctrl Pts',(21.2396278608998,4.34443408492681,0.));
#5005=CARTESIAN_POINT('Ctrl Pts',(21.2396278608998,4.34443408492681,5.5));
#5006=CARTESIAN_POINT('Ctrl Pts',(21.2517905711093,4.87751937831326,0.));
#5007=CARTESIAN_POINT('Ctrl Pts',(21.2517905711093,4.87751937831326,5.5));
#5008=CARTESIAN_POINT('',(21.2517905711093,4.87751937831326,0.));
#5009=CARTESIAN_POINT('Ctrl Pts',(21.2517905711093,4.87751937831326,0.));
#5010=CARTESIAN_POINT('Ctrl Pts',(21.2517905711093,4.87751937831326,5.5));
#5011=CARTESIAN_POINT('Ctrl Pts',(21.2520725396778,5.32387743468049,0.));
#5012=CARTESIAN_POINT('Ctrl Pts',(21.2520725396778,5.32387743468049,5.5));
#5013=CARTESIAN_POINT('Ctrl Pts',(21.2525746863393,6.11877882768657,0.));
#5014=CARTESIAN_POINT('Ctrl Pts',(21.2525746863393,6.11877882768657,5.5));
#5015=CARTESIAN_POINT('Ctrl Pts',(21.1105421408548,6.90035072250164,0.));
#5016=CARTESIAN_POINT('Ctrl Pts',(21.1105421408548,6.90035072250164,5.5));
#5017=CARTESIAN_POINT('Ctrl Pts',(21.0482646083834,7.24304942505621,0.));
#5018=CARTESIAN_POINT('Ctrl Pts',(21.0482646083834,7.24304942505621,5.5));
#5019=UNCERTAINTY_MEASURE_WITH_UNIT(LENGTH_MEASURE(0.01),#5023,
'DISTANCE_ACCURACY_VALUE',
'Maximum model space distance between geometric entities at asserted c
onnectivities');
#5020=UNCERTAINTY_MEASURE_WITH_UNIT(LENGTH_MEASURE(0.01),#5023,
'DISTANCE_ACCURACY_VALUE',
'Maximum model space distance between geometric entities at asserted c
onnectivities');
#5021=(
GEOMETRIC_REPRESENTATION_CONTEXT(3)
GLOBAL_UNCERTAINTY_ASSIGNED_CONTEXT((#5019))
GLOBAL_UNIT_ASSIGNED_CONTEXT((#5023,#5025,#5026))
REPRESENTATION_CONTEXT('','3D')
);
#5022=(
GEOMETRIC_REPRESENTATION_CONTEXT(3)
GLOBAL_UNCERTAINTY_ASSIGNED_CONTEXT((#5020))
GLOBAL_UNIT_ASSIGNED_CONTEXT((#5023,#5025,#5026))
REPRESENTATION_CONTEXT('','3D')
);
#5023=(
LENGTH_UNIT()
NAMED_UNIT(*)
SI_UNIT(.MILLI.,.METRE.)
);
#5024=(
LENGTH_UNIT()
NAMED_UNIT(*)
SI_UNIT($,.METRE.)
);
#5025=(
NAMED_UNIT(*)
PLANE_ANGLE_UNIT()
SI_UNIT($,.RADIAN.)
);
#5026=(
NAMED_UNIT(*)
SI_UNIT($,.STERADIAN.)
SOLID_ANGLE_UNIT()
);
#5027=SHAPE_DEFINITION_REPRESENTATION(#5028,#5029);
#5028=PRODUCT_DEFINITION_SHAPE('',$,#5031);
#5029=SHAPE_REPRESENTATION('',(#2298),#5021);
#5030=PRODUCT_DEFINITION_CONTEXT('part definition',#5035,'design');
#5031=PRODUCT_DEFINITION('Thickness-6.0 mm','Thickness-6.0 mm v2',#5032,
#5030);
#5032=PRODUCT_DEFINITION_FORMATION('',$,#5037);
#5033=PRODUCT_RELATED_PRODUCT_CATEGORY('Thickness-6.0 mm v2',
'Thickness-6.0 mm v2',(#5037));
#5034=APPLICATION_PROTOCOL_DEFINITION('international standard',
'automotive_design',2009,#5035);
#5035=APPLICATION_CONTEXT(
'Core Data for Automotive Mechanical Design Process');
#5036=PRODUCT_CONTEXT('part definition',#5035,'mechanical');
#5037=PRODUCT('Thickness-6.0 mm','Thickness-6.0 mm v2',$,(#5036));
#5038=PRESENTATION_STYLE_ASSIGNMENT((#5039));
#5039=SURFACE_STYLE_USAGE(.BOTH.,#5040);
#5040=SURFACE_SIDE_STYLE('',(#5041));
#5041=SURFACE_STYLE_FILL_AREA(#5042);
#5042=FILL_AREA_STYLE('Acciaio - Satinato',(#5043));
#5043=FILL_AREA_STYLE_COLOUR('Acciaio - Satinato',#5044);
#5044=COLOUR_RGB('Acciaio - Satinato',0.627450980392157,0.627450980392157,
0.627450980392157);
ENDSEC;
END-ISO-10303-21;
