ISO-10303-21;
HEADER;
/* Generated by software containing ST-Developer
 * from STEP Tools, Inc. (www.steptools.com) 
 */

FILE_DESCRIPTION(
/* description */ (''),
/* implementation_level */ '2;1');

FILE_NAME(
/* name */ 'Thickness-2.0 mm.step',
/* time_stamp */ '2026-05-11T21:25:40+02:00',
/* author */ (''),
/* organization */ (''),
/* preprocessor_version */ 'ST-DEVELOPER v20.1',
/* originating_system */ 'Autodesk Translation Framework v15.8.0.0',
/* authorisation */ '');

FILE_SCHEMA (('AUTOMOTIVE_DESIGN { 1 0 10303 214 3 1 1 }'));
ENDSEC;

DATA;
#10=MECHANICAL_DESIGN_GEOMETRIC_PRESENTATION_REPRESENTATION('',(#26,#27,
#28,#29,#30),#4390);
#11=SHAPE_REPRESENTATION_RELATIONSHIP('SRR','None',#4397,#12);
#12=ADVANCED_BREP_SHAPE_REPRESENTATION('',(#31,#32,#33,#34,#35),#4389);
#13=CYLINDRICAL_SURFACE('',#2092,2.5);
#14=CIRCLE('',#2090,2.5);
#15=CIRCLE('',#2093,2.5);
#16=FACE_BOUND('',#212,.T.);
#17=FACE_BOUND('',#214,.T.);
#18=FACE_BOUND('',#251,.T.);
#19=FACE_BOUND('',#256,.T.);
#20=FACE_BOUND('',#257,.T.);
#21=FACE_BOUND('',#258,.T.);
#22=FACE_BOUND('',#259,.T.);
#23=FACE_BOUND('',#261,.T.);
#24=FACE_BOUND('',#262,.T.);
#25=FACE_BOUND('',#263,.T.);
#26=STYLED_ITEM('',(#4406),#31);
#27=STYLED_ITEM('',(#4406),#32);
#28=STYLED_ITEM('',(#4406),#33);
#29=STYLED_ITEM('',(#4406),#34);
#30=STYLED_ITEM('',(#4406),#35);
#31=MANIFOLD_SOLID_BREP('Corpo1',#2050);
#32=MANIFOLD_SOLID_BREP('Corpo8',#2051);
#33=MANIFOLD_SOLID_BREP('Corpo3',#2052);
#34=MANIFOLD_SOLID_BREP('Corpo5',#2053);
#35=MANIFOLD_SOLID_BREP('Corpo7',#2054);
#36=PLANE('',#2068);
#37=PLANE('',#2069);
#38=PLANE('',#2070);
#39=PLANE('',#2071);
#40=PLANE('',#2072);
#41=PLANE('',#2073);
#42=PLANE('',#2074);
#43=PLANE('',#2075);
#44=PLANE('',#2076);
#45=PLANE('',#2077);
#46=PLANE('',#2078);
#47=PLANE('',#2079);
#48=PLANE('',#2080);
#49=PLANE('',#2081);
#50=PLANE('',#2082);
#51=PLANE('',#2083);
#52=PLANE('',#2084);
#53=PLANE('',#2085);
#54=PLANE('',#2086);
#55=PLANE('',#2087);
#56=PLANE('',#2088);
#57=PLANE('',#2089);
#58=PLANE('',#2091);
#59=PLANE('',#2094);
#60=PLANE('',#2095);
#61=PLANE('',#2096);
#62=PLANE('',#2097);
#63=PLANE('',#2098);
#64=PLANE('',#2099);
#65=PLANE('',#2100);
#66=PLANE('',#2101);
#67=PLANE('',#2102);
#68=PLANE('',#2103);
#69=PLANE('',#2104);
#70=FACE_OUTER_BOUND('',#181,.T.);
#71=FACE_OUTER_BOUND('',#182,.T.);
#72=FACE_OUTER_BOUND('',#183,.T.);
#73=FACE_OUTER_BOUND('',#184,.T.);
#74=FACE_OUTER_BOUND('',#185,.T.);
#75=FACE_OUTER_BOUND('',#186,.T.);
#76=FACE_OUTER_BOUND('',#187,.T.);
#77=FACE_OUTER_BOUND('',#188,.T.);
#78=FACE_OUTER_BOUND('',#189,.T.);
#79=FACE_OUTER_BOUND('',#190,.T.);
#80=FACE_OUTER_BOUND('',#191,.T.);
#81=FACE_OUTER_BOUND('',#192,.T.);
#82=FACE_OUTER_BOUND('',#193,.T.);
#83=FACE_OUTER_BOUND('',#194,.T.);
#84=FACE_OUTER_BOUND('',#195,.T.);
#85=FACE_OUTER_BOUND('',#196,.T.);
#86=FACE_OUTER_BOUND('',#197,.T.);
#87=FACE_OUTER_BOUND('',#198,.T.);
#88=FACE_OUTER_BOUND('',#199,.T.);
#89=FACE_OUTER_BOUND('',#200,.T.);
#90=FACE_OUTER_BOUND('',#201,.T.);
#91=FACE_OUTER_BOUND('',#202,.T.);
#92=FACE_OUTER_BOUND('',#203,.T.);
#93=FACE_OUTER_BOUND('',#204,.T.);
#94=FACE_OUTER_BOUND('',#205,.T.);
#95=FACE_OUTER_BOUND('',#206,.T.);
#96=FACE_OUTER_BOUND('',#207,.T.);
#97=FACE_OUTER_BOUND('',#208,.T.);
#98=FACE_OUTER_BOUND('',#209,.T.);
#99=FACE_OUTER_BOUND('',#210,.T.);
#100=FACE_OUTER_BOUND('',#211,.T.);
#101=FACE_OUTER_BOUND('',#213,.T.);
#102=FACE_OUTER_BOUND('',#215,.T.);
#103=FACE_OUTER_BOUND('',#216,.T.);
#104=FACE_OUTER_BOUND('',#217,.T.);
#105=FACE_OUTER_BOUND('',#218,.T.);
#106=FACE_OUTER_BOUND('',#219,.T.);
#107=FACE_OUTER_BOUND('',#220,.T.);
#108=FACE_OUTER_BOUND('',#221,.T.);
#109=FACE_OUTER_BOUND('',#222,.T.);
#110=FACE_OUTER_BOUND('',#223,.T.);
#111=FACE_OUTER_BOUND('',#224,.T.);
#112=FACE_OUTER_BOUND('',#225,.T.);
#113=FACE_OUTER_BOUND('',#226,.T.);
#114=FACE_OUTER_BOUND('',#227,.T.);
#115=FACE_OUTER_BOUND('',#228,.T.);
#116=FACE_OUTER_BOUND('',#229,.T.);
#117=FACE_OUTER_BOUND('',#230,.T.);
#118=FACE_OUTER_BOUND('',#231,.T.);
#119=FACE_OUTER_BOUND('',#232,.T.);
#120=FACE_OUTER_BOUND('',#233,.T.);
#121=FACE_OUTER_BOUND('',#234,.T.);
#122=FACE_OUTER_BOUND('',#235,.T.);
#123=FACE_OUTER_BOUND('',#236,.T.);
#124=FACE_OUTER_BOUND('',#237,.T.);
#125=FACE_OUTER_BOUND('',#238,.T.);
#126=FACE_OUTER_BOUND('',#239,.T.);
#127=FACE_OUTER_BOUND('',#240,.T.);
#128=FACE_OUTER_BOUND('',#241,.T.);
#129=FACE_OUTER_BOUND('',#242,.T.);
#130=FACE_OUTER_BOUND('',#243,.T.);
#131=FACE_OUTER_BOUND('',#244,.T.);
#132=FACE_OUTER_BOUND('',#245,.T.);
#133=FACE_OUTER_BOUND('',#246,.T.);
#134=FACE_OUTER_BOUND('',#247,.T.);
#135=FACE_OUTER_BOUND('',#248,.T.);
#136=FACE_OUTER_BOUND('',#249,.T.);
#137=FACE_OUTER_BOUND('',#250,.T.);
#138=FACE_OUTER_BOUND('',#252,.T.);
#139=FACE_OUTER_BOUND('',#253,.T.);
#140=FACE_OUTER_BOUND('',#254,.T.);
#141=FACE_OUTER_BOUND('',#255,.T.);
#142=FACE_OUTER_BOUND('',#260,.T.);
#143=FACE_OUTER_BOUND('',#264,.T.);
#144=FACE_OUTER_BOUND('',#265,.T.);
#145=FACE_OUTER_BOUND('',#266,.T.);
#146=FACE_OUTER_BOUND('',#267,.T.);
#147=FACE_OUTER_BOUND('',#268,.T.);
#148=FACE_OUTER_BOUND('',#269,.T.);
#149=FACE_OUTER_BOUND('',#270,.T.);
#150=FACE_OUTER_BOUND('',#271,.T.);
#151=FACE_OUTER_BOUND('',#272,.T.);
#152=FACE_OUTER_BOUND('',#273,.T.);
#153=FACE_OUTER_BOUND('',#274,.T.);
#154=FACE_OUTER_BOUND('',#275,.T.);
#155=FACE_OUTER_BOUND('',#276,.T.);
#156=FACE_OUTER_BOUND('',#277,.T.);
#157=FACE_OUTER_BOUND('',#278,.T.);
#158=FACE_OUTER_BOUND('',#279,.T.);
#159=FACE_OUTER_BOUND('',#280,.T.);
#160=FACE_OUTER_BOUND('',#281,.T.);
#161=FACE_OUTER_BOUND('',#282,.T.);
#162=FACE_OUTER_BOUND('',#283,.T.);
#163=FACE_OUTER_BOUND('',#284,.T.);
#164=FACE_OUTER_BOUND('',#285,.T.);
#165=FACE_OUTER_BOUND('',#286,.T.);
#166=FACE_OUTER_BOUND('',#287,.T.);
#167=FACE_OUTER_BOUND('',#288,.T.);
#168=FACE_OUTER_BOUND('',#289,.T.);
#169=FACE_OUTER_BOUND('',#290,.T.);
#170=FACE_OUTER_BOUND('',#291,.T.);
#171=FACE_OUTER_BOUND('',#292,.T.);
#172=FACE_OUTER_BOUND('',#293,.T.);
#173=FACE_OUTER_BOUND('',#294,.T.);
#174=FACE_OUTER_BOUND('',#295,.T.);
#175=FACE_OUTER_BOUND('',#296,.T.);
#176=FACE_OUTER_BOUND('',#297,.T.);
#177=FACE_OUTER_BOUND('',#298,.T.);
#178=FACE_OUTER_BOUND('',#299,.T.);
#179=FACE_OUTER_BOUND('',#300,.T.);
#180=FACE_OUTER_BOUND('',#301,.T.);
#181=EDGE_LOOP('',(#1257,#1258,#1259,#1260));
#182=EDGE_LOOP('',(#1261,#1262,#1263,#1264));
#183=EDGE_LOOP('',(#1265,#1266,#1267,#1268));
#184=EDGE_LOOP('',(#1269,#1270,#1271,#1272));
#185=EDGE_LOOP('',(#1273,#1274,#1275,#1276));
#186=EDGE_LOOP('',(#1277,#1278,#1279,#1280));
#187=EDGE_LOOP('',(#1281,#1282,#1283,#1284));
#188=EDGE_LOOP('',(#1285,#1286,#1287,#1288));
#189=EDGE_LOOP('',(#1289,#1290,#1291,#1292,#1293,#1294,#1295,#1296));
#190=EDGE_LOOP('',(#1297,#1298,#1299,#1300,#1301,#1302,#1303,#1304));
#191=EDGE_LOOP('',(#1305,#1306,#1307,#1308));
#192=EDGE_LOOP('',(#1309,#1310,#1311,#1312));
#193=EDGE_LOOP('',(#1313,#1314,#1315,#1316));
#194=EDGE_LOOP('',(#1317,#1318,#1319,#1320));
#195=EDGE_LOOP('',(#1321,#1322,#1323,#1324));
#196=EDGE_LOOP('',(#1325,#1326,#1327,#1328));
#197=EDGE_LOOP('',(#1329,#1330,#1331,#1332));
#198=EDGE_LOOP('',(#1333,#1334,#1335,#1336));
#199=EDGE_LOOP('',(#1337,#1338,#1339,#1340));
#200=EDGE_LOOP('',(#1341,#1342,#1343,#1344));
#201=EDGE_LOOP('',(#1345,#1346,#1347,#1348));
#202=EDGE_LOOP('',(#1349,#1350,#1351,#1352));
#203=EDGE_LOOP('',(#1353,#1354,#1355,#1356));
#204=EDGE_LOOP('',(#1357,#1358,#1359,#1360));
#205=EDGE_LOOP('',(#1361,#1362,#1363,#1364));
#206=EDGE_LOOP('',(#1365,#1366,#1367,#1368));
#207=EDGE_LOOP('',(#1369,#1370,#1371,#1372));
#208=EDGE_LOOP('',(#1373,#1374,#1375,#1376));
#209=EDGE_LOOP('',(#1377,#1378,#1379,#1380));
#210=EDGE_LOOP('',(#1381,#1382,#1383,#1384));
#211=EDGE_LOOP('',(#1385,#1386,#1387,#1388,#1389,#1390,#1391,#1392,#1393,
#1394,#1395,#1396));
#212=EDGE_LOOP('',(#1397,#1398,#1399,#1400,#1401,#1402,#1403,#1404));
#213=EDGE_LOOP('',(#1405,#1406,#1407,#1408,#1409,#1410,#1411,#1412,#1413,
#1414,#1415,#1416));
#214=EDGE_LOOP('',(#1417,#1418,#1419,#1420,#1421,#1422,#1423,#1424));
#215=EDGE_LOOP('',(#1425,#1426,#1427,#1428));
#216=EDGE_LOOP('',(#1429,#1430,#1431,#1432));
#217=EDGE_LOOP('',(#1433,#1434,#1435,#1436));
#218=EDGE_LOOP('',(#1437,#1438,#1439,#1440));
#219=EDGE_LOOP('',(#1441,#1442,#1443,#1444));
#220=EDGE_LOOP('',(#1445,#1446,#1447,#1448));
#221=EDGE_LOOP('',(#1449,#1450,#1451,#1452));
#222=EDGE_LOOP('',(#1453,#1454,#1455,#1456));
#223=EDGE_LOOP('',(#1457,#1458,#1459,#1460));
#224=EDGE_LOOP('',(#1461,#1462,#1463,#1464));
#225=EDGE_LOOP('',(#1465,#1466,#1467,#1468));
#226=EDGE_LOOP('',(#1469,#1470,#1471,#1472));
#227=EDGE_LOOP('',(#1473,#1474,#1475,#1476));
#228=EDGE_LOOP('',(#1477,#1478,#1479,#1480));
#229=EDGE_LOOP('',(#1481,#1482,#1483,#1484));
#230=EDGE_LOOP('',(#1485,#1486,#1487,#1488));
#231=EDGE_LOOP('',(#1489,#1490,#1491,#1492));
#232=EDGE_LOOP('',(#1493,#1494,#1495,#1496));
#233=EDGE_LOOP('',(#1497,#1498,#1499,#1500));
#234=EDGE_LOOP('',(#1501,#1502,#1503,#1504));
#235=EDGE_LOOP('',(#1505,#1506,#1507,#1508));
#236=EDGE_LOOP('',(#1509,#1510,#1511,#1512));
#237=EDGE_LOOP('',(#1513,#1514,#1515,#1516));
#238=EDGE_LOOP('',(#1517,#1518,#1519,#1520));
#239=EDGE_LOOP('',(#1521,#1522,#1523,#1524));
#240=EDGE_LOOP('',(#1525,#1526,#1527,#1528));
#241=EDGE_LOOP('',(#1529,#1530,#1531,#1532));
#242=EDGE_LOOP('',(#1533,#1534,#1535,#1536));
#243=EDGE_LOOP('',(#1537,#1538,#1539,#1540,#1541,#1542,#1543,#1544,#1545,
#1546,#1547,#1548,#1549,#1550,#1551,#1552,#1553,#1554,#1555,#1556,#1557,
#1558));
#244=EDGE_LOOP('',(#1559,#1560,#1561,#1562,#1563,#1564,#1565,#1566,#1567,
#1568,#1569,#1570,#1571,#1572,#1573,#1574,#1575,#1576,#1577,#1578,#1579,
#1580));
#245=EDGE_LOOP('',(#1581,#1582,#1583,#1584));
#246=EDGE_LOOP('',(#1585,#1586,#1587,#1588,#1589,#1590,#1591,#1592));
#247=EDGE_LOOP('',(#1593,#1594,#1595,#1596));
#248=EDGE_LOOP('',(#1597,#1598,#1599,#1600,#1601,#1602,#1603,#1604));
#249=EDGE_LOOP('',(#1605,#1606,#1607,#1608));
#250=EDGE_LOOP('',(#1609,#1610,#1611,#1612));
#251=EDGE_LOOP('',(#1613));
#252=EDGE_LOOP('',(#1614,#1615,#1616,#1617));
#253=EDGE_LOOP('',(#1618,#1619,#1620,#1621));
#254=EDGE_LOOP('',(#1622,#1623,#1624,#1625));
#255=EDGE_LOOP('',(#1626,#1627,#1628,#1629));
#256=EDGE_LOOP('',(#1630));
#257=EDGE_LOOP('',(#1631,#1632,#1633,#1634,#1635,#1636,#1637,#1638,#1639,
#1640,#1641,#1642,#1643,#1644,#1645,#1646,#1647,#1648,#1649,#1650,#1651,
#1652));
#258=EDGE_LOOP('',(#1653,#1654,#1655,#1656));
#259=EDGE_LOOP('',(#1657,#1658,#1659,#1660,#1661,#1662,#1663,#1664,#1665,
#1666,#1667,#1668));
#260=EDGE_LOOP('',(#1669,#1670,#1671,#1672));
#261=EDGE_LOOP('',(#1673,#1674,#1675,#1676,#1677,#1678,#1679,#1680,#1681,
#1682,#1683,#1684,#1685,#1686,#1687,#1688,#1689,#1690,#1691,#1692,#1693,
#1694));
#262=EDGE_LOOP('',(#1695,#1696,#1697,#1698));
#263=EDGE_LOOP('',(#1699,#1700,#1701,#1702,#1703,#1704,#1705,#1706,#1707,
#1708,#1709,#1710));
#264=EDGE_LOOP('',(#1711,#1712,#1713,#1714));
#265=EDGE_LOOP('',(#1715,#1716,#1717,#1718));
#266=EDGE_LOOP('',(#1719,#1720,#1721,#1722));
#267=EDGE_LOOP('',(#1723,#1724,#1725,#1726));
#268=EDGE_LOOP('',(#1727,#1728,#1729,#1730));
#269=EDGE_LOOP('',(#1731,#1732,#1733,#1734));
#270=EDGE_LOOP('',(#1735,#1736,#1737,#1738));
#271=EDGE_LOOP('',(#1739,#1740,#1741,#1742));
#272=EDGE_LOOP('',(#1743,#1744,#1745,#1746));
#273=EDGE_LOOP('',(#1747,#1748,#1749,#1750));
#274=EDGE_LOOP('',(#1751,#1752,#1753,#1754));
#275=EDGE_LOOP('',(#1755,#1756,#1757,#1758));
#276=EDGE_LOOP('',(#1759,#1760,#1761,#1762));
#277=EDGE_LOOP('',(#1763,#1764,#1765,#1766));
#278=EDGE_LOOP('',(#1767,#1768,#1769,#1770));
#279=EDGE_LOOP('',(#1771,#1772,#1773,#1774));
#280=EDGE_LOOP('',(#1775,#1776,#1777,#1778));
#281=EDGE_LOOP('',(#1779,#1780,#1781,#1782));
#282=EDGE_LOOP('',(#1783,#1784,#1785,#1786));
#283=EDGE_LOOP('',(#1787,#1788,#1789,#1790));
#284=EDGE_LOOP('',(#1791,#1792,#1793,#1794));
#285=EDGE_LOOP('',(#1795,#1796,#1797,#1798));
#286=EDGE_LOOP('',(#1799,#1800,#1801,#1802));
#287=EDGE_LOOP('',(#1803,#1804,#1805,#1806));
#288=EDGE_LOOP('',(#1807,#1808,#1809,#1810));
#289=EDGE_LOOP('',(#1811,#1812,#1813,#1814));
#290=EDGE_LOOP('',(#1815,#1816,#1817,#1818));
#291=EDGE_LOOP('',(#1819,#1820,#1821,#1822));
#292=EDGE_LOOP('',(#1823,#1824,#1825,#1826));
#293=EDGE_LOOP('',(#1827,#1828,#1829,#1830));
#294=EDGE_LOOP('',(#1831,#1832,#1833,#1834));
#295=EDGE_LOOP('',(#1835,#1836,#1837,#1838));
#296=EDGE_LOOP('',(#1839,#1840,#1841,#1842));
#297=EDGE_LOOP('',(#1843,#1844,#1845,#1846));
#298=EDGE_LOOP('',(#1847,#1848,#1849,#1850));
#299=EDGE_LOOP('',(#1851,#1852,#1853,#1854));
#300=EDGE_LOOP('',(#1855,#1856,#1857,#1858));
#301=EDGE_LOOP('',(#1859,#1860,#1861,#1862));
#302=LINE('',#2351,#451);
#303=LINE('',#2358,#452);
#304=LINE('',#2383,#453);
#305=LINE('',#2408,#454);
#306=LINE('',#2433,#455);
#307=LINE('',#2458,#456);
#308=LINE('',#2483,#457);
#309=LINE('',#2508,#458);
#310=LINE('',#2553,#459);
#311=LINE('',#2560,#460);
#312=LINE('',#2580,#461);
#313=LINE('',#2605,#462);
#314=LINE('',#2630,#463);
#315=LINE('',#2656,#464);
#316=LINE('',#2663,#465);
#317=LINE('',#2683,#466);
#318=LINE('',#2708,#467);
#319=LINE('',#2733,#468);
#320=LINE('',#2758,#469);
#321=LINE('',#2783,#470);
#322=LINE('',#2808,#471);
#323=LINE('',#2833,#472);
#324=LINE('',#2858,#473);
#325=LINE('',#2905,#474);
#326=LINE('',#2929,#475);
#327=LINE('',#2953,#476);
#328=LINE('',#2978,#477);
#329=LINE('',#3003,#478);
#330=LINE('',#3036,#479);
#331=LINE('',#3038,#480);
#332=LINE('',#3040,#481);
#333=LINE('',#3041,#482);
#334=LINE('',#3044,#483);
#335=LINE('',#3046,#484);
#336=LINE('',#3047,#485);
#337=LINE('',#3050,#486);
#338=LINE('',#3052,#487);
#339=LINE('',#3053,#488);
#340=LINE('',#3055,#489);
#341=LINE('',#3056,#490);
#342=LINE('',#3062,#491);
#343=LINE('',#3064,#492);
#344=LINE('',#3066,#493);
#345=LINE('',#3067,#494);
#346=LINE('',#3087,#495);
#347=LINE('',#3112,#496);
#348=LINE('',#3137,#497);
#349=LINE('',#3162,#498);
#350=LINE('',#3187,#499);
#351=LINE('',#3211,#500);
#352=LINE('',#3236,#501);
#353=LINE('',#3261,#502);
#354=LINE('',#3286,#503);
#355=LINE('',#3294,#504);
#356=LINE('',#3296,#505);
#357=LINE('',#3297,#506);
#358=LINE('',#3300,#507);
#359=LINE('',#3302,#508);
#360=LINE('',#3303,#509);
#361=LINE('',#3306,#510);
#362=LINE('',#3308,#511);
#363=LINE('',#3309,#512);
#364=LINE('',#3329,#513);
#365=LINE('',#3354,#514);
#366=LINE('',#3379,#515);
#367=LINE('',#3404,#516);
#368=LINE('',#3429,#517);
#369=LINE('',#3453,#518);
#370=LINE('',#3478,#519);
#371=LINE('',#3503,#520);
#372=LINE('',#3536,#521);
#373=LINE('',#3538,#522);
#374=LINE('',#3540,#523);
#375=LINE('',#3541,#524);
#376=LINE('',#3545,#525);
#377=LINE('',#3547,#526);
#378=LINE('',#3549,#527);
#379=LINE('',#3551,#528);
#380=LINE('',#3553,#529);
#381=LINE('',#3554,#530);
#382=LINE('',#3555,#531);
#383=LINE('',#3558,#532);
#384=LINE('',#3559,#533);
#385=LINE('',#3563,#534);
#386=LINE('',#3564,#535);
#387=LINE('',#3566,#536);
#388=LINE('',#3568,#537);
#389=LINE('',#3570,#538);
#390=LINE('',#3571,#539);
#391=LINE('',#3573,#540);
#392=LINE('',#3575,#541);
#393=LINE('',#3576,#542);
#394=LINE('',#3580,#543);
#395=LINE('',#3583,#544);
#396=LINE('',#3586,#545);
#397=LINE('',#3590,#546);
#398=LINE('',#3592,#547);
#399=LINE('',#3648,#548);
#400=LINE('',#3703,#549);
#401=LINE('',#3706,#550);
#402=LINE('',#3708,#551);
#403=LINE('',#3710,#552);
#404=LINE('',#3711,#553);
#405=LINE('',#3787,#554);
#406=LINE('',#3789,#555);
#407=LINE('',#3863,#556);
#408=LINE('',#3936,#557);
#409=LINE('',#3939,#558);
#410=LINE('',#3941,#559);
#411=LINE('',#3943,#560);
#412=LINE('',#3944,#561);
#413=LINE('',#4051,#562);
#414=LINE('',#4052,#563);
#415=LINE('',#4063,#564);
#416=LINE('',#4074,#565);
#417=LINE('',#4085,#566);
#418=LINE('',#4096,#567);
#419=LINE('',#4107,#568);
#420=LINE('',#4118,#569);
#421=LINE('',#4129,#570);
#422=LINE('',#4140,#571);
#423=LINE('',#4142,#572);
#424=LINE('',#4144,#573);
#425=LINE('',#4146,#574);
#426=LINE('',#4157,#575);
#427=LINE('',#4168,#576);
#428=LINE('',#4179,#577);
#429=LINE('',#4190,#578);
#430=LINE('',#4201,#579);
#431=LINE('',#4212,#580);
#432=LINE('',#4223,#581);
#433=LINE('',#4234,#582);
#434=LINE('',#4245,#583);
#435=LINE('',#4248,#584);
#436=LINE('',#4249,#585);
#437=LINE('',#4251,#586);
#438=LINE('',#4253,#587);
#439=LINE('',#4265,#588);
#440=LINE('',#4266,#589);
#441=LINE('',#4277,#590);
#442=LINE('',#4288,#591);
#443=LINE('',#4299,#592);
#444=LINE('',#4310,#593);
#445=LINE('',#4321,#594);
#446=LINE('',#4332,#595);
#447=LINE('',#4343,#596);
#448=LINE('',#4354,#597);
#449=LINE('',#4365,#598);
#450=LINE('',#4376,#599);
#451=VECTOR('',#2107,10.);
#452=VECTOR('',#2108,10.);
#453=VECTOR('',#2109,10.);
#454=VECTOR('',#2110,10.);
#455=VECTOR('',#2111,10.);
#456=VECTOR('',#2112,10.);
#457=VECTOR('',#2113,10.);
#458=VECTOR('',#2114,10.);
#459=VECTOR('',#2119,10.);
#460=VECTOR('',#2120,10.);
#461=VECTOR('',#2121,10.);
#462=VECTOR('',#2122,10.);
#463=VECTOR('',#2123,10.);
#464=VECTOR('',#2124,10.);
#465=VECTOR('',#2125,10.);
#466=VECTOR('',#2126,10.);
#467=VECTOR('',#2127,10.);
#468=VECTOR('',#2128,10.);
#469=VECTOR('',#2129,10.);
#470=VECTOR('',#2130,10.);
#471=VECTOR('',#2131,10.);
#472=VECTOR('',#2132,10.);
#473=VECTOR('',#2133,10.);
#474=VECTOR('',#2134,10.);
#475=VECTOR('',#2135,10.);
#476=VECTOR('',#2136,10.);
#477=VECTOR('',#2137,10.);
#478=VECTOR('',#2138,10.);
#479=VECTOR('',#2145,10.);
#480=VECTOR('',#2146,10.);
#481=VECTOR('',#2147,10.);
#482=VECTOR('',#2148,10.);
#483=VECTOR('',#2151,10.);
#484=VECTOR('',#2152,10.);
#485=VECTOR('',#2153,10.);
#486=VECTOR('',#2156,10.);
#487=VECTOR('',#2157,10.);
#488=VECTOR('',#2158,10.);
#489=VECTOR('',#2161,10.);
#490=VECTOR('',#2162,10.);
#491=VECTOR('',#2169,10.);
#492=VECTOR('',#2170,10.);
#493=VECTOR('',#2171,10.);
#494=VECTOR('',#2172,10.);
#495=VECTOR('',#2173,10.);
#496=VECTOR('',#2174,10.);
#497=VECTOR('',#2175,10.);
#498=VECTOR('',#2176,10.);
#499=VECTOR('',#2177,10.);
#500=VECTOR('',#2178,10.);
#501=VECTOR('',#2179,10.);
#502=VECTOR('',#2180,10.);
#503=VECTOR('',#2181,10.);
#504=VECTOR('',#2184,10.);
#505=VECTOR('',#2185,10.);
#506=VECTOR('',#2186,10.);
#507=VECTOR('',#2189,10.);
#508=VECTOR('',#2190,10.);
#509=VECTOR('',#2191,10.);
#510=VECTOR('',#2194,10.);
#511=VECTOR('',#2195,10.);
#512=VECTOR('',#2196,10.);
#513=VECTOR('',#2197,10.);
#514=VECTOR('',#2198,10.);
#515=VECTOR('',#2199,10.);
#516=VECTOR('',#2200,10.);
#517=VECTOR('',#2201,10.);
#518=VECTOR('',#2202,10.);
#519=VECTOR('',#2203,10.);
#520=VECTOR('',#2204,10.);
#521=VECTOR('',#2211,10.);
#522=VECTOR('',#2212,10.);
#523=VECTOR('',#2213,10.);
#524=VECTOR('',#2214,10.);
#525=VECTOR('',#2217,10.);
#526=VECTOR('',#2218,10.);
#527=VECTOR('',#2219,10.);
#528=VECTOR('',#2220,10.);
#529=VECTOR('',#2221,10.);
#530=VECTOR('',#2222,10.);
#531=VECTOR('',#2223,10.);
#532=VECTOR('',#2226,10.);
#533=VECTOR('',#2227,10.);
#534=VECTOR('',#2230,10.);
#535=VECTOR('',#2231,10.);
#536=VECTOR('',#2232,10.);
#537=VECTOR('',#2233,10.);
#538=VECTOR('',#2234,10.);
#539=VECTOR('',#2235,10.);
#540=VECTOR('',#2238,10.);
#541=VECTOR('',#2241,10.);
#542=VECTOR('',#2242,10.);
#543=VECTOR('',#2247,10.);
#544=VECTOR('',#2250,2.5);
#545=VECTOR('',#2255,10.);
#546=VECTOR('',#2258,10.);
#547=VECTOR('',#2259,10.);
#548=VECTOR('',#2260,10.);
#549=VECTOR('',#2261,10.);
#550=VECTOR('',#2262,10.);
#551=VECTOR('',#2263,10.);
#552=VECTOR('',#2264,10.);
#553=VECTOR('',#2265,10.);
#554=VECTOR('',#2268,10.);
#555=VECTOR('',#2269,10.);
#556=VECTOR('',#2270,10.);
#557=VECTOR('',#2271,10.);
#558=VECTOR('',#2272,10.);
#559=VECTOR('',#2273,10.);
#560=VECTOR('',#2274,10.);
#561=VECTOR('',#2275,10.);
#562=VECTOR('',#2276,10.);
#563=VECTOR('',#2277,10.);
#564=VECTOR('',#2278,10.);
#565=VECTOR('',#2279,10.);
#566=VECTOR('',#2280,10.);
#567=VECTOR('',#2281,10.);
#568=VECTOR('',#2282,10.);
#569=VECTOR('',#2283,10.);
#570=VECTOR('',#2284,10.);
#571=VECTOR('',#2285,10.);
#572=VECTOR('',#2288,10.);
#573=VECTOR('',#2291,10.);
#574=VECTOR('',#2294,10.);
#575=VECTOR('',#2295,10.);
#576=VECTOR('',#2296,10.);
#577=VECTOR('',#2297,10.);
#578=VECTOR('',#2298,10.);
#579=VECTOR('',#2299,10.);
#580=VECTOR('',#2300,10.);
#581=VECTOR('',#2301,10.);
#582=VECTOR('',#2302,10.);
#583=VECTOR('',#2303,10.);
#584=VECTOR('',#2308,10.);
#585=VECTOR('',#2309,10.);
#586=VECTOR('',#2312,10.);
#587=VECTOR('',#2315,10.);
#588=VECTOR('',#2318,10.);
#589=VECTOR('',#2319,10.);
#590=VECTOR('',#2320,10.);
#591=VECTOR('',#2321,10.);
#592=VECTOR('',#2322,10.);
#593=VECTOR('',#2323,10.);
#594=VECTOR('',#2324,10.);
#595=VECTOR('',#2325,10.);
#596=VECTOR('',#2326,10.);
#597=VECTOR('',#2327,10.);
#598=VECTOR('',#2328,10.);
#599=VECTOR('',#2329,10.);
#600=B_SPLINE_CURVE_WITH_KNOTS('',3,(#2343,#2344,#2345,#2346,#2347,#2348,
#2349),.UNSPECIFIED.,.F.,.F.,(4,3,4),(0.,0.216298322473045,0.352810841661945),
 .UNSPECIFIED.);
#601=B_SPLINE_CURVE_WITH_KNOTS('',3,(#2353,#2354,#2355,#2356,#2357),
 .UNSPECIFIED.,.F.,.F.,(4,1,4),(-0.336006008242764,-0.205995755633303,0.),
 .UNSPECIFIED.);
#602=B_SPLINE_CURVE_WITH_KNOTS('',3,(#2370,#2371,#2372,#2373,#2374,#2375,
#2376),.UNSPECIFIED.,.F.,.F.,(4,3,4),(0.,0.0925624184463162,0.177403261708095),
 .UNSPECIFIED.);
#603=B_SPLINE_CURVE_WITH_KNOTS('',3,(#2378,#2379,#2380,#2381,#2382),
 .UNSPECIFIED.,.F.,.F.,(4,1,4),(-0.170291808629417,-0.0888519269407369,
0.),.UNSPECIFIED.);
#604=B_SPLINE_CURVE_WITH_KNOTS('',3,(#2395,#2396,#2397,#2398,#2399,#2400,
#2401),.UNSPECIFIED.,.F.,.F.,(4,3,4),(0.,0.0840611328540506,0.169905127926709),
 .UNSPECIFIED.);
#605=B_SPLINE_CURVE_WITH_KNOTS('',3,(#2403,#2404,#2405,#2406,#2407),
 .UNSPECIFIED.,.F.,.F.,(4,1,4),(-0.157930495414354,-0.078136643188655,0.),
 .UNSPECIFIED.);
#606=B_SPLINE_CURVE_WITH_KNOTS('',3,(#2420,#2421,#2422,#2423,#2424,#2425,
#2426),.UNSPECIFIED.,.F.,.F.,(4,3,4),(0.,0.155630653532544,0.389446952389048),
 .UNSPECIFIED.);
#607=B_SPLINE_CURVE_WITH_KNOTS('',3,(#2428,#2429,#2430,#2431,#2432),
 .UNSPECIFIED.,.F.,.F.,(4,1,4),(-0.346684596116817,-0.138541975825829,0.),
 .UNSPECIFIED.);
#608=B_SPLINE_CURVE_WITH_KNOTS('',3,(#2445,#2446,#2447,#2448,#2449,#2450,
#2451),.UNSPECIFIED.,.F.,.F.,(4,3,4),(0.,0.215770040665881,0.3523152627486),
 .UNSPECIFIED.);
#609=B_SPLINE_CURVE_WITH_KNOTS('',3,(#2453,#2454,#2455,#2456,#2457),
 .UNSPECIFIED.,.F.,.F.,(4,1,4),(-0.335661090651214,-0.205570450211937,0.),
 .UNSPECIFIED.);
#610=B_SPLINE_CURVE_WITH_KNOTS('',3,(#2470,#2471,#2472,#2473,#2474,#2475,
#2476),.UNSPECIFIED.,.F.,.F.,(4,3,4),(0.,0.0925585956467848,0.176454972667841),
 .UNSPECIFIED.);
#611=B_SPLINE_CURVE_WITH_KNOTS('',3,(#2478,#2479,#2480,#2481,#2482),
 .UNSPECIFIED.,.F.,.F.,(4,1,4),(-0.169250676984269,-0.0887796174688742,
0.),.UNSPECIFIED.);
#612=B_SPLINE_CURVE_WITH_KNOTS('',3,(#2495,#2496,#2497,#2498,#2499,#2500,
#2501),.UNSPECIFIED.,.F.,.F.,(4,3,4),(0.,0.0896923115896992,0.188815291053348),
 .UNSPECIFIED.);
#613=B_SPLINE_CURVE_WITH_KNOTS('',3,(#2503,#2504,#2505,#2506,#2507),
 .UNSPECIFIED.,.F.,.F.,(4,1,4),(-0.169448749761436,-0.0804926866743731,
0.),.UNSPECIFIED.);
#614=B_SPLINE_CURVE_WITH_KNOTS('',3,(#2519,#2520,#2521,#2522,#2523,#2524,
#2525),.UNSPECIFIED.,.F.,.F.,(4,3,4),(0.,0.144928799226548,0.373331752904336),
 .UNSPECIFIED.);
#615=B_SPLINE_CURVE_WITH_KNOTS('',3,(#2526,#2527,#2528,#2529,#2530),
 .UNSPECIFIED.,.F.,.F.,(4,1,4),(-0.335316243028855,-0.130171034435911,0.),
 .UNSPECIFIED.);
#616=B_SPLINE_CURVE_WITH_KNOTS('',3,(#2545,#2546,#2547,#2548,#2549,#2550,
#2551),.UNSPECIFIED.,.F.,.F.,(4,3,4),(0.,0.216298322473045,0.352810841661945),
 .UNSPECIFIED.);
#617=B_SPLINE_CURVE_WITH_KNOTS('',3,(#2555,#2556,#2557,#2558,#2559),
 .UNSPECIFIED.,.F.,.F.,(4,1,4),(0.,0.205995755633303,0.336006008242764),
 .UNSPECIFIED.);
#618=B_SPLINE_CURVE_WITH_KNOTS('',3,(#2572,#2573,#2574,#2575,#2576,#2577,
#2578),.UNSPECIFIED.,.F.,.F.,(4,3,4),(0.,0.0925624184463162,0.177403261708095),
 .UNSPECIFIED.);
#619=B_SPLINE_CURVE_WITH_KNOTS('',3,(#2581,#2582,#2583,#2584,#2585),
 .UNSPECIFIED.,.F.,.F.,(4,1,4),(0.,0.0888519269407369,0.170291808629417),
 .UNSPECIFIED.);
#620=B_SPLINE_CURVE_WITH_KNOTS('',3,(#2597,#2598,#2599,#2600,#2601,#2602,
#2603),.UNSPECIFIED.,.F.,.F.,(4,3,4),(0.,0.084061132854047,0.169905127926702),
 .UNSPECIFIED.);
#621=B_SPLINE_CURVE_WITH_KNOTS('',3,(#2606,#2607,#2608,#2609,#2610),
 .UNSPECIFIED.,.F.,.F.,(4,1,4),(0.,0.078136643188655,0.157930495414354),
 .UNSPECIFIED.);
#622=B_SPLINE_CURVE_WITH_KNOTS('',3,(#2622,#2623,#2624,#2625,#2626,#2627,
#2628),.UNSPECIFIED.,.F.,.F.,(4,3,4),(0.,0.155630653532544,0.389446952389048),
 .UNSPECIFIED.);
#623=B_SPLINE_CURVE_WITH_KNOTS('',3,(#2631,#2632,#2633,#2634,#2635),
 .UNSPECIFIED.,.F.,.F.,(4,1,4),(0.,0.138541975825829,0.346684596116817),
 .UNSPECIFIED.);
#624=B_SPLINE_CURVE_WITH_KNOTS('',3,(#2648,#2649,#2650,#2651,#2652,#2653,
#2654),.UNSPECIFIED.,.F.,.F.,(4,3,4),(0.,0.117060587012321,0.266972895191562),
 .UNSPECIFIED.);
#625=B_SPLINE_CURVE_WITH_KNOTS('',3,(#2658,#2659,#2660,#2661,#2662),
 .UNSPECIFIED.,.F.,.F.,(4,1,4),(0.,0.104291668902067,0.237851607460451),
 .UNSPECIFIED.);
#626=B_SPLINE_CURVE_WITH_KNOTS('',3,(#2675,#2676,#2677,#2678,#2679,#2680,
#2681),.UNSPECIFIED.,.F.,.F.,(4,3,4),(0.,0.161525366448276,0.2913218231318),
 .UNSPECIFIED.);
#627=B_SPLINE_CURVE_WITH_KNOTS('',3,(#2684,#2685,#2686,#2687,#2688),
 .UNSPECIFIED.,.F.,.F.,(4,1,4),(0.,0.159277775532396,0.287268142291038),
 .UNSPECIFIED.);
#628=B_SPLINE_CURVE_WITH_KNOTS('',3,(#2700,#2701,#2702,#2703,#2704,#2705,
#2706),.UNSPECIFIED.,.F.,.F.,(4,3,4),(0.,0.107604307625785,0.204254819902263),
 .UNSPECIFIED.);
#629=B_SPLINE_CURVE_WITH_KNOTS('',3,(#2709,#2710,#2711,#2712,#2713),
 .UNSPECIFIED.,.F.,.F.,(4,1,4),(0.,0.105922758671558,0.201062898627169),
 .UNSPECIFIED.);
#630=B_SPLINE_CURVE_WITH_KNOTS('',3,(#2725,#2726,#2727,#2728,#2729,#2730,
#2731),.UNSPECIFIED.,.F.,.F.,(4,3,4),(0.,0.100962391198289,0.21146721769926),
 .UNSPECIFIED.);
#631=B_SPLINE_CURVE_WITH_KNOTS('',3,(#2734,#2735,#2736,#2737,#2738),
 .UNSPECIFIED.,.F.,.F.,(4,1,4),(0.,0.0926770739647712,0.194113498533806),
 .UNSPECIFIED.);
#632=B_SPLINE_CURVE_WITH_KNOTS('',3,(#2750,#2751,#2752,#2753,#2754,#2755,
#2756),.UNSPECIFIED.,.F.,.F.,(4,3,4),(0.,0.136316762272658,0.265881963630682),
 .UNSPECIFIED.);
#633=B_SPLINE_CURVE_WITH_KNOTS('',3,(#2759,#2760,#2761,#2762,#2763),
 .UNSPECIFIED.,.F.,.F.,(4,1,4),(0.,0.131669362589219,0.256817342867918),
 .UNSPECIFIED.);
#634=B_SPLINE_CURVE_WITH_KNOTS('',3,(#2775,#2776,#2777,#2778,#2779,#2780,
#2781),.UNSPECIFIED.,.F.,.F.,(4,3,4),(0.,0.204841544390936,0.482167833495801),
 .UNSPECIFIED.);
#635=B_SPLINE_CURVE_WITH_KNOTS('',3,(#2784,#2785,#2786,#2787,#2788),
 .UNSPECIFIED.,.F.,.F.,(4,1,4),(0.,0.180044075966027,0.423798123082955),
 .UNSPECIFIED.);
#636=B_SPLINE_CURVE_WITH_KNOTS('',3,(#2800,#2801,#2802,#2803,#2804,#2805,
#2806),.UNSPECIFIED.,.F.,.F.,(4,3,4),(0.,0.215770040665881,0.3523152627486),
 .UNSPECIFIED.);
#637=B_SPLINE_CURVE_WITH_KNOTS('',3,(#2809,#2810,#2811,#2812,#2813),
 .UNSPECIFIED.,.F.,.F.,(4,1,4),(0.,0.205570450211937,0.335661090651214),
 .UNSPECIFIED.);
#638=B_SPLINE_CURVE_WITH_KNOTS('',3,(#2825,#2826,#2827,#2828,#2829,#2830,
#2831),.UNSPECIFIED.,.F.,.F.,(4,3,4),(0.,0.0925585956467848,0.176454972667841),
 .UNSPECIFIED.);
#639=B_SPLINE_CURVE_WITH_KNOTS('',3,(#2834,#2835,#2836,#2837,#2838),
 .UNSPECIFIED.,.F.,.F.,(4,1,4),(0.,0.0887796174688742,0.169250676984269),
 .UNSPECIFIED.);
#640=B_SPLINE_CURVE_WITH_KNOTS('',3,(#2850,#2851,#2852,#2853,#2854,#2855,
#2856),.UNSPECIFIED.,.F.,.F.,(4,3,4),(0.,0.0896923115896992,0.188815291053348),
 .UNSPECIFIED.);
#641=B_SPLINE_CURVE_WITH_KNOTS('',3,(#2859,#2860,#2861,#2862,#2863),
 .UNSPECIFIED.,.F.,.F.,(4,1,4),(0.,0.0804926866743731,0.169448749761436),
 .UNSPECIFIED.);
#642=B_SPLINE_CURVE_WITH_KNOTS('',3,(#2874,#2875,#2876,#2877,#2878,#2879,
#2880),.UNSPECIFIED.,.F.,.F.,(4,3,4),(0.,0.144928799226548,0.373331752904336),
 .UNSPECIFIED.);
#643=B_SPLINE_CURVE_WITH_KNOTS('',3,(#2881,#2882,#2883,#2884,#2885),
 .UNSPECIFIED.,.F.,.F.,(4,1,4),(0.,0.130171034435911,0.335316243028855),
 .UNSPECIFIED.);
#644=B_SPLINE_CURVE_WITH_KNOTS('',3,(#2897,#2898,#2899,#2900,#2901,#2902,
#2903),.UNSPECIFIED.,.F.,.F.,(4,3,4),(0.,0.162622748137549,0.292857472849945),
 .UNSPECIFIED.);
#645=B_SPLINE_CURVE_WITH_KNOTS('',3,(#2906,#2907,#2908,#2909,#2910),
 .UNSPECIFIED.,.F.,.F.,(4,1,4),(0.,0.160304205420918,0.288682149480591),
 .UNSPECIFIED.);
#646=B_SPLINE_CURVE_WITH_KNOTS('',3,(#2922,#2923,#2924,#2925,#2926,#2927),
 .UNSPECIFIED.,.F.,.F.,(4,2,4),(0.,0.101811427750147,0.204167973792039),
 .UNSPECIFIED.);
#647=B_SPLINE_CURVE_WITH_KNOTS('',3,(#2930,#2931,#2932,#2933,#2934),
 .UNSPECIFIED.,.F.,.F.,(4,1,4),(0.,0.105954942234015,0.200960170287891),
 .UNSPECIFIED.);
#648=B_SPLINE_CURVE_WITH_KNOTS('',3,(#2946,#2947,#2948,#2949,#2950,#2951),
 .UNSPECIFIED.,.F.,.F.,(4,2,4),(0.,0.105352479563053,0.210330793932293),
 .UNSPECIFIED.);
#649=B_SPLINE_CURVE_WITH_KNOTS('',3,(#2954,#2955,#2956,#2957,#2958),
 .UNSPECIFIED.,.F.,.F.,(4,1,4),(0.,0.0924050051278769,0.193322930651753),
 .UNSPECIFIED.);
#650=B_SPLINE_CURVE_WITH_KNOTS('',3,(#2970,#2971,#2972,#2973,#2974,#2975,
#2976),.UNSPECIFIED.,.F.,.F.,(4,3,4),(0.,0.0768540691945171,0.147668196345527),
 .UNSPECIFIED.);
#651=B_SPLINE_CURVE_WITH_KNOTS('',3,(#2979,#2980,#2981,#2982,#2983),
 .UNSPECIFIED.,.F.,.F.,(4,1,4),(0.,0.0759788126199147,0.145986469391239),
 .UNSPECIFIED.);
#652=B_SPLINE_CURVE_WITH_KNOTS('',3,(#2995,#2996,#2997,#2998,#2999,#3000,
#3001),.UNSPECIFIED.,.F.,.F.,(4,3,4),(0.,0.0706275241940652,0.143344816641465),
 .UNSPECIFIED.);
#653=B_SPLINE_CURVE_WITH_KNOTS('',3,(#3004,#3005,#3006,#3007,#3008),
 .UNSPECIFIED.,.F.,.F.,(4,1,4),(0.,0.0680953743457991,0.138205594222864),
 .UNSPECIFIED.);
#654=B_SPLINE_CURVE_WITH_KNOTS('',3,(#3019,#3020,#3021,#3022,#3023,#3024,
#3025),.UNSPECIFIED.,.F.,.F.,(4,3,4),(0.,0.0828712788056795,0.175468986044962),
 .UNSPECIFIED.);
#655=B_SPLINE_CURVE_WITH_KNOTS('',3,(#3026,#3027,#3028,#3029,#3030),
 .UNSPECIFIED.,.F.,.F.,(4,1,4),(0.,0.0763515214853463,0.161664261142133),
 .UNSPECIFIED.);
#656=B_SPLINE_CURVE_WITH_KNOTS('',3,(#3079,#3080,#3081,#3082,#3083,#3084,
#3085),.UNSPECIFIED.,.F.,.F.,(4,3,4),(0.,0.131863446633232,0.247764572444431),
 .UNSPECIFIED.);
#657=B_SPLINE_CURVE_WITH_KNOTS('',3,(#3088,#3089,#3090,#3091,#3092),
 .UNSPECIFIED.,.F.,.F.,(4,1,4),(0.,0.128175131019178,0.240834418831065),
 .UNSPECIFIED.);
#658=B_SPLINE_CURVE_WITH_KNOTS('',3,(#3104,#3105,#3106,#3107,#3108,#3109,
#3110),.UNSPECIFIED.,.F.,.F.,(4,3,4),(0.,0.126187732424755,0.269965084015379),
 .UNSPECIFIED.);
#659=B_SPLINE_CURVE_WITH_KNOTS('',3,(#3113,#3114,#3115,#3116,#3117),
 .UNSPECIFIED.,.F.,.F.,(4,1,4),(0.,0.113568647014716,0.242967907764909),
 .UNSPECIFIED.);
#660=B_SPLINE_CURVE_WITH_KNOTS('',3,(#3129,#3130,#3131,#3132,#3133,#3134,
#3135),.UNSPECIFIED.,.F.,.F.,(4,3,4),(0.,0.134147094790417,0.253027528295927),
 .UNSPECIFIED.);
#661=B_SPLINE_CURVE_WITH_KNOTS('',3,(#3138,#3139,#3140,#3141,#3142),
 .UNSPECIFIED.,.F.,.F.,(4,1,4),(0.,0.13045702997376,0.246067347896424),
 .UNSPECIFIED.);
#662=B_SPLINE_CURVE_WITH_KNOTS('',3,(#3154,#3155,#3156,#3157,#3158,#3159,
#3160),.UNSPECIFIED.,.F.,.F.,(4,3,4),(0.,0.113402721854848,0.228025905258478),
 .UNSPECIFIED.);
#663=B_SPLINE_CURVE_WITH_KNOTS('',3,(#3163,#3164,#3165,#3166,#3167),
 .UNSPECIFIED.,.F.,.F.,(4,1,4),(0.,0.109291846423887,0.219759912377377),
 .UNSPECIFIED.);
#664=B_SPLINE_CURVE_WITH_KNOTS('',3,(#3179,#3180,#3181,#3182,#3183,#3184,
#3185),.UNSPECIFIED.,.F.,.F.,(4,3,4),(0.,0.0615913175071152,0.124718569667042),
 .UNSPECIFIED.);
#665=B_SPLINE_CURVE_WITH_KNOTS('',3,(#3188,#3189,#3190,#3191,#3192),
 .UNSPECIFIED.,.F.,.F.,(4,1,4),(0.,0.0598314801593059,0.121155008994061),
 .UNSPECIFIED.);
#666=B_SPLINE_CURVE_WITH_KNOTS('',3,(#3204,#3205,#3206,#3207,#3208,#3209),
 .UNSPECIFIED.,.F.,.F.,(4,2,4),(0.,0.0817642433048858,0.162673695621781),
 .UNSPECIFIED.);
#667=B_SPLINE_CURVE_WITH_KNOTS('',3,(#3212,#3213,#3214,#3215,#3216),
 .UNSPECIFIED.,.F.,.F.,(4,1,4),(0.,0.0678866255765862,0.147284119637258),
 .UNSPECIFIED.);
#668=B_SPLINE_CURVE_WITH_KNOTS('',3,(#3228,#3229,#3230,#3231,#3232,#3233,
#3234),.UNSPECIFIED.,.F.,.F.,(4,3,4),(0.,0.120462752339206,0.290100882373002),
 .UNSPECIFIED.);
#669=B_SPLINE_CURVE_WITH_KNOTS('',3,(#3237,#3238,#3239,#3240,#3241),
 .UNSPECIFIED.,.F.,.F.,(4,1,4),(0.,0.107380554824056,0.258596064752394),
 .UNSPECIFIED.);
#670=B_SPLINE_CURVE_WITH_KNOTS('',3,(#3253,#3254,#3255,#3256,#3257,#3258,
#3259),.UNSPECIFIED.,.F.,.F.,(4,3,4),(0.,0.124924573371084,0.198236948074726),
 .UNSPECIFIED.);
#671=B_SPLINE_CURVE_WITH_KNOTS('',3,(#3262,#3263,#3264,#3265,#3266),
 .UNSPECIFIED.,.F.,.F.,(4,1,4),(0.,0.119544851652049,0.189700119920788),
 .UNSPECIFIED.);
#672=B_SPLINE_CURVE_WITH_KNOTS('',3,(#3278,#3279,#3280,#3281,#3282,#3283,
#3284),.UNSPECIFIED.,.F.,.F.,(4,3,4),(0.,0.0439659817446132,0.0847058456201638),
 .UNSPECIFIED.);
#673=B_SPLINE_CURVE_WITH_KNOTS('',3,(#3287,#3288,#3289,#3290,#3291),
 .UNSPECIFIED.,.F.,.F.,(4,1,4),(0.,0.0438285355384425,0.0844410386794566),
 .UNSPECIFIED.);
#674=B_SPLINE_CURVE_WITH_KNOTS('',3,(#3321,#3322,#3323,#3324,#3325,#3326,
#3327),.UNSPECIFIED.,.F.,.F.,(4,3,4),(0.,0.0438552320885586,0.0874410761788131),
 .UNSPECIFIED.);
#675=B_SPLINE_CURVE_WITH_KNOTS('',3,(#3330,#3331,#3332,#3333,#3334),
 .UNSPECIFIED.,.F.,.F.,(4,1,4),(0.,0.0435821716154077,0.0868966325515169),
 .UNSPECIFIED.);
#676=B_SPLINE_CURVE_WITH_KNOTS('',3,(#3346,#3347,#3348,#3349,#3350,#3351,
#3352),.UNSPECIFIED.,.F.,.F.,(4,3,4),(0.,0.0801798915779682,0.167860537895766),
 .UNSPECIFIED.);
#677=B_SPLINE_CURVE_WITH_KNOTS('',3,(#3355,#3356,#3357,#3358,#3359),
 .UNSPECIFIED.,.F.,.F.,(4,1,4),(0.,0.0746270667227803,0.156235426553149),
 .UNSPECIFIED.);
#678=B_SPLINE_CURVE_WITH_KNOTS('',3,(#3371,#3372,#3373,#3374,#3375,#3376,
#3377),.UNSPECIFIED.,.F.,.F.,(4,3,4),(0.,0.109637114209077,0.247231419753848),
 .UNSPECIFIED.);
#679=B_SPLINE_CURVE_WITH_KNOTS('',3,(#3380,#3381,#3382,#3383,#3384),
 .UNSPECIFIED.,.F.,.F.,(4,1,4),(0.,0.0979926326470873,0.220973142804143),
 .UNSPECIFIED.);
#680=B_SPLINE_CURVE_WITH_KNOTS('',3,(#3396,#3397,#3398,#3399,#3400,#3401,
#3402),.UNSPECIFIED.,.F.,.F.,(4,3,4),(0.,0.186770498602453,0.314650710294764),
 .UNSPECIFIED.);
#681=B_SPLINE_CURVE_WITH_KNOTS('',3,(#3405,#3406,#3407,#3408,#3409),
 .UNSPECIFIED.,.F.,.F.,(4,1,4),(0.,0.181687236337187,0.306086980506877),
 .UNSPECIFIED.);
#682=B_SPLINE_CURVE_WITH_KNOTS('',3,(#3421,#3422,#3423,#3424,#3425,#3426,
#3427),.UNSPECIFIED.,.F.,.F.,(4,3,4),(0.,0.0893701611481778,0.164243273136209),
 .UNSPECIFIED.);
#683=B_SPLINE_CURVE_WITH_KNOTS('',3,(#3430,#3431,#3432,#3433,#3434),
 .UNSPECIFIED.,.F.,.F.,(4,1,4),(0.,0.0872841848397512,0.160409694096192),
 .UNSPECIFIED.);
#684=B_SPLINE_CURVE_WITH_KNOTS('',3,(#3446,#3447,#3448,#3449,#3450,#3451),
 .UNSPECIFIED.,.F.,.F.,(4,2,4),(0.,0.0701974833487419,0.140395785114713),
 .UNSPECIFIED.);
#685=B_SPLINE_CURVE_WITH_KNOTS('',3,(#3454,#3455,#3456,#3457,#3458),
 .UNSPECIFIED.,.F.,.F.,(4,1,4),(0.,0.0685280859631162,0.136725262648532),
 .UNSPECIFIED.);
#686=B_SPLINE_CURVE_WITH_KNOTS('',3,(#3470,#3471,#3472,#3473,#3474,#3475,
#3476),.UNSPECIFIED.,.F.,.F.,(4,3,4),(0.,0.0772639496780595,0.16116902146283),
 .UNSPECIFIED.);
#687=B_SPLINE_CURVE_WITH_KNOTS('',3,(#3479,#3480,#3481,#3482,#3483),
 .UNSPECIFIED.,.F.,.F.,(4,1,4),(0.,0.0709045315361135,0.147903569679934),
 .UNSPECIFIED.);
#688=B_SPLINE_CURVE_WITH_KNOTS('',3,(#3495,#3496,#3497,#3498,#3499,#3500,
#3501),.UNSPECIFIED.,.F.,.F.,(4,3,4),(0.,0.0832141564744338,0.159109481751325),
 .UNSPECIFIED.);
#689=B_SPLINE_CURVE_WITH_KNOTS('',3,(#3504,#3505,#3506,#3507,#3508),
 .UNSPECIFIED.,.F.,.F.,(4,1,4),(0.,0.0809098816799872,0.15470359717723),
 .UNSPECIFIED.);
#690=B_SPLINE_CURVE_WITH_KNOTS('',3,(#3519,#3520,#3521,#3522,#3523,#3524,
#3525),.UNSPECIFIED.,.F.,.F.,(4,3,4),(0.,0.0834821962344666,0.178084862567399),
 .UNSPECIFIED.);
#691=B_SPLINE_CURVE_WITH_KNOTS('',3,(#3526,#3527,#3528,#3529,#3530),
 .UNSPECIFIED.,.F.,.F.,(4,1,4),(0.,0.0750358608106558,0.160067074931304),
 .UNSPECIFIED.);
#692=B_SPLINE_CURVE_WITH_KNOTS('',3,(#3594,#3595,#3596,#3597,#3598),
 .UNSPECIFIED.,.F.,.F.,(4,1,4),(-0.0844410386794566,-0.0438285355384425,
0.),.UNSPECIFIED.);
#693=B_SPLINE_CURVE_WITH_KNOTS('',3,(#3600,#3601,#3602,#3603,#3604),
 .UNSPECIFIED.,.F.,.F.,(4,1,4),(-0.189700119920788,-0.119544851652049,0.),
 .UNSPECIFIED.);
#694=B_SPLINE_CURVE_WITH_KNOTS('',3,(#3606,#3607,#3608,#3609,#3610),
 .UNSPECIFIED.,.F.,.F.,(4,1,4),(-0.258596064752394,-0.107380554824056,0.),
 .UNSPECIFIED.);
#695=B_SPLINE_CURVE_WITH_KNOTS('',3,(#3612,#3613,#3614,#3615,#3616),
 .UNSPECIFIED.,.F.,.F.,(4,1,4),(-0.147284119637258,-0.0678866255765862,
0.),.UNSPECIFIED.);
#696=B_SPLINE_CURVE_WITH_KNOTS('',3,(#3618,#3619,#3620,#3621,#3622),
 .UNSPECIFIED.,.F.,.F.,(4,1,4),(-0.121155008994061,-0.0598314801593059,
0.),.UNSPECIFIED.);
#697=B_SPLINE_CURVE_WITH_KNOTS('',3,(#3624,#3625,#3626,#3627,#3628),
 .UNSPECIFIED.,.F.,.F.,(4,1,4),(-0.219759912377377,-0.109291846423887,0.),
 .UNSPECIFIED.);
#698=B_SPLINE_CURVE_WITH_KNOTS('',3,(#3630,#3631,#3632,#3633,#3634),
 .UNSPECIFIED.,.F.,.F.,(4,1,4),(-0.246067347896424,-0.13045702997376,0.),
 .UNSPECIFIED.);
#699=B_SPLINE_CURVE_WITH_KNOTS('',3,(#3636,#3637,#3638,#3639,#3640),
 .UNSPECIFIED.,.F.,.F.,(4,1,4),(-0.242967907764909,-0.113568647014716,0.),
 .UNSPECIFIED.);
#700=B_SPLINE_CURVE_WITH_KNOTS('',3,(#3642,#3643,#3644,#3645,#3646),
 .UNSPECIFIED.,.F.,.F.,(4,1,4),(-0.240834418831065,-0.128175131019178,0.),
 .UNSPECIFIED.);
#701=B_SPLINE_CURVE_WITH_KNOTS('',3,(#3650,#3651,#3652,#3653,#3654),
 .UNSPECIFIED.,.F.,.F.,(4,1,4),(-0.160067074931304,-0.0750358608106558,
0.),.UNSPECIFIED.);
#702=B_SPLINE_CURVE_WITH_KNOTS('',3,(#3656,#3657,#3658,#3659,#3660),
 .UNSPECIFIED.,.F.,.F.,(4,1,4),(-0.15470359717723,-0.0809098816799872,0.),
 .UNSPECIFIED.);
#703=B_SPLINE_CURVE_WITH_KNOTS('',3,(#3662,#3663,#3664,#3665,#3666),
 .UNSPECIFIED.,.F.,.F.,(4,1,4),(-0.147903569679934,-0.0709045315361135,
0.),.UNSPECIFIED.);
#704=B_SPLINE_CURVE_WITH_KNOTS('',3,(#3668,#3669,#3670,#3671,#3672),
 .UNSPECIFIED.,.F.,.F.,(4,1,4),(-0.136725262648532,-0.0685280859631162,
0.),.UNSPECIFIED.);
#705=B_SPLINE_CURVE_WITH_KNOTS('',3,(#3674,#3675,#3676,#3677,#3678),
 .UNSPECIFIED.,.F.,.F.,(4,1,4),(-0.160409694096192,-0.0872841848397512,
0.),.UNSPECIFIED.);
#706=B_SPLINE_CURVE_WITH_KNOTS('',3,(#3680,#3681,#3682,#3683,#3684),
 .UNSPECIFIED.,.F.,.F.,(4,1,4),(-0.306086980506877,-0.181687236337187,0.),
 .UNSPECIFIED.);
#707=B_SPLINE_CURVE_WITH_KNOTS('',3,(#3686,#3687,#3688,#3689,#3690),
 .UNSPECIFIED.,.F.,.F.,(4,1,4),(-0.220973142804143,-0.0979926326470873,
0.),.UNSPECIFIED.);
#708=B_SPLINE_CURVE_WITH_KNOTS('',3,(#3692,#3693,#3694,#3695,#3696),
 .UNSPECIFIED.,.F.,.F.,(4,1,4),(-0.156235426553149,-0.0746270667227803,
0.),.UNSPECIFIED.);
#709=B_SPLINE_CURVE_WITH_KNOTS('',3,(#3698,#3699,#3700,#3701,#3702),
 .UNSPECIFIED.,.F.,.F.,(4,1,4),(-0.0868966325515169,-0.0435821716154077,
0.),.UNSPECIFIED.);
#710=B_SPLINE_CURVE_WITH_KNOTS('',3,(#3714,#3715,#3716,#3717,#3718),
 .UNSPECIFIED.,.F.,.F.,(4,1,4),(-0.288682149480591,-0.160304205420918,0.),
 .UNSPECIFIED.);
#711=B_SPLINE_CURVE_WITH_KNOTS('',3,(#3720,#3721,#3722,#3723,#3724),
 .UNSPECIFIED.,.F.,.F.,(4,1,4),(-0.423798123082955,-0.180044075966027,0.),
 .UNSPECIFIED.);
#712=B_SPLINE_CURVE_WITH_KNOTS('',3,(#3726,#3727,#3728,#3729,#3730),
 .UNSPECIFIED.,.F.,.F.,(4,1,4),(-0.256817342867918,-0.131669362589219,0.),
 .UNSPECIFIED.);
#713=B_SPLINE_CURVE_WITH_KNOTS('',3,(#3732,#3733,#3734,#3735,#3736),
 .UNSPECIFIED.,.F.,.F.,(4,1,4),(-0.194113498533806,-0.0926770739647712,
0.),.UNSPECIFIED.);
#714=B_SPLINE_CURVE_WITH_KNOTS('',3,(#3738,#3739,#3740,#3741,#3742),
 .UNSPECIFIED.,.F.,.F.,(4,1,4),(-0.201062898627169,-0.105922758671558,0.),
 .UNSPECIFIED.);
#715=B_SPLINE_CURVE_WITH_KNOTS('',3,(#3744,#3745,#3746,#3747,#3748),
 .UNSPECIFIED.,.F.,.F.,(4,1,4),(-0.287268142291038,-0.159277775532396,0.),
 .UNSPECIFIED.);
#716=B_SPLINE_CURVE_WITH_KNOTS('',3,(#3750,#3751,#3752,#3753,#3754),
 .UNSPECIFIED.,.F.,.F.,(4,1,4),(-0.237851607460451,-0.104291668902067,0.),
 .UNSPECIFIED.);
#717=B_SPLINE_CURVE_WITH_KNOTS('',3,(#3756,#3757,#3758,#3759,#3760),
 .UNSPECIFIED.,.F.,.F.,(4,1,4),(-0.161664261142133,-0.0763515214853463,
0.),.UNSPECIFIED.);
#718=B_SPLINE_CURVE_WITH_KNOTS('',3,(#3762,#3763,#3764,#3765,#3766),
 .UNSPECIFIED.,.F.,.F.,(4,1,4),(-0.138205594222864,-0.0680953743457991,
0.),.UNSPECIFIED.);
#719=B_SPLINE_CURVE_WITH_KNOTS('',3,(#3768,#3769,#3770,#3771,#3772),
 .UNSPECIFIED.,.F.,.F.,(4,1,4),(-0.145986469391239,-0.0759788126199147,
0.),.UNSPECIFIED.);
#720=B_SPLINE_CURVE_WITH_KNOTS('',3,(#3774,#3775,#3776,#3777,#3778),
 .UNSPECIFIED.,.F.,.F.,(4,1,4),(-0.193322930651753,-0.0924050051278769,
0.),.UNSPECIFIED.);
#721=B_SPLINE_CURVE_WITH_KNOTS('',3,(#3779,#3780,#3781,#3782,#3783),
 .UNSPECIFIED.,.F.,.F.,(4,1,4),(-0.200960170287891,-0.105954942234015,0.),
 .UNSPECIFIED.);
#722=B_SPLINE_CURVE_WITH_KNOTS('',3,(#3791,#3792,#3793,#3794,#3795,#3796,
#3797),.UNSPECIFIED.,.F.,.F.,(4,3,4),(0.,0.0438552320885586,0.0874410761788131),
 .UNSPECIFIED.);
#723=B_SPLINE_CURVE_WITH_KNOTS('',3,(#3799,#3800,#3801,#3802,#3803,#3804,
#3805),.UNSPECIFIED.,.F.,.F.,(4,3,4),(0.,0.0801798915779682,0.167860537895766),
 .UNSPECIFIED.);
#724=B_SPLINE_CURVE_WITH_KNOTS('',3,(#3807,#3808,#3809,#3810,#3811,#3812,
#3813),.UNSPECIFIED.,.F.,.F.,(4,3,4),(0.,0.10963711420908,0.247231419753852),
 .UNSPECIFIED.);
#725=B_SPLINE_CURVE_WITH_KNOTS('',3,(#3815,#3816,#3817,#3818,#3819,#3820,
#3821),.UNSPECIFIED.,.F.,.F.,(4,3,4),(0.,0.186770498602453,0.314650710294764),
 .UNSPECIFIED.);
#726=B_SPLINE_CURVE_WITH_KNOTS('',3,(#3823,#3824,#3825,#3826,#3827,#3828,
#3829),.UNSPECIFIED.,.F.,.F.,(4,3,4),(0.,0.0893701611481778,0.164243273136209),
 .UNSPECIFIED.);
#727=B_SPLINE_CURVE_WITH_KNOTS('',3,(#3831,#3832,#3833,#3834,#3835,#3836,
#3837),.UNSPECIFIED.,.F.,.F.,(4,3,4),(0.,0.0703677889866796,0.140395785114713),
 .UNSPECIFIED.);
#728=B_SPLINE_CURVE_WITH_KNOTS('',3,(#3839,#3840,#3841,#3842,#3843,#3844,
#3845),.UNSPECIFIED.,.F.,.F.,(4,3,4),(0.,0.0772639496780595,0.16116902146283),
 .UNSPECIFIED.);
#729=B_SPLINE_CURVE_WITH_KNOTS('',3,(#3847,#3848,#3849,#3850,#3851,#3852,
#3853),.UNSPECIFIED.,.F.,.F.,(4,3,4),(0.,0.0832141564744338,0.159109481751325),
 .UNSPECIFIED.);
#730=B_SPLINE_CURVE_WITH_KNOTS('',3,(#3855,#3856,#3857,#3858,#3859,#3860,
#3861),.UNSPECIFIED.,.F.,.F.,(4,3,4),(0.,0.0834821962344666,0.178084862567399),
 .UNSPECIFIED.);
#731=B_SPLINE_CURVE_WITH_KNOTS('',3,(#3865,#3866,#3867,#3868,#3869,#3870,
#3871),.UNSPECIFIED.,.F.,.F.,(4,3,4),(0.,0.131863446633232,0.247764572444431),
 .UNSPECIFIED.);
#732=B_SPLINE_CURVE_WITH_KNOTS('',3,(#3873,#3874,#3875,#3876,#3877,#3878,
#3879),.UNSPECIFIED.,.F.,.F.,(4,3,4),(0.,0.126187732424755,0.269965084015379),
 .UNSPECIFIED.);
#733=B_SPLINE_CURVE_WITH_KNOTS('',3,(#3881,#3882,#3883,#3884,#3885,#3886,
#3887),.UNSPECIFIED.,.F.,.F.,(4,3,4),(0.,0.134147094790417,0.253027528295927),
 .UNSPECIFIED.);
#734=B_SPLINE_CURVE_WITH_KNOTS('',3,(#3889,#3890,#3891,#3892,#3893,#3894,
#3895),.UNSPECIFIED.,.F.,.F.,(4,3,4),(0.,0.113402721854848,0.228025905258478),
 .UNSPECIFIED.);
#735=B_SPLINE_CURVE_WITH_KNOTS('',3,(#3897,#3898,#3899,#3900,#3901,#3902,
#3903),.UNSPECIFIED.,.F.,.F.,(4,3,4),(0.,0.0615913175071152,0.124718569667042),
 .UNSPECIFIED.);
#736=B_SPLINE_CURVE_WITH_KNOTS('',3,(#3905,#3906,#3907,#3908,#3909,#3910,
#3911),.UNSPECIFIED.,.F.,.F.,(4,3,4),(0.,0.0749800337811965,0.162673695621781),
 .UNSPECIFIED.);
#737=B_SPLINE_CURVE_WITH_KNOTS('',3,(#3913,#3914,#3915,#3916,#3917,#3918,
#3919),.UNSPECIFIED.,.F.,.F.,(4,3,4),(0.,0.120462752339206,0.290100882373002),
 .UNSPECIFIED.);
#738=B_SPLINE_CURVE_WITH_KNOTS('',3,(#3921,#3922,#3923,#3924,#3925,#3926,
#3927),.UNSPECIFIED.,.F.,.F.,(4,3,4),(0.,0.124924573371084,0.198236948074726),
 .UNSPECIFIED.);
#739=B_SPLINE_CURVE_WITH_KNOTS('',3,(#3929,#3930,#3931,#3932,#3933,#3934,
#3935),.UNSPECIFIED.,.F.,.F.,(4,3,4),(0.,0.0439659817446132,0.0847058456201638),
 .UNSPECIFIED.);
#740=B_SPLINE_CURVE_WITH_KNOTS('',3,(#3947,#3948,#3949,#3950,#3951,#3952,
#3953),.UNSPECIFIED.,.F.,.F.,(4,3,4),(0.,0.162622748137549,0.292857472849945),
 .UNSPECIFIED.);
#741=B_SPLINE_CURVE_WITH_KNOTS('',3,(#3955,#3956,#3957,#3958,#3959,#3960,
#3961),.UNSPECIFIED.,.F.,.F.,(4,3,4),(0.,0.107646235759957,0.204167973792039),
 .UNSPECIFIED.);
#742=B_SPLINE_CURVE_WITH_KNOTS('',3,(#3963,#3964,#3965,#3966,#3967,#3968,
#3969),.UNSPECIFIED.,.F.,.F.,(4,3,4),(0.,0.100534468551352,0.210330793932293),
 .UNSPECIFIED.);
#743=B_SPLINE_CURVE_WITH_KNOTS('',3,(#3971,#3972,#3973,#3974,#3975,#3976,
#3977),.UNSPECIFIED.,.F.,.F.,(4,3,4),(0.,0.0768540691945223,0.147668196345537),
 .UNSPECIFIED.);
#744=B_SPLINE_CURVE_WITH_KNOTS('',3,(#3979,#3980,#3981,#3982,#3983,#3984,
#3985),.UNSPECIFIED.,.F.,.F.,(4,3,4),(0.,0.0706275241940652,0.143344816641465),
 .UNSPECIFIED.);
#745=B_SPLINE_CURVE_WITH_KNOTS('',3,(#3987,#3988,#3989,#3990,#3991,#3992,
#3993),.UNSPECIFIED.,.F.,.F.,(4,3,4),(0.,0.0828712788056795,0.175468986044962),
 .UNSPECIFIED.);
#746=B_SPLINE_CURVE_WITH_KNOTS('',3,(#3995,#3996,#3997,#3998,#3999,#4000,
#4001),.UNSPECIFIED.,.F.,.F.,(4,3,4),(0.,0.117060587012321,0.266972895191562),
 .UNSPECIFIED.);
#747=B_SPLINE_CURVE_WITH_KNOTS('',3,(#4003,#4004,#4005,#4006,#4007,#4008,
#4009),.UNSPECIFIED.,.F.,.F.,(4,3,4),(0.,0.161525366448276,0.2913218231318),
 .UNSPECIFIED.);
#748=B_SPLINE_CURVE_WITH_KNOTS('',3,(#4011,#4012,#4013,#4014,#4015,#4016,
#4017),.UNSPECIFIED.,.F.,.F.,(4,3,4),(0.,0.107604307625785,0.204254819902263),
 .UNSPECIFIED.);
#749=B_SPLINE_CURVE_WITH_KNOTS('',3,(#4019,#4020,#4021,#4022,#4023,#4024,
#4025),.UNSPECIFIED.,.F.,.F.,(4,3,4),(0.,0.100962391198289,0.21146721769926),
 .UNSPECIFIED.);
#750=B_SPLINE_CURVE_WITH_KNOTS('',3,(#4027,#4028,#4029,#4030,#4031,#4032,
#4033),.UNSPECIFIED.,.F.,.F.,(4,3,4),(0.,0.136316762272658,0.265881963630682),
 .UNSPECIFIED.);
#751=B_SPLINE_CURVE_WITH_KNOTS('',3,(#4034,#4035,#4036,#4037,#4038,#4039,
#4040),.UNSPECIFIED.,.F.,.F.,(4,3,4),(0.,0.20484154439094,0.482167833495809),
 .UNSPECIFIED.);
#752=VERTEX_POINT('',#2341);
#753=VERTEX_POINT('',#2342);
#754=VERTEX_POINT('',#2350);
#755=VERTEX_POINT('',#2352);
#756=VERTEX_POINT('',#2369);
#757=VERTEX_POINT('',#2377);
#758=VERTEX_POINT('',#2394);
#759=VERTEX_POINT('',#2402);
#760=VERTEX_POINT('',#2419);
#761=VERTEX_POINT('',#2427);
#762=VERTEX_POINT('',#2444);
#763=VERTEX_POINT('',#2452);
#764=VERTEX_POINT('',#2469);
#765=VERTEX_POINT('',#2477);
#766=VERTEX_POINT('',#2494);
#767=VERTEX_POINT('',#2502);
#768=VERTEX_POINT('',#2543);
#769=VERTEX_POINT('',#2544);
#770=VERTEX_POINT('',#2552);
#771=VERTEX_POINT('',#2554);
#772=VERTEX_POINT('',#2571);
#773=VERTEX_POINT('',#2579);
#774=VERTEX_POINT('',#2596);
#775=VERTEX_POINT('',#2604);
#776=VERTEX_POINT('',#2621);
#777=VERTEX_POINT('',#2629);
#778=VERTEX_POINT('',#2646);
#779=VERTEX_POINT('',#2647);
#780=VERTEX_POINT('',#2655);
#781=VERTEX_POINT('',#2657);
#782=VERTEX_POINT('',#2674);
#783=VERTEX_POINT('',#2682);
#784=VERTEX_POINT('',#2699);
#785=VERTEX_POINT('',#2707);
#786=VERTEX_POINT('',#2724);
#787=VERTEX_POINT('',#2732);
#788=VERTEX_POINT('',#2749);
#789=VERTEX_POINT('',#2757);
#790=VERTEX_POINT('',#2774);
#791=VERTEX_POINT('',#2782);
#792=VERTEX_POINT('',#2799);
#793=VERTEX_POINT('',#2807);
#794=VERTEX_POINT('',#2824);
#795=VERTEX_POINT('',#2832);
#796=VERTEX_POINT('',#2849);
#797=VERTEX_POINT('',#2857);
#798=VERTEX_POINT('',#2896);
#799=VERTEX_POINT('',#2904);
#800=VERTEX_POINT('',#2921);
#801=VERTEX_POINT('',#2928);
#802=VERTEX_POINT('',#2945);
#803=VERTEX_POINT('',#2952);
#804=VERTEX_POINT('',#2969);
#805=VERTEX_POINT('',#2977);
#806=VERTEX_POINT('',#2994);
#807=VERTEX_POINT('',#3002);
#808=VERTEX_POINT('',#3034);
#809=VERTEX_POINT('',#3035);
#810=VERTEX_POINT('',#3037);
#811=VERTEX_POINT('',#3039);
#812=VERTEX_POINT('',#3043);
#813=VERTEX_POINT('',#3045);
#814=VERTEX_POINT('',#3049);
#815=VERTEX_POINT('',#3051);
#816=VERTEX_POINT('',#3060);
#817=VERTEX_POINT('',#3061);
#818=VERTEX_POINT('',#3063);
#819=VERTEX_POINT('',#3065);
#820=VERTEX_POINT('',#3078);
#821=VERTEX_POINT('',#3086);
#822=VERTEX_POINT('',#3103);
#823=VERTEX_POINT('',#3111);
#824=VERTEX_POINT('',#3128);
#825=VERTEX_POINT('',#3136);
#826=VERTEX_POINT('',#3153);
#827=VERTEX_POINT('',#3161);
#828=VERTEX_POINT('',#3178);
#829=VERTEX_POINT('',#3186);
#830=VERTEX_POINT('',#3203);
#831=VERTEX_POINT('',#3210);
#832=VERTEX_POINT('',#3227);
#833=VERTEX_POINT('',#3235);
#834=VERTEX_POINT('',#3252);
#835=VERTEX_POINT('',#3260);
#836=VERTEX_POINT('',#3277);
#837=VERTEX_POINT('',#3285);
#838=VERTEX_POINT('',#3293);
#839=VERTEX_POINT('',#3295);
#840=VERTEX_POINT('',#3299);
#841=VERTEX_POINT('',#3301);
#842=VERTEX_POINT('',#3305);
#843=VERTEX_POINT('',#3307);
#844=VERTEX_POINT('',#3320);
#845=VERTEX_POINT('',#3328);
#846=VERTEX_POINT('',#3345);
#847=VERTEX_POINT('',#3353);
#848=VERTEX_POINT('',#3370);
#849=VERTEX_POINT('',#3378);
#850=VERTEX_POINT('',#3395);
#851=VERTEX_POINT('',#3403);
#852=VERTEX_POINT('',#3420);
#853=VERTEX_POINT('',#3428);
#854=VERTEX_POINT('',#3445);
#855=VERTEX_POINT('',#3452);
#856=VERTEX_POINT('',#3469);
#857=VERTEX_POINT('',#3477);
#858=VERTEX_POINT('',#3494);
#859=VERTEX_POINT('',#3502);
#860=VERTEX_POINT('',#3534);
#861=VERTEX_POINT('',#3535);
#862=VERTEX_POINT('',#3537);
#863=VERTEX_POINT('',#3539);
#864=VERTEX_POINT('',#3543);
#865=VERTEX_POINT('',#3544);
#866=VERTEX_POINT('',#3546);
#867=VERTEX_POINT('',#3548);
#868=VERTEX_POINT('',#3550);
#869=VERTEX_POINT('',#3552);
#870=VERTEX_POINT('',#3557);
#871=VERTEX_POINT('',#3561);
#872=VERTEX_POINT('',#3562);
#873=VERTEX_POINT('',#3565);
#874=VERTEX_POINT('',#3567);
#875=VERTEX_POINT('',#3569);
#876=VERTEX_POINT('',#3577);
#877=VERTEX_POINT('',#3582);
#878=VERTEX_POINT('',#3588);
#879=VERTEX_POINT('',#3589);
#880=VERTEX_POINT('',#3591);
#881=VERTEX_POINT('',#3593);
#882=VERTEX_POINT('',#3599);
#883=VERTEX_POINT('',#3605);
#884=VERTEX_POINT('',#3611);
#885=VERTEX_POINT('',#3617);
#886=VERTEX_POINT('',#3623);
#887=VERTEX_POINT('',#3629);
#888=VERTEX_POINT('',#3635);
#889=VERTEX_POINT('',#3641);
#890=VERTEX_POINT('',#3647);
#891=VERTEX_POINT('',#3649);
#892=VERTEX_POINT('',#3655);
#893=VERTEX_POINT('',#3661);
#894=VERTEX_POINT('',#3667);
#895=VERTEX_POINT('',#3673);
#896=VERTEX_POINT('',#3679);
#897=VERTEX_POINT('',#3685);
#898=VERTEX_POINT('',#3691);
#899=VERTEX_POINT('',#3697);
#900=VERTEX_POINT('',#3704);
#901=VERTEX_POINT('',#3705);
#902=VERTEX_POINT('',#3707);
#903=VERTEX_POINT('',#3709);
#904=VERTEX_POINT('',#3712);
#905=VERTEX_POINT('',#3713);
#906=VERTEX_POINT('',#3719);
#907=VERTEX_POINT('',#3725);
#908=VERTEX_POINT('',#3731);
#909=VERTEX_POINT('',#3737);
#910=VERTEX_POINT('',#3743);
#911=VERTEX_POINT('',#3749);
#912=VERTEX_POINT('',#3755);
#913=VERTEX_POINT('',#3761);
#914=VERTEX_POINT('',#3767);
#915=VERTEX_POINT('',#3773);
#916=VERTEX_POINT('',#3785);
#917=VERTEX_POINT('',#3786);
#918=VERTEX_POINT('',#3788);
#919=VERTEX_POINT('',#3790);
#920=VERTEX_POINT('',#3798);
#921=VERTEX_POINT('',#3806);
#922=VERTEX_POINT('',#3814);
#923=VERTEX_POINT('',#3822);
#924=VERTEX_POINT('',#3830);
#925=VERTEX_POINT('',#3838);
#926=VERTEX_POINT('',#3846);
#927=VERTEX_POINT('',#3854);
#928=VERTEX_POINT('',#3862);
#929=VERTEX_POINT('',#3864);
#930=VERTEX_POINT('',#3872);
#931=VERTEX_POINT('',#3880);
#932=VERTEX_POINT('',#3888);
#933=VERTEX_POINT('',#3896);
#934=VERTEX_POINT('',#3904);
#935=VERTEX_POINT('',#3912);
#936=VERTEX_POINT('',#3920);
#937=VERTEX_POINT('',#3928);
#938=VERTEX_POINT('',#3937);
#939=VERTEX_POINT('',#3938);
#940=VERTEX_POINT('',#3940);
#941=VERTEX_POINT('',#3942);
#942=VERTEX_POINT('',#3945);
#943=VERTEX_POINT('',#3946);
#944=VERTEX_POINT('',#3954);
#945=VERTEX_POINT('',#3962);
#946=VERTEX_POINT('',#3970);
#947=VERTEX_POINT('',#3978);
#948=VERTEX_POINT('',#3986);
#949=VERTEX_POINT('',#3994);
#950=VERTEX_POINT('',#4002);
#951=VERTEX_POINT('',#4010);
#952=VERTEX_POINT('',#4018);
#953=VERTEX_POINT('',#4026);
#954=EDGE_CURVE('',#752,#753,#600,.T.);
#955=EDGE_CURVE('',#754,#752,#302,.T.);
#956=EDGE_CURVE('',#755,#754,#601,.T.);
#957=EDGE_CURVE('',#755,#753,#303,.T.);
#958=EDGE_CURVE('',#753,#756,#602,.T.);
#959=EDGE_CURVE('',#757,#755,#603,.T.);
#960=EDGE_CURVE('',#757,#756,#304,.T.);
#961=EDGE_CURVE('',#756,#758,#604,.T.);
#962=EDGE_CURVE('',#759,#757,#605,.T.);
#963=EDGE_CURVE('',#759,#758,#305,.T.);
#964=EDGE_CURVE('',#758,#760,#606,.T.);
#965=EDGE_CURVE('',#761,#759,#607,.T.);
#966=EDGE_CURVE('',#761,#760,#306,.T.);
#967=EDGE_CURVE('',#760,#762,#608,.T.);
#968=EDGE_CURVE('',#763,#761,#609,.T.);
#969=EDGE_CURVE('',#763,#762,#307,.T.);
#970=EDGE_CURVE('',#762,#764,#610,.T.);
#971=EDGE_CURVE('',#765,#763,#611,.T.);
#972=EDGE_CURVE('',#765,#764,#308,.T.);
#973=EDGE_CURVE('',#764,#766,#612,.T.);
#974=EDGE_CURVE('',#767,#765,#613,.T.);
#975=EDGE_CURVE('',#767,#766,#309,.T.);
#976=EDGE_CURVE('',#766,#752,#614,.T.);
#977=EDGE_CURVE('',#754,#767,#615,.T.);
#978=EDGE_CURVE('',#768,#769,#616,.T.);
#979=EDGE_CURVE('',#770,#769,#310,.T.);
#980=EDGE_CURVE('',#771,#770,#617,.T.);
#981=EDGE_CURVE('',#771,#768,#311,.T.);
#982=EDGE_CURVE('',#769,#772,#618,.T.);
#983=EDGE_CURVE('',#773,#772,#312,.T.);
#984=EDGE_CURVE('',#770,#773,#619,.T.);
#985=EDGE_CURVE('',#772,#774,#620,.T.);
#986=EDGE_CURVE('',#775,#774,#313,.T.);
#987=EDGE_CURVE('',#773,#775,#621,.T.);
#988=EDGE_CURVE('',#774,#776,#622,.T.);
#989=EDGE_CURVE('',#777,#776,#314,.T.);
#990=EDGE_CURVE('',#775,#777,#623,.T.);
#991=EDGE_CURVE('',#778,#779,#624,.T.);
#992=EDGE_CURVE('',#780,#779,#315,.T.);
#993=EDGE_CURVE('',#781,#780,#625,.T.);
#994=EDGE_CURVE('',#781,#778,#316,.T.);
#995=EDGE_CURVE('',#779,#782,#626,.T.);
#996=EDGE_CURVE('',#783,#782,#317,.T.);
#997=EDGE_CURVE('',#780,#783,#627,.T.);
#998=EDGE_CURVE('',#782,#784,#628,.T.);
#999=EDGE_CURVE('',#785,#784,#318,.T.);
#1000=EDGE_CURVE('',#783,#785,#629,.T.);
#1001=EDGE_CURVE('',#784,#786,#630,.T.);
#1002=EDGE_CURVE('',#787,#786,#319,.T.);
#1003=EDGE_CURVE('',#785,#787,#631,.T.);
#1004=EDGE_CURVE('',#786,#788,#632,.T.);
#1005=EDGE_CURVE('',#789,#788,#320,.T.);
#1006=EDGE_CURVE('',#787,#789,#633,.T.);
#1007=EDGE_CURVE('',#788,#790,#634,.T.);
#1008=EDGE_CURVE('',#791,#790,#321,.T.);
#1009=EDGE_CURVE('',#789,#791,#635,.T.);
#1010=EDGE_CURVE('',#776,#792,#636,.T.);
#1011=EDGE_CURVE('',#793,#792,#322,.T.);
#1012=EDGE_CURVE('',#777,#793,#637,.T.);
#1013=EDGE_CURVE('',#792,#794,#638,.T.);
#1014=EDGE_CURVE('',#795,#794,#323,.T.);
#1015=EDGE_CURVE('',#793,#795,#639,.T.);
#1016=EDGE_CURVE('',#794,#796,#640,.T.);
#1017=EDGE_CURVE('',#797,#796,#324,.T.);
#1018=EDGE_CURVE('',#795,#797,#641,.T.);
#1019=EDGE_CURVE('',#796,#768,#642,.T.);
#1020=EDGE_CURVE('',#797,#771,#643,.T.);
#1021=EDGE_CURVE('',#790,#798,#644,.T.);
#1022=EDGE_CURVE('',#799,#798,#325,.T.);
#1023=EDGE_CURVE('',#791,#799,#645,.T.);
#1024=EDGE_CURVE('',#798,#800,#646,.T.);
#1025=EDGE_CURVE('',#801,#800,#326,.T.);
#1026=EDGE_CURVE('',#799,#801,#647,.T.);
#1027=EDGE_CURVE('',#800,#802,#648,.T.);
#1028=EDGE_CURVE('',#803,#802,#327,.T.);
#1029=EDGE_CURVE('',#801,#803,#649,.T.);
#1030=EDGE_CURVE('',#802,#804,#650,.T.);
#1031=EDGE_CURVE('',#805,#804,#328,.T.);
#1032=EDGE_CURVE('',#803,#805,#651,.T.);
#1033=EDGE_CURVE('',#804,#806,#652,.T.);
#1034=EDGE_CURVE('',#807,#806,#329,.T.);
#1035=EDGE_CURVE('',#805,#807,#653,.T.);
#1036=EDGE_CURVE('',#806,#778,#654,.T.);
#1037=EDGE_CURVE('',#807,#781,#655,.T.);
#1038=EDGE_CURVE('',#808,#809,#330,.T.);
#1039=EDGE_CURVE('',#810,#809,#331,.T.);
#1040=EDGE_CURVE('',#811,#810,#332,.T.);
#1041=EDGE_CURVE('',#811,#808,#333,.T.);
#1042=EDGE_CURVE('',#809,#812,#334,.T.);
#1043=EDGE_CURVE('',#813,#812,#335,.T.);
#1044=EDGE_CURVE('',#810,#813,#336,.T.);
#1045=EDGE_CURVE('',#812,#814,#337,.T.);
#1046=EDGE_CURVE('',#815,#814,#338,.T.);
#1047=EDGE_CURVE('',#813,#815,#339,.T.);
#1048=EDGE_CURVE('',#814,#808,#340,.T.);
#1049=EDGE_CURVE('',#815,#811,#341,.T.);
#1050=EDGE_CURVE('',#816,#817,#342,.T.);
#1051=EDGE_CURVE('',#818,#817,#343,.T.);
#1052=EDGE_CURVE('',#819,#818,#344,.T.);
#1053=EDGE_CURVE('',#819,#816,#345,.T.);
#1054=EDGE_CURVE('',#817,#820,#656,.T.);
#1055=EDGE_CURVE('',#821,#820,#346,.T.);
#1056=EDGE_CURVE('',#818,#821,#657,.T.);
#1057=EDGE_CURVE('',#820,#822,#658,.T.);
#1058=EDGE_CURVE('',#823,#822,#347,.T.);
#1059=EDGE_CURVE('',#821,#823,#659,.T.);
#1060=EDGE_CURVE('',#822,#824,#660,.T.);
#1061=EDGE_CURVE('',#825,#824,#348,.T.);
#1062=EDGE_CURVE('',#823,#825,#661,.T.);
#1063=EDGE_CURVE('',#824,#826,#662,.T.);
#1064=EDGE_CURVE('',#827,#826,#349,.T.);
#1065=EDGE_CURVE('',#825,#827,#663,.T.);
#1066=EDGE_CURVE('',#826,#828,#664,.T.);
#1067=EDGE_CURVE('',#829,#828,#350,.T.);
#1068=EDGE_CURVE('',#827,#829,#665,.T.);
#1069=EDGE_CURVE('',#828,#830,#666,.T.);
#1070=EDGE_CURVE('',#831,#830,#351,.T.);
#1071=EDGE_CURVE('',#829,#831,#667,.T.);
#1072=EDGE_CURVE('',#830,#832,#668,.T.);
#1073=EDGE_CURVE('',#833,#832,#352,.T.);
#1074=EDGE_CURVE('',#831,#833,#669,.T.);
#1075=EDGE_CURVE('',#832,#834,#670,.T.);
#1076=EDGE_CURVE('',#835,#834,#353,.T.);
#1077=EDGE_CURVE('',#833,#835,#671,.T.);
#1078=EDGE_CURVE('',#834,#836,#672,.T.);
#1079=EDGE_CURVE('',#837,#836,#354,.T.);
#1080=EDGE_CURVE('',#835,#837,#673,.T.);
#1081=EDGE_CURVE('',#836,#838,#355,.T.);
#1082=EDGE_CURVE('',#839,#838,#356,.T.);
#1083=EDGE_CURVE('',#837,#839,#357,.T.);
#1084=EDGE_CURVE('',#838,#840,#358,.T.);
#1085=EDGE_CURVE('',#841,#840,#359,.T.);
#1086=EDGE_CURVE('',#839,#841,#360,.T.);
#1087=EDGE_CURVE('',#840,#842,#361,.T.);
#1088=EDGE_CURVE('',#843,#842,#362,.T.);
#1089=EDGE_CURVE('',#841,#843,#363,.T.);
#1090=EDGE_CURVE('',#842,#844,#674,.T.);
#1091=EDGE_CURVE('',#845,#844,#364,.T.);
#1092=EDGE_CURVE('',#843,#845,#675,.T.);
#1093=EDGE_CURVE('',#844,#846,#676,.T.);
#1094=EDGE_CURVE('',#847,#846,#365,.T.);
#1095=EDGE_CURVE('',#845,#847,#677,.T.);
#1096=EDGE_CURVE('',#846,#848,#678,.T.);
#1097=EDGE_CURVE('',#849,#848,#366,.T.);
#1098=EDGE_CURVE('',#847,#849,#679,.T.);
#1099=EDGE_CURVE('',#848,#850,#680,.T.);
#1100=EDGE_CURVE('',#851,#850,#367,.T.);
#1101=EDGE_CURVE('',#849,#851,#681,.T.);
#1102=EDGE_CURVE('',#850,#852,#682,.T.);
#1103=EDGE_CURVE('',#853,#852,#368,.T.);
#1104=EDGE_CURVE('',#851,#853,#683,.T.);
#1105=EDGE_CURVE('',#852,#854,#684,.T.);
#1106=EDGE_CURVE('',#855,#854,#369,.T.);
#1107=EDGE_CURVE('',#853,#855,#685,.T.);
#1108=EDGE_CURVE('',#854,#856,#686,.T.);
#1109=EDGE_CURVE('',#857,#856,#370,.T.);
#1110=EDGE_CURVE('',#855,#857,#687,.T.);
#1111=EDGE_CURVE('',#856,#858,#688,.T.);
#1112=EDGE_CURVE('',#859,#858,#371,.T.);
#1113=EDGE_CURVE('',#857,#859,#689,.T.);
#1114=EDGE_CURVE('',#858,#816,#690,.T.);
#1115=EDGE_CURVE('',#859,#819,#691,.T.);
#1116=EDGE_CURVE('',#860,#861,#372,.T.);
#1117=EDGE_CURVE('',#861,#862,#373,.T.);
#1118=EDGE_CURVE('',#862,#863,#374,.T.);
#1119=EDGE_CURVE('',#863,#860,#375,.T.);
#1120=EDGE_CURVE('',#864,#865,#376,.T.);
#1121=EDGE_CURVE('',#864,#866,#377,.T.);
#1122=EDGE_CURVE('',#866,#867,#378,.T.);
#1123=EDGE_CURVE('',#868,#867,#379,.T.);
#1124=EDGE_CURVE('',#869,#868,#380,.T.);
#1125=EDGE_CURVE('',#869,#861,#381,.T.);
#1126=EDGE_CURVE('',#865,#860,#382,.T.);
#1127=EDGE_CURVE('',#869,#870,#383,.T.);
#1128=EDGE_CURVE('',#870,#862,#384,.T.);
#1129=EDGE_CURVE('',#871,#872,#385,.T.);
#1130=EDGE_CURVE('',#871,#863,#386,.T.);
#1131=EDGE_CURVE('',#873,#870,#387,.T.);
#1132=EDGE_CURVE('',#873,#874,#388,.T.);
#1133=EDGE_CURVE('',#874,#875,#389,.T.);
#1134=EDGE_CURVE('',#872,#875,#390,.T.);
#1135=EDGE_CURVE('',#865,#871,#391,.T.);
#1136=EDGE_CURVE('',#875,#866,#392,.T.);
#1137=EDGE_CURVE('',#867,#874,#393,.T.);
#1138=EDGE_CURVE('',#876,#876,#14,.T.);
#1139=EDGE_CURVE('',#872,#864,#394,.T.);
#1140=EDGE_CURVE('',#876,#877,#395,.T.);
#1141=EDGE_CURVE('',#877,#877,#15,.T.);
#1142=EDGE_CURVE('',#868,#873,#396,.T.);
#1143=EDGE_CURVE('',#878,#879,#397,.T.);
#1144=EDGE_CURVE('',#879,#880,#398,.T.);
#1145=EDGE_CURVE('',#880,#881,#692,.T.);
#1146=EDGE_CURVE('',#881,#882,#693,.T.);
#1147=EDGE_CURVE('',#882,#883,#694,.T.);
#1148=EDGE_CURVE('',#883,#884,#695,.T.);
#1149=EDGE_CURVE('',#884,#885,#696,.T.);
#1150=EDGE_CURVE('',#885,#886,#697,.T.);
#1151=EDGE_CURVE('',#886,#887,#698,.T.);
#1152=EDGE_CURVE('',#887,#888,#699,.T.);
#1153=EDGE_CURVE('',#888,#889,#700,.T.);
#1154=EDGE_CURVE('',#889,#890,#399,.T.);
#1155=EDGE_CURVE('',#890,#891,#701,.T.);
#1156=EDGE_CURVE('',#891,#892,#702,.T.);
#1157=EDGE_CURVE('',#892,#893,#703,.T.);
#1158=EDGE_CURVE('',#893,#894,#704,.T.);
#1159=EDGE_CURVE('',#894,#895,#705,.T.);
#1160=EDGE_CURVE('',#895,#896,#706,.T.);
#1161=EDGE_CURVE('',#896,#897,#707,.T.);
#1162=EDGE_CURVE('',#897,#898,#708,.T.);
#1163=EDGE_CURVE('',#898,#899,#709,.T.);
#1164=EDGE_CURVE('',#899,#878,#400,.T.);
#1165=EDGE_CURVE('',#900,#901,#401,.T.);
#1166=EDGE_CURVE('',#901,#902,#402,.T.);
#1167=EDGE_CURVE('',#902,#903,#403,.T.);
#1168=EDGE_CURVE('',#903,#900,#404,.T.);
#1169=EDGE_CURVE('',#904,#905,#710,.T.);
#1170=EDGE_CURVE('',#905,#906,#711,.T.);
#1171=EDGE_CURVE('',#906,#907,#712,.T.);
#1172=EDGE_CURVE('',#907,#908,#713,.T.);
#1173=EDGE_CURVE('',#908,#909,#714,.T.);
#1174=EDGE_CURVE('',#909,#910,#715,.T.);
#1175=EDGE_CURVE('',#910,#911,#716,.T.);
#1176=EDGE_CURVE('',#911,#912,#717,.T.);
#1177=EDGE_CURVE('',#912,#913,#718,.T.);
#1178=EDGE_CURVE('',#913,#914,#719,.T.);
#1179=EDGE_CURVE('',#914,#915,#720,.T.);
#1180=EDGE_CURVE('',#915,#904,#721,.T.);
#1181=EDGE_CURVE('',#916,#917,#405,.T.);
#1182=EDGE_CURVE('',#917,#918,#406,.T.);
#1183=EDGE_CURVE('',#918,#919,#722,.T.);
#1184=EDGE_CURVE('',#919,#920,#723,.T.);
#1185=EDGE_CURVE('',#920,#921,#724,.T.);
#1186=EDGE_CURVE('',#921,#922,#725,.T.);
#1187=EDGE_CURVE('',#922,#923,#726,.T.);
#1188=EDGE_CURVE('',#923,#924,#727,.T.);
#1189=EDGE_CURVE('',#924,#925,#728,.T.);
#1190=EDGE_CURVE('',#925,#926,#729,.T.);
#1191=EDGE_CURVE('',#926,#927,#730,.T.);
#1192=EDGE_CURVE('',#927,#928,#407,.T.);
#1193=EDGE_CURVE('',#928,#929,#731,.T.);
#1194=EDGE_CURVE('',#929,#930,#732,.T.);
#1195=EDGE_CURVE('',#930,#931,#733,.T.);
#1196=EDGE_CURVE('',#931,#932,#734,.T.);
#1197=EDGE_CURVE('',#932,#933,#735,.T.);
#1198=EDGE_CURVE('',#933,#934,#736,.T.);
#1199=EDGE_CURVE('',#934,#935,#737,.T.);
#1200=EDGE_CURVE('',#935,#936,#738,.T.);
#1201=EDGE_CURVE('',#936,#937,#739,.T.);
#1202=EDGE_CURVE('',#937,#916,#408,.T.);
#1203=EDGE_CURVE('',#938,#939,#409,.T.);
#1204=EDGE_CURVE('',#939,#940,#410,.T.);
#1205=EDGE_CURVE('',#940,#941,#411,.T.);
#1206=EDGE_CURVE('',#941,#938,#412,.T.);
#1207=EDGE_CURVE('',#942,#943,#740,.T.);
#1208=EDGE_CURVE('',#943,#944,#741,.T.);
#1209=EDGE_CURVE('',#944,#945,#742,.T.);
#1210=EDGE_CURVE('',#945,#946,#743,.T.);
#1211=EDGE_CURVE('',#946,#947,#744,.T.);
#1212=EDGE_CURVE('',#947,#948,#745,.T.);
#1213=EDGE_CURVE('',#948,#949,#746,.T.);
#1214=EDGE_CURVE('',#949,#950,#747,.T.);
#1215=EDGE_CURVE('',#950,#951,#748,.T.);
#1216=EDGE_CURVE('',#951,#952,#749,.T.);
#1217=EDGE_CURVE('',#952,#953,#750,.T.);
#1218=EDGE_CURVE('',#953,#942,#751,.T.);
#1219=EDGE_CURVE('',#891,#926,#413,.T.);
#1220=EDGE_CURVE('',#890,#927,#414,.T.);
#1221=EDGE_CURVE('',#892,#925,#415,.T.);
#1222=EDGE_CURVE('',#893,#924,#416,.T.);
#1223=EDGE_CURVE('',#894,#923,#417,.T.);
#1224=EDGE_CURVE('',#895,#922,#418,.T.);
#1225=EDGE_CURVE('',#896,#921,#419,.T.);
#1226=EDGE_CURVE('',#897,#920,#420,.T.);
#1227=EDGE_CURVE('',#898,#919,#421,.T.);
#1228=EDGE_CURVE('',#899,#918,#422,.T.);
#1229=EDGE_CURVE('',#878,#917,#423,.T.);
#1230=EDGE_CURVE('',#879,#916,#424,.T.);
#1231=EDGE_CURVE('',#880,#937,#425,.T.);
#1232=EDGE_CURVE('',#881,#936,#426,.T.);
#1233=EDGE_CURVE('',#882,#935,#427,.T.);
#1234=EDGE_CURVE('',#883,#934,#428,.T.);
#1235=EDGE_CURVE('',#884,#933,#429,.T.);
#1236=EDGE_CURVE('',#885,#932,#430,.T.);
#1237=EDGE_CURVE('',#886,#931,#431,.T.);
#1238=EDGE_CURVE('',#887,#930,#432,.T.);
#1239=EDGE_CURVE('',#888,#929,#433,.T.);
#1240=EDGE_CURVE('',#889,#928,#434,.T.);
#1241=EDGE_CURVE('',#900,#939,#435,.T.);
#1242=EDGE_CURVE('',#903,#940,#436,.T.);
#1243=EDGE_CURVE('',#901,#938,#437,.T.);
#1244=EDGE_CURVE('',#902,#941,#438,.T.);
#1245=EDGE_CURVE('',#912,#947,#439,.T.);
#1246=EDGE_CURVE('',#911,#948,#440,.T.);
#1247=EDGE_CURVE('',#913,#946,#441,.T.);
#1248=EDGE_CURVE('',#914,#945,#442,.T.);
#1249=EDGE_CURVE('',#915,#944,#443,.T.);
#1250=EDGE_CURVE('',#904,#943,#444,.T.);
#1251=EDGE_CURVE('',#905,#942,#445,.T.);
#1252=EDGE_CURVE('',#906,#953,#446,.T.);
#1253=EDGE_CURVE('',#907,#952,#447,.T.);
#1254=EDGE_CURVE('',#908,#951,#448,.T.);
#1255=EDGE_CURVE('',#909,#950,#449,.T.);
#1256=EDGE_CURVE('',#910,#949,#450,.T.);
#1257=ORIENTED_EDGE('',*,*,#954,.F.);
#1258=ORIENTED_EDGE('',*,*,#955,.F.);
#1259=ORIENTED_EDGE('',*,*,#956,.F.);
#1260=ORIENTED_EDGE('',*,*,#957,.T.);
#1261=ORIENTED_EDGE('',*,*,#958,.F.);
#1262=ORIENTED_EDGE('',*,*,#957,.F.);
#1263=ORIENTED_EDGE('',*,*,#959,.F.);
#1264=ORIENTED_EDGE('',*,*,#960,.T.);
#1265=ORIENTED_EDGE('',*,*,#961,.F.);
#1266=ORIENTED_EDGE('',*,*,#960,.F.);
#1267=ORIENTED_EDGE('',*,*,#962,.F.);
#1268=ORIENTED_EDGE('',*,*,#963,.T.);
#1269=ORIENTED_EDGE('',*,*,#964,.F.);
#1270=ORIENTED_EDGE('',*,*,#963,.F.);
#1271=ORIENTED_EDGE('',*,*,#965,.F.);
#1272=ORIENTED_EDGE('',*,*,#966,.T.);
#1273=ORIENTED_EDGE('',*,*,#967,.F.);
#1274=ORIENTED_EDGE('',*,*,#966,.F.);
#1275=ORIENTED_EDGE('',*,*,#968,.F.);
#1276=ORIENTED_EDGE('',*,*,#969,.T.);
#1277=ORIENTED_EDGE('',*,*,#970,.F.);
#1278=ORIENTED_EDGE('',*,*,#969,.F.);
#1279=ORIENTED_EDGE('',*,*,#971,.F.);
#1280=ORIENTED_EDGE('',*,*,#972,.T.);
#1281=ORIENTED_EDGE('',*,*,#973,.F.);
#1282=ORIENTED_EDGE('',*,*,#972,.F.);
#1283=ORIENTED_EDGE('',*,*,#974,.F.);
#1284=ORIENTED_EDGE('',*,*,#975,.T.);
#1285=ORIENTED_EDGE('',*,*,#976,.F.);
#1286=ORIENTED_EDGE('',*,*,#975,.F.);
#1287=ORIENTED_EDGE('',*,*,#977,.F.);
#1288=ORIENTED_EDGE('',*,*,#955,.T.);
#1289=ORIENTED_EDGE('',*,*,#967,.T.);
#1290=ORIENTED_EDGE('',*,*,#970,.T.);
#1291=ORIENTED_EDGE('',*,*,#973,.T.);
#1292=ORIENTED_EDGE('',*,*,#976,.T.);
#1293=ORIENTED_EDGE('',*,*,#954,.T.);
#1294=ORIENTED_EDGE('',*,*,#958,.T.);
#1295=ORIENTED_EDGE('',*,*,#961,.T.);
#1296=ORIENTED_EDGE('',*,*,#964,.T.);
#1297=ORIENTED_EDGE('',*,*,#968,.T.);
#1298=ORIENTED_EDGE('',*,*,#965,.T.);
#1299=ORIENTED_EDGE('',*,*,#962,.T.);
#1300=ORIENTED_EDGE('',*,*,#959,.T.);
#1301=ORIENTED_EDGE('',*,*,#956,.T.);
#1302=ORIENTED_EDGE('',*,*,#977,.T.);
#1303=ORIENTED_EDGE('',*,*,#974,.T.);
#1304=ORIENTED_EDGE('',*,*,#971,.T.);
#1305=ORIENTED_EDGE('',*,*,#978,.T.);
#1306=ORIENTED_EDGE('',*,*,#979,.F.);
#1307=ORIENTED_EDGE('',*,*,#980,.F.);
#1308=ORIENTED_EDGE('',*,*,#981,.T.);
#1309=ORIENTED_EDGE('',*,*,#982,.T.);
#1310=ORIENTED_EDGE('',*,*,#983,.F.);
#1311=ORIENTED_EDGE('',*,*,#984,.F.);
#1312=ORIENTED_EDGE('',*,*,#979,.T.);
#1313=ORIENTED_EDGE('',*,*,#985,.T.);
#1314=ORIENTED_EDGE('',*,*,#986,.F.);
#1315=ORIENTED_EDGE('',*,*,#987,.F.);
#1316=ORIENTED_EDGE('',*,*,#983,.T.);
#1317=ORIENTED_EDGE('',*,*,#988,.T.);
#1318=ORIENTED_EDGE('',*,*,#989,.F.);
#1319=ORIENTED_EDGE('',*,*,#990,.F.);
#1320=ORIENTED_EDGE('',*,*,#986,.T.);
#1321=ORIENTED_EDGE('',*,*,#991,.T.);
#1322=ORIENTED_EDGE('',*,*,#992,.F.);
#1323=ORIENTED_EDGE('',*,*,#993,.F.);
#1324=ORIENTED_EDGE('',*,*,#994,.T.);
#1325=ORIENTED_EDGE('',*,*,#995,.T.);
#1326=ORIENTED_EDGE('',*,*,#996,.F.);
#1327=ORIENTED_EDGE('',*,*,#997,.F.);
#1328=ORIENTED_EDGE('',*,*,#992,.T.);
#1329=ORIENTED_EDGE('',*,*,#998,.T.);
#1330=ORIENTED_EDGE('',*,*,#999,.F.);
#1331=ORIENTED_EDGE('',*,*,#1000,.F.);
#1332=ORIENTED_EDGE('',*,*,#996,.T.);
#1333=ORIENTED_EDGE('',*,*,#1001,.T.);
#1334=ORIENTED_EDGE('',*,*,#1002,.F.);
#1335=ORIENTED_EDGE('',*,*,#1003,.F.);
#1336=ORIENTED_EDGE('',*,*,#999,.T.);
#1337=ORIENTED_EDGE('',*,*,#1004,.T.);
#1338=ORIENTED_EDGE('',*,*,#1005,.F.);
#1339=ORIENTED_EDGE('',*,*,#1006,.F.);
#1340=ORIENTED_EDGE('',*,*,#1002,.T.);
#1341=ORIENTED_EDGE('',*,*,#1007,.T.);
#1342=ORIENTED_EDGE('',*,*,#1008,.F.);
#1343=ORIENTED_EDGE('',*,*,#1009,.F.);
#1344=ORIENTED_EDGE('',*,*,#1005,.T.);
#1345=ORIENTED_EDGE('',*,*,#1010,.T.);
#1346=ORIENTED_EDGE('',*,*,#1011,.F.);
#1347=ORIENTED_EDGE('',*,*,#1012,.F.);
#1348=ORIENTED_EDGE('',*,*,#989,.T.);
#1349=ORIENTED_EDGE('',*,*,#1013,.T.);
#1350=ORIENTED_EDGE('',*,*,#1014,.F.);
#1351=ORIENTED_EDGE('',*,*,#1015,.F.);
#1352=ORIENTED_EDGE('',*,*,#1011,.T.);
#1353=ORIENTED_EDGE('',*,*,#1016,.T.);
#1354=ORIENTED_EDGE('',*,*,#1017,.F.);
#1355=ORIENTED_EDGE('',*,*,#1018,.F.);
#1356=ORIENTED_EDGE('',*,*,#1014,.T.);
#1357=ORIENTED_EDGE('',*,*,#1019,.T.);
#1358=ORIENTED_EDGE('',*,*,#981,.F.);
#1359=ORIENTED_EDGE('',*,*,#1020,.F.);
#1360=ORIENTED_EDGE('',*,*,#1017,.T.);
#1361=ORIENTED_EDGE('',*,*,#1021,.T.);
#1362=ORIENTED_EDGE('',*,*,#1022,.F.);
#1363=ORIENTED_EDGE('',*,*,#1023,.F.);
#1364=ORIENTED_EDGE('',*,*,#1008,.T.);
#1365=ORIENTED_EDGE('',*,*,#1024,.T.);
#1366=ORIENTED_EDGE('',*,*,#1025,.F.);
#1367=ORIENTED_EDGE('',*,*,#1026,.F.);
#1368=ORIENTED_EDGE('',*,*,#1022,.T.);
#1369=ORIENTED_EDGE('',*,*,#1027,.T.);
#1370=ORIENTED_EDGE('',*,*,#1028,.F.);
#1371=ORIENTED_EDGE('',*,*,#1029,.F.);
#1372=ORIENTED_EDGE('',*,*,#1025,.T.);
#1373=ORIENTED_EDGE('',*,*,#1030,.T.);
#1374=ORIENTED_EDGE('',*,*,#1031,.F.);
#1375=ORIENTED_EDGE('',*,*,#1032,.F.);
#1376=ORIENTED_EDGE('',*,*,#1028,.T.);
#1377=ORIENTED_EDGE('',*,*,#1033,.T.);
#1378=ORIENTED_EDGE('',*,*,#1034,.F.);
#1379=ORIENTED_EDGE('',*,*,#1035,.F.);
#1380=ORIENTED_EDGE('',*,*,#1031,.T.);
#1381=ORIENTED_EDGE('',*,*,#1036,.T.);
#1382=ORIENTED_EDGE('',*,*,#994,.F.);
#1383=ORIENTED_EDGE('',*,*,#1037,.F.);
#1384=ORIENTED_EDGE('',*,*,#1034,.T.);
#1385=ORIENTED_EDGE('',*,*,#1009,.T.);
#1386=ORIENTED_EDGE('',*,*,#1023,.T.);
#1387=ORIENTED_EDGE('',*,*,#1026,.T.);
#1388=ORIENTED_EDGE('',*,*,#1029,.T.);
#1389=ORIENTED_EDGE('',*,*,#1032,.T.);
#1390=ORIENTED_EDGE('',*,*,#1035,.T.);
#1391=ORIENTED_EDGE('',*,*,#1037,.T.);
#1392=ORIENTED_EDGE('',*,*,#993,.T.);
#1393=ORIENTED_EDGE('',*,*,#997,.T.);
#1394=ORIENTED_EDGE('',*,*,#1000,.T.);
#1395=ORIENTED_EDGE('',*,*,#1003,.T.);
#1396=ORIENTED_EDGE('',*,*,#1006,.T.);
#1397=ORIENTED_EDGE('',*,*,#990,.T.);
#1398=ORIENTED_EDGE('',*,*,#1012,.T.);
#1399=ORIENTED_EDGE('',*,*,#1015,.T.);
#1400=ORIENTED_EDGE('',*,*,#1018,.T.);
#1401=ORIENTED_EDGE('',*,*,#1020,.T.);
#1402=ORIENTED_EDGE('',*,*,#980,.T.);
#1403=ORIENTED_EDGE('',*,*,#984,.T.);
#1404=ORIENTED_EDGE('',*,*,#987,.T.);
#1405=ORIENTED_EDGE('',*,*,#1021,.F.);
#1406=ORIENTED_EDGE('',*,*,#1007,.F.);
#1407=ORIENTED_EDGE('',*,*,#1004,.F.);
#1408=ORIENTED_EDGE('',*,*,#1001,.F.);
#1409=ORIENTED_EDGE('',*,*,#998,.F.);
#1410=ORIENTED_EDGE('',*,*,#995,.F.);
#1411=ORIENTED_EDGE('',*,*,#991,.F.);
#1412=ORIENTED_EDGE('',*,*,#1036,.F.);
#1413=ORIENTED_EDGE('',*,*,#1033,.F.);
#1414=ORIENTED_EDGE('',*,*,#1030,.F.);
#1415=ORIENTED_EDGE('',*,*,#1027,.F.);
#1416=ORIENTED_EDGE('',*,*,#1024,.F.);
#1417=ORIENTED_EDGE('',*,*,#1010,.F.);
#1418=ORIENTED_EDGE('',*,*,#988,.F.);
#1419=ORIENTED_EDGE('',*,*,#985,.F.);
#1420=ORIENTED_EDGE('',*,*,#982,.F.);
#1421=ORIENTED_EDGE('',*,*,#978,.F.);
#1422=ORIENTED_EDGE('',*,*,#1019,.F.);
#1423=ORIENTED_EDGE('',*,*,#1016,.F.);
#1424=ORIENTED_EDGE('',*,*,#1013,.F.);
#1425=ORIENTED_EDGE('',*,*,#1038,.T.);
#1426=ORIENTED_EDGE('',*,*,#1039,.F.);
#1427=ORIENTED_EDGE('',*,*,#1040,.F.);
#1428=ORIENTED_EDGE('',*,*,#1041,.T.);
#1429=ORIENTED_EDGE('',*,*,#1042,.T.);
#1430=ORIENTED_EDGE('',*,*,#1043,.F.);
#1431=ORIENTED_EDGE('',*,*,#1044,.F.);
#1432=ORIENTED_EDGE('',*,*,#1039,.T.);
#1433=ORIENTED_EDGE('',*,*,#1045,.T.);
#1434=ORIENTED_EDGE('',*,*,#1046,.F.);
#1435=ORIENTED_EDGE('',*,*,#1047,.F.);
#1436=ORIENTED_EDGE('',*,*,#1043,.T.);
#1437=ORIENTED_EDGE('',*,*,#1048,.T.);
#1438=ORIENTED_EDGE('',*,*,#1041,.F.);
#1439=ORIENTED_EDGE('',*,*,#1049,.F.);
#1440=ORIENTED_EDGE('',*,*,#1046,.T.);
#1441=ORIENTED_EDGE('',*,*,#1044,.T.);
#1442=ORIENTED_EDGE('',*,*,#1047,.T.);
#1443=ORIENTED_EDGE('',*,*,#1049,.T.);
#1444=ORIENTED_EDGE('',*,*,#1040,.T.);
#1445=ORIENTED_EDGE('',*,*,#1045,.F.);
#1446=ORIENTED_EDGE('',*,*,#1042,.F.);
#1447=ORIENTED_EDGE('',*,*,#1038,.F.);
#1448=ORIENTED_EDGE('',*,*,#1048,.F.);
#1449=ORIENTED_EDGE('',*,*,#1050,.T.);
#1450=ORIENTED_EDGE('',*,*,#1051,.F.);
#1451=ORIENTED_EDGE('',*,*,#1052,.F.);
#1452=ORIENTED_EDGE('',*,*,#1053,.T.);
#1453=ORIENTED_EDGE('',*,*,#1054,.T.);
#1454=ORIENTED_EDGE('',*,*,#1055,.F.);
#1455=ORIENTED_EDGE('',*,*,#1056,.F.);
#1456=ORIENTED_EDGE('',*,*,#1051,.T.);
#1457=ORIENTED_EDGE('',*,*,#1057,.T.);
#1458=ORIENTED_EDGE('',*,*,#1058,.F.);
#1459=ORIENTED_EDGE('',*,*,#1059,.F.);
#1460=ORIENTED_EDGE('',*,*,#1055,.T.);
#1461=ORIENTED_EDGE('',*,*,#1060,.T.);
#1462=ORIENTED_EDGE('',*,*,#1061,.F.);
#1463=ORIENTED_EDGE('',*,*,#1062,.F.);
#1464=ORIENTED_EDGE('',*,*,#1058,.T.);
#1465=ORIENTED_EDGE('',*,*,#1063,.T.);
#1466=ORIENTED_EDGE('',*,*,#1064,.F.);
#1467=ORIENTED_EDGE('',*,*,#1065,.F.);
#1468=ORIENTED_EDGE('',*,*,#1061,.T.);
#1469=ORIENTED_EDGE('',*,*,#1066,.T.);
#1470=ORIENTED_EDGE('',*,*,#1067,.F.);
#1471=ORIENTED_EDGE('',*,*,#1068,.F.);
#1472=ORIENTED_EDGE('',*,*,#1064,.T.);
#1473=ORIENTED_EDGE('',*,*,#1069,.T.);
#1474=ORIENTED_EDGE('',*,*,#1070,.F.);
#1475=ORIENTED_EDGE('',*,*,#1071,.F.);
#1476=ORIENTED_EDGE('',*,*,#1067,.T.);
#1477=ORIENTED_EDGE('',*,*,#1072,.T.);
#1478=ORIENTED_EDGE('',*,*,#1073,.F.);
#1479=ORIENTED_EDGE('',*,*,#1074,.F.);
#1480=ORIENTED_EDGE('',*,*,#1070,.T.);
#1481=ORIENTED_EDGE('',*,*,#1075,.T.);
#1482=ORIENTED_EDGE('',*,*,#1076,.F.);
#1483=ORIENTED_EDGE('',*,*,#1077,.F.);
#1484=ORIENTED_EDGE('',*,*,#1073,.T.);
#1485=ORIENTED_EDGE('',*,*,#1078,.T.);
#1486=ORIENTED_EDGE('',*,*,#1079,.F.);
#1487=ORIENTED_EDGE('',*,*,#1080,.F.);
#1488=ORIENTED_EDGE('',*,*,#1076,.T.);
#1489=ORIENTED_EDGE('',*,*,#1081,.T.);
#1490=ORIENTED_EDGE('',*,*,#1082,.F.);
#1491=ORIENTED_EDGE('',*,*,#1083,.F.);
#1492=ORIENTED_EDGE('',*,*,#1079,.T.);
#1493=ORIENTED_EDGE('',*,*,#1084,.T.);
#1494=ORIENTED_EDGE('',*,*,#1085,.F.);
#1495=ORIENTED_EDGE('',*,*,#1086,.F.);
#1496=ORIENTED_EDGE('',*,*,#1082,.T.);
#1497=ORIENTED_EDGE('',*,*,#1087,.T.);
#1498=ORIENTED_EDGE('',*,*,#1088,.F.);
#1499=ORIENTED_EDGE('',*,*,#1089,.F.);
#1500=ORIENTED_EDGE('',*,*,#1085,.T.);
#1501=ORIENTED_EDGE('',*,*,#1090,.T.);
#1502=ORIENTED_EDGE('',*,*,#1091,.F.);
#1503=ORIENTED_EDGE('',*,*,#1092,.F.);
#1504=ORIENTED_EDGE('',*,*,#1088,.T.);
#1505=ORIENTED_EDGE('',*,*,#1093,.T.);
#1506=ORIENTED_EDGE('',*,*,#1094,.F.);
#1507=ORIENTED_EDGE('',*,*,#1095,.F.);
#1508=ORIENTED_EDGE('',*,*,#1091,.T.);
#1509=ORIENTED_EDGE('',*,*,#1096,.T.);
#1510=ORIENTED_EDGE('',*,*,#1097,.F.);
#1511=ORIENTED_EDGE('',*,*,#1098,.F.);
#1512=ORIENTED_EDGE('',*,*,#1094,.T.);
#1513=ORIENTED_EDGE('',*,*,#1099,.T.);
#1514=ORIENTED_EDGE('',*,*,#1100,.F.);
#1515=ORIENTED_EDGE('',*,*,#1101,.F.);
#1516=ORIENTED_EDGE('',*,*,#1097,.T.);
#1517=ORIENTED_EDGE('',*,*,#1102,.T.);
#1518=ORIENTED_EDGE('',*,*,#1103,.F.);
#1519=ORIENTED_EDGE('',*,*,#1104,.F.);
#1520=ORIENTED_EDGE('',*,*,#1100,.T.);
#1521=ORIENTED_EDGE('',*,*,#1105,.T.);
#1522=ORIENTED_EDGE('',*,*,#1106,.F.);
#1523=ORIENTED_EDGE('',*,*,#1107,.F.);
#1524=ORIENTED_EDGE('',*,*,#1103,.T.);
#1525=ORIENTED_EDGE('',*,*,#1108,.T.);
#1526=ORIENTED_EDGE('',*,*,#1109,.F.);
#1527=ORIENTED_EDGE('',*,*,#1110,.F.);
#1528=ORIENTED_EDGE('',*,*,#1106,.T.);
#1529=ORIENTED_EDGE('',*,*,#1111,.T.);
#1530=ORIENTED_EDGE('',*,*,#1112,.F.);
#1531=ORIENTED_EDGE('',*,*,#1113,.F.);
#1532=ORIENTED_EDGE('',*,*,#1109,.T.);
#1533=ORIENTED_EDGE('',*,*,#1114,.T.);
#1534=ORIENTED_EDGE('',*,*,#1053,.F.);
#1535=ORIENTED_EDGE('',*,*,#1115,.F.);
#1536=ORIENTED_EDGE('',*,*,#1112,.T.);
#1537=ORIENTED_EDGE('',*,*,#1083,.T.);
#1538=ORIENTED_EDGE('',*,*,#1086,.T.);
#1539=ORIENTED_EDGE('',*,*,#1089,.T.);
#1540=ORIENTED_EDGE('',*,*,#1092,.T.);
#1541=ORIENTED_EDGE('',*,*,#1095,.T.);
#1542=ORIENTED_EDGE('',*,*,#1098,.T.);
#1543=ORIENTED_EDGE('',*,*,#1101,.T.);
#1544=ORIENTED_EDGE('',*,*,#1104,.T.);
#1545=ORIENTED_EDGE('',*,*,#1107,.T.);
#1546=ORIENTED_EDGE('',*,*,#1110,.T.);
#1547=ORIENTED_EDGE('',*,*,#1113,.T.);
#1548=ORIENTED_EDGE('',*,*,#1115,.T.);
#1549=ORIENTED_EDGE('',*,*,#1052,.T.);
#1550=ORIENTED_EDGE('',*,*,#1056,.T.);
#1551=ORIENTED_EDGE('',*,*,#1059,.T.);
#1552=ORIENTED_EDGE('',*,*,#1062,.T.);
#1553=ORIENTED_EDGE('',*,*,#1065,.T.);
#1554=ORIENTED_EDGE('',*,*,#1068,.T.);
#1555=ORIENTED_EDGE('',*,*,#1071,.T.);
#1556=ORIENTED_EDGE('',*,*,#1074,.T.);
#1557=ORIENTED_EDGE('',*,*,#1077,.T.);
#1558=ORIENTED_EDGE('',*,*,#1080,.T.);
#1559=ORIENTED_EDGE('',*,*,#1084,.F.);
#1560=ORIENTED_EDGE('',*,*,#1081,.F.);
#1561=ORIENTED_EDGE('',*,*,#1078,.F.);
#1562=ORIENTED_EDGE('',*,*,#1075,.F.);
#1563=ORIENTED_EDGE('',*,*,#1072,.F.);
#1564=ORIENTED_EDGE('',*,*,#1069,.F.);
#1565=ORIENTED_EDGE('',*,*,#1066,.F.);
#1566=ORIENTED_EDGE('',*,*,#1063,.F.);
#1567=ORIENTED_EDGE('',*,*,#1060,.F.);
#1568=ORIENTED_EDGE('',*,*,#1057,.F.);
#1569=ORIENTED_EDGE('',*,*,#1054,.F.);
#1570=ORIENTED_EDGE('',*,*,#1050,.F.);
#1571=ORIENTED_EDGE('',*,*,#1114,.F.);
#1572=ORIENTED_EDGE('',*,*,#1111,.F.);
#1573=ORIENTED_EDGE('',*,*,#1108,.F.);
#1574=ORIENTED_EDGE('',*,*,#1105,.F.);
#1575=ORIENTED_EDGE('',*,*,#1102,.F.);
#1576=ORIENTED_EDGE('',*,*,#1099,.F.);
#1577=ORIENTED_EDGE('',*,*,#1096,.F.);
#1578=ORIENTED_EDGE('',*,*,#1093,.F.);
#1579=ORIENTED_EDGE('',*,*,#1090,.F.);
#1580=ORIENTED_EDGE('',*,*,#1087,.F.);
#1581=ORIENTED_EDGE('',*,*,#1116,.T.);
#1582=ORIENTED_EDGE('',*,*,#1117,.T.);
#1583=ORIENTED_EDGE('',*,*,#1118,.T.);
#1584=ORIENTED_EDGE('',*,*,#1119,.T.);
#1585=ORIENTED_EDGE('',*,*,#1120,.F.);
#1586=ORIENTED_EDGE('',*,*,#1121,.T.);
#1587=ORIENTED_EDGE('',*,*,#1122,.T.);
#1588=ORIENTED_EDGE('',*,*,#1123,.F.);
#1589=ORIENTED_EDGE('',*,*,#1124,.F.);
#1590=ORIENTED_EDGE('',*,*,#1125,.T.);
#1591=ORIENTED_EDGE('',*,*,#1116,.F.);
#1592=ORIENTED_EDGE('',*,*,#1126,.F.);
#1593=ORIENTED_EDGE('',*,*,#1127,.T.);
#1594=ORIENTED_EDGE('',*,*,#1128,.T.);
#1595=ORIENTED_EDGE('',*,*,#1117,.F.);
#1596=ORIENTED_EDGE('',*,*,#1125,.F.);
#1597=ORIENTED_EDGE('',*,*,#1129,.F.);
#1598=ORIENTED_EDGE('',*,*,#1130,.T.);
#1599=ORIENTED_EDGE('',*,*,#1118,.F.);
#1600=ORIENTED_EDGE('',*,*,#1128,.F.);
#1601=ORIENTED_EDGE('',*,*,#1131,.F.);
#1602=ORIENTED_EDGE('',*,*,#1132,.T.);
#1603=ORIENTED_EDGE('',*,*,#1133,.T.);
#1604=ORIENTED_EDGE('',*,*,#1134,.F.);
#1605=ORIENTED_EDGE('',*,*,#1135,.F.);
#1606=ORIENTED_EDGE('',*,*,#1126,.T.);
#1607=ORIENTED_EDGE('',*,*,#1119,.F.);
#1608=ORIENTED_EDGE('',*,*,#1130,.F.);
#1609=ORIENTED_EDGE('',*,*,#1136,.F.);
#1610=ORIENTED_EDGE('',*,*,#1133,.F.);
#1611=ORIENTED_EDGE('',*,*,#1137,.F.);
#1612=ORIENTED_EDGE('',*,*,#1122,.F.);
#1613=ORIENTED_EDGE('',*,*,#1138,.F.);
#1614=ORIENTED_EDGE('',*,*,#1136,.T.);
#1615=ORIENTED_EDGE('',*,*,#1121,.F.);
#1616=ORIENTED_EDGE('',*,*,#1139,.F.);
#1617=ORIENTED_EDGE('',*,*,#1134,.T.);
#1618=ORIENTED_EDGE('',*,*,#1138,.T.);
#1619=ORIENTED_EDGE('',*,*,#1140,.T.);
#1620=ORIENTED_EDGE('',*,*,#1141,.F.);
#1621=ORIENTED_EDGE('',*,*,#1140,.F.);
#1622=ORIENTED_EDGE('',*,*,#1142,.F.);
#1623=ORIENTED_EDGE('',*,*,#1123,.T.);
#1624=ORIENTED_EDGE('',*,*,#1137,.T.);
#1625=ORIENTED_EDGE('',*,*,#1132,.F.);
#1626=ORIENTED_EDGE('',*,*,#1120,.T.);
#1627=ORIENTED_EDGE('',*,*,#1135,.T.);
#1628=ORIENTED_EDGE('',*,*,#1129,.T.);
#1629=ORIENTED_EDGE('',*,*,#1139,.T.);
#1630=ORIENTED_EDGE('',*,*,#1141,.T.);
#1631=ORIENTED_EDGE('',*,*,#1143,.T.);
#1632=ORIENTED_EDGE('',*,*,#1144,.T.);
#1633=ORIENTED_EDGE('',*,*,#1145,.T.);
#1634=ORIENTED_EDGE('',*,*,#1146,.T.);
#1635=ORIENTED_EDGE('',*,*,#1147,.T.);
#1636=ORIENTED_EDGE('',*,*,#1148,.T.);
#1637=ORIENTED_EDGE('',*,*,#1149,.T.);
#1638=ORIENTED_EDGE('',*,*,#1150,.T.);
#1639=ORIENTED_EDGE('',*,*,#1151,.T.);
#1640=ORIENTED_EDGE('',*,*,#1152,.T.);
#1641=ORIENTED_EDGE('',*,*,#1153,.T.);
#1642=ORIENTED_EDGE('',*,*,#1154,.T.);
#1643=ORIENTED_EDGE('',*,*,#1155,.T.);
#1644=ORIENTED_EDGE('',*,*,#1156,.T.);
#1645=ORIENTED_EDGE('',*,*,#1157,.T.);
#1646=ORIENTED_EDGE('',*,*,#1158,.T.);
#1647=ORIENTED_EDGE('',*,*,#1159,.T.);
#1648=ORIENTED_EDGE('',*,*,#1160,.T.);
#1649=ORIENTED_EDGE('',*,*,#1161,.T.);
#1650=ORIENTED_EDGE('',*,*,#1162,.T.);
#1651=ORIENTED_EDGE('',*,*,#1163,.T.);
#1652=ORIENTED_EDGE('',*,*,#1164,.T.);
#1653=ORIENTED_EDGE('',*,*,#1165,.T.);
#1654=ORIENTED_EDGE('',*,*,#1166,.T.);
#1655=ORIENTED_EDGE('',*,*,#1167,.T.);
#1656=ORIENTED_EDGE('',*,*,#1168,.T.);
#1657=ORIENTED_EDGE('',*,*,#1169,.T.);
#1658=ORIENTED_EDGE('',*,*,#1170,.T.);
#1659=ORIENTED_EDGE('',*,*,#1171,.T.);
#1660=ORIENTED_EDGE('',*,*,#1172,.T.);
#1661=ORIENTED_EDGE('',*,*,#1173,.T.);
#1662=ORIENTED_EDGE('',*,*,#1174,.T.);
#1663=ORIENTED_EDGE('',*,*,#1175,.T.);
#1664=ORIENTED_EDGE('',*,*,#1176,.T.);
#1665=ORIENTED_EDGE('',*,*,#1177,.T.);
#1666=ORIENTED_EDGE('',*,*,#1178,.T.);
#1667=ORIENTED_EDGE('',*,*,#1179,.T.);
#1668=ORIENTED_EDGE('',*,*,#1180,.T.);
#1669=ORIENTED_EDGE('',*,*,#1127,.F.);
#1670=ORIENTED_EDGE('',*,*,#1124,.T.);
#1671=ORIENTED_EDGE('',*,*,#1142,.T.);
#1672=ORIENTED_EDGE('',*,*,#1131,.T.);
#1673=ORIENTED_EDGE('',*,*,#1181,.T.);
#1674=ORIENTED_EDGE('',*,*,#1182,.T.);
#1675=ORIENTED_EDGE('',*,*,#1183,.T.);
#1676=ORIENTED_EDGE('',*,*,#1184,.T.);
#1677=ORIENTED_EDGE('',*,*,#1185,.T.);
#1678=ORIENTED_EDGE('',*,*,#1186,.T.);
#1679=ORIENTED_EDGE('',*,*,#1187,.T.);
#1680=ORIENTED_EDGE('',*,*,#1188,.T.);
#1681=ORIENTED_EDGE('',*,*,#1189,.T.);
#1682=ORIENTED_EDGE('',*,*,#1190,.T.);
#1683=ORIENTED_EDGE('',*,*,#1191,.T.);
#1684=ORIENTED_EDGE('',*,*,#1192,.T.);
#1685=ORIENTED_EDGE('',*,*,#1193,.T.);
#1686=ORIENTED_EDGE('',*,*,#1194,.T.);
#1687=ORIENTED_EDGE('',*,*,#1195,.T.);
#1688=ORIENTED_EDGE('',*,*,#1196,.T.);
#1689=ORIENTED_EDGE('',*,*,#1197,.T.);
#1690=ORIENTED_EDGE('',*,*,#1198,.T.);
#1691=ORIENTED_EDGE('',*,*,#1199,.T.);
#1692=ORIENTED_EDGE('',*,*,#1200,.T.);
#1693=ORIENTED_EDGE('',*,*,#1201,.T.);
#1694=ORIENTED_EDGE('',*,*,#1202,.T.);
#1695=ORIENTED_EDGE('',*,*,#1203,.T.);
#1696=ORIENTED_EDGE('',*,*,#1204,.T.);
#1697=ORIENTED_EDGE('',*,*,#1205,.T.);
#1698=ORIENTED_EDGE('',*,*,#1206,.T.);
#1699=ORIENTED_EDGE('',*,*,#1207,.T.);
#1700=ORIENTED_EDGE('',*,*,#1208,.T.);
#1701=ORIENTED_EDGE('',*,*,#1209,.T.);
#1702=ORIENTED_EDGE('',*,*,#1210,.T.);
#1703=ORIENTED_EDGE('',*,*,#1211,.T.);
#1704=ORIENTED_EDGE('',*,*,#1212,.T.);
#1705=ORIENTED_EDGE('',*,*,#1213,.T.);
#1706=ORIENTED_EDGE('',*,*,#1214,.T.);
#1707=ORIENTED_EDGE('',*,*,#1215,.T.);
#1708=ORIENTED_EDGE('',*,*,#1216,.T.);
#1709=ORIENTED_EDGE('',*,*,#1217,.T.);
#1710=ORIENTED_EDGE('',*,*,#1218,.T.);
#1711=ORIENTED_EDGE('',*,*,#1191,.F.);
#1712=ORIENTED_EDGE('',*,*,#1219,.F.);
#1713=ORIENTED_EDGE('',*,*,#1155,.F.);
#1714=ORIENTED_EDGE('',*,*,#1220,.T.);
#1715=ORIENTED_EDGE('',*,*,#1190,.F.);
#1716=ORIENTED_EDGE('',*,*,#1221,.F.);
#1717=ORIENTED_EDGE('',*,*,#1156,.F.);
#1718=ORIENTED_EDGE('',*,*,#1219,.T.);
#1719=ORIENTED_EDGE('',*,*,#1189,.F.);
#1720=ORIENTED_EDGE('',*,*,#1222,.F.);
#1721=ORIENTED_EDGE('',*,*,#1157,.F.);
#1722=ORIENTED_EDGE('',*,*,#1221,.T.);
#1723=ORIENTED_EDGE('',*,*,#1188,.F.);
#1724=ORIENTED_EDGE('',*,*,#1223,.F.);
#1725=ORIENTED_EDGE('',*,*,#1158,.F.);
#1726=ORIENTED_EDGE('',*,*,#1222,.T.);
#1727=ORIENTED_EDGE('',*,*,#1187,.F.);
#1728=ORIENTED_EDGE('',*,*,#1224,.F.);
#1729=ORIENTED_EDGE('',*,*,#1159,.F.);
#1730=ORIENTED_EDGE('',*,*,#1223,.T.);
#1731=ORIENTED_EDGE('',*,*,#1186,.F.);
#1732=ORIENTED_EDGE('',*,*,#1225,.F.);
#1733=ORIENTED_EDGE('',*,*,#1160,.F.);
#1734=ORIENTED_EDGE('',*,*,#1224,.T.);
#1735=ORIENTED_EDGE('',*,*,#1185,.F.);
#1736=ORIENTED_EDGE('',*,*,#1226,.F.);
#1737=ORIENTED_EDGE('',*,*,#1161,.F.);
#1738=ORIENTED_EDGE('',*,*,#1225,.T.);
#1739=ORIENTED_EDGE('',*,*,#1184,.F.);
#1740=ORIENTED_EDGE('',*,*,#1227,.F.);
#1741=ORIENTED_EDGE('',*,*,#1162,.F.);
#1742=ORIENTED_EDGE('',*,*,#1226,.T.);
#1743=ORIENTED_EDGE('',*,*,#1183,.F.);
#1744=ORIENTED_EDGE('',*,*,#1228,.F.);
#1745=ORIENTED_EDGE('',*,*,#1163,.F.);
#1746=ORIENTED_EDGE('',*,*,#1227,.T.);
#1747=ORIENTED_EDGE('',*,*,#1182,.F.);
#1748=ORIENTED_EDGE('',*,*,#1229,.F.);
#1749=ORIENTED_EDGE('',*,*,#1164,.F.);
#1750=ORIENTED_EDGE('',*,*,#1228,.T.);
#1751=ORIENTED_EDGE('',*,*,#1181,.F.);
#1752=ORIENTED_EDGE('',*,*,#1230,.F.);
#1753=ORIENTED_EDGE('',*,*,#1143,.F.);
#1754=ORIENTED_EDGE('',*,*,#1229,.T.);
#1755=ORIENTED_EDGE('',*,*,#1202,.F.);
#1756=ORIENTED_EDGE('',*,*,#1231,.F.);
#1757=ORIENTED_EDGE('',*,*,#1144,.F.);
#1758=ORIENTED_EDGE('',*,*,#1230,.T.);
#1759=ORIENTED_EDGE('',*,*,#1201,.F.);
#1760=ORIENTED_EDGE('',*,*,#1232,.F.);
#1761=ORIENTED_EDGE('',*,*,#1145,.F.);
#1762=ORIENTED_EDGE('',*,*,#1231,.T.);
#1763=ORIENTED_EDGE('',*,*,#1200,.F.);
#1764=ORIENTED_EDGE('',*,*,#1233,.F.);
#1765=ORIENTED_EDGE('',*,*,#1146,.F.);
#1766=ORIENTED_EDGE('',*,*,#1232,.T.);
#1767=ORIENTED_EDGE('',*,*,#1199,.F.);
#1768=ORIENTED_EDGE('',*,*,#1234,.F.);
#1769=ORIENTED_EDGE('',*,*,#1147,.F.);
#1770=ORIENTED_EDGE('',*,*,#1233,.T.);
#1771=ORIENTED_EDGE('',*,*,#1198,.F.);
#1772=ORIENTED_EDGE('',*,*,#1235,.F.);
#1773=ORIENTED_EDGE('',*,*,#1148,.F.);
#1774=ORIENTED_EDGE('',*,*,#1234,.T.);
#1775=ORIENTED_EDGE('',*,*,#1197,.F.);
#1776=ORIENTED_EDGE('',*,*,#1236,.F.);
#1777=ORIENTED_EDGE('',*,*,#1149,.F.);
#1778=ORIENTED_EDGE('',*,*,#1235,.T.);
#1779=ORIENTED_EDGE('',*,*,#1196,.F.);
#1780=ORIENTED_EDGE('',*,*,#1237,.F.);
#1781=ORIENTED_EDGE('',*,*,#1150,.F.);
#1782=ORIENTED_EDGE('',*,*,#1236,.T.);
#1783=ORIENTED_EDGE('',*,*,#1195,.F.);
#1784=ORIENTED_EDGE('',*,*,#1238,.F.);
#1785=ORIENTED_EDGE('',*,*,#1151,.F.);
#1786=ORIENTED_EDGE('',*,*,#1237,.T.);
#1787=ORIENTED_EDGE('',*,*,#1194,.F.);
#1788=ORIENTED_EDGE('',*,*,#1239,.F.);
#1789=ORIENTED_EDGE('',*,*,#1152,.F.);
#1790=ORIENTED_EDGE('',*,*,#1238,.T.);
#1791=ORIENTED_EDGE('',*,*,#1193,.F.);
#1792=ORIENTED_EDGE('',*,*,#1240,.F.);
#1793=ORIENTED_EDGE('',*,*,#1153,.F.);
#1794=ORIENTED_EDGE('',*,*,#1239,.T.);
#1795=ORIENTED_EDGE('',*,*,#1192,.F.);
#1796=ORIENTED_EDGE('',*,*,#1220,.F.);
#1797=ORIENTED_EDGE('',*,*,#1154,.F.);
#1798=ORIENTED_EDGE('',*,*,#1240,.T.);
#1799=ORIENTED_EDGE('',*,*,#1204,.F.);
#1800=ORIENTED_EDGE('',*,*,#1241,.F.);
#1801=ORIENTED_EDGE('',*,*,#1168,.F.);
#1802=ORIENTED_EDGE('',*,*,#1242,.T.);
#1803=ORIENTED_EDGE('',*,*,#1203,.F.);
#1804=ORIENTED_EDGE('',*,*,#1243,.F.);
#1805=ORIENTED_EDGE('',*,*,#1165,.F.);
#1806=ORIENTED_EDGE('',*,*,#1241,.T.);
#1807=ORIENTED_EDGE('',*,*,#1206,.F.);
#1808=ORIENTED_EDGE('',*,*,#1244,.F.);
#1809=ORIENTED_EDGE('',*,*,#1166,.F.);
#1810=ORIENTED_EDGE('',*,*,#1243,.T.);
#1811=ORIENTED_EDGE('',*,*,#1205,.F.);
#1812=ORIENTED_EDGE('',*,*,#1242,.F.);
#1813=ORIENTED_EDGE('',*,*,#1167,.F.);
#1814=ORIENTED_EDGE('',*,*,#1244,.T.);
#1815=ORIENTED_EDGE('',*,*,#1212,.F.);
#1816=ORIENTED_EDGE('',*,*,#1245,.F.);
#1817=ORIENTED_EDGE('',*,*,#1176,.F.);
#1818=ORIENTED_EDGE('',*,*,#1246,.T.);
#1819=ORIENTED_EDGE('',*,*,#1211,.F.);
#1820=ORIENTED_EDGE('',*,*,#1247,.F.);
#1821=ORIENTED_EDGE('',*,*,#1177,.F.);
#1822=ORIENTED_EDGE('',*,*,#1245,.T.);
#1823=ORIENTED_EDGE('',*,*,#1210,.F.);
#1824=ORIENTED_EDGE('',*,*,#1248,.F.);
#1825=ORIENTED_EDGE('',*,*,#1178,.F.);
#1826=ORIENTED_EDGE('',*,*,#1247,.T.);
#1827=ORIENTED_EDGE('',*,*,#1209,.F.);
#1828=ORIENTED_EDGE('',*,*,#1249,.F.);
#1829=ORIENTED_EDGE('',*,*,#1179,.F.);
#1830=ORIENTED_EDGE('',*,*,#1248,.T.);
#1831=ORIENTED_EDGE('',*,*,#1208,.F.);
#1832=ORIENTED_EDGE('',*,*,#1250,.F.);
#1833=ORIENTED_EDGE('',*,*,#1180,.F.);
#1834=ORIENTED_EDGE('',*,*,#1249,.T.);
#1835=ORIENTED_EDGE('',*,*,#1207,.F.);
#1836=ORIENTED_EDGE('',*,*,#1251,.F.);
#1837=ORIENTED_EDGE('',*,*,#1169,.F.);
#1838=ORIENTED_EDGE('',*,*,#1250,.T.);
#1839=ORIENTED_EDGE('',*,*,#1218,.F.);
#1840=ORIENTED_EDGE('',*,*,#1252,.F.);
#1841=ORIENTED_EDGE('',*,*,#1170,.F.);
#1842=ORIENTED_EDGE('',*,*,#1251,.T.);
#1843=ORIENTED_EDGE('',*,*,#1217,.F.);
#1844=ORIENTED_EDGE('',*,*,#1253,.F.);
#1845=ORIENTED_EDGE('',*,*,#1171,.F.);
#1846=ORIENTED_EDGE('',*,*,#1252,.T.);
#1847=ORIENTED_EDGE('',*,*,#1216,.F.);
#1848=ORIENTED_EDGE('',*,*,#1254,.F.);
#1849=ORIENTED_EDGE('',*,*,#1172,.F.);
#1850=ORIENTED_EDGE('',*,*,#1253,.T.);
#1851=ORIENTED_EDGE('',*,*,#1215,.F.);
#1852=ORIENTED_EDGE('',*,*,#1255,.F.);
#1853=ORIENTED_EDGE('',*,*,#1173,.F.);
#1854=ORIENTED_EDGE('',*,*,#1254,.T.);
#1855=ORIENTED_EDGE('',*,*,#1214,.F.);
#1856=ORIENTED_EDGE('',*,*,#1256,.F.);
#1857=ORIENTED_EDGE('',*,*,#1174,.F.);
#1858=ORIENTED_EDGE('',*,*,#1255,.T.);
#1859=ORIENTED_EDGE('',*,*,#1213,.F.);
#1860=ORIENTED_EDGE('',*,*,#1246,.F.);
#1861=ORIENTED_EDGE('',*,*,#1175,.F.);
#1862=ORIENTED_EDGE('',*,*,#1256,.T.);
#1863=B_SPLINE_SURFACE_WITH_KNOTS('',3,1,((#2331,#2332),(#2333,#2334),(#2335,
#2336),(#2337,#2338),(#2339,#2340)),.UNSPECIFIED.,.F.,.F.,.F.,(4,1,4),(2,
2),(-0.336006008242764,-0.205995755633303,0.),(0.,0.55),.UNSPECIFIED.);
#1864=B_SPLINE_SURFACE_WITH_KNOTS('',3,1,((#2359,#2360),(#2361,#2362),(#2363,
#2364),(#2365,#2366),(#2367,#2368)),.UNSPECIFIED.,.F.,.F.,.F.,(4,1,4),(2,
2),(-0.170291808629417,-0.0888519269407369,0.),(0.,0.55),.UNSPECIFIED.);
#1865=B_SPLINE_SURFACE_WITH_KNOTS('',3,1,((#2384,#2385),(#2386,#2387),(#2388,
#2389),(#2390,#2391),(#2392,#2393)),.UNSPECIFIED.,.F.,.F.,.F.,(4,1,4),(2,
2),(-0.157930495414354,-0.078136643188655,0.),(0.,0.55),.UNSPECIFIED.);
#1866=B_SPLINE_SURFACE_WITH_KNOTS('',3,1,((#2409,#2410),(#2411,#2412),(#2413,
#2414),(#2415,#2416),(#2417,#2418)),.UNSPECIFIED.,.F.,.F.,.F.,(4,1,4),(2,
2),(-0.346684596116817,-0.138541975825829,0.),(0.,0.55),.UNSPECIFIED.);
#1867=B_SPLINE_SURFACE_WITH_KNOTS('',3,1,((#2434,#2435),(#2436,#2437),(#2438,
#2439),(#2440,#2441),(#2442,#2443)),.UNSPECIFIED.,.F.,.F.,.F.,(4,1,4),(2,
2),(-0.335661090651214,-0.205570450211937,0.),(0.,0.55),.UNSPECIFIED.);
#1868=B_SPLINE_SURFACE_WITH_KNOTS('',3,1,((#2459,#2460),(#2461,#2462),(#2463,
#2464),(#2465,#2466),(#2467,#2468)),.UNSPECIFIED.,.F.,.F.,.F.,(4,1,4),(2,
2),(-0.169250676984269,-0.0887796174688742,0.),(0.,0.55),.UNSPECIFIED.);
#1869=B_SPLINE_SURFACE_WITH_KNOTS('',3,1,((#2484,#2485),(#2486,#2487),(#2488,
#2489),(#2490,#2491),(#2492,#2493)),.UNSPECIFIED.,.F.,.F.,.F.,(4,1,4),(2,
2),(-0.169448749761436,-0.0804926866743731,0.),(0.,0.55),.UNSPECIFIED.);
#1870=B_SPLINE_SURFACE_WITH_KNOTS('',3,1,((#2509,#2510),(#2511,#2512),(#2513,
#2514),(#2515,#2516),(#2517,#2518)),.UNSPECIFIED.,.F.,.F.,.F.,(4,1,4),(2,
2),(-0.335316243028855,-0.130171034435911,0.),(0.,0.55),.UNSPECIFIED.);
#1871=B_SPLINE_SURFACE_WITH_KNOTS('',3,1,((#2533,#2534),(#2535,#2536),(#2537,
#2538),(#2539,#2540),(#2541,#2542)),.UNSPECIFIED.,.F.,.F.,.F.,(4,1,4),(2,
2),(-0.336006008242764,-0.205995755633303,0.),(0.,0.066),.UNSPECIFIED.);
#1872=B_SPLINE_SURFACE_WITH_KNOTS('',3,1,((#2561,#2562),(#2563,#2564),(#2565,
#2566),(#2567,#2568),(#2569,#2570)),.UNSPECIFIED.,.F.,.F.,.F.,(4,1,4),(2,
2),(-0.170291808629417,-0.0888519269407369,0.),(0.,0.066),.UNSPECIFIED.);
#1873=B_SPLINE_SURFACE_WITH_KNOTS('',3,1,((#2586,#2587),(#2588,#2589),(#2590,
#2591),(#2592,#2593),(#2594,#2595)),.UNSPECIFIED.,.F.,.F.,.F.,(4,1,4),(2,
2),(-0.157930495414354,-0.078136643188655,0.),(0.,0.066),.UNSPECIFIED.);
#1874=B_SPLINE_SURFACE_WITH_KNOTS('',3,1,((#2611,#2612),(#2613,#2614),(#2615,
#2616),(#2617,#2618),(#2619,#2620)),.UNSPECIFIED.,.F.,.F.,.F.,(4,1,4),(2,
2),(-0.346684596116817,-0.138541975825829,0.),(0.,0.066),.UNSPECIFIED.);
#1875=B_SPLINE_SURFACE_WITH_KNOTS('',3,1,((#2636,#2637),(#2638,#2639),(#2640,
#2641),(#2642,#2643),(#2644,#2645)),.UNSPECIFIED.,.F.,.F.,.F.,(4,1,4),(2,
2),(-0.237851607460451,-0.104291668902067,0.),(0.,0.066),.UNSPECIFIED.);
#1876=B_SPLINE_SURFACE_WITH_KNOTS('',3,1,((#2664,#2665),(#2666,#2667),(#2668,
#2669),(#2670,#2671),(#2672,#2673)),.UNSPECIFIED.,.F.,.F.,.F.,(4,1,4),(2,
2),(-0.287268142291038,-0.159277775532396,0.),(0.,0.066),.UNSPECIFIED.);
#1877=B_SPLINE_SURFACE_WITH_KNOTS('',3,1,((#2689,#2690),(#2691,#2692),(#2693,
#2694),(#2695,#2696),(#2697,#2698)),.UNSPECIFIED.,.F.,.F.,.F.,(4,1,4),(2,
2),(-0.201062898627169,-0.105922758671558,0.),(0.,0.066),.UNSPECIFIED.);
#1878=B_SPLINE_SURFACE_WITH_KNOTS('',3,1,((#2714,#2715),(#2716,#2717),(#2718,
#2719),(#2720,#2721),(#2722,#2723)),.UNSPECIFIED.,.F.,.F.,.F.,(4,1,4),(2,
2),(-0.194113498533806,-0.0926770739647712,0.),(0.,0.066),.UNSPECIFIED.);
#1879=B_SPLINE_SURFACE_WITH_KNOTS('',3,1,((#2739,#2740),(#2741,#2742),(#2743,
#2744),(#2745,#2746),(#2747,#2748)),.UNSPECIFIED.,.F.,.F.,.F.,(4,1,4),(2,
2),(-0.256817342867918,-0.131669362589219,0.),(0.,0.066),.UNSPECIFIED.);
#1880=B_SPLINE_SURFACE_WITH_KNOTS('',3,1,((#2764,#2765),(#2766,#2767),(#2768,
#2769),(#2770,#2771),(#2772,#2773)),.UNSPECIFIED.,.F.,.F.,.F.,(4,1,4),(2,
2),(-0.423798123082955,-0.180044075966027,0.),(0.,0.066),.UNSPECIFIED.);
#1881=B_SPLINE_SURFACE_WITH_KNOTS('',3,1,((#2789,#2790),(#2791,#2792),(#2793,
#2794),(#2795,#2796),(#2797,#2798)),.UNSPECIFIED.,.F.,.F.,.F.,(4,1,4),(2,
2),(-0.335661090651214,-0.205570450211937,0.),(0.,0.066),.UNSPECIFIED.);
#1882=B_SPLINE_SURFACE_WITH_KNOTS('',3,1,((#2814,#2815),(#2816,#2817),(#2818,
#2819),(#2820,#2821),(#2822,#2823)),.UNSPECIFIED.,.F.,.F.,.F.,(4,1,4),(2,
2),(-0.169250676984269,-0.0887796174688742,0.),(0.,0.066),.UNSPECIFIED.);
#1883=B_SPLINE_SURFACE_WITH_KNOTS('',3,1,((#2839,#2840),(#2841,#2842),(#2843,
#2844),(#2845,#2846),(#2847,#2848)),.UNSPECIFIED.,.F.,.F.,.F.,(4,1,4),(2,
2),(-0.169448749761436,-0.0804926866743731,0.),(0.,0.066),.UNSPECIFIED.);
#1884=B_SPLINE_SURFACE_WITH_KNOTS('',3,1,((#2864,#2865),(#2866,#2867),(#2868,
#2869),(#2870,#2871),(#2872,#2873)),.UNSPECIFIED.,.F.,.F.,.F.,(4,1,4),(2,
2),(-0.335316243028855,-0.130171034435911,0.),(0.,0.066),.UNSPECIFIED.);
#1885=B_SPLINE_SURFACE_WITH_KNOTS('',3,1,((#2886,#2887),(#2888,#2889),(#2890,
#2891),(#2892,#2893),(#2894,#2895)),.UNSPECIFIED.,.F.,.F.,.F.,(4,1,4),(2,
2),(-0.288682149480591,-0.160304205420918,0.),(0.,0.066),.UNSPECIFIED.);
#1886=B_SPLINE_SURFACE_WITH_KNOTS('',3,1,((#2911,#2912),(#2913,#2914),(#2915,
#2916),(#2917,#2918),(#2919,#2920)),.UNSPECIFIED.,.F.,.F.,.F.,(4,1,4),(2,
2),(-0.200960170287891,-0.105954942234015,0.),(0.,0.066),.UNSPECIFIED.);
#1887=B_SPLINE_SURFACE_WITH_KNOTS('',3,1,((#2935,#2936),(#2937,#2938),(#2939,
#2940),(#2941,#2942),(#2943,#2944)),.UNSPECIFIED.,.F.,.F.,.F.,(4,1,4),(2,
2),(-0.193322930651753,-0.0924050051278769,0.),(0.,0.066),.UNSPECIFIED.);
#1888=B_SPLINE_SURFACE_WITH_KNOTS('',3,1,((#2959,#2960),(#2961,#2962),(#2963,
#2964),(#2965,#2966),(#2967,#2968)),.UNSPECIFIED.,.F.,.F.,.F.,(4,1,4),(2,
2),(-0.145986469391239,-0.0759788126199147,0.),(0.,0.066),.UNSPECIFIED.);
#1889=B_SPLINE_SURFACE_WITH_KNOTS('',3,1,((#2984,#2985),(#2986,#2987),(#2988,
#2989),(#2990,#2991),(#2992,#2993)),.UNSPECIFIED.,.F.,.F.,.F.,(4,1,4),(2,
2),(-0.138205594222864,-0.0680953743457991,0.),(0.,0.066),.UNSPECIFIED.);
#1890=B_SPLINE_SURFACE_WITH_KNOTS('',3,1,((#3009,#3010),(#3011,#3012),(#3013,
#3014),(#3015,#3016),(#3017,#3018)),.UNSPECIFIED.,.F.,.F.,.F.,(4,1,4),(2,
2),(-0.161664261142133,-0.0763515214853463,0.),(0.,0.066),.UNSPECIFIED.);
#1891=B_SPLINE_SURFACE_WITH_KNOTS('',3,1,((#3068,#3069),(#3070,#3071),(#3072,
#3073),(#3074,#3075),(#3076,#3077)),.UNSPECIFIED.,.F.,.F.,.F.,(4,1,4),(2,
2),(-0.240834418831065,-0.128175131019178,0.),(0.,0.066),.UNSPECIFIED.);
#1892=B_SPLINE_SURFACE_WITH_KNOTS('',3,1,((#3093,#3094),(#3095,#3096),(#3097,
#3098),(#3099,#3100),(#3101,#3102)),.UNSPECIFIED.,.F.,.F.,.F.,(4,1,4),(2,
2),(-0.242967907764909,-0.113568647014716,0.),(0.,0.066),.UNSPECIFIED.);
#1893=B_SPLINE_SURFACE_WITH_KNOTS('',3,1,((#3118,#3119),(#3120,#3121),(#3122,
#3123),(#3124,#3125),(#3126,#3127)),.UNSPECIFIED.,.F.,.F.,.F.,(4,1,4),(2,
2),(-0.246067347896424,-0.13045702997376,0.),(0.,0.066),.UNSPECIFIED.);
#1894=B_SPLINE_SURFACE_WITH_KNOTS('',3,1,((#3143,#3144),(#3145,#3146),(#3147,
#3148),(#3149,#3150),(#3151,#3152)),.UNSPECIFIED.,.F.,.F.,.F.,(4,1,4),(2,
2),(-0.219759912377377,-0.109291846423887,0.),(0.,0.066),.UNSPECIFIED.);
#1895=B_SPLINE_SURFACE_WITH_KNOTS('',3,1,((#3168,#3169),(#3170,#3171),(#3172,
#3173),(#3174,#3175),(#3176,#3177)),.UNSPECIFIED.,.F.,.F.,.F.,(4,1,4),(2,
2),(-0.121155008994061,-0.0598314801593059,0.),(0.,0.066),.UNSPECIFIED.);
#1896=B_SPLINE_SURFACE_WITH_KNOTS('',3,1,((#3193,#3194),(#3195,#3196),(#3197,
#3198),(#3199,#3200),(#3201,#3202)),.UNSPECIFIED.,.F.,.F.,.F.,(4,1,4),(2,
2),(-0.147284119637258,-0.0678866255765862,0.),(0.,0.066),.UNSPECIFIED.);
#1897=B_SPLINE_SURFACE_WITH_KNOTS('',3,1,((#3217,#3218),(#3219,#3220),(#3221,
#3222),(#3223,#3224),(#3225,#3226)),.UNSPECIFIED.,.F.,.F.,.F.,(4,1,4),(2,
2),(-0.258596064752394,-0.107380554824056,0.),(0.,0.066),.UNSPECIFIED.);
#1898=B_SPLINE_SURFACE_WITH_KNOTS('',3,1,((#3242,#3243),(#3244,#3245),(#3246,
#3247),(#3248,#3249),(#3250,#3251)),.UNSPECIFIED.,.F.,.F.,.F.,(4,1,4),(2,
2),(-0.189700119920788,-0.119544851652049,0.),(0.,0.066),.UNSPECIFIED.);
#1899=B_SPLINE_SURFACE_WITH_KNOTS('',3,1,((#3267,#3268),(#3269,#3270),(#3271,
#3272),(#3273,#3274),(#3275,#3276)),.UNSPECIFIED.,.F.,.F.,.F.,(4,1,4),(2,
2),(-0.0844410386794566,-0.0438285355384425,0.),(0.,0.066),
 .UNSPECIFIED.);
#1900=B_SPLINE_SURFACE_WITH_KNOTS('',3,1,((#3310,#3311),(#3312,#3313),(#3314,
#3315),(#3316,#3317),(#3318,#3319)),.UNSPECIFIED.,.F.,.F.,.F.,(4,1,4),(2,
2),(-0.0868966325515169,-0.0435821716154077,0.),(0.,0.066),
 .UNSPECIFIED.);
#1901=B_SPLINE_SURFACE_WITH_KNOTS('',3,1,((#3335,#3336),(#3337,#3338),(#3339,
#3340),(#3341,#3342),(#3343,#3344)),.UNSPECIFIED.,.F.,.F.,.F.,(4,1,4),(2,
2),(-0.156235426553149,-0.0746270667227803,0.),(0.,0.066),.UNSPECIFIED.);
#1902=B_SPLINE_SURFACE_WITH_KNOTS('',3,1,((#3360,#3361),(#3362,#3363),(#3364,
#3365),(#3366,#3367),(#3368,#3369)),.UNSPECIFIED.,.F.,.F.,.F.,(4,1,4),(2,
2),(-0.220973142804143,-0.0979926326470873,0.),(0.,0.066),.UNSPECIFIED.);
#1903=B_SPLINE_SURFACE_WITH_KNOTS('',3,1,((#3385,#3386),(#3387,#3388),(#3389,
#3390),(#3391,#3392),(#3393,#3394)),.UNSPECIFIED.,.F.,.F.,.F.,(4,1,4),(2,
2),(-0.306086980506877,-0.181687236337187,0.),(0.,0.066),.UNSPECIFIED.);
#1904=B_SPLINE_SURFACE_WITH_KNOTS('',3,1,((#3410,#3411),(#3412,#3413),(#3414,
#3415),(#3416,#3417),(#3418,#3419)),.UNSPECIFIED.,.F.,.F.,.F.,(4,1,4),(2,
2),(-0.160409694096192,-0.0872841848397512,0.),(0.,0.066),.UNSPECIFIED.);
#1905=B_SPLINE_SURFACE_WITH_KNOTS('',3,1,((#3435,#3436),(#3437,#3438),(#3439,
#3440),(#3441,#3442),(#3443,#3444)),.UNSPECIFIED.,.F.,.F.,.F.,(4,1,4),(2,
2),(-0.136725262648532,-0.0685280859631162,0.),(0.,0.066),.UNSPECIFIED.);
#1906=B_SPLINE_SURFACE_WITH_KNOTS('',3,1,((#3459,#3460),(#3461,#3462),(#3463,
#3464),(#3465,#3466),(#3467,#3468)),.UNSPECIFIED.,.F.,.F.,.F.,(4,1,4),(2,
2),(-0.147903569679934,-0.0709045315361135,0.),(0.,0.066),.UNSPECIFIED.);
#1907=B_SPLINE_SURFACE_WITH_KNOTS('',3,1,((#3484,#3485),(#3486,#3487),(#3488,
#3489),(#3490,#3491),(#3492,#3493)),.UNSPECIFIED.,.F.,.F.,.F.,(4,1,4),(2,
2),(-0.15470359717723,-0.0809098816799872,0.),(0.,0.066),.UNSPECIFIED.);
#1908=B_SPLINE_SURFACE_WITH_KNOTS('',3,1,((#3509,#3510),(#3511,#3512),(#3513,
#3514),(#3515,#3516),(#3517,#3518)),.UNSPECIFIED.,.F.,.F.,.F.,(4,1,4),(2,
2),(-0.160067074931304,-0.0750358608106558,0.),(0.,0.066),.UNSPECIFIED.);
#1909=B_SPLINE_SURFACE_WITH_KNOTS('',3,1,((#4041,#4042),(#4043,#4044),(#4045,
#4046),(#4047,#4048),(#4049,#4050)),.UNSPECIFIED.,.F.,.F.,.F.,(4,1,4),(2,
2),(-0.160067074931304,-0.0750358608106558,0.),(0.,0.55),.UNSPECIFIED.);
#1910=B_SPLINE_SURFACE_WITH_KNOTS('',3,1,((#4053,#4054),(#4055,#4056),(#4057,
#4058),(#4059,#4060),(#4061,#4062)),.UNSPECIFIED.,.F.,.F.,.F.,(4,1,4),(2,
2),(-0.15470359717723,-0.0809098816799872,0.),(0.,0.55),.UNSPECIFIED.);
#1911=B_SPLINE_SURFACE_WITH_KNOTS('',3,1,((#4064,#4065),(#4066,#4067),(#4068,
#4069),(#4070,#4071),(#4072,#4073)),.UNSPECIFIED.,.F.,.F.,.F.,(4,1,4),(2,
2),(-0.147903569679934,-0.0709045315361135,0.),(0.,0.55),.UNSPECIFIED.);
#1912=B_SPLINE_SURFACE_WITH_KNOTS('',3,1,((#4075,#4076),(#4077,#4078),(#4079,
#4080),(#4081,#4082),(#4083,#4084)),.UNSPECIFIED.,.F.,.F.,.F.,(4,1,4),(2,
2),(-0.136725262648532,-0.0685280859631162,0.),(0.,0.55),.UNSPECIFIED.);
#1913=B_SPLINE_SURFACE_WITH_KNOTS('',3,1,((#4086,#4087),(#4088,#4089),(#4090,
#4091),(#4092,#4093),(#4094,#4095)),.UNSPECIFIED.,.F.,.F.,.F.,(4,1,4),(2,
2),(-0.160409694096192,-0.0872841848397512,0.),(0.,0.55),.UNSPECIFIED.);
#1914=B_SPLINE_SURFACE_WITH_KNOTS('',3,1,((#4097,#4098),(#4099,#4100),(#4101,
#4102),(#4103,#4104),(#4105,#4106)),.UNSPECIFIED.,.F.,.F.,.F.,(4,1,4),(2,
2),(-0.306086980506877,-0.181687236337187,0.),(0.,0.55),.UNSPECIFIED.);
#1915=B_SPLINE_SURFACE_WITH_KNOTS('',3,1,((#4108,#4109),(#4110,#4111),(#4112,
#4113),(#4114,#4115),(#4116,#4117)),.UNSPECIFIED.,.F.,.F.,.F.,(4,1,4),(2,
2),(-0.220973142804143,-0.0979926326470873,0.),(0.,0.55),.UNSPECIFIED.);
#1916=B_SPLINE_SURFACE_WITH_KNOTS('',3,1,((#4119,#4120),(#4121,#4122),(#4123,
#4124),(#4125,#4126),(#4127,#4128)),.UNSPECIFIED.,.F.,.F.,.F.,(4,1,4),(2,
2),(-0.156235426553149,-0.0746270667227803,0.),(0.,0.55),.UNSPECIFIED.);
#1917=B_SPLINE_SURFACE_WITH_KNOTS('',3,1,((#4130,#4131),(#4132,#4133),(#4134,
#4135),(#4136,#4137),(#4138,#4139)),.UNSPECIFIED.,.F.,.F.,.F.,(4,1,4),(2,
2),(-0.0868966325515169,-0.0435821716154077,0.),(0.,0.55),.UNSPECIFIED.);
#1918=B_SPLINE_SURFACE_WITH_KNOTS('',3,1,((#4147,#4148),(#4149,#4150),(#4151,
#4152),(#4153,#4154),(#4155,#4156)),.UNSPECIFIED.,.F.,.F.,.F.,(4,1,4),(2,
2),(-0.0844410386794566,-0.0438285355384425,0.),(0.,0.55),.UNSPECIFIED.);
#1919=B_SPLINE_SURFACE_WITH_KNOTS('',3,1,((#4158,#4159),(#4160,#4161),(#4162,
#4163),(#4164,#4165),(#4166,#4167)),.UNSPECIFIED.,.F.,.F.,.F.,(4,1,4),(2,
2),(-0.189700119920788,-0.119544851652049,0.),(0.,0.55),.UNSPECIFIED.);
#1920=B_SPLINE_SURFACE_WITH_KNOTS('',3,1,((#4169,#4170),(#4171,#4172),(#4173,
#4174),(#4175,#4176),(#4177,#4178)),.UNSPECIFIED.,.F.,.F.,.F.,(4,1,4),(2,
2),(-0.258596064752394,-0.107380554824056,0.),(0.,0.55),.UNSPECIFIED.);
#1921=B_SPLINE_SURFACE_WITH_KNOTS('',3,1,((#4180,#4181),(#4182,#4183),(#4184,
#4185),(#4186,#4187),(#4188,#4189)),.UNSPECIFIED.,.F.,.F.,.F.,(4,1,4),(2,
2),(-0.147284119637258,-0.0678866255765862,0.),(0.,0.55),.UNSPECIFIED.);
#1922=B_SPLINE_SURFACE_WITH_KNOTS('',3,1,((#4191,#4192),(#4193,#4194),(#4195,
#4196),(#4197,#4198),(#4199,#4200)),.UNSPECIFIED.,.F.,.F.,.F.,(4,1,4),(2,
2),(-0.121155008994061,-0.0598314801593059,0.),(0.,0.55),.UNSPECIFIED.);
#1923=B_SPLINE_SURFACE_WITH_KNOTS('',3,1,((#4202,#4203),(#4204,#4205),(#4206,
#4207),(#4208,#4209),(#4210,#4211)),.UNSPECIFIED.,.F.,.F.,.F.,(4,1,4),(2,
2),(-0.219759912377377,-0.109291846423887,0.),(0.,0.55),.UNSPECIFIED.);
#1924=B_SPLINE_SURFACE_WITH_KNOTS('',3,1,((#4213,#4214),(#4215,#4216),(#4217,
#4218),(#4219,#4220),(#4221,#4222)),.UNSPECIFIED.,.F.,.F.,.F.,(4,1,4),(2,
2),(-0.246067347896424,-0.13045702997376,0.),(0.,0.55),.UNSPECIFIED.);
#1925=B_SPLINE_SURFACE_WITH_KNOTS('',3,1,((#4224,#4225),(#4226,#4227),(#4228,
#4229),(#4230,#4231),(#4232,#4233)),.UNSPECIFIED.,.F.,.F.,.F.,(4,1,4),(2,
2),(-0.242967907764909,-0.113568647014716,0.),(0.,0.55),.UNSPECIFIED.);
#1926=B_SPLINE_SURFACE_WITH_KNOTS('',3,1,((#4235,#4236),(#4237,#4238),(#4239,
#4240),(#4241,#4242),(#4243,#4244)),.UNSPECIFIED.,.F.,.F.,.F.,(4,1,4),(2,
2),(-0.240834418831065,-0.128175131019178,0.),(0.,0.55),.UNSPECIFIED.);
#1927=B_SPLINE_SURFACE_WITH_KNOTS('',3,1,((#4255,#4256),(#4257,#4258),(#4259,
#4260),(#4261,#4262),(#4263,#4264)),.UNSPECIFIED.,.F.,.F.,.F.,(4,1,4),(2,
2),(-0.161664261142133,-0.0763515214853463,0.),(0.,0.55),.UNSPECIFIED.);
#1928=B_SPLINE_SURFACE_WITH_KNOTS('',3,1,((#4267,#4268),(#4269,#4270),(#4271,
#4272),(#4273,#4274),(#4275,#4276)),.UNSPECIFIED.,.F.,.F.,.F.,(4,1,4),(2,
2),(-0.138205594222864,-0.0680953743457991,0.),(0.,0.55),.UNSPECIFIED.);
#1929=B_SPLINE_SURFACE_WITH_KNOTS('',3,1,((#4278,#4279),(#4280,#4281),(#4282,
#4283),(#4284,#4285),(#4286,#4287)),.UNSPECIFIED.,.F.,.F.,.F.,(4,1,4),(2,
2),(-0.145986469391239,-0.0759788126199147,0.),(0.,0.55),.UNSPECIFIED.);
#1930=B_SPLINE_SURFACE_WITH_KNOTS('',3,1,((#4289,#4290),(#4291,#4292),(#4293,
#4294),(#4295,#4296),(#4297,#4298)),.UNSPECIFIED.,.F.,.F.,.F.,(4,1,4),(2,
2),(-0.193322930651753,-0.0924050051278769,0.),(0.,0.55),.UNSPECIFIED.);
#1931=B_SPLINE_SURFACE_WITH_KNOTS('',3,1,((#4300,#4301),(#4302,#4303),(#4304,
#4305),(#4306,#4307),(#4308,#4309)),.UNSPECIFIED.,.F.,.F.,.F.,(4,1,4),(2,
2),(-0.200960170287891,-0.105954942234015,0.),(0.,0.55),.UNSPECIFIED.);
#1932=B_SPLINE_SURFACE_WITH_KNOTS('',3,1,((#4311,#4312),(#4313,#4314),(#4315,
#4316),(#4317,#4318),(#4319,#4320)),.UNSPECIFIED.,.F.,.F.,.F.,(4,1,4),(2,
2),(-0.288682149480591,-0.160304205420918,0.),(0.,0.55),.UNSPECIFIED.);
#1933=B_SPLINE_SURFACE_WITH_KNOTS('',3,1,((#4322,#4323),(#4324,#4325),(#4326,
#4327),(#4328,#4329),(#4330,#4331)),.UNSPECIFIED.,.F.,.F.,.F.,(4,1,4),(2,
2),(-0.423798123082955,-0.180044075966027,0.),(0.,0.55),.UNSPECIFIED.);
#1934=B_SPLINE_SURFACE_WITH_KNOTS('',3,1,((#4333,#4334),(#4335,#4336),(#4337,
#4338),(#4339,#4340),(#4341,#4342)),.UNSPECIFIED.,.F.,.F.,.F.,(4,1,4),(2,
2),(-0.256817342867918,-0.131669362589219,0.),(0.,0.55),.UNSPECIFIED.);
#1935=B_SPLINE_SURFACE_WITH_KNOTS('',3,1,((#4344,#4345),(#4346,#4347),(#4348,
#4349),(#4350,#4351),(#4352,#4353)),.UNSPECIFIED.,.F.,.F.,.F.,(4,1,4),(2,
2),(-0.194113498533806,-0.0926770739647712,0.),(0.,0.55),.UNSPECIFIED.);
#1936=B_SPLINE_SURFACE_WITH_KNOTS('',3,1,((#4355,#4356),(#4357,#4358),(#4359,
#4360),(#4361,#4362),(#4363,#4364)),.UNSPECIFIED.,.F.,.F.,.F.,(4,1,4),(2,
2),(-0.201062898627169,-0.105922758671558,0.),(0.,0.55),.UNSPECIFIED.);
#1937=B_SPLINE_SURFACE_WITH_KNOTS('',3,1,((#4366,#4367),(#4368,#4369),(#4370,
#4371),(#4372,#4373),(#4374,#4375)),.UNSPECIFIED.,.F.,.F.,.F.,(4,1,4),(2,
2),(-0.287268142291038,-0.159277775532396,0.),(0.,0.55),.UNSPECIFIED.);
#1938=B_SPLINE_SURFACE_WITH_KNOTS('',3,1,((#4377,#4378),(#4379,#4380),(#4381,
#4382),(#4383,#4384),(#4385,#4386)),.UNSPECIFIED.,.F.,.F.,.F.,(4,1,4),(2,
2),(-0.237851607460451,-0.104291668902067,0.),(0.,0.55),.UNSPECIFIED.);
#1939=ADVANCED_FACE('',(#70),#1863,.F.);
#1940=ADVANCED_FACE('',(#71),#1864,.F.);
#1941=ADVANCED_FACE('',(#72),#1865,.F.);
#1942=ADVANCED_FACE('',(#73),#1866,.F.);
#1943=ADVANCED_FACE('',(#74),#1867,.F.);
#1944=ADVANCED_FACE('',(#75),#1868,.F.);
#1945=ADVANCED_FACE('',(#76),#1869,.F.);
#1946=ADVANCED_FACE('',(#77),#1870,.F.);
#1947=ADVANCED_FACE('',(#78),#36,.T.);
#1948=ADVANCED_FACE('',(#79),#37,.F.);
#1949=ADVANCED_FACE('',(#80),#1871,.T.);
#1950=ADVANCED_FACE('',(#81),#1872,.T.);
#1951=ADVANCED_FACE('',(#82),#1873,.T.);
#1952=ADVANCED_FACE('',(#83),#1874,.T.);
#1953=ADVANCED_FACE('',(#84),#1875,.T.);
#1954=ADVANCED_FACE('',(#85),#1876,.T.);
#1955=ADVANCED_FACE('',(#86),#1877,.T.);
#1956=ADVANCED_FACE('',(#87),#1878,.T.);
#1957=ADVANCED_FACE('',(#88),#1879,.T.);
#1958=ADVANCED_FACE('',(#89),#1880,.T.);
#1959=ADVANCED_FACE('',(#90),#1881,.T.);
#1960=ADVANCED_FACE('',(#91),#1882,.T.);
#1961=ADVANCED_FACE('',(#92),#1883,.T.);
#1962=ADVANCED_FACE('',(#93),#1884,.T.);
#1963=ADVANCED_FACE('',(#94),#1885,.T.);
#1964=ADVANCED_FACE('',(#95),#1886,.T.);
#1965=ADVANCED_FACE('',(#96),#1887,.T.);
#1966=ADVANCED_FACE('',(#97),#1888,.T.);
#1967=ADVANCED_FACE('',(#98),#1889,.T.);
#1968=ADVANCED_FACE('',(#99),#1890,.T.);
#1969=ADVANCED_FACE('',(#100,#16),#38,.F.);
#1970=ADVANCED_FACE('',(#101,#17),#39,.T.);
#1971=ADVANCED_FACE('',(#102),#40,.T.);
#1972=ADVANCED_FACE('',(#103),#41,.T.);
#1973=ADVANCED_FACE('',(#104),#42,.T.);
#1974=ADVANCED_FACE('',(#105),#43,.T.);
#1975=ADVANCED_FACE('',(#106),#44,.F.);
#1976=ADVANCED_FACE('',(#107),#45,.T.);
#1977=ADVANCED_FACE('',(#108),#46,.T.);
#1978=ADVANCED_FACE('',(#109),#1891,.T.);
#1979=ADVANCED_FACE('',(#110),#1892,.T.);
#1980=ADVANCED_FACE('',(#111),#1893,.T.);
#1981=ADVANCED_FACE('',(#112),#1894,.T.);
#1982=ADVANCED_FACE('',(#113),#1895,.T.);
#1983=ADVANCED_FACE('',(#114),#1896,.T.);
#1984=ADVANCED_FACE('',(#115),#1897,.T.);
#1985=ADVANCED_FACE('',(#116),#1898,.T.);
#1986=ADVANCED_FACE('',(#117),#1899,.T.);
#1987=ADVANCED_FACE('',(#118),#47,.T.);
#1988=ADVANCED_FACE('',(#119),#48,.T.);
#1989=ADVANCED_FACE('',(#120),#49,.T.);
#1990=ADVANCED_FACE('',(#121),#1900,.T.);
#1991=ADVANCED_FACE('',(#122),#1901,.T.);
#1992=ADVANCED_FACE('',(#123),#1902,.T.);
#1993=ADVANCED_FACE('',(#124),#1903,.T.);
#1994=ADVANCED_FACE('',(#125),#1904,.T.);
#1995=ADVANCED_FACE('',(#126),#1905,.T.);
#1996=ADVANCED_FACE('',(#127),#1906,.T.);
#1997=ADVANCED_FACE('',(#128),#1907,.T.);
#1998=ADVANCED_FACE('',(#129),#1908,.T.);
#1999=ADVANCED_FACE('',(#130),#50,.F.);
#2000=ADVANCED_FACE('',(#131),#51,.T.);
#2001=ADVANCED_FACE('',(#132),#52,.T.);
#2002=ADVANCED_FACE('',(#133),#53,.T.);
#2003=ADVANCED_FACE('',(#134),#54,.T.);
#2004=ADVANCED_FACE('',(#135),#55,.T.);
#2005=ADVANCED_FACE('',(#136),#56,.T.);
#2006=ADVANCED_FACE('',(#137,#18),#57,.T.);
#2007=ADVANCED_FACE('',(#138),#58,.T.);
#2008=ADVANCED_FACE('',(#139),#13,.F.);
#2009=ADVANCED_FACE('',(#140),#59,.T.);
#2010=ADVANCED_FACE('',(#141,#19,#20,#21,#22),#60,.F.);
#2011=ADVANCED_FACE('',(#142,#23,#24,#25),#61,.T.);
#2012=ADVANCED_FACE('',(#143),#1909,.F.);
#2013=ADVANCED_FACE('',(#144),#1910,.F.);
#2014=ADVANCED_FACE('',(#145),#1911,.F.);
#2015=ADVANCED_FACE('',(#146),#1912,.F.);
#2016=ADVANCED_FACE('',(#147),#1913,.F.);
#2017=ADVANCED_FACE('',(#148),#1914,.F.);
#2018=ADVANCED_FACE('',(#149),#1915,.F.);
#2019=ADVANCED_FACE('',(#150),#1916,.F.);
#2020=ADVANCED_FACE('',(#151),#1917,.F.);
#2021=ADVANCED_FACE('',(#152),#62,.F.);
#2022=ADVANCED_FACE('',(#153),#63,.F.);
#2023=ADVANCED_FACE('',(#154),#64,.F.);
#2024=ADVANCED_FACE('',(#155),#1918,.F.);
#2025=ADVANCED_FACE('',(#156),#1919,.F.);
#2026=ADVANCED_FACE('',(#157),#1920,.F.);
#2027=ADVANCED_FACE('',(#158),#1921,.F.);
#2028=ADVANCED_FACE('',(#159),#1922,.F.);
#2029=ADVANCED_FACE('',(#160),#1923,.F.);
#2030=ADVANCED_FACE('',(#161),#1924,.F.);
#2031=ADVANCED_FACE('',(#162),#1925,.F.);
#2032=ADVANCED_FACE('',(#163),#1926,.F.);
#2033=ADVANCED_FACE('',(#164),#65,.F.);
#2034=ADVANCED_FACE('',(#165),#66,.F.);
#2035=ADVANCED_FACE('',(#166),#67,.F.);
#2036=ADVANCED_FACE('',(#167),#68,.F.);
#2037=ADVANCED_FACE('',(#168),#69,.F.);
#2038=ADVANCED_FACE('',(#169),#1927,.F.);
#2039=ADVANCED_FACE('',(#170),#1928,.F.);
#2040=ADVANCED_FACE('',(#171),#1929,.F.);
#2041=ADVANCED_FACE('',(#172),#1930,.F.);
#2042=ADVANCED_FACE('',(#173),#1931,.F.);
#2043=ADVANCED_FACE('',(#174),#1932,.F.);
#2044=ADVANCED_FACE('',(#175),#1933,.F.);
#2045=ADVANCED_FACE('',(#176),#1934,.F.);
#2046=ADVANCED_FACE('',(#177),#1935,.F.);
#2047=ADVANCED_FACE('',(#178),#1936,.F.);
#2048=ADVANCED_FACE('',(#179),#1937,.F.);
#2049=ADVANCED_FACE('',(#180),#1938,.F.);
#2050=CLOSED_SHELL('',(#1939,#1940,#1941,#1942,#1943,#1944,#1945,#1946,
#1947,#1948));
#2051=CLOSED_SHELL('',(#1949,#1950,#1951,#1952,#1953,#1954,#1955,#1956,
#1957,#1958,#1959,#1960,#1961,#1962,#1963,#1964,#1965,#1966,#1967,#1968,
#1969,#1970));
#2052=CLOSED_SHELL('',(#1971,#1972,#1973,#1974,#1975,#1976));
#2053=CLOSED_SHELL('',(#1977,#1978,#1979,#1980,#1981,#1982,#1983,#1984,
#1985,#1986,#1987,#1988,#1989,#1990,#1991,#1992,#1993,#1994,#1995,#1996,
#1997,#1998,#1999,#2000));
#2054=CLOSED_SHELL('',(#2001,#2002,#2003,#2004,#2005,#2006,#2007,#2008,
#2009,#2010,#2011,#2012,#2013,#2014,#2015,#2016,#2017,#2018,#2019,#2020,
#2021,#2022,#2023,#2024,#2025,#2026,#2027,#2028,#2029,#2030,#2031,#2032,
#2033,#2034,#2035,#2036,#2037,#2038,#2039,#2040,#2041,#2042,#2043,#2044,
#2045,#2046,#2047,#2048,#2049));
#2055=DERIVED_UNIT_ELEMENT(#2057,1.);
#2056=DERIVED_UNIT_ELEMENT(#4392,-3.);
#2057=(
MASS_UNIT()
NAMED_UNIT(*)
SI_UNIT(.KILO.,.GRAM.)
);
#2058=DERIVED_UNIT((#2055,#2056));
#2059=MEASURE_REPRESENTATION_ITEM('density measure',
POSITIVE_RATIO_MEASURE(7850.),#2058);
#2060=PROPERTY_DEFINITION_REPRESENTATION(#2065,#2062);
#2061=PROPERTY_DEFINITION_REPRESENTATION(#2066,#2063);
#2062=REPRESENTATION('material name',(#2064),#4389);
#2063=REPRESENTATION('density',(#2059),#4389);
#2064=DESCRIPTIVE_REPRESENTATION_ITEM('Acciaio','Acciaio');
#2065=PROPERTY_DEFINITION('material property','material name',#4399);
#2066=PROPERTY_DEFINITION('material property','density of part',#4399);
#2067=AXIS2_PLACEMENT_3D('',#2330,#2105,#2106);
#2068=AXIS2_PLACEMENT_3D('',#2531,#2115,#2116);
#2069=AXIS2_PLACEMENT_3D('',#2532,#2117,#2118);
#2070=AXIS2_PLACEMENT_3D('',#3031,#2139,#2140);
#2071=AXIS2_PLACEMENT_3D('',#3032,#2141,#2142);
#2072=AXIS2_PLACEMENT_3D('',#3033,#2143,#2144);
#2073=AXIS2_PLACEMENT_3D('',#3042,#2149,#2150);
#2074=AXIS2_PLACEMENT_3D('',#3048,#2154,#2155);
#2075=AXIS2_PLACEMENT_3D('',#3054,#2159,#2160);
#2076=AXIS2_PLACEMENT_3D('',#3057,#2163,#2164);
#2077=AXIS2_PLACEMENT_3D('',#3058,#2165,#2166);
#2078=AXIS2_PLACEMENT_3D('',#3059,#2167,#2168);
#2079=AXIS2_PLACEMENT_3D('',#3292,#2182,#2183);
#2080=AXIS2_PLACEMENT_3D('',#3298,#2187,#2188);
#2081=AXIS2_PLACEMENT_3D('',#3304,#2192,#2193);
#2082=AXIS2_PLACEMENT_3D('',#3531,#2205,#2206);
#2083=AXIS2_PLACEMENT_3D('',#3532,#2207,#2208);
#2084=AXIS2_PLACEMENT_3D('',#3533,#2209,#2210);
#2085=AXIS2_PLACEMENT_3D('',#3542,#2215,#2216);
#2086=AXIS2_PLACEMENT_3D('',#3556,#2224,#2225);
#2087=AXIS2_PLACEMENT_3D('',#3560,#2228,#2229);
#2088=AXIS2_PLACEMENT_3D('',#3572,#2236,#2237);
#2089=AXIS2_PLACEMENT_3D('',#3574,#2239,#2240);
#2090=AXIS2_PLACEMENT_3D('',#3578,#2243,#2244);
#2091=AXIS2_PLACEMENT_3D('',#3579,#2245,#2246);
#2092=AXIS2_PLACEMENT_3D('',#3581,#2248,#2249);
#2093=AXIS2_PLACEMENT_3D('',#3584,#2251,#2252);
#2094=AXIS2_PLACEMENT_3D('',#3585,#2253,#2254);
#2095=AXIS2_PLACEMENT_3D('',#3587,#2256,#2257);
#2096=AXIS2_PLACEMENT_3D('',#3784,#2266,#2267);
#2097=AXIS2_PLACEMENT_3D('',#4141,#2286,#2287);
#2098=AXIS2_PLACEMENT_3D('',#4143,#2289,#2290);
#2099=AXIS2_PLACEMENT_3D('',#4145,#2292,#2293);
#2100=AXIS2_PLACEMENT_3D('',#4246,#2304,#2305);
#2101=AXIS2_PLACEMENT_3D('',#4247,#2306,#2307);
#2102=AXIS2_PLACEMENT_3D('',#4250,#2310,#2311);
#2103=AXIS2_PLACEMENT_3D('',#4252,#2313,#2314);
#2104=AXIS2_PLACEMENT_3D('',#4254,#2316,#2317);
#2105=DIRECTION('axis',(0.,0.,1.));
#2106=DIRECTION('refdir',(1.,0.,0.));
#2107=DIRECTION('',(0.,0.,1.));
#2108=DIRECTION('',(0.,0.,1.));
#2109=DIRECTION('',(0.,0.,1.));
#2110=DIRECTION('',(0.,0.,1.));
#2111=DIRECTION('',(0.,0.,1.));
#2112=DIRECTION('',(0.,0.,1.));
#2113=DIRECTION('',(0.,0.,1.));
#2114=DIRECTION('',(0.,0.,1.));
#2115=DIRECTION('center_axis',(0.,0.,1.));
#2116=DIRECTION('ref_axis',(1.,0.,0.));
#2117=DIRECTION('center_axis',(0.,0.,1.));
#2118=DIRECTION('ref_axis',(1.,0.,0.));
#2119=DIRECTION('',(0.,0.,1.));
#2120=DIRECTION('',(0.,0.,1.));
#2121=DIRECTION('',(0.,0.,1.));
#2122=DIRECTION('',(0.,0.,1.));
#2123=DIRECTION('',(0.,0.,1.));
#2124=DIRECTION('',(0.,0.,1.));
#2125=DIRECTION('',(0.,0.,1.));
#2126=DIRECTION('',(0.,0.,1.));
#2127=DIRECTION('',(0.,0.,1.));
#2128=DIRECTION('',(0.,0.,1.));
#2129=DIRECTION('',(0.,0.,1.));
#2130=DIRECTION('',(0.,0.,1.));
#2131=DIRECTION('',(0.,0.,1.));
#2132=DIRECTION('',(0.,0.,1.));
#2133=DIRECTION('',(0.,0.,1.));
#2134=DIRECTION('',(0.,0.,1.));
#2135=DIRECTION('',(0.,0.,1.));
#2136=DIRECTION('',(0.,0.,1.));
#2137=DIRECTION('',(0.,0.,1.));
#2138=DIRECTION('',(0.,0.,1.));
#2139=DIRECTION('center_axis',(0.,0.,1.));
#2140=DIRECTION('ref_axis',(1.,0.,0.));
#2141=DIRECTION('center_axis',(0.,0.,1.));
#2142=DIRECTION('ref_axis',(1.,0.,0.));
#2143=DIRECTION('center_axis',(0.99995837111372,-0.00912447475729191,0.));
#2144=DIRECTION('ref_axis',(0.00912447475729191,0.99995837111372,0.));
#2145=DIRECTION('',(-0.00912447475729191,-0.99995837111372,0.));
#2146=DIRECTION('',(0.,0.,1.));
#2147=DIRECTION('',(-0.00912447475729191,-0.99995837111372,0.));
#2148=DIRECTION('',(0.,0.,1.));
#2149=DIRECTION('center_axis',(-0.00912447475729355,-0.99995837111372,0.));
#2150=DIRECTION('ref_axis',(0.99995837111372,-0.00912447475729355,0.));
#2151=DIRECTION('',(-0.99995837111372,0.00912447475729355,0.));
#2152=DIRECTION('',(0.,0.,1.));
#2153=DIRECTION('',(-0.99995837111372,0.00912447475729355,0.));
#2154=DIRECTION('center_axis',(-0.99995837111372,0.00912447475729191,0.));
#2155=DIRECTION('ref_axis',(-0.00912447475729191,-0.99995837111372,0.));
#2156=DIRECTION('',(0.00912447475729191,0.99995837111372,0.));
#2157=DIRECTION('',(0.,0.,1.));
#2158=DIRECTION('',(0.00912447475729191,0.99995837111372,0.));
#2159=DIRECTION('center_axis',(0.00912447475729349,0.99995837111372,0.));
#2160=DIRECTION('ref_axis',(-0.99995837111372,0.00912447475729349,0.));
#2161=DIRECTION('',(0.99995837111372,-0.00912447475729349,0.));
#2162=DIRECTION('',(0.99995837111372,-0.00912447475729349,0.));
#2163=DIRECTION('center_axis',(0.,0.,1.));
#2164=DIRECTION('ref_axis',(1.,0.,0.));
#2165=DIRECTION('center_axis',(0.,0.,1.));
#2166=DIRECTION('ref_axis',(1.,0.,0.));
#2167=DIRECTION('center_axis',(-0.111237767070062,-0.993793821261365,0.));
#2168=DIRECTION('ref_axis',(0.993793821261365,-0.111237767070062,0.));
#2169=DIRECTION('',(-0.993793821261365,0.111237767070062,0.));
#2170=DIRECTION('',(0.,0.,1.));
#2171=DIRECTION('',(-0.993793821261365,0.111237767070062,0.));
#2172=DIRECTION('',(0.,0.,1.));
#2173=DIRECTION('',(0.,0.,1.));
#2174=DIRECTION('',(0.,0.,1.));
#2175=DIRECTION('',(0.,0.,1.));
#2176=DIRECTION('',(0.,0.,1.));
#2177=DIRECTION('',(0.,0.,1.));
#2178=DIRECTION('',(0.,0.,1.));
#2179=DIRECTION('',(0.,0.,1.));
#2180=DIRECTION('',(0.,0.,1.));
#2181=DIRECTION('',(0.,0.,1.));
#2182=DIRECTION('center_axis',(0.00912447475729356,0.99995837111372,0.));
#2183=DIRECTION('ref_axis',(-0.99995837111372,0.00912447475729356,0.));
#2184=DIRECTION('',(0.99995837111372,-0.00912447475729356,0.));
#2185=DIRECTION('',(0.,0.,1.));
#2186=DIRECTION('',(0.99995837111372,-0.00912447475729356,0.));
#2187=DIRECTION('center_axis',(0.99995837111372,-0.00912447475729251,0.));
#2188=DIRECTION('ref_axis',(0.0091244747572925,0.99995837111372,0.));
#2189=DIRECTION('',(-0.0091244747572925,-0.99995837111372,0.));
#2190=DIRECTION('',(0.,0.,1.));
#2191=DIRECTION('',(-0.0091244747572925,-0.99995837111372,0.));
#2192=DIRECTION('center_axis',(-0.00912447475729355,-0.99995837111372,0.));
#2193=DIRECTION('ref_axis',(0.99995837111372,-0.00912447475729355,0.));
#2194=DIRECTION('',(-0.99995837111372,0.00912447475729355,0.));
#2195=DIRECTION('',(0.,0.,1.));
#2196=DIRECTION('',(-0.99995837111372,0.00912447475729355,0.));
#2197=DIRECTION('',(0.,0.,1.));
#2198=DIRECTION('',(0.,0.,1.));
#2199=DIRECTION('',(0.,0.,1.));
#2200=DIRECTION('',(0.,0.,1.));
#2201=DIRECTION('',(0.,0.,1.));
#2202=DIRECTION('',(0.,0.,1.));
#2203=DIRECTION('',(0.,0.,1.));
#2204=DIRECTION('',(0.,0.,1.));
#2205=DIRECTION('center_axis',(0.,0.,1.));
#2206=DIRECTION('ref_axis',(1.,0.,0.));
#2207=DIRECTION('center_axis',(0.,0.,1.));
#2208=DIRECTION('ref_axis',(1.,0.,0.));
#2209=DIRECTION('center_axis',(0.,0.,1.));
#2210=DIRECTION('ref_axis',(1.,0.,0.));
#2211=DIRECTION('',(1.,0.,0.));
#2212=DIRECTION('',(0.,1.,0.));
#2213=DIRECTION('',(-1.,0.,0.));
#2214=DIRECTION('',(0.,-1.,0.));
#2215=DIRECTION('center_axis',(0.,-1.,0.));
#2216=DIRECTION('ref_axis',(1.,0.,0.));
#2217=DIRECTION('',(-1.,0.,0.));
#2218=DIRECTION('',(0.,0.,1.));
#2219=DIRECTION('',(-1.,8.88178419700125E-17,0.));
#2220=DIRECTION('',(0.,0.,1.));
#2221=DIRECTION('',(1.,-8.88178419700125E-17,0.));
#2222=DIRECTION('',(0.,0.,1.));
#2223=DIRECTION('',(0.,0.,1.));
#2224=DIRECTION('center_axis',(1.,0.,0.));
#2225=DIRECTION('ref_axis',(0.,1.,0.));
#2226=DIRECTION('',(0.,1.,0.));
#2227=DIRECTION('',(0.,0.,1.));
#2228=DIRECTION('center_axis',(0.,1.,0.));
#2229=DIRECTION('ref_axis',(-1.,0.,0.));
#2230=DIRECTION('',(1.,-8.88178419700125E-17,0.));
#2231=DIRECTION('',(0.,0.,1.));
#2232=DIRECTION('',(-1.,8.88178419700125E-17,0.));
#2233=DIRECTION('',(0.,0.,1.));
#2234=DIRECTION('',(1.,-8.88178419700125E-17,0.));
#2235=DIRECTION('',(0.,0.,1.));
#2236=DIRECTION('center_axis',(-1.,0.,0.));
#2237=DIRECTION('ref_axis',(0.,-1.,0.));
#2238=DIRECTION('',(0.,1.,0.));
#2239=DIRECTION('center_axis',(0.,0.,1.));
#2240=DIRECTION('ref_axis',(1.,0.,0.));
#2241=DIRECTION('',(0.,-1.,0.));
#2242=DIRECTION('',(0.,1.,0.));
#2243=DIRECTION('center_axis',(0.,0.,1.));
#2244=DIRECTION('ref_axis',(1.,0.,0.));
#2245=DIRECTION('center_axis',(1.,0.,0.));
#2246=DIRECTION('ref_axis',(0.,1.,0.));
#2247=DIRECTION('',(0.,-1.,0.));
#2248=DIRECTION('center_axis',(0.,0.,1.));
#2249=DIRECTION('ref_axis',(1.,0.,0.));
#2250=DIRECTION('',(0.,0.,-1.));
#2251=DIRECTION('center_axis',(0.,0.,1.));
#2252=DIRECTION('ref_axis',(1.,0.,0.));
#2253=DIRECTION('center_axis',(-1.,0.,0.));
#2254=DIRECTION('ref_axis',(0.,-1.,0.));
#2255=DIRECTION('',(0.,1.,0.));
#2256=DIRECTION('center_axis',(0.,0.,1.));
#2257=DIRECTION('ref_axis',(1.,0.,0.));
#2258=DIRECTION('',(0.0091244747572925,0.99995837111372,0.));
#2259=DIRECTION('',(-0.99995837111372,0.00912447475729356,0.));
#2260=DIRECTION('',(0.993793821261365,-0.111237767070062,0.));
#2261=DIRECTION('',(0.99995837111372,-0.00912447475729355,0.));
#2262=DIRECTION('',(-0.00912447475729191,-0.99995837111372,0.));
#2263=DIRECTION('',(0.99995837111372,-0.00912447475729355,0.));
#2264=DIRECTION('',(0.00912447475729191,0.99995837111372,0.));
#2265=DIRECTION('',(-0.99995837111372,0.00912447475729349,0.));
#2266=DIRECTION('center_axis',(0.,0.,1.));
#2267=DIRECTION('ref_axis',(1.,0.,0.));
#2268=DIRECTION('',(-0.0091244747572925,-0.99995837111372,0.));
#2269=DIRECTION('',(-0.99995837111372,0.00912447475729355,0.));
#2270=DIRECTION('',(-0.993793821261365,0.111237767070062,0.));
#2271=DIRECTION('',(0.99995837111372,-0.00912447475729356,0.));
#2272=DIRECTION('',(0.00912447475729191,0.99995837111372,0.));
#2273=DIRECTION('',(0.99995837111372,-0.00912447475729349,0.));
#2274=DIRECTION('',(-0.00912447475729191,-0.99995837111372,0.));
#2275=DIRECTION('',(-0.99995837111372,0.00912447475729355,0.));
#2276=DIRECTION('',(0.,0.,1.));
#2277=DIRECTION('',(0.,0.,1.));
#2278=DIRECTION('',(0.,0.,1.));
#2279=DIRECTION('',(0.,0.,1.));
#2280=DIRECTION('',(0.,0.,1.));
#2281=DIRECTION('',(0.,0.,1.));
#2282=DIRECTION('',(0.,0.,1.));
#2283=DIRECTION('',(0.,0.,1.));
#2284=DIRECTION('',(0.,0.,1.));
#2285=DIRECTION('',(0.,0.,1.));
#2286=DIRECTION('center_axis',(-0.00912447475729355,-0.99995837111372,0.));
#2287=DIRECTION('ref_axis',(0.99995837111372,-0.00912447475729355,0.));
#2288=DIRECTION('',(0.,0.,1.));
#2289=DIRECTION('center_axis',(0.99995837111372,-0.00912447475729251,0.));
#2290=DIRECTION('ref_axis',(0.0091244747572925,0.99995837111372,0.));
#2291=DIRECTION('',(0.,0.,1.));
#2292=DIRECTION('center_axis',(0.00912447475729356,0.99995837111372,0.));
#2293=DIRECTION('ref_axis',(-0.99995837111372,0.00912447475729356,0.));
#2294=DIRECTION('',(0.,0.,1.));
#2295=DIRECTION('',(0.,0.,1.));
#2296=DIRECTION('',(0.,0.,1.));
#2297=DIRECTION('',(0.,0.,1.));
#2298=DIRECTION('',(0.,0.,1.));
#2299=DIRECTION('',(0.,0.,1.));
#2300=DIRECTION('',(0.,0.,1.));
#2301=DIRECTION('',(0.,0.,1.));
#2302=DIRECTION('',(0.,0.,1.));
#2303=DIRECTION('',(0.,0.,1.));
#2304=DIRECTION('center_axis',(-0.111237767070062,-0.993793821261365,0.));
#2305=DIRECTION('ref_axis',(0.993793821261365,-0.111237767070062,0.));
#2306=DIRECTION('center_axis',(0.00912447475729349,0.99995837111372,0.));
#2307=DIRECTION('ref_axis',(-0.99995837111372,0.00912447475729349,0.));
#2308=DIRECTION('',(0.,0.,1.));
#2309=DIRECTION('',(0.,0.,1.));
#2310=DIRECTION('center_axis',(-0.99995837111372,0.00912447475729191,0.));
#2311=DIRECTION('ref_axis',(-0.00912447475729191,-0.99995837111372,0.));
#2312=DIRECTION('',(0.,0.,1.));
#2313=DIRECTION('center_axis',(-0.00912447475729355,-0.99995837111372,0.));
#2314=DIRECTION('ref_axis',(0.99995837111372,-0.00912447475729355,0.));
#2315=DIRECTION('',(0.,0.,1.));
#2316=DIRECTION('center_axis',(0.99995837111372,-0.00912447475729191,0.));
#2317=DIRECTION('ref_axis',(0.00912447475729191,0.99995837111372,0.));
#2318=DIRECTION('',(0.,0.,1.));
#2319=DIRECTION('',(0.,0.,1.));
#2320=DIRECTION('',(0.,0.,1.));
#2321=DIRECTION('',(0.,0.,1.));
#2322=DIRECTION('',(0.,0.,1.));
#2323=DIRECTION('',(0.,0.,1.));
#2324=DIRECTION('',(0.,0.,1.));
#2325=DIRECTION('',(0.,0.,1.));
#2326=DIRECTION('',(0.,0.,1.));
#2327=DIRECTION('',(0.,0.,1.));
#2328=DIRECTION('',(0.,0.,1.));
#2329=DIRECTION('',(0.,0.,1.));
#2330=CARTESIAN_POINT('',(0.,0.,0.));
#2331=CARTESIAN_POINT('Ctrl Pts',(19.5014484183986,8.17466479901222,0.));
#2332=CARTESIAN_POINT('Ctrl Pts',(19.5014484183986,8.17466479901222,5.5));
#2333=CARTESIAN_POINT('Ctrl Pts',(19.663866437388,7.76902250064698,0.));
#2334=CARTESIAN_POINT('Ctrl Pts',(19.663866437388,7.76902250064698,5.5));
#2335=CARTESIAN_POINT('Ctrl Pts',(20.0836289494358,6.72065710859169,0.));
#2336=CARTESIAN_POINT('Ctrl Pts',(20.0836289494358,6.72065710859169,5.5));
#2337=CARTESIAN_POINT('Ctrl Pts',(20.0614700487006,5.58484130333602,0.));
#2338=CARTESIAN_POINT('Ctrl Pts',(20.0614700487006,5.58484130333602,5.5));
#2339=CARTESIAN_POINT('Ctrl Pts',(20.0478850550131,4.88850484111763,0.));
#2340=CARTESIAN_POINT('Ctrl Pts',(20.0478850550131,4.88850484111763,5.5));
#2341=CARTESIAN_POINT('',(20.0478850550131,4.88850484111763,0.6));
#2342=CARTESIAN_POINT('',(19.5014484183986,8.17466479901222,0.6));
#2343=CARTESIAN_POINT('Ctrl Pts',(20.0478850550131,4.88850484111763,0.6));
#2344=CARTESIAN_POINT('Ctrl Pts',(20.0614700487006,5.58484130333602,0.6));
#2345=CARTESIAN_POINT('Ctrl Pts',(20.0750550423881,6.28117776555441,0.6));
#2346=CARTESIAN_POINT('Ctrl Pts',(19.9225408504169,6.94464539182609,0.6));
#2347=CARTESIAN_POINT('Ctrl Pts',(19.8262844563774,7.36338020228174,0.6));
#2348=CARTESIAN_POINT('Ctrl Pts',(19.663866437388,7.76902250064698,0.6));
#2349=CARTESIAN_POINT('Ctrl Pts',(19.5014484183986,8.17466479901222,0.6));
#2350=CARTESIAN_POINT('',(20.0478850550131,4.88850484111763,0.));
#2351=CARTESIAN_POINT('',(20.0478850550131,4.88850484111763,0.));
#2352=CARTESIAN_POINT('',(19.5014484183986,8.17466479901222,0.));
#2353=CARTESIAN_POINT('Ctrl Pts',(19.5014484183986,8.17466479901222,0.));
#2354=CARTESIAN_POINT('Ctrl Pts',(19.663866437388,7.76902250064698,0.));
#2355=CARTESIAN_POINT('Ctrl Pts',(20.0836289494358,6.72065710859169,0.));
#2356=CARTESIAN_POINT('Ctrl Pts',(20.0614700487006,5.58484130333602,0.));
#2357=CARTESIAN_POINT('Ctrl Pts',(20.0478850550131,4.88850484111763,0.));
#2358=CARTESIAN_POINT('',(19.5014484183986,8.17466479901222,0.));
#2359=CARTESIAN_POINT('Ctrl Pts',(18.073034163398,8.99946507572643,0.));
#2360=CARTESIAN_POINT('Ctrl Pts',(18.073034163398,8.99946507572643,5.5));
#2361=CARTESIAN_POINT('Ctrl Pts',(18.3511516541268,8.95758344368304,0.));
#2362=CARTESIAN_POINT('Ctrl Pts',(18.3511516541268,8.95758344368304,5.5));
#2363=CARTESIAN_POINT('Ctrl Pts',(18.9326987969472,8.87000842857822,0.));
#2364=CARTESIAN_POINT('Ctrl Pts',(18.9326987969472,8.87000842857822,5.5));
#2365=CARTESIAN_POINT('Ctrl Pts',(19.3064427405589,8.41307542945626,0.));
#2366=CARTESIAN_POINT('Ctrl Pts',(19.3064427405589,8.41307542945626,5.5));
#2367=CARTESIAN_POINT('Ctrl Pts',(19.5014484183986,8.17466479901222,0.));
#2368=CARTESIAN_POINT('Ctrl Pts',(19.5014484183986,8.17466479901222,5.5));
#2369=CARTESIAN_POINT('',(18.073034163398,8.99946507572643,0.6));
#2370=CARTESIAN_POINT('Ctrl Pts',(19.5014484183986,8.17466479901222,0.6));
#2371=CARTESIAN_POINT('Ctrl Pts',(19.3064427405589,8.41307542945626,0.6));
#2372=CARTESIAN_POINT('Ctrl Pts',(19.1114370627192,8.65148605990031,0.6));
#2373=CARTESIAN_POINT('Ctrl Pts',(18.8598597909996,8.78934400420827,0.6));
#2374=CARTESIAN_POINT('Ctrl Pts',(18.6292691448556,8.91570181163965,0.6));
#2375=CARTESIAN_POINT('Ctrl Pts',(18.3511516541268,8.95758344368304,0.6));
#2376=CARTESIAN_POINT('Ctrl Pts',(18.073034163398,8.99946507572643,0.6));
#2377=CARTESIAN_POINT('',(18.073034163398,8.99946507572643,0.));
#2378=CARTESIAN_POINT('Ctrl Pts',(18.073034163398,8.99946507572643,0.));
#2379=CARTESIAN_POINT('Ctrl Pts',(18.3511516541268,8.95758344368304,0.));
#2380=CARTESIAN_POINT('Ctrl Pts',(18.9326987969472,8.87000842857822,0.));
#2381=CARTESIAN_POINT('Ctrl Pts',(19.3064427405589,8.41307542945626,0.));
#2382=CARTESIAN_POINT('Ctrl Pts',(19.5014484183986,8.17466479901222,0.));
#2383=CARTESIAN_POINT('',(18.073034163398,8.99946507572643,0.));
#2384=CARTESIAN_POINT('Ctrl Pts',(16.7159412923549,8.29558408801808,0.));
#2385=CARTESIAN_POINT('Ctrl Pts',(16.7159412923549,8.29558408801808,5.5));
#2386=CARTESIAN_POINT('Ctrl Pts',(16.8988015230731,8.50281928304319,0.));
#2387=CARTESIAN_POINT('Ctrl Pts',(16.8988015230731,8.50281928304319,5.5));
#2388=CARTESIAN_POINT('Ctrl Pts',(17.2607242279354,8.91298568189098,0.));
#2389=CARTESIAN_POINT('Ctrl Pts',(17.2607242279354,8.91298568189098,5.5));
#2390=CARTESIAN_POINT('Ctrl Pts',(17.804165010489,8.9708409750605,0.));
#2391=CARTESIAN_POINT('Ctrl Pts',(17.804165010489,8.9708409750605,5.5));
#2392=CARTESIAN_POINT('Ctrl Pts',(18.073034163398,8.99946507572643,0.));
#2393=CARTESIAN_POINT('Ctrl Pts',(18.073034163398,8.99946507572643,5.5));
#2394=CARTESIAN_POINT('',(16.7159412923549,8.29558408801808,0.6));
#2395=CARTESIAN_POINT('Ctrl Pts',(18.073034163398,8.99946507572643,0.6));
#2396=CARTESIAN_POINT('Ctrl Pts',(17.804165010489,8.9708409750605,0.6));
#2397=CARTESIAN_POINT('Ctrl Pts',(17.53529585758,8.94221687439456,0.6));
#2398=CARTESIAN_POINT('Ctrl Pts',(17.3108588607039,8.82735374884067,0.6));
#2399=CARTESIAN_POINT('Ctrl Pts',(17.0816617537913,8.71005447806831,0.6));
#2400=CARTESIAN_POINT('Ctrl Pts',(16.8988015230731,8.50281928304319,0.6));
#2401=CARTESIAN_POINT('Ctrl Pts',(16.7159412923549,8.29558408801808,0.6));
#2402=CARTESIAN_POINT('',(16.7159412923549,8.29558408801808,0.));
#2403=CARTESIAN_POINT('Ctrl Pts',(16.7159412923549,8.29558408801808,0.));
#2404=CARTESIAN_POINT('Ctrl Pts',(16.8988015230731,8.50281928304319,0.));
#2405=CARTESIAN_POINT('Ctrl Pts',(17.2607242279354,8.91298568189098,0.));
#2406=CARTESIAN_POINT('Ctrl Pts',(17.804165010489,8.9708409750605,0.));
#2407=CARTESIAN_POINT('Ctrl Pts',(18.073034163398,8.99946507572643,0.));
#2408=CARTESIAN_POINT('',(16.7159412923549,8.29558408801808,0.));
#2409=CARTESIAN_POINT('Ctrl Pts',(16.0507792039687,4.92497785088849,0.));
#2410=CARTESIAN_POINT('Ctrl Pts',(16.0507792039687,4.92497785088849,5.5));
#2411=CARTESIAN_POINT('Ctrl Pts',(16.0544098937842,5.62882738321836,0.));
#2412=CARTESIAN_POINT('Ctrl Pts',(16.0544098937842,5.62882738321836,5.5));
#2413=CARTESIAN_POINT('Ctrl Pts',(16.0604572099491,6.80116676523275,0.));
#2414=CARTESIAN_POINT('Ctrl Pts',(16.0604572099491,6.80116676523275,5.5));
#2415=CARTESIAN_POINT('Ctrl Pts',(16.528787362315,7.86889779221584,0.));
#2416=CARTESIAN_POINT('Ctrl Pts',(16.528787362315,7.86889779221584,5.5));
#2417=CARTESIAN_POINT('Ctrl Pts',(16.7159412923549,8.29558408801808,0.));
#2418=CARTESIAN_POINT('Ctrl Pts',(16.7159412923549,8.29558408801808,5.5));
#2419=CARTESIAN_POINT('',(16.0507792039687,4.92497785088849,0.6));
#2420=CARTESIAN_POINT('Ctrl Pts',(16.7159412923549,8.29558408801808,0.6));
#2421=CARTESIAN_POINT('Ctrl Pts',(16.528787362315,7.86889779221584,0.6));
#2422=CARTESIAN_POINT('Ctrl Pts',(16.341633432275,7.4422114964136,0.6));
#2423=CARTESIAN_POINT('Ctrl Pts',(16.2283041582731,6.998819679177,0.6));
#2424=CARTESIAN_POINT('Ctrl Pts',(16.0580405835996,6.33267691554823,0.6));
#2425=CARTESIAN_POINT('Ctrl Pts',(16.0544098937842,5.62882738321836,0.6));
#2426=CARTESIAN_POINT('Ctrl Pts',(16.0507792039687,4.92497785088849,0.6));
#2427=CARTESIAN_POINT('',(16.0507792039687,4.92497785088849,0.));
#2428=CARTESIAN_POINT('Ctrl Pts',(16.0507792039687,4.92497785088849,0.));
#2429=CARTESIAN_POINT('Ctrl Pts',(16.0544098937842,5.62882738321836,0.));
#2430=CARTESIAN_POINT('Ctrl Pts',(16.0604572099491,6.80116676523275,0.));
#2431=CARTESIAN_POINT('Ctrl Pts',(16.528787362315,7.86889779221584,0.));
#2432=CARTESIAN_POINT('Ctrl Pts',(16.7159412923549,8.29558408801808,0.));
#2433=CARTESIAN_POINT('',(16.0507792039687,4.92497785088849,0.));
#2434=CARTESIAN_POINT('Ctrl Pts',(16.5972469657526,1.64222892481103,0.));
#2435=CARTESIAN_POINT('Ctrl Pts',(16.5972469657526,1.64222892481103,5.5));
#2436=CARTESIAN_POINT('Ctrl Pts',(16.4348110574789,2.04815210846871,0.));
#2437=CARTESIAN_POINT('Ctrl Pts',(16.4348110574789,2.04815210846871,5.5));
#2438=CARTESIAN_POINT('Ctrl Pts',(16.0156924033777,3.09551891431319,0.));
#2439=CARTESIAN_POINT('Ctrl Pts',(16.0156924033777,3.09551891431319,5.5));
#2440=CARTESIAN_POINT('Ctrl Pts',(16.0374525427351,4.23011314171751,0.));
#2441=CARTESIAN_POINT('Ctrl Pts',(16.0374525427351,4.23011314171751,5.5));
#2442=CARTESIAN_POINT('Ctrl Pts',(16.0507792039687,4.92497785088849,0.));
#2443=CARTESIAN_POINT('Ctrl Pts',(16.0507792039687,4.92497785088849,5.5));
#2444=CARTESIAN_POINT('',(16.5972469657526,1.64222892481103,0.6));
#2445=CARTESIAN_POINT('Ctrl Pts',(16.0507792039687,4.92497785088849,0.6));
#2446=CARTESIAN_POINT('Ctrl Pts',(16.0374525427351,4.23011314171751,0.6));
#2447=CARTESIAN_POINT('Ctrl Pts',(16.0241258815016,3.53524843254652,0.6));
#2448=CARTESIAN_POINT('Ctrl Pts',(16.1761623109477,2.87310064293522,0.6));
#2449=CARTESIAN_POINT('Ctrl Pts',(16.2723751492052,2.45407529212638,0.6));
#2450=CARTESIAN_POINT('Ctrl Pts',(16.4348110574789,2.04815210846871,0.6));
#2451=CARTESIAN_POINT('Ctrl Pts',(16.5972469657526,1.64222892481103,0.6));
#2452=CARTESIAN_POINT('',(16.5972469657526,1.64222892481103,0.));
#2453=CARTESIAN_POINT('Ctrl Pts',(16.5972469657526,1.64222892481103,0.));
#2454=CARTESIAN_POINT('Ctrl Pts',(16.4348110574789,2.04815210846871,0.));
#2455=CARTESIAN_POINT('Ctrl Pts',(16.0156924033777,3.09551891431319,0.));
#2456=CARTESIAN_POINT('Ctrl Pts',(16.0374525427351,4.23011314171751,0.));
#2457=CARTESIAN_POINT('Ctrl Pts',(16.0507792039687,4.92497785088849,0.));
#2458=CARTESIAN_POINT('',(16.5972469657526,1.64222892481103,0.));
#2459=CARTESIAN_POINT('Ctrl Pts',(18.0119871603586,0.814142106080136,0.));
#2460=CARTESIAN_POINT('Ctrl Pts',(18.0119871603586,0.814142106080136,5.5));
#2461=CARTESIAN_POINT('Ctrl Pts',(17.737422083746,0.856814613509047,0.));
#2462=CARTESIAN_POINT('Ctrl Pts',(17.737422083746,0.856814613509047,5.5));
#2463=CARTESIAN_POINT('Ctrl Pts',(17.1599433557067,0.9465655228975,0.));
#2464=CARTESIAN_POINT('Ctrl Pts',(17.1599433557067,0.9465655228975,5.5));
#2465=CARTESIAN_POINT('Ctrl Pts',(16.7908520242482,1.40287435274471,0.));
#2466=CARTESIAN_POINT('Ctrl Pts',(16.7908520242482,1.40287435274471,5.5));
#2467=CARTESIAN_POINT('Ctrl Pts',(16.5972469657526,1.64222892481103,0.));
#2468=CARTESIAN_POINT('Ctrl Pts',(16.5972469657526,1.64222892481103,5.5));
#2469=CARTESIAN_POINT('',(18.0119871603586,0.814142106080136,0.6));
#2470=CARTESIAN_POINT('Ctrl Pts',(16.5972469657526,1.64222892481103,0.6));
#2471=CARTESIAN_POINT('Ctrl Pts',(16.7908520242482,1.40287435274471,0.6));
#2472=CARTESIAN_POINT('Ctrl Pts',(16.9844570827438,1.16351978067839,0.6));
#2473=CARTESIAN_POINT('Ctrl Pts',(17.2353994307522,1.02502273624279,0.6));
#2474=CARTESIAN_POINT('Ctrl Pts',(17.4628570071333,0.899487120937956,0.6));
#2475=CARTESIAN_POINT('Ctrl Pts',(17.737422083746,0.856814613509047,0.6));
#2476=CARTESIAN_POINT('Ctrl Pts',(18.0119871603586,0.814142106080136,0.6));
#2477=CARTESIAN_POINT('',(18.0119871603586,0.814142106080136,0.));
#2478=CARTESIAN_POINT('Ctrl Pts',(18.0119871603586,0.814142106080136,0.));
#2479=CARTESIAN_POINT('Ctrl Pts',(17.737422083746,0.856814613509047,0.));
#2480=CARTESIAN_POINT('Ctrl Pts',(17.1599433557067,0.9465655228975,0.));
#2481=CARTESIAN_POINT('Ctrl Pts',(16.7908520242482,1.40287435274471,0.));
#2482=CARTESIAN_POINT('Ctrl Pts',(16.5972469657526,1.64222892481103,0.));
#2483=CARTESIAN_POINT('',(18.0119871603586,0.814142106080136,0.));
#2484=CARTESIAN_POINT('Ctrl Pts',(19.4416351808722,1.61968501563845,0.));
#2485=CARTESIAN_POINT('Ctrl Pts',(19.4416351808722,1.61968501563845,5.5));
#2486=CARTESIAN_POINT('Ctrl Pts',(19.2438295178245,1.38291402712578,0.));
#2487=CARTESIAN_POINT('Ctrl Pts',(19.2438295178245,1.38291402712578,5.5));
#2488=CARTESIAN_POINT('Ctrl Pts',(18.867037637249,0.931898698985811,0.));
#2489=CARTESIAN_POINT('Ctrl Pts',(18.867037637249,0.931898698985811,5.5));
#2490=CARTESIAN_POINT('Ctrl Pts',(18.2873529064652,0.852065167865181,0.));
#2491=CARTESIAN_POINT('Ctrl Pts',(18.2873529064652,0.852065167865181,5.5));
#2492=CARTESIAN_POINT('Ctrl Pts',(18.0119871603586,0.814142106080136,0.));
#2493=CARTESIAN_POINT('Ctrl Pts',(18.0119871603586,0.814142106080136,5.5));
#2494=CARTESIAN_POINT('',(19.4416351808722,1.61968501563845,0.6));
#2495=CARTESIAN_POINT('Ctrl Pts',(18.0119871603586,0.814142106080136,0.6));
#2496=CARTESIAN_POINT('Ctrl Pts',(18.2873529064652,0.852065167865181,0.6));
#2497=CARTESIAN_POINT('Ctrl Pts',(18.5627186525719,0.889988229650227,0.6));
#2498=CARTESIAN_POINT('Ctrl Pts',(18.7923015457118,1.01166861269827,0.6));
#2499=CARTESIAN_POINT('Ctrl Pts',(19.0460238547767,1.14614303861311,0.6));
#2500=CARTESIAN_POINT('Ctrl Pts',(19.2438295178245,1.38291402712578,0.6));
#2501=CARTESIAN_POINT('Ctrl Pts',(19.4416351808722,1.61968501563845,0.6));
#2502=CARTESIAN_POINT('',(19.4416351808722,1.61968501563845,0.));
#2503=CARTESIAN_POINT('Ctrl Pts',(19.4416351808722,1.61968501563845,0.));
#2504=CARTESIAN_POINT('Ctrl Pts',(19.2438295178245,1.38291402712578,0.));
#2505=CARTESIAN_POINT('Ctrl Pts',(18.867037637249,0.931898698985811,0.));
#2506=CARTESIAN_POINT('Ctrl Pts',(18.2873529064652,0.852065167865181,0.));
#2507=CARTESIAN_POINT('Ctrl Pts',(18.0119871603586,0.814142106080136,0.));
#2508=CARTESIAN_POINT('',(19.4416351808722,1.61968501563845,0.));
#2509=CARTESIAN_POINT('Ctrl Pts',(20.0478850550131,4.88850484111763,0.));
#2510=CARTESIAN_POINT('Ctrl Pts',(20.0478850550131,4.88850484111763,5.5));
#2511=CARTESIAN_POINT('Ctrl Pts',(20.0482985661354,4.19498851412348,0.));
#2512=CARTESIAN_POINT('Ctrl Pts',(20.0482985661354,4.19498851412348,5.5));
#2513=CARTESIAN_POINT('Ctrl Pts',(20.0489744629643,3.06141444314297,0.));
#2514=CARTESIAN_POINT('Ctrl Pts',(20.0489744629643,3.06141444314297,5.5));
#2515=CARTESIAN_POINT('Ctrl Pts',(19.6114743718251,2.02285696048105,0.));
#2516=CARTESIAN_POINT('Ctrl Pts',(19.6114743718251,2.02285696048105,5.5));
#2517=CARTESIAN_POINT('Ctrl Pts',(19.4416351808722,1.61968501563845,0.));
#2518=CARTESIAN_POINT('Ctrl Pts',(19.4416351808722,1.61968501563845,5.5));
#2519=CARTESIAN_POINT('Ctrl Pts',(19.4416351808722,1.61968501563845,0.6));
#2520=CARTESIAN_POINT('Ctrl Pts',(19.6114743718251,2.02285696048105,0.6));
#2521=CARTESIAN_POINT('Ctrl Pts',(19.781313562778,2.42602890532365,0.6));
#2522=CARTESIAN_POINT('Ctrl Pts',(19.8851186779792,2.84352005697582,0.6));
#2523=CARTESIAN_POINT('Ctrl Pts',(20.0487120772576,3.50147218712933,0.6));
#2524=CARTESIAN_POINT('Ctrl Pts',(20.0482985661354,4.19498851412348,0.6));
#2525=CARTESIAN_POINT('Ctrl Pts',(20.0478850550131,4.88850484111763,0.6));
#2526=CARTESIAN_POINT('Ctrl Pts',(20.0478850550131,4.88850484111763,0.));
#2527=CARTESIAN_POINT('Ctrl Pts',(20.0482985661354,4.19498851412348,0.));
#2528=CARTESIAN_POINT('Ctrl Pts',(20.0489744629643,3.06141444314297,0.));
#2529=CARTESIAN_POINT('Ctrl Pts',(19.6114743718251,2.02285696048105,0.));
#2530=CARTESIAN_POINT('Ctrl Pts',(19.4416351808722,1.61968501563845,0.));
#2531=CARTESIAN_POINT('Origin',(11.2470805187714,1.05776542300557,0.6));
#2532=CARTESIAN_POINT('Origin',(-20.7529194812286,1.05776542300557,0.));
#2533=CARTESIAN_POINT('Ctrl Pts',(19.5014484183986,8.17466479901222,0.));
#2534=CARTESIAN_POINT('Ctrl Pts',(19.5014484183986,8.17466479901222,0.66));
#2535=CARTESIAN_POINT('Ctrl Pts',(19.663866437388,7.76902250064698,0.));
#2536=CARTESIAN_POINT('Ctrl Pts',(19.663866437388,7.76902250064698,0.66));
#2537=CARTESIAN_POINT('Ctrl Pts',(20.0836289494358,6.72065710859169,0.));
#2538=CARTESIAN_POINT('Ctrl Pts',(20.0836289494358,6.72065710859169,0.66));
#2539=CARTESIAN_POINT('Ctrl Pts',(20.0614700487006,5.58484130333602,0.));
#2540=CARTESIAN_POINT('Ctrl Pts',(20.0614700487006,5.58484130333602,0.66));
#2541=CARTESIAN_POINT('Ctrl Pts',(20.0478850550131,4.88850484111763,0.));
#2542=CARTESIAN_POINT('Ctrl Pts',(20.0478850550131,4.88850484111763,0.66));
#2543=CARTESIAN_POINT('',(20.0478850550131,4.88850484111763,0.6));
#2544=CARTESIAN_POINT('',(19.5014484183986,8.17466479901222,0.6));
#2545=CARTESIAN_POINT('Ctrl Pts',(20.0478850550131,4.88850484111763,0.6));
#2546=CARTESIAN_POINT('Ctrl Pts',(20.0614700487006,5.58484130333602,0.6));
#2547=CARTESIAN_POINT('Ctrl Pts',(20.0750550423881,6.28117776555441,0.6));
#2548=CARTESIAN_POINT('Ctrl Pts',(19.9225408504169,6.94464539182609,0.6));
#2549=CARTESIAN_POINT('Ctrl Pts',(19.8262844563774,7.36338020228174,0.6));
#2550=CARTESIAN_POINT('Ctrl Pts',(19.663866437388,7.76902250064698,0.6));
#2551=CARTESIAN_POINT('Ctrl Pts',(19.5014484183986,8.17466479901222,0.6));
#2552=CARTESIAN_POINT('',(19.5014484183986,8.17466479901222,0.));
#2553=CARTESIAN_POINT('',(19.5014484183986,8.17466479901222,0.));
#2554=CARTESIAN_POINT('',(20.0478850550131,4.88850484111763,0.));
#2555=CARTESIAN_POINT('Ctrl Pts',(20.0478850550131,4.88850484111763,0.));
#2556=CARTESIAN_POINT('Ctrl Pts',(20.0614700487006,5.58484130333602,0.));
#2557=CARTESIAN_POINT('Ctrl Pts',(20.0836289494358,6.72065710859169,0.));
#2558=CARTESIAN_POINT('Ctrl Pts',(19.663866437388,7.76902250064698,0.));
#2559=CARTESIAN_POINT('Ctrl Pts',(19.5014484183986,8.17466479901222,0.));
#2560=CARTESIAN_POINT('',(20.0478850550131,4.88850484111763,0.));
#2561=CARTESIAN_POINT('Ctrl Pts',(18.073034163398,8.99946507572643,0.));
#2562=CARTESIAN_POINT('Ctrl Pts',(18.073034163398,8.99946507572643,0.66));
#2563=CARTESIAN_POINT('Ctrl Pts',(18.3511516541268,8.95758344368304,0.));
#2564=CARTESIAN_POINT('Ctrl Pts',(18.3511516541268,8.95758344368304,0.66));
#2565=CARTESIAN_POINT('Ctrl Pts',(18.9326987969472,8.87000842857822,0.));
#2566=CARTESIAN_POINT('Ctrl Pts',(18.9326987969472,8.87000842857822,0.66));
#2567=CARTESIAN_POINT('Ctrl Pts',(19.3064427405589,8.41307542945626,0.));
#2568=CARTESIAN_POINT('Ctrl Pts',(19.3064427405589,8.41307542945626,0.66));
#2569=CARTESIAN_POINT('Ctrl Pts',(19.5014484183986,8.17466479901222,0.));
#2570=CARTESIAN_POINT('Ctrl Pts',(19.5014484183986,8.17466479901222,0.66));
#2571=CARTESIAN_POINT('',(18.073034163398,8.99946507572643,0.6));
#2572=CARTESIAN_POINT('Ctrl Pts',(19.5014484183986,8.17466479901222,0.6));
#2573=CARTESIAN_POINT('Ctrl Pts',(19.3064427405589,8.41307542945626,0.6));
#2574=CARTESIAN_POINT('Ctrl Pts',(19.1114370627192,8.65148605990031,0.6));
#2575=CARTESIAN_POINT('Ctrl Pts',(18.8598597909996,8.78934400420827,0.6));
#2576=CARTESIAN_POINT('Ctrl Pts',(18.6292691448556,8.91570181163965,0.6));
#2577=CARTESIAN_POINT('Ctrl Pts',(18.3511516541268,8.95758344368304,0.6));
#2578=CARTESIAN_POINT('Ctrl Pts',(18.073034163398,8.99946507572643,0.6));
#2579=CARTESIAN_POINT('',(18.073034163398,8.99946507572643,0.));
#2580=CARTESIAN_POINT('',(18.073034163398,8.99946507572643,0.));
#2581=CARTESIAN_POINT('Ctrl Pts',(19.5014484183986,8.17466479901222,0.));
#2582=CARTESIAN_POINT('Ctrl Pts',(19.3064427405589,8.41307542945626,0.));
#2583=CARTESIAN_POINT('Ctrl Pts',(18.9326987969472,8.87000842857822,0.));
#2584=CARTESIAN_POINT('Ctrl Pts',(18.3511516541268,8.95758344368304,0.));
#2585=CARTESIAN_POINT('Ctrl Pts',(18.073034163398,8.99946507572643,0.));
#2586=CARTESIAN_POINT('Ctrl Pts',(16.7159412923549,8.29558408801808,0.));
#2587=CARTESIAN_POINT('Ctrl Pts',(16.7159412923549,8.29558408801808,0.66));
#2588=CARTESIAN_POINT('Ctrl Pts',(16.8988015230731,8.50281928304319,0.));
#2589=CARTESIAN_POINT('Ctrl Pts',(16.8988015230731,8.50281928304319,0.66));
#2590=CARTESIAN_POINT('Ctrl Pts',(17.2607242279354,8.91298568189098,0.));
#2591=CARTESIAN_POINT('Ctrl Pts',(17.2607242279354,8.91298568189098,0.66));
#2592=CARTESIAN_POINT('Ctrl Pts',(17.804165010489,8.9708409750605,0.));
#2593=CARTESIAN_POINT('Ctrl Pts',(17.804165010489,8.9708409750605,0.66));
#2594=CARTESIAN_POINT('Ctrl Pts',(18.073034163398,8.99946507572643,0.));
#2595=CARTESIAN_POINT('Ctrl Pts',(18.073034163398,8.99946507572643,0.66));
#2596=CARTESIAN_POINT('',(16.7159412923549,8.29558408801808,0.6));
#2597=CARTESIAN_POINT('Ctrl Pts',(18.073034163398,8.99946507572643,0.6));
#2598=CARTESIAN_POINT('Ctrl Pts',(17.804165010489,8.9708409750605,0.6));
#2599=CARTESIAN_POINT('Ctrl Pts',(17.53529585758,8.94221687439456,0.6));
#2600=CARTESIAN_POINT('Ctrl Pts',(17.3108588607039,8.82735374884067,0.6));
#2601=CARTESIAN_POINT('Ctrl Pts',(17.0816617537913,8.71005447806831,0.6));
#2602=CARTESIAN_POINT('Ctrl Pts',(16.8988015230731,8.50281928304319,0.6));
#2603=CARTESIAN_POINT('Ctrl Pts',(16.7159412923549,8.29558408801808,0.6));
#2604=CARTESIAN_POINT('',(16.7159412923549,8.29558408801808,0.));
#2605=CARTESIAN_POINT('',(16.7159412923549,8.29558408801808,0.));
#2606=CARTESIAN_POINT('Ctrl Pts',(18.073034163398,8.99946507572643,0.));
#2607=CARTESIAN_POINT('Ctrl Pts',(17.804165010489,8.9708409750605,0.));
#2608=CARTESIAN_POINT('Ctrl Pts',(17.2607242279354,8.91298568189098,0.));
#2609=CARTESIAN_POINT('Ctrl Pts',(16.8988015230731,8.50281928304319,0.));
#2610=CARTESIAN_POINT('Ctrl Pts',(16.7159412923549,8.29558408801808,0.));
#2611=CARTESIAN_POINT('Ctrl Pts',(16.0507792039687,4.92497785088849,0.));
#2612=CARTESIAN_POINT('Ctrl Pts',(16.0507792039687,4.92497785088849,0.66));
#2613=CARTESIAN_POINT('Ctrl Pts',(16.0544098937842,5.62882738321836,0.));
#2614=CARTESIAN_POINT('Ctrl Pts',(16.0544098937842,5.62882738321836,0.66));
#2615=CARTESIAN_POINT('Ctrl Pts',(16.0604572099491,6.80116676523275,0.));
#2616=CARTESIAN_POINT('Ctrl Pts',(16.0604572099491,6.80116676523275,0.66));
#2617=CARTESIAN_POINT('Ctrl Pts',(16.528787362315,7.86889779221584,0.));
#2618=CARTESIAN_POINT('Ctrl Pts',(16.528787362315,7.86889779221584,0.66));
#2619=CARTESIAN_POINT('Ctrl Pts',(16.7159412923549,8.29558408801808,0.));
#2620=CARTESIAN_POINT('Ctrl Pts',(16.7159412923549,8.29558408801808,0.66));
#2621=CARTESIAN_POINT('',(16.0507792039687,4.92497785088849,0.6));
#2622=CARTESIAN_POINT('Ctrl Pts',(16.7159412923549,8.29558408801808,0.6));
#2623=CARTESIAN_POINT('Ctrl Pts',(16.528787362315,7.86889779221584,0.6));
#2624=CARTESIAN_POINT('Ctrl Pts',(16.341633432275,7.4422114964136,0.6));
#2625=CARTESIAN_POINT('Ctrl Pts',(16.2283041582731,6.998819679177,0.6));
#2626=CARTESIAN_POINT('Ctrl Pts',(16.0580405835996,6.33267691554823,0.6));
#2627=CARTESIAN_POINT('Ctrl Pts',(16.0544098937842,5.62882738321836,0.6));
#2628=CARTESIAN_POINT('Ctrl Pts',(16.0507792039687,4.92497785088849,0.6));
#2629=CARTESIAN_POINT('',(16.0507792039687,4.92497785088849,0.));
#2630=CARTESIAN_POINT('',(16.0507792039687,4.92497785088849,0.));
#2631=CARTESIAN_POINT('Ctrl Pts',(16.7159412923549,8.29558408801808,0.));
#2632=CARTESIAN_POINT('Ctrl Pts',(16.528787362315,7.86889779221584,0.));
#2633=CARTESIAN_POINT('Ctrl Pts',(16.0604572099491,6.80116676523275,0.));
#2634=CARTESIAN_POINT('Ctrl Pts',(16.0544098937842,5.62882738321836,0.));
#2635=CARTESIAN_POINT('Ctrl Pts',(16.0507792039687,4.92497785088849,0.));
#2636=CARTESIAN_POINT('Ctrl Pts',(21.3097689481679,4.8769903340518,0.));
#2637=CARTESIAN_POINT('Ctrl Pts',(21.3097689481679,4.8769903340518,0.66));
#2638=CARTESIAN_POINT('Ctrl Pts',(21.3100509167363,5.32334839041902,0.));
#2639=CARTESIAN_POINT('Ctrl Pts',(21.3100509167363,5.32334839041902,0.66));
#2640=CARTESIAN_POINT('Ctrl Pts',(21.3105530633978,6.11824978342511,0.));
#2641=CARTESIAN_POINT('Ctrl Pts',(21.3105530633978,6.11824978342511,0.66));
#2642=CARTESIAN_POINT('Ctrl Pts',(21.1685205179134,6.89982167824018,0.));
#2643=CARTESIAN_POINT('Ctrl Pts',(21.1685205179134,6.89982167824018,0.66));
#2644=CARTESIAN_POINT('Ctrl Pts',(21.106242985442,7.24252038079475,0.));
#2645=CARTESIAN_POINT('Ctrl Pts',(21.106242985442,7.24252038079475,0.66));
#2646=CARTESIAN_POINT('',(21.106242985442,7.24252038079475,0.6));
#2647=CARTESIAN_POINT('',(21.3097689481679,4.8769903340518,0.6));
#2648=CARTESIAN_POINT('Ctrl Pts',(21.106242985442,7.24252038079475,0.6));
#2649=CARTESIAN_POINT('Ctrl Pts',(21.1685205179134,6.89982167824018,0.6));
#2650=CARTESIAN_POINT('Ctrl Pts',(21.2307980503847,6.55712297568562,0.6));
#2651=CARTESIAN_POINT('Ctrl Pts',(21.2656719819012,6.21186155493343,0.6));
#2652=CARTESIAN_POINT('Ctrl Pts',(21.3103328853048,5.76970644678625,0.6));
#2653=CARTESIAN_POINT('Ctrl Pts',(21.3100509167363,5.32334839041902,0.6));
#2654=CARTESIAN_POINT('Ctrl Pts',(21.3097689481679,4.8769903340518,0.6));
#2655=CARTESIAN_POINT('',(21.3097689481679,4.8769903340518,0.));
#2656=CARTESIAN_POINT('',(21.3097689481679,4.8769903340518,0.));
#2657=CARTESIAN_POINT('',(21.106242985442,7.24252038079475,0.));
#2658=CARTESIAN_POINT('Ctrl Pts',(21.106242985442,7.24252038079475,0.));
#2659=CARTESIAN_POINT('Ctrl Pts',(21.1685205179134,6.89982167824018,0.));
#2660=CARTESIAN_POINT('Ctrl Pts',(21.3105530633978,6.11824978342511,0.));
#2661=CARTESIAN_POINT('Ctrl Pts',(21.3100509167363,5.32334839041902,0.));
#2662=CARTESIAN_POINT('Ctrl Pts',(21.3097689481679,4.8769903340518,0.));
#2663=CARTESIAN_POINT('',(21.106242985442,7.24252038079475,0.));
#2664=CARTESIAN_POINT('Ctrl Pts',(20.9223335738305,2.03934301633182,0.));
#2665=CARTESIAN_POINT('Ctrl Pts',(20.9223335738305,2.03934301633182,0.66));
#2666=CARTESIAN_POINT('Ctrl Pts',(21.031238947753,2.45331343701679,0.));
#2667=CARTESIAN_POINT('Ctrl Pts',(21.031238947753,2.45331343701679,0.66));
#2668=CARTESIAN_POINT('Ctrl Pts',(21.2756717534752,3.38244987693237,0.));
#2669=CARTESIAN_POINT('Ctrl Pts',(21.2756717534752,3.38244987693237,0.66));
#2670=CARTESIAN_POINT('Ctrl Pts',(21.2976068723191,4.34390500071486,0.));
#2671=CARTESIAN_POINT('Ctrl Pts',(21.2976068723191,4.34390500071486,0.66));
#2672=CARTESIAN_POINT('Ctrl Pts',(21.3097689481679,4.8769903340518,0.));
#2673=CARTESIAN_POINT('Ctrl Pts',(21.3097689481679,4.8769903340518,0.66));
#2674=CARTESIAN_POINT('',(20.9223335738305,2.03934301633182,0.6));
#2675=CARTESIAN_POINT('Ctrl Pts',(21.3097689481679,4.8769903340518,0.6));
#2676=CARTESIAN_POINT('Ctrl Pts',(21.2976068723191,4.34390500071486,0.6));
#2677=CARTESIAN_POINT('Ctrl Pts',(21.2854447964702,3.81081966737793,0.6));
#2678=CARTESIAN_POINT('Ctrl Pts',(21.2048819598656,3.287669819637,0.6));
#2679=CARTESIAN_POINT('Ctrl Pts',(21.1401443216755,2.86728385770177,0.6));
#2680=CARTESIAN_POINT('Ctrl Pts',(21.031238947753,2.45331343701679,0.6));
#2681=CARTESIAN_POINT('Ctrl Pts',(20.9223335738305,2.03934301633182,0.6));
#2682=CARTESIAN_POINT('',(20.9223335738305,2.03934301633182,0.));
#2683=CARTESIAN_POINT('',(20.9223335738305,2.03934301633182,0.));
#2684=CARTESIAN_POINT('Ctrl Pts',(21.3097689481679,4.8769903340518,0.));
#2685=CARTESIAN_POINT('Ctrl Pts',(21.2976068723191,4.34390500071486,0.));
#2686=CARTESIAN_POINT('Ctrl Pts',(21.2756717534752,3.38244987693237,0.));
#2687=CARTESIAN_POINT('Ctrl Pts',(21.031238947753,2.45331343701679,0.));
#2688=CARTESIAN_POINT('Ctrl Pts',(20.9223335738305,2.03934301633182,0.));
#2689=CARTESIAN_POINT('Ctrl Pts',(19.8259562164589,0.378064219015208,0.));
#2690=CARTESIAN_POINT('Ctrl Pts',(19.8259562164589,0.378064219015208,0.66));
#2691=CARTESIAN_POINT('Ctrl Pts',(20.0557896602565,0.60191210217889,0.));
#2692=CARTESIAN_POINT('Ctrl Pts',(20.0557896602565,0.60191210217889,0.66));
#2693=CARTESIAN_POINT('Ctrl Pts',(20.541504506093,1.07497745883535,0.));
#2694=CARTESIAN_POINT('Ctrl Pts',(20.541504506093,1.07497745883535,0.66));
#2695=CARTESIAN_POINT('Ctrl Pts',(20.7909317819943,1.70659698149521,0.));
#2696=CARTESIAN_POINT('Ctrl Pts',(20.7909317819943,1.70659698149521,0.66));
#2697=CARTESIAN_POINT('Ctrl Pts',(20.9223335738305,2.03934301633182,0.));
#2698=CARTESIAN_POINT('Ctrl Pts',(20.9223335738305,2.03934301633182,0.66));
#2699=CARTESIAN_POINT('',(19.8259562164589,0.378064219015208,0.6));
#2700=CARTESIAN_POINT('Ctrl Pts',(20.9223335738305,2.03934301633182,0.6));
#2701=CARTESIAN_POINT('Ctrl Pts',(20.7909317819943,1.70659698149521,0.6));
#2702=CARTESIAN_POINT('Ctrl Pts',(20.6595299901581,1.3738509466586,0.6));
#2703=CARTESIAN_POINT('Ctrl Pts',(20.4625505915079,1.0851089309912,0.6));
#2704=CARTESIAN_POINT('Ctrl Pts',(20.2856231040541,0.825759985342576,0.6));
#2705=CARTESIAN_POINT('Ctrl Pts',(20.0557896602565,0.60191210217889,0.6));
#2706=CARTESIAN_POINT('Ctrl Pts',(19.8259562164589,0.378064219015208,0.6));
#2707=CARTESIAN_POINT('',(19.8259562164589,0.378064219015208,0.));
#2708=CARTESIAN_POINT('',(19.8259562164589,0.378064219015208,0.));
#2709=CARTESIAN_POINT('Ctrl Pts',(20.9223335738305,2.03934301633182,0.));
#2710=CARTESIAN_POINT('Ctrl Pts',(20.7909317819943,1.70659698149521,0.));
#2711=CARTESIAN_POINT('Ctrl Pts',(20.541504506093,1.07497745883535,0.));
#2712=CARTESIAN_POINT('Ctrl Pts',(20.0557896602565,0.60191210217889,0.));
#2713=CARTESIAN_POINT('Ctrl Pts',(19.8259562164589,0.378064219015208,0.));
#2714=CARTESIAN_POINT('Ctrl Pts',(18.0027755460042,-0.195365962078273,0.));
#2715=CARTESIAN_POINT('Ctrl Pts',(18.0027755460042,-0.195365962078273,0.66));
#2716=CARTESIAN_POINT('Ctrl Pts',(18.3472522975794,-0.178675364494878,0.));
#2717=CARTESIAN_POINT('Ctrl Pts',(18.3472522975794,-0.178675364494878,0.66));
#2718=CARTESIAN_POINT('Ctrl Pts',(19.0064591623315,-0.146735454316671,0.));
#2719=CARTESIAN_POINT('Ctrl Pts',(19.0064591623315,-0.146735454316671,0.66));
#2720=CARTESIAN_POINT('Ctrl Pts',(19.561133741865,0.20847392279894,0.));
#2721=CARTESIAN_POINT('Ctrl Pts',(19.561133741865,0.20847392279894,0.66));
#2722=CARTESIAN_POINT('Ctrl Pts',(19.8259562164589,0.378064219015208,0.));
#2723=CARTESIAN_POINT('Ctrl Pts',(19.8259562164589,0.378064219015208,0.66));
#2724=CARTESIAN_POINT('',(18.0027755460042,-0.195365962078273,0.6));
#2725=CARTESIAN_POINT('Ctrl Pts',(19.8259562164589,0.378064219015208,0.6));
#2726=CARTESIAN_POINT('Ctrl Pts',(19.561133741865,0.20847392279894,0.6));
#2727=CARTESIAN_POINT('Ctrl Pts',(19.2963112672711,0.0388836265826747,0.6));
#2728=CARTESIAN_POINT('Ctrl Pts',(19.0076610117794,-0.0570184879104106,
0.6));
#2729=CARTESIAN_POINT('Ctrl Pts',(18.6917290491546,-0.161984766911479,0.6));
#2730=CARTESIAN_POINT('Ctrl Pts',(18.3472522975794,-0.178675364494878,0.6));
#2731=CARTESIAN_POINT('Ctrl Pts',(18.0027755460042,-0.195365962078273,0.6));
#2732=CARTESIAN_POINT('',(18.0027755460042,-0.195365962078273,0.));
#2733=CARTESIAN_POINT('',(18.0027755460042,-0.195365962078273,0.));
#2734=CARTESIAN_POINT('Ctrl Pts',(19.8259562164589,0.378064219015208,0.));
#2735=CARTESIAN_POINT('Ctrl Pts',(19.561133741865,0.20847392279894,0.));
#2736=CARTESIAN_POINT('Ctrl Pts',(19.0064591623315,-0.146735454316671,0.));
#2737=CARTESIAN_POINT('Ctrl Pts',(18.3472522975794,-0.178675364494878,0.));
#2738=CARTESIAN_POINT('Ctrl Pts',(18.0027755460042,-0.195365962078273,0.));
#2739=CARTESIAN_POINT('Ctrl Pts',(15.7408429757258,0.862152916784846,0.));
#2740=CARTESIAN_POINT('Ctrl Pts',(15.7408429757258,0.862152916784846,0.66));
#2741=CARTESIAN_POINT('Ctrl Pts',(16.0449107137917,0.557010055523739,0.));
#2742=CARTESIAN_POINT('Ctrl Pts',(16.0449107137917,0.557010055523739,0.66));
#2743=CARTESIAN_POINT('Ctrl Pts',(16.6688909679519,-0.069176469018446,0.));
#2744=CARTESIAN_POINT('Ctrl Pts',(16.6688909679519,-0.069176469018446,0.66));
#2745=CARTESIAN_POINT('Ctrl Pts',(17.5506835446754,-0.152596698978029,0.));
#2746=CARTESIAN_POINT('Ctrl Pts',(17.5506835446754,-0.152596698978029,0.66));
#2747=CARTESIAN_POINT('Ctrl Pts',(18.0027755460042,-0.195365962078273,0.));
#2748=CARTESIAN_POINT('Ctrl Pts',(18.0027755460042,-0.195365962078273,0.66));
#2749=CARTESIAN_POINT('',(15.7408429757258,0.862152916784846,0.6));
#2750=CARTESIAN_POINT('Ctrl Pts',(18.0027755460042,-0.195365962078273,0.6));
#2751=CARTESIAN_POINT('Ctrl Pts',(17.5506835446754,-0.152596698978029,0.6));
#2752=CARTESIAN_POINT('Ctrl Pts',(17.0985915433467,-0.109827435877782,0.6));
#2753=CARTESIAN_POINT('Ctrl Pts',(16.7142675064935,0.0756121488118866,0.6));
#2754=CARTESIAN_POINT('Ctrl Pts',(16.3489784518576,0.251867194262627,0.6));
#2755=CARTESIAN_POINT('Ctrl Pts',(16.0449107137917,0.557010055523739,0.6));
#2756=CARTESIAN_POINT('Ctrl Pts',(15.7408429757258,0.862152916784846,0.6));
#2757=CARTESIAN_POINT('',(15.7408429757258,0.862152916784846,0.));
#2758=CARTESIAN_POINT('',(15.7408429757258,0.862152916784846,0.));
#2759=CARTESIAN_POINT('Ctrl Pts',(18.0027755460042,-0.195365962078273,0.));
#2760=CARTESIAN_POINT('Ctrl Pts',(17.5506835446754,-0.152596698978029,0.));
#2761=CARTESIAN_POINT('Ctrl Pts',(16.6688909679519,-0.069176469018446,0.));
#2762=CARTESIAN_POINT('Ctrl Pts',(16.0449107137917,0.557010055523739,0.));
#2763=CARTESIAN_POINT('Ctrl Pts',(15.7408429757258,0.862152916784846,0.));
#2764=CARTESIAN_POINT('Ctrl Pts',(14.7888941187707,4.93649236883154,0.));
#2765=CARTESIAN_POINT('Ctrl Pts',(14.7888941187707,4.93649236883154,0.66));
#2766=CARTESIAN_POINT('Ctrl Pts',(14.7911929561756,4.10856514873115,0.));
#2767=CARTESIAN_POINT('Ctrl Pts',(14.7911929561756,4.10856514873115,0.66));
#2768=CARTESIAN_POINT('Ctrl Pts',(14.7951897840807,2.6691059640411,0.));
#2769=CARTESIAN_POINT('Ctrl Pts',(14.7951897840807,2.6691059640411,0.66));
#2770=CARTESIAN_POINT('Ctrl Pts',(15.4588831270398,1.40092147621913,0.));
#2771=CARTESIAN_POINT('Ctrl Pts',(15.4588831270398,1.40092147621913,0.66));
#2772=CARTESIAN_POINT('Ctrl Pts',(15.7408429757258,0.862152916784846,0.));
#2773=CARTESIAN_POINT('Ctrl Pts',(15.7408429757258,0.862152916784846,0.66));
#2774=CARTESIAN_POINT('',(14.7888941187707,4.93649236883154,0.6));
#2775=CARTESIAN_POINT('Ctrl Pts',(15.7408429757258,0.862152916784846,0.6));
#2776=CARTESIAN_POINT('Ctrl Pts',(15.4588831270398,1.40092147621913,0.6));
#2777=CARTESIAN_POINT('Ctrl Pts',(15.1769232783538,1.93969003565341,0.6));
#2778=CARTESIAN_POINT('Ctrl Pts',(15.0140283441571,2.50937100203758,0.6));
#2779=CARTESIAN_POINT('Ctrl Pts',(14.7934917935806,3.28063792863076,0.6));
#2780=CARTESIAN_POINT('Ctrl Pts',(14.7911929561756,4.10856514873115,0.6));
#2781=CARTESIAN_POINT('Ctrl Pts',(14.7888941187707,4.93649236883154,0.6));
#2782=CARTESIAN_POINT('',(14.7888941187707,4.93649236883154,0.));
#2783=CARTESIAN_POINT('',(14.7888941187707,4.93649236883154,0.));
#2784=CARTESIAN_POINT('Ctrl Pts',(15.7408429757258,0.862152916784846,0.));
#2785=CARTESIAN_POINT('Ctrl Pts',(15.4588831270398,1.40092147621913,0.));
#2786=CARTESIAN_POINT('Ctrl Pts',(14.7951897840807,2.6691059640411,0.));
#2787=CARTESIAN_POINT('Ctrl Pts',(14.7911929561756,4.10856514873115,0.));
#2788=CARTESIAN_POINT('Ctrl Pts',(14.7888941187707,4.93649236883154,0.));
#2789=CARTESIAN_POINT('Ctrl Pts',(16.5972469657526,1.64222892481103,0.));
#2790=CARTESIAN_POINT('Ctrl Pts',(16.5972469657526,1.64222892481103,0.66));
#2791=CARTESIAN_POINT('Ctrl Pts',(16.4348110574789,2.04815210846871,0.));
#2792=CARTESIAN_POINT('Ctrl Pts',(16.4348110574789,2.04815210846871,0.66));
#2793=CARTESIAN_POINT('Ctrl Pts',(16.0156924033777,3.09551891431319,0.));
#2794=CARTESIAN_POINT('Ctrl Pts',(16.0156924033777,3.09551891431319,0.66));
#2795=CARTESIAN_POINT('Ctrl Pts',(16.0374525427351,4.23011314171751,0.));
#2796=CARTESIAN_POINT('Ctrl Pts',(16.0374525427351,4.23011314171751,0.66));
#2797=CARTESIAN_POINT('Ctrl Pts',(16.0507792039687,4.92497785088849,0.));
#2798=CARTESIAN_POINT('Ctrl Pts',(16.0507792039687,4.92497785088849,0.66));
#2799=CARTESIAN_POINT('',(16.5972469657526,1.64222892481103,0.6));
#2800=CARTESIAN_POINT('Ctrl Pts',(16.0507792039687,4.92497785088849,0.6));
#2801=CARTESIAN_POINT('Ctrl Pts',(16.0374525427351,4.23011314171751,0.6));
#2802=CARTESIAN_POINT('Ctrl Pts',(16.0241258815016,3.53524843254652,0.6));
#2803=CARTESIAN_POINT('Ctrl Pts',(16.1761623109477,2.87310064293522,0.6));
#2804=CARTESIAN_POINT('Ctrl Pts',(16.2723751492052,2.45407529212638,0.6));
#2805=CARTESIAN_POINT('Ctrl Pts',(16.4348110574789,2.04815210846871,0.6));
#2806=CARTESIAN_POINT('Ctrl Pts',(16.5972469657526,1.64222892481103,0.6));
#2807=CARTESIAN_POINT('',(16.5972469657526,1.64222892481103,0.));
#2808=CARTESIAN_POINT('',(16.5972469657526,1.64222892481103,0.));
#2809=CARTESIAN_POINT('Ctrl Pts',(16.0507792039687,4.92497785088849,0.));
#2810=CARTESIAN_POINT('Ctrl Pts',(16.0374525427351,4.23011314171751,0.));
#2811=CARTESIAN_POINT('Ctrl Pts',(16.0156924033777,3.09551891431319,0.));
#2812=CARTESIAN_POINT('Ctrl Pts',(16.4348110574789,2.04815210846871,0.));
#2813=CARTESIAN_POINT('Ctrl Pts',(16.5972469657526,1.64222892481103,0.));
#2814=CARTESIAN_POINT('Ctrl Pts',(18.0119871603586,0.814142106080136,0.));
#2815=CARTESIAN_POINT('Ctrl Pts',(18.0119871603586,0.814142106080136,0.66));
#2816=CARTESIAN_POINT('Ctrl Pts',(17.737422083746,0.856814613509047,0.));
#2817=CARTESIAN_POINT('Ctrl Pts',(17.737422083746,0.856814613509047,0.66));
#2818=CARTESIAN_POINT('Ctrl Pts',(17.1599433557067,0.9465655228975,0.));
#2819=CARTESIAN_POINT('Ctrl Pts',(17.1599433557067,0.9465655228975,0.66));
#2820=CARTESIAN_POINT('Ctrl Pts',(16.7908520242482,1.40287435274471,0.));
#2821=CARTESIAN_POINT('Ctrl Pts',(16.7908520242482,1.40287435274471,0.66));
#2822=CARTESIAN_POINT('Ctrl Pts',(16.5972469657526,1.64222892481103,0.));
#2823=CARTESIAN_POINT('Ctrl Pts',(16.5972469657526,1.64222892481103,0.66));
#2824=CARTESIAN_POINT('',(18.0119871603586,0.814142106080136,0.6));
#2825=CARTESIAN_POINT('Ctrl Pts',(16.5972469657526,1.64222892481103,0.6));
#2826=CARTESIAN_POINT('Ctrl Pts',(16.7908520242482,1.40287435274471,0.6));
#2827=CARTESIAN_POINT('Ctrl Pts',(16.9844570827438,1.16351978067839,0.6));
#2828=CARTESIAN_POINT('Ctrl Pts',(17.2353994307522,1.02502273624279,0.6));
#2829=CARTESIAN_POINT('Ctrl Pts',(17.4628570071333,0.899487120937956,0.6));
#2830=CARTESIAN_POINT('Ctrl Pts',(17.737422083746,0.856814613509047,0.6));
#2831=CARTESIAN_POINT('Ctrl Pts',(18.0119871603586,0.814142106080136,0.6));
#2832=CARTESIAN_POINT('',(18.0119871603586,0.814142106080136,0.));
#2833=CARTESIAN_POINT('',(18.0119871603586,0.814142106080136,0.));
#2834=CARTESIAN_POINT('Ctrl Pts',(16.5972469657526,1.64222892481103,0.));
#2835=CARTESIAN_POINT('Ctrl Pts',(16.7908520242482,1.40287435274471,0.));
#2836=CARTESIAN_POINT('Ctrl Pts',(17.1599433557067,0.9465655228975,0.));
#2837=CARTESIAN_POINT('Ctrl Pts',(17.737422083746,0.856814613509047,0.));
#2838=CARTESIAN_POINT('Ctrl Pts',(18.0119871603586,0.814142106080136,0.));
#2839=CARTESIAN_POINT('Ctrl Pts',(19.4416351808722,1.61968501563845,0.));
#2840=CARTESIAN_POINT('Ctrl Pts',(19.4416351808722,1.61968501563845,0.66));
#2841=CARTESIAN_POINT('Ctrl Pts',(19.2438295178245,1.38291402712578,0.));
#2842=CARTESIAN_POINT('Ctrl Pts',(19.2438295178245,1.38291402712578,0.66));
#2843=CARTESIAN_POINT('Ctrl Pts',(18.867037637249,0.931898698985811,0.));
#2844=CARTESIAN_POINT('Ctrl Pts',(18.867037637249,0.931898698985811,0.66));
#2845=CARTESIAN_POINT('Ctrl Pts',(18.2873529064652,0.852065167865181,0.));
#2846=CARTESIAN_POINT('Ctrl Pts',(18.2873529064652,0.852065167865181,0.66));
#2847=CARTESIAN_POINT('Ctrl Pts',(18.0119871603586,0.814142106080136,0.));
#2848=CARTESIAN_POINT('Ctrl Pts',(18.0119871603586,0.814142106080136,0.66));
#2849=CARTESIAN_POINT('',(19.4416351808722,1.61968501563845,0.6));
#2850=CARTESIAN_POINT('Ctrl Pts',(18.0119871603586,0.814142106080136,0.6));
#2851=CARTESIAN_POINT('Ctrl Pts',(18.2873529064652,0.852065167865181,0.6));
#2852=CARTESIAN_POINT('Ctrl Pts',(18.5627186525719,0.889988229650227,0.6));
#2853=CARTESIAN_POINT('Ctrl Pts',(18.7923015457118,1.01166861269827,0.6));
#2854=CARTESIAN_POINT('Ctrl Pts',(19.0460238547767,1.14614303861311,0.6));
#2855=CARTESIAN_POINT('Ctrl Pts',(19.2438295178245,1.38291402712578,0.6));
#2856=CARTESIAN_POINT('Ctrl Pts',(19.4416351808722,1.61968501563845,0.6));
#2857=CARTESIAN_POINT('',(19.4416351808722,1.61968501563845,0.));
#2858=CARTESIAN_POINT('',(19.4416351808722,1.61968501563845,0.));
#2859=CARTESIAN_POINT('Ctrl Pts',(18.0119871603586,0.814142106080136,0.));
#2860=CARTESIAN_POINT('Ctrl Pts',(18.2873529064652,0.852065167865181,0.));
#2861=CARTESIAN_POINT('Ctrl Pts',(18.867037637249,0.931898698985811,0.));
#2862=CARTESIAN_POINT('Ctrl Pts',(19.2438295178245,1.38291402712578,0.));
#2863=CARTESIAN_POINT('Ctrl Pts',(19.4416351808722,1.61968501563845,0.));
#2864=CARTESIAN_POINT('Ctrl Pts',(20.0478850550131,4.88850484111763,0.));
#2865=CARTESIAN_POINT('Ctrl Pts',(20.0478850550131,4.88850484111763,0.66));
#2866=CARTESIAN_POINT('Ctrl Pts',(20.0482985661354,4.19498851412348,0.));
#2867=CARTESIAN_POINT('Ctrl Pts',(20.0482985661354,4.19498851412348,0.66));
#2868=CARTESIAN_POINT('Ctrl Pts',(20.0489744629643,3.06141444314297,0.));
#2869=CARTESIAN_POINT('Ctrl Pts',(20.0489744629643,3.06141444314297,0.66));
#2870=CARTESIAN_POINT('Ctrl Pts',(19.6114743718251,2.02285696048105,0.));
#2871=CARTESIAN_POINT('Ctrl Pts',(19.6114743718251,2.02285696048105,0.66));
#2872=CARTESIAN_POINT('Ctrl Pts',(19.4416351808722,1.61968501563845,0.));
#2873=CARTESIAN_POINT('Ctrl Pts',(19.4416351808722,1.61968501563845,0.66));
#2874=CARTESIAN_POINT('Ctrl Pts',(19.4416351808722,1.61968501563845,0.6));
#2875=CARTESIAN_POINT('Ctrl Pts',(19.6114743718251,2.02285696048105,0.6));
#2876=CARTESIAN_POINT('Ctrl Pts',(19.781313562778,2.42602890532365,0.6));
#2877=CARTESIAN_POINT('Ctrl Pts',(19.8851186779792,2.84352005697582,0.6));
#2878=CARTESIAN_POINT('Ctrl Pts',(20.0487120772576,3.50147218712933,0.6));
#2879=CARTESIAN_POINT('Ctrl Pts',(20.0482985661354,4.19498851412348,0.6));
#2880=CARTESIAN_POINT('Ctrl Pts',(20.0478850550131,4.88850484111763,0.6));
#2881=CARTESIAN_POINT('Ctrl Pts',(19.4416351808722,1.61968501563845,0.));
#2882=CARTESIAN_POINT('Ctrl Pts',(19.6114743718251,2.02285696048105,0.));
#2883=CARTESIAN_POINT('Ctrl Pts',(20.0489744629643,3.06141444314297,0.));
#2884=CARTESIAN_POINT('Ctrl Pts',(20.0482985661354,4.19498851412348,0.));
#2885=CARTESIAN_POINT('Ctrl Pts',(20.0478850550131,4.88850484111763,0.));
#2886=CARTESIAN_POINT('Ctrl Pts',(15.17986559987,7.78775029912547,0.));
#2887=CARTESIAN_POINT('Ctrl Pts',(15.17986559987,7.78775029912547,0.66));
#2888=CARTESIAN_POINT('Ctrl Pts',(15.0699679870962,7.37268159287235,0.));
#2889=CARTESIAN_POINT('Ctrl Pts',(15.0699679870962,7.37268159287235,0.66));
#2890=CARTESIAN_POINT('Ctrl Pts',(14.8228423666426,6.43932090400212,0.));
#2891=CARTESIAN_POINT('Ctrl Pts',(14.8228423666426,6.43932090400212,0.66));
#2892=CARTESIAN_POINT('Ctrl Pts',(14.8010148588358,5.47305596722252,0.));
#2893=CARTESIAN_POINT('Ctrl Pts',(14.8010148588358,5.47305596722252,0.66));
#2894=CARTESIAN_POINT('Ctrl Pts',(14.7888941187707,4.93649236883154,0.));
#2895=CARTESIAN_POINT('Ctrl Pts',(14.7888941187707,4.93649236883154,0.66));
#2896=CARTESIAN_POINT('',(15.17986559987,7.78775029912547,0.6));
#2897=CARTESIAN_POINT('Ctrl Pts',(14.7888941187707,4.93649236883154,0.6));
#2898=CARTESIAN_POINT('Ctrl Pts',(14.8010148588358,5.47305596722252,0.6));
#2899=CARTESIAN_POINT('Ctrl Pts',(14.8131355989009,6.0096195656135,0.6));
#2900=CARTESIAN_POINT('Ctrl Pts',(14.8947279746853,6.53603699856384,0.6));
#2901=CARTESIAN_POINT('Ctrl Pts',(14.9600703743225,6.95761288661922,0.6));
#2902=CARTESIAN_POINT('Ctrl Pts',(15.0699679870962,7.37268159287235,0.6));
#2903=CARTESIAN_POINT('Ctrl Pts',(15.17986559987,7.78775029912547,0.6));
#2904=CARTESIAN_POINT('',(15.17986559987,7.78775029912547,0.));
#2905=CARTESIAN_POINT('',(15.17986559987,7.78775029912547,0.));
#2906=CARTESIAN_POINT('Ctrl Pts',(14.7888941187707,4.93649236883154,0.));
#2907=CARTESIAN_POINT('Ctrl Pts',(14.8010148588358,5.47305596722252,0.));
#2908=CARTESIAN_POINT('Ctrl Pts',(14.8228423666426,6.43932090400212,0.));
#2909=CARTESIAN_POINT('Ctrl Pts',(15.0699679870962,7.37268159287235,0.));
#2910=CARTESIAN_POINT('Ctrl Pts',(15.17986559987,7.78775029912547,0.));
#2911=CARTESIAN_POINT('Ctrl Pts',(16.2796222787449,9.44558813693741,0.));
#2912=CARTESIAN_POINT('Ctrl Pts',(16.2796222787449,9.44558813693741,0.66));
#2913=CARTESIAN_POINT('Ctrl Pts',(16.0495873697905,9.22260877444293,0.));
#2914=CARTESIAN_POINT('Ctrl Pts',(16.0495873697905,9.22260877444293,0.66));
#2915=CARTESIAN_POINT('Ctrl Pts',(15.5630051529736,8.75095082913316,0.));
#2916=CARTESIAN_POINT('Ctrl Pts',(15.5630051529736,8.75095082913316,0.66));
#2917=CARTESIAN_POINT('Ctrl Pts',(15.3121351674488,8.1202717435019,0.));
#2918=CARTESIAN_POINT('Ctrl Pts',(15.3121351674488,8.1202717435019,0.66));
#2919=CARTESIAN_POINT('Ctrl Pts',(15.17986559987,7.78775029912547,0.));
#2920=CARTESIAN_POINT('Ctrl Pts',(15.17986559987,7.78775029912547,0.66));
#2921=CARTESIAN_POINT('',(16.2796222787449,9.44558813693741,0.6));
#2922=CARTESIAN_POINT('Ctrl Pts',(15.17986559987,7.78775029912547,0.6));
#2923=CARTESIAN_POINT('Ctrl Pts',(15.3053005926324,8.1030898419411,0.6));
#2924=CARTESIAN_POINT('Ctrl Pts',(15.4307355853949,8.41842938475673,0.6));
#2925=CARTESIAN_POINT('Ctrl Pts',(15.7943426900941,8.97519286605976,0.6));
#2926=CARTESIAN_POINT('Ctrl Pts',(16.0160821943968,9.19013125751517,0.6));
#2927=CARTESIAN_POINT('Ctrl Pts',(16.2796222787449,9.44558813693741,0.6));
#2928=CARTESIAN_POINT('',(16.2796222787449,9.44558813693741,0.));
#2929=CARTESIAN_POINT('',(16.2796222787449,9.44558813693741,0.));
#2930=CARTESIAN_POINT('Ctrl Pts',(15.17986559987,7.78775029912547,0.));
#2931=CARTESIAN_POINT('Ctrl Pts',(15.3121351674488,8.1202717435019,0.));
#2932=CARTESIAN_POINT('Ctrl Pts',(15.5630051529736,8.75095082913316,0.));
#2933=CARTESIAN_POINT('Ctrl Pts',(16.0495873697905,9.22260877444293,0.));
#2934=CARTESIAN_POINT('Ctrl Pts',(16.2796222787449,9.44558813693741,0.));
#2935=CARTESIAN_POINT('Ctrl Pts',(18.0959497495188,10.0156683445093,0.));
#2936=CARTESIAN_POINT('Ctrl Pts',(18.0959497495188,10.0156683445093,0.66));
#2937=CARTESIAN_POINT('Ctrl Pts',(17.7533017730977,9.99895405546048,0.));
#2938=CARTESIAN_POINT('Ctrl Pts',(17.7533017730977,9.99895405546048,0.66));
#2939=CARTESIAN_POINT('Ctrl Pts',(17.0969098522396,9.96693540935862,0.));
#2940=CARTESIAN_POINT('Ctrl Pts',(17.0969098522396,9.96693540935862,0.66));
#2941=CARTESIAN_POINT('Ctrl Pts',(16.5439347696243,9.61419292264041,0.));
#2942=CARTESIAN_POINT('Ctrl Pts',(16.5439347696243,9.61419292264041,0.66));
#2943=CARTESIAN_POINT('Ctrl Pts',(16.2796222787449,9.44558813693741,0.));
#2944=CARTESIAN_POINT('Ctrl Pts',(16.2796222787449,9.44558813693741,0.66));
#2945=CARTESIAN_POINT('',(18.0959497495188,10.0156683445093,0.6));
#2946=CARTESIAN_POINT('Ctrl Pts',(16.2796222787449,9.44558813693741,0.6));
#2947=CARTESIAN_POINT('Ctrl Pts',(16.5756889171483,9.63444887505742,0.6));
#2948=CARTESIAN_POINT('Ctrl Pts',(16.8316119005525,9.79770199877388,0.6));
#2949=CARTESIAN_POINT('Ctrl Pts',(17.4395578286607,9.98364969840746,0.6));
#2950=CARTESIAN_POINT('Ctrl Pts',(17.7677537890898,9.9996590214584,0.6));
#2951=CARTESIAN_POINT('Ctrl Pts',(18.0959497495188,10.0156683445093,0.6));
#2952=CARTESIAN_POINT('',(18.0959497495188,10.0156683445093,0.));
#2953=CARTESIAN_POINT('',(18.0959497495188,10.0156683445093,0.));
#2954=CARTESIAN_POINT('Ctrl Pts',(16.2796222787449,9.44558813693741,0.));
#2955=CARTESIAN_POINT('Ctrl Pts',(16.5439347696243,9.61419292264041,0.));
#2956=CARTESIAN_POINT('Ctrl Pts',(17.0969098522396,9.96693540935862,0.));
#2957=CARTESIAN_POINT('Ctrl Pts',(17.7533017730977,9.99895405546048,0.));
#2958=CARTESIAN_POINT('Ctrl Pts',(18.0959497495188,10.0156683445093,0.));
#2959=CARTESIAN_POINT('Ctrl Pts',(19.5049399758695,9.67878836791136,0.));
#2960=CARTESIAN_POINT('Ctrl Pts',(19.5049399758695,9.67878836791136,0.66));
#2961=CARTESIAN_POINT('Ctrl Pts',(19.2901218197224,9.77521190448552,0.));
#2962=CARTESIAN_POINT('Ctrl Pts',(19.2901218197224,9.77521190448552,0.66));
#2963=CARTESIAN_POINT('Ctrl Pts',(18.8421630445917,9.97628322039398,0.));
#2964=CARTESIAN_POINT('Ctrl Pts',(18.8421630445917,9.97628322039398,0.66));
#2965=CARTESIAN_POINT('Ctrl Pts',(18.3513788851346,10.0021867993863,0.));
#2966=CARTESIAN_POINT('Ctrl Pts',(18.3513788851346,10.0021867993863,0.66));
#2967=CARTESIAN_POINT('Ctrl Pts',(18.0959497495188,10.0156683445093,0.));
#2968=CARTESIAN_POINT('Ctrl Pts',(18.0959497495188,10.0156683445093,0.66));
#2969=CARTESIAN_POINT('',(19.5049399758695,9.67878836791136,0.6));
#2970=CARTESIAN_POINT('Ctrl Pts',(18.0959497495188,10.0156683445093,0.6));
#2971=CARTESIAN_POINT('Ctrl Pts',(18.3513788851346,10.0021867993863,0.6));
#2972=CARTESIAN_POINT('Ctrl Pts',(18.6068080207504,9.98870525426334,0.6));
#2973=CARTESIAN_POINT('Ctrl Pts',(18.8506370742776,9.92777614598405,0.6));
#2974=CARTESIAN_POINT('Ctrl Pts',(19.0753036635753,9.87163544105967,0.6));
#2975=CARTESIAN_POINT('Ctrl Pts',(19.2901218197224,9.77521190448552,0.6));
#2976=CARTESIAN_POINT('Ctrl Pts',(19.5049399758695,9.67878836791136,0.6));
#2977=CARTESIAN_POINT('',(19.5049399758695,9.67878836791136,0.));
#2978=CARTESIAN_POINT('',(19.5049399758695,9.67878836791136,0.));
#2979=CARTESIAN_POINT('Ctrl Pts',(18.0959497495188,10.0156683445093,0.));
#2980=CARTESIAN_POINT('Ctrl Pts',(18.3513788851346,10.0021867993863,0.));
#2981=CARTESIAN_POINT('Ctrl Pts',(18.8421630445917,9.97628322039398,0.));
#2982=CARTESIAN_POINT('Ctrl Pts',(19.2901218197224,9.77521190448552,0.));
#2983=CARTESIAN_POINT('Ctrl Pts',(19.5049399758695,9.67878836791136,0.));
#2984=CARTESIAN_POINT('Ctrl Pts',(20.4991002030374,8.73516170440425,0.));
#2985=CARTESIAN_POINT('Ctrl Pts',(20.4991002030374,8.73516170440425,0.66));
#2986=CARTESIAN_POINT('Ctrl Pts',(20.3616728079336,8.92717229533667,0.));
#2987=CARTESIAN_POINT('Ctrl Pts',(20.3616728079336,8.92717229533667,0.66));
#2988=CARTESIAN_POINT('Ctrl Pts',(20.090767441553,9.30567542745393,0.));
#2989=CARTESIAN_POINT('Ctrl Pts',(20.090767441553,9.30567542745393,0.66));
#2990=CARTESIAN_POINT('Ctrl Pts',(19.6983086297083,9.55563206122996,0.));
#2991=CARTESIAN_POINT('Ctrl Pts',(19.6983086297083,9.55563206122996,0.66));
#2992=CARTESIAN_POINT('Ctrl Pts',(19.5049399758695,9.67878836791136,0.));
#2993=CARTESIAN_POINT('Ctrl Pts',(19.5049399758695,9.67878836791136,0.66));
#2994=CARTESIAN_POINT('',(20.4991002030374,8.73516170440425,0.6));
#2995=CARTESIAN_POINT('Ctrl Pts',(19.5049399758695,9.67878836791136,0.6));
#2996=CARTESIAN_POINT('Ctrl Pts',(19.6983086297083,9.55563206122996,0.6));
#2997=CARTESIAN_POINT('Ctrl Pts',(19.8916772835471,9.43247575454857,0.6));
#2998=CARTESIAN_POINT('Ctrl Pts',(20.0555371575727,9.27811300776309,0.6));
#2999=CARTESIAN_POINT('Ctrl Pts',(20.2242454128298,9.11918288626909,0.6));
#3000=CARTESIAN_POINT('Ctrl Pts',(20.3616728079336,8.92717229533667,0.6));
#3001=CARTESIAN_POINT('Ctrl Pts',(20.4991002030374,8.73516170440425,0.6));
#3002=CARTESIAN_POINT('',(20.4991002030374,8.73516170440425,0.));
#3003=CARTESIAN_POINT('',(20.4991002030374,8.73516170440425,0.));
#3004=CARTESIAN_POINT('Ctrl Pts',(19.5049399758695,9.67878836791136,0.));
#3005=CARTESIAN_POINT('Ctrl Pts',(19.6983086297083,9.55563206122996,0.));
#3006=CARTESIAN_POINT('Ctrl Pts',(20.090767441553,9.30567542745393,0.));
#3007=CARTESIAN_POINT('Ctrl Pts',(20.3616728079336,8.92717229533667,0.));
#3008=CARTESIAN_POINT('Ctrl Pts',(20.4991002030374,8.73516170440425,0.));
#3009=CARTESIAN_POINT('Ctrl Pts',(21.106242985442,7.24252038079475,0.));
#3010=CARTESIAN_POINT('Ctrl Pts',(21.106242985442,7.24252038079475,0.66));
#3011=CARTESIAN_POINT('Ctrl Pts',(21.0306509664014,7.5179409616311,0.));
#3012=CARTESIAN_POINT('Ctrl Pts',(21.0306509664014,7.5179409616311,0.66));
#3013=CARTESIAN_POINT('Ctrl Pts',(20.8874070856445,8.03985204880723,0.));
#3014=CARTESIAN_POINT('Ctrl Pts',(20.8874070856445,8.03985204880723,0.66));
#3015=CARTESIAN_POINT('Ctrl Pts',(20.6236626205502,8.51211788133402,0.));
#3016=CARTESIAN_POINT('Ctrl Pts',(20.6236626205502,8.51211788133402,0.66));
#3017=CARTESIAN_POINT('Ctrl Pts',(20.4991002030374,8.73516170440425,0.));
#3018=CARTESIAN_POINT('Ctrl Pts',(20.4991002030374,8.73516170440425,0.66));
#3019=CARTESIAN_POINT('Ctrl Pts',(20.4991002030374,8.73516170440425,0.6));
#3020=CARTESIAN_POINT('Ctrl Pts',(20.6236626205502,8.51211788133402,0.6));
#3021=CARTESIAN_POINT('Ctrl Pts',(20.748225038063,8.2890740582638,0.6));
#3022=CARTESIAN_POINT('Ctrl Pts',(20.845909483333,8.05495673058119,0.6));
#3023=CARTESIAN_POINT('Ctrl Pts',(20.9550589473608,7.79336154246746,0.6));
#3024=CARTESIAN_POINT('Ctrl Pts',(21.0306509664014,7.5179409616311,0.6));
#3025=CARTESIAN_POINT('Ctrl Pts',(21.106242985442,7.24252038079475,0.6));
#3026=CARTESIAN_POINT('Ctrl Pts',(20.4991002030374,8.73516170440425,0.));
#3027=CARTESIAN_POINT('Ctrl Pts',(20.6236626205502,8.51211788133402,0.));
#3028=CARTESIAN_POINT('Ctrl Pts',(20.8874070856445,8.03985204880723,0.));
#3029=CARTESIAN_POINT('Ctrl Pts',(21.0306509664014,7.5179409616311,0.));
#3030=CARTESIAN_POINT('Ctrl Pts',(21.106242985442,7.24252038079475,0.));
#3031=CARTESIAN_POINT('Origin',(12.1236492789467,4.96302519426695,0.));
#3032=CARTESIAN_POINT('Origin',(12.1236492789467,4.96302519426695,0.6));
#3033=CARTESIAN_POINT('Origin',(12.9499715448364,0.0212797041828158,0.));
#3034=CARTESIAN_POINT('',(12.9627308737662,1.41958460528711,0.6));
#3035=CARTESIAN_POINT('',(12.9499715448364,0.0212797041828158,0.6));
#3036=CARTESIAN_POINT('',(12.9724816241268,2.48817701275337,0.6));
#3037=CARTESIAN_POINT('',(12.9499715448364,0.0212797041828158,0.));
#3038=CARTESIAN_POINT('',(12.9499715448364,0.0212797041828158,0.));
#3039=CARTESIAN_POINT('',(12.9627308737662,1.41958460528711,0.));
#3040=CARTESIAN_POINT('',(12.9627308737662,1.41958460528711,0.));
#3041=CARTESIAN_POINT('',(12.9627308737662,1.41958460528711,0.));
#3042=CARTESIAN_POINT('Origin',(11.5516666437321,0.034039033112594,0.));
#3043=CARTESIAN_POINT('',(11.5516666437321,0.0340390331125939,0.6));
#3044=CARTESIAN_POINT('',(11.815147882049,0.0316348051192175,0.6));
#3045=CARTESIAN_POINT('',(11.5516666437321,0.0340390331125939,0.));
#3046=CARTESIAN_POINT('',(11.5516666437321,0.0340390331125939,0.));
#3047=CARTESIAN_POINT('',(12.9499715448364,0.021279704182815,0.));
#3048=CARTESIAN_POINT('Origin',(11.5644259726619,1.43234393421689,0.));
#3049=CARTESIAN_POINT('',(11.5644259726619,1.43234393421689,0.6));
#3050=CARTESIAN_POINT('',(11.5805563874874,3.2000887922353,0.6));
#3051=CARTESIAN_POINT('',(11.5644259726619,1.43234393421689,0.));
#3052=CARTESIAN_POINT('',(11.5644259726619,1.43234393421689,0.));
#3053=CARTESIAN_POINT('',(11.5516666437321,0.0340390331125939,0.));
#3054=CARTESIAN_POINT('Origin',(12.9627308737662,1.41958460528711,0.));
#3055=CARTESIAN_POINT('',(12.5270596615309,1.42356004175862,0.6));
#3056=CARTESIAN_POINT('',(11.5644259726619,1.43234393421689,0.));
#3057=CARTESIAN_POINT('Origin',(12.1236492789467,4.96302519426695,0.));
#3058=CARTESIAN_POINT('Origin',(12.1236492789467,4.96302519426695,0.6));
#3059=CARTESIAN_POINT('Origin',(3.23388776733327,7.2589390938122,0.));
#3060=CARTESIAN_POINT('',(4.49458983398994,7.11782563563282,0.6));
#3061=CARTESIAN_POINT('',(3.23388776733327,7.2589390938122,0.6));
#3062=CARTESIAN_POINT('',(7.75067193873536,6.75336442146572,0.6));
#3063=CARTESIAN_POINT('',(3.23388776733327,7.2589390938122,0.));
#3064=CARTESIAN_POINT('',(3.23388776733327,7.2589390938122,0.));
#3065=CARTESIAN_POINT('',(4.49458983398994,7.11782563563282,0.));
#3066=CARTESIAN_POINT('',(4.49458983398994,7.11782563563282,0.));
#3067=CARTESIAN_POINT('',(4.49458983398994,7.11782563563282,0.));
#3068=CARTESIAN_POINT('Ctrl Pts',(4.22892749803048,9.40206360532972,0.));
#3069=CARTESIAN_POINT('Ctrl Pts',(4.22892749803048,9.40206360532972,0.66));
#3070=CARTESIAN_POINT('Ctrl Pts',(3.97321424954016,9.11614167317352,0.));
#3071=CARTESIAN_POINT('Ctrl Pts',(3.97321424954016,9.11614167317352,0.66));
#3072=CARTESIAN_POINT('Ctrl Pts',(3.42657000223761,8.50491960973501,0.));
#3073=CARTESIAN_POINT('Ctrl Pts',(3.42657000223761,8.50491960973501,0.66));
#3074=CARTESIAN_POINT('Ctrl Pts',(3.300815766118,7.6917292910864,0.));
#3075=CARTESIAN_POINT('Ctrl Pts',(3.300815766118,7.6917292910864,0.66));
#3076=CARTESIAN_POINT('Ctrl Pts',(3.23388776733327,7.2589390938122,0.));
#3077=CARTESIAN_POINT('Ctrl Pts',(3.23388776733327,7.2589390938122,0.66));
#3078=CARTESIAN_POINT('',(4.22892749803048,9.40206360532972,0.6));
#3079=CARTESIAN_POINT('Ctrl Pts',(3.23388776733327,7.2589390938122,0.6));
#3080=CARTESIAN_POINT('Ctrl Pts',(3.300815766118,7.6917292910864,0.6));
#3081=CARTESIAN_POINT('Ctrl Pts',(3.36774376490273,8.12451948836059,0.6));
#3082=CARTESIAN_POINT('Ctrl Pts',(3.55388900022936,8.50010210974658,0.6));
#3083=CARTESIAN_POINT('Ctrl Pts',(3.71750100104984,8.83021974101731,0.6));
#3084=CARTESIAN_POINT('Ctrl Pts',(3.97321424954016,9.11614167317352,0.6));
#3085=CARTESIAN_POINT('Ctrl Pts',(4.22892749803048,9.40206360532972,0.6));
#3086=CARTESIAN_POINT('',(4.22892749803048,9.40206360532972,0.));
#3087=CARTESIAN_POINT('',(4.22892749803048,9.40206360532972,0.));
#3088=CARTESIAN_POINT('Ctrl Pts',(3.23388776733327,7.2589390938122,0.));
#3089=CARTESIAN_POINT('Ctrl Pts',(3.300815766118,7.6917292910864,0.));
#3090=CARTESIAN_POINT('Ctrl Pts',(3.42657000223761,8.50491960973501,0.));
#3091=CARTESIAN_POINT('Ctrl Pts',(3.97321424954016,9.11614167317352,0.));
#3092=CARTESIAN_POINT('Ctrl Pts',(4.22892749803048,9.40206360532972,0.));
#3093=CARTESIAN_POINT('Ctrl Pts',(6.50707316747706,10.1214163506122,0.));
#3094=CARTESIAN_POINT('Ctrl Pts',(6.50707316747706,10.1214163506122,0.66));
#3095=CARTESIAN_POINT('Ctrl Pts',(6.06651869636717,10.1034747453661,0.));
#3096=CARTESIAN_POINT('Ctrl Pts',(6.06651869636717,10.1034747453661,0.66));
#3097=CARTESIAN_POINT('Ctrl Pts',(5.23930687551534,10.069786498128,0.));
#3098=CARTESIAN_POINT('Ctrl Pts',(5.23930687551534,10.069786498128,0.66));
#3099=CARTESIAN_POINT('Ctrl Pts',(4.55076664000416,9.61475536021225,0.));
#3100=CARTESIAN_POINT('Ctrl Pts',(4.55076664000416,9.61475536021225,0.66));
#3101=CARTESIAN_POINT('Ctrl Pts',(4.22892749803048,9.40206360532972,0.));
#3102=CARTESIAN_POINT('Ctrl Pts',(4.22892749803048,9.40206360532972,0.66));
#3103=CARTESIAN_POINT('',(6.50707316747706,10.1214163506122,0.6));
#3104=CARTESIAN_POINT('Ctrl Pts',(4.22892749803048,9.40206360532972,0.6));
#3105=CARTESIAN_POINT('Ctrl Pts',(4.55076664000416,9.61475536021225,0.6));
#3106=CARTESIAN_POINT('Ctrl Pts',(4.87260578197784,9.82744711509478,0.6));
#3107=CARTESIAN_POINT('Ctrl Pts',(5.22474240737588,9.94808230903933,0.6));
#3108=CARTESIAN_POINT('Ctrl Pts',(5.62596422525727,10.08553314012,0.6));
#3109=CARTESIAN_POINT('Ctrl Pts',(6.06651869636717,10.1034747453661,0.6));
#3110=CARTESIAN_POINT('Ctrl Pts',(6.50707316747706,10.1214163506122,0.6));
#3111=CARTESIAN_POINT('',(6.50707316747706,10.1214163506122,0.));
#3112=CARTESIAN_POINT('',(6.50707316747706,10.1214163506122,0.));
#3113=CARTESIAN_POINT('Ctrl Pts',(4.22892749803048,9.40206360532972,0.));
#3114=CARTESIAN_POINT('Ctrl Pts',(4.55076664000416,9.61475536021225,0.));
#3115=CARTESIAN_POINT('Ctrl Pts',(5.23930687551534,10.069786498128,0.));
#3116=CARTESIAN_POINT('Ctrl Pts',(6.06651869636717,10.1034747453661,0.));
#3117=CARTESIAN_POINT('Ctrl Pts',(6.50707316747706,10.1214163506122,0.));
#3118=CARTESIAN_POINT('Ctrl Pts',(8.77800443799009,9.30257051158368,0.));
#3119=CARTESIAN_POINT('Ctrl Pts',(8.77800443799009,9.30257051158368,0.66));
#3120=CARTESIAN_POINT('Ctrl Pts',(8.46245754400313,9.53800762633132,0.));
#3121=CARTESIAN_POINT('Ctrl Pts',(8.46245754400313,9.53800762633132,0.66));
#3122=CARTESIAN_POINT('Ctrl Pts',(7.79084112831032,10.0391167614268,0.));
#3123=CARTESIAN_POINT('Ctrl Pts',(7.79084112831032,10.0391167614268,0.66));
#3124=CARTESIAN_POINT('Ctrl Pts',(6.95186921572528,10.0929014373576,0.));
#3125=CARTESIAN_POINT('Ctrl Pts',(6.95186921572528,10.0929014373576,0.66));
#3126=CARTESIAN_POINT('Ctrl Pts',(6.50707316747706,10.1214163506122,0.));
#3127=CARTESIAN_POINT('Ctrl Pts',(6.50707316747706,10.1214163506122,0.66));
#3128=CARTESIAN_POINT('',(8.77800443799009,9.30257051158368,0.6));
#3129=CARTESIAN_POINT('Ctrl Pts',(6.50707316747706,10.1214163506122,0.6));
#3130=CARTESIAN_POINT('Ctrl Pts',(6.95186921572528,10.0929014373576,0.6));
#3131=CARTESIAN_POINT('Ctrl Pts',(7.3966652639735,10.0643865241031,0.6));
#3132=CARTESIAN_POINT('Ctrl Pts',(7.79442134844124,9.91013850528602,0.6));
#3133=CARTESIAN_POINT('Ctrl Pts',(8.14691065001617,9.77344474107896,0.6));
#3134=CARTESIAN_POINT('Ctrl Pts',(8.46245754400313,9.53800762633132,0.6));
#3135=CARTESIAN_POINT('Ctrl Pts',(8.77800443799009,9.30257051158368,0.6));
#3136=CARTESIAN_POINT('',(8.77800443799009,9.30257051158368,0.));
#3137=CARTESIAN_POINT('',(8.77800443799009,9.30257051158368,0.));
#3138=CARTESIAN_POINT('Ctrl Pts',(6.50707316747706,10.1214163506122,0.));
#3139=CARTESIAN_POINT('Ctrl Pts',(6.95186921572528,10.0929014373576,0.));
#3140=CARTESIAN_POINT('Ctrl Pts',(7.79084112831032,10.0391167614268,0.));
#3141=CARTESIAN_POINT('Ctrl Pts',(8.46245754400313,9.53800762633132,0.));
#3142=CARTESIAN_POINT('Ctrl Pts',(8.77800443799009,9.30257051158368,0.));
#3143=CARTESIAN_POINT('Ctrl Pts',(9.59893736462065,7.31682579769527,0.));
#3144=CARTESIAN_POINT('Ctrl Pts',(9.59893736462065,7.31682579769527,0.66));
#3145=CARTESIAN_POINT('Ctrl Pts',(9.5681716139304,7.69384607709788,0.));
#3146=CARTESIAN_POINT('Ctrl Pts',(9.5681716139304,7.69384607709788,0.66));
#3147=CARTESIAN_POINT('Ctrl Pts',(9.50696769388747,8.44387227562749,0.));
#3148=CARTESIAN_POINT('Ctrl Pts',(9.50696769388747,8.44387227562749,0.66));
#3149=CARTESIAN_POINT('Ctrl Pts',(9.0201236125006,9.01736092610546,0.));
#3150=CARTESIAN_POINT('Ctrl Pts',(9.0201236125006,9.01736092610546,0.66));
#3151=CARTESIAN_POINT('Ctrl Pts',(8.77800443799009,9.30257051158368,0.));
#3152=CARTESIAN_POINT('Ctrl Pts',(8.77800443799009,9.30257051158368,0.66));
#3153=CARTESIAN_POINT('',(9.59893736462065,7.31682579769527,0.6));
#3154=CARTESIAN_POINT('Ctrl Pts',(8.77800443799009,9.30257051158368,0.6));
#3155=CARTESIAN_POINT('Ctrl Pts',(9.0201236125006,9.01736092610546,0.6));
#3156=CARTESIAN_POINT('Ctrl Pts',(9.26224278701111,8.73215134062725,0.6));
#3157=CARTESIAN_POINT('Ctrl Pts',(9.39908794836659,8.40327854419341,0.6));
#3158=CARTESIAN_POINT('Ctrl Pts',(9.53740586324015,8.0708663565005,0.6));
#3159=CARTESIAN_POINT('Ctrl Pts',(9.5681716139304,7.69384607709788,0.6));
#3160=CARTESIAN_POINT('Ctrl Pts',(9.59893736462065,7.31682579769527,0.6));
#3161=CARTESIAN_POINT('',(9.59893736462065,7.31682579769527,0.));
#3162=CARTESIAN_POINT('',(9.59893736462065,7.31682579769527,0.));
#3163=CARTESIAN_POINT('Ctrl Pts',(8.77800443799009,9.30257051158368,0.));
#3164=CARTESIAN_POINT('Ctrl Pts',(9.0201236125006,9.01736092610546,0.));
#3165=CARTESIAN_POINT('Ctrl Pts',(9.50696769388747,8.44387227562749,0.));
#3166=CARTESIAN_POINT('Ctrl Pts',(9.5681716139304,7.69384607709788,0.));
#3167=CARTESIAN_POINT('Ctrl Pts',(9.59893736462065,7.31682579769527,0.));
#3168=CARTESIAN_POINT('Ctrl Pts',(9.34261418710582,6.13903361834239,0.));
#3169=CARTESIAN_POINT('Ctrl Pts',(9.34261418710582,6.13903361834239,0.66));
#3170=CARTESIAN_POINT('Ctrl Pts',(9.41599108320828,6.33123194429082,0.));
#3171=CARTESIAN_POINT('Ctrl Pts',(9.41599108320828,6.33123194429082,0.66));
#3172=CARTESIAN_POINT('Ctrl Pts',(9.56095955903107,6.71095226292532,0.));
#3173=CARTESIAN_POINT('Ctrl Pts',(9.56095955903107,6.71095226292532,0.66));
#3174=CARTESIAN_POINT('Ctrl Pts',(9.58638245882489,7.1165328888477,0.));
#3175=CARTESIAN_POINT('Ctrl Pts',(9.58638245882489,7.1165328888477,0.66));
#3176=CARTESIAN_POINT('Ctrl Pts',(9.59893736462065,7.31682579769527,0.));
#3177=CARTESIAN_POINT('Ctrl Pts',(9.59893736462065,7.31682579769527,0.66));
#3178=CARTESIAN_POINT('',(9.34261418710582,6.13903361834239,0.6));
#3179=CARTESIAN_POINT('Ctrl Pts',(9.59893736462065,7.31682579769527,0.6));
#3180=CARTESIAN_POINT('Ctrl Pts',(9.58638245882489,7.1165328888477,0.6));
#3181=CARTESIAN_POINT('Ctrl Pts',(9.57382755302912,6.91623998000013,0.6));
#3182=CARTESIAN_POINT('Ctrl Pts',(9.53211783461837,6.72225389101314,0.6));
#3183=CARTESIAN_POINT('Ctrl Pts',(9.48936797931074,6.52343027023924,0.6));
#3184=CARTESIAN_POINT('Ctrl Pts',(9.41599108320828,6.33123194429082,0.6));
#3185=CARTESIAN_POINT('Ctrl Pts',(9.34261418710582,6.13903361834239,0.6));
#3186=CARTESIAN_POINT('',(9.34261418710582,6.13903361834239,0.));
#3187=CARTESIAN_POINT('',(9.34261418710582,6.13903361834239,0.));
#3188=CARTESIAN_POINT('Ctrl Pts',(9.59893736462065,7.31682579769527,0.));
#3189=CARTESIAN_POINT('Ctrl Pts',(9.58638245882489,7.1165328888477,0.));
#3190=CARTESIAN_POINT('Ctrl Pts',(9.56095955903107,6.71095226292532,0.));
#3191=CARTESIAN_POINT('Ctrl Pts',(9.41599108320828,6.33123194429082,0.));
#3192=CARTESIAN_POINT('Ctrl Pts',(9.34261418710582,6.13903361834239,0.));
#3193=CARTESIAN_POINT('Ctrl Pts',(8.51636346512421,4.92551271180034,0.));
#3194=CARTESIAN_POINT('Ctrl Pts',(8.51636346512421,4.92551271180034,0.66));
#3195=CARTESIAN_POINT('Ctrl Pts',(8.69064091956093,5.126239349742,0.));
#3196=CARTESIAN_POINT('Ctrl Pts',(8.69064091956093,5.126239349742,0.66));
#3197=CARTESIAN_POINT('Ctrl Pts',(9.01392947863961,5.49859173323653,0.));
#3198=CARTESIAN_POINT('Ctrl Pts',(9.01392947863961,5.49859173323653,0.66));
#3199=CARTESIAN_POINT('Ctrl Pts',(9.23891377135359,5.93697344322641,0.));
#3200=CARTESIAN_POINT('Ctrl Pts',(9.23891377135359,5.93697344322641,0.66));
#3201=CARTESIAN_POINT('Ctrl Pts',(9.34261418710582,6.13903361834239,0.));
#3202=CARTESIAN_POINT('Ctrl Pts',(9.34261418710582,6.13903361834239,0.66));
#3203=CARTESIAN_POINT('',(8.51636346512421,4.92551271180034,0.6));
#3204=CARTESIAN_POINT('Ctrl Pts',(9.34261418710582,6.13903361834239,0.6));
#3205=CARTESIAN_POINT('Ctrl Pts',(9.2181704070004,5.89655501478238,0.6));
#3206=CARTESIAN_POINT('Ctrl Pts',(9.11881834975983,5.70296761266311,0.6));
#3207=CARTESIAN_POINT('Ctrl Pts',(8.8396520242029,5.29786509529487,0.6));
#3208=CARTESIAN_POINT('Ctrl Pts',(8.67800774466356,5.11168890354761,0.6));
#3209=CARTESIAN_POINT('Ctrl Pts',(8.51636346512421,4.92551271180034,0.6));
#3210=CARTESIAN_POINT('',(8.51636346512421,4.92551271180034,0.));
#3211=CARTESIAN_POINT('',(8.51636346512421,4.92551271180034,0.));
#3212=CARTESIAN_POINT('Ctrl Pts',(9.34261418710582,6.13903361834239,0.));
#3213=CARTESIAN_POINT('Ctrl Pts',(9.23891377135359,5.93697344322641,0.));
#3214=CARTESIAN_POINT('Ctrl Pts',(9.01392947863961,5.49859173323653,0.));
#3215=CARTESIAN_POINT('Ctrl Pts',(8.69064091956093,5.126239349742,0.));
#3216=CARTESIAN_POINT('Ctrl Pts',(8.51636346512421,4.92551271180034,0.));
#3217=CARTESIAN_POINT('Ctrl Pts',(6.60747835312879,3.18296683161172,0.));
#3218=CARTESIAN_POINT('Ctrl Pts',(6.60747835312879,3.18296683161172,0.66));
#3219=CARTESIAN_POINT('Ctrl Pts',(6.99530736714747,3.50555600888788,0.));
#3220=CARTESIAN_POINT('Ctrl Pts',(6.99530736714747,3.50555600888788,0.66));
#3221=CARTESIAN_POINT('Ctrl Pts',(7.65853997383947,4.05722092616299,0.));
#3222=CARTESIAN_POINT('Ctrl Pts',(7.65853997383947,4.05722092616299,0.66));
#3223=CARTESIAN_POINT('Ctrl Pts',(8.26467098667609,4.67074874955922,0.));
#3224=CARTESIAN_POINT('Ctrl Pts',(8.26467098667609,4.67074874955922,0.66));
#3225=CARTESIAN_POINT('Ctrl Pts',(8.51636346512421,4.92551271180034,0.));
#3226=CARTESIAN_POINT('Ctrl Pts',(8.51636346512421,4.92551271180034,0.66));
#3227=CARTESIAN_POINT('',(6.60747835312879,3.18296683161172,0.6));
#3228=CARTESIAN_POINT('Ctrl Pts',(8.51636346512421,4.92551271180034,0.6));
#3229=CARTESIAN_POINT('Ctrl Pts',(8.26467098667609,4.67074874955922,0.6));
#3230=CARTESIAN_POINT('Ctrl Pts',(8.01297850822796,4.4159847873181,0.6));
#3231=CARTESIAN_POINT('Ctrl Pts',(7.7514401235653,4.17188771422492,0.6));
#3232=CARTESIAN_POINT('Ctrl Pts',(7.38313638116615,3.82814518616406,0.6));
#3233=CARTESIAN_POINT('Ctrl Pts',(6.99530736714747,3.50555600888788,0.6));
#3234=CARTESIAN_POINT('Ctrl Pts',(6.60747835312879,3.18296683161172,0.6));
#3235=CARTESIAN_POINT('',(6.60747835312879,3.18296683161172,0.));
#3236=CARTESIAN_POINT('',(6.60747835312879,3.18296683161172,0.));
#3237=CARTESIAN_POINT('Ctrl Pts',(8.51636346512421,4.92551271180034,0.));
#3238=CARTESIAN_POINT('Ctrl Pts',(8.26467098667609,4.67074874955922,0.));
#3239=CARTESIAN_POINT('Ctrl Pts',(7.65853997383947,4.05722092616299,0.));
#3240=CARTESIAN_POINT('Ctrl Pts',(6.99530736714747,3.50555600888788,0.));
#3241=CARTESIAN_POINT('Ctrl Pts',(6.60747835312879,3.18296683161172,0.));
#3242=CARTESIAN_POINT('Ctrl Pts',(5.17722714646708,1.93743882826476,0.));
#3243=CARTESIAN_POINT('Ctrl Pts',(5.17722714646708,1.93743882826476,0.66));
#3244=CARTESIAN_POINT('Ctrl Pts',(5.34794227098295,2.09733326867368,0.));
#3245=CARTESIAN_POINT('Ctrl Pts',(5.34794227098295,2.09733326867368,0.66));
#3246=CARTESIAN_POINT('Ctrl Pts',(5.80955663569324,2.52968846121673,0.));
#3247=CARTESIAN_POINT('Ctrl Pts',(5.80955663569324,2.52968846121673,0.66));
#3248=CARTESIAN_POINT('Ctrl Pts',(6.29902569549741,2.93042896339947,0.));
#3249=CARTESIAN_POINT('Ctrl Pts',(6.29902569549741,2.93042896339947,0.66));
#3250=CARTESIAN_POINT('Ctrl Pts',(6.60747835312879,3.18296683161172,0.));
#3251=CARTESIAN_POINT('Ctrl Pts',(6.60747835312879,3.18296683161172,0.66));
#3252=CARTESIAN_POINT('',(5.17722714646708,1.93743882826476,0.6));
#3253=CARTESIAN_POINT('Ctrl Pts',(6.60747835312879,3.18296683161172,0.6));
#3254=CARTESIAN_POINT('Ctrl Pts',(6.29902569549741,2.93042896339947,0.6));
#3255=CARTESIAN_POINT('Ctrl Pts',(5.99057303786604,2.67789109518722,0.6));
#3256=CARTESIAN_POINT('Ctrl Pts',(5.69318215860552,2.41279826283518,0.6));
#3257=CARTESIAN_POINT('Ctrl Pts',(5.51865739549883,2.25722770908261,0.6));
#3258=CARTESIAN_POINT('Ctrl Pts',(5.34794227098295,2.09733326867368,0.6));
#3259=CARTESIAN_POINT('Ctrl Pts',(5.17722714646708,1.93743882826476,0.6));
#3260=CARTESIAN_POINT('',(5.17722714646708,1.93743882826476,0.));
#3261=CARTESIAN_POINT('',(5.17722714646708,1.93743882826476,0.));
#3262=CARTESIAN_POINT('Ctrl Pts',(6.60747835312879,3.18296683161172,0.));
#3263=CARTESIAN_POINT('Ctrl Pts',(6.29902569549741,2.93042896339947,0.));
#3264=CARTESIAN_POINT('Ctrl Pts',(5.80955663569324,2.52968846121673,0.));
#3265=CARTESIAN_POINT('Ctrl Pts',(5.34794227098295,2.09733326867368,0.));
#3266=CARTESIAN_POINT('Ctrl Pts',(5.17722714646708,1.93743882826476,0.));
#3267=CARTESIAN_POINT('Ctrl Pts',(4.65276290204908,1.277121021768,0.));
#3268=CARTESIAN_POINT('Ctrl Pts',(4.65276290204908,1.277121021768,0.66));
#3269=CARTESIAN_POINT('Ctrl Pts',(4.72841146094847,1.38965312353667,0.));
#3270=CARTESIAN_POINT('Ctrl Pts',(4.72841146094847,1.38965312353667,0.66));
#3271=CARTESIAN_POINT('Ctrl Pts',(4.8856990545225,1.62362854546856,0.));
#3272=CARTESIAN_POINT('Ctrl Pts',(4.8856990545225,1.62362854546856,0.66));
#3273=CARTESIAN_POINT('Ctrl Pts',(5.07761467471644,1.83021273653004,0.));
#3274=CARTESIAN_POINT('Ctrl Pts',(5.07761467471644,1.83021273653004,0.66));
#3275=CARTESIAN_POINT('Ctrl Pts',(5.17722714646708,1.93743882826476,0.));
#3276=CARTESIAN_POINT('Ctrl Pts',(5.17722714646708,1.93743882826476,0.66));
#3277=CARTESIAN_POINT('',(4.65276290204908,1.277121021768,0.6));
#3278=CARTESIAN_POINT('Ctrl Pts',(5.17722714646708,1.93743882826476,0.6));
#3279=CARTESIAN_POINT('Ctrl Pts',(5.07761467471644,1.83021273653004,0.6));
#3280=CARTESIAN_POINT('Ctrl Pts',(4.9780022029658,1.72298664479532,0.6));
#3281=CARTESIAN_POINT('Ctrl Pts',(4.88771871908589,1.6083811992395,0.6));
#3282=CARTESIAN_POINT('Ctrl Pts',(4.80406001984785,1.50218522530534,0.6));
#3283=CARTESIAN_POINT('Ctrl Pts',(4.72841146094847,1.38965312353667,0.6));
#3284=CARTESIAN_POINT('Ctrl Pts',(4.65276290204908,1.277121021768,0.6));
#3285=CARTESIAN_POINT('',(4.65276290204908,1.277121021768,0.));
#3286=CARTESIAN_POINT('',(4.65276290204908,1.277121021768,0.));
#3287=CARTESIAN_POINT('Ctrl Pts',(5.17722714646708,1.93743882826476,0.));
#3288=CARTESIAN_POINT('Ctrl Pts',(5.07761467471644,1.83021273653004,0.));
#3289=CARTESIAN_POINT('Ctrl Pts',(4.8856990545225,1.62362854546856,0.));
#3290=CARTESIAN_POINT('Ctrl Pts',(4.72841146094847,1.38965312353667,0.));
#3291=CARTESIAN_POINT('Ctrl Pts',(4.65276290204908,1.277121021768,0.));
#3292=CARTESIAN_POINT('Origin',(9.55706106528977,1.23237001404065,0.));
#3293=CARTESIAN_POINT('',(9.55706106528977,1.23237001404066,0.6));
#3294=CARTESIAN_POINT('',(10.8232289041524,1.22081641659306,0.6));
#3295=CARTESIAN_POINT('',(9.55706106528977,1.23237001404066,0.));
#3296=CARTESIAN_POINT('',(9.55706106528977,1.23237001404066,0.));
#3297=CARTESIAN_POINT('',(4.65276290204908,1.277121021768,0.));
#3298=CARTESIAN_POINT('Origin',(9.54629344264054,0.0523377720210288,0.));
#3299=CARTESIAN_POINT('',(9.54629344264054,0.0523377720210288,0.6));
#3300=CARTESIAN_POINT('',(9.56880352193095,2.51923508059158,0.6));
#3301=CARTESIAN_POINT('',(9.54629344264054,0.0523377720210288,0.));
#3302=CARTESIAN_POINT('',(9.54629344264054,0.0523377720210288,0.));
#3303=CARTESIAN_POINT('',(9.55706106528977,1.23237001404066,0.));
#3304=CARTESIAN_POINT('Origin',(2.9367454944956,0.112648936117589,0.));
#3305=CARTESIAN_POINT('',(2.9367454944956,0.112648936117589,0.6));
#3306=CARTESIAN_POINT('',(7.50768730743074,0.0709397566217143,0.6));
#3307=CARTESIAN_POINT('',(2.9367454944956,0.112648936117589,0.));
#3308=CARTESIAN_POINT('',(2.9367454944956,0.112648936117589,0.));
#3309=CARTESIAN_POINT('',(9.54629344264054,0.0523377720210272,0.));
#3310=CARTESIAN_POINT('Ctrl Pts',(3.08776655410934,0.963966328385839,0.));
#3311=CARTESIAN_POINT('Ctrl Pts',(3.08776655410934,0.963966328385839,0.66));
#3312=CARTESIAN_POINT('Ctrl Pts',(3.04132486093315,0.826311295750668,0.));
#3313=CARTESIAN_POINT('Ctrl Pts',(3.04132486093315,0.826311295750668,0.66));
#3314=CARTESIAN_POINT('Ctrl Pts',(2.94815443563446,0.550150435584131,0.));
#3315=CARTESIAN_POINT('Ctrl Pts',(2.94815443563446,0.550150435584131,0.66));
#3316=CARTESIAN_POINT('Ctrl Pts',(2.94055627766332,0.258781984726433,0.));
#3317=CARTESIAN_POINT('Ctrl Pts',(2.94055627766332,0.258781984726433,0.66));
#3318=CARTESIAN_POINT('Ctrl Pts',(2.9367454944956,0.11264893611759,0.));
#3319=CARTESIAN_POINT('Ctrl Pts',(2.9367454944956,0.11264893611759,0.66));
#3320=CARTESIAN_POINT('',(3.08776655410934,0.963966328385839,0.6));
#3321=CARTESIAN_POINT('Ctrl Pts',(2.9367454944956,0.11264893611759,0.6));
#3322=CARTESIAN_POINT('Ctrl Pts',(2.94055627766332,0.258781984726433,0.6));
#3323=CARTESIAN_POINT('Ctrl Pts',(2.94436706083105,0.404915033335277,0.6));
#3324=CARTESIAN_POINT('Ctrl Pts',(2.96970292916959,0.547222722454496,0.6));
#3325=CARTESIAN_POINT('Ctrl Pts',(2.99488316775697,0.688656263115494,0.6));
#3326=CARTESIAN_POINT('Ctrl Pts',(3.04132486093315,0.826311295750668,0.6));
#3327=CARTESIAN_POINT('Ctrl Pts',(3.08776655410934,0.963966328385839,0.6));
#3328=CARTESIAN_POINT('',(3.08776655410934,0.963966328385839,0.));
#3329=CARTESIAN_POINT('',(3.08776655410934,0.963966328385839,0.));
#3330=CARTESIAN_POINT('Ctrl Pts',(2.9367454944956,0.11264893611759,0.));
#3331=CARTESIAN_POINT('Ctrl Pts',(2.94055627766332,0.258781984726433,0.));
#3332=CARTESIAN_POINT('Ctrl Pts',(2.94815443563446,0.550150435584131,0.));
#3333=CARTESIAN_POINT('Ctrl Pts',(3.04132486093315,0.826311295750668,0.));
#3334=CARTESIAN_POINT('Ctrl Pts',(3.08776655410934,0.963966328385839,0.));
#3335=CARTESIAN_POINT('Ctrl Pts',(3.90819195962941,2.28668580665114,0.));
#3336=CARTESIAN_POINT('Ctrl Pts',(3.90819195962941,2.28668580665114,0.66));
#3337=CARTESIAN_POINT('Ctrl Pts',(3.73569421357467,2.07461334177659,0.));
#3338=CARTESIAN_POINT('Ctrl Pts',(3.73569421357467,2.07461334177659,0.66));
#3339=CARTESIAN_POINT('Ctrl Pts',(3.40545526513436,1.66861042640464,0.));
#3340=CARTESIAN_POINT('Ctrl Pts',(3.40545526513436,1.66861042640464,0.66));
#3341=CARTESIAN_POINT('Ctrl Pts',(3.19046048372224,1.19174487037625,0.));
#3342=CARTESIAN_POINT('Ctrl Pts',(3.19046048372224,1.19174487037625,0.66));
#3343=CARTESIAN_POINT('Ctrl Pts',(3.08776655410934,0.963966328385839,0.));
#3344=CARTESIAN_POINT('Ctrl Pts',(3.08776655410934,0.963966328385839,0.66));
#3345=CARTESIAN_POINT('',(3.90819195962941,2.28668580665114,0.6));
#3346=CARTESIAN_POINT('Ctrl Pts',(3.08776655410934,0.963966328385839,0.6));
#3347=CARTESIAN_POINT('Ctrl Pts',(3.19046048372224,1.19174487037625,0.6));
#3348=CARTESIAN_POINT('Ctrl Pts',(3.29315441333515,1.41952341236666,0.6));
#3349=CARTESIAN_POINT('Ctrl Pts',(3.42214210095636,1.63113415017837,0.6));
#3350=CARTESIAN_POINT('Ctrl Pts',(3.56319646751993,1.86254087690204,0.6));
#3351=CARTESIAN_POINT('Ctrl Pts',(3.73569421357467,2.07461334177659,0.6));
#3352=CARTESIAN_POINT('Ctrl Pts',(3.90819195962941,2.28668580665114,0.6));
#3353=CARTESIAN_POINT('',(3.90819195962941,2.28668580665114,0.));
#3354=CARTESIAN_POINT('',(3.90819195962941,2.28668580665114,0.));
#3355=CARTESIAN_POINT('Ctrl Pts',(3.08776655410934,0.963966328385839,0.));
#3356=CARTESIAN_POINT('Ctrl Pts',(3.19046048372224,1.19174487037625,0.));
#3357=CARTESIAN_POINT('Ctrl Pts',(3.40545526513436,1.66861042640464,0.));
#3358=CARTESIAN_POINT('Ctrl Pts',(3.73569421357467,2.07461334177659,0.));
#3359=CARTESIAN_POINT('Ctrl Pts',(3.90819195962941,2.28668580665114,0.));
#3360=CARTESIAN_POINT('Ctrl Pts',(5.52835444192028,3.78629024374808,0.));
#3361=CARTESIAN_POINT('Ctrl Pts',(5.52835444192028,3.78629024374808,0.66));
#3362=CARTESIAN_POINT('Ctrl Pts',(5.21016524872255,3.52695000194635,0.));
#3363=CARTESIAN_POINT('Ctrl Pts',(5.21016524872255,3.52695000194635,0.66));
#3364=CARTESIAN_POINT('Ctrl Pts',(4.63843834713931,3.06096373946192,0.));
#3365=CARTESIAN_POINT('Ctrl Pts',(4.63843834713931,3.06096373946192,0.66));
#3366=CARTESIAN_POINT('Ctrl Pts',(4.13253817950798,2.52455939333716,0.));
#3367=CARTESIAN_POINT('Ctrl Pts',(4.13253817950798,2.52455939333716,0.66));
#3368=CARTESIAN_POINT('Ctrl Pts',(3.90819195962941,2.28668580665114,0.));
#3369=CARTESIAN_POINT('Ctrl Pts',(3.90819195962941,2.28668580665114,0.66));
#3370=CARTESIAN_POINT('',(5.52835444192028,3.78629024374808,0.6));
#3371=CARTESIAN_POINT('Ctrl Pts',(3.90819195962941,2.28668580665114,0.6));
#3372=CARTESIAN_POINT('Ctrl Pts',(4.13253817950798,2.52455939333716,0.6));
#3373=CARTESIAN_POINT('Ctrl Pts',(4.35688439938655,2.76243298002318,0.6));
#3374=CARTESIAN_POINT('Ctrl Pts',(4.59417586126775,2.98645840686048,0.6));
#3375=CARTESIAN_POINT('Ctrl Pts',(4.89197605552481,3.26760976014462,0.6));
#3376=CARTESIAN_POINT('Ctrl Pts',(5.21016524872255,3.52695000194635,0.6));
#3377=CARTESIAN_POINT('Ctrl Pts',(5.52835444192028,3.78629024374808,0.6));
#3378=CARTESIAN_POINT('',(5.52835444192028,3.78629024374808,0.));
#3379=CARTESIAN_POINT('',(5.52835444192028,3.78629024374808,0.));
#3380=CARTESIAN_POINT('Ctrl Pts',(3.90819195962941,2.28668580665114,0.));
#3381=CARTESIAN_POINT('Ctrl Pts',(4.13253817950798,2.52455939333716,0.));
#3382=CARTESIAN_POINT('Ctrl Pts',(4.63843834713931,3.06096373946192,0.));
#3383=CARTESIAN_POINT('Ctrl Pts',(5.21016524872255,3.52695000194635,0.));
#3384=CARTESIAN_POINT('Ctrl Pts',(5.52835444192028,3.78629024374808,0.));
#3385=CARTESIAN_POINT('Ctrl Pts',(7.75086279764283,5.88410589279032,0.));
#3386=CARTESIAN_POINT('Ctrl Pts',(7.75086279764283,5.88410589279032,0.66));
#3387=CARTESIAN_POINT('Ctrl Pts',(7.4755448987878,5.57317365822328,0.));
#3388=CARTESIAN_POINT('Ctrl Pts',(7.4755448987878,5.57317365822328,0.66));
#3389=CARTESIAN_POINT('Ctrl Pts',(6.79812208813409,4.80812137088851,0.));
#3390=CARTESIAN_POINT('Ctrl Pts',(6.79812208813409,4.80812137088851,0.66));
#3391=CARTESIAN_POINT('Ctrl Pts',(6.00132034799792,4.16690419807853,0.));
#3392=CARTESIAN_POINT('Ctrl Pts',(6.00132034799792,4.16690419807853,0.66));
#3393=CARTESIAN_POINT('Ctrl Pts',(5.52835444192028,3.78629024374808,0.));
#3394=CARTESIAN_POINT('Ctrl Pts',(5.52835444192028,3.78629024374808,0.66));
#3395=CARTESIAN_POINT('',(7.75086279764283,5.88410589279032,0.6));
#3396=CARTESIAN_POINT('Ctrl Pts',(5.52835444192028,3.78629024374808,0.6));
#3397=CARTESIAN_POINT('Ctrl Pts',(6.00132034799792,4.16690419807853,0.6));
#3398=CARTESIAN_POINT('Ctrl Pts',(6.47428625407555,4.54751815240898,0.6));
#3399=CARTESIAN_POINT('Ctrl Pts',(6.90519046189563,4.97176388701602,0.6));
#3400=CARTESIAN_POINT('Ctrl Pts',(7.20022699993277,5.26224142365624,0.6));
#3401=CARTESIAN_POINT('Ctrl Pts',(7.4755448987878,5.57317365822328,0.6));
#3402=CARTESIAN_POINT('Ctrl Pts',(7.75086279764283,5.88410589279032,0.6));
#3403=CARTESIAN_POINT('',(7.75086279764283,5.88410589279032,0.));
#3404=CARTESIAN_POINT('',(7.75086279764283,5.88410589279032,0.));
#3405=CARTESIAN_POINT('Ctrl Pts',(5.52835444192028,3.78629024374808,0.));
#3406=CARTESIAN_POINT('Ctrl Pts',(6.00132034799792,4.16690419807853,0.));
#3407=CARTESIAN_POINT('Ctrl Pts',(6.79812208813409,4.80812137088851,0.));
#3408=CARTESIAN_POINT('Ctrl Pts',(7.4755448987878,5.57317365822328,0.));
#3409=CARTESIAN_POINT('Ctrl Pts',(7.75086279764283,5.88410589279032,0.));
#3410=CARTESIAN_POINT('Ctrl Pts',(8.33730183872934,7.35562439258529,0.));
#3411=CARTESIAN_POINT('Ctrl Pts',(8.33730183872934,7.35562439258529,0.66));
#3412=CARTESIAN_POINT('Ctrl Pts',(8.30378805642641,7.110766778622,0.));
#3413=CARTESIAN_POINT('Ctrl Pts',(8.30378805642641,7.110766778622,0.66));
#3414=CARTESIAN_POINT('Ctrl Pts',(8.23027150082381,6.57364183614488,0.));
#3415=CARTESIAN_POINT('Ctrl Pts',(8.23027150082381,6.57364183614488,0.66));
#3416=CARTESIAN_POINT('Ctrl Pts',(7.919800350892,6.12708962332077,0.));
#3417=CARTESIAN_POINT('Ctrl Pts',(7.919800350892,6.12708962332077,0.66));
#3418=CARTESIAN_POINT('Ctrl Pts',(7.75086279764283,5.88410589279032,0.));
#3419=CARTESIAN_POINT('Ctrl Pts',(7.75086279764283,5.88410589279032,0.66));
#3420=CARTESIAN_POINT('',(8.33730183872934,7.35562439258529,0.6));
#3421=CARTESIAN_POINT('Ctrl Pts',(7.75086279764283,5.88410589279032,0.6));
#3422=CARTESIAN_POINT('Ctrl Pts',(7.919800350892,6.12708962332077,0.6));
#3423=CARTESIAN_POINT('Ctrl Pts',(8.08873790414117,6.37007335385121,0.6));
#3424=CARTESIAN_POINT('Ctrl Pts',(8.18751780745033,6.63987390926363,0.6));
#3425=CARTESIAN_POINT('Ctrl Pts',(8.27027427412348,6.8659091646587,0.6));
#3426=CARTESIAN_POINT('Ctrl Pts',(8.30378805642641,7.110766778622,0.6));
#3427=CARTESIAN_POINT('Ctrl Pts',(8.33730183872934,7.35562439258529,0.6));
#3428=CARTESIAN_POINT('',(8.33730183872934,7.35562439258529,0.));
#3429=CARTESIAN_POINT('',(8.33730183872934,7.35562439258529,0.));
#3430=CARTESIAN_POINT('Ctrl Pts',(7.75086279764283,5.88410589279032,0.));
#3431=CARTESIAN_POINT('Ctrl Pts',(7.919800350892,6.12708962332077,0.));
#3432=CARTESIAN_POINT('Ctrl Pts',(8.23027150082381,6.57364183614488,0.));
#3433=CARTESIAN_POINT('Ctrl Pts',(8.30378805642641,7.110766778622,0.));
#3434=CARTESIAN_POINT('Ctrl Pts',(8.33730183872934,7.35562439258529,0.));
#3435=CARTESIAN_POINT('Ctrl Pts',(7.8267294591396,8.59157577485046,0.));
#3436=CARTESIAN_POINT('Ctrl Pts',(7.8267294591396,8.59157577485046,0.66));
#3437=CARTESIAN_POINT('Ctrl Pts',(7.97730841018399,8.41325845911406,0.));
#3438=CARTESIAN_POINT('Ctrl Pts',(7.97730841018399,8.41325845911406,0.66));
#3439=CARTESIAN_POINT('Ctrl Pts',(8.27919695794386,8.05575858868241,0.));
#3440=CARTESIAN_POINT('Ctrl Pts',(8.27919695794386,8.05575858868241,0.66));
#3441=CARTESIAN_POINT('Ctrl Pts',(8.31790231958738,7.58937870987363,0.));
#3442=CARTESIAN_POINT('Ctrl Pts',(8.31790231958738,7.58937870987363,0.66));
#3443=CARTESIAN_POINT('Ctrl Pts',(8.33730183872934,7.35562439258529,0.));
#3444=CARTESIAN_POINT('Ctrl Pts',(8.33730183872934,7.35562439258529,0.66));
#3445=CARTESIAN_POINT('',(7.8267294591396,8.59157577485046,0.6));
#3446=CARTESIAN_POINT('Ctrl Pts',(8.33730183872935,7.35562439258529,0.6));
#3447=CARTESIAN_POINT('Ctrl Pts',(8.31794915790759,7.58881433198968,0.6));
#3448=CARTESIAN_POINT('Ctrl Pts',(8.29859647708583,7.82200427139407,0.6));
#3449=CARTESIAN_POINT('Ctrl Pts',(8.12861624707294,8.23407798842553,0.6));
#3450=CARTESIAN_POINT('Ctrl Pts',(7.97839559649233,8.41197100065546,0.6));
#3451=CARTESIAN_POINT('Ctrl Pts',(7.8267294591396,8.59157577485046,0.6));
#3452=CARTESIAN_POINT('',(7.8267294591396,8.59157577485046,0.));
#3453=CARTESIAN_POINT('',(7.8267294591396,8.59157577485046,0.));
#3454=CARTESIAN_POINT('Ctrl Pts',(8.33730183872934,7.35562439258529,0.));
#3455=CARTESIAN_POINT('Ctrl Pts',(8.31790231958738,7.58937870987363,0.));
#3456=CARTESIAN_POINT('Ctrl Pts',(8.27919695794386,8.05575858868241,0.));
#3457=CARTESIAN_POINT('Ctrl Pts',(7.97730841018399,8.41325845911406,0.));
#3458=CARTESIAN_POINT('Ctrl Pts',(7.8267294591396,8.59157577485046,0.));
#3459=CARTESIAN_POINT('Ctrl Pts',(6.47051523127542,9.10533637414785,0.));
#3460=CARTESIAN_POINT('Ctrl Pts',(6.47051523127542,9.10533637414785,0.66));
#3461=CARTESIAN_POINT('Ctrl Pts',(6.73286485934492,9.08571673501656,0.));
#3462=CARTESIAN_POINT('Ctrl Pts',(6.73286485934492,9.08571673501656,0.66));
#3463=CARTESIAN_POINT('Ctrl Pts',(7.23679903087582,9.04803035953316,0.));
#3464=CARTESIAN_POINT('Ctrl Pts',(7.23679903087582,9.04803035953316,0.66));
#3465=CARTESIAN_POINT('Ctrl Pts',(7.63556313384143,8.73948939557368,0.));
#3466=CARTESIAN_POINT('Ctrl Pts',(7.63556313384143,8.73948939557368,0.66));
#3467=CARTESIAN_POINT('Ctrl Pts',(7.8267294591396,8.59157577485046,0.));
#3468=CARTESIAN_POINT('Ctrl Pts',(7.8267294591396,8.59157577485046,0.66));
#3469=CARTESIAN_POINT('',(6.47051523127542,9.10533637414785,0.6));
#3470=CARTESIAN_POINT('Ctrl Pts',(7.8267294591396,8.59157577485046,0.6));
#3471=CARTESIAN_POINT('Ctrl Pts',(7.63556313384143,8.73948939557368,0.6));
#3472=CARTESIAN_POINT('Ctrl Pts',(7.44439680854326,8.8874030162969,0.6));
#3473=CARTESIAN_POINT('Ctrl Pts',(7.22906013936843,8.97306842673229,0.6));
#3474=CARTESIAN_POINT('Ctrl Pts',(6.99521448741442,9.06609709588528,0.6));
#3475=CARTESIAN_POINT('Ctrl Pts',(6.73286485934492,9.08571673501656,0.6));
#3476=CARTESIAN_POINT('Ctrl Pts',(6.47051523127542,9.10533637414785,0.6));
#3477=CARTESIAN_POINT('',(6.47051523127542,9.10533637414785,0.));
#3478=CARTESIAN_POINT('',(6.47051523127542,9.10533637414785,0.));
#3479=CARTESIAN_POINT('Ctrl Pts',(7.8267294591396,8.59157577485046,0.));
#3480=CARTESIAN_POINT('Ctrl Pts',(7.63556313384143,8.73948939557368,0.));
#3481=CARTESIAN_POINT('Ctrl Pts',(7.23679903087582,9.04803035953316,0.));
#3482=CARTESIAN_POINT('Ctrl Pts',(6.73286485934492,9.08571673501656,0.));
#3483=CARTESIAN_POINT('Ctrl Pts',(6.47051523127542,9.10533637414785,0.));
#3484=CARTESIAN_POINT('Ctrl Pts',(5.04689264692506,8.58624430771699,0.));
#3485=CARTESIAN_POINT('Ctrl Pts',(5.04689264692506,8.58624430771699,0.66));
#3486=CARTESIAN_POINT('Ctrl Pts',(5.24669254487195,8.73952224669771,0.));
#3487=CARTESIAN_POINT('Ctrl Pts',(5.24669254487195,8.73952224669771,0.66));
#3488=CARTESIAN_POINT('Ctrl Pts',(5.66555968985509,9.06085921107804,0.));
#3489=CARTESIAN_POINT('Ctrl Pts',(5.66555968985509,9.06085921107804,0.66));
#3490=CARTESIAN_POINT('Ctrl Pts',(6.19409277051528,9.09006287613367,0.));
#3491=CARTESIAN_POINT('Ctrl Pts',(6.19409277051528,9.09006287613367,0.66));
#3492=CARTESIAN_POINT('Ctrl Pts',(6.47051523127542,9.10533637414785,0.));
#3493=CARTESIAN_POINT('Ctrl Pts',(6.47051523127542,9.10533637414785,0.66));
#3494=CARTESIAN_POINT('',(5.04689264692506,8.58624430771699,0.6));
#3495=CARTESIAN_POINT('Ctrl Pts',(6.47051523127542,9.10533637414785,0.6));
#3496=CARTESIAN_POINT('Ctrl Pts',(6.19409277051528,9.09006287613367,0.6));
#3497=CARTESIAN_POINT('Ctrl Pts',(5.91767030975514,9.07478937811949,0.6));
#3498=CARTESIAN_POINT('Ctrl Pts',(5.67124458883043,8.97960914769101,0.6));
#3499=CARTESIAN_POINT('Ctrl Pts',(5.44649244281884,8.89280018567843,0.6));
#3500=CARTESIAN_POINT('Ctrl Pts',(5.24669254487195,8.73952224669771,0.6));
#3501=CARTESIAN_POINT('Ctrl Pts',(5.04689264692506,8.58624430771699,0.6));
#3502=CARTESIAN_POINT('',(5.04689264692506,8.58624430771699,0.));
#3503=CARTESIAN_POINT('',(5.04689264692506,8.58624430771699,0.));
#3504=CARTESIAN_POINT('Ctrl Pts',(6.47051523127542,9.10533637414785,0.));
#3505=CARTESIAN_POINT('Ctrl Pts',(6.19409277051528,9.09006287613367,0.));
#3506=CARTESIAN_POINT('Ctrl Pts',(5.66555968985509,9.06085921107804,0.));
#3507=CARTESIAN_POINT('Ctrl Pts',(5.24669254487195,8.73952224669771,0.));
#3508=CARTESIAN_POINT('Ctrl Pts',(5.04689264692506,8.58624430771699,0.));
#3509=CARTESIAN_POINT('Ctrl Pts',(4.49458983398994,7.11782563563282,0.));
#3510=CARTESIAN_POINT('Ctrl Pts',(4.49458983398994,7.11782563563282,0.66));
#3511=CARTESIAN_POINT('Ctrl Pts',(4.51530371435849,7.40795756813807,0.));
#3512=CARTESIAN_POINT('Ctrl Pts',(4.51530371435849,7.40795756813807,0.66));
#3513=CARTESIAN_POINT('Ctrl Pts',(4.55429657451414,7.95411664937135,0.));
#3514=CARTESIAN_POINT('Ctrl Pts',(4.55429657451414,7.95411664937135,0.66));
#3515=CARTESIAN_POINT('Ctrl Pts',(4.88967482993502,8.3844933477109,0.));
#3516=CARTESIAN_POINT('Ctrl Pts',(4.88967482993502,8.3844933477109,0.66));
#3517=CARTESIAN_POINT('Ctrl Pts',(5.04689264692506,8.58624430771699,0.));
#3518=CARTESIAN_POINT('Ctrl Pts',(5.04689264692506,8.58624430771699,0.66));
#3519=CARTESIAN_POINT('Ctrl Pts',(5.04689264692506,8.58624430771699,0.6));
#3520=CARTESIAN_POINT('Ctrl Pts',(4.88967482993502,8.3844933477109,0.6));
#3521=CARTESIAN_POINT('Ctrl Pts',(4.73245701294497,8.18274238770482,0.6));
#3522=CARTESIAN_POINT('Ctrl Pts',(4.6403706119818,7.95554796567495,0.6));
#3523=CARTESIAN_POINT('Ctrl Pts',(4.53601759472705,7.69808950064333,0.6));
#3524=CARTESIAN_POINT('Ctrl Pts',(4.51530371435849,7.40795756813807,0.6));
#3525=CARTESIAN_POINT('Ctrl Pts',(4.49458983398994,7.11782563563282,0.6));
#3526=CARTESIAN_POINT('Ctrl Pts',(5.04689264692506,8.58624430771699,0.));
#3527=CARTESIAN_POINT('Ctrl Pts',(4.88967482993502,8.3844933477109,0.));
#3528=CARTESIAN_POINT('Ctrl Pts',(4.55429657451414,7.95411664937135,0.));
#3529=CARTESIAN_POINT('Ctrl Pts',(4.51530371435849,7.40795756813807,0.));
#3530=CARTESIAN_POINT('Ctrl Pts',(4.49458983398994,7.11782563563282,0.));
#3531=CARTESIAN_POINT('Origin',(12.1236492789467,4.96302519426695,0.));
#3532=CARTESIAN_POINT('Origin',(12.1236492789467,4.96302519426695,0.6));
#3533=CARTESIAN_POINT('Origin',(-20.7529194812286,1.05776542300557,2.));
#3534=CARTESIAN_POINT('',(-35.7529194812286,-13.9422345769944,2.));
#3535=CARTESIAN_POINT('',(-5.75291948122862,-13.9422345769944,2.));
#3536=CARTESIAN_POINT('',(-5.75291948122862,-13.9422345769944,2.));
#3537=CARTESIAN_POINT('',(-5.75291948122862,16.0577654230056,2.));
#3538=CARTESIAN_POINT('',(-5.75291948122862,16.0577654230056,2.));
#3539=CARTESIAN_POINT('',(-35.7529194812286,16.0577654230056,2.));
#3540=CARTESIAN_POINT('',(-35.7529194812286,16.0577654230056,2.));
#3541=CARTESIAN_POINT('',(-35.7529194812286,-13.9422345769944,2.));
#3542=CARTESIAN_POINT('Origin',(-35.7529194812286,-13.9422345769944,0.));
#3543=CARTESIAN_POINT('',(44.2470805187714,-13.9422345769944,0.));
#3544=CARTESIAN_POINT('',(-35.7529194812286,-13.9422345769944,0.));
#3545=CARTESIAN_POINT('',(-5.75291948122862,-13.9422345769944,0.));
#3546=CARTESIAN_POINT('',(44.2470805187714,-13.9422345769944,2.));
#3547=CARTESIAN_POINT('',(44.2470805187714,-13.9422345769944,0.));
#3548=CARTESIAN_POINT('',(28.2470805187714,-13.9422345769944,2.));
#3549=CARTESIAN_POINT('',(32.2470805187714,-13.9422345769944,2.));
#3550=CARTESIAN_POINT('',(28.2470805187714,-13.9422345769944,0.6));
#3551=CARTESIAN_POINT('',(28.2470805187714,-13.9422345769944,0.));
#3552=CARTESIAN_POINT('',(-5.75291948122862,-13.9422345769944,0.6));
#3553=CARTESIAN_POINT('',(44.2470805187714,-13.9422345769944,0.6));
#3554=CARTESIAN_POINT('',(-5.75291948122862,-13.9422345769944,0.));
#3555=CARTESIAN_POINT('',(-35.7529194812286,-13.9422345769944,0.));
#3556=CARTESIAN_POINT('Origin',(-5.75291948122862,-13.9422345769944,0.));
#3557=CARTESIAN_POINT('',(-5.75291948122862,16.0577654230056,0.6));
#3558=CARTESIAN_POINT('',(-5.75291948122862,-6.44223457699443,0.6));
#3559=CARTESIAN_POINT('',(-5.75291948122862,16.0577654230056,0.));
#3560=CARTESIAN_POINT('Origin',(-5.75291948122862,16.0577654230056,0.));
#3561=CARTESIAN_POINT('',(-35.7529194812286,16.0577654230056,0.));
#3562=CARTESIAN_POINT('',(44.2470805187714,16.0577654230056,0.));
#3563=CARTESIAN_POINT('',(-5.75291948122862,16.0577654230056,0.));
#3564=CARTESIAN_POINT('',(-35.7529194812286,16.0577654230056,0.));
#3565=CARTESIAN_POINT('',(28.2470805187714,16.0577654230056,0.6));
#3566=CARTESIAN_POINT('',(-5.75291948122862,16.0577654230056,0.6));
#3567=CARTESIAN_POINT('',(28.2470805187714,16.0577654230056,2.));
#3568=CARTESIAN_POINT('',(28.2470805187714,16.0577654230056,0.));
#3569=CARTESIAN_POINT('',(44.2470805187714,16.0577654230056,2.));
#3570=CARTESIAN_POINT('',(40.2470805187714,16.0577654230056,2.));
#3571=CARTESIAN_POINT('',(44.2470805187714,16.0577654230056,0.));
#3572=CARTESIAN_POINT('Origin',(-35.7529194812286,16.0577654230056,0.));
#3573=CARTESIAN_POINT('',(-35.7529194812286,-13.9422345769944,0.));
#3574=CARTESIAN_POINT('Origin',(36.2470805187714,1.05776542300557,2.));
#3575=CARTESIAN_POINT('',(44.2470805187714,-6.44223457699443,2.));
#3576=CARTESIAN_POINT('',(28.2470805187714,8.55776542300557,2.));
#3577=CARTESIAN_POINT('',(33.7470805187714,1.05776542300556,2.));
#3578=CARTESIAN_POINT('Origin',(36.2470805187714,1.05776542300556,2.));
#3579=CARTESIAN_POINT('Origin',(44.2470805187714,-13.9422345769944,0.));
#3580=CARTESIAN_POINT('',(44.2470805187714,16.0577654230056,0.));
#3581=CARTESIAN_POINT('Origin',(36.2470805187714,1.05776542300556,0.));
#3582=CARTESIAN_POINT('',(33.7470805187714,1.05776542300556,0.));
#3583=CARTESIAN_POINT('',(33.7470805187714,1.05776542300556,0.));
#3584=CARTESIAN_POINT('Origin',(36.2470805187714,1.05776542300556,0.));
#3585=CARTESIAN_POINT('Origin',(28.2470805187714,16.0577654230056,0.));
#3586=CARTESIAN_POINT('',(28.2470805187714,16.0577654230056,0.6));
#3587=CARTESIAN_POINT('Origin',(-20.7529194812286,1.05776542300557,0.));
#3588=CARTESIAN_POINT('',(9.54629344264054,0.0523377720210288,0.));
#3589=CARTESIAN_POINT('',(9.55706106528977,1.23237001404066,0.));
#3590=CARTESIAN_POINT('',(9.54961895506423,0.416783296258908,0.));
#3591=CARTESIAN_POINT('',(4.65276290204908,1.277121021768,0.));
#3592=CARTESIAN_POINT('',(-5.5958709090685,1.37063831529506,0.));
#3593=CARTESIAN_POINT('',(5.17722714646708,1.93743882826476,0.));
#3594=CARTESIAN_POINT('Ctrl Pts',(4.65276290204908,1.277121021768,0.));
#3595=CARTESIAN_POINT('Ctrl Pts',(4.72841146094847,1.38965312353667,0.));
#3596=CARTESIAN_POINT('Ctrl Pts',(4.8856990545225,1.62362854546856,0.));
#3597=CARTESIAN_POINT('Ctrl Pts',(5.07761467471644,1.83021273653004,0.));
#3598=CARTESIAN_POINT('Ctrl Pts',(5.17722714646708,1.93743882826476,0.));
#3599=CARTESIAN_POINT('',(6.60747835312879,3.18296683161172,0.));
#3600=CARTESIAN_POINT('Ctrl Pts',(5.17722714646708,1.93743882826476,0.));
#3601=CARTESIAN_POINT('Ctrl Pts',(5.34794227098295,2.09733326867368,0.));
#3602=CARTESIAN_POINT('Ctrl Pts',(5.80955663569324,2.52968846121673,0.));
#3603=CARTESIAN_POINT('Ctrl Pts',(6.29902569549741,2.93042896339947,0.));
#3604=CARTESIAN_POINT('Ctrl Pts',(6.60747835312879,3.18296683161172,0.));
#3605=CARTESIAN_POINT('',(8.51636346512421,4.92551271180034,0.));
#3606=CARTESIAN_POINT('Ctrl Pts',(6.60747835312879,3.18296683161172,0.));
#3607=CARTESIAN_POINT('Ctrl Pts',(6.99530736714747,3.50555600888788,0.));
#3608=CARTESIAN_POINT('Ctrl Pts',(7.65853997383947,4.05722092616299,0.));
#3609=CARTESIAN_POINT('Ctrl Pts',(8.26467098667609,4.67074874955922,0.));
#3610=CARTESIAN_POINT('Ctrl Pts',(8.51636346512421,4.92551271180034,0.));
#3611=CARTESIAN_POINT('',(9.34261418710582,6.13903361834239,0.));
#3612=CARTESIAN_POINT('Ctrl Pts',(8.51636346512421,4.92551271180034,0.));
#3613=CARTESIAN_POINT('Ctrl Pts',(8.69064091956093,5.126239349742,0.));
#3614=CARTESIAN_POINT('Ctrl Pts',(9.01392947863961,5.49859173323653,0.));
#3615=CARTESIAN_POINT('Ctrl Pts',(9.23891377135359,5.93697344322641,0.));
#3616=CARTESIAN_POINT('Ctrl Pts',(9.34261418710582,6.13903361834239,0.));
#3617=CARTESIAN_POINT('',(9.59893736462065,7.31682579769527,0.));
#3618=CARTESIAN_POINT('Ctrl Pts',(9.34261418710582,6.13903361834239,0.));
#3619=CARTESIAN_POINT('Ctrl Pts',(9.41599108320828,6.33123194429082,0.));
#3620=CARTESIAN_POINT('Ctrl Pts',(9.56095955903107,6.71095226292532,0.));
#3621=CARTESIAN_POINT('Ctrl Pts',(9.58638245882489,7.1165328888477,0.));
#3622=CARTESIAN_POINT('Ctrl Pts',(9.59893736462065,7.31682579769527,0.));
#3623=CARTESIAN_POINT('',(8.77800443799009,9.30257051158368,0.));
#3624=CARTESIAN_POINT('Ctrl Pts',(9.59893736462065,7.31682579769527,0.));
#3625=CARTESIAN_POINT('Ctrl Pts',(9.5681716139304,7.69384607709788,0.));
#3626=CARTESIAN_POINT('Ctrl Pts',(9.50696769388747,8.44387227562749,0.));
#3627=CARTESIAN_POINT('Ctrl Pts',(9.0201236125006,9.01736092610546,0.));
#3628=CARTESIAN_POINT('Ctrl Pts',(8.77800443799009,9.30257051158368,0.));
#3629=CARTESIAN_POINT('',(6.50707316747706,10.1214163506122,0.));
#3630=CARTESIAN_POINT('Ctrl Pts',(8.77800443799009,9.30257051158368,0.));
#3631=CARTESIAN_POINT('Ctrl Pts',(8.46245754400313,9.53800762633132,0.));
#3632=CARTESIAN_POINT('Ctrl Pts',(7.79084112831032,10.0391167614268,0.));
#3633=CARTESIAN_POINT('Ctrl Pts',(6.95186921572528,10.0929014373576,0.));
#3634=CARTESIAN_POINT('Ctrl Pts',(6.50707316747706,10.1214163506122,0.));
#3635=CARTESIAN_POINT('',(4.22892749803048,9.40206360532972,0.));
#3636=CARTESIAN_POINT('Ctrl Pts',(6.50707316747706,10.1214163506122,0.));
#3637=CARTESIAN_POINT('Ctrl Pts',(6.06651869636717,10.1034747453661,0.));
#3638=CARTESIAN_POINT('Ctrl Pts',(5.23930687551534,10.069786498128,0.));
#3639=CARTESIAN_POINT('Ctrl Pts',(4.55076664000416,9.61475536021225,0.));
#3640=CARTESIAN_POINT('Ctrl Pts',(4.22892749803048,9.40206360532972,0.));
#3641=CARTESIAN_POINT('',(3.23388776733327,7.2589390938122,0.));
#3642=CARTESIAN_POINT('Ctrl Pts',(4.22892749803048,9.40206360532972,0.));
#3643=CARTESIAN_POINT('Ctrl Pts',(3.97321424954016,9.11614167317352,0.));
#3644=CARTESIAN_POINT('Ctrl Pts',(3.42657000223761,8.50491960973501,0.));
#3645=CARTESIAN_POINT('Ctrl Pts',(3.300815766118,7.6917292910864,0.));
#3646=CARTESIAN_POINT('Ctrl Pts',(3.23388776733327,7.2589390938122,0.));
#3647=CARTESIAN_POINT('',(4.49458983398994,7.11782563563282,0.));
#3648=CARTESIAN_POINT('',(-8.26834955907075,8.54641258089339,0.));
#3649=CARTESIAN_POINT('',(5.04689264692506,8.58624430771699,0.));
#3650=CARTESIAN_POINT('Ctrl Pts',(4.49458983398994,7.11782563563282,0.));
#3651=CARTESIAN_POINT('Ctrl Pts',(4.51530371435849,7.40795756813807,0.));
#3652=CARTESIAN_POINT('Ctrl Pts',(4.55429657451414,7.95411664937135,0.));
#3653=CARTESIAN_POINT('Ctrl Pts',(4.88967482993502,8.3844933477109,0.));
#3654=CARTESIAN_POINT('Ctrl Pts',(5.04689264692506,8.58624430771699,0.));
#3655=CARTESIAN_POINT('',(6.47051523127542,9.10533637414785,0.));
#3656=CARTESIAN_POINT('Ctrl Pts',(5.04689264692506,8.58624430771699,0.));
#3657=CARTESIAN_POINT('Ctrl Pts',(5.24669254487195,8.73952224669771,0.));
#3658=CARTESIAN_POINT('Ctrl Pts',(5.66555968985509,9.06085921107804,0.));
#3659=CARTESIAN_POINT('Ctrl Pts',(6.19409277051528,9.09006287613367,0.));
#3660=CARTESIAN_POINT('Ctrl Pts',(6.47051523127542,9.10533637414785,0.));
#3661=CARTESIAN_POINT('',(7.8267294591396,8.59157577485046,0.));
#3662=CARTESIAN_POINT('Ctrl Pts',(6.47051523127542,9.10533637414785,0.));
#3663=CARTESIAN_POINT('Ctrl Pts',(6.73286485934492,9.08571673501656,0.));
#3664=CARTESIAN_POINT('Ctrl Pts',(7.23679903087582,9.04803035953316,0.));
#3665=CARTESIAN_POINT('Ctrl Pts',(7.63556313384143,8.73948939557368,0.));
#3666=CARTESIAN_POINT('Ctrl Pts',(7.8267294591396,8.59157577485046,0.));
#3667=CARTESIAN_POINT('',(8.33730183872934,7.35562439258529,0.));
#3668=CARTESIAN_POINT('Ctrl Pts',(7.8267294591396,8.59157577485046,0.));
#3669=CARTESIAN_POINT('Ctrl Pts',(7.97730841018399,8.41325845911406,0.));
#3670=CARTESIAN_POINT('Ctrl Pts',(8.27919695794386,8.05575858868241,0.));
#3671=CARTESIAN_POINT('Ctrl Pts',(8.31790231958738,7.58937870987363,0.));
#3672=CARTESIAN_POINT('Ctrl Pts',(8.33730183872934,7.35562439258529,0.));
#3673=CARTESIAN_POINT('',(7.75086279764283,5.88410589279032,0.));
#3674=CARTESIAN_POINT('Ctrl Pts',(8.33730183872934,7.35562439258529,0.));
#3675=CARTESIAN_POINT('Ctrl Pts',(8.30378805642641,7.110766778622,0.));
#3676=CARTESIAN_POINT('Ctrl Pts',(8.23027150082381,6.57364183614488,0.));
#3677=CARTESIAN_POINT('Ctrl Pts',(7.919800350892,6.12708962332077,0.));
#3678=CARTESIAN_POINT('Ctrl Pts',(7.75086279764283,5.88410589279032,0.));
#3679=CARTESIAN_POINT('',(5.52835444192028,3.78629024374808,0.));
#3680=CARTESIAN_POINT('Ctrl Pts',(7.75086279764283,5.88410589279032,0.));
#3681=CARTESIAN_POINT('Ctrl Pts',(7.4755448987878,5.57317365822328,0.));
#3682=CARTESIAN_POINT('Ctrl Pts',(6.79812208813409,4.80812137088851,0.));
#3683=CARTESIAN_POINT('Ctrl Pts',(6.00132034799792,4.16690419807853,0.));
#3684=CARTESIAN_POINT('Ctrl Pts',(5.52835444192028,3.78629024374808,0.));
#3685=CARTESIAN_POINT('',(3.90819195962941,2.28668580665114,0.));
#3686=CARTESIAN_POINT('Ctrl Pts',(5.52835444192028,3.78629024374808,0.));
#3687=CARTESIAN_POINT('Ctrl Pts',(5.21016524872255,3.52695000194635,0.));
#3688=CARTESIAN_POINT('Ctrl Pts',(4.63843834713931,3.06096373946192,0.));
#3689=CARTESIAN_POINT('Ctrl Pts',(4.13253817950798,2.52455939333716,0.));
#3690=CARTESIAN_POINT('Ctrl Pts',(3.90819195962941,2.28668580665114,0.));
#3691=CARTESIAN_POINT('',(3.08776655410934,0.963966328385839,0.));
#3692=CARTESIAN_POINT('Ctrl Pts',(3.90819195962941,2.28668580665114,0.));
#3693=CARTESIAN_POINT('Ctrl Pts',(3.73569421357467,2.07461334177659,0.));
#3694=CARTESIAN_POINT('Ctrl Pts',(3.40545526513436,1.66861042640464,0.));
#3695=CARTESIAN_POINT('Ctrl Pts',(3.19046048372224,1.19174487037625,0.));
#3696=CARTESIAN_POINT('Ctrl Pts',(3.08776655410934,0.963966328385839,0.));
#3697=CARTESIAN_POINT('',(2.9367454944956,0.112648936117589,0.));
#3698=CARTESIAN_POINT('Ctrl Pts',(3.08776655410934,0.963966328385839,0.));
#3699=CARTESIAN_POINT('Ctrl Pts',(3.04132486093315,0.826311295750668,0.));
#3700=CARTESIAN_POINT('Ctrl Pts',(2.94815443563446,0.550150435584131,0.));
#3701=CARTESIAN_POINT('Ctrl Pts',(2.94055627766332,0.258781984726433,0.));
#3702=CARTESIAN_POINT('Ctrl Pts',(2.9367454944956,0.11264893611759,0.));
#3703=CARTESIAN_POINT('',(-8.91141250579021,0.220761655323715,0.));
#3704=CARTESIAN_POINT('',(11.5644259726619,1.43234393421689,0.));
#3705=CARTESIAN_POINT('',(11.5516666437321,0.0340390331125939,0.));
#3706=CARTESIAN_POINT('',(11.5613718206207,1.09763700790263,0.));
#3707=CARTESIAN_POINT('',(12.9499715448364,0.0212797041828158,0.));
#3708=CARTESIAN_POINT('',(-4.60395193117195,0.181456703821219,0.));
#3709=CARTESIAN_POINT('',(12.9627308737662,1.41958460528711,0.));
#3710=CARTESIAN_POINT('',(12.9532970572601,0.385725228420707,0.));
#3711=CARTESIAN_POINT('',(-3.89204015169002,1.57338194046062,0.));
#3712=CARTESIAN_POINT('',(15.17986559987,7.78775029912547,0.));
#3713=CARTESIAN_POINT('',(14.7888941187707,4.93649236883154,0.));
#3714=CARTESIAN_POINT('Ctrl Pts',(15.17986559987,7.78775029912547,0.));
#3715=CARTESIAN_POINT('Ctrl Pts',(15.0699679870962,7.37268159287235,0.));
#3716=CARTESIAN_POINT('Ctrl Pts',(14.8228423666426,6.43932090400212,0.));
#3717=CARTESIAN_POINT('Ctrl Pts',(14.8010148588358,5.47305596722252,0.));
#3718=CARTESIAN_POINT('Ctrl Pts',(14.7888941187707,4.93649236883154,0.));
#3719=CARTESIAN_POINT('',(15.7408429757258,0.862152916784846,0.));
#3720=CARTESIAN_POINT('Ctrl Pts',(14.7888941187707,4.93649236883154,0.));
#3721=CARTESIAN_POINT('Ctrl Pts',(14.7911929561756,4.10856514873115,0.));
#3722=CARTESIAN_POINT('Ctrl Pts',(14.7951897840807,2.6691059640411,0.));
#3723=CARTESIAN_POINT('Ctrl Pts',(15.4588831270398,1.40092147621913,0.));
#3724=CARTESIAN_POINT('Ctrl Pts',(15.7408429757258,0.862152916784846,0.));
#3725=CARTESIAN_POINT('',(18.0027755460042,-0.195365962078273,0.));
#3726=CARTESIAN_POINT('Ctrl Pts',(15.7408429757258,0.862152916784846,0.));
#3727=CARTESIAN_POINT('Ctrl Pts',(16.0449107137917,0.557010055523739,0.));
#3728=CARTESIAN_POINT('Ctrl Pts',(16.6688909679519,-0.069176469018446,0.));
#3729=CARTESIAN_POINT('Ctrl Pts',(17.5506835446754,-0.152596698978029,0.));
#3730=CARTESIAN_POINT('Ctrl Pts',(18.0027755460042,-0.195365962078273,0.));
#3731=CARTESIAN_POINT('',(19.8259562164589,0.378064219015208,0.));
#3732=CARTESIAN_POINT('Ctrl Pts',(18.0027755460042,-0.195365962078273,0.));
#3733=CARTESIAN_POINT('Ctrl Pts',(18.3472522975794,-0.178675364494878,0.));
#3734=CARTESIAN_POINT('Ctrl Pts',(19.0064591623315,-0.146735454316671,0.));
#3735=CARTESIAN_POINT('Ctrl Pts',(19.561133741865,0.20847392279894,0.));
#3736=CARTESIAN_POINT('Ctrl Pts',(19.8259562164589,0.378064219015208,0.));
#3737=CARTESIAN_POINT('',(20.9223335738305,2.03934301633182,0.));
#3738=CARTESIAN_POINT('Ctrl Pts',(19.8259562164589,0.378064219015208,0.));
#3739=CARTESIAN_POINT('Ctrl Pts',(20.0557896602565,0.60191210217889,0.));
#3740=CARTESIAN_POINT('Ctrl Pts',(20.541504506093,1.07497745883535,0.));
#3741=CARTESIAN_POINT('Ctrl Pts',(20.7909317819943,1.70659698149521,0.));
#3742=CARTESIAN_POINT('Ctrl Pts',(20.9223335738305,2.03934301633182,0.));
#3743=CARTESIAN_POINT('',(21.3097689481679,4.8769903340518,0.));
#3744=CARTESIAN_POINT('Ctrl Pts',(20.9223335738305,2.03934301633182,0.));
#3745=CARTESIAN_POINT('Ctrl Pts',(21.031238947753,2.45331343701679,0.));
#3746=CARTESIAN_POINT('Ctrl Pts',(21.2756717534752,3.38244987693237,0.));
#3747=CARTESIAN_POINT('Ctrl Pts',(21.2976068723191,4.34390500071486,0.));
#3748=CARTESIAN_POINT('Ctrl Pts',(21.3097689481679,4.8769903340518,0.));
#3749=CARTESIAN_POINT('',(21.106242985442,7.24252038079475,0.));
#3750=CARTESIAN_POINT('Ctrl Pts',(21.3097689481679,4.8769903340518,0.));
#3751=CARTESIAN_POINT('Ctrl Pts',(21.3100509167363,5.32334839041902,0.));
#3752=CARTESIAN_POINT('Ctrl Pts',(21.3105530633978,6.11824978342511,0.));
#3753=CARTESIAN_POINT('Ctrl Pts',(21.1685205179134,6.89982167824018,0.));
#3754=CARTESIAN_POINT('Ctrl Pts',(21.106242985442,7.24252038079475,0.));
#3755=CARTESIAN_POINT('',(20.4991002030374,8.73516170440425,0.));
#3756=CARTESIAN_POINT('Ctrl Pts',(21.106242985442,7.24252038079475,0.));
#3757=CARTESIAN_POINT('Ctrl Pts',(21.0306509664014,7.5179409616311,0.));
#3758=CARTESIAN_POINT('Ctrl Pts',(20.8874070856445,8.03985204880723,0.));
#3759=CARTESIAN_POINT('Ctrl Pts',(20.6236626205502,8.51211788133402,0.));
#3760=CARTESIAN_POINT('Ctrl Pts',(20.4991002030374,8.73516170440425,0.));
#3761=CARTESIAN_POINT('',(19.5049399758695,9.67878836791136,0.));
#3762=CARTESIAN_POINT('Ctrl Pts',(20.4991002030374,8.73516170440425,0.));
#3763=CARTESIAN_POINT('Ctrl Pts',(20.3616728079336,8.92717229533667,0.));
#3764=CARTESIAN_POINT('Ctrl Pts',(20.090767441553,9.30567542745393,0.));
#3765=CARTESIAN_POINT('Ctrl Pts',(19.6983086297083,9.55563206122996,0.));
#3766=CARTESIAN_POINT('Ctrl Pts',(19.5049399758695,9.67878836791136,0.));
#3767=CARTESIAN_POINT('',(18.0959497495188,10.0156683445093,0.));
#3768=CARTESIAN_POINT('Ctrl Pts',(19.5049399758695,9.67878836791136,0.));
#3769=CARTESIAN_POINT('Ctrl Pts',(19.2901218197224,9.77521190448552,0.));
#3770=CARTESIAN_POINT('Ctrl Pts',(18.8421630445917,9.97628322039398,0.));
#3771=CARTESIAN_POINT('Ctrl Pts',(18.3513788851346,10.0021867993863,0.));
#3772=CARTESIAN_POINT('Ctrl Pts',(18.0959497495188,10.0156683445093,0.));
#3773=CARTESIAN_POINT('',(16.2796222787449,9.44558813693741,0.));
#3774=CARTESIAN_POINT('Ctrl Pts',(18.0959497495188,10.0156683445093,0.));
#3775=CARTESIAN_POINT('Ctrl Pts',(17.7533017730977,9.99895405546048,0.));
#3776=CARTESIAN_POINT('Ctrl Pts',(17.0969098522396,9.96693540935862,0.));
#3777=CARTESIAN_POINT('Ctrl Pts',(16.5439347696243,9.61419292264041,0.));
#3778=CARTESIAN_POINT('Ctrl Pts',(16.2796222787449,9.44558813693741,0.));
#3779=CARTESIAN_POINT('Ctrl Pts',(16.2796222787449,9.44558813693741,0.));
#3780=CARTESIAN_POINT('Ctrl Pts',(16.0495873697905,9.22260877444293,0.));
#3781=CARTESIAN_POINT('Ctrl Pts',(15.5630051529736,8.75095082913316,0.));
#3782=CARTESIAN_POINT('Ctrl Pts',(15.3121351674488,8.1202717435019,0.));
#3783=CARTESIAN_POINT('Ctrl Pts',(15.17986559987,7.78775029912547,0.));
#3784=CARTESIAN_POINT('Origin',(11.2470805187714,1.05776542300557,0.6));
#3785=CARTESIAN_POINT('',(9.55706106528977,1.23237001404066,0.6));
#3786=CARTESIAN_POINT('',(9.54629344264054,0.0523377720210288,0.6));
#3787=CARTESIAN_POINT('',(9.55095105169777,0.562768814908034,0.6));
#3788=CARTESIAN_POINT('',(2.9367454944956,0.112648936117589,0.6));
#3789=CARTESIAN_POINT('',(7.08725539757625,0.0747761366745712,0.6));
#3790=CARTESIAN_POINT('',(3.08776655410934,0.963966328385839,0.6));
#3791=CARTESIAN_POINT('Ctrl Pts',(2.9367454944956,0.11264893611759,0.6));
#3792=CARTESIAN_POINT('Ctrl Pts',(2.94055627766332,0.258781984726433,0.6));
#3793=CARTESIAN_POINT('Ctrl Pts',(2.94436706083105,0.404915033335277,0.6));
#3794=CARTESIAN_POINT('Ctrl Pts',(2.96970292916959,0.547222722454496,0.6));
#3795=CARTESIAN_POINT('Ctrl Pts',(2.99488316775697,0.688656263115494,0.6));
#3796=CARTESIAN_POINT('Ctrl Pts',(3.04132486093315,0.826311295750668,0.6));
#3797=CARTESIAN_POINT('Ctrl Pts',(3.08776655410934,0.963966328385839,0.6));
#3798=CARTESIAN_POINT('',(3.90819195962941,2.28668580665114,0.6));
#3799=CARTESIAN_POINT('Ctrl Pts',(3.08776655410934,0.963966328385839,0.6));
#3800=CARTESIAN_POINT('Ctrl Pts',(3.19046048372224,1.19174487037625,0.6));
#3801=CARTESIAN_POINT('Ctrl Pts',(3.29315441333515,1.41952341236666,0.6));
#3802=CARTESIAN_POINT('Ctrl Pts',(3.42214210095636,1.63113415017837,0.6));
#3803=CARTESIAN_POINT('Ctrl Pts',(3.56319646751993,1.86254087690204,0.6));
#3804=CARTESIAN_POINT('Ctrl Pts',(3.73569421357467,2.07461334177659,0.6));
#3805=CARTESIAN_POINT('Ctrl Pts',(3.90819195962941,2.28668580665114,0.6));
#3806=CARTESIAN_POINT('',(5.52835444192028,3.78629024374808,0.6));
#3807=CARTESIAN_POINT('Ctrl Pts',(3.90819195962941,2.28668580665114,0.6));
#3808=CARTESIAN_POINT('Ctrl Pts',(4.13253817950798,2.52455939333716,0.6));
#3809=CARTESIAN_POINT('Ctrl Pts',(4.35688439938655,2.76243298002318,0.6));
#3810=CARTESIAN_POINT('Ctrl Pts',(4.59417586126775,2.98645840686048,0.6));
#3811=CARTESIAN_POINT('Ctrl Pts',(4.89197605552481,3.26760976014462,0.6));
#3812=CARTESIAN_POINT('Ctrl Pts',(5.21016524872255,3.52695000194635,0.6));
#3813=CARTESIAN_POINT('Ctrl Pts',(5.52835444192028,3.78629024374808,0.6));
#3814=CARTESIAN_POINT('',(7.75086279764283,5.88410589279032,0.6));
#3815=CARTESIAN_POINT('Ctrl Pts',(5.52835444192028,3.78629024374808,0.6));
#3816=CARTESIAN_POINT('Ctrl Pts',(6.00132034799792,4.16690419807853,0.6));
#3817=CARTESIAN_POINT('Ctrl Pts',(6.47428625407555,4.54751815240898,0.6));
#3818=CARTESIAN_POINT('Ctrl Pts',(6.90519046189563,4.97176388701602,0.6));
#3819=CARTESIAN_POINT('Ctrl Pts',(7.20022699993277,5.26224142365624,0.6));
#3820=CARTESIAN_POINT('Ctrl Pts',(7.4755448987878,5.57317365822328,0.6));
#3821=CARTESIAN_POINT('Ctrl Pts',(7.75086279764283,5.88410589279032,0.6));
#3822=CARTESIAN_POINT('',(8.33730183872934,7.35562439258529,0.6));
#3823=CARTESIAN_POINT('Ctrl Pts',(7.75086279764283,5.88410589279032,0.6));
#3824=CARTESIAN_POINT('Ctrl Pts',(7.919800350892,6.12708962332077,0.6));
#3825=CARTESIAN_POINT('Ctrl Pts',(8.08873790414117,6.37007335385121,0.6));
#3826=CARTESIAN_POINT('Ctrl Pts',(8.18751780745033,6.63987390926363,0.6));
#3827=CARTESIAN_POINT('Ctrl Pts',(8.27027427412348,6.8659091646587,0.6));
#3828=CARTESIAN_POINT('Ctrl Pts',(8.30378805642641,7.110766778622,0.6));
#3829=CARTESIAN_POINT('Ctrl Pts',(8.33730183872934,7.35562439258529,0.6));
#3830=CARTESIAN_POINT('',(7.8267294591396,8.59157577485046,0.6));
#3831=CARTESIAN_POINT('Ctrl Pts',(8.33730183872934,7.35562439258529,0.6));
#3832=CARTESIAN_POINT('Ctrl Pts',(8.31790231958738,7.58937870987363,0.6));
#3833=CARTESIAN_POINT('Ctrl Pts',(8.29850280044542,7.82313302716196,0.6));
#3834=CARTESIAN_POINT('Ctrl Pts',(8.21298861485299,8.02953542450738,0.6));
#3835=CARTESIAN_POINT('Ctrl Pts',(8.12788736122837,8.23494114337766,0.6));
#3836=CARTESIAN_POINT('Ctrl Pts',(7.97730841018399,8.41325845911406,0.6));
#3837=CARTESIAN_POINT('Ctrl Pts',(7.8267294591396,8.59157577485046,0.6));
#3838=CARTESIAN_POINT('',(6.47051523127542,9.10533637414785,0.6));
#3839=CARTESIAN_POINT('Ctrl Pts',(7.8267294591396,8.59157577485046,0.6));
#3840=CARTESIAN_POINT('Ctrl Pts',(7.63556313384143,8.73948939557368,0.6));
#3841=CARTESIAN_POINT('Ctrl Pts',(7.44439680854326,8.8874030162969,0.6));
#3842=CARTESIAN_POINT('Ctrl Pts',(7.22906013936843,8.97306842673229,0.6));
#3843=CARTESIAN_POINT('Ctrl Pts',(6.99521448741442,9.06609709588528,0.6));
#3844=CARTESIAN_POINT('Ctrl Pts',(6.73286485934492,9.08571673501656,0.6));
#3845=CARTESIAN_POINT('Ctrl Pts',(6.47051523127542,9.10533637414785,0.6));
#3846=CARTESIAN_POINT('',(5.04689264692506,8.58624430771699,0.6));
#3847=CARTESIAN_POINT('Ctrl Pts',(6.47051523127542,9.10533637414785,0.6));
#3848=CARTESIAN_POINT('Ctrl Pts',(6.19409277051528,9.09006287613367,0.6));
#3849=CARTESIAN_POINT('Ctrl Pts',(5.91767030975514,9.07478937811949,0.6));
#3850=CARTESIAN_POINT('Ctrl Pts',(5.67124458883043,8.97960914769101,0.6));
#3851=CARTESIAN_POINT('Ctrl Pts',(5.44649244281884,8.89280018567843,0.6));
#3852=CARTESIAN_POINT('Ctrl Pts',(5.24669254487195,8.73952224669771,0.6));
#3853=CARTESIAN_POINT('Ctrl Pts',(5.04689264692506,8.58624430771699,0.6));
#3854=CARTESIAN_POINT('',(4.49458983398994,7.11782563563282,0.6));
#3855=CARTESIAN_POINT('Ctrl Pts',(5.04689264692506,8.58624430771699,0.6));
#3856=CARTESIAN_POINT('Ctrl Pts',(4.88967482993502,8.3844933477109,0.6));
#3857=CARTESIAN_POINT('Ctrl Pts',(4.73245701294497,8.18274238770482,0.6));
#3858=CARTESIAN_POINT('Ctrl Pts',(4.6403706119818,7.95554796567495,0.6));
#3859=CARTESIAN_POINT('Ctrl Pts',(4.53601759472705,7.69808950064333,0.6));
#3860=CARTESIAN_POINT('Ctrl Pts',(4.51530371435849,7.40795756813807,0.6));
#3861=CARTESIAN_POINT('Ctrl Pts',(4.49458983398994,7.11782563563282,0.6));
#3862=CARTESIAN_POINT('',(3.23388776733327,7.2589390938122,0.6));
#3863=CARTESIAN_POINT('',(7.53366898776552,6.77765409121117,0.6));
#3864=CARTESIAN_POINT('',(4.22892749803048,9.40206360532972,0.6));
#3865=CARTESIAN_POINT('Ctrl Pts',(3.23388776733327,7.2589390938122,0.6));
#3866=CARTESIAN_POINT('Ctrl Pts',(3.300815766118,7.6917292910864,0.6));
#3867=CARTESIAN_POINT('Ctrl Pts',(3.36774376490273,8.12451948836059,0.6));
#3868=CARTESIAN_POINT('Ctrl Pts',(3.55388900022936,8.50010210974658,0.6));
#3869=CARTESIAN_POINT('Ctrl Pts',(3.71750100104984,8.83021974101731,0.6));
#3870=CARTESIAN_POINT('Ctrl Pts',(3.97321424954016,9.11614167317352,0.6));
#3871=CARTESIAN_POINT('Ctrl Pts',(4.22892749803048,9.40206360532972,0.6));
#3872=CARTESIAN_POINT('',(6.50707316747706,10.1214163506122,0.6));
#3873=CARTESIAN_POINT('Ctrl Pts',(4.22892749803048,9.40206360532972,0.6));
#3874=CARTESIAN_POINT('Ctrl Pts',(4.55076664000416,9.61475536021225,0.6));
#3875=CARTESIAN_POINT('Ctrl Pts',(4.87260578197784,9.82744711509478,0.6));
#3876=CARTESIAN_POINT('Ctrl Pts',(5.22474240737588,9.94808230903933,0.6));
#3877=CARTESIAN_POINT('Ctrl Pts',(5.62596422525727,10.08553314012,0.6));
#3878=CARTESIAN_POINT('Ctrl Pts',(6.06651869636717,10.1034747453661,0.6));
#3879=CARTESIAN_POINT('Ctrl Pts',(6.50707316747706,10.1214163506122,0.6));
#3880=CARTESIAN_POINT('',(8.77800443799009,9.30257051158368,0.6));
#3881=CARTESIAN_POINT('Ctrl Pts',(6.50707316747706,10.1214163506122,0.6));
#3882=CARTESIAN_POINT('Ctrl Pts',(6.95186921572528,10.0929014373576,0.6));
#3883=CARTESIAN_POINT('Ctrl Pts',(7.3966652639735,10.0643865241031,0.6));
#3884=CARTESIAN_POINT('Ctrl Pts',(7.79442134844124,9.91013850528602,0.6));
#3885=CARTESIAN_POINT('Ctrl Pts',(8.14691065001617,9.77344474107896,0.6));
#3886=CARTESIAN_POINT('Ctrl Pts',(8.46245754400313,9.53800762633132,0.6));
#3887=CARTESIAN_POINT('Ctrl Pts',(8.77800443799009,9.30257051158368,0.6));
#3888=CARTESIAN_POINT('',(9.59893736462065,7.31682579769527,0.6));
#3889=CARTESIAN_POINT('Ctrl Pts',(8.77800443799009,9.30257051158368,0.6));
#3890=CARTESIAN_POINT('Ctrl Pts',(9.0201236125006,9.01736092610546,0.6));
#3891=CARTESIAN_POINT('Ctrl Pts',(9.26224278701111,8.73215134062725,0.6));
#3892=CARTESIAN_POINT('Ctrl Pts',(9.39908794836659,8.40327854419341,0.6));
#3893=CARTESIAN_POINT('Ctrl Pts',(9.53740586324015,8.0708663565005,0.6));
#3894=CARTESIAN_POINT('Ctrl Pts',(9.5681716139304,7.69384607709788,0.6));
#3895=CARTESIAN_POINT('Ctrl Pts',(9.59893736462065,7.31682579769527,0.6));
#3896=CARTESIAN_POINT('',(9.34261418710582,6.13903361834239,0.6));
#3897=CARTESIAN_POINT('Ctrl Pts',(9.59893736462065,7.31682579769527,0.6));
#3898=CARTESIAN_POINT('Ctrl Pts',(9.58638245882489,7.1165328888477,0.6));
#3899=CARTESIAN_POINT('Ctrl Pts',(9.57382755302912,6.91623998000013,0.6));
#3900=CARTESIAN_POINT('Ctrl Pts',(9.53211783461837,6.72225389101314,0.6));
#3901=CARTESIAN_POINT('Ctrl Pts',(9.48936797931074,6.52343027023924,0.6));
#3902=CARTESIAN_POINT('Ctrl Pts',(9.41599108320828,6.33123194429082,0.6));
#3903=CARTESIAN_POINT('Ctrl Pts',(9.34261418710582,6.13903361834239,0.6));
#3904=CARTESIAN_POINT('',(8.51636346512421,4.92551271180034,0.6));
#3905=CARTESIAN_POINT('Ctrl Pts',(9.34261418710582,6.13903361834239,0.6));
#3906=CARTESIAN_POINT('Ctrl Pts',(9.23891377135359,5.93697344322641,0.6));
#3907=CARTESIAN_POINT('Ctrl Pts',(9.13521335560134,5.73491326811044,0.6));
#3908=CARTESIAN_POINT('Ctrl Pts',(9.01062820510071,5.54688101894789,0.6));
#3909=CARTESIAN_POINT('Ctrl Pts',(8.86491837399764,5.32696598768366,0.6));
#3910=CARTESIAN_POINT('Ctrl Pts',(8.69064091956093,5.126239349742,0.6));
#3911=CARTESIAN_POINT('Ctrl Pts',(8.51636346512421,4.92551271180034,0.6));
#3912=CARTESIAN_POINT('',(6.60747835312879,3.18296683161172,0.6));
#3913=CARTESIAN_POINT('Ctrl Pts',(8.51636346512421,4.92551271180034,0.6));
#3914=CARTESIAN_POINT('Ctrl Pts',(8.26467098667609,4.67074874955922,0.6));
#3915=CARTESIAN_POINT('Ctrl Pts',(8.01297850822796,4.4159847873181,0.6));
#3916=CARTESIAN_POINT('Ctrl Pts',(7.7514401235653,4.17188771422492,0.6));
#3917=CARTESIAN_POINT('Ctrl Pts',(7.38313638116615,3.82814518616406,0.6));
#3918=CARTESIAN_POINT('Ctrl Pts',(6.99530736714747,3.50555600888788,0.6));
#3919=CARTESIAN_POINT('Ctrl Pts',(6.60747835312879,3.18296683161172,0.6));
#3920=CARTESIAN_POINT('',(5.17722714646708,1.93743882826476,0.6));
#3921=CARTESIAN_POINT('Ctrl Pts',(6.60747835312879,3.18296683161172,0.6));
#3922=CARTESIAN_POINT('Ctrl Pts',(6.29902569549741,2.93042896339947,0.6));
#3923=CARTESIAN_POINT('Ctrl Pts',(5.99057303786604,2.67789109518722,0.6));
#3924=CARTESIAN_POINT('Ctrl Pts',(5.69318215860552,2.41279826283518,0.6));
#3925=CARTESIAN_POINT('Ctrl Pts',(5.51865739549883,2.25722770908261,0.6));
#3926=CARTESIAN_POINT('Ctrl Pts',(5.34794227098295,2.09733326867368,0.6));
#3927=CARTESIAN_POINT('Ctrl Pts',(5.17722714646708,1.93743882826476,0.6));
#3928=CARTESIAN_POINT('',(4.65276290204908,1.277121021768,0.6));
#3929=CARTESIAN_POINT('Ctrl Pts',(5.17722714646708,1.93743882826476,0.6));
#3930=CARTESIAN_POINT('Ctrl Pts',(5.07761467471644,1.83021273653004,0.6));
#3931=CARTESIAN_POINT('Ctrl Pts',(4.9780022029658,1.72298664479532,0.6));
#3932=CARTESIAN_POINT('Ctrl Pts',(4.88771871908589,1.6083811992395,0.6));
#3933=CARTESIAN_POINT('Ctrl Pts',(4.80406001984785,1.50218522530534,0.6));
#3934=CARTESIAN_POINT('Ctrl Pts',(4.72841146094847,1.38965312353667,0.6));
#3935=CARTESIAN_POINT('Ctrl Pts',(4.65276290204908,1.277121021768,0.6));
#3936=CARTESIAN_POINT('',(10.402796994298,1.22465279664592,0.6));
#3937=CARTESIAN_POINT('',(11.5516666437321,0.0340390331125939,0.6));
#3938=CARTESIAN_POINT('',(11.5644259726619,1.43234393421689,0.6));
#3939=CARTESIAN_POINT('',(11.5627039172542,1.24362252655175,0.6));
#3940=CARTESIAN_POINT('',(12.9627308737662,1.41958460528711,0.6));
#3941=CARTESIAN_POINT('',(12.1066277516764,1.42739642181148,0.6));
#3942=CARTESIAN_POINT('',(12.9499715448364,0.0212797041828158,0.6));
#3943=CARTESIAN_POINT('',(12.9546291538936,0.531710747069823,0.6));
#3944=CARTESIAN_POINT('',(11.3947159721945,0.0354711851720745,0.6));
#3945=CARTESIAN_POINT('',(14.7888941187707,4.93649236883154,0.6));
#3946=CARTESIAN_POINT('',(15.17986559987,7.78775029912547,0.6));
#3947=CARTESIAN_POINT('Ctrl Pts',(14.7888941187707,4.93649236883154,0.6));
#3948=CARTESIAN_POINT('Ctrl Pts',(14.8010148588358,5.47305596722252,0.6));
#3949=CARTESIAN_POINT('Ctrl Pts',(14.8131355989009,6.0096195656135,0.6));
#3950=CARTESIAN_POINT('Ctrl Pts',(14.8947279746853,6.53603699856384,0.6));
#3951=CARTESIAN_POINT('Ctrl Pts',(14.9600703743225,6.95761288661922,0.6));
#3952=CARTESIAN_POINT('Ctrl Pts',(15.0699679870962,7.37268159287235,0.6));
#3953=CARTESIAN_POINT('Ctrl Pts',(15.17986559987,7.78775029912547,0.6));
#3954=CARTESIAN_POINT('',(16.2796222787449,9.44558813693741,0.6));
#3955=CARTESIAN_POINT('Ctrl Pts',(15.17986559987,7.78775029912547,0.6));
#3956=CARTESIAN_POINT('Ctrl Pts',(15.3121351674488,8.1202717435019,0.6));
#3957=CARTESIAN_POINT('Ctrl Pts',(15.4444047350275,8.45279318787832,0.6));
#3958=CARTESIAN_POINT('Ctrl Pts',(15.6421989325559,8.74110902902144,0.6));
#3959=CARTESIAN_POINT('Ctrl Pts',(15.819552460836,8.99962941194844,0.6));
#3960=CARTESIAN_POINT('Ctrl Pts',(16.0495873697905,9.22260877444293,0.6));
#3961=CARTESIAN_POINT('Ctrl Pts',(16.2796222787449,9.44558813693741,0.6));
#3962=CARTESIAN_POINT('',(18.0959497495188,10.0156683445093,0.6));
#3963=CARTESIAN_POINT('Ctrl Pts',(16.2796222787449,9.44558813693741,0.6));
#3964=CARTESIAN_POINT('Ctrl Pts',(16.5439347696243,9.61419292264041,0.6));
#3965=CARTESIAN_POINT('Ctrl Pts',(16.8082472605036,9.78279770834342,0.6));
#3966=CARTESIAN_POINT('Ctrl Pts',(17.0961871281461,9.87812755015978,0.6));
#3967=CARTESIAN_POINT('Ctrl Pts',(17.4106537966765,9.98223976641164,0.6));
#3968=CARTESIAN_POINT('Ctrl Pts',(17.7533017730977,9.99895405546048,0.6));
#3969=CARTESIAN_POINT('Ctrl Pts',(18.0959497495188,10.0156683445093,0.6));
#3970=CARTESIAN_POINT('',(19.5049399758695,9.67878836791136,0.6));
#3971=CARTESIAN_POINT('Ctrl Pts',(18.0959497495188,10.0156683445093,0.6));
#3972=CARTESIAN_POINT('Ctrl Pts',(18.3513788851346,10.0021867993863,0.6));
#3973=CARTESIAN_POINT('Ctrl Pts',(18.6068080207504,9.98870525426334,0.6));
#3974=CARTESIAN_POINT('Ctrl Pts',(18.8506370742776,9.92777614598405,0.6));
#3975=CARTESIAN_POINT('Ctrl Pts',(19.0753036635753,9.87163544105967,0.6));
#3976=CARTESIAN_POINT('Ctrl Pts',(19.2901218197224,9.77521190448552,0.6));
#3977=CARTESIAN_POINT('Ctrl Pts',(19.5049399758695,9.67878836791136,0.6));
#3978=CARTESIAN_POINT('',(20.4991002030374,8.73516170440425,0.6));
#3979=CARTESIAN_POINT('Ctrl Pts',(19.5049399758695,9.67878836791136,0.6));
#3980=CARTESIAN_POINT('Ctrl Pts',(19.6983086297083,9.55563206122996,0.6));
#3981=CARTESIAN_POINT('Ctrl Pts',(19.8916772835471,9.43247575454857,0.6));
#3982=CARTESIAN_POINT('Ctrl Pts',(20.0555371575727,9.27811300776309,0.6));
#3983=CARTESIAN_POINT('Ctrl Pts',(20.2242454128298,9.11918288626909,0.6));
#3984=CARTESIAN_POINT('Ctrl Pts',(20.3616728079336,8.92717229533667,0.6));
#3985=CARTESIAN_POINT('Ctrl Pts',(20.4991002030374,8.73516170440425,0.6));
#3986=CARTESIAN_POINT('',(21.106242985442,7.24252038079475,0.6));
#3987=CARTESIAN_POINT('Ctrl Pts',(20.4991002030374,8.73516170440425,0.6));
#3988=CARTESIAN_POINT('Ctrl Pts',(20.6236626205502,8.51211788133402,0.6));
#3989=CARTESIAN_POINT('Ctrl Pts',(20.748225038063,8.2890740582638,0.6));
#3990=CARTESIAN_POINT('Ctrl Pts',(20.845909483333,8.05495673058119,0.6));
#3991=CARTESIAN_POINT('Ctrl Pts',(20.9550589473608,7.79336154246746,0.6));
#3992=CARTESIAN_POINT('Ctrl Pts',(21.0306509664014,7.5179409616311,0.6));
#3993=CARTESIAN_POINT('Ctrl Pts',(21.106242985442,7.24252038079475,0.6));
#3994=CARTESIAN_POINT('',(21.3097689481679,4.8769903340518,0.6));
#3995=CARTESIAN_POINT('Ctrl Pts',(21.106242985442,7.24252038079475,0.6));
#3996=CARTESIAN_POINT('Ctrl Pts',(21.1685205179134,6.89982167824018,0.6));
#3997=CARTESIAN_POINT('Ctrl Pts',(21.2307980503847,6.55712297568562,0.6));
#3998=CARTESIAN_POINT('Ctrl Pts',(21.2656719819012,6.21186155493343,0.6));
#3999=CARTESIAN_POINT('Ctrl Pts',(21.3103328853048,5.76970644678625,0.6));
#4000=CARTESIAN_POINT('Ctrl Pts',(21.3100509167363,5.32334839041902,0.6));
#4001=CARTESIAN_POINT('Ctrl Pts',(21.3097689481679,4.8769903340518,0.6));
#4002=CARTESIAN_POINT('',(20.9223335738305,2.03934301633182,0.6));
#4003=CARTESIAN_POINT('Ctrl Pts',(21.3097689481679,4.8769903340518,0.6));
#4004=CARTESIAN_POINT('Ctrl Pts',(21.2976068723191,4.34390500071486,0.6));
#4005=CARTESIAN_POINT('Ctrl Pts',(21.2854447964702,3.81081966737793,0.6));
#4006=CARTESIAN_POINT('Ctrl Pts',(21.2048819598656,3.287669819637,0.6));
#4007=CARTESIAN_POINT('Ctrl Pts',(21.1401443216755,2.86728385770177,0.6));
#4008=CARTESIAN_POINT('Ctrl Pts',(21.031238947753,2.45331343701679,0.6));
#4009=CARTESIAN_POINT('Ctrl Pts',(20.9223335738305,2.03934301633182,0.6));
#4010=CARTESIAN_POINT('',(19.8259562164589,0.378064219015208,0.6));
#4011=CARTESIAN_POINT('Ctrl Pts',(20.9223335738305,2.03934301633182,0.6));
#4012=CARTESIAN_POINT('Ctrl Pts',(20.7909317819943,1.70659698149521,0.6));
#4013=CARTESIAN_POINT('Ctrl Pts',(20.6595299901581,1.3738509466586,0.6));
#4014=CARTESIAN_POINT('Ctrl Pts',(20.4625505915079,1.0851089309912,0.6));
#4015=CARTESIAN_POINT('Ctrl Pts',(20.2856231040541,0.825759985342576,0.6));
#4016=CARTESIAN_POINT('Ctrl Pts',(20.0557896602565,0.60191210217889,0.6));
#4017=CARTESIAN_POINT('Ctrl Pts',(19.8259562164589,0.378064219015209,0.6));
#4018=CARTESIAN_POINT('',(18.0027755460042,-0.195365962078273,0.6));
#4019=CARTESIAN_POINT('Ctrl Pts',(19.8259562164589,0.378064219015208,0.6));
#4020=CARTESIAN_POINT('Ctrl Pts',(19.561133741865,0.20847392279894,0.6));
#4021=CARTESIAN_POINT('Ctrl Pts',(19.2963112672711,0.0388836265826746,0.6));
#4022=CARTESIAN_POINT('Ctrl Pts',(19.0076610117794,-0.0570184879104107,
0.6));
#4023=CARTESIAN_POINT('Ctrl Pts',(18.6917290491546,-0.161984766911479,0.6));
#4024=CARTESIAN_POINT('Ctrl Pts',(18.3472522975794,-0.178675364494878,0.6));
#4025=CARTESIAN_POINT('Ctrl Pts',(18.0027755460042,-0.195365962078273,0.6));
#4026=CARTESIAN_POINT('',(15.7408429757258,0.862152916784846,0.6));
#4027=CARTESIAN_POINT('Ctrl Pts',(18.0027755460042,-0.195365962078273,0.6));
#4028=CARTESIAN_POINT('Ctrl Pts',(17.5506835446754,-0.152596698978029,0.6));
#4029=CARTESIAN_POINT('Ctrl Pts',(17.0985915433467,-0.109827435877782,0.6));
#4030=CARTESIAN_POINT('Ctrl Pts',(16.7142675064935,0.0756121488118866,0.6));
#4031=CARTESIAN_POINT('Ctrl Pts',(16.3489784518576,0.251867194262627,0.6));
#4032=CARTESIAN_POINT('Ctrl Pts',(16.0449107137917,0.557010055523739,0.6));
#4033=CARTESIAN_POINT('Ctrl Pts',(15.7408429757258,0.862152916784846,0.6));
#4034=CARTESIAN_POINT('Ctrl Pts',(15.7408429757258,0.862152916784846,0.6));
#4035=CARTESIAN_POINT('Ctrl Pts',(15.4588831270398,1.40092147621913,0.6));
#4036=CARTESIAN_POINT('Ctrl Pts',(15.1769232783538,1.93969003565341,0.6));
#4037=CARTESIAN_POINT('Ctrl Pts',(15.0140283441571,2.50937100203758,0.6));
#4038=CARTESIAN_POINT('Ctrl Pts',(14.7934917935806,3.28063792863076,0.6));
#4039=CARTESIAN_POINT('Ctrl Pts',(14.7911929561756,4.10856514873115,0.6));
#4040=CARTESIAN_POINT('Ctrl Pts',(14.7888941187707,4.93649236883154,0.6));
#4041=CARTESIAN_POINT('Ctrl Pts',(4.49458983398994,7.11782563563282,0.));
#4042=CARTESIAN_POINT('Ctrl Pts',(4.49458983398994,7.11782563563282,5.5));
#4043=CARTESIAN_POINT('Ctrl Pts',(4.51530371435849,7.40795756813807,0.));
#4044=CARTESIAN_POINT('Ctrl Pts',(4.51530371435849,7.40795756813807,5.5));
#4045=CARTESIAN_POINT('Ctrl Pts',(4.55429657451414,7.95411664937135,0.));
#4046=CARTESIAN_POINT('Ctrl Pts',(4.55429657451414,7.95411664937135,5.5));
#4047=CARTESIAN_POINT('Ctrl Pts',(4.88967482993502,8.3844933477109,0.));
#4048=CARTESIAN_POINT('Ctrl Pts',(4.88967482993502,8.3844933477109,5.5));
#4049=CARTESIAN_POINT('Ctrl Pts',(5.04689264692506,8.58624430771699,0.));
#4050=CARTESIAN_POINT('Ctrl Pts',(5.04689264692506,8.58624430771699,5.5));
#4051=CARTESIAN_POINT('',(5.04689264692506,8.58624430771699,0.));
#4052=CARTESIAN_POINT('',(4.49458983398994,7.11782563563282,0.));
#4053=CARTESIAN_POINT('Ctrl Pts',(5.04689264692506,8.58624430771699,0.));
#4054=CARTESIAN_POINT('Ctrl Pts',(5.04689264692506,8.58624430771699,5.5));
#4055=CARTESIAN_POINT('Ctrl Pts',(5.24669254487195,8.73952224669771,0.));
#4056=CARTESIAN_POINT('Ctrl Pts',(5.24669254487195,8.73952224669771,5.5));
#4057=CARTESIAN_POINT('Ctrl Pts',(5.66555968985509,9.06085921107804,0.));
#4058=CARTESIAN_POINT('Ctrl Pts',(5.66555968985509,9.06085921107804,5.5));
#4059=CARTESIAN_POINT('Ctrl Pts',(6.19409277051528,9.09006287613367,0.));
#4060=CARTESIAN_POINT('Ctrl Pts',(6.19409277051528,9.09006287613367,5.5));
#4061=CARTESIAN_POINT('Ctrl Pts',(6.47051523127542,9.10533637414785,0.));
#4062=CARTESIAN_POINT('Ctrl Pts',(6.47051523127542,9.10533637414785,5.5));
#4063=CARTESIAN_POINT('',(6.47051523127542,9.10533637414785,0.));
#4064=CARTESIAN_POINT('Ctrl Pts',(6.47051523127542,9.10533637414785,0.));
#4065=CARTESIAN_POINT('Ctrl Pts',(6.47051523127542,9.10533637414785,5.5));
#4066=CARTESIAN_POINT('Ctrl Pts',(6.73286485934492,9.08571673501656,0.));
#4067=CARTESIAN_POINT('Ctrl Pts',(6.73286485934492,9.08571673501656,5.5));
#4068=CARTESIAN_POINT('Ctrl Pts',(7.23679903087582,9.04803035953316,0.));
#4069=CARTESIAN_POINT('Ctrl Pts',(7.23679903087582,9.04803035953316,5.5));
#4070=CARTESIAN_POINT('Ctrl Pts',(7.63556313384143,8.73948939557368,0.));
#4071=CARTESIAN_POINT('Ctrl Pts',(7.63556313384143,8.73948939557368,5.5));
#4072=CARTESIAN_POINT('Ctrl Pts',(7.8267294591396,8.59157577485046,0.));
#4073=CARTESIAN_POINT('Ctrl Pts',(7.8267294591396,8.59157577485046,5.5));
#4074=CARTESIAN_POINT('',(7.8267294591396,8.59157577485046,0.));
#4075=CARTESIAN_POINT('Ctrl Pts',(7.8267294591396,8.59157577485046,0.));
#4076=CARTESIAN_POINT('Ctrl Pts',(7.8267294591396,8.59157577485046,5.5));
#4077=CARTESIAN_POINT('Ctrl Pts',(7.97730841018399,8.41325845911406,0.));
#4078=CARTESIAN_POINT('Ctrl Pts',(7.97730841018399,8.41325845911406,5.5));
#4079=CARTESIAN_POINT('Ctrl Pts',(8.27919695794386,8.05575858868241,0.));
#4080=CARTESIAN_POINT('Ctrl Pts',(8.27919695794386,8.05575858868241,5.5));
#4081=CARTESIAN_POINT('Ctrl Pts',(8.31790231958738,7.58937870987363,0.));
#4082=CARTESIAN_POINT('Ctrl Pts',(8.31790231958738,7.58937870987363,5.5));
#4083=CARTESIAN_POINT('Ctrl Pts',(8.33730183872934,7.35562439258529,0.));
#4084=CARTESIAN_POINT('Ctrl Pts',(8.33730183872934,7.35562439258529,5.5));
#4085=CARTESIAN_POINT('',(8.33730183872934,7.35562439258529,0.));
#4086=CARTESIAN_POINT('Ctrl Pts',(8.33730183872934,7.35562439258529,0.));
#4087=CARTESIAN_POINT('Ctrl Pts',(8.33730183872934,7.35562439258529,5.5));
#4088=CARTESIAN_POINT('Ctrl Pts',(8.30378805642641,7.110766778622,0.));
#4089=CARTESIAN_POINT('Ctrl Pts',(8.30378805642641,7.110766778622,5.5));
#4090=CARTESIAN_POINT('Ctrl Pts',(8.23027150082381,6.57364183614488,0.));
#4091=CARTESIAN_POINT('Ctrl Pts',(8.23027150082381,6.57364183614488,5.5));
#4092=CARTESIAN_POINT('Ctrl Pts',(7.919800350892,6.12708962332077,0.));
#4093=CARTESIAN_POINT('Ctrl Pts',(7.919800350892,6.12708962332077,5.5));
#4094=CARTESIAN_POINT('Ctrl Pts',(7.75086279764283,5.88410589279032,0.));
#4095=CARTESIAN_POINT('Ctrl Pts',(7.75086279764283,5.88410589279032,5.5));
#4096=CARTESIAN_POINT('',(7.75086279764283,5.88410589279032,0.));
#4097=CARTESIAN_POINT('Ctrl Pts',(7.75086279764283,5.88410589279032,0.));
#4098=CARTESIAN_POINT('Ctrl Pts',(7.75086279764283,5.88410589279032,5.5));
#4099=CARTESIAN_POINT('Ctrl Pts',(7.4755448987878,5.57317365822328,0.));
#4100=CARTESIAN_POINT('Ctrl Pts',(7.4755448987878,5.57317365822328,5.5));
#4101=CARTESIAN_POINT('Ctrl Pts',(6.79812208813409,4.80812137088851,0.));
#4102=CARTESIAN_POINT('Ctrl Pts',(6.79812208813409,4.80812137088851,5.5));
#4103=CARTESIAN_POINT('Ctrl Pts',(6.00132034799792,4.16690419807853,0.));
#4104=CARTESIAN_POINT('Ctrl Pts',(6.00132034799792,4.16690419807853,5.5));
#4105=CARTESIAN_POINT('Ctrl Pts',(5.52835444192028,3.78629024374808,0.));
#4106=CARTESIAN_POINT('Ctrl Pts',(5.52835444192028,3.78629024374808,5.5));
#4107=CARTESIAN_POINT('',(5.52835444192028,3.78629024374808,0.));
#4108=CARTESIAN_POINT('Ctrl Pts',(5.52835444192028,3.78629024374808,0.));
#4109=CARTESIAN_POINT('Ctrl Pts',(5.52835444192028,3.78629024374808,5.5));
#4110=CARTESIAN_POINT('Ctrl Pts',(5.21016524872255,3.52695000194635,0.));
#4111=CARTESIAN_POINT('Ctrl Pts',(5.21016524872255,3.52695000194635,5.5));
#4112=CARTESIAN_POINT('Ctrl Pts',(4.63843834713931,3.06096373946192,0.));
#4113=CARTESIAN_POINT('Ctrl Pts',(4.63843834713931,3.06096373946192,5.5));
#4114=CARTESIAN_POINT('Ctrl Pts',(4.13253817950798,2.52455939333716,0.));
#4115=CARTESIAN_POINT('Ctrl Pts',(4.13253817950798,2.52455939333716,5.5));
#4116=CARTESIAN_POINT('Ctrl Pts',(3.90819195962941,2.28668580665114,0.));
#4117=CARTESIAN_POINT('Ctrl Pts',(3.90819195962941,2.28668580665114,5.5));
#4118=CARTESIAN_POINT('',(3.90819195962941,2.28668580665114,0.));
#4119=CARTESIAN_POINT('Ctrl Pts',(3.90819195962941,2.28668580665114,0.));
#4120=CARTESIAN_POINT('Ctrl Pts',(3.90819195962941,2.28668580665114,5.5));
#4121=CARTESIAN_POINT('Ctrl Pts',(3.73569421357467,2.07461334177659,0.));
#4122=CARTESIAN_POINT('Ctrl Pts',(3.73569421357467,2.07461334177659,5.5));
#4123=CARTESIAN_POINT('Ctrl Pts',(3.40545526513436,1.66861042640464,0.));
#4124=CARTESIAN_POINT('Ctrl Pts',(3.40545526513436,1.66861042640464,5.5));
#4125=CARTESIAN_POINT('Ctrl Pts',(3.19046048372224,1.19174487037625,0.));
#4126=CARTESIAN_POINT('Ctrl Pts',(3.19046048372224,1.19174487037625,5.5));
#4127=CARTESIAN_POINT('Ctrl Pts',(3.08776655410934,0.963966328385839,0.));
#4128=CARTESIAN_POINT('Ctrl Pts',(3.08776655410934,0.963966328385839,5.5));
#4129=CARTESIAN_POINT('',(3.08776655410934,0.963966328385839,0.));
#4130=CARTESIAN_POINT('Ctrl Pts',(3.08776655410934,0.963966328385839,0.));
#4131=CARTESIAN_POINT('Ctrl Pts',(3.08776655410934,0.963966328385839,5.5));
#4132=CARTESIAN_POINT('Ctrl Pts',(3.04132486093315,0.826311295750668,0.));
#4133=CARTESIAN_POINT('Ctrl Pts',(3.04132486093315,0.826311295750668,5.5));
#4134=CARTESIAN_POINT('Ctrl Pts',(2.94815443563446,0.550150435584131,0.));
#4135=CARTESIAN_POINT('Ctrl Pts',(2.94815443563446,0.550150435584131,5.5));
#4136=CARTESIAN_POINT('Ctrl Pts',(2.94055627766332,0.258781984726433,0.));
#4137=CARTESIAN_POINT('Ctrl Pts',(2.94055627766332,0.258781984726433,5.5));
#4138=CARTESIAN_POINT('Ctrl Pts',(2.9367454944956,0.11264893611759,0.));
#4139=CARTESIAN_POINT('Ctrl Pts',(2.9367454944956,0.11264893611759,5.5));
#4140=CARTESIAN_POINT('',(2.9367454944956,0.112648936117589,0.));
#4141=CARTESIAN_POINT('Origin',(2.9367454944956,0.112648936117589,0.));
#4142=CARTESIAN_POINT('',(9.54629344264054,0.0523377720210288,0.));
#4143=CARTESIAN_POINT('Origin',(9.54629344264054,0.0523377720210288,0.));
#4144=CARTESIAN_POINT('',(9.55706106528977,1.23237001404066,0.));
#4145=CARTESIAN_POINT('Origin',(9.55706106528977,1.23237001404065,0.));
#4146=CARTESIAN_POINT('',(4.65276290204908,1.277121021768,0.));
#4147=CARTESIAN_POINT('Ctrl Pts',(4.65276290204908,1.277121021768,0.));
#4148=CARTESIAN_POINT('Ctrl Pts',(4.65276290204908,1.277121021768,5.5));
#4149=CARTESIAN_POINT('Ctrl Pts',(4.72841146094847,1.38965312353667,0.));
#4150=CARTESIAN_POINT('Ctrl Pts',(4.72841146094847,1.38965312353667,5.5));
#4151=CARTESIAN_POINT('Ctrl Pts',(4.8856990545225,1.62362854546856,0.));
#4152=CARTESIAN_POINT('Ctrl Pts',(4.8856990545225,1.62362854546856,5.5));
#4153=CARTESIAN_POINT('Ctrl Pts',(5.07761467471644,1.83021273653004,0.));
#4154=CARTESIAN_POINT('Ctrl Pts',(5.07761467471644,1.83021273653004,5.5));
#4155=CARTESIAN_POINT('Ctrl Pts',(5.17722714646708,1.93743882826476,0.));
#4156=CARTESIAN_POINT('Ctrl Pts',(5.17722714646708,1.93743882826476,5.5));
#4157=CARTESIAN_POINT('',(5.17722714646708,1.93743882826476,0.));
#4158=CARTESIAN_POINT('Ctrl Pts',(5.17722714646708,1.93743882826476,0.));
#4159=CARTESIAN_POINT('Ctrl Pts',(5.17722714646708,1.93743882826476,5.5));
#4160=CARTESIAN_POINT('Ctrl Pts',(5.34794227098295,2.09733326867368,0.));
#4161=CARTESIAN_POINT('Ctrl Pts',(5.34794227098295,2.09733326867368,5.5));
#4162=CARTESIAN_POINT('Ctrl Pts',(5.80955663569324,2.52968846121673,0.));
#4163=CARTESIAN_POINT('Ctrl Pts',(5.80955663569324,2.52968846121673,5.5));
#4164=CARTESIAN_POINT('Ctrl Pts',(6.29902569549741,2.93042896339947,0.));
#4165=CARTESIAN_POINT('Ctrl Pts',(6.29902569549741,2.93042896339947,5.5));
#4166=CARTESIAN_POINT('Ctrl Pts',(6.60747835312879,3.18296683161172,0.));
#4167=CARTESIAN_POINT('Ctrl Pts',(6.60747835312879,3.18296683161172,5.5));
#4168=CARTESIAN_POINT('',(6.60747835312879,3.18296683161172,0.));
#4169=CARTESIAN_POINT('Ctrl Pts',(6.60747835312879,3.18296683161172,0.));
#4170=CARTESIAN_POINT('Ctrl Pts',(6.60747835312879,3.18296683161172,5.5));
#4171=CARTESIAN_POINT('Ctrl Pts',(6.99530736714747,3.50555600888788,0.));
#4172=CARTESIAN_POINT('Ctrl Pts',(6.99530736714747,3.50555600888788,5.5));
#4173=CARTESIAN_POINT('Ctrl Pts',(7.65853997383947,4.05722092616299,0.));
#4174=CARTESIAN_POINT('Ctrl Pts',(7.65853997383947,4.05722092616299,5.5));
#4175=CARTESIAN_POINT('Ctrl Pts',(8.26467098667609,4.67074874955922,0.));
#4176=CARTESIAN_POINT('Ctrl Pts',(8.26467098667609,4.67074874955922,5.5));
#4177=CARTESIAN_POINT('Ctrl Pts',(8.51636346512421,4.92551271180034,0.));
#4178=CARTESIAN_POINT('Ctrl Pts',(8.51636346512421,4.92551271180034,5.5));
#4179=CARTESIAN_POINT('',(8.51636346512421,4.92551271180034,0.));
#4180=CARTESIAN_POINT('Ctrl Pts',(8.51636346512421,4.92551271180034,0.));
#4181=CARTESIAN_POINT('Ctrl Pts',(8.51636346512421,4.92551271180034,5.5));
#4182=CARTESIAN_POINT('Ctrl Pts',(8.69064091956093,5.126239349742,0.));
#4183=CARTESIAN_POINT('Ctrl Pts',(8.69064091956093,5.126239349742,5.5));
#4184=CARTESIAN_POINT('Ctrl Pts',(9.01392947863961,5.49859173323653,0.));
#4185=CARTESIAN_POINT('Ctrl Pts',(9.01392947863961,5.49859173323653,5.5));
#4186=CARTESIAN_POINT('Ctrl Pts',(9.23891377135359,5.93697344322641,0.));
#4187=CARTESIAN_POINT('Ctrl Pts',(9.23891377135359,5.93697344322641,5.5));
#4188=CARTESIAN_POINT('Ctrl Pts',(9.34261418710582,6.13903361834239,0.));
#4189=CARTESIAN_POINT('Ctrl Pts',(9.34261418710582,6.13903361834239,5.5));
#4190=CARTESIAN_POINT('',(9.34261418710582,6.13903361834239,0.));
#4191=CARTESIAN_POINT('Ctrl Pts',(9.34261418710582,6.13903361834239,0.));
#4192=CARTESIAN_POINT('Ctrl Pts',(9.34261418710582,6.13903361834239,5.5));
#4193=CARTESIAN_POINT('Ctrl Pts',(9.41599108320828,6.33123194429082,0.));
#4194=CARTESIAN_POINT('Ctrl Pts',(9.41599108320828,6.33123194429082,5.5));
#4195=CARTESIAN_POINT('Ctrl Pts',(9.56095955903107,6.71095226292532,0.));
#4196=CARTESIAN_POINT('Ctrl Pts',(9.56095955903107,6.71095226292532,5.5));
#4197=CARTESIAN_POINT('Ctrl Pts',(9.58638245882489,7.1165328888477,0.));
#4198=CARTESIAN_POINT('Ctrl Pts',(9.58638245882489,7.1165328888477,5.5));
#4199=CARTESIAN_POINT('Ctrl Pts',(9.59893736462065,7.31682579769527,0.));
#4200=CARTESIAN_POINT('Ctrl Pts',(9.59893736462065,7.31682579769527,5.5));
#4201=CARTESIAN_POINT('',(9.59893736462065,7.31682579769527,0.));
#4202=CARTESIAN_POINT('Ctrl Pts',(9.59893736462065,7.31682579769527,0.));
#4203=CARTESIAN_POINT('Ctrl Pts',(9.59893736462065,7.31682579769527,5.5));
#4204=CARTESIAN_POINT('Ctrl Pts',(9.5681716139304,7.69384607709788,0.));
#4205=CARTESIAN_POINT('Ctrl Pts',(9.5681716139304,7.69384607709788,5.5));
#4206=CARTESIAN_POINT('Ctrl Pts',(9.50696769388747,8.44387227562749,0.));
#4207=CARTESIAN_POINT('Ctrl Pts',(9.50696769388747,8.44387227562749,5.5));
#4208=CARTESIAN_POINT('Ctrl Pts',(9.0201236125006,9.01736092610546,0.));
#4209=CARTESIAN_POINT('Ctrl Pts',(9.0201236125006,9.01736092610546,5.5));
#4210=CARTESIAN_POINT('Ctrl Pts',(8.77800443799009,9.30257051158368,0.));
#4211=CARTESIAN_POINT('Ctrl Pts',(8.77800443799009,9.30257051158368,5.5));
#4212=CARTESIAN_POINT('',(8.77800443799009,9.30257051158368,0.));
#4213=CARTESIAN_POINT('Ctrl Pts',(8.77800443799009,9.30257051158368,0.));
#4214=CARTESIAN_POINT('Ctrl Pts',(8.77800443799009,9.30257051158368,5.5));
#4215=CARTESIAN_POINT('Ctrl Pts',(8.46245754400313,9.53800762633132,0.));
#4216=CARTESIAN_POINT('Ctrl Pts',(8.46245754400313,9.53800762633132,5.5));
#4217=CARTESIAN_POINT('Ctrl Pts',(7.79084112831032,10.0391167614268,0.));
#4218=CARTESIAN_POINT('Ctrl Pts',(7.79084112831032,10.0391167614268,5.5));
#4219=CARTESIAN_POINT('Ctrl Pts',(6.95186921572528,10.0929014373576,0.));
#4220=CARTESIAN_POINT('Ctrl Pts',(6.95186921572528,10.0929014373576,5.5));
#4221=CARTESIAN_POINT('Ctrl Pts',(6.50707316747706,10.1214163506122,0.));
#4222=CARTESIAN_POINT('Ctrl Pts',(6.50707316747706,10.1214163506122,5.5));
#4223=CARTESIAN_POINT('',(6.50707316747706,10.1214163506122,0.));
#4224=CARTESIAN_POINT('Ctrl Pts',(6.50707316747706,10.1214163506122,0.));
#4225=CARTESIAN_POINT('Ctrl Pts',(6.50707316747706,10.1214163506122,5.5));
#4226=CARTESIAN_POINT('Ctrl Pts',(6.06651869636717,10.1034747453661,0.));
#4227=CARTESIAN_POINT('Ctrl Pts',(6.06651869636717,10.1034747453661,5.5));
#4228=CARTESIAN_POINT('Ctrl Pts',(5.23930687551534,10.069786498128,0.));
#4229=CARTESIAN_POINT('Ctrl Pts',(5.23930687551534,10.069786498128,5.5));
#4230=CARTESIAN_POINT('Ctrl Pts',(4.55076664000416,9.61475536021225,0.));
#4231=CARTESIAN_POINT('Ctrl Pts',(4.55076664000416,9.61475536021225,5.5));
#4232=CARTESIAN_POINT('Ctrl Pts',(4.22892749803048,9.40206360532972,0.));
#4233=CARTESIAN_POINT('Ctrl Pts',(4.22892749803048,9.40206360532972,5.5));
#4234=CARTESIAN_POINT('',(4.22892749803048,9.40206360532972,0.));
#4235=CARTESIAN_POINT('Ctrl Pts',(4.22892749803048,9.40206360532972,0.));
#4236=CARTESIAN_POINT('Ctrl Pts',(4.22892749803048,9.40206360532972,5.5));
#4237=CARTESIAN_POINT('Ctrl Pts',(3.97321424954016,9.11614167317352,0.));
#4238=CARTESIAN_POINT('Ctrl Pts',(3.97321424954016,9.11614167317352,5.5));
#4239=CARTESIAN_POINT('Ctrl Pts',(3.42657000223761,8.50491960973501,0.));
#4240=CARTESIAN_POINT('Ctrl Pts',(3.42657000223761,8.50491960973501,5.5));
#4241=CARTESIAN_POINT('Ctrl Pts',(3.300815766118,7.6917292910864,0.));
#4242=CARTESIAN_POINT('Ctrl Pts',(3.300815766118,7.6917292910864,5.5));
#4243=CARTESIAN_POINT('Ctrl Pts',(3.23388776733327,7.2589390938122,0.));
#4244=CARTESIAN_POINT('Ctrl Pts',(3.23388776733327,7.2589390938122,5.5));
#4245=CARTESIAN_POINT('',(3.23388776733327,7.2589390938122,0.));
#4246=CARTESIAN_POINT('Origin',(3.23388776733327,7.2589390938122,0.));
#4247=CARTESIAN_POINT('Origin',(12.9627308737662,1.41958460528711,0.));
#4248=CARTESIAN_POINT('',(11.5644259726619,1.43234393421689,0.));
#4249=CARTESIAN_POINT('',(12.9627308737662,1.41958460528711,0.));
#4250=CARTESIAN_POINT('Origin',(11.5644259726619,1.43234393421689,0.));
#4251=CARTESIAN_POINT('',(11.5516666437321,0.0340390331125939,0.));
#4252=CARTESIAN_POINT('Origin',(11.5516666437321,0.034039033112594,0.));
#4253=CARTESIAN_POINT('',(12.9499715448364,0.0212797041828158,0.));
#4254=CARTESIAN_POINT('Origin',(12.9499715448364,0.0212797041828158,0.));
#4255=CARTESIAN_POINT('Ctrl Pts',(21.106242985442,7.24252038079475,0.));
#4256=CARTESIAN_POINT('Ctrl Pts',(21.106242985442,7.24252038079475,5.5));
#4257=CARTESIAN_POINT('Ctrl Pts',(21.0306509664014,7.5179409616311,0.));
#4258=CARTESIAN_POINT('Ctrl Pts',(21.0306509664014,7.5179409616311,5.5));
#4259=CARTESIAN_POINT('Ctrl Pts',(20.8874070856445,8.03985204880723,0.));
#4260=CARTESIAN_POINT('Ctrl Pts',(20.8874070856445,8.03985204880723,5.5));
#4261=CARTESIAN_POINT('Ctrl Pts',(20.6236626205502,8.51211788133402,0.));
#4262=CARTESIAN_POINT('Ctrl Pts',(20.6236626205502,8.51211788133402,5.5));
#4263=CARTESIAN_POINT('Ctrl Pts',(20.4991002030374,8.73516170440425,0.));
#4264=CARTESIAN_POINT('Ctrl Pts',(20.4991002030374,8.73516170440425,5.5));
#4265=CARTESIAN_POINT('',(20.4991002030374,8.73516170440425,0.));
#4266=CARTESIAN_POINT('',(21.106242985442,7.24252038079475,0.));
#4267=CARTESIAN_POINT('Ctrl Pts',(20.4991002030374,8.73516170440425,0.));
#4268=CARTESIAN_POINT('Ctrl Pts',(20.4991002030374,8.73516170440425,5.5));
#4269=CARTESIAN_POINT('Ctrl Pts',(20.3616728079336,8.92717229533667,0.));
#4270=CARTESIAN_POINT('Ctrl Pts',(20.3616728079336,8.92717229533667,5.5));
#4271=CARTESIAN_POINT('Ctrl Pts',(20.090767441553,9.30567542745393,0.));
#4272=CARTESIAN_POINT('Ctrl Pts',(20.090767441553,9.30567542745393,5.5));
#4273=CARTESIAN_POINT('Ctrl Pts',(19.6983086297083,9.55563206122996,0.));
#4274=CARTESIAN_POINT('Ctrl Pts',(19.6983086297083,9.55563206122996,5.5));
#4275=CARTESIAN_POINT('Ctrl Pts',(19.5049399758695,9.67878836791136,0.));
#4276=CARTESIAN_POINT('Ctrl Pts',(19.5049399758695,9.67878836791136,5.5));
#4277=CARTESIAN_POINT('',(19.5049399758695,9.67878836791136,0.));
#4278=CARTESIAN_POINT('Ctrl Pts',(19.5049399758695,9.67878836791136,0.));
#4279=CARTESIAN_POINT('Ctrl Pts',(19.5049399758695,9.67878836791136,5.5));
#4280=CARTESIAN_POINT('Ctrl Pts',(19.2901218197224,9.77521190448552,0.));
#4281=CARTESIAN_POINT('Ctrl Pts',(19.2901218197224,9.77521190448552,5.5));
#4282=CARTESIAN_POINT('Ctrl Pts',(18.8421630445917,9.97628322039398,0.));
#4283=CARTESIAN_POINT('Ctrl Pts',(18.8421630445917,9.97628322039398,5.5));
#4284=CARTESIAN_POINT('Ctrl Pts',(18.3513788851346,10.0021867993863,0.));
#4285=CARTESIAN_POINT('Ctrl Pts',(18.3513788851346,10.0021867993863,5.5));
#4286=CARTESIAN_POINT('Ctrl Pts',(18.0959497495188,10.0156683445093,0.));
#4287=CARTESIAN_POINT('Ctrl Pts',(18.0959497495188,10.0156683445093,5.5));
#4288=CARTESIAN_POINT('',(18.0959497495188,10.0156683445093,0.));
#4289=CARTESIAN_POINT('Ctrl Pts',(18.0959497495188,10.0156683445093,0.));
#4290=CARTESIAN_POINT('Ctrl Pts',(18.0959497495188,10.0156683445093,5.5));
#4291=CARTESIAN_POINT('Ctrl Pts',(17.7533017730977,9.99895405546048,0.));
#4292=CARTESIAN_POINT('Ctrl Pts',(17.7533017730977,9.99895405546048,5.5));
#4293=CARTESIAN_POINT('Ctrl Pts',(17.0969098522396,9.96693540935862,0.));
#4294=CARTESIAN_POINT('Ctrl Pts',(17.0969098522396,9.96693540935862,5.5));
#4295=CARTESIAN_POINT('Ctrl Pts',(16.5439347696243,9.61419292264041,0.));
#4296=CARTESIAN_POINT('Ctrl Pts',(16.5439347696243,9.61419292264041,5.5));
#4297=CARTESIAN_POINT('Ctrl Pts',(16.2796222787449,9.44558813693741,0.));
#4298=CARTESIAN_POINT('Ctrl Pts',(16.2796222787449,9.44558813693741,5.5));
#4299=CARTESIAN_POINT('',(16.2796222787449,9.44558813693741,0.));
#4300=CARTESIAN_POINT('Ctrl Pts',(16.2796222787449,9.44558813693741,0.));
#4301=CARTESIAN_POINT('Ctrl Pts',(16.2796222787449,9.44558813693741,5.5));
#4302=CARTESIAN_POINT('Ctrl Pts',(16.0495873697905,9.22260877444293,0.));
#4303=CARTESIAN_POINT('Ctrl Pts',(16.0495873697905,9.22260877444293,5.5));
#4304=CARTESIAN_POINT('Ctrl Pts',(15.5630051529736,8.75095082913316,0.));
#4305=CARTESIAN_POINT('Ctrl Pts',(15.5630051529736,8.75095082913316,5.5));
#4306=CARTESIAN_POINT('Ctrl Pts',(15.3121351674488,8.1202717435019,0.));
#4307=CARTESIAN_POINT('Ctrl Pts',(15.3121351674488,8.1202717435019,5.5));
#4308=CARTESIAN_POINT('Ctrl Pts',(15.17986559987,7.78775029912547,0.));
#4309=CARTESIAN_POINT('Ctrl Pts',(15.17986559987,7.78775029912547,5.5));
#4310=CARTESIAN_POINT('',(15.17986559987,7.78775029912547,0.));
#4311=CARTESIAN_POINT('Ctrl Pts',(15.17986559987,7.78775029912547,0.));
#4312=CARTESIAN_POINT('Ctrl Pts',(15.17986559987,7.78775029912547,5.5));
#4313=CARTESIAN_POINT('Ctrl Pts',(15.0699679870962,7.37268159287235,0.));
#4314=CARTESIAN_POINT('Ctrl Pts',(15.0699679870962,7.37268159287235,5.5));
#4315=CARTESIAN_POINT('Ctrl Pts',(14.8228423666426,6.43932090400212,0.));
#4316=CARTESIAN_POINT('Ctrl Pts',(14.8228423666426,6.43932090400212,5.5));
#4317=CARTESIAN_POINT('Ctrl Pts',(14.8010148588358,5.47305596722252,0.));
#4318=CARTESIAN_POINT('Ctrl Pts',(14.8010148588358,5.47305596722252,5.5));
#4319=CARTESIAN_POINT('Ctrl Pts',(14.7888941187707,4.93649236883154,0.));
#4320=CARTESIAN_POINT('Ctrl Pts',(14.7888941187707,4.93649236883154,5.5));
#4321=CARTESIAN_POINT('',(14.7888941187707,4.93649236883154,0.));
#4322=CARTESIAN_POINT('Ctrl Pts',(14.7888941187707,4.93649236883154,0.));
#4323=CARTESIAN_POINT('Ctrl Pts',(14.7888941187707,4.93649236883154,5.5));
#4324=CARTESIAN_POINT('Ctrl Pts',(14.7911929561756,4.10856514873115,0.));
#4325=CARTESIAN_POINT('Ctrl Pts',(14.7911929561756,4.10856514873115,5.5));
#4326=CARTESIAN_POINT('Ctrl Pts',(14.7951897840807,2.6691059640411,0.));
#4327=CARTESIAN_POINT('Ctrl Pts',(14.7951897840807,2.6691059640411,5.5));
#4328=CARTESIAN_POINT('Ctrl Pts',(15.4588831270398,1.40092147621913,0.));
#4329=CARTESIAN_POINT('Ctrl Pts',(15.4588831270398,1.40092147621913,5.5));
#4330=CARTESIAN_POINT('Ctrl Pts',(15.7408429757258,0.862152916784846,0.));
#4331=CARTESIAN_POINT('Ctrl Pts',(15.7408429757258,0.862152916784846,5.5));
#4332=CARTESIAN_POINT('',(15.7408429757258,0.862152916784846,0.));
#4333=CARTESIAN_POINT('Ctrl Pts',(15.7408429757258,0.862152916784846,0.));
#4334=CARTESIAN_POINT('Ctrl Pts',(15.7408429757258,0.862152916784846,5.5));
#4335=CARTESIAN_POINT('Ctrl Pts',(16.0449107137917,0.557010055523739,0.));
#4336=CARTESIAN_POINT('Ctrl Pts',(16.0449107137917,0.557010055523739,5.5));
#4337=CARTESIAN_POINT('Ctrl Pts',(16.6688909679519,-0.069176469018446,0.));
#4338=CARTESIAN_POINT('Ctrl Pts',(16.6688909679519,-0.069176469018446,5.5));
#4339=CARTESIAN_POINT('Ctrl Pts',(17.5506835446754,-0.152596698978029,0.));
#4340=CARTESIAN_POINT('Ctrl Pts',(17.5506835446754,-0.152596698978029,5.5));
#4341=CARTESIAN_POINT('Ctrl Pts',(18.0027755460042,-0.195365962078273,0.));
#4342=CARTESIAN_POINT('Ctrl Pts',(18.0027755460042,-0.195365962078273,5.5));
#4343=CARTESIAN_POINT('',(18.0027755460042,-0.195365962078273,0.));
#4344=CARTESIAN_POINT('Ctrl Pts',(18.0027755460042,-0.195365962078273,0.));
#4345=CARTESIAN_POINT('Ctrl Pts',(18.0027755460042,-0.195365962078273,5.5));
#4346=CARTESIAN_POINT('Ctrl Pts',(18.3472522975794,-0.178675364494878,0.));
#4347=CARTESIAN_POINT('Ctrl Pts',(18.3472522975794,-0.178675364494878,5.5));
#4348=CARTESIAN_POINT('Ctrl Pts',(19.0064591623315,-0.146735454316671,0.));
#4349=CARTESIAN_POINT('Ctrl Pts',(19.0064591623315,-0.146735454316671,5.5));
#4350=CARTESIAN_POINT('Ctrl Pts',(19.561133741865,0.20847392279894,0.));
#4351=CARTESIAN_POINT('Ctrl Pts',(19.561133741865,0.20847392279894,5.5));
#4352=CARTESIAN_POINT('Ctrl Pts',(19.8259562164589,0.378064219015208,0.));
#4353=CARTESIAN_POINT('Ctrl Pts',(19.8259562164589,0.378064219015208,5.5));
#4354=CARTESIAN_POINT('',(19.8259562164589,0.378064219015208,0.));
#4355=CARTESIAN_POINT('Ctrl Pts',(19.8259562164589,0.378064219015208,0.));
#4356=CARTESIAN_POINT('Ctrl Pts',(19.8259562164589,0.378064219015208,5.5));
#4357=CARTESIAN_POINT('Ctrl Pts',(20.0557896602565,0.60191210217889,0.));
#4358=CARTESIAN_POINT('Ctrl Pts',(20.0557896602565,0.60191210217889,5.5));
#4359=CARTESIAN_POINT('Ctrl Pts',(20.541504506093,1.07497745883535,0.));
#4360=CARTESIAN_POINT('Ctrl Pts',(20.541504506093,1.07497745883535,5.5));
#4361=CARTESIAN_POINT('Ctrl Pts',(20.7909317819943,1.70659698149521,0.));
#4362=CARTESIAN_POINT('Ctrl Pts',(20.7909317819943,1.70659698149521,5.5));
#4363=CARTESIAN_POINT('Ctrl Pts',(20.9223335738305,2.03934301633182,0.));
#4364=CARTESIAN_POINT('Ctrl Pts',(20.9223335738305,2.03934301633182,5.5));
#4365=CARTESIAN_POINT('',(20.9223335738305,2.03934301633182,0.));
#4366=CARTESIAN_POINT('Ctrl Pts',(20.9223335738305,2.03934301633182,0.));
#4367=CARTESIAN_POINT('Ctrl Pts',(20.9223335738305,2.03934301633182,5.5));
#4368=CARTESIAN_POINT('Ctrl Pts',(21.031238947753,2.45331343701679,0.));
#4369=CARTESIAN_POINT('Ctrl Pts',(21.031238947753,2.45331343701679,5.5));
#4370=CARTESIAN_POINT('Ctrl Pts',(21.2756717534752,3.38244987693237,0.));
#4371=CARTESIAN_POINT('Ctrl Pts',(21.2756717534752,3.38244987693237,5.5));
#4372=CARTESIAN_POINT('Ctrl Pts',(21.2976068723191,4.34390500071486,0.));
#4373=CARTESIAN_POINT('Ctrl Pts',(21.2976068723191,4.34390500071486,5.5));
#4374=CARTESIAN_POINT('Ctrl Pts',(21.3097689481679,4.8769903340518,0.));
#4375=CARTESIAN_POINT('Ctrl Pts',(21.3097689481679,4.8769903340518,5.5));
#4376=CARTESIAN_POINT('',(21.3097689481679,4.8769903340518,0.));
#4377=CARTESIAN_POINT('Ctrl Pts',(21.3097689481679,4.8769903340518,0.));
#4378=CARTESIAN_POINT('Ctrl Pts',(21.3097689481679,4.8769903340518,5.5));
#4379=CARTESIAN_POINT('Ctrl Pts',(21.3100509167363,5.32334839041902,0.));
#4380=CARTESIAN_POINT('Ctrl Pts',(21.3100509167363,5.32334839041902,5.5));
#4381=CARTESIAN_POINT('Ctrl Pts',(21.3105530633978,6.11824978342511,0.));
#4382=CARTESIAN_POINT('Ctrl Pts',(21.3105530633978,6.11824978342511,5.5));
#4383=CARTESIAN_POINT('Ctrl Pts',(21.1685205179134,6.89982167824018,0.));
#4384=CARTESIAN_POINT('Ctrl Pts',(21.1685205179134,6.89982167824018,5.5));
#4385=CARTESIAN_POINT('Ctrl Pts',(21.106242985442,7.24252038079475,0.));
#4386=CARTESIAN_POINT('Ctrl Pts',(21.106242985442,7.24252038079475,5.5));
#4387=UNCERTAINTY_MEASURE_WITH_UNIT(LENGTH_MEASURE(0.01),#4391,
'DISTANCE_ACCURACY_VALUE',
'Maximum model space distance between geometric entities at asserted c
onnectivities');
#4388=UNCERTAINTY_MEASURE_WITH_UNIT(LENGTH_MEASURE(0.01),#4391,
'DISTANCE_ACCURACY_VALUE',
'Maximum model space distance between geometric entities at asserted c
onnectivities');
#4389=(
GEOMETRIC_REPRESENTATION_CONTEXT(3)
GLOBAL_UNCERTAINTY_ASSIGNED_CONTEXT((#4387))
GLOBAL_UNIT_ASSIGNED_CONTEXT((#4391,#4393,#4394))
REPRESENTATION_CONTEXT('','3D')
);
#4390=(
GEOMETRIC_REPRESENTATION_CONTEXT(3)
GLOBAL_UNCERTAINTY_ASSIGNED_CONTEXT((#4388))
GLOBAL_UNIT_ASSIGNED_CONTEXT((#4391,#4393,#4394))
REPRESENTATION_CONTEXT('','3D')
);
#4391=(
LENGTH_UNIT()
NAMED_UNIT(*)
SI_UNIT(.MILLI.,.METRE.)
);
#4392=(
LENGTH_UNIT()
NAMED_UNIT(*)
SI_UNIT($,.METRE.)
);
#4393=(
NAMED_UNIT(*)
PLANE_ANGLE_UNIT()
SI_UNIT($,.RADIAN.)
);
#4394=(
NAMED_UNIT(*)
SI_UNIT($,.STERADIAN.)
SOLID_ANGLE_UNIT()
);
#4395=SHAPE_DEFINITION_REPRESENTATION(#4396,#4397);
#4396=PRODUCT_DEFINITION_SHAPE('',$,#4399);
#4397=SHAPE_REPRESENTATION('',(#2067),#4389);
#4398=PRODUCT_DEFINITION_CONTEXT('part definition',#4403,'design');
#4399=PRODUCT_DEFINITION('Thickness-2.0 mm','Thickness-2.0 mm v2',#4400,
#4398);
#4400=PRODUCT_DEFINITION_FORMATION('',$,#4405);
#4401=PRODUCT_RELATED_PRODUCT_CATEGORY('Thickness-2.0 mm v2',
'Thickness-2.0 mm v2',(#4405));
#4402=APPLICATION_PROTOCOL_DEFINITION('international standard',
'automotive_design',2009,#4403);
#4403=APPLICATION_CONTEXT(
'Core Data for Automotive Mechanical Design Process');
#4404=PRODUCT_CONTEXT('part definition',#4403,'mechanical');
#4405=PRODUCT('Thickness-2.0 mm','Thickness-2.0 mm v2',$,(#4404));
#4406=PRESENTATION_STYLE_ASSIGNMENT((#4407));
#4407=SURFACE_STYLE_USAGE(.BOTH.,#4408);
#4408=SURFACE_SIDE_STYLE('',(#4409));
#4409=SURFACE_STYLE_FILL_AREA(#4410);
#4410=FILL_AREA_STYLE('Acciaio - Satinato',(#4411));
#4411=FILL_AREA_STYLE_COLOUR('Acciaio - Satinato',#4412);
#4412=COLOUR_RGB('Acciaio - Satinato',0.627450980392157,0.627450980392157,
0.627450980392157);
ENDSEC;
END-ISO-10303-21;
