ISO-10303-21;
HEADER;
/* Generated by software containing ST-Developer
 * from STEP Tools, Inc. (www.steptools.com) 
 */

FILE_DESCRIPTION(
/* description */ (''),
/* implementation_level */ '2;1');

FILE_NAME(
/* name */ 'Thickness-9.0 mm.step',
/* time_stamp */ '2026-05-11T21:26:33+02:00',
/* author */ (''),
/* organization */ (''),
/* preprocessor_version */ 'ST-DEVELOPER v20.1',
/* originating_system */ 'Autodesk Translation Framework v15.8.0.0',
/* authorisation */ '');

FILE_SCHEMA (('AUTOMOTIVE_DESIGN { 1 0 10303 214 3 1 1 }'));
ENDSEC;

DATA;
#10=MECHANICAL_DESIGN_GEOMETRIC_PRESENTATION_REPRESENTATION('',(#28,#29,
#30,#31,#32,#33),#5207);
#11=SHAPE_REPRESENTATION_RELATIONSHIP('SRR','None',#5214,#12);
#12=ADVANCED_BREP_SHAPE_REPRESENTATION('',(#34,#35,#36,#37,#38,#39),#5206);
#13=CYLINDRICAL_SURFACE('',#2398,2.5);
#14=CIRCLE('',#2396,2.5);
#15=CIRCLE('',#2399,2.5);
#16=FACE_BOUND('',#230,.T.);
#17=FACE_BOUND('',#232,.T.);
#18=FACE_BOUND('',#270,.T.);
#19=FACE_BOUND('',#272,.T.);
#20=FACE_BOUND('',#289,.T.);
#21=FACE_BOUND('',#294,.T.);
#22=FACE_BOUND('',#295,.T.);
#23=FACE_BOUND('',#296,.T.);
#24=FACE_BOUND('',#297,.T.);
#25=FACE_BOUND('',#299,.T.);
#26=FACE_BOUND('',#300,.T.);
#27=FACE_BOUND('',#301,.T.);
#28=STYLED_ITEM('',(#5223),#34);
#29=STYLED_ITEM('',(#5223),#35);
#30=STYLED_ITEM('',(#5223),#36);
#31=STYLED_ITEM('',(#5223),#37);
#32=STYLED_ITEM('',(#5223),#38);
#33=STYLED_ITEM('',(#5223),#39);
#34=MANIFOLD_SOLID_BREP('Corpo1',#2356);
#35=MANIFOLD_SOLID_BREP('Corpo9',#2357);
#36=MANIFOLD_SOLID_BREP('Corpo3',#2358);
#37=MANIFOLD_SOLID_BREP('Corpo5',#2359);
#38=MANIFOLD_SOLID_BREP('Corpo8',#2360);
#39=MANIFOLD_SOLID_BREP('Corpo7',#2361);
#40=PLANE('',#2375);
#41=PLANE('',#2376);
#42=PLANE('',#2377);
#43=PLANE('',#2378);
#44=PLANE('',#2379);
#45=PLANE('',#2380);
#46=PLANE('',#2381);
#47=PLANE('',#2382);
#48=PLANE('',#2383);
#49=PLANE('',#2384);
#50=PLANE('',#2385);
#51=PLANE('',#2386);
#52=PLANE('',#2387);
#53=PLANE('',#2388);
#54=PLANE('',#2389);
#55=PLANE('',#2390);
#56=PLANE('',#2391);
#57=PLANE('',#2392);
#58=PLANE('',#2393);
#59=PLANE('',#2394);
#60=PLANE('',#2395);
#61=PLANE('',#2397);
#62=PLANE('',#2400);
#63=PLANE('',#2401);
#64=PLANE('',#2402);
#65=PLANE('',#2403);
#66=PLANE('',#2404);
#67=PLANE('',#2405);
#68=PLANE('',#2406);
#69=PLANE('',#2407);
#70=FACE_OUTER_BOUND('',#199,.T.);
#71=FACE_OUTER_BOUND('',#200,.T.);
#72=FACE_OUTER_BOUND('',#201,.T.);
#73=FACE_OUTER_BOUND('',#202,.T.);
#74=FACE_OUTER_BOUND('',#203,.T.);
#75=FACE_OUTER_BOUND('',#204,.T.);
#76=FACE_OUTER_BOUND('',#205,.T.);
#77=FACE_OUTER_BOUND('',#206,.T.);
#78=FACE_OUTER_BOUND('',#207,.T.);
#79=FACE_OUTER_BOUND('',#208,.T.);
#80=FACE_OUTER_BOUND('',#209,.T.);
#81=FACE_OUTER_BOUND('',#210,.T.);
#82=FACE_OUTER_BOUND('',#211,.T.);
#83=FACE_OUTER_BOUND('',#212,.T.);
#84=FACE_OUTER_BOUND('',#213,.T.);
#85=FACE_OUTER_BOUND('',#214,.T.);
#86=FACE_OUTER_BOUND('',#215,.T.);
#87=FACE_OUTER_BOUND('',#216,.T.);
#88=FACE_OUTER_BOUND('',#217,.T.);
#89=FACE_OUTER_BOUND('',#218,.T.);
#90=FACE_OUTER_BOUND('',#219,.T.);
#91=FACE_OUTER_BOUND('',#220,.T.);
#92=FACE_OUTER_BOUND('',#221,.T.);
#93=FACE_OUTER_BOUND('',#222,.T.);
#94=FACE_OUTER_BOUND('',#223,.T.);
#95=FACE_OUTER_BOUND('',#224,.T.);
#96=FACE_OUTER_BOUND('',#225,.T.);
#97=FACE_OUTER_BOUND('',#226,.T.);
#98=FACE_OUTER_BOUND('',#227,.T.);
#99=FACE_OUTER_BOUND('',#228,.T.);
#100=FACE_OUTER_BOUND('',#229,.T.);
#101=FACE_OUTER_BOUND('',#231,.T.);
#102=FACE_OUTER_BOUND('',#233,.T.);
#103=FACE_OUTER_BOUND('',#234,.T.);
#104=FACE_OUTER_BOUND('',#235,.T.);
#105=FACE_OUTER_BOUND('',#236,.T.);
#106=FACE_OUTER_BOUND('',#237,.T.);
#107=FACE_OUTER_BOUND('',#238,.T.);
#108=FACE_OUTER_BOUND('',#239,.T.);
#109=FACE_OUTER_BOUND('',#240,.T.);
#110=FACE_OUTER_BOUND('',#241,.T.);
#111=FACE_OUTER_BOUND('',#242,.T.);
#112=FACE_OUTER_BOUND('',#243,.T.);
#113=FACE_OUTER_BOUND('',#244,.T.);
#114=FACE_OUTER_BOUND('',#245,.T.);
#115=FACE_OUTER_BOUND('',#246,.T.);
#116=FACE_OUTER_BOUND('',#247,.T.);
#117=FACE_OUTER_BOUND('',#248,.T.);
#118=FACE_OUTER_BOUND('',#249,.T.);
#119=FACE_OUTER_BOUND('',#250,.T.);
#120=FACE_OUTER_BOUND('',#251,.T.);
#121=FACE_OUTER_BOUND('',#252,.T.);
#122=FACE_OUTER_BOUND('',#253,.T.);
#123=FACE_OUTER_BOUND('',#254,.T.);
#124=FACE_OUTER_BOUND('',#255,.T.);
#125=FACE_OUTER_BOUND('',#256,.T.);
#126=FACE_OUTER_BOUND('',#257,.T.);
#127=FACE_OUTER_BOUND('',#258,.T.);
#128=FACE_OUTER_BOUND('',#259,.T.);
#129=FACE_OUTER_BOUND('',#260,.T.);
#130=FACE_OUTER_BOUND('',#261,.T.);
#131=FACE_OUTER_BOUND('',#262,.T.);
#132=FACE_OUTER_BOUND('',#263,.T.);
#133=FACE_OUTER_BOUND('',#264,.T.);
#134=FACE_OUTER_BOUND('',#265,.T.);
#135=FACE_OUTER_BOUND('',#266,.T.);
#136=FACE_OUTER_BOUND('',#267,.T.);
#137=FACE_OUTER_BOUND('',#268,.T.);
#138=FACE_OUTER_BOUND('',#269,.T.);
#139=FACE_OUTER_BOUND('',#271,.T.);
#140=FACE_OUTER_BOUND('',#273,.T.);
#141=FACE_OUTER_BOUND('',#274,.T.);
#142=FACE_OUTER_BOUND('',#275,.T.);
#143=FACE_OUTER_BOUND('',#276,.T.);
#144=FACE_OUTER_BOUND('',#277,.T.);
#145=FACE_OUTER_BOUND('',#278,.T.);
#146=FACE_OUTER_BOUND('',#279,.T.);
#147=FACE_OUTER_BOUND('',#280,.T.);
#148=FACE_OUTER_BOUND('',#281,.T.);
#149=FACE_OUTER_BOUND('',#282,.T.);
#150=FACE_OUTER_BOUND('',#283,.T.);
#151=FACE_OUTER_BOUND('',#284,.T.);
#152=FACE_OUTER_BOUND('',#285,.T.);
#153=FACE_OUTER_BOUND('',#286,.T.);
#154=FACE_OUTER_BOUND('',#287,.T.);
#155=FACE_OUTER_BOUND('',#288,.T.);
#156=FACE_OUTER_BOUND('',#290,.T.);
#157=FACE_OUTER_BOUND('',#291,.T.);
#158=FACE_OUTER_BOUND('',#292,.T.);
#159=FACE_OUTER_BOUND('',#293,.T.);
#160=FACE_OUTER_BOUND('',#298,.T.);
#161=FACE_OUTER_BOUND('',#302,.T.);
#162=FACE_OUTER_BOUND('',#303,.T.);
#163=FACE_OUTER_BOUND('',#304,.T.);
#164=FACE_OUTER_BOUND('',#305,.T.);
#165=FACE_OUTER_BOUND('',#306,.T.);
#166=FACE_OUTER_BOUND('',#307,.T.);
#167=FACE_OUTER_BOUND('',#308,.T.);
#168=FACE_OUTER_BOUND('',#309,.T.);
#169=FACE_OUTER_BOUND('',#310,.T.);
#170=FACE_OUTER_BOUND('',#311,.T.);
#171=FACE_OUTER_BOUND('',#312,.T.);
#172=FACE_OUTER_BOUND('',#313,.T.);
#173=FACE_OUTER_BOUND('',#314,.T.);
#174=FACE_OUTER_BOUND('',#315,.T.);
#175=FACE_OUTER_BOUND('',#316,.T.);
#176=FACE_OUTER_BOUND('',#317,.T.);
#177=FACE_OUTER_BOUND('',#318,.T.);
#178=FACE_OUTER_BOUND('',#319,.T.);
#179=FACE_OUTER_BOUND('',#320,.T.);
#180=FACE_OUTER_BOUND('',#321,.T.);
#181=FACE_OUTER_BOUND('',#322,.T.);
#182=FACE_OUTER_BOUND('',#323,.T.);
#183=FACE_OUTER_BOUND('',#324,.T.);
#184=FACE_OUTER_BOUND('',#325,.T.);
#185=FACE_OUTER_BOUND('',#326,.T.);
#186=FACE_OUTER_BOUND('',#327,.T.);
#187=FACE_OUTER_BOUND('',#328,.T.);
#188=FACE_OUTER_BOUND('',#329,.T.);
#189=FACE_OUTER_BOUND('',#330,.T.);
#190=FACE_OUTER_BOUND('',#331,.T.);
#191=FACE_OUTER_BOUND('',#332,.T.);
#192=FACE_OUTER_BOUND('',#333,.T.);
#193=FACE_OUTER_BOUND('',#334,.T.);
#194=FACE_OUTER_BOUND('',#335,.T.);
#195=FACE_OUTER_BOUND('',#336,.T.);
#196=FACE_OUTER_BOUND('',#337,.T.);
#197=FACE_OUTER_BOUND('',#338,.T.);
#198=FACE_OUTER_BOUND('',#339,.T.);
#199=EDGE_LOOP('',(#1427,#1428,#1429,#1430));
#200=EDGE_LOOP('',(#1431,#1432,#1433,#1434));
#201=EDGE_LOOP('',(#1435,#1436,#1437,#1438));
#202=EDGE_LOOP('',(#1439,#1440,#1441,#1442));
#203=EDGE_LOOP('',(#1443,#1444,#1445,#1446));
#204=EDGE_LOOP('',(#1447,#1448,#1449,#1450));
#205=EDGE_LOOP('',(#1451,#1452,#1453,#1454));
#206=EDGE_LOOP('',(#1455,#1456,#1457,#1458));
#207=EDGE_LOOP('',(#1459,#1460,#1461,#1462,#1463,#1464,#1465,#1466));
#208=EDGE_LOOP('',(#1467,#1468,#1469,#1470,#1471,#1472,#1473,#1474));
#209=EDGE_LOOP('',(#1475,#1476,#1477,#1478));
#210=EDGE_LOOP('',(#1479,#1480,#1481,#1482));
#211=EDGE_LOOP('',(#1483,#1484,#1485,#1486));
#212=EDGE_LOOP('',(#1487,#1488,#1489,#1490));
#213=EDGE_LOOP('',(#1491,#1492,#1493,#1494));
#214=EDGE_LOOP('',(#1495,#1496,#1497,#1498));
#215=EDGE_LOOP('',(#1499,#1500,#1501,#1502));
#216=EDGE_LOOP('',(#1503,#1504,#1505,#1506));
#217=EDGE_LOOP('',(#1507,#1508,#1509,#1510));
#218=EDGE_LOOP('',(#1511,#1512,#1513,#1514));
#219=EDGE_LOOP('',(#1515,#1516,#1517,#1518));
#220=EDGE_LOOP('',(#1519,#1520,#1521,#1522));
#221=EDGE_LOOP('',(#1523,#1524,#1525,#1526));
#222=EDGE_LOOP('',(#1527,#1528,#1529,#1530));
#223=EDGE_LOOP('',(#1531,#1532,#1533,#1534));
#224=EDGE_LOOP('',(#1535,#1536,#1537,#1538));
#225=EDGE_LOOP('',(#1539,#1540,#1541,#1542));
#226=EDGE_LOOP('',(#1543,#1544,#1545,#1546));
#227=EDGE_LOOP('',(#1547,#1548,#1549,#1550));
#228=EDGE_LOOP('',(#1551,#1552,#1553,#1554));
#229=EDGE_LOOP('',(#1555,#1556,#1557,#1558,#1559,#1560,#1561,#1562,#1563,
#1564,#1565,#1566));
#230=EDGE_LOOP('',(#1567,#1568,#1569,#1570,#1571,#1572,#1573,#1574));
#231=EDGE_LOOP('',(#1575,#1576,#1577,#1578,#1579,#1580,#1581,#1582,#1583,
#1584,#1585,#1586));
#232=EDGE_LOOP('',(#1587,#1588,#1589,#1590,#1591,#1592,#1593,#1594));
#233=EDGE_LOOP('',(#1595,#1596,#1597,#1598));
#234=EDGE_LOOP('',(#1599,#1600,#1601,#1602));
#235=EDGE_LOOP('',(#1603,#1604,#1605,#1606));
#236=EDGE_LOOP('',(#1607,#1608,#1609,#1610));
#237=EDGE_LOOP('',(#1611,#1612,#1613,#1614));
#238=EDGE_LOOP('',(#1615,#1616,#1617,#1618));
#239=EDGE_LOOP('',(#1619,#1620,#1621,#1622));
#240=EDGE_LOOP('',(#1623,#1624,#1625,#1626));
#241=EDGE_LOOP('',(#1627,#1628,#1629,#1630));
#242=EDGE_LOOP('',(#1631,#1632,#1633,#1634));
#243=EDGE_LOOP('',(#1635,#1636,#1637,#1638));
#244=EDGE_LOOP('',(#1639,#1640,#1641,#1642));
#245=EDGE_LOOP('',(#1643,#1644,#1645,#1646));
#246=EDGE_LOOP('',(#1647,#1648,#1649,#1650));
#247=EDGE_LOOP('',(#1651,#1652,#1653,#1654));
#248=EDGE_LOOP('',(#1655,#1656,#1657,#1658));
#249=EDGE_LOOP('',(#1659,#1660,#1661,#1662));
#250=EDGE_LOOP('',(#1663,#1664,#1665,#1666));
#251=EDGE_LOOP('',(#1667,#1668,#1669,#1670));
#252=EDGE_LOOP('',(#1671,#1672,#1673,#1674));
#253=EDGE_LOOP('',(#1675,#1676,#1677,#1678));
#254=EDGE_LOOP('',(#1679,#1680,#1681,#1682));
#255=EDGE_LOOP('',(#1683,#1684,#1685,#1686));
#256=EDGE_LOOP('',(#1687,#1688,#1689,#1690));
#257=EDGE_LOOP('',(#1691,#1692,#1693,#1694));
#258=EDGE_LOOP('',(#1695,#1696,#1697,#1698));
#259=EDGE_LOOP('',(#1699,#1700,#1701,#1702));
#260=EDGE_LOOP('',(#1703,#1704,#1705,#1706));
#261=EDGE_LOOP('',(#1707,#1708,#1709,#1710));
#262=EDGE_LOOP('',(#1711,#1712,#1713,#1714));
#263=EDGE_LOOP('',(#1715,#1716,#1717,#1718));
#264=EDGE_LOOP('',(#1719,#1720,#1721,#1722));
#265=EDGE_LOOP('',(#1723,#1724,#1725,#1726));
#266=EDGE_LOOP('',(#1727,#1728,#1729,#1730));
#267=EDGE_LOOP('',(#1731,#1732,#1733,#1734));
#268=EDGE_LOOP('',(#1735,#1736,#1737,#1738));
#269=EDGE_LOOP('',(#1739,#1740,#1741,#1742,#1743,#1744,#1745,#1746,#1747,
#1748,#1749,#1750,#1751,#1752,#1753,#1754,#1755,#1756,#1757,#1758,#1759,
#1760));
#270=EDGE_LOOP('',(#1761,#1762,#1763,#1764,#1765,#1766,#1767,#1768));
#271=EDGE_LOOP('',(#1769,#1770,#1771,#1772,#1773,#1774,#1775,#1776,#1777,
#1778,#1779,#1780,#1781,#1782,#1783,#1784,#1785,#1786,#1787,#1788,#1789,
#1790));
#272=EDGE_LOOP('',(#1791,#1792,#1793,#1794,#1795,#1796,#1797,#1798));
#273=EDGE_LOOP('',(#1799,#1800,#1801,#1802));
#274=EDGE_LOOP('',(#1803,#1804,#1805,#1806));
#275=EDGE_LOOP('',(#1807,#1808,#1809,#1810));
#276=EDGE_LOOP('',(#1811,#1812,#1813,#1814));
#277=EDGE_LOOP('',(#1815,#1816,#1817,#1818));
#278=EDGE_LOOP('',(#1819,#1820,#1821,#1822));
#279=EDGE_LOOP('',(#1823,#1824,#1825,#1826));
#280=EDGE_LOOP('',(#1827,#1828,#1829,#1830));
#281=EDGE_LOOP('',(#1831,#1832,#1833,#1834,#1835,#1836,#1837,#1838));
#282=EDGE_LOOP('',(#1839,#1840,#1841,#1842,#1843,#1844,#1845,#1846));
#283=EDGE_LOOP('',(#1847,#1848,#1849,#1850));
#284=EDGE_LOOP('',(#1851,#1852,#1853,#1854,#1855,#1856,#1857,#1858));
#285=EDGE_LOOP('',(#1859,#1860,#1861,#1862));
#286=EDGE_LOOP('',(#1863,#1864,#1865,#1866,#1867,#1868,#1869,#1870));
#287=EDGE_LOOP('',(#1871,#1872,#1873,#1874));
#288=EDGE_LOOP('',(#1875,#1876,#1877,#1878));
#289=EDGE_LOOP('',(#1879));
#290=EDGE_LOOP('',(#1880,#1881,#1882,#1883));
#291=EDGE_LOOP('',(#1884,#1885,#1886,#1887));
#292=EDGE_LOOP('',(#1888,#1889,#1890,#1891));
#293=EDGE_LOOP('',(#1892,#1893,#1894,#1895));
#294=EDGE_LOOP('',(#1896,#1897,#1898,#1899,#1900,#1901,#1902,#1903,#1904,
#1905,#1906,#1907));
#295=EDGE_LOOP('',(#1908,#1909,#1910,#1911));
#296=EDGE_LOOP('',(#1912,#1913,#1914,#1915,#1916,#1917,#1918,#1919,#1920,
#1921,#1922,#1923,#1924,#1925,#1926,#1927,#1928,#1929,#1930,#1931,#1932,
#1933));
#297=EDGE_LOOP('',(#1934));
#298=EDGE_LOOP('',(#1935,#1936,#1937,#1938));
#299=EDGE_LOOP('',(#1939,#1940,#1941,#1942,#1943,#1944,#1945,#1946,#1947,
#1948,#1949,#1950));
#300=EDGE_LOOP('',(#1951,#1952,#1953,#1954));
#301=EDGE_LOOP('',(#1955,#1956,#1957,#1958,#1959,#1960,#1961,#1962,#1963,
#1964,#1965,#1966,#1967,#1968,#1969,#1970,#1971,#1972,#1973,#1974,#1975,
#1976));
#302=EDGE_LOOP('',(#1977,#1978,#1979,#1980));
#303=EDGE_LOOP('',(#1981,#1982,#1983,#1984));
#304=EDGE_LOOP('',(#1985,#1986,#1987,#1988));
#305=EDGE_LOOP('',(#1989,#1990,#1991,#1992));
#306=EDGE_LOOP('',(#1993,#1994,#1995,#1996));
#307=EDGE_LOOP('',(#1997,#1998,#1999,#2000));
#308=EDGE_LOOP('',(#2001,#2002,#2003,#2004));
#309=EDGE_LOOP('',(#2005,#2006,#2007,#2008));
#310=EDGE_LOOP('',(#2009,#2010,#2011,#2012));
#311=EDGE_LOOP('',(#2013,#2014,#2015,#2016));
#312=EDGE_LOOP('',(#2017,#2018,#2019,#2020));
#313=EDGE_LOOP('',(#2021,#2022,#2023,#2024));
#314=EDGE_LOOP('',(#2025,#2026,#2027,#2028));
#315=EDGE_LOOP('',(#2029,#2030,#2031,#2032));
#316=EDGE_LOOP('',(#2033,#2034,#2035,#2036));
#317=EDGE_LOOP('',(#2037,#2038,#2039,#2040));
#318=EDGE_LOOP('',(#2041,#2042,#2043,#2044));
#319=EDGE_LOOP('',(#2045,#2046,#2047,#2048));
#320=EDGE_LOOP('',(#2049,#2050,#2051,#2052));
#321=EDGE_LOOP('',(#2053,#2054,#2055,#2056));
#322=EDGE_LOOP('',(#2057,#2058,#2059,#2060));
#323=EDGE_LOOP('',(#2061,#2062,#2063,#2064));
#324=EDGE_LOOP('',(#2065,#2066,#2067,#2068));
#325=EDGE_LOOP('',(#2069,#2070,#2071,#2072));
#326=EDGE_LOOP('',(#2073,#2074,#2075,#2076));
#327=EDGE_LOOP('',(#2077,#2078,#2079,#2080));
#328=EDGE_LOOP('',(#2081,#2082,#2083,#2084));
#329=EDGE_LOOP('',(#2085,#2086,#2087,#2088));
#330=EDGE_LOOP('',(#2089,#2090,#2091,#2092));
#331=EDGE_LOOP('',(#2093,#2094,#2095,#2096));
#332=EDGE_LOOP('',(#2097,#2098,#2099,#2100));
#333=EDGE_LOOP('',(#2101,#2102,#2103,#2104));
#334=EDGE_LOOP('',(#2105,#2106,#2107,#2108));
#335=EDGE_LOOP('',(#2109,#2110,#2111,#2112));
#336=EDGE_LOOP('',(#2113,#2114,#2115,#2116));
#337=EDGE_LOOP('',(#2117,#2118,#2119,#2120));
#338=EDGE_LOOP('',(#2121,#2122,#2123,#2124));
#339=EDGE_LOOP('',(#2125,#2126,#2127,#2128));
#340=LINE('',#2650,#493);
#341=LINE('',#2657,#494);
#342=LINE('',#2682,#495);
#343=LINE('',#2707,#496);
#344=LINE('',#2732,#497);
#345=LINE('',#2757,#498);
#346=LINE('',#2782,#499);
#347=LINE('',#2807,#500);
#348=LINE('',#2852,#501);
#349=LINE('',#2859,#502);
#350=LINE('',#2879,#503);
#351=LINE('',#2904,#504);
#352=LINE('',#2929,#505);
#353=LINE('',#2955,#506);
#354=LINE('',#2962,#507);
#355=LINE('',#2982,#508);
#356=LINE('',#3007,#509);
#357=LINE('',#3032,#510);
#358=LINE('',#3057,#511);
#359=LINE('',#3081,#512);
#360=LINE('',#3106,#513);
#361=LINE('',#3131,#514);
#362=LINE('',#3156,#515);
#363=LINE('',#3203,#516);
#364=LINE('',#3228,#517);
#365=LINE('',#3253,#518);
#366=LINE('',#3278,#519);
#367=LINE('',#3303,#520);
#368=LINE('',#3336,#521);
#369=LINE('',#3338,#522);
#370=LINE('',#3340,#523);
#371=LINE('',#3341,#524);
#372=LINE('',#3344,#525);
#373=LINE('',#3346,#526);
#374=LINE('',#3347,#527);
#375=LINE('',#3350,#528);
#376=LINE('',#3352,#529);
#377=LINE('',#3353,#530);
#378=LINE('',#3355,#531);
#379=LINE('',#3356,#532);
#380=LINE('',#3379,#533);
#381=LINE('',#3386,#534);
#382=LINE('',#3406,#535);
#383=LINE('',#3431,#536);
#384=LINE('',#3456,#537);
#385=LINE('',#3482,#538);
#386=LINE('',#3489,#539);
#387=LINE('',#3509,#540);
#388=LINE('',#3534,#541);
#389=LINE('',#3559,#542);
#390=LINE('',#3584,#543);
#391=LINE('',#3609,#544);
#392=LINE('',#3634,#545);
#393=LINE('',#3659,#546);
#394=LINE('',#3684,#547);
#395=LINE('',#3709,#548);
#396=LINE('',#3734,#549);
#397=LINE('',#3759,#550);
#398=LINE('',#3784,#551);
#399=LINE('',#3809,#552);
#400=LINE('',#3839,#553);
#401=LINE('',#3841,#554);
#402=LINE('',#3842,#555);
#403=LINE('',#3862,#556);
#404=LINE('',#3887,#557);
#405=LINE('',#3912,#558);
#406=LINE('',#3937,#559);
#407=LINE('',#3962,#560);
#408=LINE('',#3987,#561);
#409=LINE('',#4011,#562);
#410=LINE('',#4036,#563);
#411=LINE('',#4061,#564);
#412=LINE('',#4111,#565);
#413=LINE('',#4118,#566);
#414=LINE('',#4143,#567);
#415=LINE('',#4168,#568);
#416=LINE('',#4193,#569);
#417=LINE('',#4218,#570);
#418=LINE('',#4243,#571);
#419=LINE('',#4268,#572);
#420=LINE('',#4296,#573);
#421=LINE('',#4298,#574);
#422=LINE('',#4300,#575);
#423=LINE('',#4301,#576);
#424=LINE('',#4305,#577);
#425=LINE('',#4307,#578);
#426=LINE('',#4309,#579);
#427=LINE('',#4311,#580);
#428=LINE('',#4313,#581);
#429=LINE('',#4314,#582);
#430=LINE('',#4315,#583);
#431=LINE('',#4318,#584);
#432=LINE('',#4319,#585);
#433=LINE('',#4323,#586);
#434=LINE('',#4324,#587);
#435=LINE('',#4326,#588);
#436=LINE('',#4328,#589);
#437=LINE('',#4330,#590);
#438=LINE('',#4331,#591);
#439=LINE('',#4333,#592);
#440=LINE('',#4335,#593);
#441=LINE('',#4336,#594);
#442=LINE('',#4340,#595);
#443=LINE('',#4343,#596);
#444=LINE('',#4346,#597);
#445=LINE('',#4422,#598);
#446=LINE('',#4424,#599);
#447=LINE('',#4426,#600);
#448=LINE('',#4427,#601);
#449=LINE('',#4430,#602);
#450=LINE('',#4655,#603);
#451=LINE('',#4657,#604);
#452=LINE('',#4659,#605);
#453=LINE('',#4660,#606);
#454=LINE('',#4663,#607);
#455=LINE('',#4841,#608);
#456=LINE('',#4842,#609);
#457=LINE('',#4853,#610);
#458=LINE('',#4864,#611);
#459=LINE('',#4875,#612);
#460=LINE('',#4886,#613);
#461=LINE('',#4897,#614);
#462=LINE('',#4908,#615);
#463=LINE('',#4919,#616);
#464=LINE('',#4930,#617);
#465=LINE('',#4941,#618);
#466=LINE('',#4943,#619);
#467=LINE('',#4954,#620);
#468=LINE('',#4965,#621);
#469=LINE('',#4976,#622);
#470=LINE('',#4987,#623);
#471=LINE('',#4998,#624);
#472=LINE('',#5009,#625);
#473=LINE('',#5020,#626);
#474=LINE('',#5031,#627);
#475=LINE('',#5042,#628);
#476=LINE('',#5053,#629);
#477=LINE('',#5065,#630);
#478=LINE('',#5066,#631);
#479=LINE('',#5068,#632);
#480=LINE('',#5070,#633);
#481=LINE('',#5082,#634);
#482=LINE('',#5083,#635);
#483=LINE('',#5094,#636);
#484=LINE('',#5105,#637);
#485=LINE('',#5116,#638);
#486=LINE('',#5127,#639);
#487=LINE('',#5138,#640);
#488=LINE('',#5149,#641);
#489=LINE('',#5160,#642);
#490=LINE('',#5171,#643);
#491=LINE('',#5182,#644);
#492=LINE('',#5193,#645);
#493=VECTOR('',#2410,10.);
#494=VECTOR('',#2411,10.);
#495=VECTOR('',#2412,10.);
#496=VECTOR('',#2413,10.);
#497=VECTOR('',#2414,10.);
#498=VECTOR('',#2415,10.);
#499=VECTOR('',#2416,10.);
#500=VECTOR('',#2417,10.);
#501=VECTOR('',#2422,10.);
#502=VECTOR('',#2423,10.);
#503=VECTOR('',#2424,10.);
#504=VECTOR('',#2425,10.);
#505=VECTOR('',#2426,10.);
#506=VECTOR('',#2427,10.);
#507=VECTOR('',#2428,10.);
#508=VECTOR('',#2429,10.);
#509=VECTOR('',#2430,10.);
#510=VECTOR('',#2431,10.);
#511=VECTOR('',#2432,10.);
#512=VECTOR('',#2433,10.);
#513=VECTOR('',#2434,10.);
#514=VECTOR('',#2435,10.);
#515=VECTOR('',#2436,10.);
#516=VECTOR('',#2437,10.);
#517=VECTOR('',#2438,10.);
#518=VECTOR('',#2439,10.);
#519=VECTOR('',#2440,10.);
#520=VECTOR('',#2441,10.);
#521=VECTOR('',#2448,10.);
#522=VECTOR('',#2449,10.);
#523=VECTOR('',#2450,10.);
#524=VECTOR('',#2451,10.);
#525=VECTOR('',#2454,10.);
#526=VECTOR('',#2455,10.);
#527=VECTOR('',#2456,10.);
#528=VECTOR('',#2459,10.);
#529=VECTOR('',#2460,10.);
#530=VECTOR('',#2461,10.);
#531=VECTOR('',#2464,10.);
#532=VECTOR('',#2465,10.);
#533=VECTOR('',#2470,10.);
#534=VECTOR('',#2471,10.);
#535=VECTOR('',#2472,10.);
#536=VECTOR('',#2473,10.);
#537=VECTOR('',#2474,10.);
#538=VECTOR('',#2475,10.);
#539=VECTOR('',#2476,10.);
#540=VECTOR('',#2477,10.);
#541=VECTOR('',#2478,10.);
#542=VECTOR('',#2479,10.);
#543=VECTOR('',#2480,10.);
#544=VECTOR('',#2481,10.);
#545=VECTOR('',#2482,10.);
#546=VECTOR('',#2483,10.);
#547=VECTOR('',#2484,10.);
#548=VECTOR('',#2485,10.);
#549=VECTOR('',#2486,10.);
#550=VECTOR('',#2487,10.);
#551=VECTOR('',#2488,10.);
#552=VECTOR('',#2489,10.);
#553=VECTOR('',#2492,10.);
#554=VECTOR('',#2493,10.);
#555=VECTOR('',#2494,10.);
#556=VECTOR('',#2495,10.);
#557=VECTOR('',#2496,10.);
#558=VECTOR('',#2497,10.);
#559=VECTOR('',#2498,10.);
#560=VECTOR('',#2499,10.);
#561=VECTOR('',#2500,10.);
#562=VECTOR('',#2501,10.);
#563=VECTOR('',#2502,10.);
#564=VECTOR('',#2503,10.);
#565=VECTOR('',#2508,10.);
#566=VECTOR('',#2509,10.);
#567=VECTOR('',#2510,10.);
#568=VECTOR('',#2511,10.);
#569=VECTOR('',#2512,10.);
#570=VECTOR('',#2513,10.);
#571=VECTOR('',#2514,10.);
#572=VECTOR('',#2515,10.);
#573=VECTOR('',#2522,10.);
#574=VECTOR('',#2523,10.);
#575=VECTOR('',#2524,10.);
#576=VECTOR('',#2525,10.);
#577=VECTOR('',#2528,10.);
#578=VECTOR('',#2529,10.);
#579=VECTOR('',#2530,10.);
#580=VECTOR('',#2531,10.);
#581=VECTOR('',#2532,10.);
#582=VECTOR('',#2533,10.);
#583=VECTOR('',#2534,10.);
#584=VECTOR('',#2537,10.);
#585=VECTOR('',#2538,10.);
#586=VECTOR('',#2541,10.);
#587=VECTOR('',#2542,10.);
#588=VECTOR('',#2543,10.);
#589=VECTOR('',#2544,10.);
#590=VECTOR('',#2545,10.);
#591=VECTOR('',#2546,10.);
#592=VECTOR('',#2549,10.);
#593=VECTOR('',#2552,10.);
#594=VECTOR('',#2553,10.);
#595=VECTOR('',#2558,10.);
#596=VECTOR('',#2561,2.5);
#597=VECTOR('',#2566,10.);
#598=VECTOR('',#2569,10.);
#599=VECTOR('',#2570,10.);
#600=VECTOR('',#2571,10.);
#601=VECTOR('',#2572,10.);
#602=VECTOR('',#2573,10.);
#603=VECTOR('',#2576,10.);
#604=VECTOR('',#2577,10.);
#605=VECTOR('',#2578,10.);
#606=VECTOR('',#2579,10.);
#607=VECTOR('',#2580,10.);
#608=VECTOR('',#2581,10.);
#609=VECTOR('',#2582,10.);
#610=VECTOR('',#2583,10.);
#611=VECTOR('',#2584,10.);
#612=VECTOR('',#2585,10.);
#613=VECTOR('',#2586,10.);
#614=VECTOR('',#2587,10.);
#615=VECTOR('',#2588,10.);
#616=VECTOR('',#2589,10.);
#617=VECTOR('',#2590,10.);
#618=VECTOR('',#2591,10.);
#619=VECTOR('',#2594,10.);
#620=VECTOR('',#2595,10.);
#621=VECTOR('',#2596,10.);
#622=VECTOR('',#2597,10.);
#623=VECTOR('',#2598,10.);
#624=VECTOR('',#2599,10.);
#625=VECTOR('',#2600,10.);
#626=VECTOR('',#2601,10.);
#627=VECTOR('',#2602,10.);
#628=VECTOR('',#2603,10.);
#629=VECTOR('',#2604,10.);
#630=VECTOR('',#2607,10.);
#631=VECTOR('',#2608,10.);
#632=VECTOR('',#2611,10.);
#633=VECTOR('',#2614,10.);
#634=VECTOR('',#2617,10.);
#635=VECTOR('',#2618,10.);
#636=VECTOR('',#2619,10.);
#637=VECTOR('',#2620,10.);
#638=VECTOR('',#2621,10.);
#639=VECTOR('',#2622,10.);
#640=VECTOR('',#2623,10.);
#641=VECTOR('',#2624,10.);
#642=VECTOR('',#2625,10.);
#643=VECTOR('',#2626,10.);
#644=VECTOR('',#2627,10.);
#645=VECTOR('',#2628,10.);
#646=B_SPLINE_CURVE_WITH_KNOTS('',3,(#2642,#2643,#2644,#2645,#2646,#2647,
#2648),.UNSPECIFIED.,.F.,.F.,(4,3,4),(0.,0.21629833648079,0.352810911657527),
 .UNSPECIFIED.);
#647=B_SPLINE_CURVE_WITH_KNOTS('',3,(#2652,#2653,#2654,#2655,#2656),
 .UNSPECIFIED.,.F.,.F.,(4,1,4),(-0.336006039542182,-0.205995747294291,0.),
 .UNSPECIFIED.);
#648=B_SPLINE_CURVE_WITH_KNOTS('',3,(#2669,#2670,#2671,#2672,#2673,#2674,
#2675),.UNSPECIFIED.,.F.,.F.,(4,3,4),(0.,0.0925623321090578,0.177403299414782),
 .UNSPECIFIED.);
#649=B_SPLINE_CURVE_WITH_KNOTS('',3,(#2677,#2678,#2679,#2680,#2681),
 .UNSPECIFIED.,.F.,.F.,(4,1,4),(-0.170291837250075,-0.0888518401123359,
0.),.UNSPECIFIED.);
#650=B_SPLINE_CURVE_WITH_KNOTS('',3,(#2694,#2695,#2696,#2697,#2698,#2699,
#2700),.UNSPECIFIED.,.F.,.F.,(4,3,4),(0.,0.0840611113553168,0.169905211956199),
 .UNSPECIFIED.);
#651=B_SPLINE_CURVE_WITH_KNOTS('',3,(#2702,#2703,#2704,#2705,#2706),
 .UNSPECIFIED.,.F.,.F.,(4,1,4),(-0.1579303793774,-0.0781365271517006,0.),
 .UNSPECIFIED.);
#652=B_SPLINE_CURVE_WITH_KNOTS('',3,(#2719,#2720,#2721,#2722,#2723,#2724,
#2725),.UNSPECIFIED.,.F.,.F.,(4,3,4),(0.,0.1556306501768,0.389446949093495),
 .UNSPECIFIED.);
#653=B_SPLINE_CURVE_WITH_KNOTS('',3,(#2727,#2728,#2729,#2730,#2731),
 .UNSPECIFIED.,.F.,.F.,(4,1,4),(-0.346684600658418,-0.138541975825829,0.),
 .UNSPECIFIED.);
#654=B_SPLINE_CURVE_WITH_KNOTS('',3,(#2744,#2745,#2746,#2747,#2748,#2749,
#2750),.UNSPECIFIED.,.F.,.F.,(4,3,4),(0.,0.215770053068497,0.352315327354586),
 .UNSPECIFIED.);
#655=B_SPLINE_CURVE_WITH_KNOTS('',3,(#2752,#2753,#2754,#2755,#2756),
 .UNSPECIFIED.,.F.,.F.,(4,1,4),(-0.335661126087009,-0.205570446033796,0.),
 .UNSPECIFIED.);
#656=B_SPLINE_CURVE_WITH_KNOTS('',3,(#2769,#2770,#2771,#2772,#2773,#2774,
#2775),.UNSPECIFIED.,.F.,.F.,(4,3,4),(0.,0.0925586857394464,0.176454822270866),
 .UNSPECIFIED.);
#657=B_SPLINE_CURVE_WITH_KNOTS('',3,(#2777,#2778,#2779,#2780,#2781),
 .UNSPECIFIED.,.F.,.F.,(4,1,4),(-0.169250532778323,-0.0887797039097937,
0.),.UNSPECIFIED.);
#658=B_SPLINE_CURVE_WITH_KNOTS('',3,(#2794,#2795,#2796,#2797,#2798,#2799,
#2800),.UNSPECIFIED.,.F.,.F.,(4,3,4),(0.,0.0896923115897025,0.188815291053355),
 .UNSPECIFIED.);
#659=B_SPLINE_CURVE_WITH_KNOTS('',3,(#2802,#2803,#2804,#2805,#2806),
 .UNSPECIFIED.,.F.,.F.,(4,1,4),(-0.169448749761436,-0.0804926866743731,
0.),.UNSPECIFIED.);
#660=B_SPLINE_CURVE_WITH_KNOTS('',3,(#2818,#2819,#2820,#2821,#2822,#2823,
#2824),.UNSPECIFIED.,.F.,.F.,(4,3,4),(0.,0.144928799226546,0.37333175290433),
 .UNSPECIFIED.);
#661=B_SPLINE_CURVE_WITH_KNOTS('',3,(#2825,#2826,#2827,#2828,#2829),
 .UNSPECIFIED.,.F.,.F.,(4,1,4),(-0.335316243028855,-0.130171034435911,0.),
 .UNSPECIFIED.);
#662=B_SPLINE_CURVE_WITH_KNOTS('',3,(#2844,#2845,#2846,#2847,#2848,#2849,
#2850),.UNSPECIFIED.,.F.,.F.,(4,3,4),(0.,0.21629833648079,0.352810911657527),
 .UNSPECIFIED.);
#663=B_SPLINE_CURVE_WITH_KNOTS('',3,(#2854,#2855,#2856,#2857,#2858),
 .UNSPECIFIED.,.F.,.F.,(4,1,4),(0.,0.205995747294291,0.336006039542182),
 .UNSPECIFIED.);
#664=B_SPLINE_CURVE_WITH_KNOTS('',3,(#2871,#2872,#2873,#2874,#2875,#2876,
#2877),.UNSPECIFIED.,.F.,.F.,(4,3,4),(0.,0.0925623321090578,0.177403299414782),
 .UNSPECIFIED.);
#665=B_SPLINE_CURVE_WITH_KNOTS('',3,(#2880,#2881,#2882,#2883,#2884),
 .UNSPECIFIED.,.F.,.F.,(4,1,4),(0.,0.0888518401123359,0.170291837250075),
 .UNSPECIFIED.);
#666=B_SPLINE_CURVE_WITH_KNOTS('',3,(#2896,#2897,#2898,#2899,#2900,#2901,
#2902),.UNSPECIFIED.,.F.,.F.,(4,3,4),(0.,0.0840611113553168,0.169905211956199),
 .UNSPECIFIED.);
#667=B_SPLINE_CURVE_WITH_KNOTS('',3,(#2905,#2906,#2907,#2908,#2909),
 .UNSPECIFIED.,.F.,.F.,(4,1,4),(0.,0.0781365271517006,0.1579303793774),
 .UNSPECIFIED.);
#668=B_SPLINE_CURVE_WITH_KNOTS('',3,(#2921,#2922,#2923,#2924,#2925,#2926,
#2927),.UNSPECIFIED.,.F.,.F.,(4,3,4),(0.,0.1556306501768,0.389446949093495),
 .UNSPECIFIED.);
#669=B_SPLINE_CURVE_WITH_KNOTS('',3,(#2930,#2931,#2932,#2933,#2934),
 .UNSPECIFIED.,.F.,.F.,(4,1,4),(0.,0.138541975825829,0.346684600658418),
 .UNSPECIFIED.);
#670=B_SPLINE_CURVE_WITH_KNOTS('',3,(#2947,#2948,#2949,#2950,#2951,#2952,
#2953),.UNSPECIFIED.,.F.,.F.,(4,3,4),(0.,0.117060584078772,0.26697289413908),
 .UNSPECIFIED.);
#671=B_SPLINE_CURVE_WITH_KNOTS('',3,(#2957,#2958,#2959,#2960,#2961),
 .UNSPECIFIED.,.F.,.F.,(4,1,4),(0.,0.104291668902067,0.237851612483356),
 .UNSPECIFIED.);
#672=B_SPLINE_CURVE_WITH_KNOTS('',3,(#2974,#2975,#2976,#2977,#2978,#2979,
#2980),.UNSPECIFIED.,.F.,.F.,(4,3,4),(0.,0.161525367259161,0.291321819081868),
 .UNSPECIFIED.);
#673=B_SPLINE_CURVE_WITH_KNOTS('',3,(#2983,#2984,#2985,#2986,#2987),
 .UNSPECIFIED.,.F.,.F.,(4,1,4),(0.,0.159277782296877,0.287268149055519),
 .UNSPECIFIED.);
#674=B_SPLINE_CURVE_WITH_KNOTS('',3,(#2999,#3000,#3001,#3002,#3003,#3004,
#3005),.UNSPECIFIED.,.F.,.F.,(4,3,4),(0.,0.107604307625801,0.204254819902293),
 .UNSPECIFIED.);
#675=B_SPLINE_CURVE_WITH_KNOTS('',3,(#3008,#3009,#3010,#3011,#3012),
 .UNSPECIFIED.,.F.,.F.,(4,1,4),(0.,0.105922758671558,0.201062898627169),
 .UNSPECIFIED.);
#676=B_SPLINE_CURVE_WITH_KNOTS('',3,(#3024,#3025,#3026,#3027,#3028,#3029,
#3030),.UNSPECIFIED.,.F.,.F.,(4,3,4),(0.,0.100962407301152,0.211467504802977),
 .UNSPECIFIED.);
#677=B_SPLINE_CURVE_WITH_KNOTS('',3,(#3033,#3034,#3035,#3036,#3037),
 .UNSPECIFIED.,.F.,.F.,(4,1,4),(0.,0.092676969223588,0.194113511734688),
 .UNSPECIFIED.);
#678=B_SPLINE_CURVE_WITH_KNOTS('',3,(#3049,#3050,#3051,#3052,#3053,#3054,
#3055),.UNSPECIFIED.,.F.,.F.,(4,3,4),(0.,0.136316769975521,0.26588193030503),
 .UNSPECIFIED.);
#679=B_SPLINE_CURVE_WITH_KNOTS('',3,(#3058,#3059,#3060,#3061,#3062),
 .UNSPECIFIED.,.F.,.F.,(4,1,4),(0.,0.131669362589219,0.256817296166429),
 .UNSPECIFIED.);
#680=B_SPLINE_CURVE_WITH_KNOTS('',3,(#3074,#3075,#3076,#3077,#3078,#3079),
 .UNSPECIFIED.,.F.,.F.,(4,2,4),(0.,0.245201263781025,0.482167790315508),
 .UNSPECIFIED.);
#681=B_SPLINE_CURVE_WITH_KNOTS('',3,(#3082,#3083,#3084,#3085,#3086),
 .UNSPECIFIED.,.F.,.F.,(4,1,4),(0.,0.180044051407836,0.423798104571236),
 .UNSPECIFIED.);
#682=B_SPLINE_CURVE_WITH_KNOTS('',3,(#3098,#3099,#3100,#3101,#3102,#3103,
#3104),.UNSPECIFIED.,.F.,.F.,(4,3,4),(0.,0.215770053068497,0.352315327354586),
 .UNSPECIFIED.);
#683=B_SPLINE_CURVE_WITH_KNOTS('',3,(#3107,#3108,#3109,#3110,#3111),
 .UNSPECIFIED.,.F.,.F.,(4,1,4),(0.,0.205570446033796,0.335661126087009),
 .UNSPECIFIED.);
#684=B_SPLINE_CURVE_WITH_KNOTS('',3,(#3123,#3124,#3125,#3126,#3127,#3128,
#3129),.UNSPECIFIED.,.F.,.F.,(4,3,4),(0.,0.0925586857394465,0.176454822270866),
 .UNSPECIFIED.);
#685=B_SPLINE_CURVE_WITH_KNOTS('',3,(#3132,#3133,#3134,#3135,#3136),
 .UNSPECIFIED.,.F.,.F.,(4,1,4),(0.,0.0887797039097937,0.169250532778323),
 .UNSPECIFIED.);
#686=B_SPLINE_CURVE_WITH_KNOTS('',3,(#3148,#3149,#3150,#3151,#3152,#3153,
#3154),.UNSPECIFIED.,.F.,.F.,(4,3,4),(0.,0.0896923115897025,0.188815291053355),
 .UNSPECIFIED.);
#687=B_SPLINE_CURVE_WITH_KNOTS('',3,(#3157,#3158,#3159,#3160,#3161),
 .UNSPECIFIED.,.F.,.F.,(4,1,4),(0.,0.0804926866743731,0.169448749761436),
 .UNSPECIFIED.);
#688=B_SPLINE_CURVE_WITH_KNOTS('',3,(#3172,#3173,#3174,#3175,#3176,#3177,
#3178),.UNSPECIFIED.,.F.,.F.,(4,3,4),(0.,0.144928799226546,0.37333175290433),
 .UNSPECIFIED.);
#689=B_SPLINE_CURVE_WITH_KNOTS('',3,(#3179,#3180,#3181,#3182,#3183),
 .UNSPECIFIED.,.F.,.F.,(4,1,4),(0.,0.130171034435911,0.335316243028855),
 .UNSPECIFIED.);
#690=B_SPLINE_CURVE_WITH_KNOTS('',3,(#3195,#3196,#3197,#3198,#3199,#3200,
#3201),.UNSPECIFIED.,.F.,.F.,(4,3,4),(0.,0.162622748137549,0.292857472849944),
 .UNSPECIFIED.);
#691=B_SPLINE_CURVE_WITH_KNOTS('',3,(#3204,#3205,#3206,#3207,#3208),
 .UNSPECIFIED.,.F.,.F.,(4,1,4),(0.,0.160304205420918,0.288682149480591),
 .UNSPECIFIED.);
#692=B_SPLINE_CURVE_WITH_KNOTS('',3,(#3220,#3221,#3222,#3223,#3224,#3225,
#3226),.UNSPECIFIED.,.F.,.F.,(4,3,4),(0.,0.107646235759972,0.204167973792067),
 .UNSPECIFIED.);
#693=B_SPLINE_CURVE_WITH_KNOTS('',3,(#3229,#3230,#3231,#3232,#3233),
 .UNSPECIFIED.,.F.,.F.,(4,1,4),(0.,0.105954942234015,0.200960170287891),
 .UNSPECIFIED.);
#694=B_SPLINE_CURVE_WITH_KNOTS('',3,(#3245,#3246,#3247,#3248,#3249,#3250,
#3251),.UNSPECIFIED.,.F.,.F.,(4,3,4),(0.,0.100534408841515,0.210330225534065),
 .UNSPECIFIED.);
#695=B_SPLINE_CURVE_WITH_KNOTS('',3,(#3254,#3255,#3256,#3257,#3258),
 .UNSPECIFIED.,.F.,.F.,(4,1,4),(0.,0.0924051623719644,0.19332285200827),
 .UNSPECIFIED.);
#696=B_SPLINE_CURVE_WITH_KNOTS('',3,(#3270,#3271,#3272,#3273,#3274,#3275,
#3276),.UNSPECIFIED.,.F.,.F.,(4,3,4),(0.,0.076854069194507,0.147668196345508),
 .UNSPECIFIED.);
#697=B_SPLINE_CURVE_WITH_KNOTS('',3,(#3279,#3280,#3281,#3282,#3283),
 .UNSPECIFIED.,.F.,.F.,(4,1,4),(0.,0.0759788126199147,0.145986469391239),
 .UNSPECIFIED.);
#698=B_SPLINE_CURVE_WITH_KNOTS('',3,(#3295,#3296,#3297,#3298,#3299,#3300,
#3301),.UNSPECIFIED.,.F.,.F.,(4,3,4),(0.,0.0706275241940722,0.143344816641479),
 .UNSPECIFIED.);
#699=B_SPLINE_CURVE_WITH_KNOTS('',3,(#3304,#3305,#3306,#3307,#3308),
 .UNSPECIFIED.,.F.,.F.,(4,1,4),(0.,0.0680953743457991,0.138205594222864),
 .UNSPECIFIED.);
#700=B_SPLINE_CURVE_WITH_KNOTS('',3,(#3319,#3320,#3321,#3322,#3323,#3324,
#3325),.UNSPECIFIED.,.F.,.F.,(4,3,4),(0.,0.0828712526716221,0.175469038157748),
 .UNSPECIFIED.);
#701=B_SPLINE_CURVE_WITH_KNOTS('',3,(#3326,#3327,#3328,#3329,#3330),
 .UNSPECIFIED.,.F.,.F.,(4,1,4),(0.,0.0763514663705507,0.161664243438689),
 .UNSPECIFIED.);
#702=B_SPLINE_CURVE_WITH_KNOTS('',3,(#3371,#3372,#3373,#3374,#3375,#3376,
#3377),.UNSPECIFIED.,.F.,.F.,(4,3,4),(0.,0.0900709668361163,0.173347451451907),
 .UNSPECIFIED.);
#703=B_SPLINE_CURVE_WITH_KNOTS('',3,(#3381,#3382,#3383,#3384,#3385),
 .UNSPECIFIED.,.F.,.F.,(4,1,4),(0.,0.0877364954392265,0.168854608959447),
 .UNSPECIFIED.);
#704=B_SPLINE_CURVE_WITH_KNOTS('',3,(#3398,#3399,#3400,#3401,#3402,#3403,
#3404),.UNSPECIFIED.,.F.,.F.,(4,3,4),(0.,0.0813280460458092,0.163542947746482),
 .UNSPECIFIED.);
#705=B_SPLINE_CURVE_WITH_KNOTS('',3,(#3407,#3408,#3409,#3410,#3411),
 .UNSPECIFIED.,.F.,.F.,(4,1,4),(0.,0.0784100048307913,0.157675045034532),
 .UNSPECIFIED.);
#706=B_SPLINE_CURVE_WITH_KNOTS('',3,(#3423,#3424,#3425,#3426,#3427,#3428,
#3429),.UNSPECIFIED.,.F.,.F.,(4,3,4),(0.,0.0813880227643382,0.160491565121008),
 .UNSPECIFIED.);
#707=B_SPLINE_CURVE_WITH_KNOTS('',3,(#3432,#3433,#3434,#3435,#3436),
 .UNSPECIFIED.,.F.,.F.,(4,1,4),(0.,0.079097559333971,0.155974929278207),
 .UNSPECIFIED.);
#708=B_SPLINE_CURVE_WITH_KNOTS('',3,(#3448,#3449,#3450,#3451,#3452,#3453,
#3454),.UNSPECIFIED.,.F.,.F.,(4,3,4),(0.,0.0920243263284373,0.198552688708836),
 .UNSPECIFIED.);
#709=B_SPLINE_CURVE_WITH_KNOTS('',3,(#3457,#3458,#3459,#3460,#3461),
 .UNSPECIFIED.,.F.,.F.,(4,1,4),(0.,0.0822502617146195,0.177464060450248),
 .UNSPECIFIED.);
#710=B_SPLINE_CURVE_WITH_KNOTS('',3,(#3474,#3475,#3476,#3477,#3478,#3479,
#3480),.UNSPECIFIED.,.F.,.F.,(4,3,4),(0.,0.134453589834518,0.28213844980369),
 .UNSPECIFIED.);
#711=B_SPLINE_CURVE_WITH_KNOTS('',3,(#3484,#3485,#3486,#3487,#3488),
 .UNSPECIFIED.,.F.,.F.,(4,1,4),(0.,0.122667888063526,0.257407242317086),
 .UNSPECIFIED.);
#712=B_SPLINE_CURVE_WITH_KNOTS('',3,(#3501,#3502,#3503,#3504,#3505,#3506,
#3507),.UNSPECIFIED.,.F.,.F.,(4,3,4),(0.,0.142892667434596,0.273259958148485),
 .UNSPECIFIED.);
#713=B_SPLINE_CURVE_WITH_KNOTS('',3,(#3510,#3511,#3512,#3513,#3514),
 .UNSPECIFIED.,.F.,.F.,(4,1,4),(0.,0.139097864141015,0.266002988229714),
 .UNSPECIFIED.);
#714=B_SPLINE_CURVE_WITH_KNOTS('',3,(#3526,#3527,#3528,#3529,#3530,#3531,
#3532),.UNSPECIFIED.,.F.,.F.,(4,3,4),(0.,0.128899432441769,0.261158194730778),
 .UNSPECIFIED.);
#715=B_SPLINE_CURVE_WITH_KNOTS('',3,(#3535,#3536,#3537,#3538,#3539),
 .UNSPECIFIED.,.F.,.F.,(4,1,4),(0.,0.122678804055812,0.248554818217842),
 .UNSPECIFIED.);
#716=B_SPLINE_CURVE_WITH_KNOTS('',3,(#3551,#3552,#3553,#3554,#3555,#3556,
#3557),.UNSPECIFIED.,.F.,.F.,(4,3,4),(0.,0.0955484479744207,0.190497675049208),
 .UNSPECIFIED.);
#717=B_SPLINE_CURVE_WITH_KNOTS('',3,(#3560,#3561,#3562,#3563,#3564),
 .UNSPECIFIED.,.F.,.F.,(4,1,4),(0.,0.094285150671219,0.187979003063868),
 .UNSPECIFIED.);
#718=B_SPLINE_CURVE_WITH_KNOTS('',3,(#3576,#3577,#3578,#3579,#3580,#3581,
#3582),.UNSPECIFIED.,.F.,.F.,(4,3,4),(0.,0.100955289579493,0.207083354352382),
 .UNSPECIFIED.);
#719=B_SPLINE_CURVE_WITH_KNOTS('',3,(#3585,#3586,#3587,#3588,#3589),
 .UNSPECIFIED.,.F.,.F.,(4,1,4),(0.,0.0954661407794846,0.195823802220148),
 .UNSPECIFIED.);
#720=B_SPLINE_CURVE_WITH_KNOTS('',3,(#3601,#3602,#3603,#3604,#3605,#3606,
#3607),.UNSPECIFIED.,.F.,.F.,(4,3,4),(0.,0.138790990523063,0.322402451812168),
 .UNSPECIFIED.);
#721=B_SPLINE_CURVE_WITH_KNOTS('',3,(#3610,#3611,#3612,#3613,#3614),
 .UNSPECIFIED.,.F.,.F.,(4,1,4),(0.,0.123037037559195,0.285807042829618),
 .UNSPECIFIED.);
#722=B_SPLINE_CURVE_WITH_KNOTS('',3,(#3626,#3627,#3628,#3629,#3630,#3631,
#3632),.UNSPECIFIED.,.F.,.F.,(4,3,4),(0.,0.175233239407887,0.314136484556322),
 .UNSPECIFIED.);
#723=B_SPLINE_CURVE_WITH_KNOTS('',3,(#3635,#3636,#3637,#3638,#3639),
 .UNSPECIFIED.,.F.,.F.,(4,1,4),(0.,0.172466163412447,0.30917601285218),
 .UNSPECIFIED.);
#724=B_SPLINE_CURVE_WITH_KNOTS('',3,(#3651,#3652,#3653,#3654,#3655,#3656,
#3657),.UNSPECIFIED.,.F.,.F.,(4,3,4),(0.,0.114516719448,0.218746078111504),
 .UNSPECIFIED.);
#725=B_SPLINE_CURVE_WITH_KNOTS('',3,(#3660,#3661,#3662,#3663,#3664),
 .UNSPECIFIED.,.F.,.F.,(4,1,4),(0.,0.112614985032259,0.215113447461078),
 .UNSPECIFIED.);
#726=B_SPLINE_CURVE_WITH_KNOTS('',3,(#3676,#3677,#3678,#3679,#3680,#3681,
#3682),.UNSPECIFIED.,.F.,.F.,(4,3,4),(0.,0.105410035529482,0.215821055223196),
 .UNSPECIFIED.);
#727=B_SPLINE_CURVE_WITH_KNOTS('',3,(#3685,#3686,#3687,#3688,#3689),
 .UNSPECIFIED.,.F.,.F.,(4,1,4),(0.,0.0997537561637953,0.204240144779443),
 .UNSPECIFIED.);
#728=B_SPLINE_CURVE_WITH_KNOTS('',3,(#3701,#3702,#3703,#3704,#3705,#3706,
#3707),.UNSPECIFIED.,.F.,.F.,(4,3,4),(0.,0.110420994041692,0.21091231917164),
 .UNSPECIFIED.);
#729=B_SPLINE_CURVE_WITH_KNOTS('',3,(#3710,#3711,#3712,#3713,#3714),
 .UNSPECIFIED.,.F.,.F.,(4,1,4),(0.,0.107819607095565,0.205943476438134),
 .UNSPECIFIED.);
#730=B_SPLINE_CURVE_WITH_KNOTS('',3,(#3726,#3727,#3728,#3729,#3730,#3731,
#3732),.UNSPECIFIED.,.F.,.F.,(4,3,4),(0.,0.108047326944962,0.227689734101442),
 .UNSPECIFIED.);
#731=B_SPLINE_CURVE_WITH_KNOTS('',3,(#3735,#3736,#3737,#3738,#3739),
 .UNSPECIFIED.,.F.,.F.,(4,1,4),(0.,0.0983988178495642,0.207357287825141),
 .UNSPECIFIED.);
#732=B_SPLINE_CURVE_WITH_KNOTS('',3,(#3751,#3752,#3753,#3754,#3755,#3756,
#3757),.UNSPECIFIED.,.F.,.F.,(4,3,4),(0.,0.0984514098816222,0.185048727887936),
 .UNSPECIFIED.);
#733=B_SPLINE_CURVE_WITH_KNOTS('',3,(#3760,#3761,#3762,#3763,#3764),
 .UNSPECIFIED.,.F.,.F.,(4,1,4),(0.,0.0958539485396054,0.180166553852478),
 .UNSPECIFIED.);
#734=B_SPLINE_CURVE_WITH_KNOTS('',3,(#3776,#3777,#3778,#3779,#3780,#3781,
#3782),.UNSPECIFIED.,.F.,.F.,(4,3,4),(0.,0.0798202654259211,0.157079255088668),
 .UNSPECIFIED.);
#735=B_SPLINE_CURVE_WITH_KNOTS('',3,(#3785,#3786,#3787,#3788,#3789),
 .UNSPECIFIED.,.F.,.F.,(4,1,4),(0.,0.077523868260913,0.152560147639671),
 .UNSPECIFIED.);
#736=B_SPLINE_CURVE_WITH_KNOTS('',3,(#3801,#3802,#3803,#3804,#3805,#3806,
#3807),.UNSPECIFIED.,.F.,.F.,(4,3,4),(0.,0.0844016710495337,0.173658938408001),
 .UNSPECIFIED.);
#737=B_SPLINE_CURVE_WITH_KNOTS('',3,(#3810,#3811,#3812,#3813,#3814),
 .UNSPECIFIED.,.F.,.F.,(4,1,4),(0.,0.0783714922755223,0.161251666948995),
 .UNSPECIFIED.);
#738=B_SPLINE_CURVE_WITH_KNOTS('',3,(#3825,#3826,#3827,#3828,#3829,#3830,
#3831),.UNSPECIFIED.,.F.,.F.,(4,3,4),(0.,0.0975044707550185,0.204271377875164),
 .UNSPECIFIED.);
#739=B_SPLINE_CURVE_WITH_KNOTS('',3,(#3832,#3833,#3834,#3835,#3836),
 .UNSPECIFIED.,.F.,.F.,(4,1,4),(0.,0.0892306576712571,0.18693778090454),
 .UNSPECIFIED.);
#740=B_SPLINE_CURVE_WITH_KNOTS('',3,(#3854,#3855,#3856,#3857,#3858,#3859,
#3860),.UNSPECIFIED.,.F.,.F.,(4,3,4),(0.,0.0772042104499756,0.139392957669095),
 .UNSPECIFIED.);
#741=B_SPLINE_CURVE_WITH_KNOTS('',3,(#3863,#3864,#3865,#3866,#3867),
 .UNSPECIFIED.,.F.,.F.,(4,1,4),(0.,0.0750389884361588,0.135483628129203),
 .UNSPECIFIED.);
#742=B_SPLINE_CURVE_WITH_KNOTS('',3,(#3879,#3880,#3881,#3882,#3883,#3884,
#3885),.UNSPECIFIED.,.F.,.F.,(4,3,4),(0.,0.0608728482613705,0.127259151343493),
 .UNSPECIFIED.);
#743=B_SPLINE_CURVE_WITH_KNOTS('',3,(#3888,#3889,#3890,#3891,#3892),
 .UNSPECIFIED.,.F.,.F.,(4,1,4),(0.,0.0558642996534794,0.116788413346051),
 .UNSPECIFIED.);
#744=B_SPLINE_CURVE_WITH_KNOTS('',3,(#3904,#3905,#3906,#3907,#3908,#3909,
#3910),.UNSPECIFIED.,.F.,.F.,(4,3,4),(0.,0.0542323688595748,0.104961975504258),
 .UNSPECIFIED.);
#745=B_SPLINE_CURVE_WITH_KNOTS('',3,(#3913,#3914,#3915,#3916,#3917),
 .UNSPECIFIED.,.F.,.F.,(4,1,4),(0.,0.053514534595619,0.103572670481929),
 .UNSPECIFIED.);
#746=B_SPLINE_CURVE_WITH_KNOTS('',3,(#3929,#3930,#3931,#3932,#3933,#3934,
#3935),.UNSPECIFIED.,.F.,.F.,(4,3,4),(0.,0.0502617437043925,0.101199773109583),
 .UNSPECIFIED.);
#747=B_SPLINE_CURVE_WITH_KNOTS('',3,(#3938,#3939,#3940,#3941,#3942),
 .UNSPECIFIED.,.F.,.F.,(4,1,4),(0.,0.0492074785637184,0.0990770573983839),
 .UNSPECIFIED.);
#748=B_SPLINE_CURVE_WITH_KNOTS('',3,(#3954,#3955,#3956,#3957,#3958,#3959,
#3960),.UNSPECIFIED.,.F.,.F.,(4,3,4),(0.,0.0633277919904276,0.140591132067036),
 .UNSPECIFIED.);
#749=B_SPLINE_CURVE_WITH_KNOTS('',3,(#3963,#3964,#3965,#3966,#3967),
 .UNSPECIFIED.,.F.,.F.,(4,1,4),(0.,0.0567416283914797,0.125969491753179),
 .UNSPECIFIED.);
#750=B_SPLINE_CURVE_WITH_KNOTS('',3,(#3979,#3980,#3981,#3982,#3983,#3984,
#3985),.UNSPECIFIED.,.F.,.F.,(4,3,4),(0.,0.0760321710344759,0.152297418447236),
 .UNSPECIFIED.);
#751=B_SPLINE_CURVE_WITH_KNOTS('',3,(#3988,#3989,#3990,#3991,#3992),
 .UNSPECIFIED.,.F.,.F.,(4,1,4),(0.,0.0756242403365869,0.151480306541202),
 .UNSPECIFIED.);
#752=B_SPLINE_CURVE_WITH_KNOTS('',3,(#4004,#4005,#4006,#4007,#4008,#4009),
 .UNSPECIFIED.,.F.,.F.,(4,2,4),(0.,0.0140598589085965,0.0275559516810138),
 .UNSPECIFIED.);
#753=B_SPLINE_CURVE_WITH_KNOTS('',3,(#4012,#4013,#4014,#4015,#4016),
 .UNSPECIFIED.,.F.,.F.,(4,1,4),(0.,0.0102333330866487,0.0245671305692626),
 .UNSPECIFIED.);
#754=B_SPLINE_CURVE_WITH_KNOTS('',3,(#4028,#4029,#4030,#4031,#4032,#4033,
#4034),.UNSPECIFIED.,.F.,.F.,(4,3,4),(0.,0.071316018760072,0.144868617369849),
 .UNSPECIFIED.);
#755=B_SPLINE_CURVE_WITH_KNOTS('',3,(#4037,#4038,#4039,#4040,#4041),
 .UNSPECIFIED.,.F.,.F.,(4,1,4),(0.,0.0687039468185819,0.139562554900106),
 .UNSPECIFIED.);
#756=B_SPLINE_CURVE_WITH_KNOTS('',3,(#4053,#4054,#4055,#4056,#4057,#4058,
#4059),.UNSPECIFIED.,.F.,.F.,(4,3,4),(0.,0.0730551927620418,0.146564246562719),
 .UNSPECIFIED.);
#757=B_SPLINE_CURVE_WITH_KNOTS('',3,(#4062,#4063,#4064,#4065,#4066),
 .UNSPECIFIED.,.F.,.F.,(4,1,4),(0.,0.0718404639091995,0.14412724226003),
 .UNSPECIFIED.);
#758=B_SPLINE_CURVE_WITH_KNOTS('',3,(#4077,#4078,#4079,#4080,#4081,#4082,
#4083),.UNSPECIFIED.,.F.,.F.,(4,3,4),(0.,0.120116021999874,0.240412184051734),
 .UNSPECIFIED.);
#759=B_SPLINE_CURVE_WITH_KNOTS('',3,(#4084,#4085,#4086,#4087,#4088),
 .UNSPECIFIED.,.F.,.F.,(4,1,4),(0.,0.116787443053543,0.233750034232311),
 .UNSPECIFIED.);
#760=B_SPLINE_CURVE_WITH_KNOTS('',3,(#4103,#4104,#4105,#4106,#4107,#4108,
#4109),.UNSPECIFIED.,.F.,.F.,(4,3,4),(0.,0.0900709668361163,0.173347451451907),
 .UNSPECIFIED.);
#761=B_SPLINE_CURVE_WITH_KNOTS('',3,(#4113,#4114,#4115,#4116,#4117),
 .UNSPECIFIED.,.F.,.F.,(4,1,4),(-0.168854608959447,-0.0877364954392265,
0.),.UNSPECIFIED.);
#762=B_SPLINE_CURVE_WITH_KNOTS('',3,(#4130,#4131,#4132,#4133,#4134,#4135,
#4136),.UNSPECIFIED.,.F.,.F.,(4,3,4),(0.,0.0813280460458092,0.163542947746482),
 .UNSPECIFIED.);
#763=B_SPLINE_CURVE_WITH_KNOTS('',3,(#4138,#4139,#4140,#4141,#4142),
 .UNSPECIFIED.,.F.,.F.,(4,1,4),(-0.157675045034532,-0.0784100048307913,
0.),.UNSPECIFIED.);
#764=B_SPLINE_CURVE_WITH_KNOTS('',3,(#4155,#4156,#4157,#4158,#4159,#4160,
#4161),.UNSPECIFIED.,.F.,.F.,(4,3,4),(0.,0.0813880227643382,0.160491565121008),
 .UNSPECIFIED.);
#765=B_SPLINE_CURVE_WITH_KNOTS('',3,(#4163,#4164,#4165,#4166,#4167),
 .UNSPECIFIED.,.F.,.F.,(4,1,4),(-0.155974929278207,-0.079097559333971,0.),
 .UNSPECIFIED.);
#766=B_SPLINE_CURVE_WITH_KNOTS('',3,(#4180,#4181,#4182,#4183,#4184,#4185,
#4186),.UNSPECIFIED.,.F.,.F.,(4,3,4),(0.,0.0920243263284373,0.198552688708836),
 .UNSPECIFIED.);
#767=B_SPLINE_CURVE_WITH_KNOTS('',3,(#4188,#4189,#4190,#4191,#4192),
 .UNSPECIFIED.,.F.,.F.,(4,1,4),(-0.177464060450248,-0.0822502617146195,
0.),.UNSPECIFIED.);
#768=B_SPLINE_CURVE_WITH_KNOTS('',3,(#4205,#4206,#4207,#4208,#4209,#4210,
#4211),.UNSPECIFIED.,.F.,.F.,(4,3,4),(0.,0.0984514098816222,0.185048727887936),
 .UNSPECIFIED.);
#769=B_SPLINE_CURVE_WITH_KNOTS('',3,(#4213,#4214,#4215,#4216,#4217),
 .UNSPECIFIED.,.F.,.F.,(4,1,4),(-0.180166553852478,-0.0958539485396054,
0.),.UNSPECIFIED.);
#770=B_SPLINE_CURVE_WITH_KNOTS('',3,(#4230,#4231,#4232,#4233,#4234,#4235,
#4236),.UNSPECIFIED.,.F.,.F.,(4,3,4),(0.,0.0798202654259211,0.157079255088668),
 .UNSPECIFIED.);
#771=B_SPLINE_CURVE_WITH_KNOTS('',3,(#4238,#4239,#4240,#4241,#4242),
 .UNSPECIFIED.,.F.,.F.,(4,1,4),(-0.152560147639671,-0.077523868260913,0.),
 .UNSPECIFIED.);
#772=B_SPLINE_CURVE_WITH_KNOTS('',3,(#4255,#4256,#4257,#4258,#4259,#4260,
#4261),.UNSPECIFIED.,.F.,.F.,(4,3,4),(0.,0.0844016710495337,0.173658938408001),
 .UNSPECIFIED.);
#773=B_SPLINE_CURVE_WITH_KNOTS('',3,(#4263,#4264,#4265,#4266,#4267),
 .UNSPECIFIED.,.F.,.F.,(4,1,4),(-0.161251666948995,-0.0783714922755223,
0.),.UNSPECIFIED.);
#774=B_SPLINE_CURVE_WITH_KNOTS('',3,(#4279,#4280,#4281,#4282,#4283,#4284,
#4285),.UNSPECIFIED.,.F.,.F.,(4,3,4),(0.,0.0975044707550185,0.204271377875164),
 .UNSPECIFIED.);
#775=B_SPLINE_CURVE_WITH_KNOTS('',3,(#4286,#4287,#4288,#4289,#4290),
 .UNSPECIFIED.,.F.,.F.,(4,1,4),(-0.18693778090454,-0.0892306576712571,0.),
 .UNSPECIFIED.);
#776=B_SPLINE_CURVE_WITH_KNOTS('',3,(#4350,#4351,#4352,#4353,#4354),
 .UNSPECIFIED.,.F.,.F.,(4,1,4),(-0.288682149480591,-0.160304205420918,0.),
 .UNSPECIFIED.);
#777=B_SPLINE_CURVE_WITH_KNOTS('',3,(#4356,#4357,#4358,#4359,#4360),
 .UNSPECIFIED.,.F.,.F.,(4,1,4),(-0.423798104571236,-0.180044051407836,0.),
 .UNSPECIFIED.);
#778=B_SPLINE_CURVE_WITH_KNOTS('',3,(#4362,#4363,#4364,#4365,#4366),
 .UNSPECIFIED.,.F.,.F.,(4,1,4),(-0.256817296166429,-0.131669362589219,0.),
 .UNSPECIFIED.);
#779=B_SPLINE_CURVE_WITH_KNOTS('',3,(#4368,#4369,#4370,#4371,#4372),
 .UNSPECIFIED.,.F.,.F.,(4,1,4),(-0.194113511734688,-0.092676969223588,0.),
 .UNSPECIFIED.);
#780=B_SPLINE_CURVE_WITH_KNOTS('',3,(#4374,#4375,#4376,#4377,#4378),
 .UNSPECIFIED.,.F.,.F.,(4,1,4),(-0.201062898627169,-0.105922758671558,0.),
 .UNSPECIFIED.);
#781=B_SPLINE_CURVE_WITH_KNOTS('',3,(#4380,#4381,#4382,#4383,#4384),
 .UNSPECIFIED.,.F.,.F.,(4,1,4),(-0.287268149055519,-0.159277782296877,0.),
 .UNSPECIFIED.);
#782=B_SPLINE_CURVE_WITH_KNOTS('',3,(#4386,#4387,#4388,#4389,#4390),
 .UNSPECIFIED.,.F.,.F.,(4,1,4),(-0.237851612483356,-0.104291668902067,0.),
 .UNSPECIFIED.);
#783=B_SPLINE_CURVE_WITH_KNOTS('',3,(#4392,#4393,#4394,#4395,#4396),
 .UNSPECIFIED.,.F.,.F.,(4,1,4),(-0.161664243438689,-0.0763514663705507,
0.),.UNSPECIFIED.);
#784=B_SPLINE_CURVE_WITH_KNOTS('',3,(#4398,#4399,#4400,#4401,#4402),
 .UNSPECIFIED.,.F.,.F.,(4,1,4),(-0.138205594222864,-0.0680953743457991,
0.),.UNSPECIFIED.);
#785=B_SPLINE_CURVE_WITH_KNOTS('',3,(#4404,#4405,#4406,#4407,#4408),
 .UNSPECIFIED.,.F.,.F.,(4,1,4),(-0.145986469391239,-0.0759788126199147,
0.),.UNSPECIFIED.);
#786=B_SPLINE_CURVE_WITH_KNOTS('',3,(#4410,#4411,#4412,#4413,#4414),
 .UNSPECIFIED.,.F.,.F.,(4,1,4),(-0.19332285200827,-0.0924051623719644,0.),
 .UNSPECIFIED.);
#787=B_SPLINE_CURVE_WITH_KNOTS('',3,(#4415,#4416,#4417,#4418,#4419),
 .UNSPECIFIED.,.F.,.F.,(4,1,4),(-0.200960170287891,-0.105954942234015,0.),
 .UNSPECIFIED.);
#788=B_SPLINE_CURVE_WITH_KNOTS('',3,(#4432,#4433,#4434,#4435,#4436),
 .UNSPECIFIED.,.F.,.F.,(4,1,4),(-0.207357287825141,-0.0983988178495642,
0.),.UNSPECIFIED.);
#789=B_SPLINE_CURVE_WITH_KNOTS('',3,(#4438,#4439,#4440,#4441,#4442),
 .UNSPECIFIED.,.F.,.F.,(4,1,4),(-0.205943476438134,-0.107819607095565,0.),
 .UNSPECIFIED.);
#790=B_SPLINE_CURVE_WITH_KNOTS('',3,(#4444,#4445,#4446,#4447,#4448),
 .UNSPECIFIED.,.F.,.F.,(4,1,4),(-0.204240144779443,-0.0997537561637953,
0.),.UNSPECIFIED.);
#791=B_SPLINE_CURVE_WITH_KNOTS('',3,(#4450,#4451,#4452,#4453,#4454),
 .UNSPECIFIED.,.F.,.F.,(4,1,4),(-0.215113447461078,-0.112614985032259,0.),
 .UNSPECIFIED.);
#792=B_SPLINE_CURVE_WITH_KNOTS('',3,(#4456,#4457,#4458,#4459,#4460),
 .UNSPECIFIED.,.F.,.F.,(4,1,4),(-0.30917601285218,-0.172466163412447,0.),
 .UNSPECIFIED.);
#793=B_SPLINE_CURVE_WITH_KNOTS('',3,(#4462,#4463,#4464,#4465,#4466),
 .UNSPECIFIED.,.F.,.F.,(4,1,4),(-0.285807042829618,-0.123037037559195,0.),
 .UNSPECIFIED.);
#794=B_SPLINE_CURVE_WITH_KNOTS('',3,(#4468,#4469,#4470,#4471,#4472),
 .UNSPECIFIED.,.F.,.F.,(4,1,4),(-0.195823802220148,-0.0954661407794846,
0.),.UNSPECIFIED.);
#795=B_SPLINE_CURVE_WITH_KNOTS('',3,(#4474,#4475,#4476,#4477,#4478),
 .UNSPECIFIED.,.F.,.F.,(4,1,4),(-0.187979003063868,-0.094285150671219,0.),
 .UNSPECIFIED.);
#796=B_SPLINE_CURVE_WITH_KNOTS('',3,(#4480,#4481,#4482,#4483,#4484),
 .UNSPECIFIED.,.F.,.F.,(4,1,4),(-0.248554818217842,-0.122678804055812,0.),
 .UNSPECIFIED.);
#797=B_SPLINE_CURVE_WITH_KNOTS('',3,(#4486,#4487,#4488,#4489,#4490),
 .UNSPECIFIED.,.F.,.F.,(4,1,4),(-0.266002988229714,-0.139097864141015,0.),
 .UNSPECIFIED.);
#798=B_SPLINE_CURVE_WITH_KNOTS('',3,(#4492,#4493,#4494,#4495,#4496),
 .UNSPECIFIED.,.F.,.F.,(4,1,4),(-0.257407242317086,-0.122667888063526,0.),
 .UNSPECIFIED.);
#799=B_SPLINE_CURVE_WITH_KNOTS('',3,(#4498,#4499,#4500,#4501,#4502),
 .UNSPECIFIED.,.F.,.F.,(4,1,4),(-0.233750034232311,-0.116787443053543,0.),
 .UNSPECIFIED.);
#800=B_SPLINE_CURVE_WITH_KNOTS('',3,(#4504,#4505,#4506,#4507,#4508),
 .UNSPECIFIED.,.F.,.F.,(4,1,4),(-0.14412724226003,-0.0718404639091995,0.),
 .UNSPECIFIED.);
#801=B_SPLINE_CURVE_WITH_KNOTS('',3,(#4510,#4511,#4512,#4513,#4514),
 .UNSPECIFIED.,.F.,.F.,(4,1,4),(-0.139562554900106,-0.0687039468185819,
0.),.UNSPECIFIED.);
#802=B_SPLINE_CURVE_WITH_KNOTS('',3,(#4516,#4517,#4518,#4519,#4520),
 .UNSPECIFIED.,.F.,.F.,(4,1,4),(-0.0245671305692626,-0.0102333330866487,
0.),.UNSPECIFIED.);
#803=B_SPLINE_CURVE_WITH_KNOTS('',3,(#4522,#4523,#4524,#4525,#4526),
 .UNSPECIFIED.,.F.,.F.,(4,1,4),(-0.151480306541202,-0.0756242403365869,
0.),.UNSPECIFIED.);
#804=B_SPLINE_CURVE_WITH_KNOTS('',3,(#4528,#4529,#4530,#4531,#4532),
 .UNSPECIFIED.,.F.,.F.,(4,1,4),(-0.125969491753179,-0.0567416283914797,
0.),.UNSPECIFIED.);
#805=B_SPLINE_CURVE_WITH_KNOTS('',3,(#4534,#4535,#4536,#4537,#4538),
 .UNSPECIFIED.,.F.,.F.,(4,1,4),(-0.0990770573983839,-0.0492074785637184,
0.),.UNSPECIFIED.);
#806=B_SPLINE_CURVE_WITH_KNOTS('',3,(#4540,#4541,#4542,#4543,#4544),
 .UNSPECIFIED.,.F.,.F.,(4,1,4),(-0.103572670481929,-0.053514534595619,0.),
 .UNSPECIFIED.);
#807=B_SPLINE_CURVE_WITH_KNOTS('',3,(#4546,#4547,#4548,#4549,#4550),
 .UNSPECIFIED.,.F.,.F.,(4,1,4),(-0.116788413346051,-0.0558642996534794,
0.),.UNSPECIFIED.);
#808=B_SPLINE_CURVE_WITH_KNOTS('',3,(#4551,#4552,#4553,#4554,#4555),
 .UNSPECIFIED.,.F.,.F.,(4,1,4),(-0.135483628129203,-0.0750389884361588,
0.),.UNSPECIFIED.);
#809=B_SPLINE_CURVE_WITH_KNOTS('',3,(#4559,#4560,#4561,#4562,#4563,#4564,
#4565),.UNSPECIFIED.,.F.,.F.,(4,3,4),(0.,0.162622748137549,0.292857472849944),
 .UNSPECIFIED.);
#810=B_SPLINE_CURVE_WITH_KNOTS('',3,(#4567,#4568,#4569,#4570,#4571,#4572,
#4573),.UNSPECIFIED.,.F.,.F.,(4,3,4),(0.,0.107646235759972,0.204167973792067),
 .UNSPECIFIED.);
#811=B_SPLINE_CURVE_WITH_KNOTS('',3,(#4575,#4576,#4577,#4578,#4579,#4580,
#4581),.UNSPECIFIED.,.F.,.F.,(4,3,4),(0.,0.100534408841515,0.210330225534065),
 .UNSPECIFIED.);
#812=B_SPLINE_CURVE_WITH_KNOTS('',3,(#4583,#4584,#4585,#4586,#4587,#4588,
#4589),.UNSPECIFIED.,.F.,.F.,(4,3,4),(0.,0.0768540691945122,0.147668196345518),
 .UNSPECIFIED.);
#813=B_SPLINE_CURVE_WITH_KNOTS('',3,(#4591,#4592,#4593,#4594,#4595,#4596,
#4597),.UNSPECIFIED.,.F.,.F.,(4,3,4),(0.,0.0706275241940722,0.143344816641479),
 .UNSPECIFIED.);
#814=B_SPLINE_CURVE_WITH_KNOTS('',3,(#4599,#4600,#4601,#4602,#4603,#4604,
#4605),.UNSPECIFIED.,.F.,.F.,(4,3,4),(0.,0.0828712526716221,0.175469038157748),
 .UNSPECIFIED.);
#815=B_SPLINE_CURVE_WITH_KNOTS('',3,(#4607,#4608,#4609,#4610,#4611,#4612,
#4613),.UNSPECIFIED.,.F.,.F.,(4,3,4),(0.,0.117060584078772,0.26697289413908),
 .UNSPECIFIED.);
#816=B_SPLINE_CURVE_WITH_KNOTS('',3,(#4615,#4616,#4617,#4618,#4619,#4620,
#4621),.UNSPECIFIED.,.F.,.F.,(4,3,4),(0.,0.161525367259161,0.291321819081868),
 .UNSPECIFIED.);
#817=B_SPLINE_CURVE_WITH_KNOTS('',3,(#4623,#4624,#4625,#4626,#4627,#4628,
#4629),.UNSPECIFIED.,.F.,.F.,(4,3,4),(0.,0.107604307625801,0.204254819902293),
 .UNSPECIFIED.);
#818=B_SPLINE_CURVE_WITH_KNOTS('',3,(#4631,#4632,#4633,#4634,#4635,#4636,
#4637),.UNSPECIFIED.,.F.,.F.,(4,3,4),(0.,0.100962407301152,0.211467504802977),
 .UNSPECIFIED.);
#819=B_SPLINE_CURVE_WITH_KNOTS('',3,(#4639,#4640,#4641,#4642,#4643,#4644,
#4645),.UNSPECIFIED.,.F.,.F.,(4,3,4),(0.,0.136316769975521,0.26588193030503),
 .UNSPECIFIED.);
#820=B_SPLINE_CURVE_WITH_KNOTS('',3,(#4646,#4647,#4648,#4649,#4650,#4651,
#4652),.UNSPECIFIED.,.F.,.F.,(4,3,4),(0.,0.204841507053451,0.482167790315508),
 .UNSPECIFIED.);
#821=B_SPLINE_CURVE_WITH_KNOTS('',3,(#4665,#4666,#4667,#4668,#4669,#4670,
#4671),.UNSPECIFIED.,.F.,.F.,(4,3,4),(0.,0.0772042104499756,0.139392957669095),
 .UNSPECIFIED.);
#822=B_SPLINE_CURVE_WITH_KNOTS('',3,(#4673,#4674,#4675,#4676,#4677,#4678,
#4679),.UNSPECIFIED.,.F.,.F.,(4,3,4),(0.,0.0608728482613705,0.127259151343493),
 .UNSPECIFIED.);
#823=B_SPLINE_CURVE_WITH_KNOTS('',3,(#4681,#4682,#4683,#4684,#4685,#4686,
#4687),.UNSPECIFIED.,.F.,.F.,(4,3,4),(0.,0.0542323688595748,0.104961975504258),
 .UNSPECIFIED.);
#824=B_SPLINE_CURVE_WITH_KNOTS('',3,(#4689,#4690,#4691,#4692,#4693,#4694,
#4695),.UNSPECIFIED.,.F.,.F.,(4,3,4),(0.,0.0502617437043925,0.101199773109583),
 .UNSPECIFIED.);
#825=B_SPLINE_CURVE_WITH_KNOTS('',3,(#4697,#4698,#4699,#4700,#4701,#4702,
#4703),.UNSPECIFIED.,.F.,.F.,(4,3,4),(0.,0.0633277919904276,0.140591132067036),
 .UNSPECIFIED.);
#826=B_SPLINE_CURVE_WITH_KNOTS('',3,(#4705,#4706,#4707,#4708,#4709,#4710,
#4711),.UNSPECIFIED.,.F.,.F.,(4,3,4),(0.,0.0760321710344688,0.152297418447221),
 .UNSPECIFIED.);
#827=B_SPLINE_CURVE_WITH_KNOTS('',3,(#4713,#4714,#4715,#4716,#4717,#4718,
#4719),.UNSPECIFIED.,.F.,.F.,(4,3,4),(0.,0.0114783137280276,0.0275559516810138),
 .UNSPECIFIED.);
#828=B_SPLINE_CURVE_WITH_KNOTS('',3,(#4721,#4722,#4723,#4724,#4725,#4726,
#4727),.UNSPECIFIED.,.F.,.F.,(4,3,4),(0.,0.071316018760072,0.144868617369849),
 .UNSPECIFIED.);
#829=B_SPLINE_CURVE_WITH_KNOTS('',3,(#4729,#4730,#4731,#4732,#4733,#4734,
#4735),.UNSPECIFIED.,.F.,.F.,(4,3,4),(0.,0.0730551927620418,0.146564246562719),
 .UNSPECIFIED.);
#830=B_SPLINE_CURVE_WITH_KNOTS('',3,(#4737,#4738,#4739,#4740,#4741,#4742,
#4743),.UNSPECIFIED.,.F.,.F.,(4,3,4),(0.,0.120116021999874,0.240412184051734),
 .UNSPECIFIED.);
#831=B_SPLINE_CURVE_WITH_KNOTS('',3,(#4745,#4746,#4747,#4748,#4749,#4750,
#4751),.UNSPECIFIED.,.F.,.F.,(4,3,4),(0.,0.134453589834518,0.28213844980369),
 .UNSPECIFIED.);
#832=B_SPLINE_CURVE_WITH_KNOTS('',3,(#4753,#4754,#4755,#4756,#4757,#4758,
#4759),.UNSPECIFIED.,.F.,.F.,(4,3,4),(0.,0.142892667434596,0.273259958148485),
 .UNSPECIFIED.);
#833=B_SPLINE_CURVE_WITH_KNOTS('',3,(#4761,#4762,#4763,#4764,#4765,#4766,
#4767),.UNSPECIFIED.,.F.,.F.,(4,3,4),(0.,0.128899432441769,0.261158194730779),
 .UNSPECIFIED.);
#834=B_SPLINE_CURVE_WITH_KNOTS('',3,(#4769,#4770,#4771,#4772,#4773,#4774,
#4775),.UNSPECIFIED.,.F.,.F.,(4,3,4),(0.,0.0955484479744207,0.190497675049208),
 .UNSPECIFIED.);
#835=B_SPLINE_CURVE_WITH_KNOTS('',3,(#4777,#4778,#4779,#4780,#4781,#4782,
#4783),.UNSPECIFIED.,.F.,.F.,(4,3,4),(0.,0.100955289579493,0.207083354352382),
 .UNSPECIFIED.);
#836=B_SPLINE_CURVE_WITH_KNOTS('',3,(#4785,#4786,#4787,#4788,#4789,#4790,
#4791),.UNSPECIFIED.,.F.,.F.,(4,3,4),(0.,0.138790990523063,0.322402451812168),
 .UNSPECIFIED.);
#837=B_SPLINE_CURVE_WITH_KNOTS('',3,(#4793,#4794,#4795,#4796,#4797,#4798,
#4799),.UNSPECIFIED.,.F.,.F.,(4,3,4),(0.,0.175233239407892,0.314136484556331),
 .UNSPECIFIED.);
#838=B_SPLINE_CURVE_WITH_KNOTS('',3,(#4801,#4802,#4803,#4804,#4805,#4806,
#4807),.UNSPECIFIED.,.F.,.F.,(4,3,4),(0.,0.114516719448,0.218746078111504),
 .UNSPECIFIED.);
#839=B_SPLINE_CURVE_WITH_KNOTS('',3,(#4809,#4810,#4811,#4812,#4813,#4814,
#4815),.UNSPECIFIED.,.F.,.F.,(4,3,4),(0.,0.105410035529482,0.215821055223195),
 .UNSPECIFIED.);
#840=B_SPLINE_CURVE_WITH_KNOTS('',3,(#4817,#4818,#4819,#4820,#4821,#4822,
#4823),.UNSPECIFIED.,.F.,.F.,(4,3,4),(0.,0.110420994041692,0.21091231917164),
 .UNSPECIFIED.);
#841=B_SPLINE_CURVE_WITH_KNOTS('',3,(#4824,#4825,#4826,#4827,#4828,#4829,
#4830),.UNSPECIFIED.,.F.,.F.,(4,3,4),(0.,0.108047326944962,0.227689734101442),
 .UNSPECIFIED.);
#842=VERTEX_POINT('',#2640);
#843=VERTEX_POINT('',#2641);
#844=VERTEX_POINT('',#2649);
#845=VERTEX_POINT('',#2651);
#846=VERTEX_POINT('',#2668);
#847=VERTEX_POINT('',#2676);
#848=VERTEX_POINT('',#2693);
#849=VERTEX_POINT('',#2701);
#850=VERTEX_POINT('',#2718);
#851=VERTEX_POINT('',#2726);
#852=VERTEX_POINT('',#2743);
#853=VERTEX_POINT('',#2751);
#854=VERTEX_POINT('',#2768);
#855=VERTEX_POINT('',#2776);
#856=VERTEX_POINT('',#2793);
#857=VERTEX_POINT('',#2801);
#858=VERTEX_POINT('',#2842);
#859=VERTEX_POINT('',#2843);
#860=VERTEX_POINT('',#2851);
#861=VERTEX_POINT('',#2853);
#862=VERTEX_POINT('',#2870);
#863=VERTEX_POINT('',#2878);
#864=VERTEX_POINT('',#2895);
#865=VERTEX_POINT('',#2903);
#866=VERTEX_POINT('',#2920);
#867=VERTEX_POINT('',#2928);
#868=VERTEX_POINT('',#2945);
#869=VERTEX_POINT('',#2946);
#870=VERTEX_POINT('',#2954);
#871=VERTEX_POINT('',#2956);
#872=VERTEX_POINT('',#2973);
#873=VERTEX_POINT('',#2981);
#874=VERTEX_POINT('',#2998);
#875=VERTEX_POINT('',#3006);
#876=VERTEX_POINT('',#3023);
#877=VERTEX_POINT('',#3031);
#878=VERTEX_POINT('',#3048);
#879=VERTEX_POINT('',#3056);
#880=VERTEX_POINT('',#3073);
#881=VERTEX_POINT('',#3080);
#882=VERTEX_POINT('',#3097);
#883=VERTEX_POINT('',#3105);
#884=VERTEX_POINT('',#3122);
#885=VERTEX_POINT('',#3130);
#886=VERTEX_POINT('',#3147);
#887=VERTEX_POINT('',#3155);
#888=VERTEX_POINT('',#3194);
#889=VERTEX_POINT('',#3202);
#890=VERTEX_POINT('',#3219);
#891=VERTEX_POINT('',#3227);
#892=VERTEX_POINT('',#3244);
#893=VERTEX_POINT('',#3252);
#894=VERTEX_POINT('',#3269);
#895=VERTEX_POINT('',#3277);
#896=VERTEX_POINT('',#3294);
#897=VERTEX_POINT('',#3302);
#898=VERTEX_POINT('',#3334);
#899=VERTEX_POINT('',#3335);
#900=VERTEX_POINT('',#3337);
#901=VERTEX_POINT('',#3339);
#902=VERTEX_POINT('',#3343);
#903=VERTEX_POINT('',#3345);
#904=VERTEX_POINT('',#3349);
#905=VERTEX_POINT('',#3351);
#906=VERTEX_POINT('',#3369);
#907=VERTEX_POINT('',#3370);
#908=VERTEX_POINT('',#3378);
#909=VERTEX_POINT('',#3380);
#910=VERTEX_POINT('',#3397);
#911=VERTEX_POINT('',#3405);
#912=VERTEX_POINT('',#3422);
#913=VERTEX_POINT('',#3430);
#914=VERTEX_POINT('',#3447);
#915=VERTEX_POINT('',#3455);
#916=VERTEX_POINT('',#3472);
#917=VERTEX_POINT('',#3473);
#918=VERTEX_POINT('',#3481);
#919=VERTEX_POINT('',#3483);
#920=VERTEX_POINT('',#3500);
#921=VERTEX_POINT('',#3508);
#922=VERTEX_POINT('',#3525);
#923=VERTEX_POINT('',#3533);
#924=VERTEX_POINT('',#3550);
#925=VERTEX_POINT('',#3558);
#926=VERTEX_POINT('',#3575);
#927=VERTEX_POINT('',#3583);
#928=VERTEX_POINT('',#3600);
#929=VERTEX_POINT('',#3608);
#930=VERTEX_POINT('',#3625);
#931=VERTEX_POINT('',#3633);
#932=VERTEX_POINT('',#3650);
#933=VERTEX_POINT('',#3658);
#934=VERTEX_POINT('',#3675);
#935=VERTEX_POINT('',#3683);
#936=VERTEX_POINT('',#3700);
#937=VERTEX_POINT('',#3708);
#938=VERTEX_POINT('',#3725);
#939=VERTEX_POINT('',#3733);
#940=VERTEX_POINT('',#3750);
#941=VERTEX_POINT('',#3758);
#942=VERTEX_POINT('',#3775);
#943=VERTEX_POINT('',#3783);
#944=VERTEX_POINT('',#3800);
#945=VERTEX_POINT('',#3808);
#946=VERTEX_POINT('',#3838);
#947=VERTEX_POINT('',#3840);
#948=VERTEX_POINT('',#3853);
#949=VERTEX_POINT('',#3861);
#950=VERTEX_POINT('',#3878);
#951=VERTEX_POINT('',#3886);
#952=VERTEX_POINT('',#3903);
#953=VERTEX_POINT('',#3911);
#954=VERTEX_POINT('',#3928);
#955=VERTEX_POINT('',#3936);
#956=VERTEX_POINT('',#3953);
#957=VERTEX_POINT('',#3961);
#958=VERTEX_POINT('',#3978);
#959=VERTEX_POINT('',#3986);
#960=VERTEX_POINT('',#4003);
#961=VERTEX_POINT('',#4010);
#962=VERTEX_POINT('',#4027);
#963=VERTEX_POINT('',#4035);
#964=VERTEX_POINT('',#4052);
#965=VERTEX_POINT('',#4060);
#966=VERTEX_POINT('',#4101);
#967=VERTEX_POINT('',#4102);
#968=VERTEX_POINT('',#4110);
#969=VERTEX_POINT('',#4112);
#970=VERTEX_POINT('',#4129);
#971=VERTEX_POINT('',#4137);
#972=VERTEX_POINT('',#4154);
#973=VERTEX_POINT('',#4162);
#974=VERTEX_POINT('',#4179);
#975=VERTEX_POINT('',#4187);
#976=VERTEX_POINT('',#4204);
#977=VERTEX_POINT('',#4212);
#978=VERTEX_POINT('',#4229);
#979=VERTEX_POINT('',#4237);
#980=VERTEX_POINT('',#4254);
#981=VERTEX_POINT('',#4262);
#982=VERTEX_POINT('',#4294);
#983=VERTEX_POINT('',#4295);
#984=VERTEX_POINT('',#4297);
#985=VERTEX_POINT('',#4299);
#986=VERTEX_POINT('',#4303);
#987=VERTEX_POINT('',#4304);
#988=VERTEX_POINT('',#4306);
#989=VERTEX_POINT('',#4308);
#990=VERTEX_POINT('',#4310);
#991=VERTEX_POINT('',#4312);
#992=VERTEX_POINT('',#4317);
#993=VERTEX_POINT('',#4321);
#994=VERTEX_POINT('',#4322);
#995=VERTEX_POINT('',#4325);
#996=VERTEX_POINT('',#4327);
#997=VERTEX_POINT('',#4329);
#998=VERTEX_POINT('',#4337);
#999=VERTEX_POINT('',#4342);
#1000=VERTEX_POINT('',#4348);
#1001=VERTEX_POINT('',#4349);
#1002=VERTEX_POINT('',#4355);
#1003=VERTEX_POINT('',#4361);
#1004=VERTEX_POINT('',#4367);
#1005=VERTEX_POINT('',#4373);
#1006=VERTEX_POINT('',#4379);
#1007=VERTEX_POINT('',#4385);
#1008=VERTEX_POINT('',#4391);
#1009=VERTEX_POINT('',#4397);
#1010=VERTEX_POINT('',#4403);
#1011=VERTEX_POINT('',#4409);
#1012=VERTEX_POINT('',#4420);
#1013=VERTEX_POINT('',#4421);
#1014=VERTEX_POINT('',#4423);
#1015=VERTEX_POINT('',#4425);
#1016=VERTEX_POINT('',#4428);
#1017=VERTEX_POINT('',#4429);
#1018=VERTEX_POINT('',#4431);
#1019=VERTEX_POINT('',#4437);
#1020=VERTEX_POINT('',#4443);
#1021=VERTEX_POINT('',#4449);
#1022=VERTEX_POINT('',#4455);
#1023=VERTEX_POINT('',#4461);
#1024=VERTEX_POINT('',#4467);
#1025=VERTEX_POINT('',#4473);
#1026=VERTEX_POINT('',#4479);
#1027=VERTEX_POINT('',#4485);
#1028=VERTEX_POINT('',#4491);
#1029=VERTEX_POINT('',#4497);
#1030=VERTEX_POINT('',#4503);
#1031=VERTEX_POINT('',#4509);
#1032=VERTEX_POINT('',#4515);
#1033=VERTEX_POINT('',#4521);
#1034=VERTEX_POINT('',#4527);
#1035=VERTEX_POINT('',#4533);
#1036=VERTEX_POINT('',#4539);
#1037=VERTEX_POINT('',#4545);
#1038=VERTEX_POINT('',#4557);
#1039=VERTEX_POINT('',#4558);
#1040=VERTEX_POINT('',#4566);
#1041=VERTEX_POINT('',#4574);
#1042=VERTEX_POINT('',#4582);
#1043=VERTEX_POINT('',#4590);
#1044=VERTEX_POINT('',#4598);
#1045=VERTEX_POINT('',#4606);
#1046=VERTEX_POINT('',#4614);
#1047=VERTEX_POINT('',#4622);
#1048=VERTEX_POINT('',#4630);
#1049=VERTEX_POINT('',#4638);
#1050=VERTEX_POINT('',#4653);
#1051=VERTEX_POINT('',#4654);
#1052=VERTEX_POINT('',#4656);
#1053=VERTEX_POINT('',#4658);
#1054=VERTEX_POINT('',#4661);
#1055=VERTEX_POINT('',#4662);
#1056=VERTEX_POINT('',#4664);
#1057=VERTEX_POINT('',#4672);
#1058=VERTEX_POINT('',#4680);
#1059=VERTEX_POINT('',#4688);
#1060=VERTEX_POINT('',#4696);
#1061=VERTEX_POINT('',#4704);
#1062=VERTEX_POINT('',#4712);
#1063=VERTEX_POINT('',#4720);
#1064=VERTEX_POINT('',#4728);
#1065=VERTEX_POINT('',#4736);
#1066=VERTEX_POINT('',#4744);
#1067=VERTEX_POINT('',#4752);
#1068=VERTEX_POINT('',#4760);
#1069=VERTEX_POINT('',#4768);
#1070=VERTEX_POINT('',#4776);
#1071=VERTEX_POINT('',#4784);
#1072=VERTEX_POINT('',#4792);
#1073=VERTEX_POINT('',#4800);
#1074=VERTEX_POINT('',#4808);
#1075=VERTEX_POINT('',#4816);
#1076=EDGE_CURVE('',#842,#843,#646,.T.);
#1077=EDGE_CURVE('',#844,#842,#340,.T.);
#1078=EDGE_CURVE('',#845,#844,#647,.T.);
#1079=EDGE_CURVE('',#845,#843,#341,.T.);
#1080=EDGE_CURVE('',#843,#846,#648,.T.);
#1081=EDGE_CURVE('',#847,#845,#649,.T.);
#1082=EDGE_CURVE('',#847,#846,#342,.T.);
#1083=EDGE_CURVE('',#846,#848,#650,.T.);
#1084=EDGE_CURVE('',#849,#847,#651,.T.);
#1085=EDGE_CURVE('',#849,#848,#343,.T.);
#1086=EDGE_CURVE('',#848,#850,#652,.T.);
#1087=EDGE_CURVE('',#851,#849,#653,.T.);
#1088=EDGE_CURVE('',#851,#850,#344,.T.);
#1089=EDGE_CURVE('',#850,#852,#654,.T.);
#1090=EDGE_CURVE('',#853,#851,#655,.T.);
#1091=EDGE_CURVE('',#853,#852,#345,.T.);
#1092=EDGE_CURVE('',#852,#854,#656,.T.);
#1093=EDGE_CURVE('',#855,#853,#657,.T.);
#1094=EDGE_CURVE('',#855,#854,#346,.T.);
#1095=EDGE_CURVE('',#854,#856,#658,.T.);
#1096=EDGE_CURVE('',#857,#855,#659,.T.);
#1097=EDGE_CURVE('',#857,#856,#347,.T.);
#1098=EDGE_CURVE('',#856,#842,#660,.T.);
#1099=EDGE_CURVE('',#844,#857,#661,.T.);
#1100=EDGE_CURVE('',#858,#859,#662,.T.);
#1101=EDGE_CURVE('',#860,#859,#348,.T.);
#1102=EDGE_CURVE('',#861,#860,#663,.T.);
#1103=EDGE_CURVE('',#861,#858,#349,.T.);
#1104=EDGE_CURVE('',#859,#862,#664,.T.);
#1105=EDGE_CURVE('',#863,#862,#350,.T.);
#1106=EDGE_CURVE('',#860,#863,#665,.T.);
#1107=EDGE_CURVE('',#862,#864,#666,.T.);
#1108=EDGE_CURVE('',#865,#864,#351,.T.);
#1109=EDGE_CURVE('',#863,#865,#667,.T.);
#1110=EDGE_CURVE('',#864,#866,#668,.T.);
#1111=EDGE_CURVE('',#867,#866,#352,.T.);
#1112=EDGE_CURVE('',#865,#867,#669,.T.);
#1113=EDGE_CURVE('',#868,#869,#670,.T.);
#1114=EDGE_CURVE('',#870,#869,#353,.T.);
#1115=EDGE_CURVE('',#871,#870,#671,.T.);
#1116=EDGE_CURVE('',#871,#868,#354,.T.);
#1117=EDGE_CURVE('',#869,#872,#672,.T.);
#1118=EDGE_CURVE('',#873,#872,#355,.T.);
#1119=EDGE_CURVE('',#870,#873,#673,.T.);
#1120=EDGE_CURVE('',#872,#874,#674,.T.);
#1121=EDGE_CURVE('',#875,#874,#356,.T.);
#1122=EDGE_CURVE('',#873,#875,#675,.T.);
#1123=EDGE_CURVE('',#874,#876,#676,.T.);
#1124=EDGE_CURVE('',#877,#876,#357,.T.);
#1125=EDGE_CURVE('',#875,#877,#677,.T.);
#1126=EDGE_CURVE('',#876,#878,#678,.T.);
#1127=EDGE_CURVE('',#879,#878,#358,.T.);
#1128=EDGE_CURVE('',#877,#879,#679,.T.);
#1129=EDGE_CURVE('',#878,#880,#680,.T.);
#1130=EDGE_CURVE('',#881,#880,#359,.T.);
#1131=EDGE_CURVE('',#879,#881,#681,.T.);
#1132=EDGE_CURVE('',#866,#882,#682,.T.);
#1133=EDGE_CURVE('',#883,#882,#360,.T.);
#1134=EDGE_CURVE('',#867,#883,#683,.T.);
#1135=EDGE_CURVE('',#882,#884,#684,.T.);
#1136=EDGE_CURVE('',#885,#884,#361,.T.);
#1137=EDGE_CURVE('',#883,#885,#685,.T.);
#1138=EDGE_CURVE('',#884,#886,#686,.T.);
#1139=EDGE_CURVE('',#887,#886,#362,.T.);
#1140=EDGE_CURVE('',#885,#887,#687,.T.);
#1141=EDGE_CURVE('',#886,#858,#688,.T.);
#1142=EDGE_CURVE('',#887,#861,#689,.T.);
#1143=EDGE_CURVE('',#880,#888,#690,.T.);
#1144=EDGE_CURVE('',#889,#888,#363,.T.);
#1145=EDGE_CURVE('',#881,#889,#691,.T.);
#1146=EDGE_CURVE('',#888,#890,#692,.T.);
#1147=EDGE_CURVE('',#891,#890,#364,.T.);
#1148=EDGE_CURVE('',#889,#891,#693,.T.);
#1149=EDGE_CURVE('',#890,#892,#694,.T.);
#1150=EDGE_CURVE('',#893,#892,#365,.T.);
#1151=EDGE_CURVE('',#891,#893,#695,.T.);
#1152=EDGE_CURVE('',#892,#894,#696,.T.);
#1153=EDGE_CURVE('',#895,#894,#366,.T.);
#1154=EDGE_CURVE('',#893,#895,#697,.T.);
#1155=EDGE_CURVE('',#894,#896,#698,.T.);
#1156=EDGE_CURVE('',#897,#896,#367,.T.);
#1157=EDGE_CURVE('',#895,#897,#699,.T.);
#1158=EDGE_CURVE('',#896,#868,#700,.T.);
#1159=EDGE_CURVE('',#897,#871,#701,.T.);
#1160=EDGE_CURVE('',#898,#899,#368,.T.);
#1161=EDGE_CURVE('',#900,#899,#369,.T.);
#1162=EDGE_CURVE('',#901,#900,#370,.T.);
#1163=EDGE_CURVE('',#901,#898,#371,.T.);
#1164=EDGE_CURVE('',#899,#902,#372,.T.);
#1165=EDGE_CURVE('',#903,#902,#373,.T.);
#1166=EDGE_CURVE('',#900,#903,#374,.T.);
#1167=EDGE_CURVE('',#902,#904,#375,.T.);
#1168=EDGE_CURVE('',#905,#904,#376,.T.);
#1169=EDGE_CURVE('',#903,#905,#377,.T.);
#1170=EDGE_CURVE('',#904,#898,#378,.T.);
#1171=EDGE_CURVE('',#905,#901,#379,.T.);
#1172=EDGE_CURVE('',#906,#907,#702,.T.);
#1173=EDGE_CURVE('',#908,#907,#380,.T.);
#1174=EDGE_CURVE('',#909,#908,#703,.T.);
#1175=EDGE_CURVE('',#909,#906,#381,.T.);
#1176=EDGE_CURVE('',#907,#910,#704,.T.);
#1177=EDGE_CURVE('',#911,#910,#382,.T.);
#1178=EDGE_CURVE('',#908,#911,#705,.T.);
#1179=EDGE_CURVE('',#910,#912,#706,.T.);
#1180=EDGE_CURVE('',#913,#912,#383,.T.);
#1181=EDGE_CURVE('',#911,#913,#707,.T.);
#1182=EDGE_CURVE('',#912,#914,#708,.T.);
#1183=EDGE_CURVE('',#915,#914,#384,.T.);
#1184=EDGE_CURVE('',#913,#915,#709,.T.);
#1185=EDGE_CURVE('',#916,#917,#710,.T.);
#1186=EDGE_CURVE('',#918,#917,#385,.T.);
#1187=EDGE_CURVE('',#919,#918,#711,.T.);
#1188=EDGE_CURVE('',#919,#916,#386,.T.);
#1189=EDGE_CURVE('',#917,#920,#712,.T.);
#1190=EDGE_CURVE('',#921,#920,#387,.T.);
#1191=EDGE_CURVE('',#918,#921,#713,.T.);
#1192=EDGE_CURVE('',#920,#922,#714,.T.);
#1193=EDGE_CURVE('',#923,#922,#388,.T.);
#1194=EDGE_CURVE('',#921,#923,#715,.T.);
#1195=EDGE_CURVE('',#922,#924,#716,.T.);
#1196=EDGE_CURVE('',#925,#924,#389,.T.);
#1197=EDGE_CURVE('',#923,#925,#717,.T.);
#1198=EDGE_CURVE('',#924,#926,#718,.T.);
#1199=EDGE_CURVE('',#927,#926,#390,.T.);
#1200=EDGE_CURVE('',#925,#927,#719,.T.);
#1201=EDGE_CURVE('',#926,#928,#720,.T.);
#1202=EDGE_CURVE('',#929,#928,#391,.T.);
#1203=EDGE_CURVE('',#927,#929,#721,.T.);
#1204=EDGE_CURVE('',#928,#930,#722,.T.);
#1205=EDGE_CURVE('',#931,#930,#392,.T.);
#1206=EDGE_CURVE('',#929,#931,#723,.T.);
#1207=EDGE_CURVE('',#930,#932,#724,.T.);
#1208=EDGE_CURVE('',#933,#932,#393,.T.);
#1209=EDGE_CURVE('',#931,#933,#725,.T.);
#1210=EDGE_CURVE('',#932,#934,#726,.T.);
#1211=EDGE_CURVE('',#935,#934,#394,.T.);
#1212=EDGE_CURVE('',#933,#935,#727,.T.);
#1213=EDGE_CURVE('',#934,#936,#728,.T.);
#1214=EDGE_CURVE('',#937,#936,#395,.T.);
#1215=EDGE_CURVE('',#935,#937,#729,.T.);
#1216=EDGE_CURVE('',#936,#938,#730,.T.);
#1217=EDGE_CURVE('',#939,#938,#396,.T.);
#1218=EDGE_CURVE('',#937,#939,#731,.T.);
#1219=EDGE_CURVE('',#914,#940,#732,.T.);
#1220=EDGE_CURVE('',#941,#940,#397,.T.);
#1221=EDGE_CURVE('',#915,#941,#733,.T.);
#1222=EDGE_CURVE('',#940,#942,#734,.T.);
#1223=EDGE_CURVE('',#943,#942,#398,.T.);
#1224=EDGE_CURVE('',#941,#943,#735,.T.);
#1225=EDGE_CURVE('',#942,#944,#736,.T.);
#1226=EDGE_CURVE('',#945,#944,#399,.T.);
#1227=EDGE_CURVE('',#943,#945,#737,.T.);
#1228=EDGE_CURVE('',#944,#906,#738,.T.);
#1229=EDGE_CURVE('',#945,#909,#739,.T.);
#1230=EDGE_CURVE('',#938,#946,#400,.T.);
#1231=EDGE_CURVE('',#947,#946,#401,.T.);
#1232=EDGE_CURVE('',#939,#947,#402,.T.);
#1233=EDGE_CURVE('',#946,#948,#740,.T.);
#1234=EDGE_CURVE('',#949,#948,#403,.T.);
#1235=EDGE_CURVE('',#947,#949,#741,.T.);
#1236=EDGE_CURVE('',#948,#950,#742,.T.);
#1237=EDGE_CURVE('',#951,#950,#404,.T.);
#1238=EDGE_CURVE('',#949,#951,#743,.T.);
#1239=EDGE_CURVE('',#950,#952,#744,.T.);
#1240=EDGE_CURVE('',#953,#952,#405,.T.);
#1241=EDGE_CURVE('',#951,#953,#745,.T.);
#1242=EDGE_CURVE('',#952,#954,#746,.T.);
#1243=EDGE_CURVE('',#955,#954,#406,.T.);
#1244=EDGE_CURVE('',#953,#955,#747,.T.);
#1245=EDGE_CURVE('',#954,#956,#748,.T.);
#1246=EDGE_CURVE('',#957,#956,#407,.T.);
#1247=EDGE_CURVE('',#955,#957,#749,.T.);
#1248=EDGE_CURVE('',#956,#958,#750,.T.);
#1249=EDGE_CURVE('',#959,#958,#408,.T.);
#1250=EDGE_CURVE('',#957,#959,#751,.T.);
#1251=EDGE_CURVE('',#958,#960,#752,.T.);
#1252=EDGE_CURVE('',#961,#960,#409,.T.);
#1253=EDGE_CURVE('',#959,#961,#753,.T.);
#1254=EDGE_CURVE('',#960,#962,#754,.T.);
#1255=EDGE_CURVE('',#963,#962,#410,.T.);
#1256=EDGE_CURVE('',#961,#963,#755,.T.);
#1257=EDGE_CURVE('',#962,#964,#756,.T.);
#1258=EDGE_CURVE('',#965,#964,#411,.T.);
#1259=EDGE_CURVE('',#963,#965,#757,.T.);
#1260=EDGE_CURVE('',#964,#916,#758,.T.);
#1261=EDGE_CURVE('',#965,#919,#759,.T.);
#1262=EDGE_CURVE('',#966,#967,#760,.T.);
#1263=EDGE_CURVE('',#968,#966,#412,.T.);
#1264=EDGE_CURVE('',#969,#968,#761,.T.);
#1265=EDGE_CURVE('',#969,#967,#413,.T.);
#1266=EDGE_CURVE('',#967,#970,#762,.T.);
#1267=EDGE_CURVE('',#971,#969,#763,.T.);
#1268=EDGE_CURVE('',#971,#970,#414,.T.);
#1269=EDGE_CURVE('',#970,#972,#764,.T.);
#1270=EDGE_CURVE('',#973,#971,#765,.T.);
#1271=EDGE_CURVE('',#973,#972,#415,.T.);
#1272=EDGE_CURVE('',#972,#974,#766,.T.);
#1273=EDGE_CURVE('',#975,#973,#767,.T.);
#1274=EDGE_CURVE('',#975,#974,#416,.T.);
#1275=EDGE_CURVE('',#974,#976,#768,.T.);
#1276=EDGE_CURVE('',#977,#975,#769,.T.);
#1277=EDGE_CURVE('',#977,#976,#417,.T.);
#1278=EDGE_CURVE('',#976,#978,#770,.T.);
#1279=EDGE_CURVE('',#979,#977,#771,.T.);
#1280=EDGE_CURVE('',#979,#978,#418,.T.);
#1281=EDGE_CURVE('',#978,#980,#772,.T.);
#1282=EDGE_CURVE('',#981,#979,#773,.T.);
#1283=EDGE_CURVE('',#981,#980,#419,.T.);
#1284=EDGE_CURVE('',#980,#966,#774,.T.);
#1285=EDGE_CURVE('',#968,#981,#775,.T.);
#1286=EDGE_CURVE('',#982,#983,#420,.T.);
#1287=EDGE_CURVE('',#983,#984,#421,.T.);
#1288=EDGE_CURVE('',#984,#985,#422,.T.);
#1289=EDGE_CURVE('',#985,#982,#423,.T.);
#1290=EDGE_CURVE('',#986,#987,#424,.T.);
#1291=EDGE_CURVE('',#986,#988,#425,.T.);
#1292=EDGE_CURVE('',#988,#989,#426,.T.);
#1293=EDGE_CURVE('',#990,#989,#427,.T.);
#1294=EDGE_CURVE('',#991,#990,#428,.T.);
#1295=EDGE_CURVE('',#991,#983,#429,.T.);
#1296=EDGE_CURVE('',#987,#982,#430,.T.);
#1297=EDGE_CURVE('',#991,#992,#431,.T.);
#1298=EDGE_CURVE('',#992,#984,#432,.T.);
#1299=EDGE_CURVE('',#993,#994,#433,.T.);
#1300=EDGE_CURVE('',#993,#985,#434,.T.);
#1301=EDGE_CURVE('',#995,#992,#435,.T.);
#1302=EDGE_CURVE('',#995,#996,#436,.T.);
#1303=EDGE_CURVE('',#996,#997,#437,.T.);
#1304=EDGE_CURVE('',#994,#997,#438,.T.);
#1305=EDGE_CURVE('',#987,#993,#439,.T.);
#1306=EDGE_CURVE('',#997,#988,#440,.T.);
#1307=EDGE_CURVE('',#989,#996,#441,.T.);
#1308=EDGE_CURVE('',#998,#998,#14,.T.);
#1309=EDGE_CURVE('',#994,#986,#442,.T.);
#1310=EDGE_CURVE('',#998,#999,#443,.T.);
#1311=EDGE_CURVE('',#999,#999,#15,.T.);
#1312=EDGE_CURVE('',#990,#995,#444,.T.);
#1313=EDGE_CURVE('',#1000,#1001,#776,.T.);
#1314=EDGE_CURVE('',#1001,#1002,#777,.T.);
#1315=EDGE_CURVE('',#1002,#1003,#778,.T.);
#1316=EDGE_CURVE('',#1003,#1004,#779,.T.);
#1317=EDGE_CURVE('',#1004,#1005,#780,.T.);
#1318=EDGE_CURVE('',#1005,#1006,#781,.T.);
#1319=EDGE_CURVE('',#1006,#1007,#782,.T.);
#1320=EDGE_CURVE('',#1007,#1008,#783,.T.);
#1321=EDGE_CURVE('',#1008,#1009,#784,.T.);
#1322=EDGE_CURVE('',#1009,#1010,#785,.T.);
#1323=EDGE_CURVE('',#1010,#1011,#786,.T.);
#1324=EDGE_CURVE('',#1011,#1000,#787,.T.);
#1325=EDGE_CURVE('',#1012,#1013,#445,.T.);
#1326=EDGE_CURVE('',#1013,#1014,#446,.T.);
#1327=EDGE_CURVE('',#1014,#1015,#447,.T.);
#1328=EDGE_CURVE('',#1015,#1012,#448,.T.);
#1329=EDGE_CURVE('',#1016,#1017,#449,.T.);
#1330=EDGE_CURVE('',#1017,#1018,#788,.T.);
#1331=EDGE_CURVE('',#1018,#1019,#789,.T.);
#1332=EDGE_CURVE('',#1019,#1020,#790,.T.);
#1333=EDGE_CURVE('',#1020,#1021,#791,.T.);
#1334=EDGE_CURVE('',#1021,#1022,#792,.T.);
#1335=EDGE_CURVE('',#1022,#1023,#793,.T.);
#1336=EDGE_CURVE('',#1023,#1024,#794,.T.);
#1337=EDGE_CURVE('',#1024,#1025,#795,.T.);
#1338=EDGE_CURVE('',#1025,#1026,#796,.T.);
#1339=EDGE_CURVE('',#1026,#1027,#797,.T.);
#1340=EDGE_CURVE('',#1027,#1028,#798,.T.);
#1341=EDGE_CURVE('',#1028,#1029,#799,.T.);
#1342=EDGE_CURVE('',#1029,#1030,#800,.T.);
#1343=EDGE_CURVE('',#1030,#1031,#801,.T.);
#1344=EDGE_CURVE('',#1031,#1032,#802,.T.);
#1345=EDGE_CURVE('',#1032,#1033,#803,.T.);
#1346=EDGE_CURVE('',#1033,#1034,#804,.T.);
#1347=EDGE_CURVE('',#1034,#1035,#805,.T.);
#1348=EDGE_CURVE('',#1035,#1036,#806,.T.);
#1349=EDGE_CURVE('',#1036,#1037,#807,.T.);
#1350=EDGE_CURVE('',#1037,#1016,#808,.T.);
#1351=EDGE_CURVE('',#1038,#1039,#809,.T.);
#1352=EDGE_CURVE('',#1039,#1040,#810,.T.);
#1353=EDGE_CURVE('',#1040,#1041,#811,.T.);
#1354=EDGE_CURVE('',#1041,#1042,#812,.T.);
#1355=EDGE_CURVE('',#1042,#1043,#813,.T.);
#1356=EDGE_CURVE('',#1043,#1044,#814,.T.);
#1357=EDGE_CURVE('',#1044,#1045,#815,.T.);
#1358=EDGE_CURVE('',#1045,#1046,#816,.T.);
#1359=EDGE_CURVE('',#1046,#1047,#817,.T.);
#1360=EDGE_CURVE('',#1047,#1048,#818,.T.);
#1361=EDGE_CURVE('',#1048,#1049,#819,.T.);
#1362=EDGE_CURVE('',#1049,#1038,#820,.T.);
#1363=EDGE_CURVE('',#1050,#1051,#450,.T.);
#1364=EDGE_CURVE('',#1051,#1052,#451,.T.);
#1365=EDGE_CURVE('',#1052,#1053,#452,.T.);
#1366=EDGE_CURVE('',#1053,#1050,#453,.T.);
#1367=EDGE_CURVE('',#1054,#1055,#454,.T.);
#1368=EDGE_CURVE('',#1055,#1056,#821,.T.);
#1369=EDGE_CURVE('',#1056,#1057,#822,.T.);
#1370=EDGE_CURVE('',#1057,#1058,#823,.T.);
#1371=EDGE_CURVE('',#1058,#1059,#824,.T.);
#1372=EDGE_CURVE('',#1059,#1060,#825,.T.);
#1373=EDGE_CURVE('',#1060,#1061,#826,.T.);
#1374=EDGE_CURVE('',#1061,#1062,#827,.T.);
#1375=EDGE_CURVE('',#1062,#1063,#828,.T.);
#1376=EDGE_CURVE('',#1063,#1064,#829,.T.);
#1377=EDGE_CURVE('',#1064,#1065,#830,.T.);
#1378=EDGE_CURVE('',#1065,#1066,#831,.T.);
#1379=EDGE_CURVE('',#1066,#1067,#832,.T.);
#1380=EDGE_CURVE('',#1067,#1068,#833,.T.);
#1381=EDGE_CURVE('',#1068,#1069,#834,.T.);
#1382=EDGE_CURVE('',#1069,#1070,#835,.T.);
#1383=EDGE_CURVE('',#1070,#1071,#836,.T.);
#1384=EDGE_CURVE('',#1071,#1072,#837,.T.);
#1385=EDGE_CURVE('',#1072,#1073,#838,.T.);
#1386=EDGE_CURVE('',#1073,#1074,#839,.T.);
#1387=EDGE_CURVE('',#1074,#1075,#840,.T.);
#1388=EDGE_CURVE('',#1075,#1054,#841,.T.);
#1389=EDGE_CURVE('',#1029,#1064,#455,.T.);
#1390=EDGE_CURVE('',#1028,#1065,#456,.T.);
#1391=EDGE_CURVE('',#1030,#1063,#457,.T.);
#1392=EDGE_CURVE('',#1031,#1062,#458,.T.);
#1393=EDGE_CURVE('',#1032,#1061,#459,.T.);
#1394=EDGE_CURVE('',#1033,#1060,#460,.T.);
#1395=EDGE_CURVE('',#1034,#1059,#461,.T.);
#1396=EDGE_CURVE('',#1035,#1058,#462,.T.);
#1397=EDGE_CURVE('',#1036,#1057,#463,.T.);
#1398=EDGE_CURVE('',#1037,#1056,#464,.T.);
#1399=EDGE_CURVE('',#1016,#1055,#465,.T.);
#1400=EDGE_CURVE('',#1017,#1054,#466,.T.);
#1401=EDGE_CURVE('',#1018,#1075,#467,.T.);
#1402=EDGE_CURVE('',#1019,#1074,#468,.T.);
#1403=EDGE_CURVE('',#1020,#1073,#469,.T.);
#1404=EDGE_CURVE('',#1021,#1072,#470,.T.);
#1405=EDGE_CURVE('',#1022,#1071,#471,.T.);
#1406=EDGE_CURVE('',#1023,#1070,#472,.T.);
#1407=EDGE_CURVE('',#1024,#1069,#473,.T.);
#1408=EDGE_CURVE('',#1025,#1068,#474,.T.);
#1409=EDGE_CURVE('',#1026,#1067,#475,.T.);
#1410=EDGE_CURVE('',#1027,#1066,#476,.T.);
#1411=EDGE_CURVE('',#1012,#1051,#477,.T.);
#1412=EDGE_CURVE('',#1015,#1052,#478,.T.);
#1413=EDGE_CURVE('',#1013,#1050,#479,.T.);
#1414=EDGE_CURVE('',#1014,#1053,#480,.T.);
#1415=EDGE_CURVE('',#1008,#1043,#481,.T.);
#1416=EDGE_CURVE('',#1007,#1044,#482,.T.);
#1417=EDGE_CURVE('',#1009,#1042,#483,.T.);
#1418=EDGE_CURVE('',#1010,#1041,#484,.T.);
#1419=EDGE_CURVE('',#1011,#1040,#485,.T.);
#1420=EDGE_CURVE('',#1000,#1039,#486,.T.);
#1421=EDGE_CURVE('',#1001,#1038,#487,.T.);
#1422=EDGE_CURVE('',#1002,#1049,#488,.T.);
#1423=EDGE_CURVE('',#1003,#1048,#489,.T.);
#1424=EDGE_CURVE('',#1004,#1047,#490,.T.);
#1425=EDGE_CURVE('',#1005,#1046,#491,.T.);
#1426=EDGE_CURVE('',#1006,#1045,#492,.T.);
#1427=ORIENTED_EDGE('',*,*,#1076,.F.);
#1428=ORIENTED_EDGE('',*,*,#1077,.F.);
#1429=ORIENTED_EDGE('',*,*,#1078,.F.);
#1430=ORIENTED_EDGE('',*,*,#1079,.T.);
#1431=ORIENTED_EDGE('',*,*,#1080,.F.);
#1432=ORIENTED_EDGE('',*,*,#1079,.F.);
#1433=ORIENTED_EDGE('',*,*,#1081,.F.);
#1434=ORIENTED_EDGE('',*,*,#1082,.T.);
#1435=ORIENTED_EDGE('',*,*,#1083,.F.);
#1436=ORIENTED_EDGE('',*,*,#1082,.F.);
#1437=ORIENTED_EDGE('',*,*,#1084,.F.);
#1438=ORIENTED_EDGE('',*,*,#1085,.T.);
#1439=ORIENTED_EDGE('',*,*,#1086,.F.);
#1440=ORIENTED_EDGE('',*,*,#1085,.F.);
#1441=ORIENTED_EDGE('',*,*,#1087,.F.);
#1442=ORIENTED_EDGE('',*,*,#1088,.T.);
#1443=ORIENTED_EDGE('',*,*,#1089,.F.);
#1444=ORIENTED_EDGE('',*,*,#1088,.F.);
#1445=ORIENTED_EDGE('',*,*,#1090,.F.);
#1446=ORIENTED_EDGE('',*,*,#1091,.T.);
#1447=ORIENTED_EDGE('',*,*,#1092,.F.);
#1448=ORIENTED_EDGE('',*,*,#1091,.F.);
#1449=ORIENTED_EDGE('',*,*,#1093,.F.);
#1450=ORIENTED_EDGE('',*,*,#1094,.T.);
#1451=ORIENTED_EDGE('',*,*,#1095,.F.);
#1452=ORIENTED_EDGE('',*,*,#1094,.F.);
#1453=ORIENTED_EDGE('',*,*,#1096,.F.);
#1454=ORIENTED_EDGE('',*,*,#1097,.T.);
#1455=ORIENTED_EDGE('',*,*,#1098,.F.);
#1456=ORIENTED_EDGE('',*,*,#1097,.F.);
#1457=ORIENTED_EDGE('',*,*,#1099,.F.);
#1458=ORIENTED_EDGE('',*,*,#1077,.T.);
#1459=ORIENTED_EDGE('',*,*,#1089,.T.);
#1460=ORIENTED_EDGE('',*,*,#1092,.T.);
#1461=ORIENTED_EDGE('',*,*,#1095,.T.);
#1462=ORIENTED_EDGE('',*,*,#1098,.T.);
#1463=ORIENTED_EDGE('',*,*,#1076,.T.);
#1464=ORIENTED_EDGE('',*,*,#1080,.T.);
#1465=ORIENTED_EDGE('',*,*,#1083,.T.);
#1466=ORIENTED_EDGE('',*,*,#1086,.T.);
#1467=ORIENTED_EDGE('',*,*,#1090,.T.);
#1468=ORIENTED_EDGE('',*,*,#1087,.T.);
#1469=ORIENTED_EDGE('',*,*,#1084,.T.);
#1470=ORIENTED_EDGE('',*,*,#1081,.T.);
#1471=ORIENTED_EDGE('',*,*,#1078,.T.);
#1472=ORIENTED_EDGE('',*,*,#1099,.T.);
#1473=ORIENTED_EDGE('',*,*,#1096,.T.);
#1474=ORIENTED_EDGE('',*,*,#1093,.T.);
#1475=ORIENTED_EDGE('',*,*,#1100,.T.);
#1476=ORIENTED_EDGE('',*,*,#1101,.F.);
#1477=ORIENTED_EDGE('',*,*,#1102,.F.);
#1478=ORIENTED_EDGE('',*,*,#1103,.T.);
#1479=ORIENTED_EDGE('',*,*,#1104,.T.);
#1480=ORIENTED_EDGE('',*,*,#1105,.F.);
#1481=ORIENTED_EDGE('',*,*,#1106,.F.);
#1482=ORIENTED_EDGE('',*,*,#1101,.T.);
#1483=ORIENTED_EDGE('',*,*,#1107,.T.);
#1484=ORIENTED_EDGE('',*,*,#1108,.F.);
#1485=ORIENTED_EDGE('',*,*,#1109,.F.);
#1486=ORIENTED_EDGE('',*,*,#1105,.T.);
#1487=ORIENTED_EDGE('',*,*,#1110,.T.);
#1488=ORIENTED_EDGE('',*,*,#1111,.F.);
#1489=ORIENTED_EDGE('',*,*,#1112,.F.);
#1490=ORIENTED_EDGE('',*,*,#1108,.T.);
#1491=ORIENTED_EDGE('',*,*,#1113,.T.);
#1492=ORIENTED_EDGE('',*,*,#1114,.F.);
#1493=ORIENTED_EDGE('',*,*,#1115,.F.);
#1494=ORIENTED_EDGE('',*,*,#1116,.T.);
#1495=ORIENTED_EDGE('',*,*,#1117,.T.);
#1496=ORIENTED_EDGE('',*,*,#1118,.F.);
#1497=ORIENTED_EDGE('',*,*,#1119,.F.);
#1498=ORIENTED_EDGE('',*,*,#1114,.T.);
#1499=ORIENTED_EDGE('',*,*,#1120,.T.);
#1500=ORIENTED_EDGE('',*,*,#1121,.F.);
#1501=ORIENTED_EDGE('',*,*,#1122,.F.);
#1502=ORIENTED_EDGE('',*,*,#1118,.T.);
#1503=ORIENTED_EDGE('',*,*,#1123,.T.);
#1504=ORIENTED_EDGE('',*,*,#1124,.F.);
#1505=ORIENTED_EDGE('',*,*,#1125,.F.);
#1506=ORIENTED_EDGE('',*,*,#1121,.T.);
#1507=ORIENTED_EDGE('',*,*,#1126,.T.);
#1508=ORIENTED_EDGE('',*,*,#1127,.F.);
#1509=ORIENTED_EDGE('',*,*,#1128,.F.);
#1510=ORIENTED_EDGE('',*,*,#1124,.T.);
#1511=ORIENTED_EDGE('',*,*,#1129,.T.);
#1512=ORIENTED_EDGE('',*,*,#1130,.F.);
#1513=ORIENTED_EDGE('',*,*,#1131,.F.);
#1514=ORIENTED_EDGE('',*,*,#1127,.T.);
#1515=ORIENTED_EDGE('',*,*,#1132,.T.);
#1516=ORIENTED_EDGE('',*,*,#1133,.F.);
#1517=ORIENTED_EDGE('',*,*,#1134,.F.);
#1518=ORIENTED_EDGE('',*,*,#1111,.T.);
#1519=ORIENTED_EDGE('',*,*,#1135,.T.);
#1520=ORIENTED_EDGE('',*,*,#1136,.F.);
#1521=ORIENTED_EDGE('',*,*,#1137,.F.);
#1522=ORIENTED_EDGE('',*,*,#1133,.T.);
#1523=ORIENTED_EDGE('',*,*,#1138,.T.);
#1524=ORIENTED_EDGE('',*,*,#1139,.F.);
#1525=ORIENTED_EDGE('',*,*,#1140,.F.);
#1526=ORIENTED_EDGE('',*,*,#1136,.T.);
#1527=ORIENTED_EDGE('',*,*,#1141,.T.);
#1528=ORIENTED_EDGE('',*,*,#1103,.F.);
#1529=ORIENTED_EDGE('',*,*,#1142,.F.);
#1530=ORIENTED_EDGE('',*,*,#1139,.T.);
#1531=ORIENTED_EDGE('',*,*,#1143,.T.);
#1532=ORIENTED_EDGE('',*,*,#1144,.F.);
#1533=ORIENTED_EDGE('',*,*,#1145,.F.);
#1534=ORIENTED_EDGE('',*,*,#1130,.T.);
#1535=ORIENTED_EDGE('',*,*,#1146,.T.);
#1536=ORIENTED_EDGE('',*,*,#1147,.F.);
#1537=ORIENTED_EDGE('',*,*,#1148,.F.);
#1538=ORIENTED_EDGE('',*,*,#1144,.T.);
#1539=ORIENTED_EDGE('',*,*,#1149,.T.);
#1540=ORIENTED_EDGE('',*,*,#1150,.F.);
#1541=ORIENTED_EDGE('',*,*,#1151,.F.);
#1542=ORIENTED_EDGE('',*,*,#1147,.T.);
#1543=ORIENTED_EDGE('',*,*,#1152,.T.);
#1544=ORIENTED_EDGE('',*,*,#1153,.F.);
#1545=ORIENTED_EDGE('',*,*,#1154,.F.);
#1546=ORIENTED_EDGE('',*,*,#1150,.T.);
#1547=ORIENTED_EDGE('',*,*,#1155,.T.);
#1548=ORIENTED_EDGE('',*,*,#1156,.F.);
#1549=ORIENTED_EDGE('',*,*,#1157,.F.);
#1550=ORIENTED_EDGE('',*,*,#1153,.T.);
#1551=ORIENTED_EDGE('',*,*,#1158,.T.);
#1552=ORIENTED_EDGE('',*,*,#1116,.F.);
#1553=ORIENTED_EDGE('',*,*,#1159,.F.);
#1554=ORIENTED_EDGE('',*,*,#1156,.T.);
#1555=ORIENTED_EDGE('',*,*,#1131,.T.);
#1556=ORIENTED_EDGE('',*,*,#1145,.T.);
#1557=ORIENTED_EDGE('',*,*,#1148,.T.);
#1558=ORIENTED_EDGE('',*,*,#1151,.T.);
#1559=ORIENTED_EDGE('',*,*,#1154,.T.);
#1560=ORIENTED_EDGE('',*,*,#1157,.T.);
#1561=ORIENTED_EDGE('',*,*,#1159,.T.);
#1562=ORIENTED_EDGE('',*,*,#1115,.T.);
#1563=ORIENTED_EDGE('',*,*,#1119,.T.);
#1564=ORIENTED_EDGE('',*,*,#1122,.T.);
#1565=ORIENTED_EDGE('',*,*,#1125,.T.);
#1566=ORIENTED_EDGE('',*,*,#1128,.T.);
#1567=ORIENTED_EDGE('',*,*,#1112,.T.);
#1568=ORIENTED_EDGE('',*,*,#1134,.T.);
#1569=ORIENTED_EDGE('',*,*,#1137,.T.);
#1570=ORIENTED_EDGE('',*,*,#1140,.T.);
#1571=ORIENTED_EDGE('',*,*,#1142,.T.);
#1572=ORIENTED_EDGE('',*,*,#1102,.T.);
#1573=ORIENTED_EDGE('',*,*,#1106,.T.);
#1574=ORIENTED_EDGE('',*,*,#1109,.T.);
#1575=ORIENTED_EDGE('',*,*,#1143,.F.);
#1576=ORIENTED_EDGE('',*,*,#1129,.F.);
#1577=ORIENTED_EDGE('',*,*,#1126,.F.);
#1578=ORIENTED_EDGE('',*,*,#1123,.F.);
#1579=ORIENTED_EDGE('',*,*,#1120,.F.);
#1580=ORIENTED_EDGE('',*,*,#1117,.F.);
#1581=ORIENTED_EDGE('',*,*,#1113,.F.);
#1582=ORIENTED_EDGE('',*,*,#1158,.F.);
#1583=ORIENTED_EDGE('',*,*,#1155,.F.);
#1584=ORIENTED_EDGE('',*,*,#1152,.F.);
#1585=ORIENTED_EDGE('',*,*,#1149,.F.);
#1586=ORIENTED_EDGE('',*,*,#1146,.F.);
#1587=ORIENTED_EDGE('',*,*,#1132,.F.);
#1588=ORIENTED_EDGE('',*,*,#1110,.F.);
#1589=ORIENTED_EDGE('',*,*,#1107,.F.);
#1590=ORIENTED_EDGE('',*,*,#1104,.F.);
#1591=ORIENTED_EDGE('',*,*,#1100,.F.);
#1592=ORIENTED_EDGE('',*,*,#1141,.F.);
#1593=ORIENTED_EDGE('',*,*,#1138,.F.);
#1594=ORIENTED_EDGE('',*,*,#1135,.F.);
#1595=ORIENTED_EDGE('',*,*,#1160,.T.);
#1596=ORIENTED_EDGE('',*,*,#1161,.F.);
#1597=ORIENTED_EDGE('',*,*,#1162,.F.);
#1598=ORIENTED_EDGE('',*,*,#1163,.T.);
#1599=ORIENTED_EDGE('',*,*,#1164,.T.);
#1600=ORIENTED_EDGE('',*,*,#1165,.F.);
#1601=ORIENTED_EDGE('',*,*,#1166,.F.);
#1602=ORIENTED_EDGE('',*,*,#1161,.T.);
#1603=ORIENTED_EDGE('',*,*,#1167,.T.);
#1604=ORIENTED_EDGE('',*,*,#1168,.F.);
#1605=ORIENTED_EDGE('',*,*,#1169,.F.);
#1606=ORIENTED_EDGE('',*,*,#1165,.T.);
#1607=ORIENTED_EDGE('',*,*,#1170,.T.);
#1608=ORIENTED_EDGE('',*,*,#1163,.F.);
#1609=ORIENTED_EDGE('',*,*,#1171,.F.);
#1610=ORIENTED_EDGE('',*,*,#1168,.T.);
#1611=ORIENTED_EDGE('',*,*,#1166,.T.);
#1612=ORIENTED_EDGE('',*,*,#1169,.T.);
#1613=ORIENTED_EDGE('',*,*,#1171,.T.);
#1614=ORIENTED_EDGE('',*,*,#1162,.T.);
#1615=ORIENTED_EDGE('',*,*,#1167,.F.);
#1616=ORIENTED_EDGE('',*,*,#1164,.F.);
#1617=ORIENTED_EDGE('',*,*,#1160,.F.);
#1618=ORIENTED_EDGE('',*,*,#1170,.F.);
#1619=ORIENTED_EDGE('',*,*,#1172,.T.);
#1620=ORIENTED_EDGE('',*,*,#1173,.F.);
#1621=ORIENTED_EDGE('',*,*,#1174,.F.);
#1622=ORIENTED_EDGE('',*,*,#1175,.T.);
#1623=ORIENTED_EDGE('',*,*,#1176,.T.);
#1624=ORIENTED_EDGE('',*,*,#1177,.F.);
#1625=ORIENTED_EDGE('',*,*,#1178,.F.);
#1626=ORIENTED_EDGE('',*,*,#1173,.T.);
#1627=ORIENTED_EDGE('',*,*,#1179,.T.);
#1628=ORIENTED_EDGE('',*,*,#1180,.F.);
#1629=ORIENTED_EDGE('',*,*,#1181,.F.);
#1630=ORIENTED_EDGE('',*,*,#1177,.T.);
#1631=ORIENTED_EDGE('',*,*,#1182,.T.);
#1632=ORIENTED_EDGE('',*,*,#1183,.F.);
#1633=ORIENTED_EDGE('',*,*,#1184,.F.);
#1634=ORIENTED_EDGE('',*,*,#1180,.T.);
#1635=ORIENTED_EDGE('',*,*,#1185,.T.);
#1636=ORIENTED_EDGE('',*,*,#1186,.F.);
#1637=ORIENTED_EDGE('',*,*,#1187,.F.);
#1638=ORIENTED_EDGE('',*,*,#1188,.T.);
#1639=ORIENTED_EDGE('',*,*,#1189,.T.);
#1640=ORIENTED_EDGE('',*,*,#1190,.F.);
#1641=ORIENTED_EDGE('',*,*,#1191,.F.);
#1642=ORIENTED_EDGE('',*,*,#1186,.T.);
#1643=ORIENTED_EDGE('',*,*,#1192,.T.);
#1644=ORIENTED_EDGE('',*,*,#1193,.F.);
#1645=ORIENTED_EDGE('',*,*,#1194,.F.);
#1646=ORIENTED_EDGE('',*,*,#1190,.T.);
#1647=ORIENTED_EDGE('',*,*,#1195,.T.);
#1648=ORIENTED_EDGE('',*,*,#1196,.F.);
#1649=ORIENTED_EDGE('',*,*,#1197,.F.);
#1650=ORIENTED_EDGE('',*,*,#1193,.T.);
#1651=ORIENTED_EDGE('',*,*,#1198,.T.);
#1652=ORIENTED_EDGE('',*,*,#1199,.F.);
#1653=ORIENTED_EDGE('',*,*,#1200,.F.);
#1654=ORIENTED_EDGE('',*,*,#1196,.T.);
#1655=ORIENTED_EDGE('',*,*,#1201,.T.);
#1656=ORIENTED_EDGE('',*,*,#1202,.F.);
#1657=ORIENTED_EDGE('',*,*,#1203,.F.);
#1658=ORIENTED_EDGE('',*,*,#1199,.T.);
#1659=ORIENTED_EDGE('',*,*,#1204,.T.);
#1660=ORIENTED_EDGE('',*,*,#1205,.F.);
#1661=ORIENTED_EDGE('',*,*,#1206,.F.);
#1662=ORIENTED_EDGE('',*,*,#1202,.T.);
#1663=ORIENTED_EDGE('',*,*,#1207,.T.);
#1664=ORIENTED_EDGE('',*,*,#1208,.F.);
#1665=ORIENTED_EDGE('',*,*,#1209,.F.);
#1666=ORIENTED_EDGE('',*,*,#1205,.T.);
#1667=ORIENTED_EDGE('',*,*,#1210,.T.);
#1668=ORIENTED_EDGE('',*,*,#1211,.F.);
#1669=ORIENTED_EDGE('',*,*,#1212,.F.);
#1670=ORIENTED_EDGE('',*,*,#1208,.T.);
#1671=ORIENTED_EDGE('',*,*,#1213,.T.);
#1672=ORIENTED_EDGE('',*,*,#1214,.F.);
#1673=ORIENTED_EDGE('',*,*,#1215,.F.);
#1674=ORIENTED_EDGE('',*,*,#1211,.T.);
#1675=ORIENTED_EDGE('',*,*,#1216,.T.);
#1676=ORIENTED_EDGE('',*,*,#1217,.F.);
#1677=ORIENTED_EDGE('',*,*,#1218,.F.);
#1678=ORIENTED_EDGE('',*,*,#1214,.T.);
#1679=ORIENTED_EDGE('',*,*,#1219,.T.);
#1680=ORIENTED_EDGE('',*,*,#1220,.F.);
#1681=ORIENTED_EDGE('',*,*,#1221,.F.);
#1682=ORIENTED_EDGE('',*,*,#1183,.T.);
#1683=ORIENTED_EDGE('',*,*,#1222,.T.);
#1684=ORIENTED_EDGE('',*,*,#1223,.F.);
#1685=ORIENTED_EDGE('',*,*,#1224,.F.);
#1686=ORIENTED_EDGE('',*,*,#1220,.T.);
#1687=ORIENTED_EDGE('',*,*,#1225,.T.);
#1688=ORIENTED_EDGE('',*,*,#1226,.F.);
#1689=ORIENTED_EDGE('',*,*,#1227,.F.);
#1690=ORIENTED_EDGE('',*,*,#1223,.T.);
#1691=ORIENTED_EDGE('',*,*,#1228,.T.);
#1692=ORIENTED_EDGE('',*,*,#1175,.F.);
#1693=ORIENTED_EDGE('',*,*,#1229,.F.);
#1694=ORIENTED_EDGE('',*,*,#1226,.T.);
#1695=ORIENTED_EDGE('',*,*,#1230,.T.);
#1696=ORIENTED_EDGE('',*,*,#1231,.F.);
#1697=ORIENTED_EDGE('',*,*,#1232,.F.);
#1698=ORIENTED_EDGE('',*,*,#1217,.T.);
#1699=ORIENTED_EDGE('',*,*,#1233,.T.);
#1700=ORIENTED_EDGE('',*,*,#1234,.F.);
#1701=ORIENTED_EDGE('',*,*,#1235,.F.);
#1702=ORIENTED_EDGE('',*,*,#1231,.T.);
#1703=ORIENTED_EDGE('',*,*,#1236,.T.);
#1704=ORIENTED_EDGE('',*,*,#1237,.F.);
#1705=ORIENTED_EDGE('',*,*,#1238,.F.);
#1706=ORIENTED_EDGE('',*,*,#1234,.T.);
#1707=ORIENTED_EDGE('',*,*,#1239,.T.);
#1708=ORIENTED_EDGE('',*,*,#1240,.F.);
#1709=ORIENTED_EDGE('',*,*,#1241,.F.);
#1710=ORIENTED_EDGE('',*,*,#1237,.T.);
#1711=ORIENTED_EDGE('',*,*,#1242,.T.);
#1712=ORIENTED_EDGE('',*,*,#1243,.F.);
#1713=ORIENTED_EDGE('',*,*,#1244,.F.);
#1714=ORIENTED_EDGE('',*,*,#1240,.T.);
#1715=ORIENTED_EDGE('',*,*,#1245,.T.);
#1716=ORIENTED_EDGE('',*,*,#1246,.F.);
#1717=ORIENTED_EDGE('',*,*,#1247,.F.);
#1718=ORIENTED_EDGE('',*,*,#1243,.T.);
#1719=ORIENTED_EDGE('',*,*,#1248,.T.);
#1720=ORIENTED_EDGE('',*,*,#1249,.F.);
#1721=ORIENTED_EDGE('',*,*,#1250,.F.);
#1722=ORIENTED_EDGE('',*,*,#1246,.T.);
#1723=ORIENTED_EDGE('',*,*,#1251,.T.);
#1724=ORIENTED_EDGE('',*,*,#1252,.F.);
#1725=ORIENTED_EDGE('',*,*,#1253,.F.);
#1726=ORIENTED_EDGE('',*,*,#1249,.T.);
#1727=ORIENTED_EDGE('',*,*,#1254,.T.);
#1728=ORIENTED_EDGE('',*,*,#1255,.F.);
#1729=ORIENTED_EDGE('',*,*,#1256,.F.);
#1730=ORIENTED_EDGE('',*,*,#1252,.T.);
#1731=ORIENTED_EDGE('',*,*,#1257,.T.);
#1732=ORIENTED_EDGE('',*,*,#1258,.F.);
#1733=ORIENTED_EDGE('',*,*,#1259,.F.);
#1734=ORIENTED_EDGE('',*,*,#1255,.T.);
#1735=ORIENTED_EDGE('',*,*,#1260,.T.);
#1736=ORIENTED_EDGE('',*,*,#1188,.F.);
#1737=ORIENTED_EDGE('',*,*,#1261,.F.);
#1738=ORIENTED_EDGE('',*,*,#1258,.T.);
#1739=ORIENTED_EDGE('',*,*,#1218,.T.);
#1740=ORIENTED_EDGE('',*,*,#1232,.T.);
#1741=ORIENTED_EDGE('',*,*,#1235,.T.);
#1742=ORIENTED_EDGE('',*,*,#1238,.T.);
#1743=ORIENTED_EDGE('',*,*,#1241,.T.);
#1744=ORIENTED_EDGE('',*,*,#1244,.T.);
#1745=ORIENTED_EDGE('',*,*,#1247,.T.);
#1746=ORIENTED_EDGE('',*,*,#1250,.T.);
#1747=ORIENTED_EDGE('',*,*,#1253,.T.);
#1748=ORIENTED_EDGE('',*,*,#1256,.T.);
#1749=ORIENTED_EDGE('',*,*,#1259,.T.);
#1750=ORIENTED_EDGE('',*,*,#1261,.T.);
#1751=ORIENTED_EDGE('',*,*,#1187,.T.);
#1752=ORIENTED_EDGE('',*,*,#1191,.T.);
#1753=ORIENTED_EDGE('',*,*,#1194,.T.);
#1754=ORIENTED_EDGE('',*,*,#1197,.T.);
#1755=ORIENTED_EDGE('',*,*,#1200,.T.);
#1756=ORIENTED_EDGE('',*,*,#1203,.T.);
#1757=ORIENTED_EDGE('',*,*,#1206,.T.);
#1758=ORIENTED_EDGE('',*,*,#1209,.T.);
#1759=ORIENTED_EDGE('',*,*,#1212,.T.);
#1760=ORIENTED_EDGE('',*,*,#1215,.T.);
#1761=ORIENTED_EDGE('',*,*,#1184,.T.);
#1762=ORIENTED_EDGE('',*,*,#1221,.T.);
#1763=ORIENTED_EDGE('',*,*,#1224,.T.);
#1764=ORIENTED_EDGE('',*,*,#1227,.T.);
#1765=ORIENTED_EDGE('',*,*,#1229,.T.);
#1766=ORIENTED_EDGE('',*,*,#1174,.T.);
#1767=ORIENTED_EDGE('',*,*,#1178,.T.);
#1768=ORIENTED_EDGE('',*,*,#1181,.T.);
#1769=ORIENTED_EDGE('',*,*,#1230,.F.);
#1770=ORIENTED_EDGE('',*,*,#1216,.F.);
#1771=ORIENTED_EDGE('',*,*,#1213,.F.);
#1772=ORIENTED_EDGE('',*,*,#1210,.F.);
#1773=ORIENTED_EDGE('',*,*,#1207,.F.);
#1774=ORIENTED_EDGE('',*,*,#1204,.F.);
#1775=ORIENTED_EDGE('',*,*,#1201,.F.);
#1776=ORIENTED_EDGE('',*,*,#1198,.F.);
#1777=ORIENTED_EDGE('',*,*,#1195,.F.);
#1778=ORIENTED_EDGE('',*,*,#1192,.F.);
#1779=ORIENTED_EDGE('',*,*,#1189,.F.);
#1780=ORIENTED_EDGE('',*,*,#1185,.F.);
#1781=ORIENTED_EDGE('',*,*,#1260,.F.);
#1782=ORIENTED_EDGE('',*,*,#1257,.F.);
#1783=ORIENTED_EDGE('',*,*,#1254,.F.);
#1784=ORIENTED_EDGE('',*,*,#1251,.F.);
#1785=ORIENTED_EDGE('',*,*,#1248,.F.);
#1786=ORIENTED_EDGE('',*,*,#1245,.F.);
#1787=ORIENTED_EDGE('',*,*,#1242,.F.);
#1788=ORIENTED_EDGE('',*,*,#1239,.F.);
#1789=ORIENTED_EDGE('',*,*,#1236,.F.);
#1790=ORIENTED_EDGE('',*,*,#1233,.F.);
#1791=ORIENTED_EDGE('',*,*,#1219,.F.);
#1792=ORIENTED_EDGE('',*,*,#1182,.F.);
#1793=ORIENTED_EDGE('',*,*,#1179,.F.);
#1794=ORIENTED_EDGE('',*,*,#1176,.F.);
#1795=ORIENTED_EDGE('',*,*,#1172,.F.);
#1796=ORIENTED_EDGE('',*,*,#1228,.F.);
#1797=ORIENTED_EDGE('',*,*,#1225,.F.);
#1798=ORIENTED_EDGE('',*,*,#1222,.F.);
#1799=ORIENTED_EDGE('',*,*,#1262,.F.);
#1800=ORIENTED_EDGE('',*,*,#1263,.F.);
#1801=ORIENTED_EDGE('',*,*,#1264,.F.);
#1802=ORIENTED_EDGE('',*,*,#1265,.T.);
#1803=ORIENTED_EDGE('',*,*,#1266,.F.);
#1804=ORIENTED_EDGE('',*,*,#1265,.F.);
#1805=ORIENTED_EDGE('',*,*,#1267,.F.);
#1806=ORIENTED_EDGE('',*,*,#1268,.T.);
#1807=ORIENTED_EDGE('',*,*,#1269,.F.);
#1808=ORIENTED_EDGE('',*,*,#1268,.F.);
#1809=ORIENTED_EDGE('',*,*,#1270,.F.);
#1810=ORIENTED_EDGE('',*,*,#1271,.T.);
#1811=ORIENTED_EDGE('',*,*,#1272,.F.);
#1812=ORIENTED_EDGE('',*,*,#1271,.F.);
#1813=ORIENTED_EDGE('',*,*,#1273,.F.);
#1814=ORIENTED_EDGE('',*,*,#1274,.T.);
#1815=ORIENTED_EDGE('',*,*,#1275,.F.);
#1816=ORIENTED_EDGE('',*,*,#1274,.F.);
#1817=ORIENTED_EDGE('',*,*,#1276,.F.);
#1818=ORIENTED_EDGE('',*,*,#1277,.T.);
#1819=ORIENTED_EDGE('',*,*,#1278,.F.);
#1820=ORIENTED_EDGE('',*,*,#1277,.F.);
#1821=ORIENTED_EDGE('',*,*,#1279,.F.);
#1822=ORIENTED_EDGE('',*,*,#1280,.T.);
#1823=ORIENTED_EDGE('',*,*,#1281,.F.);
#1824=ORIENTED_EDGE('',*,*,#1280,.F.);
#1825=ORIENTED_EDGE('',*,*,#1282,.F.);
#1826=ORIENTED_EDGE('',*,*,#1283,.T.);
#1827=ORIENTED_EDGE('',*,*,#1284,.F.);
#1828=ORIENTED_EDGE('',*,*,#1283,.F.);
#1829=ORIENTED_EDGE('',*,*,#1285,.F.);
#1830=ORIENTED_EDGE('',*,*,#1263,.T.);
#1831=ORIENTED_EDGE('',*,*,#1275,.T.);
#1832=ORIENTED_EDGE('',*,*,#1278,.T.);
#1833=ORIENTED_EDGE('',*,*,#1281,.T.);
#1834=ORIENTED_EDGE('',*,*,#1284,.T.);
#1835=ORIENTED_EDGE('',*,*,#1262,.T.);
#1836=ORIENTED_EDGE('',*,*,#1266,.T.);
#1837=ORIENTED_EDGE('',*,*,#1269,.T.);
#1838=ORIENTED_EDGE('',*,*,#1272,.T.);
#1839=ORIENTED_EDGE('',*,*,#1276,.T.);
#1840=ORIENTED_EDGE('',*,*,#1273,.T.);
#1841=ORIENTED_EDGE('',*,*,#1270,.T.);
#1842=ORIENTED_EDGE('',*,*,#1267,.T.);
#1843=ORIENTED_EDGE('',*,*,#1264,.T.);
#1844=ORIENTED_EDGE('',*,*,#1285,.T.);
#1845=ORIENTED_EDGE('',*,*,#1282,.T.);
#1846=ORIENTED_EDGE('',*,*,#1279,.T.);
#1847=ORIENTED_EDGE('',*,*,#1286,.T.);
#1848=ORIENTED_EDGE('',*,*,#1287,.T.);
#1849=ORIENTED_EDGE('',*,*,#1288,.T.);
#1850=ORIENTED_EDGE('',*,*,#1289,.T.);
#1851=ORIENTED_EDGE('',*,*,#1290,.F.);
#1852=ORIENTED_EDGE('',*,*,#1291,.T.);
#1853=ORIENTED_EDGE('',*,*,#1292,.T.);
#1854=ORIENTED_EDGE('',*,*,#1293,.F.);
#1855=ORIENTED_EDGE('',*,*,#1294,.F.);
#1856=ORIENTED_EDGE('',*,*,#1295,.T.);
#1857=ORIENTED_EDGE('',*,*,#1286,.F.);
#1858=ORIENTED_EDGE('',*,*,#1296,.F.);
#1859=ORIENTED_EDGE('',*,*,#1297,.T.);
#1860=ORIENTED_EDGE('',*,*,#1298,.T.);
#1861=ORIENTED_EDGE('',*,*,#1287,.F.);
#1862=ORIENTED_EDGE('',*,*,#1295,.F.);
#1863=ORIENTED_EDGE('',*,*,#1299,.F.);
#1864=ORIENTED_EDGE('',*,*,#1300,.T.);
#1865=ORIENTED_EDGE('',*,*,#1288,.F.);
#1866=ORIENTED_EDGE('',*,*,#1298,.F.);
#1867=ORIENTED_EDGE('',*,*,#1301,.F.);
#1868=ORIENTED_EDGE('',*,*,#1302,.T.);
#1869=ORIENTED_EDGE('',*,*,#1303,.T.);
#1870=ORIENTED_EDGE('',*,*,#1304,.F.);
#1871=ORIENTED_EDGE('',*,*,#1305,.F.);
#1872=ORIENTED_EDGE('',*,*,#1296,.T.);
#1873=ORIENTED_EDGE('',*,*,#1289,.F.);
#1874=ORIENTED_EDGE('',*,*,#1300,.F.);
#1875=ORIENTED_EDGE('',*,*,#1306,.F.);
#1876=ORIENTED_EDGE('',*,*,#1303,.F.);
#1877=ORIENTED_EDGE('',*,*,#1307,.F.);
#1878=ORIENTED_EDGE('',*,*,#1292,.F.);
#1879=ORIENTED_EDGE('',*,*,#1308,.F.);
#1880=ORIENTED_EDGE('',*,*,#1306,.T.);
#1881=ORIENTED_EDGE('',*,*,#1291,.F.);
#1882=ORIENTED_EDGE('',*,*,#1309,.F.);
#1883=ORIENTED_EDGE('',*,*,#1304,.T.);
#1884=ORIENTED_EDGE('',*,*,#1308,.T.);
#1885=ORIENTED_EDGE('',*,*,#1310,.T.);
#1886=ORIENTED_EDGE('',*,*,#1311,.F.);
#1887=ORIENTED_EDGE('',*,*,#1310,.F.);
#1888=ORIENTED_EDGE('',*,*,#1312,.F.);
#1889=ORIENTED_EDGE('',*,*,#1293,.T.);
#1890=ORIENTED_EDGE('',*,*,#1307,.T.);
#1891=ORIENTED_EDGE('',*,*,#1302,.F.);
#1892=ORIENTED_EDGE('',*,*,#1290,.T.);
#1893=ORIENTED_EDGE('',*,*,#1305,.T.);
#1894=ORIENTED_EDGE('',*,*,#1299,.T.);
#1895=ORIENTED_EDGE('',*,*,#1309,.T.);
#1896=ORIENTED_EDGE('',*,*,#1313,.T.);
#1897=ORIENTED_EDGE('',*,*,#1314,.T.);
#1898=ORIENTED_EDGE('',*,*,#1315,.T.);
#1899=ORIENTED_EDGE('',*,*,#1316,.T.);
#1900=ORIENTED_EDGE('',*,*,#1317,.T.);
#1901=ORIENTED_EDGE('',*,*,#1318,.T.);
#1902=ORIENTED_EDGE('',*,*,#1319,.T.);
#1903=ORIENTED_EDGE('',*,*,#1320,.T.);
#1904=ORIENTED_EDGE('',*,*,#1321,.T.);
#1905=ORIENTED_EDGE('',*,*,#1322,.T.);
#1906=ORIENTED_EDGE('',*,*,#1323,.T.);
#1907=ORIENTED_EDGE('',*,*,#1324,.T.);
#1908=ORIENTED_EDGE('',*,*,#1325,.T.);
#1909=ORIENTED_EDGE('',*,*,#1326,.T.);
#1910=ORIENTED_EDGE('',*,*,#1327,.T.);
#1911=ORIENTED_EDGE('',*,*,#1328,.T.);
#1912=ORIENTED_EDGE('',*,*,#1329,.T.);
#1913=ORIENTED_EDGE('',*,*,#1330,.T.);
#1914=ORIENTED_EDGE('',*,*,#1331,.T.);
#1915=ORIENTED_EDGE('',*,*,#1332,.T.);
#1916=ORIENTED_EDGE('',*,*,#1333,.T.);
#1917=ORIENTED_EDGE('',*,*,#1334,.T.);
#1918=ORIENTED_EDGE('',*,*,#1335,.T.);
#1919=ORIENTED_EDGE('',*,*,#1336,.T.);
#1920=ORIENTED_EDGE('',*,*,#1337,.T.);
#1921=ORIENTED_EDGE('',*,*,#1338,.T.);
#1922=ORIENTED_EDGE('',*,*,#1339,.T.);
#1923=ORIENTED_EDGE('',*,*,#1340,.T.);
#1924=ORIENTED_EDGE('',*,*,#1341,.T.);
#1925=ORIENTED_EDGE('',*,*,#1342,.T.);
#1926=ORIENTED_EDGE('',*,*,#1343,.T.);
#1927=ORIENTED_EDGE('',*,*,#1344,.T.);
#1928=ORIENTED_EDGE('',*,*,#1345,.T.);
#1929=ORIENTED_EDGE('',*,*,#1346,.T.);
#1930=ORIENTED_EDGE('',*,*,#1347,.T.);
#1931=ORIENTED_EDGE('',*,*,#1348,.T.);
#1932=ORIENTED_EDGE('',*,*,#1349,.T.);
#1933=ORIENTED_EDGE('',*,*,#1350,.T.);
#1934=ORIENTED_EDGE('',*,*,#1311,.T.);
#1935=ORIENTED_EDGE('',*,*,#1297,.F.);
#1936=ORIENTED_EDGE('',*,*,#1294,.T.);
#1937=ORIENTED_EDGE('',*,*,#1312,.T.);
#1938=ORIENTED_EDGE('',*,*,#1301,.T.);
#1939=ORIENTED_EDGE('',*,*,#1351,.T.);
#1940=ORIENTED_EDGE('',*,*,#1352,.T.);
#1941=ORIENTED_EDGE('',*,*,#1353,.T.);
#1942=ORIENTED_EDGE('',*,*,#1354,.T.);
#1943=ORIENTED_EDGE('',*,*,#1355,.T.);
#1944=ORIENTED_EDGE('',*,*,#1356,.T.);
#1945=ORIENTED_EDGE('',*,*,#1357,.T.);
#1946=ORIENTED_EDGE('',*,*,#1358,.T.);
#1947=ORIENTED_EDGE('',*,*,#1359,.T.);
#1948=ORIENTED_EDGE('',*,*,#1360,.T.);
#1949=ORIENTED_EDGE('',*,*,#1361,.T.);
#1950=ORIENTED_EDGE('',*,*,#1362,.T.);
#1951=ORIENTED_EDGE('',*,*,#1363,.T.);
#1952=ORIENTED_EDGE('',*,*,#1364,.T.);
#1953=ORIENTED_EDGE('',*,*,#1365,.T.);
#1954=ORIENTED_EDGE('',*,*,#1366,.T.);
#1955=ORIENTED_EDGE('',*,*,#1367,.T.);
#1956=ORIENTED_EDGE('',*,*,#1368,.T.);
#1957=ORIENTED_EDGE('',*,*,#1369,.T.);
#1958=ORIENTED_EDGE('',*,*,#1370,.T.);
#1959=ORIENTED_EDGE('',*,*,#1371,.T.);
#1960=ORIENTED_EDGE('',*,*,#1372,.T.);
#1961=ORIENTED_EDGE('',*,*,#1373,.T.);
#1962=ORIENTED_EDGE('',*,*,#1374,.T.);
#1963=ORIENTED_EDGE('',*,*,#1375,.T.);
#1964=ORIENTED_EDGE('',*,*,#1376,.T.);
#1965=ORIENTED_EDGE('',*,*,#1377,.T.);
#1966=ORIENTED_EDGE('',*,*,#1378,.T.);
#1967=ORIENTED_EDGE('',*,*,#1379,.T.);
#1968=ORIENTED_EDGE('',*,*,#1380,.T.);
#1969=ORIENTED_EDGE('',*,*,#1381,.T.);
#1970=ORIENTED_EDGE('',*,*,#1382,.T.);
#1971=ORIENTED_EDGE('',*,*,#1383,.T.);
#1972=ORIENTED_EDGE('',*,*,#1384,.T.);
#1973=ORIENTED_EDGE('',*,*,#1385,.T.);
#1974=ORIENTED_EDGE('',*,*,#1386,.T.);
#1975=ORIENTED_EDGE('',*,*,#1387,.T.);
#1976=ORIENTED_EDGE('',*,*,#1388,.T.);
#1977=ORIENTED_EDGE('',*,*,#1377,.F.);
#1978=ORIENTED_EDGE('',*,*,#1389,.F.);
#1979=ORIENTED_EDGE('',*,*,#1341,.F.);
#1980=ORIENTED_EDGE('',*,*,#1390,.T.);
#1981=ORIENTED_EDGE('',*,*,#1376,.F.);
#1982=ORIENTED_EDGE('',*,*,#1391,.F.);
#1983=ORIENTED_EDGE('',*,*,#1342,.F.);
#1984=ORIENTED_EDGE('',*,*,#1389,.T.);
#1985=ORIENTED_EDGE('',*,*,#1375,.F.);
#1986=ORIENTED_EDGE('',*,*,#1392,.F.);
#1987=ORIENTED_EDGE('',*,*,#1343,.F.);
#1988=ORIENTED_EDGE('',*,*,#1391,.T.);
#1989=ORIENTED_EDGE('',*,*,#1374,.F.);
#1990=ORIENTED_EDGE('',*,*,#1393,.F.);
#1991=ORIENTED_EDGE('',*,*,#1344,.F.);
#1992=ORIENTED_EDGE('',*,*,#1392,.T.);
#1993=ORIENTED_EDGE('',*,*,#1373,.F.);
#1994=ORIENTED_EDGE('',*,*,#1394,.F.);
#1995=ORIENTED_EDGE('',*,*,#1345,.F.);
#1996=ORIENTED_EDGE('',*,*,#1393,.T.);
#1997=ORIENTED_EDGE('',*,*,#1372,.F.);
#1998=ORIENTED_EDGE('',*,*,#1395,.F.);
#1999=ORIENTED_EDGE('',*,*,#1346,.F.);
#2000=ORIENTED_EDGE('',*,*,#1394,.T.);
#2001=ORIENTED_EDGE('',*,*,#1371,.F.);
#2002=ORIENTED_EDGE('',*,*,#1396,.F.);
#2003=ORIENTED_EDGE('',*,*,#1347,.F.);
#2004=ORIENTED_EDGE('',*,*,#1395,.T.);
#2005=ORIENTED_EDGE('',*,*,#1370,.F.);
#2006=ORIENTED_EDGE('',*,*,#1397,.F.);
#2007=ORIENTED_EDGE('',*,*,#1348,.F.);
#2008=ORIENTED_EDGE('',*,*,#1396,.T.);
#2009=ORIENTED_EDGE('',*,*,#1369,.F.);
#2010=ORIENTED_EDGE('',*,*,#1398,.F.);
#2011=ORIENTED_EDGE('',*,*,#1349,.F.);
#2012=ORIENTED_EDGE('',*,*,#1397,.T.);
#2013=ORIENTED_EDGE('',*,*,#1368,.F.);
#2014=ORIENTED_EDGE('',*,*,#1399,.F.);
#2015=ORIENTED_EDGE('',*,*,#1350,.F.);
#2016=ORIENTED_EDGE('',*,*,#1398,.T.);
#2017=ORIENTED_EDGE('',*,*,#1367,.F.);
#2018=ORIENTED_EDGE('',*,*,#1400,.F.);
#2019=ORIENTED_EDGE('',*,*,#1329,.F.);
#2020=ORIENTED_EDGE('',*,*,#1399,.T.);
#2021=ORIENTED_EDGE('',*,*,#1388,.F.);
#2022=ORIENTED_EDGE('',*,*,#1401,.F.);
#2023=ORIENTED_EDGE('',*,*,#1330,.F.);
#2024=ORIENTED_EDGE('',*,*,#1400,.T.);
#2025=ORIENTED_EDGE('',*,*,#1387,.F.);
#2026=ORIENTED_EDGE('',*,*,#1402,.F.);
#2027=ORIENTED_EDGE('',*,*,#1331,.F.);
#2028=ORIENTED_EDGE('',*,*,#1401,.T.);
#2029=ORIENTED_EDGE('',*,*,#1386,.F.);
#2030=ORIENTED_EDGE('',*,*,#1403,.F.);
#2031=ORIENTED_EDGE('',*,*,#1332,.F.);
#2032=ORIENTED_EDGE('',*,*,#1402,.T.);
#2033=ORIENTED_EDGE('',*,*,#1385,.F.);
#2034=ORIENTED_EDGE('',*,*,#1404,.F.);
#2035=ORIENTED_EDGE('',*,*,#1333,.F.);
#2036=ORIENTED_EDGE('',*,*,#1403,.T.);
#2037=ORIENTED_EDGE('',*,*,#1384,.F.);
#2038=ORIENTED_EDGE('',*,*,#1405,.F.);
#2039=ORIENTED_EDGE('',*,*,#1334,.F.);
#2040=ORIENTED_EDGE('',*,*,#1404,.T.);
#2041=ORIENTED_EDGE('',*,*,#1383,.F.);
#2042=ORIENTED_EDGE('',*,*,#1406,.F.);
#2043=ORIENTED_EDGE('',*,*,#1335,.F.);
#2044=ORIENTED_EDGE('',*,*,#1405,.T.);
#2045=ORIENTED_EDGE('',*,*,#1382,.F.);
#2046=ORIENTED_EDGE('',*,*,#1407,.F.);
#2047=ORIENTED_EDGE('',*,*,#1336,.F.);
#2048=ORIENTED_EDGE('',*,*,#1406,.T.);
#2049=ORIENTED_EDGE('',*,*,#1381,.F.);
#2050=ORIENTED_EDGE('',*,*,#1408,.F.);
#2051=ORIENTED_EDGE('',*,*,#1337,.F.);
#2052=ORIENTED_EDGE('',*,*,#1407,.T.);
#2053=ORIENTED_EDGE('',*,*,#1380,.F.);
#2054=ORIENTED_EDGE('',*,*,#1409,.F.);
#2055=ORIENTED_EDGE('',*,*,#1338,.F.);
#2056=ORIENTED_EDGE('',*,*,#1408,.T.);
#2057=ORIENTED_EDGE('',*,*,#1379,.F.);
#2058=ORIENTED_EDGE('',*,*,#1410,.F.);
#2059=ORIENTED_EDGE('',*,*,#1339,.F.);
#2060=ORIENTED_EDGE('',*,*,#1409,.T.);
#2061=ORIENTED_EDGE('',*,*,#1378,.F.);
#2062=ORIENTED_EDGE('',*,*,#1390,.F.);
#2063=ORIENTED_EDGE('',*,*,#1340,.F.);
#2064=ORIENTED_EDGE('',*,*,#1410,.T.);
#2065=ORIENTED_EDGE('',*,*,#1364,.F.);
#2066=ORIENTED_EDGE('',*,*,#1411,.F.);
#2067=ORIENTED_EDGE('',*,*,#1328,.F.);
#2068=ORIENTED_EDGE('',*,*,#1412,.T.);
#2069=ORIENTED_EDGE('',*,*,#1363,.F.);
#2070=ORIENTED_EDGE('',*,*,#1413,.F.);
#2071=ORIENTED_EDGE('',*,*,#1325,.F.);
#2072=ORIENTED_EDGE('',*,*,#1411,.T.);
#2073=ORIENTED_EDGE('',*,*,#1366,.F.);
#2074=ORIENTED_EDGE('',*,*,#1414,.F.);
#2075=ORIENTED_EDGE('',*,*,#1326,.F.);
#2076=ORIENTED_EDGE('',*,*,#1413,.T.);
#2077=ORIENTED_EDGE('',*,*,#1365,.F.);
#2078=ORIENTED_EDGE('',*,*,#1412,.F.);
#2079=ORIENTED_EDGE('',*,*,#1327,.F.);
#2080=ORIENTED_EDGE('',*,*,#1414,.T.);
#2081=ORIENTED_EDGE('',*,*,#1356,.F.);
#2082=ORIENTED_EDGE('',*,*,#1415,.F.);
#2083=ORIENTED_EDGE('',*,*,#1320,.F.);
#2084=ORIENTED_EDGE('',*,*,#1416,.T.);
#2085=ORIENTED_EDGE('',*,*,#1355,.F.);
#2086=ORIENTED_EDGE('',*,*,#1417,.F.);
#2087=ORIENTED_EDGE('',*,*,#1321,.F.);
#2088=ORIENTED_EDGE('',*,*,#1415,.T.);
#2089=ORIENTED_EDGE('',*,*,#1354,.F.);
#2090=ORIENTED_EDGE('',*,*,#1418,.F.);
#2091=ORIENTED_EDGE('',*,*,#1322,.F.);
#2092=ORIENTED_EDGE('',*,*,#1417,.T.);
#2093=ORIENTED_EDGE('',*,*,#1353,.F.);
#2094=ORIENTED_EDGE('',*,*,#1419,.F.);
#2095=ORIENTED_EDGE('',*,*,#1323,.F.);
#2096=ORIENTED_EDGE('',*,*,#1418,.T.);
#2097=ORIENTED_EDGE('',*,*,#1352,.F.);
#2098=ORIENTED_EDGE('',*,*,#1420,.F.);
#2099=ORIENTED_EDGE('',*,*,#1324,.F.);
#2100=ORIENTED_EDGE('',*,*,#1419,.T.);
#2101=ORIENTED_EDGE('',*,*,#1351,.F.);
#2102=ORIENTED_EDGE('',*,*,#1421,.F.);
#2103=ORIENTED_EDGE('',*,*,#1313,.F.);
#2104=ORIENTED_EDGE('',*,*,#1420,.T.);
#2105=ORIENTED_EDGE('',*,*,#1362,.F.);
#2106=ORIENTED_EDGE('',*,*,#1422,.F.);
#2107=ORIENTED_EDGE('',*,*,#1314,.F.);
#2108=ORIENTED_EDGE('',*,*,#1421,.T.);
#2109=ORIENTED_EDGE('',*,*,#1361,.F.);
#2110=ORIENTED_EDGE('',*,*,#1423,.F.);
#2111=ORIENTED_EDGE('',*,*,#1315,.F.);
#2112=ORIENTED_EDGE('',*,*,#1422,.T.);
#2113=ORIENTED_EDGE('',*,*,#1360,.F.);
#2114=ORIENTED_EDGE('',*,*,#1424,.F.);
#2115=ORIENTED_EDGE('',*,*,#1316,.F.);
#2116=ORIENTED_EDGE('',*,*,#1423,.T.);
#2117=ORIENTED_EDGE('',*,*,#1359,.F.);
#2118=ORIENTED_EDGE('',*,*,#1425,.F.);
#2119=ORIENTED_EDGE('',*,*,#1317,.F.);
#2120=ORIENTED_EDGE('',*,*,#1424,.T.);
#2121=ORIENTED_EDGE('',*,*,#1358,.F.);
#2122=ORIENTED_EDGE('',*,*,#1426,.F.);
#2123=ORIENTED_EDGE('',*,*,#1318,.F.);
#2124=ORIENTED_EDGE('',*,*,#1425,.T.);
#2125=ORIENTED_EDGE('',*,*,#1357,.F.);
#2126=ORIENTED_EDGE('',*,*,#1416,.F.);
#2127=ORIENTED_EDGE('',*,*,#1319,.F.);
#2128=ORIENTED_EDGE('',*,*,#1426,.T.);
#2129=B_SPLINE_SURFACE_WITH_KNOTS('',3,1,((#2630,#2631),(#2632,#2633),(#2634,
#2635),(#2636,#2637),(#2638,#2639)),.UNSPECIFIED.,.F.,.F.,.F.,(4,1,4),(2,
2),(-0.336006039542182,-0.205995747294291,0.),(0.,0.55),.UNSPECIFIED.);
#2130=B_SPLINE_SURFACE_WITH_KNOTS('',3,1,((#2658,#2659),(#2660,#2661),(#2662,
#2663),(#2664,#2665),(#2666,#2667)),.UNSPECIFIED.,.F.,.F.,.F.,(4,1,4),(2,
2),(-0.170291837250075,-0.0888518401123359,0.),(0.,0.55),.UNSPECIFIED.);
#2131=B_SPLINE_SURFACE_WITH_KNOTS('',3,1,((#2683,#2684),(#2685,#2686),(#2687,
#2688),(#2689,#2690),(#2691,#2692)),.UNSPECIFIED.,.F.,.F.,.F.,(4,1,4),(2,
2),(-0.1579303793774,-0.0781365271517006,0.),(0.,0.55),.UNSPECIFIED.);
#2132=B_SPLINE_SURFACE_WITH_KNOTS('',3,1,((#2708,#2709),(#2710,#2711),(#2712,
#2713),(#2714,#2715),(#2716,#2717)),.UNSPECIFIED.,.F.,.F.,.F.,(4,1,4),(2,
2),(-0.346684600658418,-0.138541975825829,0.),(0.,0.55),.UNSPECIFIED.);
#2133=B_SPLINE_SURFACE_WITH_KNOTS('',3,1,((#2733,#2734),(#2735,#2736),(#2737,
#2738),(#2739,#2740),(#2741,#2742)),.UNSPECIFIED.,.F.,.F.,.F.,(4,1,4),(2,
2),(-0.335661126087009,-0.205570446033796,0.),(0.,0.55),.UNSPECIFIED.);
#2134=B_SPLINE_SURFACE_WITH_KNOTS('',3,1,((#2758,#2759),(#2760,#2761),(#2762,
#2763),(#2764,#2765),(#2766,#2767)),.UNSPECIFIED.,.F.,.F.,.F.,(4,1,4),(2,
2),(-0.169250532778323,-0.0887797039097937,0.),(0.,0.55),.UNSPECIFIED.);
#2135=B_SPLINE_SURFACE_WITH_KNOTS('',3,1,((#2783,#2784),(#2785,#2786),(#2787,
#2788),(#2789,#2790),(#2791,#2792)),.UNSPECIFIED.,.F.,.F.,.F.,(4,1,4),(2,
2),(-0.169448749761436,-0.0804926866743731,0.),(0.,0.55),.UNSPECIFIED.);
#2136=B_SPLINE_SURFACE_WITH_KNOTS('',3,1,((#2808,#2809),(#2810,#2811),(#2812,
#2813),(#2814,#2815),(#2816,#2817)),.UNSPECIFIED.,.F.,.F.,.F.,(4,1,4),(2,
2),(-0.335316243028855,-0.130171034435911,0.),(0.,0.55),.UNSPECIFIED.);
#2137=B_SPLINE_SURFACE_WITH_KNOTS('',3,1,((#2832,#2833),(#2834,#2835),(#2836,
#2837),(#2838,#2839),(#2840,#2841)),.UNSPECIFIED.,.F.,.F.,.F.,(4,1,4),(2,
2),(-0.336006039542182,-0.205995747294291,0.),(0.,0.066),.UNSPECIFIED.);
#2138=B_SPLINE_SURFACE_WITH_KNOTS('',3,1,((#2860,#2861),(#2862,#2863),(#2864,
#2865),(#2866,#2867),(#2868,#2869)),.UNSPECIFIED.,.F.,.F.,.F.,(4,1,4),(2,
2),(-0.170291837250075,-0.0888518401123359,0.),(0.,0.066),.UNSPECIFIED.);
#2139=B_SPLINE_SURFACE_WITH_KNOTS('',3,1,((#2885,#2886),(#2887,#2888),(#2889,
#2890),(#2891,#2892),(#2893,#2894)),.UNSPECIFIED.,.F.,.F.,.F.,(4,1,4),(2,
2),(-0.1579303793774,-0.0781365271517006,0.),(0.,0.066),.UNSPECIFIED.);
#2140=B_SPLINE_SURFACE_WITH_KNOTS('',3,1,((#2910,#2911),(#2912,#2913),(#2914,
#2915),(#2916,#2917),(#2918,#2919)),.UNSPECIFIED.,.F.,.F.,.F.,(4,1,4),(2,
2),(-0.346684600658418,-0.138541975825829,0.),(0.,0.066),.UNSPECIFIED.);
#2141=B_SPLINE_SURFACE_WITH_KNOTS('',3,1,((#2935,#2936),(#2937,#2938),(#2939,
#2940),(#2941,#2942),(#2943,#2944)),.UNSPECIFIED.,.F.,.F.,.F.,(4,1,4),(2,
2),(-0.237851612483356,-0.104291668902067,0.),(0.,0.066),.UNSPECIFIED.);
#2142=B_SPLINE_SURFACE_WITH_KNOTS('',3,1,((#2963,#2964),(#2965,#2966),(#2967,
#2968),(#2969,#2970),(#2971,#2972)),.UNSPECIFIED.,.F.,.F.,.F.,(4,1,4),(2,
2),(-0.287268149055519,-0.159277782296877,0.),(0.,0.066),.UNSPECIFIED.);
#2143=B_SPLINE_SURFACE_WITH_KNOTS('',3,1,((#2988,#2989),(#2990,#2991),(#2992,
#2993),(#2994,#2995),(#2996,#2997)),.UNSPECIFIED.,.F.,.F.,.F.,(4,1,4),(2,
2),(-0.201062898627169,-0.105922758671558,0.),(0.,0.066),.UNSPECIFIED.);
#2144=B_SPLINE_SURFACE_WITH_KNOTS('',3,1,((#3013,#3014),(#3015,#3016),(#3017,
#3018),(#3019,#3020),(#3021,#3022)),.UNSPECIFIED.,.F.,.F.,.F.,(4,1,4),(2,
2),(-0.194113511734688,-0.092676969223588,0.),(0.,0.066),.UNSPECIFIED.);
#2145=B_SPLINE_SURFACE_WITH_KNOTS('',3,1,((#3038,#3039),(#3040,#3041),(#3042,
#3043),(#3044,#3045),(#3046,#3047)),.UNSPECIFIED.,.F.,.F.,.F.,(4,1,4),(2,
2),(-0.256817296166429,-0.131669362589219,0.),(0.,0.066),.UNSPECIFIED.);
#2146=B_SPLINE_SURFACE_WITH_KNOTS('',3,1,((#3063,#3064),(#3065,#3066),(#3067,
#3068),(#3069,#3070),(#3071,#3072)),.UNSPECIFIED.,.F.,.F.,.F.,(4,1,4),(2,
2),(-0.423798104571236,-0.180044051407836,0.),(0.,0.066),.UNSPECIFIED.);
#2147=B_SPLINE_SURFACE_WITH_KNOTS('',3,1,((#3087,#3088),(#3089,#3090),(#3091,
#3092),(#3093,#3094),(#3095,#3096)),.UNSPECIFIED.,.F.,.F.,.F.,(4,1,4),(2,
2),(-0.335661126087009,-0.205570446033796,0.),(0.,0.066),.UNSPECIFIED.);
#2148=B_SPLINE_SURFACE_WITH_KNOTS('',3,1,((#3112,#3113),(#3114,#3115),(#3116,
#3117),(#3118,#3119),(#3120,#3121)),.UNSPECIFIED.,.F.,.F.,.F.,(4,1,4),(2,
2),(-0.169250532778323,-0.0887797039097937,0.),(0.,0.066),.UNSPECIFIED.);
#2149=B_SPLINE_SURFACE_WITH_KNOTS('',3,1,((#3137,#3138),(#3139,#3140),(#3141,
#3142),(#3143,#3144),(#3145,#3146)),.UNSPECIFIED.,.F.,.F.,.F.,(4,1,4),(2,
2),(-0.169448749761436,-0.0804926866743731,0.),(0.,0.066),.UNSPECIFIED.);
#2150=B_SPLINE_SURFACE_WITH_KNOTS('',3,1,((#3162,#3163),(#3164,#3165),(#3166,
#3167),(#3168,#3169),(#3170,#3171)),.UNSPECIFIED.,.F.,.F.,.F.,(4,1,4),(2,
2),(-0.335316243028855,-0.130171034435911,0.),(0.,0.066),.UNSPECIFIED.);
#2151=B_SPLINE_SURFACE_WITH_KNOTS('',3,1,((#3184,#3185),(#3186,#3187),(#3188,
#3189),(#3190,#3191),(#3192,#3193)),.UNSPECIFIED.,.F.,.F.,.F.,(4,1,4),(2,
2),(-0.288682149480591,-0.160304205420918,0.),(0.,0.066),.UNSPECIFIED.);
#2152=B_SPLINE_SURFACE_WITH_KNOTS('',3,1,((#3209,#3210),(#3211,#3212),(#3213,
#3214),(#3215,#3216),(#3217,#3218)),.UNSPECIFIED.,.F.,.F.,.F.,(4,1,4),(2,
2),(-0.200960170287891,-0.105954942234015,0.),(0.,0.066),.UNSPECIFIED.);
#2153=B_SPLINE_SURFACE_WITH_KNOTS('',3,1,((#3234,#3235),(#3236,#3237),(#3238,
#3239),(#3240,#3241),(#3242,#3243)),.UNSPECIFIED.,.F.,.F.,.F.,(4,1,4),(2,
2),(-0.19332285200827,-0.0924051623719644,0.),(0.,0.066),.UNSPECIFIED.);
#2154=B_SPLINE_SURFACE_WITH_KNOTS('',3,1,((#3259,#3260),(#3261,#3262),(#3263,
#3264),(#3265,#3266),(#3267,#3268)),.UNSPECIFIED.,.F.,.F.,.F.,(4,1,4),(2,
2),(-0.145986469391239,-0.0759788126199147,0.),(0.,0.066),.UNSPECIFIED.);
#2155=B_SPLINE_SURFACE_WITH_KNOTS('',3,1,((#3284,#3285),(#3286,#3287),(#3288,
#3289),(#3290,#3291),(#3292,#3293)),.UNSPECIFIED.,.F.,.F.,.F.,(4,1,4),(2,
2),(-0.138205594222864,-0.0680953743457991,0.),(0.,0.066),.UNSPECIFIED.);
#2156=B_SPLINE_SURFACE_WITH_KNOTS('',3,1,((#3309,#3310),(#3311,#3312),(#3313,
#3314),(#3315,#3316),(#3317,#3318)),.UNSPECIFIED.,.F.,.F.,.F.,(4,1,4),(2,
2),(-0.161664243438689,-0.0763514663705507,0.),(0.,0.066),.UNSPECIFIED.);
#2157=B_SPLINE_SURFACE_WITH_KNOTS('',3,1,((#3359,#3360),(#3361,#3362),(#3363,
#3364),(#3365,#3366),(#3367,#3368)),.UNSPECIFIED.,.F.,.F.,.F.,(4,1,4),(2,
2),(-0.168854608959447,-0.0877364954392265,0.),(0.,0.066),.UNSPECIFIED.);
#2158=B_SPLINE_SURFACE_WITH_KNOTS('',3,1,((#3387,#3388),(#3389,#3390),(#3391,
#3392),(#3393,#3394),(#3395,#3396)),.UNSPECIFIED.,.F.,.F.,.F.,(4,1,4),(2,
2),(-0.157675045034532,-0.0784100048307913,0.),(0.,0.066),.UNSPECIFIED.);
#2159=B_SPLINE_SURFACE_WITH_KNOTS('',3,1,((#3412,#3413),(#3414,#3415),(#3416,
#3417),(#3418,#3419),(#3420,#3421)),.UNSPECIFIED.,.F.,.F.,.F.,(4,1,4),(2,
2),(-0.155974929278207,-0.079097559333971,0.),(0.,0.066),.UNSPECIFIED.);
#2160=B_SPLINE_SURFACE_WITH_KNOTS('',3,1,((#3437,#3438),(#3439,#3440),(#3441,
#3442),(#3443,#3444),(#3445,#3446)),.UNSPECIFIED.,.F.,.F.,.F.,(4,1,4),(2,
2),(-0.177464060450248,-0.0822502617146195,0.),(0.,0.066),.UNSPECIFIED.);
#2161=B_SPLINE_SURFACE_WITH_KNOTS('',3,1,((#3462,#3463),(#3464,#3465),(#3466,
#3467),(#3468,#3469),(#3470,#3471)),.UNSPECIFIED.,.F.,.F.,.F.,(4,1,4),(2,
2),(-0.257407242317086,-0.122667888063526,0.),(0.,0.066),.UNSPECIFIED.);
#2162=B_SPLINE_SURFACE_WITH_KNOTS('',3,1,((#3490,#3491),(#3492,#3493),(#3494,
#3495),(#3496,#3497),(#3498,#3499)),.UNSPECIFIED.,.F.,.F.,.F.,(4,1,4),(2,
2),(-0.266002988229714,-0.139097864141015,0.),(0.,0.066),.UNSPECIFIED.);
#2163=B_SPLINE_SURFACE_WITH_KNOTS('',3,1,((#3515,#3516),(#3517,#3518),(#3519,
#3520),(#3521,#3522),(#3523,#3524)),.UNSPECIFIED.,.F.,.F.,.F.,(4,1,4),(2,
2),(-0.248554818217842,-0.122678804055812,0.),(0.,0.066),.UNSPECIFIED.);
#2164=B_SPLINE_SURFACE_WITH_KNOTS('',3,1,((#3540,#3541),(#3542,#3543),(#3544,
#3545),(#3546,#3547),(#3548,#3549)),.UNSPECIFIED.,.F.,.F.,.F.,(4,1,4),(2,
2),(-0.187979003063868,-0.094285150671219,0.),(0.,0.066),.UNSPECIFIED.);
#2165=B_SPLINE_SURFACE_WITH_KNOTS('',3,1,((#3565,#3566),(#3567,#3568),(#3569,
#3570),(#3571,#3572),(#3573,#3574)),.UNSPECIFIED.,.F.,.F.,.F.,(4,1,4),(2,
2),(-0.195823802220148,-0.0954661407794846,0.),(0.,0.066),.UNSPECIFIED.);
#2166=B_SPLINE_SURFACE_WITH_KNOTS('',3,1,((#3590,#3591),(#3592,#3593),(#3594,
#3595),(#3596,#3597),(#3598,#3599)),.UNSPECIFIED.,.F.,.F.,.F.,(4,1,4),(2,
2),(-0.285807042829618,-0.123037037559195,0.),(0.,0.066),.UNSPECIFIED.);
#2167=B_SPLINE_SURFACE_WITH_KNOTS('',3,1,((#3615,#3616),(#3617,#3618),(#3619,
#3620),(#3621,#3622),(#3623,#3624)),.UNSPECIFIED.,.F.,.F.,.F.,(4,1,4),(2,
2),(-0.30917601285218,-0.172466163412447,0.),(0.,0.066),.UNSPECIFIED.);
#2168=B_SPLINE_SURFACE_WITH_KNOTS('',3,1,((#3640,#3641),(#3642,#3643),(#3644,
#3645),(#3646,#3647),(#3648,#3649)),.UNSPECIFIED.,.F.,.F.,.F.,(4,1,4),(2,
2),(-0.215113447461078,-0.112614985032259,0.),(0.,0.066),.UNSPECIFIED.);
#2169=B_SPLINE_SURFACE_WITH_KNOTS('',3,1,((#3665,#3666),(#3667,#3668),(#3669,
#3670),(#3671,#3672),(#3673,#3674)),.UNSPECIFIED.,.F.,.F.,.F.,(4,1,4),(2,
2),(-0.204240144779443,-0.0997537561637953,0.),(0.,0.066),.UNSPECIFIED.);
#2170=B_SPLINE_SURFACE_WITH_KNOTS('',3,1,((#3690,#3691),(#3692,#3693),(#3694,
#3695),(#3696,#3697),(#3698,#3699)),.UNSPECIFIED.,.F.,.F.,.F.,(4,1,4),(2,
2),(-0.205943476438134,-0.107819607095565,0.),(0.,0.066),.UNSPECIFIED.);
#2171=B_SPLINE_SURFACE_WITH_KNOTS('',3,1,((#3715,#3716),(#3717,#3718),(#3719,
#3720),(#3721,#3722),(#3723,#3724)),.UNSPECIFIED.,.F.,.F.,.F.,(4,1,4),(2,
2),(-0.207357287825141,-0.0983988178495642,0.),(0.,0.066),.UNSPECIFIED.);
#2172=B_SPLINE_SURFACE_WITH_KNOTS('',3,1,((#3740,#3741),(#3742,#3743),(#3744,
#3745),(#3746,#3747),(#3748,#3749)),.UNSPECIFIED.,.F.,.F.,.F.,(4,1,4),(2,
2),(-0.180166553852478,-0.0958539485396054,0.),(0.,0.066),.UNSPECIFIED.);
#2173=B_SPLINE_SURFACE_WITH_KNOTS('',3,1,((#3765,#3766),(#3767,#3768),(#3769,
#3770),(#3771,#3772),(#3773,#3774)),.UNSPECIFIED.,.F.,.F.,.F.,(4,1,4),(2,
2),(-0.152560147639671,-0.077523868260913,0.),(0.,0.066),.UNSPECIFIED.);
#2174=B_SPLINE_SURFACE_WITH_KNOTS('',3,1,((#3790,#3791),(#3792,#3793),(#3794,
#3795),(#3796,#3797),(#3798,#3799)),.UNSPECIFIED.,.F.,.F.,.F.,(4,1,4),(2,
2),(-0.161251666948995,-0.0783714922755223,0.),(0.,0.066),.UNSPECIFIED.);
#2175=B_SPLINE_SURFACE_WITH_KNOTS('',3,1,((#3815,#3816),(#3817,#3818),(#3819,
#3820),(#3821,#3822),(#3823,#3824)),.UNSPECIFIED.,.F.,.F.,.F.,(4,1,4),(2,
2),(-0.18693778090454,-0.0892306576712571,0.),(0.,0.066),.UNSPECIFIED.);
#2176=B_SPLINE_SURFACE_WITH_KNOTS('',3,1,((#3843,#3844),(#3845,#3846),(#3847,
#3848),(#3849,#3850),(#3851,#3852)),.UNSPECIFIED.,.F.,.F.,.F.,(4,1,4),(2,
2),(-0.135483628129203,-0.0750389884361588,0.),(0.,0.066),.UNSPECIFIED.);
#2177=B_SPLINE_SURFACE_WITH_KNOTS('',3,1,((#3868,#3869),(#3870,#3871),(#3872,
#3873),(#3874,#3875),(#3876,#3877)),.UNSPECIFIED.,.F.,.F.,.F.,(4,1,4),(2,
2),(-0.116788413346051,-0.0558642996534794,0.),(0.,0.066),.UNSPECIFIED.);
#2178=B_SPLINE_SURFACE_WITH_KNOTS('',3,1,((#3893,#3894),(#3895,#3896),(#3897,
#3898),(#3899,#3900),(#3901,#3902)),.UNSPECIFIED.,.F.,.F.,.F.,(4,1,4),(2,
2),(-0.103572670481929,-0.053514534595619,0.),(0.,0.066),.UNSPECIFIED.);
#2179=B_SPLINE_SURFACE_WITH_KNOTS('',3,1,((#3918,#3919),(#3920,#3921),(#3922,
#3923),(#3924,#3925),(#3926,#3927)),.UNSPECIFIED.,.F.,.F.,.F.,(4,1,4),(2,
2),(-0.0990770573983839,-0.0492074785637184,0.),(0.,0.066),
 .UNSPECIFIED.);
#2180=B_SPLINE_SURFACE_WITH_KNOTS('',3,1,((#3943,#3944),(#3945,#3946),(#3947,
#3948),(#3949,#3950),(#3951,#3952)),.UNSPECIFIED.,.F.,.F.,.F.,(4,1,4),(2,
2),(-0.125969491753179,-0.0567416283914797,0.),(0.,0.066),.UNSPECIFIED.);
#2181=B_SPLINE_SURFACE_WITH_KNOTS('',3,1,((#3968,#3969),(#3970,#3971),(#3972,
#3973),(#3974,#3975),(#3976,#3977)),.UNSPECIFIED.,.F.,.F.,.F.,(4,1,4),(2,
2),(-0.151480306541202,-0.0756242403365869,0.),(0.,0.066),.UNSPECIFIED.);
#2182=B_SPLINE_SURFACE_WITH_KNOTS('',3,1,((#3993,#3994),(#3995,#3996),(#3997,
#3998),(#3999,#4000),(#4001,#4002)),.UNSPECIFIED.,.F.,.F.,.F.,(4,1,4),(2,
2),(-0.0245671305692626,-0.0102333330866487,0.),(0.,0.066),
 .UNSPECIFIED.);
#2183=B_SPLINE_SURFACE_WITH_KNOTS('',3,1,((#4017,#4018),(#4019,#4020),(#4021,
#4022),(#4023,#4024),(#4025,#4026)),.UNSPECIFIED.,.F.,.F.,.F.,(4,1,4),(2,
2),(-0.139562554900106,-0.0687039468185819,0.),(0.,0.066),.UNSPECIFIED.);
#2184=B_SPLINE_SURFACE_WITH_KNOTS('',3,1,((#4042,#4043),(#4044,#4045),(#4046,
#4047),(#4048,#4049),(#4050,#4051)),.UNSPECIFIED.,.F.,.F.,.F.,(4,1,4),(2,
2),(-0.14412724226003,-0.0718404639091995,0.),(0.,0.066),.UNSPECIFIED.);
#2185=B_SPLINE_SURFACE_WITH_KNOTS('',3,1,((#4067,#4068),(#4069,#4070),(#4071,
#4072),(#4073,#4074),(#4075,#4076)),.UNSPECIFIED.,.F.,.F.,.F.,(4,1,4),(2,
2),(-0.233750034232311,-0.116787443053543,0.),(0.,0.066),.UNSPECIFIED.);
#2186=B_SPLINE_SURFACE_WITH_KNOTS('',3,1,((#4091,#4092),(#4093,#4094),(#4095,
#4096),(#4097,#4098),(#4099,#4100)),.UNSPECIFIED.,.F.,.F.,.F.,(4,1,4),(2,
2),(-0.168854608959447,-0.0877364954392265,0.),(0.,0.55),.UNSPECIFIED.);
#2187=B_SPLINE_SURFACE_WITH_KNOTS('',3,1,((#4119,#4120),(#4121,#4122),(#4123,
#4124),(#4125,#4126),(#4127,#4128)),.UNSPECIFIED.,.F.,.F.,.F.,(4,1,4),(2,
2),(-0.157675045034532,-0.0784100048307913,0.),(0.,0.55),.UNSPECIFIED.);
#2188=B_SPLINE_SURFACE_WITH_KNOTS('',3,1,((#4144,#4145),(#4146,#4147),(#4148,
#4149),(#4150,#4151),(#4152,#4153)),.UNSPECIFIED.,.F.,.F.,.F.,(4,1,4),(2,
2),(-0.155974929278207,-0.079097559333971,0.),(0.,0.55),.UNSPECIFIED.);
#2189=B_SPLINE_SURFACE_WITH_KNOTS('',3,1,((#4169,#4170),(#4171,#4172),(#4173,
#4174),(#4175,#4176),(#4177,#4178)),.UNSPECIFIED.,.F.,.F.,.F.,(4,1,4),(2,
2),(-0.177464060450248,-0.0822502617146195,0.),(0.,0.55),.UNSPECIFIED.);
#2190=B_SPLINE_SURFACE_WITH_KNOTS('',3,1,((#4194,#4195),(#4196,#4197),(#4198,
#4199),(#4200,#4201),(#4202,#4203)),.UNSPECIFIED.,.F.,.F.,.F.,(4,1,4),(2,
2),(-0.180166553852478,-0.0958539485396054,0.),(0.,0.55),.UNSPECIFIED.);
#2191=B_SPLINE_SURFACE_WITH_KNOTS('',3,1,((#4219,#4220),(#4221,#4222),(#4223,
#4224),(#4225,#4226),(#4227,#4228)),.UNSPECIFIED.,.F.,.F.,.F.,(4,1,4),(2,
2),(-0.152560147639671,-0.077523868260913,0.),(0.,0.55),.UNSPECIFIED.);
#2192=B_SPLINE_SURFACE_WITH_KNOTS('',3,1,((#4244,#4245),(#4246,#4247),(#4248,
#4249),(#4250,#4251),(#4252,#4253)),.UNSPECIFIED.,.F.,.F.,.F.,(4,1,4),(2,
2),(-0.161251666948995,-0.0783714922755223,0.),(0.,0.55),.UNSPECIFIED.);
#2193=B_SPLINE_SURFACE_WITH_KNOTS('',3,1,((#4269,#4270),(#4271,#4272),(#4273,
#4274),(#4275,#4276),(#4277,#4278)),.UNSPECIFIED.,.F.,.F.,.F.,(4,1,4),(2,
2),(-0.18693778090454,-0.0892306576712571,0.),(0.,0.55),.UNSPECIFIED.);
#2194=B_SPLINE_SURFACE_WITH_KNOTS('',3,1,((#4831,#4832),(#4833,#4834),(#4835,
#4836),(#4837,#4838),(#4839,#4840)),.UNSPECIFIED.,.F.,.F.,.F.,(4,1,4),(2,
2),(-0.233750034232311,-0.116787443053543,0.),(0.,0.55),.UNSPECIFIED.);
#2195=B_SPLINE_SURFACE_WITH_KNOTS('',3,1,((#4843,#4844),(#4845,#4846),(#4847,
#4848),(#4849,#4850),(#4851,#4852)),.UNSPECIFIED.,.F.,.F.,.F.,(4,1,4),(2,
2),(-0.14412724226003,-0.0718404639091995,0.),(0.,0.55),.UNSPECIFIED.);
#2196=B_SPLINE_SURFACE_WITH_KNOTS('',3,1,((#4854,#4855),(#4856,#4857),(#4858,
#4859),(#4860,#4861),(#4862,#4863)),.UNSPECIFIED.,.F.,.F.,.F.,(4,1,4),(2,
2),(-0.139562554900106,-0.0687039468185819,0.),(0.,0.55),.UNSPECIFIED.);
#2197=B_SPLINE_SURFACE_WITH_KNOTS('',3,1,((#4865,#4866),(#4867,#4868),(#4869,
#4870),(#4871,#4872),(#4873,#4874)),.UNSPECIFIED.,.F.,.F.,.F.,(4,1,4),(2,
2),(-0.0245671305692626,-0.0102333330866487,0.),(0.,0.55),.UNSPECIFIED.);
#2198=B_SPLINE_SURFACE_WITH_KNOTS('',3,1,((#4876,#4877),(#4878,#4879),(#4880,
#4881),(#4882,#4883),(#4884,#4885)),.UNSPECIFIED.,.F.,.F.,.F.,(4,1,4),(2,
2),(-0.151480306541202,-0.0756242403365869,0.),(0.,0.55),.UNSPECIFIED.);
#2199=B_SPLINE_SURFACE_WITH_KNOTS('',3,1,((#4887,#4888),(#4889,#4890),(#4891,
#4892),(#4893,#4894),(#4895,#4896)),.UNSPECIFIED.,.F.,.F.,.F.,(4,1,4),(2,
2),(-0.125969491753179,-0.0567416283914797,0.),(0.,0.55),.UNSPECIFIED.);
#2200=B_SPLINE_SURFACE_WITH_KNOTS('',3,1,((#4898,#4899),(#4900,#4901),(#4902,
#4903),(#4904,#4905),(#4906,#4907)),.UNSPECIFIED.,.F.,.F.,.F.,(4,1,4),(2,
2),(-0.0990770573983839,-0.0492074785637184,0.),(0.,0.55),.UNSPECIFIED.);
#2201=B_SPLINE_SURFACE_WITH_KNOTS('',3,1,((#4909,#4910),(#4911,#4912),(#4913,
#4914),(#4915,#4916),(#4917,#4918)),.UNSPECIFIED.,.F.,.F.,.F.,(4,1,4),(2,
2),(-0.103572670481929,-0.053514534595619,0.),(0.,0.55),.UNSPECIFIED.);
#2202=B_SPLINE_SURFACE_WITH_KNOTS('',3,1,((#4920,#4921),(#4922,#4923),(#4924,
#4925),(#4926,#4927),(#4928,#4929)),.UNSPECIFIED.,.F.,.F.,.F.,(4,1,4),(2,
2),(-0.116788413346051,-0.0558642996534794,0.),(0.,0.55),.UNSPECIFIED.);
#2203=B_SPLINE_SURFACE_WITH_KNOTS('',3,1,((#4931,#4932),(#4933,#4934),(#4935,
#4936),(#4937,#4938),(#4939,#4940)),.UNSPECIFIED.,.F.,.F.,.F.,(4,1,4),(2,
2),(-0.135483628129203,-0.0750389884361588,0.),(0.,0.55),.UNSPECIFIED.);
#2204=B_SPLINE_SURFACE_WITH_KNOTS('',3,1,((#4944,#4945),(#4946,#4947),(#4948,
#4949),(#4950,#4951),(#4952,#4953)),.UNSPECIFIED.,.F.,.F.,.F.,(4,1,4),(2,
2),(-0.207357287825141,-0.0983988178495642,0.),(0.,0.55),.UNSPECIFIED.);
#2205=B_SPLINE_SURFACE_WITH_KNOTS('',3,1,((#4955,#4956),(#4957,#4958),(#4959,
#4960),(#4961,#4962),(#4963,#4964)),.UNSPECIFIED.,.F.,.F.,.F.,(4,1,4),(2,
2),(-0.205943476438134,-0.107819607095565,0.),(0.,0.55),.UNSPECIFIED.);
#2206=B_SPLINE_SURFACE_WITH_KNOTS('',3,1,((#4966,#4967),(#4968,#4969),(#4970,
#4971),(#4972,#4973),(#4974,#4975)),.UNSPECIFIED.,.F.,.F.,.F.,(4,1,4),(2,
2),(-0.204240144779443,-0.0997537561637953,0.),(0.,0.55),.UNSPECIFIED.);
#2207=B_SPLINE_SURFACE_WITH_KNOTS('',3,1,((#4977,#4978),(#4979,#4980),(#4981,
#4982),(#4983,#4984),(#4985,#4986)),.UNSPECIFIED.,.F.,.F.,.F.,(4,1,4),(2,
2),(-0.215113447461078,-0.112614985032259,0.),(0.,0.55),.UNSPECIFIED.);
#2208=B_SPLINE_SURFACE_WITH_KNOTS('',3,1,((#4988,#4989),(#4990,#4991),(#4992,
#4993),(#4994,#4995),(#4996,#4997)),.UNSPECIFIED.,.F.,.F.,.F.,(4,1,4),(2,
2),(-0.30917601285218,-0.172466163412447,0.),(0.,0.55),.UNSPECIFIED.);
#2209=B_SPLINE_SURFACE_WITH_KNOTS('',3,1,((#4999,#5000),(#5001,#5002),(#5003,
#5004),(#5005,#5006),(#5007,#5008)),.UNSPECIFIED.,.F.,.F.,.F.,(4,1,4),(2,
2),(-0.285807042829618,-0.123037037559195,0.),(0.,0.55),.UNSPECIFIED.);
#2210=B_SPLINE_SURFACE_WITH_KNOTS('',3,1,((#5010,#5011),(#5012,#5013),(#5014,
#5015),(#5016,#5017),(#5018,#5019)),.UNSPECIFIED.,.F.,.F.,.F.,(4,1,4),(2,
2),(-0.195823802220148,-0.0954661407794846,0.),(0.,0.55),.UNSPECIFIED.);
#2211=B_SPLINE_SURFACE_WITH_KNOTS('',3,1,((#5021,#5022),(#5023,#5024),(#5025,
#5026),(#5027,#5028),(#5029,#5030)),.UNSPECIFIED.,.F.,.F.,.F.,(4,1,4),(2,
2),(-0.187979003063868,-0.094285150671219,0.),(0.,0.55),.UNSPECIFIED.);
#2212=B_SPLINE_SURFACE_WITH_KNOTS('',3,1,((#5032,#5033),(#5034,#5035),(#5036,
#5037),(#5038,#5039),(#5040,#5041)),.UNSPECIFIED.,.F.,.F.,.F.,(4,1,4),(2,
2),(-0.248554818217842,-0.122678804055812,0.),(0.,0.55),.UNSPECIFIED.);
#2213=B_SPLINE_SURFACE_WITH_KNOTS('',3,1,((#5043,#5044),(#5045,#5046),(#5047,
#5048),(#5049,#5050),(#5051,#5052)),.UNSPECIFIED.,.F.,.F.,.F.,(4,1,4),(2,
2),(-0.266002988229714,-0.139097864141015,0.),(0.,0.55),.UNSPECIFIED.);
#2214=B_SPLINE_SURFACE_WITH_KNOTS('',3,1,((#5054,#5055),(#5056,#5057),(#5058,
#5059),(#5060,#5061),(#5062,#5063)),.UNSPECIFIED.,.F.,.F.,.F.,(4,1,4),(2,
2),(-0.257407242317086,-0.122667888063526,0.),(0.,0.55),.UNSPECIFIED.);
#2215=B_SPLINE_SURFACE_WITH_KNOTS('',3,1,((#5072,#5073),(#5074,#5075),(#5076,
#5077),(#5078,#5079),(#5080,#5081)),.UNSPECIFIED.,.F.,.F.,.F.,(4,1,4),(2,
2),(-0.161664243438689,-0.0763514663705507,0.),(0.,0.55),.UNSPECIFIED.);
#2216=B_SPLINE_SURFACE_WITH_KNOTS('',3,1,((#5084,#5085),(#5086,#5087),(#5088,
#5089),(#5090,#5091),(#5092,#5093)),.UNSPECIFIED.,.F.,.F.,.F.,(4,1,4),(2,
2),(-0.138205594222864,-0.0680953743457991,0.),(0.,0.55),.UNSPECIFIED.);
#2217=B_SPLINE_SURFACE_WITH_KNOTS('',3,1,((#5095,#5096),(#5097,#5098),(#5099,
#5100),(#5101,#5102),(#5103,#5104)),.UNSPECIFIED.,.F.,.F.,.F.,(4,1,4),(2,
2),(-0.145986469391239,-0.0759788126199147,0.),(0.,0.55),.UNSPECIFIED.);
#2218=B_SPLINE_SURFACE_WITH_KNOTS('',3,1,((#5106,#5107),(#5108,#5109),(#5110,
#5111),(#5112,#5113),(#5114,#5115)),.UNSPECIFIED.,.F.,.F.,.F.,(4,1,4),(2,
2),(-0.19332285200827,-0.0924051623719644,0.),(0.,0.55),.UNSPECIFIED.);
#2219=B_SPLINE_SURFACE_WITH_KNOTS('',3,1,((#5117,#5118),(#5119,#5120),(#5121,
#5122),(#5123,#5124),(#5125,#5126)),.UNSPECIFIED.,.F.,.F.,.F.,(4,1,4),(2,
2),(-0.200960170287891,-0.105954942234015,0.),(0.,0.55),.UNSPECIFIED.);
#2220=B_SPLINE_SURFACE_WITH_KNOTS('',3,1,((#5128,#5129),(#5130,#5131),(#5132,
#5133),(#5134,#5135),(#5136,#5137)),.UNSPECIFIED.,.F.,.F.,.F.,(4,1,4),(2,
2),(-0.288682149480591,-0.160304205420918,0.),(0.,0.55),.UNSPECIFIED.);
#2221=B_SPLINE_SURFACE_WITH_KNOTS('',3,1,((#5139,#5140),(#5141,#5142),(#5143,
#5144),(#5145,#5146),(#5147,#5148)),.UNSPECIFIED.,.F.,.F.,.F.,(4,1,4),(2,
2),(-0.423798104571236,-0.180044051407836,0.),(0.,0.55),.UNSPECIFIED.);
#2222=B_SPLINE_SURFACE_WITH_KNOTS('',3,1,((#5150,#5151),(#5152,#5153),(#5154,
#5155),(#5156,#5157),(#5158,#5159)),.UNSPECIFIED.,.F.,.F.,.F.,(4,1,4),(2,
2),(-0.256817296166429,-0.131669362589219,0.),(0.,0.55),.UNSPECIFIED.);
#2223=B_SPLINE_SURFACE_WITH_KNOTS('',3,1,((#5161,#5162),(#5163,#5164),(#5165,
#5166),(#5167,#5168),(#5169,#5170)),.UNSPECIFIED.,.F.,.F.,.F.,(4,1,4),(2,
2),(-0.194113511734688,-0.092676969223588,0.),(0.,0.55),.UNSPECIFIED.);
#2224=B_SPLINE_SURFACE_WITH_KNOTS('',3,1,((#5172,#5173),(#5174,#5175),(#5176,
#5177),(#5178,#5179),(#5180,#5181)),.UNSPECIFIED.,.F.,.F.,.F.,(4,1,4),(2,
2),(-0.201062898627169,-0.105922758671558,0.),(0.,0.55),.UNSPECIFIED.);
#2225=B_SPLINE_SURFACE_WITH_KNOTS('',3,1,((#5183,#5184),(#5185,#5186),(#5187,
#5188),(#5189,#5190),(#5191,#5192)),.UNSPECIFIED.,.F.,.F.,.F.,(4,1,4),(2,
2),(-0.287268149055519,-0.159277782296877,0.),(0.,0.55),.UNSPECIFIED.);
#2226=B_SPLINE_SURFACE_WITH_KNOTS('',3,1,((#5194,#5195),(#5196,#5197),(#5198,
#5199),(#5200,#5201),(#5202,#5203)),.UNSPECIFIED.,.F.,.F.,.F.,(4,1,4),(2,
2),(-0.237851612483356,-0.104291668902067,0.),(0.,0.55),.UNSPECIFIED.);
#2227=ADVANCED_FACE('',(#70),#2129,.F.);
#2228=ADVANCED_FACE('',(#71),#2130,.F.);
#2229=ADVANCED_FACE('',(#72),#2131,.F.);
#2230=ADVANCED_FACE('',(#73),#2132,.F.);
#2231=ADVANCED_FACE('',(#74),#2133,.F.);
#2232=ADVANCED_FACE('',(#75),#2134,.F.);
#2233=ADVANCED_FACE('',(#76),#2135,.F.);
#2234=ADVANCED_FACE('',(#77),#2136,.F.);
#2235=ADVANCED_FACE('',(#78),#40,.T.);
#2236=ADVANCED_FACE('',(#79),#41,.F.);
#2237=ADVANCED_FACE('',(#80),#2137,.T.);
#2238=ADVANCED_FACE('',(#81),#2138,.T.);
#2239=ADVANCED_FACE('',(#82),#2139,.T.);
#2240=ADVANCED_FACE('',(#83),#2140,.T.);
#2241=ADVANCED_FACE('',(#84),#2141,.T.);
#2242=ADVANCED_FACE('',(#85),#2142,.T.);
#2243=ADVANCED_FACE('',(#86),#2143,.T.);
#2244=ADVANCED_FACE('',(#87),#2144,.T.);
#2245=ADVANCED_FACE('',(#88),#2145,.T.);
#2246=ADVANCED_FACE('',(#89),#2146,.T.);
#2247=ADVANCED_FACE('',(#90),#2147,.T.);
#2248=ADVANCED_FACE('',(#91),#2148,.T.);
#2249=ADVANCED_FACE('',(#92),#2149,.T.);
#2250=ADVANCED_FACE('',(#93),#2150,.T.);
#2251=ADVANCED_FACE('',(#94),#2151,.T.);
#2252=ADVANCED_FACE('',(#95),#2152,.T.);
#2253=ADVANCED_FACE('',(#96),#2153,.T.);
#2254=ADVANCED_FACE('',(#97),#2154,.T.);
#2255=ADVANCED_FACE('',(#98),#2155,.T.);
#2256=ADVANCED_FACE('',(#99),#2156,.T.);
#2257=ADVANCED_FACE('',(#100,#16),#42,.F.);
#2258=ADVANCED_FACE('',(#101,#17),#43,.T.);
#2259=ADVANCED_FACE('',(#102),#44,.T.);
#2260=ADVANCED_FACE('',(#103),#45,.T.);
#2261=ADVANCED_FACE('',(#104),#46,.T.);
#2262=ADVANCED_FACE('',(#105),#47,.T.);
#2263=ADVANCED_FACE('',(#106),#48,.F.);
#2264=ADVANCED_FACE('',(#107),#49,.T.);
#2265=ADVANCED_FACE('',(#108),#2157,.T.);
#2266=ADVANCED_FACE('',(#109),#2158,.T.);
#2267=ADVANCED_FACE('',(#110),#2159,.T.);
#2268=ADVANCED_FACE('',(#111),#2160,.T.);
#2269=ADVANCED_FACE('',(#112),#2161,.T.);
#2270=ADVANCED_FACE('',(#113),#2162,.T.);
#2271=ADVANCED_FACE('',(#114),#2163,.T.);
#2272=ADVANCED_FACE('',(#115),#2164,.T.);
#2273=ADVANCED_FACE('',(#116),#2165,.T.);
#2274=ADVANCED_FACE('',(#117),#2166,.T.);
#2275=ADVANCED_FACE('',(#118),#2167,.T.);
#2276=ADVANCED_FACE('',(#119),#2168,.T.);
#2277=ADVANCED_FACE('',(#120),#2169,.T.);
#2278=ADVANCED_FACE('',(#121),#2170,.T.);
#2279=ADVANCED_FACE('',(#122),#2171,.T.);
#2280=ADVANCED_FACE('',(#123),#2172,.T.);
#2281=ADVANCED_FACE('',(#124),#2173,.T.);
#2282=ADVANCED_FACE('',(#125),#2174,.T.);
#2283=ADVANCED_FACE('',(#126),#2175,.T.);
#2284=ADVANCED_FACE('',(#127),#50,.T.);
#2285=ADVANCED_FACE('',(#128),#2176,.T.);
#2286=ADVANCED_FACE('',(#129),#2177,.T.);
#2287=ADVANCED_FACE('',(#130),#2178,.T.);
#2288=ADVANCED_FACE('',(#131),#2179,.T.);
#2289=ADVANCED_FACE('',(#132),#2180,.T.);
#2290=ADVANCED_FACE('',(#133),#2181,.T.);
#2291=ADVANCED_FACE('',(#134),#2182,.T.);
#2292=ADVANCED_FACE('',(#135),#2183,.T.);
#2293=ADVANCED_FACE('',(#136),#2184,.T.);
#2294=ADVANCED_FACE('',(#137),#2185,.T.);
#2295=ADVANCED_FACE('',(#138,#18),#51,.F.);
#2296=ADVANCED_FACE('',(#139,#19),#52,.T.);
#2297=ADVANCED_FACE('',(#140),#2186,.F.);
#2298=ADVANCED_FACE('',(#141),#2187,.F.);
#2299=ADVANCED_FACE('',(#142),#2188,.F.);
#2300=ADVANCED_FACE('',(#143),#2189,.F.);
#2301=ADVANCED_FACE('',(#144),#2190,.F.);
#2302=ADVANCED_FACE('',(#145),#2191,.F.);
#2303=ADVANCED_FACE('',(#146),#2192,.F.);
#2304=ADVANCED_FACE('',(#147),#2193,.F.);
#2305=ADVANCED_FACE('',(#148),#53,.T.);
#2306=ADVANCED_FACE('',(#149),#54,.F.);
#2307=ADVANCED_FACE('',(#150),#55,.T.);
#2308=ADVANCED_FACE('',(#151),#56,.T.);
#2309=ADVANCED_FACE('',(#152),#57,.T.);
#2310=ADVANCED_FACE('',(#153),#58,.T.);
#2311=ADVANCED_FACE('',(#154),#59,.T.);
#2312=ADVANCED_FACE('',(#155,#20),#60,.T.);
#2313=ADVANCED_FACE('',(#156),#61,.T.);
#2314=ADVANCED_FACE('',(#157),#13,.F.);
#2315=ADVANCED_FACE('',(#158),#62,.T.);
#2316=ADVANCED_FACE('',(#159,#21,#22,#23,#24),#63,.F.);
#2317=ADVANCED_FACE('',(#160,#25,#26,#27),#64,.T.);
#2318=ADVANCED_FACE('',(#161),#2194,.F.);
#2319=ADVANCED_FACE('',(#162),#2195,.F.);
#2320=ADVANCED_FACE('',(#163),#2196,.F.);
#2321=ADVANCED_FACE('',(#164),#2197,.F.);
#2322=ADVANCED_FACE('',(#165),#2198,.F.);
#2323=ADVANCED_FACE('',(#166),#2199,.F.);
#2324=ADVANCED_FACE('',(#167),#2200,.F.);
#2325=ADVANCED_FACE('',(#168),#2201,.F.);
#2326=ADVANCED_FACE('',(#169),#2202,.F.);
#2327=ADVANCED_FACE('',(#170),#2203,.F.);
#2328=ADVANCED_FACE('',(#171),#65,.F.);
#2329=ADVANCED_FACE('',(#172),#2204,.F.);
#2330=ADVANCED_FACE('',(#173),#2205,.F.);
#2331=ADVANCED_FACE('',(#174),#2206,.F.);
#2332=ADVANCED_FACE('',(#175),#2207,.F.);
#2333=ADVANCED_FACE('',(#176),#2208,.F.);
#2334=ADVANCED_FACE('',(#177),#2209,.F.);
#2335=ADVANCED_FACE('',(#178),#2210,.F.);
#2336=ADVANCED_FACE('',(#179),#2211,.F.);
#2337=ADVANCED_FACE('',(#180),#2212,.F.);
#2338=ADVANCED_FACE('',(#181),#2213,.F.);
#2339=ADVANCED_FACE('',(#182),#2214,.F.);
#2340=ADVANCED_FACE('',(#183),#66,.F.);
#2341=ADVANCED_FACE('',(#184),#67,.F.);
#2342=ADVANCED_FACE('',(#185),#68,.F.);
#2343=ADVANCED_FACE('',(#186),#69,.F.);
#2344=ADVANCED_FACE('',(#187),#2215,.F.);
#2345=ADVANCED_FACE('',(#188),#2216,.F.);
#2346=ADVANCED_FACE('',(#189),#2217,.F.);
#2347=ADVANCED_FACE('',(#190),#2218,.F.);
#2348=ADVANCED_FACE('',(#191),#2219,.F.);
#2349=ADVANCED_FACE('',(#192),#2220,.F.);
#2350=ADVANCED_FACE('',(#193),#2221,.F.);
#2351=ADVANCED_FACE('',(#194),#2222,.F.);
#2352=ADVANCED_FACE('',(#195),#2223,.F.);
#2353=ADVANCED_FACE('',(#196),#2224,.F.);
#2354=ADVANCED_FACE('',(#197),#2225,.F.);
#2355=ADVANCED_FACE('',(#198),#2226,.F.);
#2356=CLOSED_SHELL('',(#2227,#2228,#2229,#2230,#2231,#2232,#2233,#2234,
#2235,#2236));
#2357=CLOSED_SHELL('',(#2237,#2238,#2239,#2240,#2241,#2242,#2243,#2244,
#2245,#2246,#2247,#2248,#2249,#2250,#2251,#2252,#2253,#2254,#2255,#2256,
#2257,#2258));
#2358=CLOSED_SHELL('',(#2259,#2260,#2261,#2262,#2263,#2264));
#2359=CLOSED_SHELL('',(#2265,#2266,#2267,#2268,#2269,#2270,#2271,#2272,
#2273,#2274,#2275,#2276,#2277,#2278,#2279,#2280,#2281,#2282,#2283,#2284,
#2285,#2286,#2287,#2288,#2289,#2290,#2291,#2292,#2293,#2294,#2295,#2296));
#2360=CLOSED_SHELL('',(#2297,#2298,#2299,#2300,#2301,#2302,#2303,#2304,
#2305,#2306));
#2361=CLOSED_SHELL('',(#2307,#2308,#2309,#2310,#2311,#2312,#2313,#2314,
#2315,#2316,#2317,#2318,#2319,#2320,#2321,#2322,#2323,#2324,#2325,#2326,
#2327,#2328,#2329,#2330,#2331,#2332,#2333,#2334,#2335,#2336,#2337,#2338,
#2339,#2340,#2341,#2342,#2343,#2344,#2345,#2346,#2347,#2348,#2349,#2350,
#2351,#2352,#2353,#2354,#2355));
#2362=DERIVED_UNIT_ELEMENT(#2364,1.);
#2363=DERIVED_UNIT_ELEMENT(#5209,-3.);
#2364=(
MASS_UNIT()
NAMED_UNIT(*)
SI_UNIT(.KILO.,.GRAM.)
);
#2365=DERIVED_UNIT((#2362,#2363));
#2366=MEASURE_REPRESENTATION_ITEM('density measure',
POSITIVE_RATIO_MEASURE(7850.),#2365);
#2367=PROPERTY_DEFINITION_REPRESENTATION(#2372,#2369);
#2368=PROPERTY_DEFINITION_REPRESENTATION(#2373,#2370);
#2369=REPRESENTATION('material name',(#2371),#5206);
#2370=REPRESENTATION('density',(#2366),#5206);
#2371=DESCRIPTIVE_REPRESENTATION_ITEM('Acciaio','Acciaio');
#2372=PROPERTY_DEFINITION('material property','material name',#5216);
#2373=PROPERTY_DEFINITION('material property','density of part',#5216);
#2374=AXIS2_PLACEMENT_3D('',#2629,#2408,#2409);
#2375=AXIS2_PLACEMENT_3D('',#2830,#2418,#2419);
#2376=AXIS2_PLACEMENT_3D('',#2831,#2420,#2421);
#2377=AXIS2_PLACEMENT_3D('',#3331,#2442,#2443);
#2378=AXIS2_PLACEMENT_3D('',#3332,#2444,#2445);
#2379=AXIS2_PLACEMENT_3D('',#3333,#2446,#2447);
#2380=AXIS2_PLACEMENT_3D('',#3342,#2452,#2453);
#2381=AXIS2_PLACEMENT_3D('',#3348,#2457,#2458);
#2382=AXIS2_PLACEMENT_3D('',#3354,#2462,#2463);
#2383=AXIS2_PLACEMENT_3D('',#3357,#2466,#2467);
#2384=AXIS2_PLACEMENT_3D('',#3358,#2468,#2469);
#2385=AXIS2_PLACEMENT_3D('',#3837,#2490,#2491);
#2386=AXIS2_PLACEMENT_3D('',#4089,#2504,#2505);
#2387=AXIS2_PLACEMENT_3D('',#4090,#2506,#2507);
#2388=AXIS2_PLACEMENT_3D('',#4291,#2516,#2517);
#2389=AXIS2_PLACEMENT_3D('',#4292,#2518,#2519);
#2390=AXIS2_PLACEMENT_3D('',#4293,#2520,#2521);
#2391=AXIS2_PLACEMENT_3D('',#4302,#2526,#2527);
#2392=AXIS2_PLACEMENT_3D('',#4316,#2535,#2536);
#2393=AXIS2_PLACEMENT_3D('',#4320,#2539,#2540);
#2394=AXIS2_PLACEMENT_3D('',#4332,#2547,#2548);
#2395=AXIS2_PLACEMENT_3D('',#4334,#2550,#2551);
#2396=AXIS2_PLACEMENT_3D('',#4338,#2554,#2555);
#2397=AXIS2_PLACEMENT_3D('',#4339,#2556,#2557);
#2398=AXIS2_PLACEMENT_3D('',#4341,#2559,#2560);
#2399=AXIS2_PLACEMENT_3D('',#4344,#2562,#2563);
#2400=AXIS2_PLACEMENT_3D('',#4345,#2564,#2565);
#2401=AXIS2_PLACEMENT_3D('',#4347,#2567,#2568);
#2402=AXIS2_PLACEMENT_3D('',#4556,#2574,#2575);
#2403=AXIS2_PLACEMENT_3D('',#4942,#2592,#2593);
#2404=AXIS2_PLACEMENT_3D('',#5064,#2605,#2606);
#2405=AXIS2_PLACEMENT_3D('',#5067,#2609,#2610);
#2406=AXIS2_PLACEMENT_3D('',#5069,#2612,#2613);
#2407=AXIS2_PLACEMENT_3D('',#5071,#2615,#2616);
#2408=DIRECTION('axis',(0.,0.,1.));
#2409=DIRECTION('refdir',(1.,0.,0.));
#2410=DIRECTION('',(0.,0.,1.));
#2411=DIRECTION('',(0.,0.,1.));
#2412=DIRECTION('',(0.,0.,1.));
#2413=DIRECTION('',(0.,0.,1.));
#2414=DIRECTION('',(0.,0.,1.));
#2415=DIRECTION('',(0.,0.,1.));
#2416=DIRECTION('',(0.,0.,1.));
#2417=DIRECTION('',(0.,0.,1.));
#2418=DIRECTION('center_axis',(0.,0.,1.));
#2419=DIRECTION('ref_axis',(1.,0.,0.));
#2420=DIRECTION('center_axis',(0.,0.,1.));
#2421=DIRECTION('ref_axis',(1.,0.,0.));
#2422=DIRECTION('',(0.,0.,1.));
#2423=DIRECTION('',(0.,0.,1.));
#2424=DIRECTION('',(0.,0.,1.));
#2425=DIRECTION('',(0.,0.,1.));
#2426=DIRECTION('',(0.,0.,1.));
#2427=DIRECTION('',(0.,0.,1.));
#2428=DIRECTION('',(0.,0.,1.));
#2429=DIRECTION('',(0.,0.,1.));
#2430=DIRECTION('',(0.,0.,1.));
#2431=DIRECTION('',(0.,0.,1.));
#2432=DIRECTION('',(0.,0.,1.));
#2433=DIRECTION('',(0.,0.,1.));
#2434=DIRECTION('',(0.,0.,1.));
#2435=DIRECTION('',(0.,0.,1.));
#2436=DIRECTION('',(0.,0.,1.));
#2437=DIRECTION('',(0.,0.,1.));
#2438=DIRECTION('',(0.,0.,1.));
#2439=DIRECTION('',(0.,0.,1.));
#2440=DIRECTION('',(0.,0.,1.));
#2441=DIRECTION('',(0.,0.,1.));
#2442=DIRECTION('center_axis',(0.,0.,1.));
#2443=DIRECTION('ref_axis',(1.,0.,0.));
#2444=DIRECTION('center_axis',(0.,0.,1.));
#2445=DIRECTION('ref_axis',(1.,0.,0.));
#2446=DIRECTION('center_axis',(0.99995837111372,-0.00912447475729191,0.));
#2447=DIRECTION('ref_axis',(0.00912447475729191,0.99995837111372,0.));
#2448=DIRECTION('',(-0.00912447475729191,-0.99995837111372,0.));
#2449=DIRECTION('',(0.,0.,1.));
#2450=DIRECTION('',(-0.00912447475729191,-0.99995837111372,0.));
#2451=DIRECTION('',(0.,0.,1.));
#2452=DIRECTION('center_axis',(-0.00912447475729355,-0.99995837111372,0.));
#2453=DIRECTION('ref_axis',(0.99995837111372,-0.00912447475729355,0.));
#2454=DIRECTION('',(-0.99995837111372,0.00912447475729355,0.));
#2455=DIRECTION('',(0.,0.,1.));
#2456=DIRECTION('',(-0.99995837111372,0.00912447475729355,0.));
#2457=DIRECTION('center_axis',(-0.99995837111372,0.00912447475729191,0.));
#2458=DIRECTION('ref_axis',(-0.00912447475729191,-0.99995837111372,0.));
#2459=DIRECTION('',(0.00912447475729191,0.99995837111372,0.));
#2460=DIRECTION('',(0.,0.,1.));
#2461=DIRECTION('',(0.00912447475729191,0.99995837111372,0.));
#2462=DIRECTION('center_axis',(0.00912447475729349,0.99995837111372,0.));
#2463=DIRECTION('ref_axis',(-0.99995837111372,0.00912447475729349,0.));
#2464=DIRECTION('',(0.99995837111372,-0.00912447475729349,0.));
#2465=DIRECTION('',(0.99995837111372,-0.00912447475729349,0.));
#2466=DIRECTION('center_axis',(0.,0.,1.));
#2467=DIRECTION('ref_axis',(1.,0.,0.));
#2468=DIRECTION('center_axis',(0.,0.,1.));
#2469=DIRECTION('ref_axis',(1.,0.,0.));
#2470=DIRECTION('',(0.,0.,1.));
#2471=DIRECTION('',(0.,0.,1.));
#2472=DIRECTION('',(0.,0.,1.));
#2473=DIRECTION('',(0.,0.,1.));
#2474=DIRECTION('',(0.,0.,1.));
#2475=DIRECTION('',(0.,0.,1.));
#2476=DIRECTION('',(0.,0.,1.));
#2477=DIRECTION('',(0.,0.,1.));
#2478=DIRECTION('',(0.,0.,1.));
#2479=DIRECTION('',(0.,0.,1.));
#2480=DIRECTION('',(0.,0.,1.));
#2481=DIRECTION('',(0.,0.,1.));
#2482=DIRECTION('',(0.,0.,1.));
#2483=DIRECTION('',(0.,0.,1.));
#2484=DIRECTION('',(0.,0.,1.));
#2485=DIRECTION('',(0.,0.,1.));
#2486=DIRECTION('',(0.,0.,1.));
#2487=DIRECTION('',(0.,0.,1.));
#2488=DIRECTION('',(0.,0.,1.));
#2489=DIRECTION('',(0.,0.,1.));
#2490=DIRECTION('center_axis',(-0.0830033054976677,0.996549271875937,0.));
#2491=DIRECTION('ref_axis',(-0.996549271875937,-0.0830033054976677,0.));
#2492=DIRECTION('',(0.996549271875937,0.0830033054976677,0.));
#2493=DIRECTION('',(0.,0.,1.));
#2494=DIRECTION('',(0.996549271875937,0.0830033054976677,0.));
#2495=DIRECTION('',(0.,0.,1.));
#2496=DIRECTION('',(0.,0.,1.));
#2497=DIRECTION('',(0.,0.,1.));
#2498=DIRECTION('',(0.,0.,1.));
#2499=DIRECTION('',(0.,0.,1.));
#2500=DIRECTION('',(0.,0.,1.));
#2501=DIRECTION('',(0.,0.,1.));
#2502=DIRECTION('',(0.,0.,1.));
#2503=DIRECTION('',(0.,0.,1.));
#2504=DIRECTION('center_axis',(0.,0.,1.));
#2505=DIRECTION('ref_axis',(1.,0.,0.));
#2506=DIRECTION('center_axis',(0.,0.,1.));
#2507=DIRECTION('ref_axis',(1.,0.,0.));
#2508=DIRECTION('',(0.,0.,1.));
#2509=DIRECTION('',(0.,0.,1.));
#2510=DIRECTION('',(0.,0.,1.));
#2511=DIRECTION('',(0.,0.,1.));
#2512=DIRECTION('',(0.,0.,1.));
#2513=DIRECTION('',(0.,0.,1.));
#2514=DIRECTION('',(0.,0.,1.));
#2515=DIRECTION('',(0.,0.,1.));
#2516=DIRECTION('center_axis',(0.,0.,1.));
#2517=DIRECTION('ref_axis',(1.,0.,0.));
#2518=DIRECTION('center_axis',(0.,0.,1.));
#2519=DIRECTION('ref_axis',(1.,0.,0.));
#2520=DIRECTION('center_axis',(0.,0.,1.));
#2521=DIRECTION('ref_axis',(1.,0.,0.));
#2522=DIRECTION('',(1.,0.,0.));
#2523=DIRECTION('',(0.,1.,0.));
#2524=DIRECTION('',(-1.,0.,0.));
#2525=DIRECTION('',(0.,-1.,0.));
#2526=DIRECTION('center_axis',(0.,-1.,0.));
#2527=DIRECTION('ref_axis',(1.,0.,0.));
#2528=DIRECTION('',(-1.,0.,0.));
#2529=DIRECTION('',(0.,0.,1.));
#2530=DIRECTION('',(-1.,8.88178419700125E-17,0.));
#2531=DIRECTION('',(0.,0.,1.));
#2532=DIRECTION('',(1.,-8.88178419700125E-17,0.));
#2533=DIRECTION('',(0.,0.,1.));
#2534=DIRECTION('',(0.,0.,1.));
#2535=DIRECTION('center_axis',(1.,0.,0.));
#2536=DIRECTION('ref_axis',(0.,1.,0.));
#2537=DIRECTION('',(0.,1.,0.));
#2538=DIRECTION('',(0.,0.,1.));
#2539=DIRECTION('center_axis',(0.,1.,0.));
#2540=DIRECTION('ref_axis',(-1.,0.,0.));
#2541=DIRECTION('',(1.,-8.88178419700125E-17,0.));
#2542=DIRECTION('',(0.,0.,1.));
#2543=DIRECTION('',(-1.,8.88178419700125E-17,0.));
#2544=DIRECTION('',(0.,0.,1.));
#2545=DIRECTION('',(1.,-8.88178419700125E-17,0.));
#2546=DIRECTION('',(0.,0.,1.));
#2547=DIRECTION('center_axis',(-1.,0.,0.));
#2548=DIRECTION('ref_axis',(0.,-1.,0.));
#2549=DIRECTION('',(0.,1.,0.));
#2550=DIRECTION('center_axis',(0.,0.,1.));
#2551=DIRECTION('ref_axis',(1.,0.,0.));
#2552=DIRECTION('',(0.,-1.,0.));
#2553=DIRECTION('',(0.,1.,0.));
#2554=DIRECTION('center_axis',(0.,0.,1.));
#2555=DIRECTION('ref_axis',(1.,0.,0.));
#2556=DIRECTION('center_axis',(1.,0.,0.));
#2557=DIRECTION('ref_axis',(0.,1.,0.));
#2558=DIRECTION('',(0.,-1.,0.));
#2559=DIRECTION('center_axis',(0.,0.,1.));
#2560=DIRECTION('ref_axis',(1.,0.,0.));
#2561=DIRECTION('',(0.,0.,-1.));
#2562=DIRECTION('center_axis',(0.,0.,1.));
#2563=DIRECTION('ref_axis',(1.,0.,0.));
#2564=DIRECTION('center_axis',(-1.,0.,0.));
#2565=DIRECTION('ref_axis',(0.,-1.,0.));
#2566=DIRECTION('',(0.,1.,0.));
#2567=DIRECTION('center_axis',(0.,0.,1.));
#2568=DIRECTION('ref_axis',(1.,0.,0.));
#2569=DIRECTION('',(-0.00912447475729191,-0.99995837111372,0.));
#2570=DIRECTION('',(0.99995837111372,-0.00912447475729355,0.));
#2571=DIRECTION('',(0.00912447475729191,0.99995837111372,0.));
#2572=DIRECTION('',(-0.99995837111372,0.00912447475729349,0.));
#2573=DIRECTION('',(-0.996549271875937,-0.0830033054976677,0.));
#2574=DIRECTION('center_axis',(0.,0.,1.));
#2575=DIRECTION('ref_axis',(1.,0.,0.));
#2576=DIRECTION('',(0.00912447475729191,0.99995837111372,0.));
#2577=DIRECTION('',(0.99995837111372,-0.00912447475729349,0.));
#2578=DIRECTION('',(-0.00912447475729191,-0.99995837111372,0.));
#2579=DIRECTION('',(-0.99995837111372,0.00912447475729355,0.));
#2580=DIRECTION('',(0.996549271875937,0.0830033054976677,0.));
#2581=DIRECTION('',(0.,0.,1.));
#2582=DIRECTION('',(0.,0.,1.));
#2583=DIRECTION('',(0.,0.,1.));
#2584=DIRECTION('',(0.,0.,1.));
#2585=DIRECTION('',(0.,0.,1.));
#2586=DIRECTION('',(0.,0.,1.));
#2587=DIRECTION('',(0.,0.,1.));
#2588=DIRECTION('',(0.,0.,1.));
#2589=DIRECTION('',(0.,0.,1.));
#2590=DIRECTION('',(0.,0.,1.));
#2591=DIRECTION('',(0.,0.,1.));
#2592=DIRECTION('center_axis',(-0.0830033054976677,0.996549271875937,0.));
#2593=DIRECTION('ref_axis',(-0.996549271875937,-0.0830033054976677,0.));
#2594=DIRECTION('',(0.,0.,1.));
#2595=DIRECTION('',(0.,0.,1.));
#2596=DIRECTION('',(0.,0.,1.));
#2597=DIRECTION('',(0.,0.,1.));
#2598=DIRECTION('',(0.,0.,1.));
#2599=DIRECTION('',(0.,0.,1.));
#2600=DIRECTION('',(0.,0.,1.));
#2601=DIRECTION('',(0.,0.,1.));
#2602=DIRECTION('',(0.,0.,1.));
#2603=DIRECTION('',(0.,0.,1.));
#2604=DIRECTION('',(0.,0.,1.));
#2605=DIRECTION('center_axis',(0.00912447475729349,0.99995837111372,0.));
#2606=DIRECTION('ref_axis',(-0.99995837111372,0.00912447475729349,0.));
#2607=DIRECTION('',(0.,0.,1.));
#2608=DIRECTION('',(0.,0.,1.));
#2609=DIRECTION('center_axis',(-0.99995837111372,0.00912447475729191,0.));
#2610=DIRECTION('ref_axis',(-0.00912447475729191,-0.99995837111372,0.));
#2611=DIRECTION('',(0.,0.,1.));
#2612=DIRECTION('center_axis',(-0.00912447475729355,-0.99995837111372,0.));
#2613=DIRECTION('ref_axis',(0.99995837111372,-0.00912447475729355,0.));
#2614=DIRECTION('',(0.,0.,1.));
#2615=DIRECTION('center_axis',(0.99995837111372,-0.00912447475729191,0.));
#2616=DIRECTION('ref_axis',(0.00912447475729191,0.99995837111372,0.));
#2617=DIRECTION('',(0.,0.,1.));
#2618=DIRECTION('',(0.,0.,1.));
#2619=DIRECTION('',(0.,0.,1.));
#2620=DIRECTION('',(0.,0.,1.));
#2621=DIRECTION('',(0.,0.,1.));
#2622=DIRECTION('',(0.,0.,1.));
#2623=DIRECTION('',(0.,0.,1.));
#2624=DIRECTION('',(0.,0.,1.));
#2625=DIRECTION('',(0.,0.,1.));
#2626=DIRECTION('',(0.,0.,1.));
#2627=DIRECTION('',(0.,0.,1.));
#2628=DIRECTION('',(0.,0.,1.));
#2629=CARTESIAN_POINT('',(0.,0.,0.));
#2630=CARTESIAN_POINT('Ctrl Pts',(19.4161855119382,8.1754428106377,0.));
#2631=CARTESIAN_POINT('Ctrl Pts',(19.4161855119382,8.1754428106377,5.5));
#2632=CARTESIAN_POINT('Ctrl Pts',(19.5786040565723,7.76980053732903,0.));
#2633=CARTESIAN_POINT('Ctrl Pts',(19.5786040565723,7.76980053732903,5.5));
#2634=CARTESIAN_POINT('Ctrl Pts',(19.9983678382476,6.72143543200758,0.));
#2635=CARTESIAN_POINT('Ctrl Pts',(19.9983678382476,6.72143543200758,5.5));
#2636=CARTESIAN_POINT('Ctrl Pts',(19.9762078234344,5.58561937577494,0.));
#2637=CARTESIAN_POINT('Ctrl Pts',(19.9762078234344,5.58561937577494,5.5));
#2638=CARTESIAN_POINT('Ctrl Pts',(19.9626221485528,4.88928285274312,0.));
#2639=CARTESIAN_POINT('Ctrl Pts',(19.9626221485528,4.88928285274312,5.5));
#2640=CARTESIAN_POINT('',(19.9626221485528,4.88928285274312,0.6));
#2641=CARTESIAN_POINT('',(19.4161855119382,8.1754428106377,0.6));
#2642=CARTESIAN_POINT('Ctrl Pts',(19.9626221485528,4.88928285274312,0.6));
#2643=CARTESIAN_POINT('Ctrl Pts',(19.9762078234344,5.58561937577494,0.6));
#2644=CARTESIAN_POINT('Ctrl Pts',(19.9897934983161,6.28195589880677,0.6));
#2645=CARTESIAN_POINT('Ctrl Pts',(19.8372791359998,6.94542339257436,0.6));
#2646=CARTESIAN_POINT('Ctrl Pts',(19.7410226012063,7.36415826402037,0.6));
#2647=CARTESIAN_POINT('Ctrl Pts',(19.5786040565723,7.76980053732903,0.6));
#2648=CARTESIAN_POINT('Ctrl Pts',(19.4161855119382,8.1754428106377,0.6));
#2649=CARTESIAN_POINT('',(19.9626221485528,4.88928285274312,0.));
#2650=CARTESIAN_POINT('',(19.9626221485528,4.88928285274312,0.));
#2651=CARTESIAN_POINT('',(19.4161855119382,8.1754428106377,0.));
#2652=CARTESIAN_POINT('Ctrl Pts',(19.4161855119382,8.1754428106377,0.));
#2653=CARTESIAN_POINT('Ctrl Pts',(19.5786040565723,7.76980053732903,0.));
#2654=CARTESIAN_POINT('Ctrl Pts',(19.9983678382476,6.72143543200758,0.));
#2655=CARTESIAN_POINT('Ctrl Pts',(19.9762078234344,5.58561937577494,0.));
#2656=CARTESIAN_POINT('Ctrl Pts',(19.9626221485528,4.88928285274312,0.));
#2657=CARTESIAN_POINT('',(19.4161855119382,8.1754428106377,0.));
#2658=CARTESIAN_POINT('Ctrl Pts',(17.9877712569376,9.00024308735192,0.));
#2659=CARTESIAN_POINT('Ctrl Pts',(17.9877712569376,9.00024308735192,5.5));
#2660=CARTESIAN_POINT('Ctrl Pts',(18.2658892346586,8.95836159275017,0.));
#2661=CARTESIAN_POINT('Ctrl Pts',(18.2658892346586,8.95836159275017,5.5));
#2662=CARTESIAN_POINT('Ctrl Pts',(18.8474366691247,8.87078697446464,0.));
#2663=CARTESIAN_POINT('Ctrl Pts',(18.8474366691247,8.87078697446464,5.5));
#2664=CARTESIAN_POINT('Ctrl Pts',(19.2211802478311,8.41385344483193,0.));
#2665=CARTESIAN_POINT('Ctrl Pts',(19.2211802478311,8.41385344483193,5.5));
#2666=CARTESIAN_POINT('Ctrl Pts',(19.4161855119382,8.1754428106377,0.));
#2667=CARTESIAN_POINT('Ctrl Pts',(19.4161855119382,8.1754428106377,5.5));
#2668=CARTESIAN_POINT('',(17.9877712569376,9.00024308735192,0.6));
#2669=CARTESIAN_POINT('Ctrl Pts',(19.4161855119382,8.1754428106377,0.6));
#2670=CARTESIAN_POINT('Ctrl Pts',(19.2211802478311,8.41385344483193,0.6));
#2671=CARTESIAN_POINT('Ctrl Pts',(19.026174983724,8.65226407902616,0.6));
#2672=CARTESIAN_POINT('Ctrl Pts',(18.7745980765825,8.79012200495653,0.6));
#2673=CARTESIAN_POINT('Ctrl Pts',(18.5440072123795,8.91648009814841,0.6));
#2674=CARTESIAN_POINT('Ctrl Pts',(18.2658892346586,8.95836159275017,0.6));
#2675=CARTESIAN_POINT('Ctrl Pts',(17.9877712569376,9.00024308735192,0.6));
#2676=CARTESIAN_POINT('',(17.9877712569376,9.00024308735192,0.));
#2677=CARTESIAN_POINT('Ctrl Pts',(17.9877712569376,9.00024308735192,0.));
#2678=CARTESIAN_POINT('Ctrl Pts',(18.2658892346586,8.95836159275017,0.));
#2679=CARTESIAN_POINT('Ctrl Pts',(18.8474366691247,8.87078697446464,0.));
#2680=CARTESIAN_POINT('Ctrl Pts',(19.2211802478311,8.41385344483193,0.));
#2681=CARTESIAN_POINT('Ctrl Pts',(19.4161855119382,8.1754428106377,0.));
#2682=CARTESIAN_POINT('',(17.9877712569376,9.00024308735192,0.));
#2683=CARTESIAN_POINT('Ctrl Pts',(16.6306795779378,8.29636208876634,0.));
#2684=CARTESIAN_POINT('Ctrl Pts',(16.6306795779378,8.29636208876634,5.5));
#2685=CARTESIAN_POINT('Ctrl Pts',(16.8135398024821,8.50359728290289,0.));
#2686=CARTESIAN_POINT('Ctrl Pts',(16.8135398024821,8.50359728290289,5.5));
#2687=CARTESIAN_POINT('Ctrl Pts',(17.1754622292078,8.91376337862864,0.));
#2688=CARTESIAN_POINT('Ctrl Pts',(17.1754622292078,8.91376337862864,5.5));
#2689=CARTESIAN_POINT('Ctrl Pts',(17.7189025394456,8.97161889682866,0.));
#2690=CARTESIAN_POINT('Ctrl Pts',(17.7189025394456,8.97161889682866,5.5));
#2691=CARTESIAN_POINT('Ctrl Pts',(17.9877712569376,9.00024308735192,0.));
#2692=CARTESIAN_POINT('Ctrl Pts',(17.9877712569376,9.00024308735192,5.5));
#2693=CARTESIAN_POINT('',(16.6306795779378,8.29636208876634,0.6));
#2694=CARTESIAN_POINT('Ctrl Pts',(17.9877712569376,9.00024308735192,0.6));
#2695=CARTESIAN_POINT('Ctrl Pts',(17.7189025394456,8.97161889682866,0.6));
#2696=CARTESIAN_POINT('Ctrl Pts',(17.4500338219536,8.94299470630539,0.6));
#2697=CARTESIAN_POINT('Ctrl Pts',(17.2255971462868,8.82813174958894,0.6));
#2698=CARTESIAN_POINT('Ctrl Pts',(16.9964000270264,8.71083247703943,0.6));
#2699=CARTESIAN_POINT('Ctrl Pts',(16.8135398024821,8.50359728290289,0.6));
#2700=CARTESIAN_POINT('Ctrl Pts',(16.6306795779378,8.29636208876634,0.6));
#2701=CARTESIAN_POINT('',(16.6306795779378,8.29636208876634,0.));
#2702=CARTESIAN_POINT('Ctrl Pts',(16.6306795779378,8.29636208876634,0.));
#2703=CARTESIAN_POINT('Ctrl Pts',(16.8135398024821,8.50359728290289,0.));
#2704=CARTESIAN_POINT('Ctrl Pts',(17.1754622292078,8.91376337862864,0.));
#2705=CARTESIAN_POINT('Ctrl Pts',(17.7189025394456,8.97161889682866,0.));
#2706=CARTESIAN_POINT('Ctrl Pts',(17.9877712569376,9.00024308735192,0.));
#2707=CARTESIAN_POINT('',(16.6306795779378,8.29636208876634,0.));
#2708=CARTESIAN_POINT('Ctrl Pts',(15.96551689353,4.92575585707537,0.));
#2709=CARTESIAN_POINT('Ctrl Pts',(15.96551689353,4.92575585707537,5.5));
#2710=CARTESIAN_POINT('Ctrl Pts',(15.9691478395754,5.62960538290409,0.));
#2711=CARTESIAN_POINT('Ctrl Pts',(15.9691478395754,5.62960538290409,5.5));
#2712=CARTESIAN_POINT('Ctrl Pts',(15.975195582467,6.8019447438678,0.));
#2713=CARTESIAN_POINT('Ctrl Pts',(15.975195582467,6.8019447438678,5.5));
#2714=CARTESIAN_POINT('Ctrl Pts',(16.4435256744713,7.86967579064402,0.));
#2715=CARTESIAN_POINT('Ctrl Pts',(16.4435256744713,7.86967579064402,5.5));
#2716=CARTESIAN_POINT('Ctrl Pts',(16.6306795779378,8.29636208876634,0.));
#2717=CARTESIAN_POINT('Ctrl Pts',(16.6306795779378,8.29636208876634,5.5));
#2718=CARTESIAN_POINT('',(15.96551689353,4.92575585707537,0.6));
#2719=CARTESIAN_POINT('Ctrl Pts',(16.6306795779378,8.29636208876634,0.6));
#2720=CARTESIAN_POINT('Ctrl Pts',(16.4435256744713,7.86967579064402,0.6));
#2721=CARTESIAN_POINT('Ctrl Pts',(16.2563717710047,7.44298949252169,0.6));
#2722=CARTESIAN_POINT('Ctrl Pts',(16.143042443856,6.99959767992527,0.6));
#2723=CARTESIAN_POINT('Ctrl Pts',(15.9727787856208,6.33345490873281,0.6));
#2724=CARTESIAN_POINT('Ctrl Pts',(15.9691478395754,5.62960538290409,0.6));
#2725=CARTESIAN_POINT('Ctrl Pts',(15.96551689353,4.92575585707537,0.6));
#2726=CARTESIAN_POINT('',(15.96551689353,4.92575585707537,0.));
#2727=CARTESIAN_POINT('Ctrl Pts',(15.96551689353,4.92575585707537,0.));
#2728=CARTESIAN_POINT('Ctrl Pts',(15.9691478395754,5.62960538290409,0.));
#2729=CARTESIAN_POINT('Ctrl Pts',(15.975195582467,6.8019447438678,0.));
#2730=CARTESIAN_POINT('Ctrl Pts',(16.4435256744713,7.86967579064402,0.));
#2731=CARTESIAN_POINT('Ctrl Pts',(16.6306795779378,8.29636208876634,0.));
#2732=CARTESIAN_POINT('',(15.96551689353,4.92575585707537,0.));
#2733=CARTESIAN_POINT('Ctrl Pts',(16.5119852513355,1.6430069255593,0.));
#2734=CARTESIAN_POINT('Ctrl Pts',(16.5119852513355,1.6430069255593,5.5));
#2735=CARTESIAN_POINT('Ctrl Pts',(16.3495488416247,2.04893008565338,0.));
#2736=CARTESIAN_POINT('Ctrl Pts',(16.3495488416247,2.04893008565338,5.5));
#2737=CARTESIAN_POINT('Ctrl Pts',(15.9304289770905,3.09629662233566,0.));
#2738=CARTESIAN_POINT('Ctrl Pts',(15.9304289770905,3.09629662233566,5.5));
#2739=CARTESIAN_POINT('Ctrl Pts',(15.9521898095156,4.23089108890891,0.));
#2740=CARTESIAN_POINT('Ctrl Pts',(15.9521898095156,4.23089108890891,5.5));
#2741=CARTESIAN_POINT('Ctrl Pts',(15.96551689353,4.92575585707537,0.));
#2742=CARTESIAN_POINT('Ctrl Pts',(15.96551689353,4.92575585707537,5.5));
#2743=CARTESIAN_POINT('',(16.5119852513355,1.6430069255593,0.6));
#2744=CARTESIAN_POINT('Ctrl Pts',(15.96551689353,4.92575585707537,0.6));
#2745=CARTESIAN_POINT('Ctrl Pts',(15.9521898095156,4.23089108890891,0.6));
#2746=CARTESIAN_POINT('Ctrl Pts',(15.9388627255013,3.53602632074246,0.6));
#2747=CARTESIAN_POINT('Ctrl Pts',(16.0908994044874,2.8738786545607,0.6));
#2748=CARTESIAN_POINT('Ctrl Pts',(16.1871124319139,2.45485324574746,0.6));
#2749=CARTESIAN_POINT('Ctrl Pts',(16.3495488416247,2.04893008565338,0.6));
#2750=CARTESIAN_POINT('Ctrl Pts',(16.5119852513355,1.6430069255593,0.6));
#2751=CARTESIAN_POINT('',(16.5119852513355,1.6430069255593,0.));
#2752=CARTESIAN_POINT('Ctrl Pts',(16.5119852513355,1.6430069255593,0.));
#2753=CARTESIAN_POINT('Ctrl Pts',(16.3495488416247,2.04893008565338,0.));
#2754=CARTESIAN_POINT('Ctrl Pts',(15.9304289770905,3.09629662233566,0.));
#2755=CARTESIAN_POINT('Ctrl Pts',(15.9521898095156,4.23089108890891,0.));
#2756=CARTESIAN_POINT('Ctrl Pts',(15.96551689353,4.92575585707537,0.));
#2757=CARTESIAN_POINT('',(16.5119852513355,1.6430069255593,0.));
#2758=CARTESIAN_POINT('Ctrl Pts',(17.9267242538982,0.814920117705624,0.));
#2759=CARTESIAN_POINT('Ctrl Pts',(17.9267242538982,0.814920117705624,5.5));
#2760=CARTESIAN_POINT('Ctrl Pts',(17.6521601021447,0.857592841239219,0.));
#2761=CARTESIAN_POINT('Ctrl Pts',(17.6521601021447,0.857592841239219,5.5));
#2762=CARTESIAN_POINT('Ctrl Pts',(17.074682156167,0.947344385925846,0.));
#2763=CARTESIAN_POINT('Ctrl Pts',(17.074682156167,0.947344385925846,5.5));
#2764=CARTESIAN_POINT('Ctrl Pts',(16.7055907188307,1.40365236354166,0.));
#2765=CARTESIAN_POINT('Ctrl Pts',(16.7055907188307,1.40365236354166,5.5));
#2766=CARTESIAN_POINT('Ctrl Pts',(16.5119852513355,1.6430069255593,0.));
#2767=CARTESIAN_POINT('Ctrl Pts',(16.5119852513355,1.6430069255593,5.5));
#2768=CARTESIAN_POINT('',(17.9267242538982,0.814920117705624,0.6));
#2769=CARTESIAN_POINT('Ctrl Pts',(16.5119852513355,1.6430069255593,0.6));
#2770=CARTESIAN_POINT('Ctrl Pts',(16.7055907188307,1.40365236354166,0.6));
#2771=CARTESIAN_POINT('Ctrl Pts',(16.8991961863259,1.16429780152401,0.6));
#2772=CARTESIAN_POINT('Ctrl Pts',(17.1501389083784,1.02580072611384,0.6));
#2773=CARTESIAN_POINT('Ctrl Pts',(17.3775959503911,0.900265564772818,0.6));
#2774=CARTESIAN_POINT('Ctrl Pts',(17.6521601021447,0.857592841239219,0.6));
#2775=CARTESIAN_POINT('Ctrl Pts',(17.9267242538982,0.814920117705624,0.6));
#2776=CARTESIAN_POINT('',(17.9267242538982,0.814920117705624,0.));
#2777=CARTESIAN_POINT('Ctrl Pts',(17.9267242538982,0.814920117705624,0.));
#2778=CARTESIAN_POINT('Ctrl Pts',(17.6521601021447,0.857592841239219,0.));
#2779=CARTESIAN_POINT('Ctrl Pts',(17.074682156167,0.947344385925846,0.));
#2780=CARTESIAN_POINT('Ctrl Pts',(16.7055907188307,1.40365236354166,0.));
#2781=CARTESIAN_POINT('Ctrl Pts',(16.5119852513355,1.6430069255593,0.));
#2782=CARTESIAN_POINT('',(17.9267242538982,0.814920117705624,0.));
#2783=CARTESIAN_POINT('Ctrl Pts',(19.3563722744118,1.62046302726393,0.));
#2784=CARTESIAN_POINT('Ctrl Pts',(19.3563722744118,1.62046302726393,5.5));
#2785=CARTESIAN_POINT('Ctrl Pts',(19.1585666113641,1.38369203875127,0.));
#2786=CARTESIAN_POINT('Ctrl Pts',(19.1585666113641,1.38369203875127,5.5));
#2787=CARTESIAN_POINT('Ctrl Pts',(18.7817747307886,0.9326767106113,0.));
#2788=CARTESIAN_POINT('Ctrl Pts',(18.7817747307886,0.9326767106113,5.5));
#2789=CARTESIAN_POINT('Ctrl Pts',(18.2020900000049,0.85284317949067,0.));
#2790=CARTESIAN_POINT('Ctrl Pts',(18.2020900000049,0.85284317949067,5.5));
#2791=CARTESIAN_POINT('Ctrl Pts',(17.9267242538982,0.814920117705624,0.));
#2792=CARTESIAN_POINT('Ctrl Pts',(17.9267242538982,0.814920117705624,5.5));
#2793=CARTESIAN_POINT('',(19.3563722744118,1.62046302726393,0.6));
#2794=CARTESIAN_POINT('Ctrl Pts',(17.9267242538982,0.814920117705624,0.6));
#2795=CARTESIAN_POINT('Ctrl Pts',(18.2020900000049,0.85284317949067,0.6));
#2796=CARTESIAN_POINT('Ctrl Pts',(18.4774557461115,0.890766241275716,0.6));
#2797=CARTESIAN_POINT('Ctrl Pts',(18.7070386392514,1.01244662432376,0.6));
#2798=CARTESIAN_POINT('Ctrl Pts',(18.9607609483164,1.1469210502386,0.6));
#2799=CARTESIAN_POINT('Ctrl Pts',(19.1585666113641,1.38369203875127,0.6));
#2800=CARTESIAN_POINT('Ctrl Pts',(19.3563722744118,1.62046302726393,0.6));
#2801=CARTESIAN_POINT('',(19.3563722744118,1.62046302726393,0.));
#2802=CARTESIAN_POINT('Ctrl Pts',(19.3563722744118,1.62046302726393,0.));
#2803=CARTESIAN_POINT('Ctrl Pts',(19.1585666113641,1.38369203875127,0.));
#2804=CARTESIAN_POINT('Ctrl Pts',(18.7817747307886,0.9326767106113,0.));
#2805=CARTESIAN_POINT('Ctrl Pts',(18.2020900000049,0.85284317949067,0.));
#2806=CARTESIAN_POINT('Ctrl Pts',(17.9267242538982,0.814920117705624,0.));
#2807=CARTESIAN_POINT('',(19.3563722744118,1.62046302726393,0.));
#2808=CARTESIAN_POINT('Ctrl Pts',(19.9626221485528,4.88928285274312,0.));
#2809=CARTESIAN_POINT('Ctrl Pts',(19.9626221485528,4.88928285274312,5.5));
#2810=CARTESIAN_POINT('Ctrl Pts',(19.963035659675,4.19576652574897,0.));
#2811=CARTESIAN_POINT('Ctrl Pts',(19.963035659675,4.19576652574897,5.5));
#2812=CARTESIAN_POINT('Ctrl Pts',(19.9637115565039,3.06219245476846,0.));
#2813=CARTESIAN_POINT('Ctrl Pts',(19.9637115565039,3.06219245476846,5.5));
#2814=CARTESIAN_POINT('Ctrl Pts',(19.5262114653648,2.02363497210654,0.));
#2815=CARTESIAN_POINT('Ctrl Pts',(19.5262114653648,2.02363497210654,5.5));
#2816=CARTESIAN_POINT('Ctrl Pts',(19.3563722744118,1.62046302726393,0.));
#2817=CARTESIAN_POINT('Ctrl Pts',(19.3563722744118,1.62046302726393,5.5));
#2818=CARTESIAN_POINT('Ctrl Pts',(19.3563722744118,1.62046302726393,0.6));
#2819=CARTESIAN_POINT('Ctrl Pts',(19.5262114653648,2.02363497210654,0.6));
#2820=CARTESIAN_POINT('Ctrl Pts',(19.6960506563177,2.42680691694914,0.6));
#2821=CARTESIAN_POINT('Ctrl Pts',(19.7998557715188,2.84429806860131,0.6));
#2822=CARTESIAN_POINT('Ctrl Pts',(19.9634491707972,3.50225019875481,0.6));
#2823=CARTESIAN_POINT('Ctrl Pts',(19.963035659675,4.19576652574897,0.6));
#2824=CARTESIAN_POINT('Ctrl Pts',(19.9626221485528,4.88928285274312,0.6));
#2825=CARTESIAN_POINT('Ctrl Pts',(19.9626221485528,4.88928285274312,0.));
#2826=CARTESIAN_POINT('Ctrl Pts',(19.963035659675,4.19576652574897,0.));
#2827=CARTESIAN_POINT('Ctrl Pts',(19.9637115565039,3.06219245476846,0.));
#2828=CARTESIAN_POINT('Ctrl Pts',(19.5262114653648,2.02363497210654,0.));
#2829=CARTESIAN_POINT('Ctrl Pts',(19.3563722744118,1.62046302726393,0.));
#2830=CARTESIAN_POINT('Origin',(11.2470805187714,1.05776542300557,0.6));
#2831=CARTESIAN_POINT('Origin',(-20.7529194812286,1.05776542300557,0.));
#2832=CARTESIAN_POINT('Ctrl Pts',(19.4161855119382,8.1754428106377,0.));
#2833=CARTESIAN_POINT('Ctrl Pts',(19.4161855119382,8.1754428106377,0.66));
#2834=CARTESIAN_POINT('Ctrl Pts',(19.5786040565723,7.76980053732903,0.));
#2835=CARTESIAN_POINT('Ctrl Pts',(19.5786040565723,7.76980053732903,0.66));
#2836=CARTESIAN_POINT('Ctrl Pts',(19.9983678382476,6.72143543200758,0.));
#2837=CARTESIAN_POINT('Ctrl Pts',(19.9983678382476,6.72143543200758,0.66));
#2838=CARTESIAN_POINT('Ctrl Pts',(19.9762078234344,5.58561937577494,0.));
#2839=CARTESIAN_POINT('Ctrl Pts',(19.9762078234344,5.58561937577494,0.66));
#2840=CARTESIAN_POINT('Ctrl Pts',(19.9626221485528,4.88928285274312,0.));
#2841=CARTESIAN_POINT('Ctrl Pts',(19.9626221485528,4.88928285274312,0.66));
#2842=CARTESIAN_POINT('',(19.9626221485528,4.88928285274312,0.6));
#2843=CARTESIAN_POINT('',(19.4161855119382,8.1754428106377,0.6));
#2844=CARTESIAN_POINT('Ctrl Pts',(19.9626221485528,4.88928285274312,0.6));
#2845=CARTESIAN_POINT('Ctrl Pts',(19.9762078234344,5.58561937577494,0.6));
#2846=CARTESIAN_POINT('Ctrl Pts',(19.9897934983161,6.28195589880677,0.6));
#2847=CARTESIAN_POINT('Ctrl Pts',(19.8372791359998,6.94542339257436,0.6));
#2848=CARTESIAN_POINT('Ctrl Pts',(19.7410226012063,7.36415826402037,0.6));
#2849=CARTESIAN_POINT('Ctrl Pts',(19.5786040565723,7.76980053732903,0.6));
#2850=CARTESIAN_POINT('Ctrl Pts',(19.4161855119382,8.1754428106377,0.6));
#2851=CARTESIAN_POINT('',(19.4161855119382,8.1754428106377,0.));
#2852=CARTESIAN_POINT('',(19.4161855119382,8.1754428106377,0.));
#2853=CARTESIAN_POINT('',(19.9626221485528,4.88928285274312,0.));
#2854=CARTESIAN_POINT('Ctrl Pts',(19.9626221485528,4.88928285274312,0.));
#2855=CARTESIAN_POINT('Ctrl Pts',(19.9762078234344,5.58561937577494,0.));
#2856=CARTESIAN_POINT('Ctrl Pts',(19.9983678382476,6.72143543200758,0.));
#2857=CARTESIAN_POINT('Ctrl Pts',(19.5786040565723,7.76980053732903,0.));
#2858=CARTESIAN_POINT('Ctrl Pts',(19.4161855119382,8.1754428106377,0.));
#2859=CARTESIAN_POINT('',(19.9626221485528,4.88928285274312,0.));
#2860=CARTESIAN_POINT('Ctrl Pts',(17.9877712569376,9.00024308735192,0.));
#2861=CARTESIAN_POINT('Ctrl Pts',(17.9877712569376,9.00024308735192,0.66));
#2862=CARTESIAN_POINT('Ctrl Pts',(18.2658892346586,8.95836159275017,0.));
#2863=CARTESIAN_POINT('Ctrl Pts',(18.2658892346586,8.95836159275017,0.66));
#2864=CARTESIAN_POINT('Ctrl Pts',(18.8474366691247,8.87078697446464,0.));
#2865=CARTESIAN_POINT('Ctrl Pts',(18.8474366691247,8.87078697446464,0.66));
#2866=CARTESIAN_POINT('Ctrl Pts',(19.2211802478311,8.41385344483193,0.));
#2867=CARTESIAN_POINT('Ctrl Pts',(19.2211802478311,8.41385344483193,0.66));
#2868=CARTESIAN_POINT('Ctrl Pts',(19.4161855119382,8.1754428106377,0.));
#2869=CARTESIAN_POINT('Ctrl Pts',(19.4161855119382,8.1754428106377,0.66));
#2870=CARTESIAN_POINT('',(17.9877712569376,9.00024308735192,0.6));
#2871=CARTESIAN_POINT('Ctrl Pts',(19.4161855119382,8.1754428106377,0.6));
#2872=CARTESIAN_POINT('Ctrl Pts',(19.2211802478311,8.41385344483193,0.6));
#2873=CARTESIAN_POINT('Ctrl Pts',(19.026174983724,8.65226407902616,0.6));
#2874=CARTESIAN_POINT('Ctrl Pts',(18.7745980765825,8.79012200495653,0.6));
#2875=CARTESIAN_POINT('Ctrl Pts',(18.5440072123795,8.91648009814841,0.6));
#2876=CARTESIAN_POINT('Ctrl Pts',(18.2658892346586,8.95836159275017,0.6));
#2877=CARTESIAN_POINT('Ctrl Pts',(17.9877712569376,9.00024308735192,0.6));
#2878=CARTESIAN_POINT('',(17.9877712569376,9.00024308735192,0.));
#2879=CARTESIAN_POINT('',(17.9877712569376,9.00024308735192,0.));
#2880=CARTESIAN_POINT('Ctrl Pts',(19.4161855119382,8.1754428106377,0.));
#2881=CARTESIAN_POINT('Ctrl Pts',(19.2211802478311,8.41385344483193,0.));
#2882=CARTESIAN_POINT('Ctrl Pts',(18.8474366691247,8.87078697446464,0.));
#2883=CARTESIAN_POINT('Ctrl Pts',(18.2658892346586,8.95836159275017,0.));
#2884=CARTESIAN_POINT('Ctrl Pts',(17.9877712569376,9.00024308735192,0.));
#2885=CARTESIAN_POINT('Ctrl Pts',(16.6306795779378,8.29636208876634,0.));
#2886=CARTESIAN_POINT('Ctrl Pts',(16.6306795779378,8.29636208876634,0.66));
#2887=CARTESIAN_POINT('Ctrl Pts',(16.8135398024821,8.50359728290289,0.));
#2888=CARTESIAN_POINT('Ctrl Pts',(16.8135398024821,8.50359728290289,0.66));
#2889=CARTESIAN_POINT('Ctrl Pts',(17.1754622292078,8.91376337862864,0.));
#2890=CARTESIAN_POINT('Ctrl Pts',(17.1754622292078,8.91376337862864,0.66));
#2891=CARTESIAN_POINT('Ctrl Pts',(17.7189025394456,8.97161889682866,0.));
#2892=CARTESIAN_POINT('Ctrl Pts',(17.7189025394456,8.97161889682866,0.66));
#2893=CARTESIAN_POINT('Ctrl Pts',(17.9877712569376,9.00024308735192,0.));
#2894=CARTESIAN_POINT('Ctrl Pts',(17.9877712569376,9.00024308735192,0.66));
#2895=CARTESIAN_POINT('',(16.6306795779378,8.29636208876634,0.6));
#2896=CARTESIAN_POINT('Ctrl Pts',(17.9877712569376,9.00024308735192,0.6));
#2897=CARTESIAN_POINT('Ctrl Pts',(17.7189025394456,8.97161889682866,0.6));
#2898=CARTESIAN_POINT('Ctrl Pts',(17.4500338219536,8.94299470630539,0.6));
#2899=CARTESIAN_POINT('Ctrl Pts',(17.2255971462868,8.82813174958894,0.6));
#2900=CARTESIAN_POINT('Ctrl Pts',(16.9964000270264,8.71083247703943,0.6));
#2901=CARTESIAN_POINT('Ctrl Pts',(16.8135398024821,8.50359728290289,0.6));
#2902=CARTESIAN_POINT('Ctrl Pts',(16.6306795779378,8.29636208876634,0.6));
#2903=CARTESIAN_POINT('',(16.6306795779378,8.29636208876634,0.));
#2904=CARTESIAN_POINT('',(16.6306795779378,8.29636208876634,0.));
#2905=CARTESIAN_POINT('Ctrl Pts',(17.9877712569376,9.00024308735192,0.));
#2906=CARTESIAN_POINT('Ctrl Pts',(17.7189025394456,8.97161889682866,0.));
#2907=CARTESIAN_POINT('Ctrl Pts',(17.1754622292078,8.91376337862864,0.));
#2908=CARTESIAN_POINT('Ctrl Pts',(16.8135398024821,8.50359728290289,0.));
#2909=CARTESIAN_POINT('Ctrl Pts',(16.6306795779378,8.29636208876634,0.));
#2910=CARTESIAN_POINT('Ctrl Pts',(15.96551689353,4.92575585707537,0.));
#2911=CARTESIAN_POINT('Ctrl Pts',(15.96551689353,4.92575585707537,0.66));
#2912=CARTESIAN_POINT('Ctrl Pts',(15.9691478395754,5.62960538290409,0.));
#2913=CARTESIAN_POINT('Ctrl Pts',(15.9691478395754,5.62960538290409,0.66));
#2914=CARTESIAN_POINT('Ctrl Pts',(15.975195582467,6.8019447438678,0.));
#2915=CARTESIAN_POINT('Ctrl Pts',(15.975195582467,6.8019447438678,0.66));
#2916=CARTESIAN_POINT('Ctrl Pts',(16.4435256744713,7.86967579064402,0.));
#2917=CARTESIAN_POINT('Ctrl Pts',(16.4435256744713,7.86967579064402,0.66));
#2918=CARTESIAN_POINT('Ctrl Pts',(16.6306795779378,8.29636208876634,0.));
#2919=CARTESIAN_POINT('Ctrl Pts',(16.6306795779378,8.29636208876634,0.66));
#2920=CARTESIAN_POINT('',(15.96551689353,4.92575585707537,0.6));
#2921=CARTESIAN_POINT('Ctrl Pts',(16.6306795779378,8.29636208876634,0.6));
#2922=CARTESIAN_POINT('Ctrl Pts',(16.4435256744713,7.86967579064402,0.6));
#2923=CARTESIAN_POINT('Ctrl Pts',(16.2563717710047,7.44298949252169,0.6));
#2924=CARTESIAN_POINT('Ctrl Pts',(16.143042443856,6.99959767992527,0.6));
#2925=CARTESIAN_POINT('Ctrl Pts',(15.9727787856208,6.33345490873281,0.6));
#2926=CARTESIAN_POINT('Ctrl Pts',(15.9691478395754,5.62960538290409,0.6));
#2927=CARTESIAN_POINT('Ctrl Pts',(15.96551689353,4.92575585707537,0.6));
#2928=CARTESIAN_POINT('',(15.96551689353,4.92575585707537,0.));
#2929=CARTESIAN_POINT('',(15.96551689353,4.92575585707537,0.));
#2930=CARTESIAN_POINT('Ctrl Pts',(16.6306795779378,8.29636208876634,0.));
#2931=CARTESIAN_POINT('Ctrl Pts',(16.4435256744713,7.86967579064402,0.));
#2932=CARTESIAN_POINT('Ctrl Pts',(15.975195582467,6.8019447438678,0.));
#2933=CARTESIAN_POINT('Ctrl Pts',(15.9691478395754,5.62960538290409,0.));
#2934=CARTESIAN_POINT('Ctrl Pts',(15.96551689353,4.92575585707537,0.));
#2935=CARTESIAN_POINT('Ctrl Pts',(21.2245072337508,4.87776833480007,0.));
#2936=CARTESIAN_POINT('Ctrl Pts',(21.2245072337508,4.87776833480007,0.66));
#2937=CARTESIAN_POINT('Ctrl Pts',(21.2247886943765,5.32412639118854,0.));
#2938=CARTESIAN_POINT('Ctrl Pts',(21.2247886943765,5.32412639118854,0.66));
#2939=CARTESIAN_POINT('Ctrl Pts',(21.2252899364547,6.11902777112449,0.));
#2940=CARTESIAN_POINT('Ctrl Pts',(21.2252899364547,6.11902777112449,0.66));
#2941=CARTESIAN_POINT('Ctrl Pts',(21.0832575433314,6.9005996876036,0.));
#2942=CARTESIAN_POINT('Ctrl Pts',(21.0832575433314,6.9005996876036,0.66));
#2943=CARTESIAN_POINT('Ctrl Pts',(21.0209800789816,7.24329839242024,0.));
#2944=CARTESIAN_POINT('Ctrl Pts',(21.0209800789816,7.24329839242024,0.66));
#2945=CARTESIAN_POINT('',(21.0209800789816,7.24329839242024,0.6));
#2946=CARTESIAN_POINT('',(21.2245072337508,4.87776833480007,0.6));
#2947=CARTESIAN_POINT('Ctrl Pts',(21.0209800789816,7.24329839242024,0.6));
#2948=CARTESIAN_POINT('Ctrl Pts',(21.0832575433314,6.9005996876036,0.6));
#2949=CARTESIAN_POINT('Ctrl Pts',(21.1455350076812,6.55790098278697,0.6));
#2950=CARTESIAN_POINT('Ctrl Pts',(21.1804090754409,6.21263956655892,0.6));
#2951=CARTESIAN_POINT('Ctrl Pts',(21.2250701550022,5.77048444757701,0.6));
#2952=CARTESIAN_POINT('Ctrl Pts',(21.2247886943765,5.32412639118854,0.6));
#2953=CARTESIAN_POINT('Ctrl Pts',(21.2245072337508,4.87776833480007,0.6));
#2954=CARTESIAN_POINT('',(21.2245072337508,4.87776833480007,0.));
#2955=CARTESIAN_POINT('',(21.2245072337508,4.87776833480007,0.));
#2956=CARTESIAN_POINT('',(21.0209800789816,7.24329839242024,0.));
#2957=CARTESIAN_POINT('Ctrl Pts',(21.0209800789816,7.24329839242024,0.));
#2958=CARTESIAN_POINT('Ctrl Pts',(21.0832575433314,6.9005996876036,0.));
#2959=CARTESIAN_POINT('Ctrl Pts',(21.2252899364547,6.11902777112449,0.));
#2960=CARTESIAN_POINT('Ctrl Pts',(21.2247886943765,5.32412639118854,0.));
#2961=CARTESIAN_POINT('Ctrl Pts',(21.2245072337508,4.87776833480007,0.));
#2962=CARTESIAN_POINT('',(21.0209800789816,7.24329839242024,0.));
#2963=CARTESIAN_POINT('Ctrl Pts',(20.8370706673702,2.04012102795731,0.));
#2964=CARTESIAN_POINT('Ctrl Pts',(20.8370706673702,2.04012102795731,0.66));
#2965=CARTESIAN_POINT('Ctrl Pts',(20.9459759700818,2.45409145336934,0.));
#2966=CARTESIAN_POINT('Ctrl Pts',(20.9459759700818,2.45409145336934,0.66));
#2967=CARTESIAN_POINT('Ctrl Pts',(21.1904086217305,3.38322792577351,0.));
#2968=CARTESIAN_POINT('Ctrl Pts',(21.1904086217305,3.38322792577351,0.66));
#2969=CARTESIAN_POINT('Ctrl Pts',(21.2123446522095,4.34468301212816,0.));
#2970=CARTESIAN_POINT('Ctrl Pts',(21.2123446522095,4.34468301212816,0.66));
#2971=CARTESIAN_POINT('Ctrl Pts',(21.2245072337508,4.87776833480007,0.));
#2972=CARTESIAN_POINT('Ctrl Pts',(21.2245072337508,4.87776833480007,0.66));
#2973=CARTESIAN_POINT('',(20.8370706673702,2.04012102795731,0.6));
#2974=CARTESIAN_POINT('Ctrl Pts',(21.2245072337508,4.87776833480007,0.6));
#2975=CARTESIAN_POINT('Ctrl Pts',(21.2123446522095,4.34468301212816,0.6));
#2976=CARTESIAN_POINT('Ctrl Pts',(21.2001820706682,3.81159768945626,0.6));
#2977=CARTESIAN_POINT('Ctrl Pts',(21.1196190534053,3.28844783126249,0.6));
#2978=CARTESIAN_POINT('Ctrl Pts',(21.0548812727934,2.86806187878137,0.6));
#2979=CARTESIAN_POINT('Ctrl Pts',(20.9459759700818,2.45409145336934,0.6));
#2980=CARTESIAN_POINT('Ctrl Pts',(20.8370706673702,2.04012102795731,0.6));
#2981=CARTESIAN_POINT('',(20.8370706673702,2.04012102795731,0.));
#2982=CARTESIAN_POINT('',(20.8370706673702,2.04012102795731,0.));
#2983=CARTESIAN_POINT('Ctrl Pts',(21.2245072337508,4.87776833480007,0.));
#2984=CARTESIAN_POINT('Ctrl Pts',(21.2123446522095,4.34468301212816,0.));
#2985=CARTESIAN_POINT('Ctrl Pts',(21.1904086217305,3.38322792577351,0.));
#2986=CARTESIAN_POINT('Ctrl Pts',(20.9459759700818,2.45409145336934,0.));
#2987=CARTESIAN_POINT('Ctrl Pts',(20.8370706673702,2.04012102795731,0.));
#2988=CARTESIAN_POINT('Ctrl Pts',(19.7406933099985,0.378842230640697,0.));
#2989=CARTESIAN_POINT('Ctrl Pts',(19.7406933099985,0.378842230640697,0.66));
#2990=CARTESIAN_POINT('Ctrl Pts',(19.9705267537961,0.602690113804381,0.));
#2991=CARTESIAN_POINT('Ctrl Pts',(19.9705267537961,0.602690113804381,0.66));
#2992=CARTESIAN_POINT('Ctrl Pts',(20.4562415996326,1.07575547046084,0.));
#2993=CARTESIAN_POINT('Ctrl Pts',(20.4562415996326,1.07575547046084,0.66));
#2994=CARTESIAN_POINT('Ctrl Pts',(20.7056688755339,1.7073749931207,0.));
#2995=CARTESIAN_POINT('Ctrl Pts',(20.7056688755339,1.7073749931207,0.66));
#2996=CARTESIAN_POINT('Ctrl Pts',(20.8370706673702,2.04012102795731,0.));
#2997=CARTESIAN_POINT('Ctrl Pts',(20.8370706673702,2.04012102795731,0.66));
#2998=CARTESIAN_POINT('',(19.7406933099985,0.378842230640697,0.6));
#2999=CARTESIAN_POINT('Ctrl Pts',(20.8370706673702,2.04012102795731,0.6));
#3000=CARTESIAN_POINT('Ctrl Pts',(20.7056688755339,1.7073749931207,0.6));
#3001=CARTESIAN_POINT('Ctrl Pts',(20.5742670836977,1.37462895828409,0.6));
#3002=CARTESIAN_POINT('Ctrl Pts',(20.3772876850476,1.08588694261669,0.6));
#3003=CARTESIAN_POINT('Ctrl Pts',(20.2003601975937,0.826537996968065,0.6));
#3004=CARTESIAN_POINT('Ctrl Pts',(19.9705267537961,0.602690113804381,0.6));
#3005=CARTESIAN_POINT('Ctrl Pts',(19.7406933099985,0.378842230640697,0.6));
#3006=CARTESIAN_POINT('',(19.7406933099985,0.378842230640697,0.));
#3007=CARTESIAN_POINT('',(19.7406933099985,0.378842230640697,0.));
#3008=CARTESIAN_POINT('Ctrl Pts',(20.8370706673702,2.04012102795731,0.));
#3009=CARTESIAN_POINT('Ctrl Pts',(20.7056688755339,1.7073749931207,0.));
#3010=CARTESIAN_POINT('Ctrl Pts',(20.4562415996326,1.07575547046084,0.));
#3011=CARTESIAN_POINT('Ctrl Pts',(19.9705267537961,0.602690113804381,0.));
#3012=CARTESIAN_POINT('Ctrl Pts',(19.7406933099985,0.378842230640697,0.));
#3013=CARTESIAN_POINT('Ctrl Pts',(17.9175126395438,-0.194587950452785,0.));
#3014=CARTESIAN_POINT('Ctrl Pts',(17.9175126395438,-0.194587950452785,0.66));
#3015=CARTESIAN_POINT('Ctrl Pts',(18.261989837479,-0.177897485788143,0.));
#3016=CARTESIAN_POINT('Ctrl Pts',(18.261989837479,-0.177897485788143,0.66));
#3017=CARTESIAN_POINT('Ctrl Pts',(18.921196834764,-0.145957864934223,0.));
#3018=CARTESIAN_POINT('Ctrl Pts',(18.921196834764,-0.145957864934223,0.66));
#3019=CARTESIAN_POINT('Ctrl Pts',(19.4758712372422,0.209251935510888,0.));
#3020=CARTESIAN_POINT('Ctrl Pts',(19.4758712372422,0.209251935510888,0.66));
#3021=CARTESIAN_POINT('Ctrl Pts',(19.7406933099985,0.378842230640697,0.));
#3022=CARTESIAN_POINT('Ctrl Pts',(19.7406933099985,0.378842230640697,0.66));
#3023=CARTESIAN_POINT('',(17.9175126395438,-0.194587950452785,0.6));
#3024=CARTESIAN_POINT('Ctrl Pts',(19.7406933099985,0.378842230640697,0.6));
#3025=CARTESIAN_POINT('Ctrl Pts',(19.4758712372422,0.209251935510888,0.6));
#3026=CARTESIAN_POINT('Ctrl Pts',(19.2110491644859,0.0396616403810841,0.6));
#3027=CARTESIAN_POINT('Ctrl Pts',(18.9223992973623,-0.0562404871621437,
0.6));
#3028=CARTESIAN_POINT('Ctrl Pts',(18.6064670354141,-0.161207021123503,0.6));
#3029=CARTESIAN_POINT('Ctrl Pts',(18.261989837479,-0.177897485788143,0.6));
#3030=CARTESIAN_POINT('Ctrl Pts',(17.9175126395438,-0.194587950452785,0.6));
#3031=CARTESIAN_POINT('',(17.9175126395438,-0.194587950452785,0.));
#3032=CARTESIAN_POINT('',(17.9175126395438,-0.194587950452785,0.));
#3033=CARTESIAN_POINT('Ctrl Pts',(19.7406933099985,0.378842230640697,0.));
#3034=CARTESIAN_POINT('Ctrl Pts',(19.4758712372422,0.209251935510888,0.));
#3035=CARTESIAN_POINT('Ctrl Pts',(18.921196834764,-0.145957864934223,0.));
#3036=CARTESIAN_POINT('Ctrl Pts',(18.261989837479,-0.177897485788143,0.));
#3037=CARTESIAN_POINT('Ctrl Pts',(17.9175126395438,-0.194587950452785,0.));
#3038=CARTESIAN_POINT('Ctrl Pts',(15.6555806652871,0.862930922971725,0.));
#3039=CARTESIAN_POINT('Ctrl Pts',(15.6555806652871,0.862930922971725,0.66));
#3040=CARTESIAN_POINT('Ctrl Pts',(15.959648197294,0.557788064378935,0.));
#3041=CARTESIAN_POINT('Ctrl Pts',(15.959648197294,0.557788064378935,0.66));
#3042=CARTESIAN_POINT('Ctrl Pts',(16.5836281479803,-0.068398574491515,0.));
#3043=CARTESIAN_POINT('Ctrl Pts',(16.5836281479803,-0.068398574491515,0.66));
#3044=CARTESIAN_POINT('Ctrl Pts',(17.4654206131808,-0.151818721899166,0.));
#3045=CARTESIAN_POINT('Ctrl Pts',(17.4654206131808,-0.151818721899166,0.66));
#3046=CARTESIAN_POINT('Ctrl Pts',(17.9175126395438,-0.194587950452785,0.));
#3047=CARTESIAN_POINT('Ctrl Pts',(17.9175126395438,-0.194587950452785,0.66));
#3048=CARTESIAN_POINT('',(15.6555806652871,0.862930922971725,0.6));
#3049=CARTESIAN_POINT('Ctrl Pts',(17.9175126395438,-0.194587950452785,0.6));
#3050=CARTESIAN_POINT('Ctrl Pts',(17.4654206131808,-0.151818721899166,0.6));
#3051=CARTESIAN_POINT('Ctrl Pts',(17.0133285868179,-0.109049493345549,0.6));
#3052=CARTESIAN_POINT('Ctrl Pts',(16.6290046000332,0.0763901604373753,0.6));
#3053=CARTESIAN_POINT('Ctrl Pts',(16.2637157293008,0.252645205786144,0.6));
#3054=CARTESIAN_POINT('Ctrl Pts',(15.959648197294,0.557788064378935,0.6));
#3055=CARTESIAN_POINT('Ctrl Pts',(15.6555806652871,0.862930922971725,0.6));
#3056=CARTESIAN_POINT('',(15.6555806652871,0.862930922971725,0.));
#3057=CARTESIAN_POINT('',(15.6555806652871,0.862930922971725,0.));
#3058=CARTESIAN_POINT('Ctrl Pts',(17.9175126395438,-0.194587950452785,0.));
#3059=CARTESIAN_POINT('Ctrl Pts',(17.4654206131808,-0.151818721899166,0.));
#3060=CARTESIAN_POINT('Ctrl Pts',(16.5836281479803,-0.068398574491515,0.));
#3061=CARTESIAN_POINT('Ctrl Pts',(15.959648197294,0.557788064378935,0.));
#3062=CARTESIAN_POINT('Ctrl Pts',(15.6555806652871,0.862930922971725,0.));
#3063=CARTESIAN_POINT('Ctrl Pts',(14.7036318083319,4.93727037501842,0.));
#3064=CARTESIAN_POINT('Ctrl Pts',(14.7036318083319,4.93727037501842,0.66));
#3065=CARTESIAN_POINT('Ctrl Pts',(14.7059309587106,4.10934318504714,0.));
#3066=CARTESIAN_POINT('Ctrl Pts',(14.7059309587106,4.10934318504714,0.66));
#3067=CARTESIAN_POINT('Ctrl Pts',(14.7099283304873,2.66988415132345,0.));
#3068=CARTESIAN_POINT('Ctrl Pts',(14.7099283304873,2.66988415132345,0.66));
#3069=CARTESIAN_POINT('Ctrl Pts',(15.3736210904301,1.40169950134205,0.));
#3070=CARTESIAN_POINT('Ctrl Pts',(15.3736210904301,1.40169950134205,0.66));
#3071=CARTESIAN_POINT('Ctrl Pts',(15.6555806652871,0.862930922971725,0.));
#3072=CARTESIAN_POINT('Ctrl Pts',(15.6555806652871,0.862930922971725,0.66));
#3073=CARTESIAN_POINT('',(14.7036318083319,4.93727037501842,0.6));
#3074=CARTESIAN_POINT('Ctrl Pts',(15.6555806652871,0.862930922971725,0.6));
#3075=CARTESIAN_POINT('Ctrl Pts',(15.2765967085408,1.58709376690034,0.6));
#3076=CARTESIAN_POINT('Ctrl Pts',(15.0034197777369,2.10908046207604,0.6));
#3077=CARTESIAN_POINT('Ctrl Pts',(14.7076291801087,3.49781134129474,0.6));
#3078=CARTESIAN_POINT('Ctrl Pts',(14.7056304942203,4.21754085815658,0.6));
#3079=CARTESIAN_POINT('Ctrl Pts',(14.7036318083319,4.93727037501842,0.6));
#3080=CARTESIAN_POINT('',(14.7036318083319,4.93727037501842,0.));
#3081=CARTESIAN_POINT('',(14.7036318083319,4.93727037501842,0.));
#3082=CARTESIAN_POINT('Ctrl Pts',(15.6555806652871,0.862930922971725,0.));
#3083=CARTESIAN_POINT('Ctrl Pts',(15.3736210904301,1.40169950134205,0.));
#3084=CARTESIAN_POINT('Ctrl Pts',(14.7099283304873,2.66988415132345,0.));
#3085=CARTESIAN_POINT('Ctrl Pts',(14.7059309587106,4.10934318504714,0.));
#3086=CARTESIAN_POINT('Ctrl Pts',(14.7036318083319,4.93727037501842,0.));
#3087=CARTESIAN_POINT('Ctrl Pts',(16.5119852513355,1.6430069255593,0.));
#3088=CARTESIAN_POINT('Ctrl Pts',(16.5119852513355,1.6430069255593,0.66));
#3089=CARTESIAN_POINT('Ctrl Pts',(16.3495488416247,2.04893008565338,0.));
#3090=CARTESIAN_POINT('Ctrl Pts',(16.3495488416247,2.04893008565338,0.66));
#3091=CARTESIAN_POINT('Ctrl Pts',(15.9304289770905,3.09629662233566,0.));
#3092=CARTESIAN_POINT('Ctrl Pts',(15.9304289770905,3.09629662233566,0.66));
#3093=CARTESIAN_POINT('Ctrl Pts',(15.9521898095156,4.23089108890891,0.));
#3094=CARTESIAN_POINT('Ctrl Pts',(15.9521898095156,4.23089108890891,0.66));
#3095=CARTESIAN_POINT('Ctrl Pts',(15.96551689353,4.92575585707537,0.));
#3096=CARTESIAN_POINT('Ctrl Pts',(15.96551689353,4.92575585707537,0.66));
#3097=CARTESIAN_POINT('',(16.5119852513355,1.6430069255593,0.6));
#3098=CARTESIAN_POINT('Ctrl Pts',(15.96551689353,4.92575585707537,0.6));
#3099=CARTESIAN_POINT('Ctrl Pts',(15.9521898095156,4.23089108890891,0.6));
#3100=CARTESIAN_POINT('Ctrl Pts',(15.9388627255013,3.53602632074246,0.6));
#3101=CARTESIAN_POINT('Ctrl Pts',(16.0908994044874,2.8738786545607,0.6));
#3102=CARTESIAN_POINT('Ctrl Pts',(16.1871124319139,2.45485324574746,0.6));
#3103=CARTESIAN_POINT('Ctrl Pts',(16.3495488416247,2.04893008565338,0.6));
#3104=CARTESIAN_POINT('Ctrl Pts',(16.5119852513355,1.6430069255593,0.6));
#3105=CARTESIAN_POINT('',(16.5119852513355,1.6430069255593,0.));
#3106=CARTESIAN_POINT('',(16.5119852513355,1.6430069255593,0.));
#3107=CARTESIAN_POINT('Ctrl Pts',(15.96551689353,4.92575585707537,0.));
#3108=CARTESIAN_POINT('Ctrl Pts',(15.9521898095156,4.23089108890891,0.));
#3109=CARTESIAN_POINT('Ctrl Pts',(15.9304289770905,3.09629662233566,0.));
#3110=CARTESIAN_POINT('Ctrl Pts',(16.3495488416247,2.04893008565338,0.));
#3111=CARTESIAN_POINT('Ctrl Pts',(16.5119852513355,1.6430069255593,0.));
#3112=CARTESIAN_POINT('Ctrl Pts',(17.9267242538982,0.814920117705624,0.));
#3113=CARTESIAN_POINT('Ctrl Pts',(17.9267242538982,0.814920117705624,0.66));
#3114=CARTESIAN_POINT('Ctrl Pts',(17.6521601021447,0.857592841239219,0.));
#3115=CARTESIAN_POINT('Ctrl Pts',(17.6521601021447,0.857592841239219,0.66));
#3116=CARTESIAN_POINT('Ctrl Pts',(17.074682156167,0.947344385925846,0.));
#3117=CARTESIAN_POINT('Ctrl Pts',(17.074682156167,0.947344385925846,0.66));
#3118=CARTESIAN_POINT('Ctrl Pts',(16.7055907188307,1.40365236354166,0.));
#3119=CARTESIAN_POINT('Ctrl Pts',(16.7055907188307,1.40365236354166,0.66));
#3120=CARTESIAN_POINT('Ctrl Pts',(16.5119852513355,1.6430069255593,0.));
#3121=CARTESIAN_POINT('Ctrl Pts',(16.5119852513355,1.6430069255593,0.66));
#3122=CARTESIAN_POINT('',(17.9267242538982,0.814920117705624,0.6));
#3123=CARTESIAN_POINT('Ctrl Pts',(16.5119852513355,1.6430069255593,0.6));
#3124=CARTESIAN_POINT('Ctrl Pts',(16.7055907188307,1.40365236354166,0.6));
#3125=CARTESIAN_POINT('Ctrl Pts',(16.8991961863259,1.16429780152401,0.6));
#3126=CARTESIAN_POINT('Ctrl Pts',(17.1501389083784,1.02580072611384,0.6));
#3127=CARTESIAN_POINT('Ctrl Pts',(17.3775959503911,0.900265564772818,0.6));
#3128=CARTESIAN_POINT('Ctrl Pts',(17.6521601021447,0.857592841239219,0.6));
#3129=CARTESIAN_POINT('Ctrl Pts',(17.9267242538982,0.814920117705624,0.6));
#3130=CARTESIAN_POINT('',(17.9267242538982,0.814920117705624,0.));
#3131=CARTESIAN_POINT('',(17.9267242538982,0.814920117705624,0.));
#3132=CARTESIAN_POINT('Ctrl Pts',(16.5119852513355,1.6430069255593,0.));
#3133=CARTESIAN_POINT('Ctrl Pts',(16.7055907188307,1.40365236354166,0.));
#3134=CARTESIAN_POINT('Ctrl Pts',(17.074682156167,0.947344385925846,0.));
#3135=CARTESIAN_POINT('Ctrl Pts',(17.6521601021447,0.857592841239219,0.));
#3136=CARTESIAN_POINT('Ctrl Pts',(17.9267242538982,0.814920117705624,0.));
#3137=CARTESIAN_POINT('Ctrl Pts',(19.3563722744118,1.62046302726393,0.));
#3138=CARTESIAN_POINT('Ctrl Pts',(19.3563722744118,1.62046302726393,0.66));
#3139=CARTESIAN_POINT('Ctrl Pts',(19.1585666113641,1.38369203875127,0.));
#3140=CARTESIAN_POINT('Ctrl Pts',(19.1585666113641,1.38369203875127,0.66));
#3141=CARTESIAN_POINT('Ctrl Pts',(18.7817747307886,0.9326767106113,0.));
#3142=CARTESIAN_POINT('Ctrl Pts',(18.7817747307886,0.9326767106113,0.66));
#3143=CARTESIAN_POINT('Ctrl Pts',(18.2020900000049,0.85284317949067,0.));
#3144=CARTESIAN_POINT('Ctrl Pts',(18.2020900000049,0.85284317949067,0.66));
#3145=CARTESIAN_POINT('Ctrl Pts',(17.9267242538982,0.814920117705624,0.));
#3146=CARTESIAN_POINT('Ctrl Pts',(17.9267242538982,0.814920117705624,0.66));
#3147=CARTESIAN_POINT('',(19.3563722744118,1.62046302726393,0.6));
#3148=CARTESIAN_POINT('Ctrl Pts',(17.9267242538982,0.814920117705624,0.6));
#3149=CARTESIAN_POINT('Ctrl Pts',(18.2020900000049,0.85284317949067,0.6));
#3150=CARTESIAN_POINT('Ctrl Pts',(18.4774557461115,0.890766241275716,0.6));
#3151=CARTESIAN_POINT('Ctrl Pts',(18.7070386392514,1.01244662432376,0.6));
#3152=CARTESIAN_POINT('Ctrl Pts',(18.9607609483164,1.1469210502386,0.6));
#3153=CARTESIAN_POINT('Ctrl Pts',(19.1585666113641,1.38369203875127,0.6));
#3154=CARTESIAN_POINT('Ctrl Pts',(19.3563722744118,1.62046302726393,0.6));
#3155=CARTESIAN_POINT('',(19.3563722744118,1.62046302726393,0.));
#3156=CARTESIAN_POINT('',(19.3563722744118,1.62046302726393,0.));
#3157=CARTESIAN_POINT('Ctrl Pts',(17.9267242538982,0.814920117705624,0.));
#3158=CARTESIAN_POINT('Ctrl Pts',(18.2020900000049,0.85284317949067,0.));
#3159=CARTESIAN_POINT('Ctrl Pts',(18.7817747307886,0.9326767106113,0.));
#3160=CARTESIAN_POINT('Ctrl Pts',(19.1585666113641,1.38369203875127,0.));
#3161=CARTESIAN_POINT('Ctrl Pts',(19.3563722744118,1.62046302726393,0.));
#3162=CARTESIAN_POINT('Ctrl Pts',(19.9626221485528,4.88928285274312,0.));
#3163=CARTESIAN_POINT('Ctrl Pts',(19.9626221485528,4.88928285274312,0.66));
#3164=CARTESIAN_POINT('Ctrl Pts',(19.963035659675,4.19576652574897,0.));
#3165=CARTESIAN_POINT('Ctrl Pts',(19.963035659675,4.19576652574897,0.66));
#3166=CARTESIAN_POINT('Ctrl Pts',(19.9637115565039,3.06219245476846,0.));
#3167=CARTESIAN_POINT('Ctrl Pts',(19.9637115565039,3.06219245476846,0.66));
#3168=CARTESIAN_POINT('Ctrl Pts',(19.5262114653648,2.02363497210654,0.));
#3169=CARTESIAN_POINT('Ctrl Pts',(19.5262114653648,2.02363497210654,0.66));
#3170=CARTESIAN_POINT('Ctrl Pts',(19.3563722744118,1.62046302726393,0.));
#3171=CARTESIAN_POINT('Ctrl Pts',(19.3563722744118,1.62046302726393,0.66));
#3172=CARTESIAN_POINT('Ctrl Pts',(19.3563722744118,1.62046302726393,0.6));
#3173=CARTESIAN_POINT('Ctrl Pts',(19.5262114653648,2.02363497210654,0.6));
#3174=CARTESIAN_POINT('Ctrl Pts',(19.6960506563177,2.42680691694914,0.6));
#3175=CARTESIAN_POINT('Ctrl Pts',(19.7998557715188,2.84429806860131,0.6));
#3176=CARTESIAN_POINT('Ctrl Pts',(19.9634491707972,3.50225019875481,0.6));
#3177=CARTESIAN_POINT('Ctrl Pts',(19.963035659675,4.19576652574897,0.6));
#3178=CARTESIAN_POINT('Ctrl Pts',(19.9626221485528,4.88928285274312,0.6));
#3179=CARTESIAN_POINT('Ctrl Pts',(19.3563722744118,1.62046302726393,0.));
#3180=CARTESIAN_POINT('Ctrl Pts',(19.5262114653648,2.02363497210654,0.));
#3181=CARTESIAN_POINT('Ctrl Pts',(19.9637115565039,3.06219245476846,0.));
#3182=CARTESIAN_POINT('Ctrl Pts',(19.963035659675,4.19576652574897,0.));
#3183=CARTESIAN_POINT('Ctrl Pts',(19.9626221485528,4.88928285274312,0.));
#3184=CARTESIAN_POINT('Ctrl Pts',(15.0946032894313,7.78852830531235,0.));
#3185=CARTESIAN_POINT('Ctrl Pts',(15.0946032894313,7.78852830531235,0.66));
#3186=CARTESIAN_POINT('Ctrl Pts',(14.9847056766575,7.37345959905922,0.));
#3187=CARTESIAN_POINT('Ctrl Pts',(14.9847056766575,7.37345959905922,0.66));
#3188=CARTESIAN_POINT('Ctrl Pts',(14.7375800562039,6.440098910189,0.));
#3189=CARTESIAN_POINT('Ctrl Pts',(14.7375800562039,6.440098910189,0.66));
#3190=CARTESIAN_POINT('Ctrl Pts',(14.7157525483971,5.4738339734094,0.));
#3191=CARTESIAN_POINT('Ctrl Pts',(14.7157525483971,5.4738339734094,0.66));
#3192=CARTESIAN_POINT('Ctrl Pts',(14.7036318083319,4.93727037501842,0.));
#3193=CARTESIAN_POINT('Ctrl Pts',(14.7036318083319,4.93727037501842,0.66));
#3194=CARTESIAN_POINT('',(15.0946032894313,7.78852830531235,0.6));
#3195=CARTESIAN_POINT('Ctrl Pts',(14.7036318083319,4.93727037501842,0.6));
#3196=CARTESIAN_POINT('Ctrl Pts',(14.7157525483971,5.4738339734094,0.6));
#3197=CARTESIAN_POINT('Ctrl Pts',(14.7278732884622,6.01039757180037,0.6));
#3198=CARTESIAN_POINT('Ctrl Pts',(14.8094656642466,6.53681500475072,0.6));
#3199=CARTESIAN_POINT('Ctrl Pts',(14.8748080638838,6.9583908928061,0.6));
#3200=CARTESIAN_POINT('Ctrl Pts',(14.9847056766575,7.37345959905922,0.6));
#3201=CARTESIAN_POINT('Ctrl Pts',(15.0946032894313,7.78852830531235,0.6));
#3202=CARTESIAN_POINT('',(15.0946032894313,7.78852830531235,0.));
#3203=CARTESIAN_POINT('',(15.0946032894313,7.78852830531235,0.));
#3204=CARTESIAN_POINT('Ctrl Pts',(14.7036318083319,4.93727037501842,0.));
#3205=CARTESIAN_POINT('Ctrl Pts',(14.7157525483971,5.4738339734094,0.));
#3206=CARTESIAN_POINT('Ctrl Pts',(14.7375800562039,6.440098910189,0.));
#3207=CARTESIAN_POINT('Ctrl Pts',(14.9847056766575,7.37345959905922,0.));
#3208=CARTESIAN_POINT('Ctrl Pts',(15.0946032894313,7.78852830531235,0.));
#3209=CARTESIAN_POINT('Ctrl Pts',(16.1943599683062,9.44636614312429,0.));
#3210=CARTESIAN_POINT('Ctrl Pts',(16.1943599683062,9.44636614312429,0.66));
#3211=CARTESIAN_POINT('Ctrl Pts',(15.9643250593518,9.22338678062981,0.));
#3212=CARTESIAN_POINT('Ctrl Pts',(15.9643250593518,9.22338678062981,0.66));
#3213=CARTESIAN_POINT('Ctrl Pts',(15.4777428425349,8.75172883532004,0.));
#3214=CARTESIAN_POINT('Ctrl Pts',(15.4777428425349,8.75172883532004,0.66));
#3215=CARTESIAN_POINT('Ctrl Pts',(15.22687285701,8.12104974968877,0.));
#3216=CARTESIAN_POINT('Ctrl Pts',(15.22687285701,8.12104974968877,0.66));
#3217=CARTESIAN_POINT('Ctrl Pts',(15.0946032894313,7.78852830531235,0.));
#3218=CARTESIAN_POINT('Ctrl Pts',(15.0946032894313,7.78852830531235,0.66));
#3219=CARTESIAN_POINT('',(16.1943599683062,9.44636614312429,0.6));
#3220=CARTESIAN_POINT('Ctrl Pts',(15.0946032894313,7.78852830531235,0.6));
#3221=CARTESIAN_POINT('Ctrl Pts',(15.22687285701,8.12104974968877,0.6));
#3222=CARTESIAN_POINT('Ctrl Pts',(15.3591424245888,8.4535711940652,0.6));
#3223=CARTESIAN_POINT('Ctrl Pts',(15.5569366221172,8.74188703520831,0.6));
#3224=CARTESIAN_POINT('Ctrl Pts',(15.7342901503973,9.00040741813532,0.6));
#3225=CARTESIAN_POINT('Ctrl Pts',(15.9643250593518,9.22338678062981,0.6));
#3226=CARTESIAN_POINT('Ctrl Pts',(16.1943599683062,9.44636614312429,0.6));
#3227=CARTESIAN_POINT('',(16.1943599683062,9.44636614312429,0.));
#3228=CARTESIAN_POINT('',(16.1943599683062,9.44636614312429,0.));
#3229=CARTESIAN_POINT('Ctrl Pts',(15.0946032894313,7.78852830531235,0.));
#3230=CARTESIAN_POINT('Ctrl Pts',(15.22687285701,8.12104974968877,0.));
#3231=CARTESIAN_POINT('Ctrl Pts',(15.4777428425349,8.75172883532004,0.));
#3232=CARTESIAN_POINT('Ctrl Pts',(15.9643250593518,9.22338678062981,0.));
#3233=CARTESIAN_POINT('Ctrl Pts',(16.1943599683062,9.44636614312429,0.));
#3234=CARTESIAN_POINT('Ctrl Pts',(18.0106868430584,10.0164463561348,0.));
#3235=CARTESIAN_POINT('Ctrl Pts',(18.0106868430584,10.0164463561348,0.66));
#3236=CARTESIAN_POINT('Ctrl Pts',(17.6680397434015,9.9997318341445,0.));
#3237=CARTESIAN_POINT('Ctrl Pts',(17.6680397434015,9.9997318341445,0.66));
#3238=CARTESIAN_POINT('Ctrl Pts',(17.0116482348685,9.96771267999256,0.));
#3239=CARTESIAN_POINT('Ctrl Pts',(17.0116482348685,9.96771267999256,0.66));
#3240=CARTESIAN_POINT('Ctrl Pts',(16.4586730603921,9.61497093147824,0.));
#3241=CARTESIAN_POINT('Ctrl Pts',(16.4586730603921,9.61497093147824,0.66));
#3242=CARTESIAN_POINT('Ctrl Pts',(16.1943599683062,9.44636614312429,0.));
#3243=CARTESIAN_POINT('Ctrl Pts',(16.1943599683062,9.44636614312429,0.66));
#3244=CARTESIAN_POINT('',(18.0106868430584,10.0164463561348,0.6));
#3245=CARTESIAN_POINT('Ctrl Pts',(16.1943599683062,9.44636614312429,0.6));
#3246=CARTESIAN_POINT('Ctrl Pts',(16.4586730603921,9.61497093147824,0.6));
#3247=CARTESIAN_POINT('Ctrl Pts',(16.7229861524779,9.78357571983219,0.6));
#3248=CARTESIAN_POINT('Ctrl Pts',(17.0109266057723,9.87890554003083,0.6));
#3249=CARTESIAN_POINT('Ctrl Pts',(17.3253926437446,9.98301731215419,0.6));
#3250=CARTESIAN_POINT('Ctrl Pts',(17.6680397434015,9.9997318341445,0.6));
#3251=CARTESIAN_POINT('Ctrl Pts',(18.0106868430584,10.0164463561348,0.6));
#3252=CARTESIAN_POINT('',(18.0106868430584,10.0164463561348,0.));
#3253=CARTESIAN_POINT('',(18.0106868430584,10.0164463561348,0.));
#3254=CARTESIAN_POINT('Ctrl Pts',(16.1943599683062,9.44636614312429,0.));
#3255=CARTESIAN_POINT('Ctrl Pts',(16.4586730603921,9.61497093147824,0.));
#3256=CARTESIAN_POINT('Ctrl Pts',(17.0116482348685,9.96771267999256,0.));
#3257=CARTESIAN_POINT('Ctrl Pts',(17.6680397434015,9.9997318341445,0.));
#3258=CARTESIAN_POINT('Ctrl Pts',(18.0106868430584,10.0164463561348,0.));
#3259=CARTESIAN_POINT('Ctrl Pts',(19.4196770694091,9.67956637953685,0.));
#3260=CARTESIAN_POINT('Ctrl Pts',(19.4196770694091,9.67956637953685,0.66));
#3261=CARTESIAN_POINT('Ctrl Pts',(19.204858913262,9.775989916111,0.));
#3262=CARTESIAN_POINT('Ctrl Pts',(19.204858913262,9.775989916111,0.66));
#3263=CARTESIAN_POINT('Ctrl Pts',(18.7569001381313,9.97706123201947,0.));
#3264=CARTESIAN_POINT('Ctrl Pts',(18.7569001381313,9.97706123201947,0.66));
#3265=CARTESIAN_POINT('Ctrl Pts',(18.2661159786743,10.0029648110118,0.));
#3266=CARTESIAN_POINT('Ctrl Pts',(18.2661159786743,10.0029648110118,0.66));
#3267=CARTESIAN_POINT('Ctrl Pts',(18.0106868430584,10.0164463561348,0.));
#3268=CARTESIAN_POINT('Ctrl Pts',(18.0106868430584,10.0164463561348,0.66));
#3269=CARTESIAN_POINT('',(19.4196770694091,9.67956637953685,0.6));
#3270=CARTESIAN_POINT('Ctrl Pts',(18.0106868430584,10.0164463561348,0.6));
#3271=CARTESIAN_POINT('Ctrl Pts',(18.2661159786743,10.0029648110118,0.6));
#3272=CARTESIAN_POINT('Ctrl Pts',(18.5215451142901,9.98948326588883,0.6));
#3273=CARTESIAN_POINT('Ctrl Pts',(18.7653741678172,9.92855415760954,0.6));
#3274=CARTESIAN_POINT('Ctrl Pts',(18.9900407571149,9.87241345268516,0.6));
#3275=CARTESIAN_POINT('Ctrl Pts',(19.204858913262,9.775989916111,0.6));
#3276=CARTESIAN_POINT('Ctrl Pts',(19.4196770694091,9.67956637953685,0.6));
#3277=CARTESIAN_POINT('',(19.4196770694091,9.67956637953685,0.));
#3278=CARTESIAN_POINT('',(19.4196770694091,9.67956637953685,0.));
#3279=CARTESIAN_POINT('Ctrl Pts',(18.0106868430584,10.0164463561348,0.));
#3280=CARTESIAN_POINT('Ctrl Pts',(18.2661159786743,10.0029648110118,0.));
#3281=CARTESIAN_POINT('Ctrl Pts',(18.7569001381313,9.97706123201947,0.));
#3282=CARTESIAN_POINT('Ctrl Pts',(19.204858913262,9.775989916111,0.));
#3283=CARTESIAN_POINT('Ctrl Pts',(19.4196770694091,9.67956637953685,0.));
#3284=CARTESIAN_POINT('Ctrl Pts',(20.4138372965771,8.73593971602974,0.));
#3285=CARTESIAN_POINT('Ctrl Pts',(20.4138372965771,8.73593971602974,0.66));
#3286=CARTESIAN_POINT('Ctrl Pts',(20.2764099014733,8.92795030696216,0.));
#3287=CARTESIAN_POINT('Ctrl Pts',(20.2764099014733,8.92795030696216,0.66));
#3288=CARTESIAN_POINT('Ctrl Pts',(20.0055045350926,9.30645343907942,0.));
#3289=CARTESIAN_POINT('Ctrl Pts',(20.0055045350926,9.30645343907942,0.66));
#3290=CARTESIAN_POINT('Ctrl Pts',(19.613045723248,9.55641007285545,0.));
#3291=CARTESIAN_POINT('Ctrl Pts',(19.613045723248,9.55641007285545,0.66));
#3292=CARTESIAN_POINT('Ctrl Pts',(19.4196770694091,9.67956637953685,0.));
#3293=CARTESIAN_POINT('Ctrl Pts',(19.4196770694091,9.67956637953685,0.66));
#3294=CARTESIAN_POINT('',(20.4138372965771,8.73593971602974,0.6));
#3295=CARTESIAN_POINT('Ctrl Pts',(19.4196770694091,9.67956637953685,0.6));
#3296=CARTESIAN_POINT('Ctrl Pts',(19.613045723248,9.55641007285545,0.6));
#3297=CARTESIAN_POINT('Ctrl Pts',(19.8064143770868,9.43325376617406,0.6));
#3298=CARTESIAN_POINT('Ctrl Pts',(19.9702742511123,9.27889101938858,0.6));
#3299=CARTESIAN_POINT('Ctrl Pts',(20.1389825063694,9.11996089789458,0.6));
#3300=CARTESIAN_POINT('Ctrl Pts',(20.2764099014733,8.92795030696216,0.6));
#3301=CARTESIAN_POINT('Ctrl Pts',(20.4138372965771,8.73593971602974,0.6));
#3302=CARTESIAN_POINT('',(20.4138372965771,8.73593971602974,0.));
#3303=CARTESIAN_POINT('',(20.4138372965771,8.73593971602974,0.));
#3304=CARTESIAN_POINT('Ctrl Pts',(19.4196770694091,9.67956637953685,0.));
#3305=CARTESIAN_POINT('Ctrl Pts',(19.613045723248,9.55641007285545,0.));
#3306=CARTESIAN_POINT('Ctrl Pts',(20.0055045350926,9.30645343907942,0.));
#3307=CARTESIAN_POINT('Ctrl Pts',(20.2764099014733,8.92795030696216,0.));
#3308=CARTESIAN_POINT('Ctrl Pts',(20.4138372965771,8.73593971602974,0.));
#3309=CARTESIAN_POINT('Ctrl Pts',(21.0209800789816,7.24329839242024,0.));
#3310=CARTESIAN_POINT('Ctrl Pts',(21.0209800789816,7.24329839242024,0.66));
#3311=CARTESIAN_POINT('Ctrl Pts',(20.9453874862803,7.51871890386531,0.));
#3312=CARTESIAN_POINT('Ctrl Pts',(20.9453874862803,7.51871890386531,0.66));
#3313=CARTESIAN_POINT('Ctrl Pts',(20.8021425969611,8.04062957352624,0.));
#3314=CARTESIAN_POINT('Ctrl Pts',(20.8021425969611,8.04062957352624,0.66));
#3315=CARTESIAN_POINT('Ctrl Pts',(20.5383991547315,8.51289582953583,0.));
#3316=CARTESIAN_POINT('Ctrl Pts',(20.5383991547315,8.51289582953583,0.66));
#3317=CARTESIAN_POINT('Ctrl Pts',(20.4138372965771,8.73593971602974,0.));
#3318=CARTESIAN_POINT('Ctrl Pts',(20.4138372965771,8.73593971602974,0.66));
#3319=CARTESIAN_POINT('Ctrl Pts',(20.4138372965771,8.73593971602974,0.6));
#3320=CARTESIAN_POINT('Ctrl Pts',(20.5383991547315,8.51289582953583,0.6));
#3321=CARTESIAN_POINT('Ctrl Pts',(20.6629610128859,8.28985194304192,0.6));
#3322=CARTESIAN_POINT('Ctrl Pts',(20.7606453848294,8.0557347530839,0.6));
#3323=CARTESIAN_POINT('Ctrl Pts',(20.8697948935789,7.79413941531039,0.6));
#3324=CARTESIAN_POINT('Ctrl Pts',(20.9453874862803,7.51871890386531,0.6));
#3325=CARTESIAN_POINT('Ctrl Pts',(21.0209800789816,7.24329839242024,0.6));
#3326=CARTESIAN_POINT('Ctrl Pts',(20.4138372965771,8.73593971602974,0.));
#3327=CARTESIAN_POINT('Ctrl Pts',(20.5383991547315,8.51289582953583,0.));
#3328=CARTESIAN_POINT('Ctrl Pts',(20.8021425969611,8.04062957352624,0.));
#3329=CARTESIAN_POINT('Ctrl Pts',(20.9453874862803,7.51871890386531,0.));
#3330=CARTESIAN_POINT('Ctrl Pts',(21.0209800789816,7.24329839242024,0.));
#3331=CARTESIAN_POINT('Origin',(12.1472326162202,4.96461173646832,0.));
#3332=CARTESIAN_POINT('Origin',(12.1472326162202,4.96461173646832,0.6));
#3333=CARTESIAN_POINT('Origin',(12.8647092343977,0.0220577103696926,0.));
#3334=CARTESIAN_POINT('',(12.8774685633275,1.42036261147399,0.6));
#3335=CARTESIAN_POINT('',(12.8647092343977,0.0220577103696926,0.6));
#3336=CARTESIAN_POINT('',(12.8872275332965,2.48985581230018,0.6));
#3337=CARTESIAN_POINT('',(12.8647092343977,0.0220577103696926,0.));
#3338=CARTESIAN_POINT('',(12.8647092343977,0.0220577103696926,0.));
#3339=CARTESIAN_POINT('',(12.8774685633275,1.42036261147399,0.));
#3340=CARTESIAN_POINT('',(12.8774685633275,1.42036261147399,0.));
#3341=CARTESIAN_POINT('',(12.8774685633275,1.42036261147399,0.));
#3342=CARTESIAN_POINT('Origin',(11.4664043332934,0.0348170392994707,0.));
#3343=CARTESIAN_POINT('',(11.4664043332934,0.0348170392994707,0.6));
#3344=CARTESIAN_POINT('',(11.784300175858,0.0319162859534106,0.6));
#3345=CARTESIAN_POINT('',(11.4664043332934,0.0348170392994707,0.));
#3346=CARTESIAN_POINT('',(11.4664043332934,0.0348170392994707,0.));
#3347=CARTESIAN_POINT('',(12.8647092343977,0.0220577103696917,0.));
#3348=CARTESIAN_POINT('Origin',(11.4791636622232,1.43312194040376,0.));
#3349=CARTESIAN_POINT('',(11.4791636622232,1.43312194040376,0.6));
#3350=CARTESIAN_POINT('',(11.4953022966571,3.2017675917821,0.6));
#3351=CARTESIAN_POINT('',(11.4791636622232,1.43312194040376,0.));
#3352=CARTESIAN_POINT('',(11.4791636622232,1.43312194040376,0.));
#3353=CARTESIAN_POINT('',(11.4664043332934,0.0348170392994707,0.));
#3354=CARTESIAN_POINT('Origin',(12.8774685633275,1.42036261147399,0.));
#3355=CARTESIAN_POINT('',(12.4962119553399,1.42384152259282,0.6));
#3356=CARTESIAN_POINT('',(11.4791636622232,1.43312194040377,0.));
#3357=CARTESIAN_POINT('Origin',(12.1472326162202,4.96461173646832,0.));
#3358=CARTESIAN_POINT('Origin',(12.1472326162202,4.96461173646832,0.6));
#3359=CARTESIAN_POINT('Ctrl Pts',(4.89290128022203,5.16663435520802,0.));
#3360=CARTESIAN_POINT('Ctrl Pts',(4.89290128022203,5.16663435520802,0.66));
#3361=CARTESIAN_POINT('Ctrl Pts',(4.72686762642546,5.38784595120321,0.));
#3362=CARTESIAN_POINT('Ctrl Pts',(4.72686762642546,5.38784595120321,0.66));
#3363=CARTESIAN_POINT('Ctrl Pts',(4.38125372505017,5.84831767469505,0.));
#3364=CARTESIAN_POINT('Ctrl Pts',(4.38125372505017,5.84831767469505,0.66));
#3365=CARTESIAN_POINT('Ctrl Pts',(4.34797710297289,6.42436014304414,0.));
#3366=CARTESIAN_POINT('Ctrl Pts',(4.34797710297289,6.42436014304414,0.66));
#3367=CARTESIAN_POINT('Ctrl Pts',(4.33068664096473,6.72367058359745,0.));
#3368=CARTESIAN_POINT('Ctrl Pts',(4.33068664096473,6.72367058359745,0.66));
#3369=CARTESIAN_POINT('',(4.33068664096473,6.72367058359745,0.6));
#3370=CARTESIAN_POINT('',(4.89290128022203,5.16663435520802,0.6));
#3371=CARTESIAN_POINT('Ctrl Pts',(4.33068664096473,6.72367058359745,0.6));
#3372=CARTESIAN_POINT('Ctrl Pts',(4.34797710297289,6.42436014304414,0.6));
#3373=CARTESIAN_POINT('Ctrl Pts',(4.36526756498105,6.12504970249082,0.6));
#3374=CARTESIAN_POINT('Ctrl Pts',(4.4668834541676,5.85694127679566,0.6));
#3375=CARTESIAN_POINT('Ctrl Pts',(4.5608339726289,5.6090575471984,0.6));
#3376=CARTESIAN_POINT('Ctrl Pts',(4.72686762642546,5.38784595120321,0.6));
#3377=CARTESIAN_POINT('Ctrl Pts',(4.89290128022203,5.16663435520802,0.6));
#3378=CARTESIAN_POINT('',(4.89290128022203,5.16663435520802,0.));
#3379=CARTESIAN_POINT('',(4.89290128022203,5.16663435520802,0.));
#3380=CARTESIAN_POINT('',(4.33068664096473,6.72367058359745,0.));
#3381=CARTESIAN_POINT('Ctrl Pts',(4.33068664096473,6.72367058359745,0.));
#3382=CARTESIAN_POINT('Ctrl Pts',(4.34797710297289,6.42436014304414,0.));
#3383=CARTESIAN_POINT('Ctrl Pts',(4.38125372505017,5.84831767469505,0.));
#3384=CARTESIAN_POINT('Ctrl Pts',(4.72686762642546,5.38784595120321,0.));
#3385=CARTESIAN_POINT('Ctrl Pts',(4.89290128022203,5.16663435520802,0.));
#3386=CARTESIAN_POINT('',(4.33068664096473,6.72367058359745,0.));
#3387=CARTESIAN_POINT('Ctrl Pts',(6.30963347368075,4.55681959682085,0.));
#3388=CARTESIAN_POINT('Ctrl Pts',(6.30963347368075,4.55681959682085,0.66));
#3389=CARTESIAN_POINT('Ctrl Pts',(6.03967430315543,4.58360928802133,0.));
#3390=CARTESIAN_POINT('Ctrl Pts',(6.03967430315543,4.58360928802133,0.66));
#3391=CARTESIAN_POINT('Ctrl Pts',(5.50266802320333,4.6368996888795,0.));
#3392=CARTESIAN_POINT('Ctrl Pts',(5.50266802320333,4.6368996888795,0.66));
#3393=CARTESIAN_POINT('Ctrl Pts',(5.09542072518517,4.99069565104377,0.));
#3394=CARTESIAN_POINT('Ctrl Pts',(5.09542072518517,4.99069565104377,0.66));
#3395=CARTESIAN_POINT('Ctrl Pts',(4.89290128022203,5.16663435520802,0.));
#3396=CARTESIAN_POINT('Ctrl Pts',(4.89290128022203,5.16663435520802,0.66));
#3397=CARTESIAN_POINT('',(6.30963347368075,4.55681959682085,0.6));
#3398=CARTESIAN_POINT('Ctrl Pts',(4.89290128022203,5.16663435520802,0.6));
#3399=CARTESIAN_POINT('Ctrl Pts',(5.09542072518517,4.99069565104377,0.6));
#3400=CARTESIAN_POINT('Ctrl Pts',(5.2979401701483,4.81475694687953,0.6));
#3401=CARTESIAN_POINT('Ctrl Pts',(5.53254848802856,4.7131320560939,0.6));
#3402=CARTESIAN_POINT('Ctrl Pts',(5.76971513263011,4.61039897922181,0.6));
#3403=CARTESIAN_POINT('Ctrl Pts',(6.03967430315543,4.58360928802133,0.6));
#3404=CARTESIAN_POINT('Ctrl Pts',(6.30963347368075,4.55681959682085,0.6));
#3405=CARTESIAN_POINT('',(6.30963347368075,4.55681959682085,0.));
#3406=CARTESIAN_POINT('',(6.30963347368075,4.55681959682085,0.));
#3407=CARTESIAN_POINT('Ctrl Pts',(4.89290128022203,5.16663435520802,0.));
#3408=CARTESIAN_POINT('Ctrl Pts',(5.09542072518517,4.99069565104377,0.));
#3409=CARTESIAN_POINT('Ctrl Pts',(5.50266802320333,4.6368996888795,0.));
#3410=CARTESIAN_POINT('Ctrl Pts',(6.03967430315543,4.58360928802133,0.));
#3411=CARTESIAN_POINT('Ctrl Pts',(6.30963347368075,4.55681959682085,0.));
#3412=CARTESIAN_POINT('Ctrl Pts',(7.71679486680538,5.1408667367827,0.));
#3413=CARTESIAN_POINT('Ctrl Pts',(7.71679486680538,5.1408667367827,0.66));
#3414=CARTESIAN_POINT('Ctrl Pts',(7.5175580444966,4.96860248249726,0.));
#3415=CARTESIAN_POINT('Ctrl Pts',(7.5175580444966,4.96860248249726,0.66));
#3416=CARTESIAN_POINT('Ctrl Pts',(7.11333051574828,4.61909904736643,0.));
#3417=CARTESIAN_POINT('Ctrl Pts',(7.11333051574828,4.61909904736643,0.66));
#3418=CARTESIAN_POINT('Ctrl Pts',(6.58006271381336,4.57777548393422,0.));
#3419=CARTESIAN_POINT('Ctrl Pts',(6.58006271381336,4.57777548393422,0.66));
#3420=CARTESIAN_POINT('Ctrl Pts',(6.30963347368075,4.55681959682085,0.));
#3421=CARTESIAN_POINT('Ctrl Pts',(6.30963347368075,4.55681959682085,0.66));
#3422=CARTESIAN_POINT('',(7.71679486680538,5.1408667367827,0.6));
#3423=CARTESIAN_POINT('Ctrl Pts',(6.30963347368075,4.55681959682085,0.6));
#3424=CARTESIAN_POINT('Ctrl Pts',(6.58006271381336,4.57777548393422,0.6));
#3425=CARTESIAN_POINT('Ctrl Pts',(6.85049195394598,4.5987313710476,0.6));
#3426=CARTESIAN_POINT('Ctrl Pts',(7.08773619232562,4.69894119439342,0.6));
#3427=CARTESIAN_POINT('Ctrl Pts',(7.31832122218781,4.79633822821183,0.6));
#3428=CARTESIAN_POINT('Ctrl Pts',(7.5175580444966,4.96860248249726,0.6));
#3429=CARTESIAN_POINT('Ctrl Pts',(7.71679486680538,5.1408667367827,0.6));
#3430=CARTESIAN_POINT('',(7.71679486680538,5.1408667367827,0.));
#3431=CARTESIAN_POINT('',(7.71679486680538,5.1408667367827,0.));
#3432=CARTESIAN_POINT('Ctrl Pts',(6.30963347368075,4.55681959682085,0.));
#3433=CARTESIAN_POINT('Ctrl Pts',(6.58006271381336,4.57777548393422,0.));
#3434=CARTESIAN_POINT('Ctrl Pts',(7.11333051574828,4.61909904736643,0.));
#3435=CARTESIAN_POINT('Ctrl Pts',(7.5175580444966,4.96860248249726,0.));
#3436=CARTESIAN_POINT('Ctrl Pts',(7.71679486680538,5.1408667367827,0.));
#3437=CARTESIAN_POINT('Ctrl Pts',(8.28097850905822,6.78994812558413,0.));
#3438=CARTESIAN_POINT('Ctrl Pts',(8.28097850905822,6.78994812558413,0.66));
#3439=CARTESIAN_POINT('Ctrl Pts',(8.26261309687315,6.46548692253935,0.));
#3440=CARTESIAN_POINT('Ctrl Pts',(8.26261309687315,6.46548692253935,0.66));
#3441=CARTESIAN_POINT('Ctrl Pts',(8.22838275776805,5.86074051691828,0.));
#3442=CARTESIAN_POINT('Ctrl Pts',(8.22838275776805,5.86074051691828,0.66));
#3443=CARTESIAN_POINT('Ctrl Pts',(7.8788122618068,5.36884725908927,0.));
#3444=CARTESIAN_POINT('Ctrl Pts',(7.8788122618068,5.36884725908927,0.66));
#3445=CARTESIAN_POINT('Ctrl Pts',(7.71679486680538,5.1408667367827,0.));
#3446=CARTESIAN_POINT('Ctrl Pts',(7.71679486680538,5.1408667367827,0.66));
#3447=CARTESIAN_POINT('',(8.28097850905822,6.78994812558413,0.6));
#3448=CARTESIAN_POINT('Ctrl Pts',(7.71679486680538,5.1408667367827,0.6));
#3449=CARTESIAN_POINT('Ctrl Pts',(7.8788122618068,5.36884725908927,0.6));
#3450=CARTESIAN_POINT('Ctrl Pts',(8.04082965680821,5.59682778139584,0.6));
#3451=CARTESIAN_POINT('Ctrl Pts',(8.13510894912319,5.84905024671989,0.6));
#3452=CARTESIAN_POINT('Ctrl Pts',(8.24424768468808,6.14102571949457,0.6));
#3453=CARTESIAN_POINT('Ctrl Pts',(8.26261309687315,6.46548692253935,0.6));
#3454=CARTESIAN_POINT('Ctrl Pts',(8.28097850905822,6.78994812558413,0.6));
#3455=CARTESIAN_POINT('',(8.28097850905822,6.78994812558413,0.));
#3456=CARTESIAN_POINT('',(8.28097850905822,6.78994812558413,0.));
#3457=CARTESIAN_POINT('Ctrl Pts',(7.71679486680538,5.1408667367827,0.));
#3458=CARTESIAN_POINT('Ctrl Pts',(7.8788122618068,5.36884725908927,0.));
#3459=CARTESIAN_POINT('Ctrl Pts',(8.22838275776805,5.86074051691828,0.));
#3460=CARTESIAN_POINT('Ctrl Pts',(8.26261309687315,6.46548692253935,0.));
#3461=CARTESIAN_POINT('Ctrl Pts',(8.28097850905822,6.78994812558413,0.));
#3462=CARTESIAN_POINT('Ctrl Pts',(3.06917529598583,6.77611092438876,0.));
#3463=CARTESIAN_POINT('Ctrl Pts',(3.06917529598583,6.77611092438876,0.66));
#3464=CARTESIAN_POINT('Ctrl Pts',(3.09358040310279,6.31645149815917,0.));
#3465=CARTESIAN_POINT('Ctrl Pts',(3.09358040310279,6.31645149815917,0.66));
#3466=CARTESIAN_POINT('Ctrl Pts',(3.14020413346152,5.43831410492103,0.));
#3467=CARTESIAN_POINT('Ctrl Pts',(3.14020413346152,5.43831410492103,0.66));
#3468=CARTESIAN_POINT('Ctrl Pts',(3.65949328647746,4.73142870513086,0.));
#3469=CARTESIAN_POINT('Ctrl Pts',(3.65949328647746,4.73142870513086,0.66));
#3470=CARTESIAN_POINT('Ctrl Pts',(3.90696147393542,4.39456118611838,0.));
#3471=CARTESIAN_POINT('Ctrl Pts',(3.90696147393542,4.39456118611838,0.66));
#3472=CARTESIAN_POINT('',(3.90696147393542,4.39456118611838,0.6));
#3473=CARTESIAN_POINT('',(3.06917529598583,6.77611092438876,0.6));
#3474=CARTESIAN_POINT('Ctrl Pts',(3.90696147393542,4.39456118611838,0.6));
#3475=CARTESIAN_POINT('Ctrl Pts',(3.65949328647746,4.73142870513086,0.6));
#3476=CARTESIAN_POINT('Ctrl Pts',(3.41202509901949,5.06829622414334,0.6));
#3477=CARTESIAN_POINT('Ctrl Pts',(3.27189999981695,5.44405535012648,0.6));
#3478=CARTESIAN_POINT('Ctrl Pts',(3.11798551021974,5.85679207192959,0.6));
#3479=CARTESIAN_POINT('Ctrl Pts',(3.09358040310279,6.31645149815917,0.6));
#3480=CARTESIAN_POINT('Ctrl Pts',(3.06917529598583,6.77611092438876,0.6));
#3481=CARTESIAN_POINT('',(3.06917529598583,6.77611092438876,0.));
#3482=CARTESIAN_POINT('',(3.06917529598583,6.77611092438876,0.));
#3483=CARTESIAN_POINT('',(3.90696147393542,4.39456118611838,0.));
#3484=CARTESIAN_POINT('Ctrl Pts',(3.90696147393542,4.39456118611838,0.));
#3485=CARTESIAN_POINT('Ctrl Pts',(3.65949328647746,4.73142870513086,0.));
#3486=CARTESIAN_POINT('Ctrl Pts',(3.14020413346152,5.43831410492103,0.));
#3487=CARTESIAN_POINT('Ctrl Pts',(3.09358040310279,6.31645149815917,0.));
#3488=CARTESIAN_POINT('Ctrl Pts',(3.06917529598583,6.77611092438876,0.));
#3489=CARTESIAN_POINT('',(3.90696147393542,4.39456118611838,0.));
#3490=CARTESIAN_POINT('Ctrl Pts',(3.98848098429893,9.21666507773565,0.));
#3491=CARTESIAN_POINT('Ctrl Pts',(3.98848098429893,9.21666507773565,0.66));
#3492=CARTESIAN_POINT('Ctrl Pts',(3.72387258905152,8.87440504639749,0.));
#3493=CARTESIAN_POINT('Ctrl Pts',(3.72387258905152,8.87440504639749,0.66));
#3494=CARTESIAN_POINT('Ctrl Pts',(3.16923285837144,8.15700146051932,0.));
#3495=CARTESIAN_POINT('Ctrl Pts',(3.16923285837144,8.15700146051932,0.66));
#3496=CARTESIAN_POINT('Ctrl Pts',(3.10353166215378,7.25026180080439,0.));
#3497=CARTESIAN_POINT('Ctrl Pts',(3.10353166215378,7.25026180080439,0.66));
#3498=CARTESIAN_POINT('Ctrl Pts',(3.06917529598583,6.77611092438876,0.));
#3499=CARTESIAN_POINT('Ctrl Pts',(3.06917529598583,6.77611092438876,0.66));
#3500=CARTESIAN_POINT('',(3.98848098429893,9.21666507773565,0.6));
#3501=CARTESIAN_POINT('Ctrl Pts',(3.06917529598583,6.77611092438876,0.6));
#3502=CARTESIAN_POINT('Ctrl Pts',(3.10353166215378,7.25026180080439,0.6));
#3503=CARTESIAN_POINT('Ctrl Pts',(3.13788802832172,7.72441267722003,0.6));
#3504=CARTESIAN_POINT('Ctrl Pts',(3.30594154720109,8.14679080063437,0.6));
#3505=CARTESIAN_POINT('Ctrl Pts',(3.45926419380412,8.53214501505932,0.6));
#3506=CARTESIAN_POINT('Ctrl Pts',(3.72387258905152,8.87440504639749,0.6));
#3507=CARTESIAN_POINT('Ctrl Pts',(3.98848098429893,9.21666507773565,0.6));
#3508=CARTESIAN_POINT('',(3.98848098429893,9.21666507773565,0.));
#3509=CARTESIAN_POINT('',(3.98848098429893,9.21666507773565,0.));
#3510=CARTESIAN_POINT('Ctrl Pts',(3.06917529598583,6.77611092438876,0.));
#3511=CARTESIAN_POINT('Ctrl Pts',(3.10353166215378,7.25026180080439,0.));
#3512=CARTESIAN_POINT('Ctrl Pts',(3.16923285837144,8.15700146051932,0.));
#3513=CARTESIAN_POINT('Ctrl Pts',(3.72387258905152,8.87440504639749,0.));
#3514=CARTESIAN_POINT('Ctrl Pts',(3.98848098429893,9.21666507773565,0.));
#3515=CARTESIAN_POINT('Ctrl Pts',(6.24446460866564,10.1238114233894,0.));
#3516=CARTESIAN_POINT('Ctrl Pts',(6.24446460866564,10.1238114233894,0.66));
#3517=CARTESIAN_POINT('Ctrl Pts',(5.81482380775411,10.0911041481469,0.));
#3518=CARTESIAN_POINT('Ctrl Pts',(5.81482380775411,10.0911041481469,0.66));
#3519=CARTESIAN_POINT('Ctrl Pts',(4.96645494351543,10.0265203518898,0.));
#3520=CARTESIAN_POINT('Ctrl Pts',(4.96645494351543,10.0265203518898,0.66));
#3521=CARTESIAN_POINT('Ctrl Pts',(4.31166473845244,9.48429190496923,0.));
#3522=CARTESIAN_POINT('Ctrl Pts',(4.31166473845244,9.48429190496923,0.66));
#3523=CARTESIAN_POINT('Ctrl Pts',(3.98848098429893,9.21666507773565,0.));
#3524=CARTESIAN_POINT('Ctrl Pts',(3.98848098429893,9.21666507773565,0.66));
#3525=CARTESIAN_POINT('',(6.24446460866564,10.1238114233894,0.6));
#3526=CARTESIAN_POINT('Ctrl Pts',(3.98848098429893,9.21666507773565,0.6));
#3527=CARTESIAN_POINT('Ctrl Pts',(4.31166473845244,9.48429190496923,0.6));
#3528=CARTESIAN_POINT('Ctrl Pts',(4.63484849260596,9.75191873220281,0.6));
#3529=CARTESIAN_POINT('Ctrl Pts',(5.00518989861191,9.90318665788661,0.6));
#3530=CARTESIAN_POINT('Ctrl Pts',(5.38518300684258,10.0583968729044,0.6));
#3531=CARTESIAN_POINT('Ctrl Pts',(5.81482380775411,10.0911041481469,0.6));
#3532=CARTESIAN_POINT('Ctrl Pts',(6.24446460866564,10.1238114233894,0.6));
#3533=CARTESIAN_POINT('',(6.24446460866564,10.1238114233894,0.));
#3534=CARTESIAN_POINT('',(6.24446460866564,10.1238114233894,0.));
#3535=CARTESIAN_POINT('Ctrl Pts',(3.98848098429893,9.21666507773565,0.));
#3536=CARTESIAN_POINT('Ctrl Pts',(4.31166473845244,9.48429190496923,0.));
#3537=CARTESIAN_POINT('Ctrl Pts',(4.96645494351543,10.0265203518898,0.));
#3538=CARTESIAN_POINT('Ctrl Pts',(5.81482380775411,10.0911041481469,0.));
#3539=CARTESIAN_POINT('Ctrl Pts',(6.24446460866564,10.1238114233894,0.));
#3540=CARTESIAN_POINT('Ctrl Pts',(8.02336338679687,9.58231944678458,0.));
#3541=CARTESIAN_POINT('Ctrl Pts',(8.02336338679687,9.58231944678458,0.66));
#3542=CARTESIAN_POINT('Ctrl Pts',(7.74786031568798,9.73803371081149,0.));
#3543=CARTESIAN_POINT('Ctrl Pts',(7.74786031568798,9.73803371081149,0.66));
#3544=CARTESIAN_POINT('Ctrl Pts',(7.19511548424429,10.0504449455629,0.));
#3545=CARTESIAN_POINT('Ctrl Pts',(7.19511548424429,10.0504449455629,0.66));
#3546=CARTESIAN_POINT('Ctrl Pts',(6.56201205439544,10.0993047004331,0.));
#3547=CARTESIAN_POINT('Ctrl Pts',(6.56201205439544,10.0993047004331,0.66));
#3548=CARTESIAN_POINT('Ctrl Pts',(6.24446460866564,10.1238114233894,0.));
#3549=CARTESIAN_POINT('Ctrl Pts',(6.24446460866564,10.1238114233894,0.66));
#3550=CARTESIAN_POINT('',(8.02336338679687,9.58231944678458,0.6));
#3551=CARTESIAN_POINT('Ctrl Pts',(6.24446460866564,10.1238114233894,0.6));
#3552=CARTESIAN_POINT('Ctrl Pts',(6.56201205439544,10.0993047004331,0.6));
#3553=CARTESIAN_POINT('Ctrl Pts',(6.87955950012523,10.0747979774767,0.6));
#3554=CARTESIAN_POINT('Ctrl Pts',(7.17689071128396,9.98398822479398,0.6));
#3555=CARTESIAN_POINT('Ctrl Pts',(7.47235724457908,9.89374797483839,0.6));
#3556=CARTESIAN_POINT('Ctrl Pts',(7.74786031568798,9.73803371081149,0.6));
#3557=CARTESIAN_POINT('Ctrl Pts',(8.02336338679687,9.58231944678458,0.6));
#3558=CARTESIAN_POINT('',(8.02336338679687,9.58231944678458,0.));
#3559=CARTESIAN_POINT('',(8.02336338679687,9.58231944678458,0.));
#3560=CARTESIAN_POINT('Ctrl Pts',(6.24446460866564,10.1238114233894,0.));
#3561=CARTESIAN_POINT('Ctrl Pts',(6.56201205439544,10.0993047004331,0.));
#3562=CARTESIAN_POINT('Ctrl Pts',(7.19511548424429,10.0504449455629,0.));
#3563=CARTESIAN_POINT('Ctrl Pts',(7.74786031568798,9.73803371081149,0.));
#3564=CARTESIAN_POINT('Ctrl Pts',(8.02336338679687,9.58231944678458,0.));
#3565=CARTESIAN_POINT('Ctrl Pts',(9.23748110999628,8.07390740580994,0.));
#3566=CARTESIAN_POINT('Ctrl Pts',(9.23748110999628,8.07390740580994,0.66));
#3567=CARTESIAN_POINT('Ctrl Pts',(9.08773291394219,8.37835834362251,0.));
#3568=CARTESIAN_POINT('Ctrl Pts',(9.08773291394219,8.37835834362251,0.66));
#3569=CARTESIAN_POINT('Ctrl Pts',(8.79553538058039,8.97242101284081,0.));
#3570=CARTESIAN_POINT('Ctrl Pts',(8.79553538058039,8.97242101284081,0.66));
#3571=CARTESIAN_POINT('Ctrl Pts',(8.27643178835376,9.38243389922163,0.));
#3572=CARTESIAN_POINT('Ctrl Pts',(8.27643178835376,9.38243389922163,0.66));
#3573=CARTESIAN_POINT('Ctrl Pts',(8.02336338679687,9.58231944678458,0.));
#3574=CARTESIAN_POINT('Ctrl Pts',(8.02336338679687,9.58231944678458,0.66));
#3575=CARTESIAN_POINT('',(9.23748110999628,8.07390740580994,0.6));
#3576=CARTESIAN_POINT('Ctrl Pts',(8.02336338679687,9.58231944678458,0.6));
#3577=CARTESIAN_POINT('Ctrl Pts',(8.27643178835376,9.38243389922163,0.6));
#3578=CARTESIAN_POINT('Ctrl Pts',(8.52950018991064,9.18254835165867,0.6));
#3579=CARTESIAN_POINT('Ctrl Pts',(8.72864064685212,8.93892035603156,0.6));
#3580=CARTESIAN_POINT('Ctrl Pts',(8.9379847178881,8.68280928143508,0.6));
#3581=CARTESIAN_POINT('Ctrl Pts',(9.08773291394219,8.37835834362251,0.6));
#3582=CARTESIAN_POINT('Ctrl Pts',(9.23748110999628,8.07390740580994,0.6));
#3583=CARTESIAN_POINT('',(9.23748110999628,8.07390740580994,0.));
#3584=CARTESIAN_POINT('',(9.23748110999628,8.07390740580994,0.));
#3585=CARTESIAN_POINT('Ctrl Pts',(8.02336338679687,9.58231944678458,0.));
#3586=CARTESIAN_POINT('Ctrl Pts',(8.27643178835376,9.38243389922163,0.));
#3587=CARTESIAN_POINT('Ctrl Pts',(8.79553538058039,8.97242101284081,0.));
#3588=CARTESIAN_POINT('Ctrl Pts',(9.08773291394219,8.37835834362251,0.));
#3589=CARTESIAN_POINT('Ctrl Pts',(9.23748110999628,8.07390740580994,0.));
#3590=CARTESIAN_POINT('Ctrl Pts',(9.63129820460965,5.25641762703267,0.));
#3591=CARTESIAN_POINT('Ctrl Pts',(9.63129820460965,5.25641762703267,0.66));
#3592=CARTESIAN_POINT('Ctrl Pts',(9.63087734711128,5.80269940177885,0.));
#3593=CARTESIAN_POINT('Ctrl Pts',(9.63087734711128,5.80269940177885,0.66));
#3594=CARTESIAN_POINT('Ctrl Pts',(9.63013836552274,6.76191285349882,0.));
#3595=CARTESIAN_POINT('Ctrl Pts',(9.63013836552274,6.76191285349882,0.66));
#3596=CARTESIAN_POINT('Ctrl Pts',(9.35564690427696,7.67907736973201,0.));
#3597=CARTESIAN_POINT('Ctrl Pts',(9.35564690427696,7.67907736973201,0.66));
#3598=CARTESIAN_POINT('Ctrl Pts',(9.23748110999628,8.07390740580994,0.));
#3599=CARTESIAN_POINT('Ctrl Pts',(9.23748110999628,8.07390740580994,0.66));
#3600=CARTESIAN_POINT('',(9.63129820460965,5.25641762703267,0.6));
#3601=CARTESIAN_POINT('Ctrl Pts',(9.23748110999628,8.07390740580994,0.6));
#3602=CARTESIAN_POINT('Ctrl Pts',(9.35564690427696,7.67907736973201,0.6));
#3603=CARTESIAN_POINT('Ctrl Pts',(9.47381269855764,7.28424733365408,0.6));
#3604=CARTESIAN_POINT('Ctrl Pts',(9.54124626426921,6.8816247244865,0.6));
#3605=CARTESIAN_POINT('Ctrl Pts',(9.63045648961291,6.34898117652502,0.6));
#3606=CARTESIAN_POINT('Ctrl Pts',(9.63087734711128,5.80269940177885,0.6));
#3607=CARTESIAN_POINT('Ctrl Pts',(9.63129820460965,5.25641762703267,0.6));
#3608=CARTESIAN_POINT('',(9.63129820460965,5.25641762703267,0.));
#3609=CARTESIAN_POINT('',(9.63129820460965,5.25641762703267,0.));
#3610=CARTESIAN_POINT('Ctrl Pts',(9.23748110999628,8.07390740580994,0.));
#3611=CARTESIAN_POINT('Ctrl Pts',(9.35564690427696,7.67907736973201,0.));
#3612=CARTESIAN_POINT('Ctrl Pts',(9.63013836552274,6.76191285349882,0.));
#3613=CARTESIAN_POINT('Ctrl Pts',(9.63087734711128,5.80269940177885,0.));
#3614=CARTESIAN_POINT('Ctrl Pts',(9.63129820460965,5.25641762703267,0.));
#3615=CARTESIAN_POINT('Ctrl Pts',(9.18736460809921,2.2078170498494,0.));
#3616=CARTESIAN_POINT('Ctrl Pts',(9.18736460809921,2.2078170498494,0.66));
#3617=CARTESIAN_POINT('Ctrl Pts',(9.3123315631832,2.64788600485176,0.));
#3618=CARTESIAN_POINT('Ctrl Pts',(9.3123315631832,2.64788600485176,0.66));
#3619=CARTESIAN_POINT('Ctrl Pts',(9.59495044594467,3.64312347636721,0.));
#3620=CARTESIAN_POINT('Ctrl Pts',(9.59495044594467,3.64312347636721,0.66));
#3621=CARTESIAN_POINT('Ctrl Pts',(9.61828281934126,4.67873015211324,0.));
#3622=CARTESIAN_POINT('Ctrl Pts',(9.61828281934126,4.67873015211324,0.66));
#3623=CARTESIAN_POINT('Ctrl Pts',(9.63129820460965,5.25641762703267,0.));
#3624=CARTESIAN_POINT('Ctrl Pts',(9.63129820460965,5.25641762703267,0.66));
#3625=CARTESIAN_POINT('',(9.18736460809921,2.2078170498494,0.6));
#3626=CARTESIAN_POINT('Ctrl Pts',(9.63129820460965,5.25641762703267,0.6));
#3627=CARTESIAN_POINT('Ctrl Pts',(9.61828281934126,4.67873015211324,0.6));
#3628=CARTESIAN_POINT('Ctrl Pts',(9.60526743407287,4.1010426771938,0.6));
#3629=CARTESIAN_POINT('Ctrl Pts',(9.51157014425303,3.53591684418365,0.6));
#3630=CARTESIAN_POINT('Ctrl Pts',(9.43729851826719,3.08795495985413,0.6));
#3631=CARTESIAN_POINT('Ctrl Pts',(9.3123315631832,2.64788600485176,0.6));
#3632=CARTESIAN_POINT('Ctrl Pts',(9.18736460809921,2.2078170498494,0.6));
#3633=CARTESIAN_POINT('',(9.18736460809921,2.2078170498494,0.));
#3634=CARTESIAN_POINT('',(9.18736460809921,2.2078170498494,0.));
#3635=CARTESIAN_POINT('Ctrl Pts',(9.63129820460965,5.25641762703267,0.));
#3636=CARTESIAN_POINT('Ctrl Pts',(9.61828281934126,4.67873015211324,0.));
#3637=CARTESIAN_POINT('Ctrl Pts',(9.59495044594467,3.64312347636721,0.));
#3638=CARTESIAN_POINT('Ctrl Pts',(9.3123315631832,2.64788600485176,0.));
#3639=CARTESIAN_POINT('Ctrl Pts',(9.18736460809921,2.2078170498494,0.));
#3640=CARTESIAN_POINT('Ctrl Pts',(7.93357577374736,0.489991181337694,0.));
#3641=CARTESIAN_POINT('Ctrl Pts',(7.93357577374736,0.489991181337694,0.66));
#3642=CARTESIAN_POINT('Ctrl Pts',(8.1956248745779,0.716220059722883,0.));
#3643=CARTESIAN_POINT('Ctrl Pts',(8.1956248745779,0.716220059722883,0.66));
#3644=CARTESIAN_POINT('Ctrl Pts',(8.74558712911297,1.19100643984529,0.));
#3645=CARTESIAN_POINT('Ctrl Pts',(8.74558712911297,1.19100643984529,0.66));
#3646=CARTESIAN_POINT('Ctrl Pts',(9.03555976222385,1.85841766830937,0.));
#3647=CARTESIAN_POINT('Ctrl Pts',(9.03555976222385,1.85841766830937,0.66));
#3648=CARTESIAN_POINT('Ctrl Pts',(9.18736460809921,2.2078170498494,0.));
#3649=CARTESIAN_POINT('Ctrl Pts',(9.18736460809921,2.2078170498494,0.66));
#3650=CARTESIAN_POINT('',(7.93357577374736,0.489991181337694,0.6));
#3651=CARTESIAN_POINT('Ctrl Pts',(9.18736460809921,2.2078170498494,0.6));
#3652=CARTESIAN_POINT('Ctrl Pts',(9.03555976222385,1.85841766830937,0.6));
#3653=CARTESIAN_POINT('Ctrl Pts',(8.88375491634849,1.50901828676934,0.6));
#3654=CARTESIAN_POINT('Ctrl Pts',(8.6606954128501,1.2124110803288,0.6));
#3655=CARTESIAN_POINT('Ctrl Pts',(8.45767397540843,0.942448938108074,0.6));
#3656=CARTESIAN_POINT('Ctrl Pts',(8.1956248745779,0.716220059722883,0.6));
#3657=CARTESIAN_POINT('Ctrl Pts',(7.93357577374736,0.489991181337694,0.6));
#3658=CARTESIAN_POINT('',(7.93357577374736,0.489991181337694,0.));
#3659=CARTESIAN_POINT('',(7.93357577374736,0.489991181337694,0.));
#3660=CARTESIAN_POINT('Ctrl Pts',(9.18736460809921,2.2078170498494,0.));
#3661=CARTESIAN_POINT('Ctrl Pts',(9.03555976222385,1.85841766830937,0.));
#3662=CARTESIAN_POINT('Ctrl Pts',(8.74558712911297,1.19100643984529,0.));
#3663=CARTESIAN_POINT('Ctrl Pts',(8.1956248745779,0.716220059722883,0.));
#3664=CARTESIAN_POINT('Ctrl Pts',(7.93357577374736,0.489991181337694,0.));
#3665=CARTESIAN_POINT('Ctrl Pts',(6.00122854805194,-0.0858535905689273,
0.));
#3666=CARTESIAN_POINT('Ctrl Pts',(6.00122854805194,-0.0858535905689273,
0.66));
#3667=CARTESIAN_POINT('Ctrl Pts',(6.35463395288418,-0.0667237022883294,
0.));
#3668=CARTESIAN_POINT('Ctrl Pts',(6.35463395288418,-0.0667237022883294,
0.66));
#3669=CARTESIAN_POINT('Ctrl Pts',(7.04543753031747,-0.0293303996408856,
0.));
#3670=CARTESIAN_POINT('Ctrl Pts',(7.04543753031747,-0.0293303996408856,
0.66));
#3671=CARTESIAN_POINT('Ctrl Pts',(7.6421385919488,0.319578952017321,0.));
#3672=CARTESIAN_POINT('Ctrl Pts',(7.6421385919488,0.319578952017321,0.66));
#3673=CARTESIAN_POINT('Ctrl Pts',(7.93357577374736,0.489991181337694,0.));
#3674=CARTESIAN_POINT('Ctrl Pts',(7.93357577374736,0.489991181337694,0.66));
#3675=CARTESIAN_POINT('',(6.00122854805194,-0.0858535905689273,0.6));
#3676=CARTESIAN_POINT('Ctrl Pts',(7.93357577374736,0.489991181337694,0.6));
#3677=CARTESIAN_POINT('Ctrl Pts',(7.6421385919488,0.319578952017321,0.6));
#3678=CARTESIAN_POINT('Ctrl Pts',(7.35070141015025,0.149166722696947,0.6));
#3679=CARTESIAN_POINT('Ctrl Pts',(7.03681623471895,0.0530661122009452,0.6));
#3680=CARTESIAN_POINT('Ctrl Pts',(6.70803935771642,-0.0475938140077342,
0.6));
#3681=CARTESIAN_POINT('Ctrl Pts',(6.35463395288418,-0.0667237022883294,
0.6));
#3682=CARTESIAN_POINT('Ctrl Pts',(6.00122854805194,-0.0858535905689273,
0.6));
#3683=CARTESIAN_POINT('',(6.00122854805194,-0.0858535905689273,0.));
#3684=CARTESIAN_POINT('',(6.00122854805194,-0.0858535905689273,0.));
#3685=CARTESIAN_POINT('Ctrl Pts',(7.93357577374736,0.489991181337694,0.));
#3686=CARTESIAN_POINT('Ctrl Pts',(7.6421385919488,0.319578952017321,0.));
#3687=CARTESIAN_POINT('Ctrl Pts',(7.04543753031747,-0.0293303996408856,
0.));
#3688=CARTESIAN_POINT('Ctrl Pts',(6.35463395288418,-0.0667237022883294,
0.));
#3689=CARTESIAN_POINT('Ctrl Pts',(6.00122854805194,-0.0858535905689273,
0.));
#3690=CARTESIAN_POINT('Ctrl Pts',(4.09047200692547,0.583042372516887,0.));
#3691=CARTESIAN_POINT('Ctrl Pts',(4.09047200692547,0.583042372516887,0.66));
#3692=CARTESIAN_POINT('Ctrl Pts',(4.36292781231941,0.390662123266607,0.));
#3693=CARTESIAN_POINT('Ctrl Pts',(4.36292781231941,0.390662123266607,0.66));
#3694=CARTESIAN_POINT('Ctrl Pts',(4.93476110950306,-0.013107699449193,0.));
#3695=CARTESIAN_POINT('Ctrl Pts',(4.93476110950306,-0.013107699449193,0.66));
#3696=CARTESIAN_POINT('Ctrl Pts',(5.63475426780984,-0.0608556420849582,
0.));
#3697=CARTESIAN_POINT('Ctrl Pts',(5.63475426780984,-0.0608556420849582,
0.66));
#3698=CARTESIAN_POINT('Ctrl Pts',(6.00122854805194,-0.0858535905689273,
0.));
#3699=CARTESIAN_POINT('Ctrl Pts',(6.00122854805194,-0.0858535905689273,
0.66));
#3700=CARTESIAN_POINT('',(4.09047200692547,0.583042372516887,0.6));
#3701=CARTESIAN_POINT('Ctrl Pts',(6.00122854805194,-0.0858535905689273,
0.6));
#3702=CARTESIAN_POINT('Ctrl Pts',(5.63475426780984,-0.0608556420849582,
0.6));
#3703=CARTESIAN_POINT('Ctrl Pts',(5.26827998756775,-0.0358576936009901,
0.6));
#3704=CARTESIAN_POINT('Ctrl Pts',(4.93693354673785,0.0867236895175383,0.6));
#3705=CARTESIAN_POINT('Ctrl Pts',(4.63538361771335,0.198281874016327,0.6));
#3706=CARTESIAN_POINT('Ctrl Pts',(4.36292781231941,0.390662123266607,0.6));
#3707=CARTESIAN_POINT('Ctrl Pts',(4.09047200692547,0.583042372516887,0.6));
#3708=CARTESIAN_POINT('',(4.09047200692547,0.583042372516887,0.));
#3709=CARTESIAN_POINT('',(4.09047200692547,0.583042372516887,0.));
#3710=CARTESIAN_POINT('Ctrl Pts',(6.00122854805194,-0.0858535905689273,
0.));
#3711=CARTESIAN_POINT('Ctrl Pts',(5.63475426780984,-0.0608556420849582,
0.));
#3712=CARTESIAN_POINT('Ctrl Pts',(4.93476110950306,-0.013107699449193,0.));
#3713=CARTESIAN_POINT('Ctrl Pts',(4.36292781231941,0.390662123266607,0.));
#3714=CARTESIAN_POINT('Ctrl Pts',(4.09047200692547,0.583042372516887,0.));
#3715=CARTESIAN_POINT('Ctrl Pts',(3.21363288891139,2.42263329230139,0.));
#3716=CARTESIAN_POINT('Ctrl Pts',(3.21363288891139,2.42263329230139,0.66));
#3717=CARTESIAN_POINT('Ctrl Pts',(3.27819589898599,2.0569384552431,0.));
#3718=CARTESIAN_POINT('Ctrl Pts',(3.27819589898599,2.0569384552431,0.66));
#3719=CARTESIAN_POINT('Ctrl Pts',(3.40106482937659,1.3609899016239,0.));
#3720=CARTESIAN_POINT('Ctrl Pts',(3.40106482937659,1.3609899016239,0.66));
#3721=CARTESIAN_POINT('Ctrl Pts',(3.8686061143765,0.833402433337915,0.));
#3722=CARTESIAN_POINT('Ctrl Pts',(3.8686061143765,0.833402433337915,0.66));
#3723=CARTESIAN_POINT('Ctrl Pts',(4.09047200692547,0.583042372516887,0.));
#3724=CARTESIAN_POINT('Ctrl Pts',(4.09047200692547,0.583042372516887,0.66));
#3725=CARTESIAN_POINT('',(3.21363288891139,2.42263329230139,0.6));
#3726=CARTESIAN_POINT('Ctrl Pts',(4.09047200692547,0.583042372516887,0.6));
#3727=CARTESIAN_POINT('Ctrl Pts',(3.8686061143765,0.833402433337915,0.6));
#3728=CARTESIAN_POINT('Ctrl Pts',(3.64674022182754,1.08376249415894,0.6));
#3729=CARTESIAN_POINT('Ctrl Pts',(3.50248967660508,1.37203509406137,0.6));
#3730=CARTESIAN_POINT('Ctrl Pts',(3.34275890906058,1.69124361818481,0.6));
#3731=CARTESIAN_POINT('Ctrl Pts',(3.27819589898599,2.0569384552431,0.6));
#3732=CARTESIAN_POINT('Ctrl Pts',(3.21363288891139,2.42263329230139,0.6));
#3733=CARTESIAN_POINT('',(3.21363288891139,2.42263329230139,0.));
#3734=CARTESIAN_POINT('',(3.21363288891139,2.42263329230139,0.));
#3735=CARTESIAN_POINT('Ctrl Pts',(4.09047200692547,0.583042372516887,0.));
#3736=CARTESIAN_POINT('Ctrl Pts',(3.8686061143765,0.833402433337915,0.));
#3737=CARTESIAN_POINT('Ctrl Pts',(3.40106482937659,1.3609899016239,0.));
#3738=CARTESIAN_POINT('Ctrl Pts',(3.27819589898599,2.0569384552431,0.));
#3739=CARTESIAN_POINT('Ctrl Pts',(3.21363288891139,2.42263329230139,0.));
#3740=CARTESIAN_POINT('Ctrl Pts',(7.73355707021581,8.47304897959177,0.));
#3741=CARTESIAN_POINT('Ctrl Pts',(7.73355707021581,8.47304897959177,0.66));
#3742=CARTESIAN_POINT('Ctrl Pts',(7.8953607525673,8.23639096506916,0.));
#3743=CARTESIAN_POINT('Ctrl Pts',(7.8953607525673,8.23639096506916,0.66));
#3744=CARTESIAN_POINT('Ctrl Pts',(8.24111702165339,7.73067940794335,0.));
#3745=CARTESIAN_POINT('Ctrl Pts',(8.24111702165339,7.73067940794335,0.66));
#3746=CARTESIAN_POINT('Ctrl Pts',(8.26713576575002,7.11663693002942,0.));
#3747=CARTESIAN_POINT('Ctrl Pts',(8.26713576575002,7.11663693002942,0.66));
#3748=CARTESIAN_POINT('Ctrl Pts',(8.28097850905822,6.78994812558413,0.));
#3749=CARTESIAN_POINT('Ctrl Pts',(8.28097850905822,6.78994812558413,0.66));
#3750=CARTESIAN_POINT('',(7.73355707021581,8.47304897959177,0.6));
#3751=CARTESIAN_POINT('Ctrl Pts',(8.28097850905822,6.78994812558413,0.6));
#3752=CARTESIAN_POINT('Ctrl Pts',(8.26713576575002,7.11663693002942,0.6));
#3753=CARTESIAN_POINT('Ctrl Pts',(8.25329302244182,7.4433257344747,0.6));
#3754=CARTESIAN_POINT('Ctrl Pts',(8.14894679871945,7.73935087074992,0.6));
#3755=CARTESIAN_POINT('Ctrl Pts',(8.05716443491878,7.99973295054656,0.6));
#3756=CARTESIAN_POINT('Ctrl Pts',(7.8953607525673,8.23639096506916,0.6));
#3757=CARTESIAN_POINT('Ctrl Pts',(7.73355707021581,8.47304897959177,0.6));
#3758=CARTESIAN_POINT('',(7.73355707021581,8.47304897959177,0.));
#3759=CARTESIAN_POINT('',(7.73355707021581,8.47304897959177,0.));
#3760=CARTESIAN_POINT('Ctrl Pts',(8.28097850905822,6.78994812558413,0.));
#3761=CARTESIAN_POINT('Ctrl Pts',(8.26713576575002,7.11663693002942,0.));
#3762=CARTESIAN_POINT('Ctrl Pts',(8.24111702165339,7.73067940794335,0.));
#3763=CARTESIAN_POINT('Ctrl Pts',(7.8953607525673,8.23639096506916,0.));
#3764=CARTESIAN_POINT('Ctrl Pts',(7.73355707021581,8.47304897959177,0.));
#3765=CARTESIAN_POINT('Ctrl Pts',(6.3852529208367,9.10611438033473,0.));
#3766=CARTESIAN_POINT('Ctrl Pts',(6.3852529208367,9.10611438033473,0.66));
#3767=CARTESIAN_POINT('Ctrl Pts',(6.64070139539582,9.0762718922801,0.));
#3768=CARTESIAN_POINT('Ctrl Pts',(6.64070139539582,9.0762718922801,0.66));
#3769=CARTESIAN_POINT('Ctrl Pts',(7.16006692518649,9.01559758351582,0.));
#3770=CARTESIAN_POINT('Ctrl Pts',(7.16006692518649,9.01559758351582,0.66));
#3771=CARTESIAN_POINT('Ctrl Pts',(7.54032689610674,8.65585379691522,0.));
#3772=CARTESIAN_POINT('Ctrl Pts',(7.54032689610674,8.65585379691522,0.66));
#3773=CARTESIAN_POINT('Ctrl Pts',(7.73355707021581,8.47304897959177,0.));
#3774=CARTESIAN_POINT('Ctrl Pts',(7.73355707021581,8.47304897959177,0.66));
#3775=CARTESIAN_POINT('',(6.3852529208367,9.10611438033473,0.6));
#3776=CARTESIAN_POINT('Ctrl Pts',(7.73355707021581,8.47304897959177,0.6));
#3777=CARTESIAN_POINT('Ctrl Pts',(7.54032689610674,8.65585379691522,0.6));
#3778=CARTESIAN_POINT('Ctrl Pts',(7.34709672199766,8.83865861423866,0.6));
#3779=CARTESIAN_POINT('Ctrl Pts',(7.1179468103641,8.94423792574698,0.6));
#3780=CARTESIAN_POINT('Ctrl Pts',(6.89614986995495,9.04642940422547,0.6));
#3781=CARTESIAN_POINT('Ctrl Pts',(6.64070139539582,9.0762718922801,0.6));
#3782=CARTESIAN_POINT('Ctrl Pts',(6.3852529208367,9.10611438033473,0.6));
#3783=CARTESIAN_POINT('',(6.3852529208367,9.10611438033473,0.));
#3784=CARTESIAN_POINT('',(6.3852529208367,9.10611438033473,0.));
#3785=CARTESIAN_POINT('Ctrl Pts',(7.73355707021581,8.47304897959177,0.));
#3786=CARTESIAN_POINT('Ctrl Pts',(7.54032689610674,8.65585379691522,0.));
#3787=CARTESIAN_POINT('Ctrl Pts',(7.16006692518649,9.01559758351582,0.));
#3788=CARTESIAN_POINT('Ctrl Pts',(6.64070139539582,9.0762718922801,0.));
#3789=CARTESIAN_POINT('Ctrl Pts',(6.3852529208367,9.10611438033473,0.));
#3790=CARTESIAN_POINT('Ctrl Pts',(4.95356465390863,8.4506647374592,0.));
#3791=CARTESIAN_POINT('Ctrl Pts',(4.95356465390863,8.4506647374592,0.66));
#3792=CARTESIAN_POINT('Ctrl Pts',(5.16249040073269,8.64369672081911,0.));
#3793=CARTESIAN_POINT('Ctrl Pts',(5.16249040073269,8.64369672081911,0.66));
#3794=CARTESIAN_POINT('Ctrl Pts',(5.56897633149567,9.01925974555799,0.));
#3795=CARTESIAN_POINT('Ctrl Pts',(5.56897633149567,9.01925974555799,0.66));
#3796=CARTESIAN_POINT('Ctrl Pts',(6.1182803351181,9.07770757958756,0.));
#3797=CARTESIAN_POINT('Ctrl Pts',(6.1182803351181,9.07770757958756,0.66));
#3798=CARTESIAN_POINT('Ctrl Pts',(6.3852529208367,9.10611438033473,0.));
#3799=CARTESIAN_POINT('Ctrl Pts',(6.3852529208367,9.10611438033473,0.66));
#3800=CARTESIAN_POINT('',(4.95356465390863,8.4506647374592,0.6));
#3801=CARTESIAN_POINT('Ctrl Pts',(6.3852529208367,9.10611438033473,0.6));
#3802=CARTESIAN_POINT('Ctrl Pts',(6.1182803351181,9.07770757958756,0.6));
#3803=CARTESIAN_POINT('Ctrl Pts',(5.85130774939949,9.04930077884039,0.6));
#3804=CARTESIAN_POINT('Ctrl Pts',(5.61807096072926,8.94598655566039,0.6));
#3805=CARTESIAN_POINT('Ctrl Pts',(5.37141614755676,8.83672870417902,0.6));
#3806=CARTESIAN_POINT('Ctrl Pts',(5.16249040073269,8.64369672081911,0.6));
#3807=CARTESIAN_POINT('Ctrl Pts',(4.95356465390863,8.4506647374592,0.6));
#3808=CARTESIAN_POINT('',(4.95356465390863,8.4506647374592,0.));
#3809=CARTESIAN_POINT('',(4.95356465390863,8.4506647374592,0.));
#3810=CARTESIAN_POINT('Ctrl Pts',(6.3852529208367,9.10611438033473,0.));
#3811=CARTESIAN_POINT('Ctrl Pts',(6.1182803351181,9.07770757958756,0.));
#3812=CARTESIAN_POINT('Ctrl Pts',(5.56897633149567,9.01925974555799,0.));
#3813=CARTESIAN_POINT('Ctrl Pts',(5.16249040073269,8.64369672081911,0.));
#3814=CARTESIAN_POINT('Ctrl Pts',(4.95356465390863,8.4506647374592,0.));
#3815=CARTESIAN_POINT('Ctrl Pts',(4.33068664096473,6.72367058359745,0.));
#3816=CARTESIAN_POINT('Ctrl Pts',(4.33068664096473,6.72367058359745,0.66));
#3817=CARTESIAN_POINT('Ctrl Pts',(4.35410141213018,7.05608980045672,0.));
#3818=CARTESIAN_POINT('Ctrl Pts',(4.35410141213018,7.05608980045672,0.66));
#3819=CARTESIAN_POINT('Ctrl Pts',(4.39889963376654,7.69208959937954,0.));
#3820=CARTESIAN_POINT('Ctrl Pts',(4.39889963376654,7.69208959937954,0.66));
#3821=CARTESIAN_POINT('Ctrl Pts',(4.77435111021132,8.20556736567776,0.));
#3822=CARTESIAN_POINT('Ctrl Pts',(4.77435111021132,8.20556736567776,0.66));
#3823=CARTESIAN_POINT('Ctrl Pts',(4.95356465390863,8.4506647374592,0.));
#3824=CARTESIAN_POINT('Ctrl Pts',(4.95356465390863,8.4506647374592,0.66));
#3825=CARTESIAN_POINT('Ctrl Pts',(4.95356465390863,8.4506647374592,0.6));
#3826=CARTESIAN_POINT('Ctrl Pts',(4.77435111021132,8.20556736567776,0.6));
#3827=CARTESIAN_POINT('Ctrl Pts',(4.59513756651402,7.96046999389632,0.6));
#3828=CARTESIAN_POINT('Ctrl Pts',(4.49126076293828,7.68745694187651,0.6));
#3829=CARTESIAN_POINT('Ctrl Pts',(4.37751618329562,7.38850901731598,0.6));
#3830=CARTESIAN_POINT('Ctrl Pts',(4.35410141213018,7.05608980045672,0.6));
#3831=CARTESIAN_POINT('Ctrl Pts',(4.33068664096473,6.72367058359745,0.6));
#3832=CARTESIAN_POINT('Ctrl Pts',(4.95356465390863,8.4506647374592,0.));
#3833=CARTESIAN_POINT('Ctrl Pts',(4.77435111021132,8.20556736567776,0.));
#3834=CARTESIAN_POINT('Ctrl Pts',(4.39889963376654,7.69208959937954,0.));
#3835=CARTESIAN_POINT('Ctrl Pts',(4.35410141213018,7.05608980045672,0.));
#3836=CARTESIAN_POINT('Ctrl Pts',(4.33068664096473,6.72367058359745,0.));
#3837=CARTESIAN_POINT('Origin',(4.39466128208211,2.52100199647517,0.));
#3838=CARTESIAN_POINT('',(4.39466128208211,2.52100199647517,0.6));
#3839=CARTESIAN_POINT('',(8.34530498146461,2.85005395120191,0.6));
#3840=CARTESIAN_POINT('',(4.39466128208211,2.52100199647517,0.));
#3841=CARTESIAN_POINT('',(4.39466128208211,2.52100199647517,0.));
#3842=CARTESIAN_POINT('',(3.21363288891139,2.42263329230139,0.));
#3843=CARTESIAN_POINT('Ctrl Pts',(4.95660863274154,1.30845686337774,0.));
#3844=CARTESIAN_POINT('Ctrl Pts',(4.95660863274154,1.30845686337774,0.66));
#3845=CARTESIAN_POINT('Ctrl Pts',(4.82650600146623,1.46618393092507,0.));
#3846=CARTESIAN_POINT('Ctrl Pts',(4.82650600146623,1.46618393092507,0.66));
#3847=CARTESIAN_POINT('Ctrl Pts',(4.53488747906543,1.81972124166118,0.));
#3848=CARTESIAN_POINT('Ctrl Pts',(4.53488747906543,1.81972124166118,0.66));
#3849=CARTESIAN_POINT('Ctrl Pts',(4.44464371221503,2.27103646160995,0.));
#3850=CARTESIAN_POINT('Ctrl Pts',(4.44464371221503,2.27103646160995,0.66));
#3851=CARTESIAN_POINT('Ctrl Pts',(4.39466128208211,2.52100199647517,0.));
#3852=CARTESIAN_POINT('Ctrl Pts',(4.39466128208211,2.52100199647517,0.66));
#3853=CARTESIAN_POINT('',(4.95660863274154,1.30845686337774,0.6));
#3854=CARTESIAN_POINT('Ctrl Pts',(4.39466128208211,2.52100199647517,0.6));
#3855=CARTESIAN_POINT('Ctrl Pts',(4.44464371221503,2.27103646160995,0.6));
#3856=CARTESIAN_POINT('Ctrl Pts',(4.49462614234795,2.02107092674472,0.6));
#3857=CARTESIAN_POINT('Ctrl Pts',(4.6063825167222,1.80109985218425,0.6));
#3858=CARTESIAN_POINT('Ctrl Pts',(4.69640337019092,1.6239109984724,0.6));
#3859=CARTESIAN_POINT('Ctrl Pts',(4.82650600146623,1.46618393092507,0.6));
#3860=CARTESIAN_POINT('Ctrl Pts',(4.95660863274154,1.30845686337774,0.6));
#3861=CARTESIAN_POINT('',(4.95660863274154,1.30845686337774,0.));
#3862=CARTESIAN_POINT('',(4.95660863274154,1.30845686337774,0.));
#3863=CARTESIAN_POINT('Ctrl Pts',(4.39466128208211,2.52100199647517,0.));
#3864=CARTESIAN_POINT('Ctrl Pts',(4.44464371221503,2.27103646160995,0.));
#3865=CARTESIAN_POINT('Ctrl Pts',(4.53488747906543,1.81972124166118,0.));
#3866=CARTESIAN_POINT('Ctrl Pts',(4.82650600146623,1.46618393092507,0.));
#3867=CARTESIAN_POINT('Ctrl Pts',(4.95660863274154,1.30845686337774,0.));
#3868=CARTESIAN_POINT('Ctrl Pts',(6.03772424479197,0.923405514304414,0.));
#3869=CARTESIAN_POINT('Ctrl Pts',(6.03772424479197,0.923405514304414,0.66));
#3870=CARTESIAN_POINT('Ctrl Pts',(5.83061146712092,0.938034986062177,0.));
#3871=CARTESIAN_POINT('Ctrl Pts',(5.83061146712092,0.938034986062177,0.66));
#3872=CARTESIAN_POINT('Ctrl Pts',(5.43358685368213,0.966078936004582,0.));
#3873=CARTESIAN_POINT('Ctrl Pts',(5.43358685368213,0.966078936004582,0.66));
#3874=CARTESIAN_POINT('Ctrl Pts',(5.11094188241877,1.19767549888472,0.));
#3875=CARTESIAN_POINT('Ctrl Pts',(5.11094188241877,1.19767549888472,0.66));
#3876=CARTESIAN_POINT('Ctrl Pts',(4.95660863274154,1.30845686337774,0.));
#3877=CARTESIAN_POINT('Ctrl Pts',(4.95660863274154,1.30845686337774,0.66));
#3878=CARTESIAN_POINT('',(6.03772424479197,0.923405514304414,0.6));
#3879=CARTESIAN_POINT('Ctrl Pts',(4.95660863274154,1.30845686337774,0.6));
#3880=CARTESIAN_POINT('Ctrl Pts',(5.11094188241877,1.19767549888472,0.6));
#3881=CARTESIAN_POINT('Ctrl Pts',(5.26527513209601,1.08689413439168,0.6));
#3882=CARTESIAN_POINT('Ctrl Pts',(5.43662696039473,1.02268702120679,0.6));
#3883=CARTESIAN_POINT('Ctrl Pts',(5.62349868944988,0.952664457819939,0.6));
#3884=CARTESIAN_POINT('Ctrl Pts',(5.83061146712092,0.938034986062177,0.6));
#3885=CARTESIAN_POINT('Ctrl Pts',(6.03772424479197,0.923405514304414,0.6));
#3886=CARTESIAN_POINT('',(6.03772424479197,0.923405514304414,0.));
#3887=CARTESIAN_POINT('',(6.03772424479197,0.923405514304414,0.));
#3888=CARTESIAN_POINT('Ctrl Pts',(4.95660863274154,1.30845686337774,0.));
#3889=CARTESIAN_POINT('Ctrl Pts',(5.11094188241877,1.19767549888472,0.));
#3890=CARTESIAN_POINT('Ctrl Pts',(5.43358685368213,0.966078936004582,0.));
#3891=CARTESIAN_POINT('Ctrl Pts',(5.83061146712092,0.938034986062177,0.));
#3892=CARTESIAN_POINT('Ctrl Pts',(6.03772424479197,0.923405514304414,0.));
#3893=CARTESIAN_POINT('Ctrl Pts',(7.0325446810015,1.17354739267321,0.));
#3894=CARTESIAN_POINT('Ctrl Pts',(7.0325446810015,1.17354739267321,0.66));
#3895=CARTESIAN_POINT('Ctrl Pts',(6.88096658646878,1.09934812215736,0.));
#3896=CARTESIAN_POINT('Ctrl Pts',(6.88096658646878,1.09934812215736,0.66));
#3897=CARTESIAN_POINT('Ctrl Pts',(6.56734427993761,0.945826292806975,0.));
#3898=CARTESIAN_POINT('Ctrl Pts',(6.56734427993761,0.945826292806975,0.66));
#3899=CARTESIAN_POINT('Ctrl Pts',(6.21814867642752,0.931043549026871,0.));
#3900=CARTESIAN_POINT('Ctrl Pts',(6.21814867642752,0.931043549026871,0.66));
#3901=CARTESIAN_POINT('Ctrl Pts',(6.03772424479197,0.923405514304414,0.));
#3902=CARTESIAN_POINT('Ctrl Pts',(6.03772424479197,0.923405514304414,0.66));
#3903=CARTESIAN_POINT('',(7.0325446810015,1.17354739267321,0.6));
#3904=CARTESIAN_POINT('Ctrl Pts',(6.03772424479197,0.923405514304414,0.6));
#3905=CARTESIAN_POINT('Ctrl Pts',(6.21814867642752,0.931043549026871,0.6));
#3906=CARTESIAN_POINT('Ctrl Pts',(6.39857310806308,0.938681583749328,0.6));
#3907=CARTESIAN_POINT('Ctrl Pts',(6.56950074005962,0.98335799865178,0.6));
#3908=CARTESIAN_POINT('Ctrl Pts',(6.72938849193607,1.02514885164152,0.6));
#3909=CARTESIAN_POINT('Ctrl Pts',(6.88096658646878,1.09934812215736,0.6));
#3910=CARTESIAN_POINT('Ctrl Pts',(7.0325446810015,1.17354739267321,0.6));
#3911=CARTESIAN_POINT('',(7.0325446810015,1.17354739267321,0.));
#3912=CARTESIAN_POINT('',(7.0325446810015,1.17354739267321,0.));
#3913=CARTESIAN_POINT('Ctrl Pts',(6.03772424479197,0.923405514304414,0.));
#3914=CARTESIAN_POINT('Ctrl Pts',(6.21814867642752,0.931043549026871,0.));
#3915=CARTESIAN_POINT('Ctrl Pts',(6.56734427993761,0.945826292806975,0.));
#3916=CARTESIAN_POINT('Ctrl Pts',(6.88096658646878,1.09934812215736,0.));
#3917=CARTESIAN_POINT('Ctrl Pts',(7.0325446810015,1.17354739267321,0.));
#3918=CARTESIAN_POINT('Ctrl Pts',(7.7380142585461,1.85949930988878,0.));
#3919=CARTESIAN_POINT('Ctrl Pts',(7.7380142585461,1.85949930988878,0.66));
#3920=CARTESIAN_POINT('Ctrl Pts',(7.63990502492327,1.72354610204531,0.));
#3921=CARTESIAN_POINT('Ctrl Pts',(7.63990502492327,1.72354610204531,0.66));
#3922=CARTESIAN_POINT('Ctrl Pts',(7.44498911831039,1.45344468768086,0.));
#3923=CARTESIAN_POINT('Ctrl Pts',(7.44498911831039,1.45344468768086,0.66));
#3924=CARTESIAN_POINT('Ctrl Pts',(7.16941229619766,1.26642990435772,0.));
#3925=CARTESIAN_POINT('Ctrl Pts',(7.16941229619766,1.26642990435772,0.66));
#3926=CARTESIAN_POINT('Ctrl Pts',(7.0325446810015,1.17354739267321,0.));
#3927=CARTESIAN_POINT('Ctrl Pts',(7.0325446810015,1.17354739267321,0.66));
#3928=CARTESIAN_POINT('',(7.7380142585461,1.85949930988878,0.6));
#3929=CARTESIAN_POINT('Ctrl Pts',(7.0325446810015,1.17354739267321,0.6));
#3930=CARTESIAN_POINT('Ctrl Pts',(7.16941229619766,1.26642990435772,0.6));
#3931=CARTESIAN_POINT('Ctrl Pts',(7.30627991139382,1.35931241604222,0.6));
#3932=CARTESIAN_POINT('Ctrl Pts',(7.42325091271575,1.47268989242797,0.6));
#3933=CARTESIAN_POINT('Ctrl Pts',(7.54179579130043,1.58759289420183,0.6));
#3934=CARTESIAN_POINT('Ctrl Pts',(7.63990502492327,1.72354610204531,0.6));
#3935=CARTESIAN_POINT('Ctrl Pts',(7.7380142585461,1.85949930988878,0.6));
#3936=CARTESIAN_POINT('',(7.7380142585461,1.85949930988878,0.));
#3937=CARTESIAN_POINT('',(7.7380142585461,1.85949930988878,0.));
#3938=CARTESIAN_POINT('Ctrl Pts',(7.0325446810015,1.17354739267321,0.));
#3939=CARTESIAN_POINT('Ctrl Pts',(7.16941229619766,1.26642990435772,0.));
#3940=CARTESIAN_POINT('Ctrl Pts',(7.44498911831039,1.45344468768086,0.));
#3941=CARTESIAN_POINT('Ctrl Pts',(7.63990502492327,1.72354610204531,0.));
#3942=CARTESIAN_POINT('Ctrl Pts',(7.7380142585461,1.85949930988878,0.));
#3943=CARTESIAN_POINT('Ctrl Pts',(8.20569526290194,3.02513012445323,0.));
#3944=CARTESIAN_POINT('Ctrl Pts',(8.20569526290194,3.02513012445323,0.66));
#3945=CARTESIAN_POINT('Ctrl Pts',(8.14398725377517,2.80177177804997,0.));
#3946=CARTESIAN_POINT('Ctrl Pts',(8.14398725377517,2.80177177804997,0.66));
#3947=CARTESIAN_POINT('Ctrl Pts',(8.03170115726245,2.39534095657217,0.));
#3948=CARTESIAN_POINT('Ctrl Pts',(8.03170115726245,2.39534095657217,0.66));
#3949=CARTESIAN_POINT('Ctrl Pts',(7.82921983408642,2.02590695693684,0.));
#3950=CARTESIAN_POINT('Ctrl Pts',(7.82921983408642,2.02590695693684,0.66));
#3951=CARTESIAN_POINT('Ctrl Pts',(7.7380142585461,1.85949930988878,0.));
#3952=CARTESIAN_POINT('Ctrl Pts',(7.7380142585461,1.85949930988878,0.66));
#3953=CARTESIAN_POINT('',(8.20569526290194,3.02513012445323,0.6));
#3954=CARTESIAN_POINT('Ctrl Pts',(7.7380142585461,1.85949930988878,0.6));
#3955=CARTESIAN_POINT('Ctrl Pts',(7.82921983408642,2.02590695693684,0.6));
#3956=CARTESIAN_POINT('Ctrl Pts',(7.92042540962673,2.19231460398489,0.6));
#3957=CARTESIAN_POINT('Ctrl Pts',(7.99333076180938,2.36622874697833,0.6));
#3958=CARTESIAN_POINT('Ctrl Pts',(8.08227924464839,2.57841343164672,0.6));
#3959=CARTESIAN_POINT('Ctrl Pts',(8.14398725377517,2.80177177804997,0.6));
#3960=CARTESIAN_POINT('Ctrl Pts',(8.20569526290194,3.02513012445323,0.6));
#3961=CARTESIAN_POINT('',(8.20569526290194,3.02513012445323,0.));
#3962=CARTESIAN_POINT('',(8.20569526290194,3.02513012445323,0.));
#3963=CARTESIAN_POINT('Ctrl Pts',(7.7380142585461,1.85949930988878,0.));
#3964=CARTESIAN_POINT('Ctrl Pts',(7.82921983408642,2.02590695693684,0.));
#3965=CARTESIAN_POINT('Ctrl Pts',(8.03170115726245,2.39534095657217,0.));
#3966=CARTESIAN_POINT('Ctrl Pts',(8.14398725377517,2.80177177804997,0.));
#3967=CARTESIAN_POINT('Ctrl Pts',(8.20569526290194,3.02513012445323,0.));
#3968=CARTESIAN_POINT('Ctrl Pts',(8.40355530915823,4.52406938939199,0.));
#3969=CARTESIAN_POINT('Ctrl Pts',(8.40355530915823,4.52406938939199,0.66));
#3970=CARTESIAN_POINT('Ctrl Pts',(8.39361720788566,4.2708138811997,0.));
#3971=CARTESIAN_POINT('Ctrl Pts',(8.39361720788566,4.2708138811997,0.66));
#3972=CARTESIAN_POINT('Ctrl Pts',(8.37377137745274,3.76507684613207,0.));
#3973=CARTESIAN_POINT('Ctrl Pts',(8.37377137745274,3.76507684613207,0.66));
#3974=CARTESIAN_POINT('Ctrl Pts',(8.26166344432488,3.27152725513958,0.));
#3975=CARTESIAN_POINT('Ctrl Pts',(8.26166344432488,3.27152725513958,0.66));
#3976=CARTESIAN_POINT('Ctrl Pts',(8.20569526290194,3.02513012445323,0.));
#3977=CARTESIAN_POINT('Ctrl Pts',(8.20569526290194,3.02513012445323,0.66));
#3978=CARTESIAN_POINT('',(8.40355530915823,4.52406938939199,0.6));
#3979=CARTESIAN_POINT('Ctrl Pts',(8.20569526290194,3.02513012445323,0.6));
#3980=CARTESIAN_POINT('Ctrl Pts',(8.26166344432488,3.27152725513958,0.6));
#3981=CARTESIAN_POINT('Ctrl Pts',(8.31763162574781,3.51792438582592,0.6));
#3982=CARTESIAN_POINT('Ctrl Pts',(8.35060482655939,3.76735905881863,0.6));
#3983=CARTESIAN_POINT('Ctrl Pts',(8.3836791066131,4.01755837300741,0.6));
#3984=CARTESIAN_POINT('Ctrl Pts',(8.39361720788566,4.2708138811997,0.6));
#3985=CARTESIAN_POINT('Ctrl Pts',(8.40355530915823,4.52406938939199,0.6));
#3986=CARTESIAN_POINT('',(8.40355530915823,4.52406938939199,0.));
#3987=CARTESIAN_POINT('',(8.40355530915823,4.52406938939199,0.));
#3988=CARTESIAN_POINT('Ctrl Pts',(8.20569526290194,3.02513012445323,0.));
#3989=CARTESIAN_POINT('Ctrl Pts',(8.26166344432488,3.27152725513958,0.));
#3990=CARTESIAN_POINT('Ctrl Pts',(8.37377137745274,3.76507684613207,0.));
#3991=CARTESIAN_POINT('Ctrl Pts',(8.39361720788566,4.2708138811997,0.));
#3992=CARTESIAN_POINT('Ctrl Pts',(8.40355530915823,4.52406938939199,0.));
#3993=CARTESIAN_POINT('Ctrl Pts',(8.39897509625562,4.76968717828058,0.));
#3994=CARTESIAN_POINT('Ctrl Pts',(8.39897509625562,4.76968717828058,0.66));
#3995=CARTESIAN_POINT('Ctrl Pts',(8.400509889604,4.72192924756297,0.));
#3996=CARTESIAN_POINT('Ctrl Pts',(8.400509889604,4.72192924756297,0.66));
#3997=CARTESIAN_POINT('Ctrl Pts',(8.40314041850831,4.6400754805427,0.));
#3998=CARTESIAN_POINT('Ctrl Pts',(8.40314041850831,4.6400754805427,0.66));
#3999=CARTESIAN_POINT('Ctrl Pts',(8.40343330750166,4.55818183635715,0.));
#4000=CARTESIAN_POINT('Ctrl Pts',(8.40343330750166,4.55818183635715,0.66));
#4001=CARTESIAN_POINT('Ctrl Pts',(8.40355530915823,4.52406938939199,0.));
#4002=CARTESIAN_POINT('Ctrl Pts',(8.40355530915823,4.52406938939199,0.66));
#4003=CARTESIAN_POINT('',(8.39897509625562,4.76968717828058,0.6));
#4004=CARTESIAN_POINT('Ctrl Pts',(8.40355530915823,4.52406938939199,0.6));
#4005=CARTESIAN_POINT('Ctrl Pts',(8.40338769535347,4.57093528602326,0.6));
#4006=CARTESIAN_POINT('Ctrl Pts',(8.40326853752413,4.60425258062874,0.6));
#4007=CARTESIAN_POINT('Ctrl Pts',(8.40160562515993,4.6878334112603,0.6));
#4008=CARTESIAN_POINT('Ctrl Pts',(8.40029036070777,4.72876029477046,0.6));
#4009=CARTESIAN_POINT('Ctrl Pts',(8.39897509625562,4.76968717828058,0.6));
#4010=CARTESIAN_POINT('',(8.39897509625562,4.76968717828058,0.));
#4011=CARTESIAN_POINT('',(8.39897509625562,4.76968717828058,0.));
#4012=CARTESIAN_POINT('Ctrl Pts',(8.40355530915823,4.52406938939199,0.));
#4013=CARTESIAN_POINT('Ctrl Pts',(8.40343330750166,4.55818183635715,0.));
#4014=CARTESIAN_POINT('Ctrl Pts',(8.40314041850831,4.6400754805427,0.));
#4015=CARTESIAN_POINT('Ctrl Pts',(8.400509889604,4.72192924756297,0.));
#4016=CARTESIAN_POINT('Ctrl Pts',(8.39897509625562,4.76968717828058,0.));
#4017=CARTESIAN_POINT('Ctrl Pts',(7.38419519928864,3.8273387986148,0.));
#4018=CARTESIAN_POINT('Ctrl Pts',(7.38419519928864,3.8273387986148,0.66));
#4019=CARTESIAN_POINT('Ctrl Pts',(7.58575396814145,3.95483616337561,0.));
#4020=CARTESIAN_POINT('Ctrl Pts',(7.58575396814145,3.95483616337561,0.66));
#4021=CARTESIAN_POINT('Ctrl Pts',(7.98274252754491,4.20595396614953,0.));
#4022=CARTESIAN_POINT('Ctrl Pts',(7.98274252754491,4.20595396614953,0.66));
#4023=CARTESIAN_POINT('Ctrl Pts',(8.26166631145888,4.58372017779562,0.));
#4024=CARTESIAN_POINT('Ctrl Pts',(8.26166631145888,4.58372017779562,0.66));
#4025=CARTESIAN_POINT('Ctrl Pts',(8.39897509625562,4.76968717828058,0.));
#4026=CARTESIAN_POINT('Ctrl Pts',(8.39897509625562,4.76968717828058,0.66));
#4027=CARTESIAN_POINT('',(7.38419519928864,3.8273387986148,0.6));
#4028=CARTESIAN_POINT('Ctrl Pts',(8.39897509625562,4.76968717828058,0.6));
#4029=CARTESIAN_POINT('Ctrl Pts',(8.26166631145888,4.58372017779562,0.6));
#4030=CARTESIAN_POINT('Ctrl Pts',(8.12435752666213,4.39775317731066,0.6));
#4031=CARTESIAN_POINT('Ctrl Pts',(7.95843689471758,4.24247818382897,0.6));
#4032=CARTESIAN_POINT('Ctrl Pts',(7.78731273699426,4.08233352813643,0.6));
#4033=CARTESIAN_POINT('Ctrl Pts',(7.58575396814145,3.95483616337561,0.6));
#4034=CARTESIAN_POINT('Ctrl Pts',(7.38419519928864,3.8273387986148,0.6));
#4035=CARTESIAN_POINT('',(7.38419519928864,3.8273387986148,0.));
#4036=CARTESIAN_POINT('',(7.38419519928864,3.8273387986148,0.));
#4037=CARTESIAN_POINT('Ctrl Pts',(8.39897509625562,4.76968717828058,0.));
#4038=CARTESIAN_POINT('Ctrl Pts',(8.26166631145888,4.58372017779562,0.));
#4039=CARTESIAN_POINT('Ctrl Pts',(7.98274252754491,4.20595396614953,0.));
#4040=CARTESIAN_POINT('Ctrl Pts',(7.58575396814145,3.95483616337561,0.));
#4041=CARTESIAN_POINT('Ctrl Pts',(7.38419519928864,3.8273387986148,0.));
#4042=CARTESIAN_POINT('Ctrl Pts',(5.99961320216237,3.47501933709614,0.));
#4043=CARTESIAN_POINT('Ctrl Pts',(5.99961320216237,3.47501933709614,0.66));
#4044=CARTESIAN_POINT('Ctrl Pts',(6.24284328266114,3.487816987696,0.));
#4045=CARTESIAN_POINT('Ctrl Pts',(6.24284328266114,3.487816987696,0.66));
#4046=CARTESIAN_POINT('Ctrl Pts',(6.72780168773536,3.51333327339092,0.));
#4047=CARTESIAN_POINT('Ctrl Pts',(6.72780168773536,3.51333327339092,0.66));
#4048=CARTESIAN_POINT('Ctrl Pts',(7.16584952523668,3.7228865960042,0.));
#4049=CARTESIAN_POINT('Ctrl Pts',(7.16584952523668,3.7228865960042,0.66));
#4050=CARTESIAN_POINT('Ctrl Pts',(7.38419519928864,3.8273387986148,0.));
#4051=CARTESIAN_POINT('Ctrl Pts',(7.38419519928864,3.8273387986148,0.66));
#4052=CARTESIAN_POINT('',(5.99961320216237,3.47501933709614,0.6));
#4053=CARTESIAN_POINT('Ctrl Pts',(7.38419519928864,3.8273387986148,0.6));
#4054=CARTESIAN_POINT('Ctrl Pts',(7.16584952523668,3.7228865960042,0.6));
#4055=CARTESIAN_POINT('Ctrl Pts',(6.94750385118472,3.61843439339359,0.6));
#4056=CARTESIAN_POINT('Ctrl Pts',(6.71750305604188,3.5597069402684,0.6));
#4057=CARTESIAN_POINT('Ctrl Pts',(6.48607336315991,3.50061463829586,0.6));
#4058=CARTESIAN_POINT('Ctrl Pts',(6.24284328266114,3.487816987696,0.6));
#4059=CARTESIAN_POINT('Ctrl Pts',(5.99961320216237,3.47501933709614,0.6));
#4060=CARTESIAN_POINT('',(5.99961320216237,3.47501933709614,0.));
#4061=CARTESIAN_POINT('',(5.99961320216237,3.47501933709614,0.));
#4062=CARTESIAN_POINT('Ctrl Pts',(7.38419519928864,3.8273387986148,0.));
#4063=CARTESIAN_POINT('Ctrl Pts',(7.16584952523668,3.7228865960042,0.));
#4064=CARTESIAN_POINT('Ctrl Pts',(6.72780168773536,3.51333327339092,0.));
#4065=CARTESIAN_POINT('Ctrl Pts',(6.24284328266114,3.487816987696,0.));
#4066=CARTESIAN_POINT('Ctrl Pts',(5.99961320216237,3.47501933709614,0.));
#4067=CARTESIAN_POINT('Ctrl Pts',(3.90696147393542,4.39456118611838,0.));
#4068=CARTESIAN_POINT('Ctrl Pts',(3.90696147393542,4.39456118611838,0.66));
#4069=CARTESIAN_POINT('Ctrl Pts',(4.20680762748116,4.1291951845852,0.));
#4070=CARTESIAN_POINT('Ctrl Pts',(4.20680762748116,4.1291951845852,0.66));
#4071=CARTESIAN_POINT('Ctrl Pts',(4.80605092355876,3.59886055949412,0.));
#4072=CARTESIAN_POINT('Ctrl Pts',(4.80605092355876,3.59886055949412,0.66));
#4073=CARTESIAN_POINT('Ctrl Pts',(5.60195789944675,3.51627911856222,0.));
#4074=CARTESIAN_POINT('Ctrl Pts',(5.60195789944675,3.51627911856222,0.66));
#4075=CARTESIAN_POINT('Ctrl Pts',(5.99961320216237,3.47501933709614,0.));
#4076=CARTESIAN_POINT('Ctrl Pts',(5.99961320216237,3.47501933709614,0.66));
#4077=CARTESIAN_POINT('Ctrl Pts',(5.99961320216237,3.47501933709614,0.6));
#4078=CARTESIAN_POINT('Ctrl Pts',(5.60195789944675,3.51627911856222,0.6));
#4079=CARTESIAN_POINT('Ctrl Pts',(5.20430259673113,3.5575389000283,0.6));
#4080=CARTESIAN_POINT('Ctrl Pts',(4.85573956185065,3.71056929039365,0.6));
#4081=CARTESIAN_POINT('Ctrl Pts',(4.50665378102689,3.86382918305201,0.6));
#4082=CARTESIAN_POINT('Ctrl Pts',(4.20680762748116,4.1291951845852,0.6));
#4083=CARTESIAN_POINT('Ctrl Pts',(3.90696147393542,4.39456118611838,0.6));
#4084=CARTESIAN_POINT('Ctrl Pts',(5.99961320216237,3.47501933709614,0.));
#4085=CARTESIAN_POINT('Ctrl Pts',(5.60195789944675,3.51627911856222,0.));
#4086=CARTESIAN_POINT('Ctrl Pts',(4.80605092355876,3.59886055949412,0.));
#4087=CARTESIAN_POINT('Ctrl Pts',(4.20680762748116,4.1291951845852,0.));
#4088=CARTESIAN_POINT('Ctrl Pts',(3.90696147393542,4.39456118611838,0.));
#4089=CARTESIAN_POINT('Origin',(12.1472326162202,4.96461173646832,0.));
#4090=CARTESIAN_POINT('Origin',(12.1472326162202,4.96461173646832,0.6));
#4091=CARTESIAN_POINT('Ctrl Pts',(4.89290128022203,5.16663435520802,0.));
#4092=CARTESIAN_POINT('Ctrl Pts',(4.89290128022203,5.16663435520802,5.5));
#4093=CARTESIAN_POINT('Ctrl Pts',(4.72686762642546,5.38784595120321,0.));
#4094=CARTESIAN_POINT('Ctrl Pts',(4.72686762642546,5.38784595120321,5.5));
#4095=CARTESIAN_POINT('Ctrl Pts',(4.38125372505017,5.84831767469505,0.));
#4096=CARTESIAN_POINT('Ctrl Pts',(4.38125372505017,5.84831767469505,5.5));
#4097=CARTESIAN_POINT('Ctrl Pts',(4.34797710297289,6.42436014304414,0.));
#4098=CARTESIAN_POINT('Ctrl Pts',(4.34797710297289,6.42436014304414,5.5));
#4099=CARTESIAN_POINT('Ctrl Pts',(4.33068664096473,6.72367058359745,0.));
#4100=CARTESIAN_POINT('Ctrl Pts',(4.33068664096473,6.72367058359745,5.5));
#4101=CARTESIAN_POINT('',(4.33068664096473,6.72367058359745,0.6));
#4102=CARTESIAN_POINT('',(4.89290128022203,5.16663435520802,0.6));
#4103=CARTESIAN_POINT('Ctrl Pts',(4.33068664096473,6.72367058359745,0.6));
#4104=CARTESIAN_POINT('Ctrl Pts',(4.34797710297289,6.42436014304414,0.6));
#4105=CARTESIAN_POINT('Ctrl Pts',(4.36526756498105,6.12504970249082,0.6));
#4106=CARTESIAN_POINT('Ctrl Pts',(4.4668834541676,5.85694127679566,0.6));
#4107=CARTESIAN_POINT('Ctrl Pts',(4.5608339726289,5.6090575471984,0.6));
#4108=CARTESIAN_POINT('Ctrl Pts',(4.72686762642546,5.38784595120321,0.6));
#4109=CARTESIAN_POINT('Ctrl Pts',(4.89290128022203,5.16663435520802,0.6));
#4110=CARTESIAN_POINT('',(4.33068664096473,6.72367058359745,0.));
#4111=CARTESIAN_POINT('',(4.33068664096473,6.72367058359745,0.));
#4112=CARTESIAN_POINT('',(4.89290128022203,5.16663435520802,0.));
#4113=CARTESIAN_POINT('Ctrl Pts',(4.89290128022203,5.16663435520802,0.));
#4114=CARTESIAN_POINT('Ctrl Pts',(4.72686762642546,5.38784595120321,0.));
#4115=CARTESIAN_POINT('Ctrl Pts',(4.38125372505017,5.84831767469505,0.));
#4116=CARTESIAN_POINT('Ctrl Pts',(4.34797710297289,6.42436014304414,0.));
#4117=CARTESIAN_POINT('Ctrl Pts',(4.33068664096473,6.72367058359745,0.));
#4118=CARTESIAN_POINT('',(4.89290128022203,5.16663435520802,0.));
#4119=CARTESIAN_POINT('Ctrl Pts',(6.30963347368075,4.55681959682085,0.));
#4120=CARTESIAN_POINT('Ctrl Pts',(6.30963347368075,4.55681959682085,5.5));
#4121=CARTESIAN_POINT('Ctrl Pts',(6.03967430315543,4.58360928802133,0.));
#4122=CARTESIAN_POINT('Ctrl Pts',(6.03967430315543,4.58360928802133,5.5));
#4123=CARTESIAN_POINT('Ctrl Pts',(5.50266802320333,4.6368996888795,0.));
#4124=CARTESIAN_POINT('Ctrl Pts',(5.50266802320333,4.6368996888795,5.5));
#4125=CARTESIAN_POINT('Ctrl Pts',(5.09542072518517,4.99069565104377,0.));
#4126=CARTESIAN_POINT('Ctrl Pts',(5.09542072518517,4.99069565104377,5.5));
#4127=CARTESIAN_POINT('Ctrl Pts',(4.89290128022203,5.16663435520802,0.));
#4128=CARTESIAN_POINT('Ctrl Pts',(4.89290128022203,5.16663435520802,5.5));
#4129=CARTESIAN_POINT('',(6.30963347368075,4.55681959682085,0.6));
#4130=CARTESIAN_POINT('Ctrl Pts',(4.89290128022203,5.16663435520802,0.6));
#4131=CARTESIAN_POINT('Ctrl Pts',(5.09542072518517,4.99069565104377,0.6));
#4132=CARTESIAN_POINT('Ctrl Pts',(5.2979401701483,4.81475694687953,0.6));
#4133=CARTESIAN_POINT('Ctrl Pts',(5.53254848802856,4.7131320560939,0.6));
#4134=CARTESIAN_POINT('Ctrl Pts',(5.76971513263011,4.61039897922181,0.6));
#4135=CARTESIAN_POINT('Ctrl Pts',(6.03967430315543,4.58360928802133,0.6));
#4136=CARTESIAN_POINT('Ctrl Pts',(6.30963347368075,4.55681959682085,0.6));
#4137=CARTESIAN_POINT('',(6.30963347368075,4.55681959682085,0.));
#4138=CARTESIAN_POINT('Ctrl Pts',(6.30963347368075,4.55681959682085,0.));
#4139=CARTESIAN_POINT('Ctrl Pts',(6.03967430315543,4.58360928802133,0.));
#4140=CARTESIAN_POINT('Ctrl Pts',(5.50266802320333,4.6368996888795,0.));
#4141=CARTESIAN_POINT('Ctrl Pts',(5.09542072518517,4.99069565104377,0.));
#4142=CARTESIAN_POINT('Ctrl Pts',(4.89290128022203,5.16663435520802,0.));
#4143=CARTESIAN_POINT('',(6.30963347368075,4.55681959682085,0.));
#4144=CARTESIAN_POINT('Ctrl Pts',(7.71679486680538,5.1408667367827,0.));
#4145=CARTESIAN_POINT('Ctrl Pts',(7.71679486680538,5.1408667367827,5.5));
#4146=CARTESIAN_POINT('Ctrl Pts',(7.5175580444966,4.96860248249726,0.));
#4147=CARTESIAN_POINT('Ctrl Pts',(7.5175580444966,4.96860248249726,5.5));
#4148=CARTESIAN_POINT('Ctrl Pts',(7.11333051574828,4.61909904736643,0.));
#4149=CARTESIAN_POINT('Ctrl Pts',(7.11333051574828,4.61909904736643,5.5));
#4150=CARTESIAN_POINT('Ctrl Pts',(6.58006271381336,4.57777548393422,0.));
#4151=CARTESIAN_POINT('Ctrl Pts',(6.58006271381336,4.57777548393422,5.5));
#4152=CARTESIAN_POINT('Ctrl Pts',(6.30963347368075,4.55681959682085,0.));
#4153=CARTESIAN_POINT('Ctrl Pts',(6.30963347368075,4.55681959682085,5.5));
#4154=CARTESIAN_POINT('',(7.71679486680538,5.1408667367827,0.6));
#4155=CARTESIAN_POINT('Ctrl Pts',(6.30963347368075,4.55681959682085,0.6));
#4156=CARTESIAN_POINT('Ctrl Pts',(6.58006271381336,4.57777548393422,0.6));
#4157=CARTESIAN_POINT('Ctrl Pts',(6.85049195394598,4.5987313710476,0.6));
#4158=CARTESIAN_POINT('Ctrl Pts',(7.08773619232562,4.69894119439342,0.6));
#4159=CARTESIAN_POINT('Ctrl Pts',(7.31832122218781,4.79633822821183,0.6));
#4160=CARTESIAN_POINT('Ctrl Pts',(7.5175580444966,4.96860248249726,0.6));
#4161=CARTESIAN_POINT('Ctrl Pts',(7.71679486680538,5.1408667367827,0.6));
#4162=CARTESIAN_POINT('',(7.71679486680538,5.1408667367827,0.));
#4163=CARTESIAN_POINT('Ctrl Pts',(7.71679486680538,5.1408667367827,0.));
#4164=CARTESIAN_POINT('Ctrl Pts',(7.5175580444966,4.96860248249726,0.));
#4165=CARTESIAN_POINT('Ctrl Pts',(7.11333051574828,4.61909904736643,0.));
#4166=CARTESIAN_POINT('Ctrl Pts',(6.58006271381336,4.57777548393422,0.));
#4167=CARTESIAN_POINT('Ctrl Pts',(6.30963347368075,4.55681959682085,0.));
#4168=CARTESIAN_POINT('',(7.71679486680538,5.1408667367827,0.));
#4169=CARTESIAN_POINT('Ctrl Pts',(8.28097850905822,6.78994812558413,0.));
#4170=CARTESIAN_POINT('Ctrl Pts',(8.28097850905822,6.78994812558413,5.5));
#4171=CARTESIAN_POINT('Ctrl Pts',(8.26261309687315,6.46548692253935,0.));
#4172=CARTESIAN_POINT('Ctrl Pts',(8.26261309687315,6.46548692253935,5.5));
#4173=CARTESIAN_POINT('Ctrl Pts',(8.22838275776805,5.86074051691828,0.));
#4174=CARTESIAN_POINT('Ctrl Pts',(8.22838275776805,5.86074051691828,5.5));
#4175=CARTESIAN_POINT('Ctrl Pts',(7.8788122618068,5.36884725908927,0.));
#4176=CARTESIAN_POINT('Ctrl Pts',(7.8788122618068,5.36884725908927,5.5));
#4177=CARTESIAN_POINT('Ctrl Pts',(7.71679486680538,5.1408667367827,0.));
#4178=CARTESIAN_POINT('Ctrl Pts',(7.71679486680538,5.1408667367827,5.5));
#4179=CARTESIAN_POINT('',(8.28097850905822,6.78994812558413,0.6));
#4180=CARTESIAN_POINT('Ctrl Pts',(7.71679486680538,5.1408667367827,0.6));
#4181=CARTESIAN_POINT('Ctrl Pts',(7.8788122618068,5.36884725908927,0.6));
#4182=CARTESIAN_POINT('Ctrl Pts',(8.04082965680821,5.59682778139584,0.6));
#4183=CARTESIAN_POINT('Ctrl Pts',(8.13510894912319,5.84905024671989,0.6));
#4184=CARTESIAN_POINT('Ctrl Pts',(8.24424768468808,6.14102571949457,0.6));
#4185=CARTESIAN_POINT('Ctrl Pts',(8.26261309687315,6.46548692253935,0.6));
#4186=CARTESIAN_POINT('Ctrl Pts',(8.28097850905822,6.78994812558413,0.6));
#4187=CARTESIAN_POINT('',(8.28097850905822,6.78994812558413,0.));
#4188=CARTESIAN_POINT('Ctrl Pts',(8.28097850905822,6.78994812558413,0.));
#4189=CARTESIAN_POINT('Ctrl Pts',(8.26261309687315,6.46548692253935,0.));
#4190=CARTESIAN_POINT('Ctrl Pts',(8.22838275776805,5.86074051691828,0.));
#4191=CARTESIAN_POINT('Ctrl Pts',(7.8788122618068,5.36884725908927,0.));
#4192=CARTESIAN_POINT('Ctrl Pts',(7.71679486680538,5.1408667367827,0.));
#4193=CARTESIAN_POINT('',(8.28097850905822,6.78994812558413,0.));
#4194=CARTESIAN_POINT('Ctrl Pts',(7.73355707021581,8.47304897959177,0.));
#4195=CARTESIAN_POINT('Ctrl Pts',(7.73355707021581,8.47304897959177,5.5));
#4196=CARTESIAN_POINT('Ctrl Pts',(7.8953607525673,8.23639096506916,0.));
#4197=CARTESIAN_POINT('Ctrl Pts',(7.8953607525673,8.23639096506916,5.5));
#4198=CARTESIAN_POINT('Ctrl Pts',(8.24111702165339,7.73067940794335,0.));
#4199=CARTESIAN_POINT('Ctrl Pts',(8.24111702165339,7.73067940794335,5.5));
#4200=CARTESIAN_POINT('Ctrl Pts',(8.26713576575002,7.11663693002942,0.));
#4201=CARTESIAN_POINT('Ctrl Pts',(8.26713576575002,7.11663693002942,5.5));
#4202=CARTESIAN_POINT('Ctrl Pts',(8.28097850905822,6.78994812558413,0.));
#4203=CARTESIAN_POINT('Ctrl Pts',(8.28097850905822,6.78994812558413,5.5));
#4204=CARTESIAN_POINT('',(7.73355707021581,8.47304897959177,0.6));
#4205=CARTESIAN_POINT('Ctrl Pts',(8.28097850905822,6.78994812558413,0.6));
#4206=CARTESIAN_POINT('Ctrl Pts',(8.26713576575002,7.11663693002942,0.6));
#4207=CARTESIAN_POINT('Ctrl Pts',(8.25329302244182,7.4433257344747,0.6));
#4208=CARTESIAN_POINT('Ctrl Pts',(8.14894679871945,7.73935087074992,0.6));
#4209=CARTESIAN_POINT('Ctrl Pts',(8.05716443491878,7.99973295054656,0.6));
#4210=CARTESIAN_POINT('Ctrl Pts',(7.8953607525673,8.23639096506916,0.6));
#4211=CARTESIAN_POINT('Ctrl Pts',(7.73355707021581,8.47304897959177,0.6));
#4212=CARTESIAN_POINT('',(7.73355707021581,8.47304897959177,0.));
#4213=CARTESIAN_POINT('Ctrl Pts',(7.73355707021581,8.47304897959177,0.));
#4214=CARTESIAN_POINT('Ctrl Pts',(7.8953607525673,8.23639096506916,0.));
#4215=CARTESIAN_POINT('Ctrl Pts',(8.24111702165339,7.73067940794335,0.));
#4216=CARTESIAN_POINT('Ctrl Pts',(8.26713576575002,7.11663693002942,0.));
#4217=CARTESIAN_POINT('Ctrl Pts',(8.28097850905822,6.78994812558413,0.));
#4218=CARTESIAN_POINT('',(7.73355707021581,8.47304897959177,0.));
#4219=CARTESIAN_POINT('Ctrl Pts',(6.3852529208367,9.10611438033473,0.));
#4220=CARTESIAN_POINT('Ctrl Pts',(6.3852529208367,9.10611438033473,5.5));
#4221=CARTESIAN_POINT('Ctrl Pts',(6.64070139539582,9.0762718922801,0.));
#4222=CARTESIAN_POINT('Ctrl Pts',(6.64070139539582,9.0762718922801,5.5));
#4223=CARTESIAN_POINT('Ctrl Pts',(7.16006692518649,9.01559758351582,0.));
#4224=CARTESIAN_POINT('Ctrl Pts',(7.16006692518649,9.01559758351582,5.5));
#4225=CARTESIAN_POINT('Ctrl Pts',(7.54032689610674,8.65585379691522,0.));
#4226=CARTESIAN_POINT('Ctrl Pts',(7.54032689610674,8.65585379691522,5.5));
#4227=CARTESIAN_POINT('Ctrl Pts',(7.73355707021581,8.47304897959177,0.));
#4228=CARTESIAN_POINT('Ctrl Pts',(7.73355707021581,8.47304897959177,5.5));
#4229=CARTESIAN_POINT('',(6.3852529208367,9.10611438033473,0.6));
#4230=CARTESIAN_POINT('Ctrl Pts',(7.73355707021581,8.47304897959177,0.6));
#4231=CARTESIAN_POINT('Ctrl Pts',(7.54032689610674,8.65585379691522,0.6));
#4232=CARTESIAN_POINT('Ctrl Pts',(7.34709672199766,8.83865861423866,0.6));
#4233=CARTESIAN_POINT('Ctrl Pts',(7.1179468103641,8.94423792574698,0.6));
#4234=CARTESIAN_POINT('Ctrl Pts',(6.89614986995495,9.04642940422547,0.6));
#4235=CARTESIAN_POINT('Ctrl Pts',(6.64070139539582,9.0762718922801,0.6));
#4236=CARTESIAN_POINT('Ctrl Pts',(6.3852529208367,9.10611438033473,0.6));
#4237=CARTESIAN_POINT('',(6.3852529208367,9.10611438033473,0.));
#4238=CARTESIAN_POINT('Ctrl Pts',(6.3852529208367,9.10611438033473,0.));
#4239=CARTESIAN_POINT('Ctrl Pts',(6.64070139539582,9.0762718922801,0.));
#4240=CARTESIAN_POINT('Ctrl Pts',(7.16006692518649,9.01559758351582,0.));
#4241=CARTESIAN_POINT('Ctrl Pts',(7.54032689610674,8.65585379691522,0.));
#4242=CARTESIAN_POINT('Ctrl Pts',(7.73355707021581,8.47304897959177,0.));
#4243=CARTESIAN_POINT('',(6.3852529208367,9.10611438033473,0.));
#4244=CARTESIAN_POINT('Ctrl Pts',(4.95356465390863,8.4506647374592,0.));
#4245=CARTESIAN_POINT('Ctrl Pts',(4.95356465390863,8.4506647374592,5.5));
#4246=CARTESIAN_POINT('Ctrl Pts',(5.16249040073269,8.64369672081911,0.));
#4247=CARTESIAN_POINT('Ctrl Pts',(5.16249040073269,8.64369672081911,5.5));
#4248=CARTESIAN_POINT('Ctrl Pts',(5.56897633149567,9.01925974555799,0.));
#4249=CARTESIAN_POINT('Ctrl Pts',(5.56897633149567,9.01925974555799,5.5));
#4250=CARTESIAN_POINT('Ctrl Pts',(6.1182803351181,9.07770757958756,0.));
#4251=CARTESIAN_POINT('Ctrl Pts',(6.1182803351181,9.07770757958756,5.5));
#4252=CARTESIAN_POINT('Ctrl Pts',(6.3852529208367,9.10611438033473,0.));
#4253=CARTESIAN_POINT('Ctrl Pts',(6.3852529208367,9.10611438033473,5.5));
#4254=CARTESIAN_POINT('',(4.95356465390863,8.4506647374592,0.6));
#4255=CARTESIAN_POINT('Ctrl Pts',(6.3852529208367,9.10611438033473,0.6));
#4256=CARTESIAN_POINT('Ctrl Pts',(6.1182803351181,9.07770757958756,0.6));
#4257=CARTESIAN_POINT('Ctrl Pts',(5.85130774939949,9.04930077884039,0.6));
#4258=CARTESIAN_POINT('Ctrl Pts',(5.61807096072926,8.94598655566039,0.6));
#4259=CARTESIAN_POINT('Ctrl Pts',(5.37141614755676,8.83672870417902,0.6));
#4260=CARTESIAN_POINT('Ctrl Pts',(5.16249040073269,8.64369672081911,0.6));
#4261=CARTESIAN_POINT('Ctrl Pts',(4.95356465390863,8.4506647374592,0.6));
#4262=CARTESIAN_POINT('',(4.95356465390863,8.4506647374592,0.));
#4263=CARTESIAN_POINT('Ctrl Pts',(4.95356465390863,8.4506647374592,0.));
#4264=CARTESIAN_POINT('Ctrl Pts',(5.16249040073269,8.64369672081911,0.));
#4265=CARTESIAN_POINT('Ctrl Pts',(5.56897633149567,9.01925974555799,0.));
#4266=CARTESIAN_POINT('Ctrl Pts',(6.1182803351181,9.07770757958756,0.));
#4267=CARTESIAN_POINT('Ctrl Pts',(6.3852529208367,9.10611438033473,0.));
#4268=CARTESIAN_POINT('',(4.95356465390863,8.4506647374592,0.));
#4269=CARTESIAN_POINT('Ctrl Pts',(4.33068664096473,6.72367058359745,0.));
#4270=CARTESIAN_POINT('Ctrl Pts',(4.33068664096473,6.72367058359745,5.5));
#4271=CARTESIAN_POINT('Ctrl Pts',(4.35410141213018,7.05608980045672,0.));
#4272=CARTESIAN_POINT('Ctrl Pts',(4.35410141213018,7.05608980045672,5.5));
#4273=CARTESIAN_POINT('Ctrl Pts',(4.39889963376654,7.69208959937954,0.));
#4274=CARTESIAN_POINT('Ctrl Pts',(4.39889963376654,7.69208959937954,5.5));
#4275=CARTESIAN_POINT('Ctrl Pts',(4.77435111021132,8.20556736567776,0.));
#4276=CARTESIAN_POINT('Ctrl Pts',(4.77435111021132,8.20556736567776,5.5));
#4277=CARTESIAN_POINT('Ctrl Pts',(4.95356465390863,8.4506647374592,0.));
#4278=CARTESIAN_POINT('Ctrl Pts',(4.95356465390863,8.4506647374592,5.5));
#4279=CARTESIAN_POINT('Ctrl Pts',(4.95356465390863,8.4506647374592,0.6));
#4280=CARTESIAN_POINT('Ctrl Pts',(4.77435111021132,8.20556736567776,0.6));
#4281=CARTESIAN_POINT('Ctrl Pts',(4.59513756651402,7.96046999389632,0.6));
#4282=CARTESIAN_POINT('Ctrl Pts',(4.49126076293828,7.68745694187651,0.6));
#4283=CARTESIAN_POINT('Ctrl Pts',(4.37751618329562,7.38850901731598,0.6));
#4284=CARTESIAN_POINT('Ctrl Pts',(4.35410141213018,7.05608980045672,0.6));
#4285=CARTESIAN_POINT('Ctrl Pts',(4.33068664096473,6.72367058359745,0.6));
#4286=CARTESIAN_POINT('Ctrl Pts',(4.33068664096473,6.72367058359745,0.));
#4287=CARTESIAN_POINT('Ctrl Pts',(4.35410141213018,7.05608980045672,0.));
#4288=CARTESIAN_POINT('Ctrl Pts',(4.39889963376654,7.69208959937954,0.));
#4289=CARTESIAN_POINT('Ctrl Pts',(4.77435111021132,8.20556736567776,0.));
#4290=CARTESIAN_POINT('Ctrl Pts',(4.95356465390863,8.4506647374592,0.));
#4291=CARTESIAN_POINT('Origin',(11.2470805187714,1.05776542300557,0.6));
#4292=CARTESIAN_POINT('Origin',(-20.7529194812286,1.05776542300557,0.));
#4293=CARTESIAN_POINT('Origin',(-20.7529194812286,1.05776542300557,9.));
#4294=CARTESIAN_POINT('',(-35.7529194812286,-13.9422345769944,9.));
#4295=CARTESIAN_POINT('',(-5.75291948122862,-13.9422345769944,9.));
#4296=CARTESIAN_POINT('',(-5.75291948122862,-13.9422345769944,9.));
#4297=CARTESIAN_POINT('',(-5.75291948122862,16.0577654230056,9.));
#4298=CARTESIAN_POINT('',(-5.75291948122862,16.0577654230056,9.));
#4299=CARTESIAN_POINT('',(-35.7529194812286,16.0577654230056,9.));
#4300=CARTESIAN_POINT('',(-35.7529194812286,16.0577654230056,9.));
#4301=CARTESIAN_POINT('',(-35.7529194812286,-13.9422345769944,9.));
#4302=CARTESIAN_POINT('Origin',(-35.7529194812286,-13.9422345769944,0.));
#4303=CARTESIAN_POINT('',(44.2470805187714,-13.9422345769944,0.));
#4304=CARTESIAN_POINT('',(-35.7529194812286,-13.9422345769944,0.));
#4305=CARTESIAN_POINT('',(-5.75291948122862,-13.9422345769944,0.));
#4306=CARTESIAN_POINT('',(44.2470805187714,-13.9422345769944,9.));
#4307=CARTESIAN_POINT('',(44.2470805187714,-13.9422345769944,0.));
#4308=CARTESIAN_POINT('',(28.2470805187714,-13.9422345769944,9.));
#4309=CARTESIAN_POINT('',(32.2470805187714,-13.9422345769944,9.));
#4310=CARTESIAN_POINT('',(28.2470805187714,-13.9422345769944,0.6));
#4311=CARTESIAN_POINT('',(28.2470805187714,-13.9422345769944,0.));
#4312=CARTESIAN_POINT('',(-5.75291948122862,-13.9422345769944,0.6));
#4313=CARTESIAN_POINT('',(44.2470805187714,-13.9422345769944,0.6));
#4314=CARTESIAN_POINT('',(-5.75291948122862,-13.9422345769944,0.));
#4315=CARTESIAN_POINT('',(-35.7529194812286,-13.9422345769944,0.));
#4316=CARTESIAN_POINT('Origin',(-5.75291948122862,-13.9422345769944,0.));
#4317=CARTESIAN_POINT('',(-5.75291948122862,16.0577654230056,0.6));
#4318=CARTESIAN_POINT('',(-5.75291948122862,-6.44223457699443,0.6));
#4319=CARTESIAN_POINT('',(-5.75291948122862,16.0577654230056,0.));
#4320=CARTESIAN_POINT('Origin',(-5.75291948122862,16.0577654230056,0.));
#4321=CARTESIAN_POINT('',(-35.7529194812286,16.0577654230056,0.));
#4322=CARTESIAN_POINT('',(44.2470805187714,16.0577654230056,0.));
#4323=CARTESIAN_POINT('',(-5.75291948122862,16.0577654230056,0.));
#4324=CARTESIAN_POINT('',(-35.7529194812286,16.0577654230056,0.));
#4325=CARTESIAN_POINT('',(28.2470805187714,16.0577654230056,0.6));
#4326=CARTESIAN_POINT('',(-5.75291948122862,16.0577654230056,0.6));
#4327=CARTESIAN_POINT('',(28.2470805187714,16.0577654230056,9.));
#4328=CARTESIAN_POINT('',(28.2470805187714,16.0577654230056,0.));
#4329=CARTESIAN_POINT('',(44.2470805187714,16.0577654230056,9.));
#4330=CARTESIAN_POINT('',(40.2470805187714,16.0577654230056,9.));
#4331=CARTESIAN_POINT('',(44.2470805187714,16.0577654230056,0.));
#4332=CARTESIAN_POINT('Origin',(-35.7529194812286,16.0577654230056,0.));
#4333=CARTESIAN_POINT('',(-35.7529194812286,-13.9422345769944,0.));
#4334=CARTESIAN_POINT('Origin',(36.2470805187714,1.05776542300557,9.));
#4335=CARTESIAN_POINT('',(44.2470805187714,-6.44223457699443,9.));
#4336=CARTESIAN_POINT('',(28.2470805187714,8.55776542300557,9.));
#4337=CARTESIAN_POINT('',(33.7470805187714,1.05776542300556,9.));
#4338=CARTESIAN_POINT('Origin',(36.2470805187714,1.05776542300556,9.));
#4339=CARTESIAN_POINT('Origin',(44.2470805187714,-13.9422345769944,0.));
#4340=CARTESIAN_POINT('',(44.2470805187714,16.0577654230056,0.));
#4341=CARTESIAN_POINT('Origin',(36.2470805187714,1.05776542300556,0.));
#4342=CARTESIAN_POINT('',(33.7470805187714,1.05776542300556,0.));
#4343=CARTESIAN_POINT('',(33.7470805187714,1.05776542300556,0.));
#4344=CARTESIAN_POINT('Origin',(36.2470805187714,1.05776542300556,0.));
#4345=CARTESIAN_POINT('Origin',(28.2470805187714,16.0577654230056,0.));
#4346=CARTESIAN_POINT('',(28.2470805187714,16.0577654230056,0.6));
#4347=CARTESIAN_POINT('Origin',(-20.7529194812286,1.05776542300557,0.));
#4348=CARTESIAN_POINT('',(15.0946032894313,7.78852830531235,0.));
#4349=CARTESIAN_POINT('',(14.7036318083319,4.93727037501842,0.));
#4350=CARTESIAN_POINT('Ctrl Pts',(15.0946032894313,7.78852830531235,0.));
#4351=CARTESIAN_POINT('Ctrl Pts',(14.9847056766575,7.37345959905922,0.));
#4352=CARTESIAN_POINT('Ctrl Pts',(14.7375800562039,6.440098910189,0.));
#4353=CARTESIAN_POINT('Ctrl Pts',(14.7157525483971,5.4738339734094,0.));
#4354=CARTESIAN_POINT('Ctrl Pts',(14.7036318083319,4.93727037501842,0.));
#4355=CARTESIAN_POINT('',(15.6555806652871,0.862930922971725,0.));
#4356=CARTESIAN_POINT('Ctrl Pts',(14.7036318083319,4.93727037501842,0.));
#4357=CARTESIAN_POINT('Ctrl Pts',(14.7059309587106,4.10934318504714,0.));
#4358=CARTESIAN_POINT('Ctrl Pts',(14.7099283304873,2.66988415132345,0.));
#4359=CARTESIAN_POINT('Ctrl Pts',(15.3736210904301,1.40169950134205,0.));
#4360=CARTESIAN_POINT('Ctrl Pts',(15.6555806652871,0.862930922971725,0.));
#4361=CARTESIAN_POINT('',(17.9175126395438,-0.194587950452785,0.));
#4362=CARTESIAN_POINT('Ctrl Pts',(15.6555806652871,0.862930922971725,0.));
#4363=CARTESIAN_POINT('Ctrl Pts',(15.959648197294,0.557788064378935,0.));
#4364=CARTESIAN_POINT('Ctrl Pts',(16.5836281479803,-0.068398574491515,0.));
#4365=CARTESIAN_POINT('Ctrl Pts',(17.4654206131808,-0.151818721899166,0.));
#4366=CARTESIAN_POINT('Ctrl Pts',(17.9175126395438,-0.194587950452785,0.));
#4367=CARTESIAN_POINT('',(19.7406933099985,0.378842230640697,0.));
#4368=CARTESIAN_POINT('Ctrl Pts',(17.9175126395438,-0.194587950452785,0.));
#4369=CARTESIAN_POINT('Ctrl Pts',(18.261989837479,-0.177897485788143,0.));
#4370=CARTESIAN_POINT('Ctrl Pts',(18.921196834764,-0.145957864934223,0.));
#4371=CARTESIAN_POINT('Ctrl Pts',(19.4758712372422,0.209251935510888,0.));
#4372=CARTESIAN_POINT('Ctrl Pts',(19.7406933099985,0.378842230640697,0.));
#4373=CARTESIAN_POINT('',(20.8370706673702,2.04012102795731,0.));
#4374=CARTESIAN_POINT('Ctrl Pts',(19.7406933099985,0.378842230640697,0.));
#4375=CARTESIAN_POINT('Ctrl Pts',(19.9705267537961,0.602690113804381,0.));
#4376=CARTESIAN_POINT('Ctrl Pts',(20.4562415996326,1.07575547046084,0.));
#4377=CARTESIAN_POINT('Ctrl Pts',(20.7056688755339,1.7073749931207,0.));
#4378=CARTESIAN_POINT('Ctrl Pts',(20.8370706673702,2.04012102795731,0.));
#4379=CARTESIAN_POINT('',(21.2245072337508,4.87776833480007,0.));
#4380=CARTESIAN_POINT('Ctrl Pts',(20.8370706673702,2.04012102795731,0.));
#4381=CARTESIAN_POINT('Ctrl Pts',(20.9459759700818,2.45409145336934,0.));
#4382=CARTESIAN_POINT('Ctrl Pts',(21.1904086217305,3.38322792577351,0.));
#4383=CARTESIAN_POINT('Ctrl Pts',(21.2123446522095,4.34468301212816,0.));
#4384=CARTESIAN_POINT('Ctrl Pts',(21.2245072337508,4.87776833480007,0.));
#4385=CARTESIAN_POINT('',(21.0209800789816,7.24329839242024,0.));
#4386=CARTESIAN_POINT('Ctrl Pts',(21.2245072337508,4.87776833480007,0.));
#4387=CARTESIAN_POINT('Ctrl Pts',(21.2247886943765,5.32412639118854,0.));
#4388=CARTESIAN_POINT('Ctrl Pts',(21.2252899364547,6.11902777112449,0.));
#4389=CARTESIAN_POINT('Ctrl Pts',(21.0832575433314,6.9005996876036,0.));
#4390=CARTESIAN_POINT('Ctrl Pts',(21.0209800789816,7.24329839242024,0.));
#4391=CARTESIAN_POINT('',(20.4138372965771,8.73593971602974,0.));
#4392=CARTESIAN_POINT('Ctrl Pts',(21.0209800789816,7.24329839242024,0.));
#4393=CARTESIAN_POINT('Ctrl Pts',(20.9453874862803,7.51871890386531,0.));
#4394=CARTESIAN_POINT('Ctrl Pts',(20.8021425969611,8.04062957352624,0.));
#4395=CARTESIAN_POINT('Ctrl Pts',(20.5383991547315,8.51289582953583,0.));
#4396=CARTESIAN_POINT('Ctrl Pts',(20.4138372965771,8.73593971602974,0.));
#4397=CARTESIAN_POINT('',(19.4196770694091,9.67956637953685,0.));
#4398=CARTESIAN_POINT('Ctrl Pts',(20.4138372965771,8.73593971602974,0.));
#4399=CARTESIAN_POINT('Ctrl Pts',(20.2764099014733,8.92795030696216,0.));
#4400=CARTESIAN_POINT('Ctrl Pts',(20.0055045350926,9.30645343907942,0.));
#4401=CARTESIAN_POINT('Ctrl Pts',(19.613045723248,9.55641007285545,0.));
#4402=CARTESIAN_POINT('Ctrl Pts',(19.4196770694091,9.67956637953685,0.));
#4403=CARTESIAN_POINT('',(18.0106868430584,10.0164463561348,0.));
#4404=CARTESIAN_POINT('Ctrl Pts',(19.4196770694091,9.67956637953685,0.));
#4405=CARTESIAN_POINT('Ctrl Pts',(19.204858913262,9.775989916111,0.));
#4406=CARTESIAN_POINT('Ctrl Pts',(18.7569001381313,9.97706123201947,0.));
#4407=CARTESIAN_POINT('Ctrl Pts',(18.2661159786743,10.0029648110118,0.));
#4408=CARTESIAN_POINT('Ctrl Pts',(18.0106868430584,10.0164463561348,0.));
#4409=CARTESIAN_POINT('',(16.1943599683062,9.44636614312429,0.));
#4410=CARTESIAN_POINT('Ctrl Pts',(18.0106868430584,10.0164463561348,0.));
#4411=CARTESIAN_POINT('Ctrl Pts',(17.6680397434015,9.9997318341445,0.));
#4412=CARTESIAN_POINT('Ctrl Pts',(17.0116482348685,9.96771267999256,0.));
#4413=CARTESIAN_POINT('Ctrl Pts',(16.4586730603921,9.61497093147824,0.));
#4414=CARTESIAN_POINT('Ctrl Pts',(16.1943599683062,9.44636614312429,0.));
#4415=CARTESIAN_POINT('Ctrl Pts',(16.1943599683062,9.44636614312429,0.));
#4416=CARTESIAN_POINT('Ctrl Pts',(15.9643250593518,9.22338678062981,0.));
#4417=CARTESIAN_POINT('Ctrl Pts',(15.4777428425349,8.75172883532004,0.));
#4418=CARTESIAN_POINT('Ctrl Pts',(15.22687285701,8.12104974968877,0.));
#4419=CARTESIAN_POINT('Ctrl Pts',(15.0946032894313,7.78852830531235,0.));
#4420=CARTESIAN_POINT('',(11.4791636622232,1.43312194040376,0.));
#4421=CARTESIAN_POINT('',(11.4664043332934,0.0348170392994707,0.));
#4422=CARTESIAN_POINT('',(11.476109510182,1.09841501408951,0.));
#4423=CARTESIAN_POINT('',(12.8647092343977,0.0220577103696926,0.));
#4424=CARTESIAN_POINT('',(-4.64658308639131,0.181845706914656,0.));
#4425=CARTESIAN_POINT('',(12.8774685633275,1.42036261147399,0.));
#4426=CARTESIAN_POINT('',(12.8680347468214,0.386503234607584,0.));
#4427=CARTESIAN_POINT('',(-3.93467130690939,1.57377094355406,0.));
#4428=CARTESIAN_POINT('',(4.39466128208211,2.52100199647517,0.));
#4429=CARTESIAN_POINT('',(3.21363288891139,2.42263329230139,0.));
#4430=CARTESIAN_POINT('',(-8.15301854280445,1.47589672051483,0.));
#4431=CARTESIAN_POINT('',(4.09047200692547,0.583042372516887,0.));
#4432=CARTESIAN_POINT('Ctrl Pts',(3.21363288891139,2.42263329230139,0.));
#4433=CARTESIAN_POINT('Ctrl Pts',(3.27819589898599,2.0569384552431,0.));
#4434=CARTESIAN_POINT('Ctrl Pts',(3.40106482937659,1.3609899016239,0.));
#4435=CARTESIAN_POINT('Ctrl Pts',(3.8686061143765,0.833402433337915,0.));
#4436=CARTESIAN_POINT('Ctrl Pts',(4.09047200692547,0.583042372516887,0.));
#4437=CARTESIAN_POINT('',(6.00122854805194,-0.0858535905689273,0.));
#4438=CARTESIAN_POINT('Ctrl Pts',(4.09047200692547,0.583042372516887,0.));
#4439=CARTESIAN_POINT('Ctrl Pts',(4.36292781231941,0.390662123266607,0.));
#4440=CARTESIAN_POINT('Ctrl Pts',(4.93476110950306,-0.013107699449193,0.));
#4441=CARTESIAN_POINT('Ctrl Pts',(5.63475426780984,-0.0608556420849582,
0.));
#4442=CARTESIAN_POINT('Ctrl Pts',(6.00122854805194,-0.0858535905689273,
0.));
#4443=CARTESIAN_POINT('',(7.93357577374736,0.489991181337694,0.));
#4444=CARTESIAN_POINT('Ctrl Pts',(6.00122854805194,-0.0858535905689273,
0.));
#4445=CARTESIAN_POINT('Ctrl Pts',(6.35463395288418,-0.0667237022883294,
0.));
#4446=CARTESIAN_POINT('Ctrl Pts',(7.04543753031747,-0.0293303996408856,
0.));
#4447=CARTESIAN_POINT('Ctrl Pts',(7.6421385919488,0.319578952017321,0.));
#4448=CARTESIAN_POINT('Ctrl Pts',(7.93357577374736,0.489991181337694,0.));
#4449=CARTESIAN_POINT('',(9.18736460809921,2.2078170498494,0.));
#4450=CARTESIAN_POINT('Ctrl Pts',(7.93357577374736,0.489991181337694,0.));
#4451=CARTESIAN_POINT('Ctrl Pts',(8.1956248745779,0.716220059722883,0.));
#4452=CARTESIAN_POINT('Ctrl Pts',(8.74558712911297,1.19100643984529,0.));
#4453=CARTESIAN_POINT('Ctrl Pts',(9.03555976222385,1.85841766830937,0.));
#4454=CARTESIAN_POINT('Ctrl Pts',(9.18736460809921,2.2078170498494,0.));
#4455=CARTESIAN_POINT('',(9.63129820460965,5.25641762703267,0.));
#4456=CARTESIAN_POINT('Ctrl Pts',(9.18736460809921,2.2078170498494,0.));
#4457=CARTESIAN_POINT('Ctrl Pts',(9.3123315631832,2.64788600485176,0.));
#4458=CARTESIAN_POINT('Ctrl Pts',(9.59495044594467,3.64312347636721,0.));
#4459=CARTESIAN_POINT('Ctrl Pts',(9.61828281934126,4.67873015211324,0.));
#4460=CARTESIAN_POINT('Ctrl Pts',(9.63129820460965,5.25641762703267,0.));
#4461=CARTESIAN_POINT('',(9.23748110999628,8.07390740580994,0.));
#4462=CARTESIAN_POINT('Ctrl Pts',(9.63129820460965,5.25641762703267,0.));
#4463=CARTESIAN_POINT('Ctrl Pts',(9.63087734711128,5.80269940177885,0.));
#4464=CARTESIAN_POINT('Ctrl Pts',(9.63013836552274,6.76191285349882,0.));
#4465=CARTESIAN_POINT('Ctrl Pts',(9.35564690427696,7.67907736973201,0.));
#4466=CARTESIAN_POINT('Ctrl Pts',(9.23748110999628,8.07390740580994,0.));
#4467=CARTESIAN_POINT('',(8.02336338679687,9.58231944678458,0.));
#4468=CARTESIAN_POINT('Ctrl Pts',(9.23748110999628,8.07390740580994,0.));
#4469=CARTESIAN_POINT('Ctrl Pts',(9.08773291394219,8.37835834362251,0.));
#4470=CARTESIAN_POINT('Ctrl Pts',(8.79553538058039,8.97242101284081,0.));
#4471=CARTESIAN_POINT('Ctrl Pts',(8.27643178835376,9.38243389922163,0.));
#4472=CARTESIAN_POINT('Ctrl Pts',(8.02336338679687,9.58231944678458,0.));
#4473=CARTESIAN_POINT('',(6.24446460866564,10.1238114233894,0.));
#4474=CARTESIAN_POINT('Ctrl Pts',(8.02336338679687,9.58231944678458,0.));
#4475=CARTESIAN_POINT('Ctrl Pts',(7.74786031568798,9.73803371081149,0.));
#4476=CARTESIAN_POINT('Ctrl Pts',(7.19511548424429,10.0504449455629,0.));
#4477=CARTESIAN_POINT('Ctrl Pts',(6.56201205439544,10.0993047004331,0.));
#4478=CARTESIAN_POINT('Ctrl Pts',(6.24446460866564,10.1238114233894,0.));
#4479=CARTESIAN_POINT('',(3.98848098429893,9.21666507773565,0.));
#4480=CARTESIAN_POINT('Ctrl Pts',(6.24446460866564,10.1238114233894,0.));
#4481=CARTESIAN_POINT('Ctrl Pts',(5.81482380775411,10.0911041481469,0.));
#4482=CARTESIAN_POINT('Ctrl Pts',(4.96645494351543,10.0265203518898,0.));
#4483=CARTESIAN_POINT('Ctrl Pts',(4.31166473845244,9.48429190496923,0.));
#4484=CARTESIAN_POINT('Ctrl Pts',(3.98848098429893,9.21666507773565,0.));
#4485=CARTESIAN_POINT('',(3.06917529598583,6.77611092438876,0.));
#4486=CARTESIAN_POINT('Ctrl Pts',(3.98848098429893,9.21666507773565,0.));
#4487=CARTESIAN_POINT('Ctrl Pts',(3.72387258905152,8.87440504639749,0.));
#4488=CARTESIAN_POINT('Ctrl Pts',(3.16923285837144,8.15700146051932,0.));
#4489=CARTESIAN_POINT('Ctrl Pts',(3.10353166215378,7.25026180080439,0.));
#4490=CARTESIAN_POINT('Ctrl Pts',(3.06917529598583,6.77611092438876,0.));
#4491=CARTESIAN_POINT('',(3.90696147393542,4.39456118611838,0.));
#4492=CARTESIAN_POINT('Ctrl Pts',(3.06917529598583,6.77611092438876,0.));
#4493=CARTESIAN_POINT('Ctrl Pts',(3.09358040310279,6.31645149815917,0.));
#4494=CARTESIAN_POINT('Ctrl Pts',(3.14020413346152,5.43831410492103,0.));
#4495=CARTESIAN_POINT('Ctrl Pts',(3.65949328647746,4.73142870513086,0.));
#4496=CARTESIAN_POINT('Ctrl Pts',(3.90696147393542,4.39456118611838,0.));
#4497=CARTESIAN_POINT('',(5.99961320216237,3.47501933709614,0.));
#4498=CARTESIAN_POINT('Ctrl Pts',(3.90696147393542,4.39456118611838,0.));
#4499=CARTESIAN_POINT('Ctrl Pts',(4.20680762748116,4.1291951845852,0.));
#4500=CARTESIAN_POINT('Ctrl Pts',(4.80605092355876,3.59886055949412,0.));
#4501=CARTESIAN_POINT('Ctrl Pts',(5.60195789944675,3.51627911856222,0.));
#4502=CARTESIAN_POINT('Ctrl Pts',(5.99961320216237,3.47501933709614,0.));
#4503=CARTESIAN_POINT('',(7.38419519928864,3.8273387986148,0.));
#4504=CARTESIAN_POINT('Ctrl Pts',(5.99961320216237,3.47501933709614,0.));
#4505=CARTESIAN_POINT('Ctrl Pts',(6.24284328266114,3.487816987696,0.));
#4506=CARTESIAN_POINT('Ctrl Pts',(6.72780168773536,3.51333327339092,0.));
#4507=CARTESIAN_POINT('Ctrl Pts',(7.16584952523668,3.7228865960042,0.));
#4508=CARTESIAN_POINT('Ctrl Pts',(7.38419519928864,3.8273387986148,0.));
#4509=CARTESIAN_POINT('',(8.39897509625562,4.76968717828058,0.));
#4510=CARTESIAN_POINT('Ctrl Pts',(7.38419519928864,3.8273387986148,0.));
#4511=CARTESIAN_POINT('Ctrl Pts',(7.58575396814145,3.95483616337561,0.));
#4512=CARTESIAN_POINT('Ctrl Pts',(7.98274252754491,4.20595396614953,0.));
#4513=CARTESIAN_POINT('Ctrl Pts',(8.26166631145888,4.58372017779562,0.));
#4514=CARTESIAN_POINT('Ctrl Pts',(8.39897509625562,4.76968717828058,0.));
#4515=CARTESIAN_POINT('',(8.40355530915823,4.52406938939199,0.));
#4516=CARTESIAN_POINT('Ctrl Pts',(8.39897509625562,4.76968717828058,0.));
#4517=CARTESIAN_POINT('Ctrl Pts',(8.400509889604,4.72192924756297,0.));
#4518=CARTESIAN_POINT('Ctrl Pts',(8.40314041850831,4.6400754805427,0.));
#4519=CARTESIAN_POINT('Ctrl Pts',(8.40343330750166,4.55818183635715,0.));
#4520=CARTESIAN_POINT('Ctrl Pts',(8.40355530915823,4.52406938939199,0.));
#4521=CARTESIAN_POINT('',(8.20569526290194,3.02513012445323,0.));
#4522=CARTESIAN_POINT('Ctrl Pts',(8.40355530915823,4.52406938939199,0.));
#4523=CARTESIAN_POINT('Ctrl Pts',(8.39361720788566,4.2708138811997,0.));
#4524=CARTESIAN_POINT('Ctrl Pts',(8.37377137745274,3.76507684613207,0.));
#4525=CARTESIAN_POINT('Ctrl Pts',(8.26166344432488,3.27152725513958,0.));
#4526=CARTESIAN_POINT('Ctrl Pts',(8.20569526290194,3.02513012445323,0.));
#4527=CARTESIAN_POINT('',(7.7380142585461,1.85949930988878,0.));
#4528=CARTESIAN_POINT('Ctrl Pts',(8.20569526290194,3.02513012445323,0.));
#4529=CARTESIAN_POINT('Ctrl Pts',(8.14398725377517,2.80177177804997,0.));
#4530=CARTESIAN_POINT('Ctrl Pts',(8.03170115726245,2.39534095657217,0.));
#4531=CARTESIAN_POINT('Ctrl Pts',(7.82921983408642,2.02590695693684,0.));
#4532=CARTESIAN_POINT('Ctrl Pts',(7.7380142585461,1.85949930988878,0.));
#4533=CARTESIAN_POINT('',(7.0325446810015,1.17354739267321,0.));
#4534=CARTESIAN_POINT('Ctrl Pts',(7.7380142585461,1.85949930988878,0.));
#4535=CARTESIAN_POINT('Ctrl Pts',(7.63990502492327,1.72354610204531,0.));
#4536=CARTESIAN_POINT('Ctrl Pts',(7.44498911831039,1.45344468768086,0.));
#4537=CARTESIAN_POINT('Ctrl Pts',(7.16941229619766,1.26642990435772,0.));
#4538=CARTESIAN_POINT('Ctrl Pts',(7.0325446810015,1.17354739267321,0.));
#4539=CARTESIAN_POINT('',(6.03772424479197,0.923405514304414,0.));
#4540=CARTESIAN_POINT('Ctrl Pts',(7.0325446810015,1.17354739267321,0.));
#4541=CARTESIAN_POINT('Ctrl Pts',(6.88096658646878,1.09934812215736,0.));
#4542=CARTESIAN_POINT('Ctrl Pts',(6.56734427993761,0.945826292806975,0.));
#4543=CARTESIAN_POINT('Ctrl Pts',(6.21814867642752,0.931043549026871,0.));
#4544=CARTESIAN_POINT('Ctrl Pts',(6.03772424479197,0.923405514304414,0.));
#4545=CARTESIAN_POINT('',(4.95660863274154,1.30845686337774,0.));
#4546=CARTESIAN_POINT('Ctrl Pts',(6.03772424479197,0.923405514304414,0.));
#4547=CARTESIAN_POINT('Ctrl Pts',(5.83061146712092,0.938034986062177,0.));
#4548=CARTESIAN_POINT('Ctrl Pts',(5.43358685368213,0.966078936004582,0.));
#4549=CARTESIAN_POINT('Ctrl Pts',(5.11094188241877,1.19767549888472,0.));
#4550=CARTESIAN_POINT('Ctrl Pts',(4.95660863274154,1.30845686337774,0.));
#4551=CARTESIAN_POINT('Ctrl Pts',(4.95660863274154,1.30845686337774,0.));
#4552=CARTESIAN_POINT('Ctrl Pts',(4.82650600146623,1.46618393092507,0.));
#4553=CARTESIAN_POINT('Ctrl Pts',(4.53488747906543,1.81972124166118,0.));
#4554=CARTESIAN_POINT('Ctrl Pts',(4.44464371221503,2.27103646160995,0.));
#4555=CARTESIAN_POINT('Ctrl Pts',(4.39466128208211,2.52100199647517,0.));
#4556=CARTESIAN_POINT('Origin',(11.2470805187714,1.05776542300557,0.6));
#4557=CARTESIAN_POINT('',(14.7036318083319,4.93727037501842,0.6));
#4558=CARTESIAN_POINT('',(15.0946032894313,7.78852830531235,0.6));
#4559=CARTESIAN_POINT('Ctrl Pts',(14.7036318083319,4.93727037501842,0.6));
#4560=CARTESIAN_POINT('Ctrl Pts',(14.7157525483971,5.4738339734094,0.6));
#4561=CARTESIAN_POINT('Ctrl Pts',(14.7278732884622,6.01039757180037,0.6));
#4562=CARTESIAN_POINT('Ctrl Pts',(14.8094656642466,6.53681500475072,0.6));
#4563=CARTESIAN_POINT('Ctrl Pts',(14.8748080638838,6.9583908928061,0.6));
#4564=CARTESIAN_POINT('Ctrl Pts',(14.9847056766575,7.37345959905922,0.6));
#4565=CARTESIAN_POINT('Ctrl Pts',(15.0946032894313,7.78852830531235,0.6));
#4566=CARTESIAN_POINT('',(16.1943599683062,9.44636614312429,0.6));
#4567=CARTESIAN_POINT('Ctrl Pts',(15.0946032894313,7.78852830531235,0.6));
#4568=CARTESIAN_POINT('Ctrl Pts',(15.22687285701,8.12104974968877,0.6));
#4569=CARTESIAN_POINT('Ctrl Pts',(15.3591424245888,8.4535711940652,0.6));
#4570=CARTESIAN_POINT('Ctrl Pts',(15.5569366221172,8.74188703520831,0.6));
#4571=CARTESIAN_POINT('Ctrl Pts',(15.7342901503973,9.00040741813532,0.6));
#4572=CARTESIAN_POINT('Ctrl Pts',(15.9643250593518,9.22338678062981,0.6));
#4573=CARTESIAN_POINT('Ctrl Pts',(16.1943599683062,9.44636614312429,0.6));
#4574=CARTESIAN_POINT('',(18.0106868430584,10.0164463561348,0.6));
#4575=CARTESIAN_POINT('Ctrl Pts',(16.1943599683062,9.44636614312429,0.6));
#4576=CARTESIAN_POINT('Ctrl Pts',(16.4586730603921,9.61497093147824,0.6));
#4577=CARTESIAN_POINT('Ctrl Pts',(16.7229861524779,9.78357571983219,0.6));
#4578=CARTESIAN_POINT('Ctrl Pts',(17.0109266057723,9.87890554003083,0.6));
#4579=CARTESIAN_POINT('Ctrl Pts',(17.3253926437446,9.98301731215419,0.6));
#4580=CARTESIAN_POINT('Ctrl Pts',(17.6680397434015,9.9997318341445,0.6));
#4581=CARTESIAN_POINT('Ctrl Pts',(18.0106868430584,10.0164463561348,0.6));
#4582=CARTESIAN_POINT('',(19.4196770694091,9.67956637953685,0.6));
#4583=CARTESIAN_POINT('Ctrl Pts',(18.0106868430584,10.0164463561348,0.6));
#4584=CARTESIAN_POINT('Ctrl Pts',(18.2661159786743,10.0029648110118,0.6));
#4585=CARTESIAN_POINT('Ctrl Pts',(18.5215451142901,9.98948326588883,0.6));
#4586=CARTESIAN_POINT('Ctrl Pts',(18.7653741678172,9.92855415760954,0.6));
#4587=CARTESIAN_POINT('Ctrl Pts',(18.9900407571149,9.87241345268516,0.6));
#4588=CARTESIAN_POINT('Ctrl Pts',(19.204858913262,9.775989916111,0.6));
#4589=CARTESIAN_POINT('Ctrl Pts',(19.4196770694091,9.67956637953685,0.6));
#4590=CARTESIAN_POINT('',(20.4138372965771,8.73593971602974,0.6));
#4591=CARTESIAN_POINT('Ctrl Pts',(19.4196770694091,9.67956637953685,0.6));
#4592=CARTESIAN_POINT('Ctrl Pts',(19.613045723248,9.55641007285545,0.6));
#4593=CARTESIAN_POINT('Ctrl Pts',(19.8064143770868,9.43325376617406,0.6));
#4594=CARTESIAN_POINT('Ctrl Pts',(19.9702742511123,9.27889101938858,0.6));
#4595=CARTESIAN_POINT('Ctrl Pts',(20.1389825063694,9.11996089789458,0.6));
#4596=CARTESIAN_POINT('Ctrl Pts',(20.2764099014733,8.92795030696216,0.6));
#4597=CARTESIAN_POINT('Ctrl Pts',(20.4138372965771,8.73593971602974,0.6));
#4598=CARTESIAN_POINT('',(21.0209800789816,7.24329839242024,0.6));
#4599=CARTESIAN_POINT('Ctrl Pts',(20.4138372965771,8.73593971602974,0.6));
#4600=CARTESIAN_POINT('Ctrl Pts',(20.5383991547315,8.51289582953583,0.6));
#4601=CARTESIAN_POINT('Ctrl Pts',(20.6629610128859,8.28985194304192,0.6));
#4602=CARTESIAN_POINT('Ctrl Pts',(20.7606453848294,8.0557347530839,0.6));
#4603=CARTESIAN_POINT('Ctrl Pts',(20.8697948935789,7.79413941531039,0.6));
#4604=CARTESIAN_POINT('Ctrl Pts',(20.9453874862803,7.51871890386531,0.6));
#4605=CARTESIAN_POINT('Ctrl Pts',(21.0209800789816,7.24329839242024,0.6));
#4606=CARTESIAN_POINT('',(21.2245072337508,4.87776833480007,0.6));
#4607=CARTESIAN_POINT('Ctrl Pts',(21.0209800789816,7.24329839242024,0.6));
#4608=CARTESIAN_POINT('Ctrl Pts',(21.0832575433314,6.9005996876036,0.6));
#4609=CARTESIAN_POINT('Ctrl Pts',(21.1455350076812,6.55790098278697,0.6));
#4610=CARTESIAN_POINT('Ctrl Pts',(21.1804090754409,6.21263956655892,0.6));
#4611=CARTESIAN_POINT('Ctrl Pts',(21.2250701550022,5.77048444757701,0.6));
#4612=CARTESIAN_POINT('Ctrl Pts',(21.2247886943765,5.32412639118854,0.6));
#4613=CARTESIAN_POINT('Ctrl Pts',(21.2245072337508,4.87776833480007,0.6));
#4614=CARTESIAN_POINT('',(20.8370706673702,2.04012102795731,0.6));
#4615=CARTESIAN_POINT('Ctrl Pts',(21.2245072337508,4.87776833480007,0.6));
#4616=CARTESIAN_POINT('Ctrl Pts',(21.2123446522095,4.34468301212816,0.6));
#4617=CARTESIAN_POINT('Ctrl Pts',(21.2001820706682,3.81159768945626,0.6));
#4618=CARTESIAN_POINT('Ctrl Pts',(21.1196190534053,3.28844783126249,0.6));
#4619=CARTESIAN_POINT('Ctrl Pts',(21.0548812727934,2.86806187878137,0.6));
#4620=CARTESIAN_POINT('Ctrl Pts',(20.9459759700818,2.45409145336934,0.6));
#4621=CARTESIAN_POINT('Ctrl Pts',(20.8370706673702,2.04012102795731,0.6));
#4622=CARTESIAN_POINT('',(19.7406933099985,0.378842230640697,0.6));
#4623=CARTESIAN_POINT('Ctrl Pts',(20.8370706673702,2.04012102795731,0.6));
#4624=CARTESIAN_POINT('Ctrl Pts',(20.7056688755339,1.7073749931207,0.6));
#4625=CARTESIAN_POINT('Ctrl Pts',(20.5742670836977,1.37462895828409,0.6));
#4626=CARTESIAN_POINT('Ctrl Pts',(20.3772876850476,1.08588694261669,0.6));
#4627=CARTESIAN_POINT('Ctrl Pts',(20.2003601975937,0.826537996968066,0.6));
#4628=CARTESIAN_POINT('Ctrl Pts',(19.9705267537961,0.602690113804381,0.6));
#4629=CARTESIAN_POINT('Ctrl Pts',(19.7406933099985,0.378842230640697,0.6));
#4630=CARTESIAN_POINT('',(17.9175126395438,-0.194587950452785,0.6));
#4631=CARTESIAN_POINT('Ctrl Pts',(19.7406933099985,0.378842230640697,0.6));
#4632=CARTESIAN_POINT('Ctrl Pts',(19.4758712372422,0.209251935510888,0.6));
#4633=CARTESIAN_POINT('Ctrl Pts',(19.2110491644859,0.0396616403810841,0.6));
#4634=CARTESIAN_POINT('Ctrl Pts',(18.9223992973623,-0.0562404871621437,
0.6));
#4635=CARTESIAN_POINT('Ctrl Pts',(18.6064670354141,-0.161207021123503,0.6));
#4636=CARTESIAN_POINT('Ctrl Pts',(18.261989837479,-0.177897485788143,0.6));
#4637=CARTESIAN_POINT('Ctrl Pts',(17.9175126395438,-0.194587950452785,0.6));
#4638=CARTESIAN_POINT('',(15.6555806652871,0.862930922971725,0.6));
#4639=CARTESIAN_POINT('Ctrl Pts',(17.9175126395438,-0.194587950452785,0.6));
#4640=CARTESIAN_POINT('Ctrl Pts',(17.4654206131808,-0.151818721899166,0.6));
#4641=CARTESIAN_POINT('Ctrl Pts',(17.0133285868179,-0.109049493345549,0.6));
#4642=CARTESIAN_POINT('Ctrl Pts',(16.6290046000332,0.0763901604373753,0.6));
#4643=CARTESIAN_POINT('Ctrl Pts',(16.2637157293008,0.252645205786144,0.6));
#4644=CARTESIAN_POINT('Ctrl Pts',(15.959648197294,0.557788064378935,0.6));
#4645=CARTESIAN_POINT('Ctrl Pts',(15.6555806652871,0.862930922971725,0.6));
#4646=CARTESIAN_POINT('Ctrl Pts',(15.6555806652871,0.862930922971725,0.6));
#4647=CARTESIAN_POINT('Ctrl Pts',(15.3736210904301,1.40169950134205,0.6));
#4648=CARTESIAN_POINT('Ctrl Pts',(15.091661515573,1.94046807971237,0.6));
#4649=CARTESIAN_POINT('Ctrl Pts',(14.9287666297401,2.51014900278585,0.6));
#4650=CARTESIAN_POINT('Ctrl Pts',(14.7082301090892,3.28141599507585,0.6));
#4651=CARTESIAN_POINT('Ctrl Pts',(14.7059309587106,4.10934318504714,0.6));
#4652=CARTESIAN_POINT('Ctrl Pts',(14.7036318083319,4.93727037501842,0.6));
#4653=CARTESIAN_POINT('',(11.4664043332934,0.0348170392994707,0.6));
#4654=CARTESIAN_POINT('',(11.4791636622232,1.43312194040376,0.6));
#4655=CARTESIAN_POINT('',(11.4774416068155,1.24440053273862,0.6));
#4656=CARTESIAN_POINT('',(12.8774685633275,1.42036261147399,0.6));
#4657=CARTESIAN_POINT('',(12.0639965964571,1.42778542490492,0.6));
#4658=CARTESIAN_POINT('',(12.8647092343977,0.0220577103696926,0.6));
#4659=CARTESIAN_POINT('',(12.8693668434549,0.5324887532567,0.6));
#4660=CARTESIAN_POINT('',(11.3520848169751,0.0358601882655122,0.6));
#4661=CARTESIAN_POINT('',(3.21363288891139,2.42263329230139,0.6));
#4662=CARTESIAN_POINT('',(4.39466128208211,2.52100199647517,0.6));
#4663=CARTESIAN_POINT('',(7.73674867761893,2.79936685902678,0.6));
#4664=CARTESIAN_POINT('',(4.95660863274154,1.30845686337774,0.6));
#4665=CARTESIAN_POINT('Ctrl Pts',(4.39466128208211,2.52100199647517,0.6));
#4666=CARTESIAN_POINT('Ctrl Pts',(4.44464371221503,2.27103646160995,0.6));
#4667=CARTESIAN_POINT('Ctrl Pts',(4.49462614234795,2.02107092674472,0.6));
#4668=CARTESIAN_POINT('Ctrl Pts',(4.6063825167222,1.80109985218425,0.6));
#4669=CARTESIAN_POINT('Ctrl Pts',(4.69640337019092,1.6239109984724,0.6));
#4670=CARTESIAN_POINT('Ctrl Pts',(4.82650600146623,1.46618393092507,0.6));
#4671=CARTESIAN_POINT('Ctrl Pts',(4.95660863274154,1.30845686337774,0.6));
#4672=CARTESIAN_POINT('',(6.03772424479197,0.923405514304414,0.6));
#4673=CARTESIAN_POINT('Ctrl Pts',(4.95660863274154,1.30845686337774,0.6));
#4674=CARTESIAN_POINT('Ctrl Pts',(5.11094188241877,1.19767549888472,0.6));
#4675=CARTESIAN_POINT('Ctrl Pts',(5.26527513209601,1.08689413439168,0.6));
#4676=CARTESIAN_POINT('Ctrl Pts',(5.43662696039473,1.02268702120679,0.6));
#4677=CARTESIAN_POINT('Ctrl Pts',(5.62349868944988,0.952664457819939,0.6));
#4678=CARTESIAN_POINT('Ctrl Pts',(5.83061146712092,0.938034986062177,0.6));
#4679=CARTESIAN_POINT('Ctrl Pts',(6.03772424479197,0.923405514304414,0.6));
#4680=CARTESIAN_POINT('',(7.0325446810015,1.17354739267321,0.6));
#4681=CARTESIAN_POINT('Ctrl Pts',(6.03772424479197,0.923405514304414,0.6));
#4682=CARTESIAN_POINT('Ctrl Pts',(6.21814867642752,0.931043549026871,0.6));
#4683=CARTESIAN_POINT('Ctrl Pts',(6.39857310806308,0.938681583749328,0.6));
#4684=CARTESIAN_POINT('Ctrl Pts',(6.56950074005962,0.98335799865178,0.6));
#4685=CARTESIAN_POINT('Ctrl Pts',(6.72938849193607,1.02514885164152,0.6));
#4686=CARTESIAN_POINT('Ctrl Pts',(6.88096658646878,1.09934812215736,0.6));
#4687=CARTESIAN_POINT('Ctrl Pts',(7.0325446810015,1.17354739267321,0.6));
#4688=CARTESIAN_POINT('',(7.7380142585461,1.85949930988878,0.6));
#4689=CARTESIAN_POINT('Ctrl Pts',(7.0325446810015,1.17354739267321,0.6));
#4690=CARTESIAN_POINT('Ctrl Pts',(7.16941229619766,1.26642990435772,0.6));
#4691=CARTESIAN_POINT('Ctrl Pts',(7.30627991139382,1.35931241604222,0.6));
#4692=CARTESIAN_POINT('Ctrl Pts',(7.42325091271575,1.47268989242797,0.6));
#4693=CARTESIAN_POINT('Ctrl Pts',(7.54179579130043,1.58759289420183,0.6));
#4694=CARTESIAN_POINT('Ctrl Pts',(7.63990502492327,1.72354610204531,0.6));
#4695=CARTESIAN_POINT('Ctrl Pts',(7.7380142585461,1.85949930988878,0.6));
#4696=CARTESIAN_POINT('',(8.20569526290194,3.02513012445323,0.6));
#4697=CARTESIAN_POINT('Ctrl Pts',(7.7380142585461,1.85949930988878,0.6));
#4698=CARTESIAN_POINT('Ctrl Pts',(7.82921983408642,2.02590695693684,0.6));
#4699=CARTESIAN_POINT('Ctrl Pts',(7.92042540962673,2.19231460398489,0.6));
#4700=CARTESIAN_POINT('Ctrl Pts',(7.99333076180938,2.36622874697833,0.6));
#4701=CARTESIAN_POINT('Ctrl Pts',(8.08227924464839,2.57841343164672,0.6));
#4702=CARTESIAN_POINT('Ctrl Pts',(8.14398725377517,2.80177177804997,0.6));
#4703=CARTESIAN_POINT('Ctrl Pts',(8.20569526290194,3.02513012445323,0.6));
#4704=CARTESIAN_POINT('',(8.40355530915823,4.52406938939199,0.6));
#4705=CARTESIAN_POINT('Ctrl Pts',(8.20569526290194,3.02513012445323,0.6));
#4706=CARTESIAN_POINT('Ctrl Pts',(8.26166344432488,3.27152725513958,0.6));
#4707=CARTESIAN_POINT('Ctrl Pts',(8.31763162574781,3.51792438582592,0.6));
#4708=CARTESIAN_POINT('Ctrl Pts',(8.35060482655939,3.76735905881863,0.6));
#4709=CARTESIAN_POINT('Ctrl Pts',(8.3836791066131,4.01755837300741,0.6));
#4710=CARTESIAN_POINT('Ctrl Pts',(8.39361720788566,4.2708138811997,0.6));
#4711=CARTESIAN_POINT('Ctrl Pts',(8.40355530915823,4.52406938939199,0.6));
#4712=CARTESIAN_POINT('',(8.39897509625562,4.76968717828058,0.6));
#4713=CARTESIAN_POINT('Ctrl Pts',(8.40355530915823,4.52406938939199,0.6));
#4714=CARTESIAN_POINT('Ctrl Pts',(8.40343330750166,4.55818183635715,0.6));
#4715=CARTESIAN_POINT('Ctrl Pts',(8.4033113058451,4.59229428332231,0.6));
#4716=CARTESIAN_POINT('Ctrl Pts',(8.40278369950052,4.6263998111871,0.6));
#4717=CARTESIAN_POINT('Ctrl Pts',(8.40204468295238,4.67417131684535,0.6));
#4718=CARTESIAN_POINT('Ctrl Pts',(8.400509889604,4.72192924756297,0.6));
#4719=CARTESIAN_POINT('Ctrl Pts',(8.39897509625562,4.76968717828058,0.6));
#4720=CARTESIAN_POINT('',(7.38419519928864,3.8273387986148,0.6));
#4721=CARTESIAN_POINT('Ctrl Pts',(8.39897509625562,4.76968717828058,0.6));
#4722=CARTESIAN_POINT('Ctrl Pts',(8.26166631145888,4.58372017779562,0.6));
#4723=CARTESIAN_POINT('Ctrl Pts',(8.12435752666213,4.39775317731066,0.6));
#4724=CARTESIAN_POINT('Ctrl Pts',(7.95843689471758,4.24247818382897,0.6));
#4725=CARTESIAN_POINT('Ctrl Pts',(7.78731273699426,4.08233352813643,0.6));
#4726=CARTESIAN_POINT('Ctrl Pts',(7.58575396814145,3.95483616337561,0.6));
#4727=CARTESIAN_POINT('Ctrl Pts',(7.38419519928864,3.8273387986148,0.6));
#4728=CARTESIAN_POINT('',(5.99961320216237,3.47501933709614,0.6));
#4729=CARTESIAN_POINT('Ctrl Pts',(7.38419519928864,3.8273387986148,0.6));
#4730=CARTESIAN_POINT('Ctrl Pts',(7.16584952523668,3.7228865960042,0.6));
#4731=CARTESIAN_POINT('Ctrl Pts',(6.94750385118472,3.61843439339359,0.6));
#4732=CARTESIAN_POINT('Ctrl Pts',(6.71750305604188,3.5597069402684,0.6));
#4733=CARTESIAN_POINT('Ctrl Pts',(6.48607336315991,3.50061463829586,0.6));
#4734=CARTESIAN_POINT('Ctrl Pts',(6.24284328266114,3.487816987696,0.6));
#4735=CARTESIAN_POINT('Ctrl Pts',(5.99961320216237,3.47501933709614,0.6));
#4736=CARTESIAN_POINT('',(3.90696147393542,4.39456118611838,0.6));
#4737=CARTESIAN_POINT('Ctrl Pts',(5.99961320216237,3.47501933709614,0.6));
#4738=CARTESIAN_POINT('Ctrl Pts',(5.60195789944675,3.51627911856222,0.6));
#4739=CARTESIAN_POINT('Ctrl Pts',(5.20430259673113,3.5575389000283,0.6));
#4740=CARTESIAN_POINT('Ctrl Pts',(4.85573956185065,3.71056929039365,0.6));
#4741=CARTESIAN_POINT('Ctrl Pts',(4.50665378102689,3.86382918305201,0.6));
#4742=CARTESIAN_POINT('Ctrl Pts',(4.20680762748116,4.1291951845852,0.6));
#4743=CARTESIAN_POINT('Ctrl Pts',(3.90696147393542,4.39456118611838,0.6));
#4744=CARTESIAN_POINT('',(3.06917529598583,6.77611092438876,0.6));
#4745=CARTESIAN_POINT('Ctrl Pts',(3.90696147393542,4.39456118611838,0.6));
#4746=CARTESIAN_POINT('Ctrl Pts',(3.65949328647746,4.73142870513086,0.6));
#4747=CARTESIAN_POINT('Ctrl Pts',(3.41202509901949,5.06829622414334,0.6));
#4748=CARTESIAN_POINT('Ctrl Pts',(3.27189999981695,5.44405535012648,0.6));
#4749=CARTESIAN_POINT('Ctrl Pts',(3.11798551021974,5.85679207192959,0.6));
#4750=CARTESIAN_POINT('Ctrl Pts',(3.09358040310279,6.31645149815917,0.6));
#4751=CARTESIAN_POINT('Ctrl Pts',(3.06917529598583,6.77611092438876,0.6));
#4752=CARTESIAN_POINT('',(3.98848098429893,9.21666507773565,0.6));
#4753=CARTESIAN_POINT('Ctrl Pts',(3.06917529598583,6.77611092438876,0.6));
#4754=CARTESIAN_POINT('Ctrl Pts',(3.10353166215378,7.25026180080439,0.6));
#4755=CARTESIAN_POINT('Ctrl Pts',(3.13788802832172,7.72441267722003,0.6));
#4756=CARTESIAN_POINT('Ctrl Pts',(3.30594154720109,8.14679080063437,0.6));
#4757=CARTESIAN_POINT('Ctrl Pts',(3.45926419380412,8.53214501505932,0.6));
#4758=CARTESIAN_POINT('Ctrl Pts',(3.72387258905152,8.87440504639749,0.6));
#4759=CARTESIAN_POINT('Ctrl Pts',(3.98848098429893,9.21666507773565,0.6));
#4760=CARTESIAN_POINT('',(6.24446460866564,10.1238114233894,0.6));
#4761=CARTESIAN_POINT('Ctrl Pts',(3.98848098429893,9.21666507773565,0.6));
#4762=CARTESIAN_POINT('Ctrl Pts',(4.31166473845244,9.48429190496923,0.6));
#4763=CARTESIAN_POINT('Ctrl Pts',(4.63484849260596,9.75191873220281,0.6));
#4764=CARTESIAN_POINT('Ctrl Pts',(5.00518989861191,9.90318665788661,0.6));
#4765=CARTESIAN_POINT('Ctrl Pts',(5.38518300684258,10.0583968729044,0.6));
#4766=CARTESIAN_POINT('Ctrl Pts',(5.81482380775411,10.0911041481469,0.6));
#4767=CARTESIAN_POINT('Ctrl Pts',(6.24446460866564,10.1238114233894,0.6));
#4768=CARTESIAN_POINT('',(8.02336338679687,9.58231944678458,0.6));
#4769=CARTESIAN_POINT('Ctrl Pts',(6.24446460866564,10.1238114233894,0.6));
#4770=CARTESIAN_POINT('Ctrl Pts',(6.56201205439544,10.0993047004331,0.6));
#4771=CARTESIAN_POINT('Ctrl Pts',(6.87955950012523,10.0747979774767,0.6));
#4772=CARTESIAN_POINT('Ctrl Pts',(7.17689071128396,9.98398822479398,0.6));
#4773=CARTESIAN_POINT('Ctrl Pts',(7.47235724457908,9.89374797483839,0.6));
#4774=CARTESIAN_POINT('Ctrl Pts',(7.74786031568798,9.73803371081149,0.6));
#4775=CARTESIAN_POINT('Ctrl Pts',(8.02336338679687,9.58231944678458,0.6));
#4776=CARTESIAN_POINT('',(9.23748110999628,8.07390740580994,0.6));
#4777=CARTESIAN_POINT('Ctrl Pts',(8.02336338679687,9.58231944678458,0.6));
#4778=CARTESIAN_POINT('Ctrl Pts',(8.27643178835376,9.38243389922163,0.6));
#4779=CARTESIAN_POINT('Ctrl Pts',(8.52950018991064,9.18254835165867,0.6));
#4780=CARTESIAN_POINT('Ctrl Pts',(8.72864064685212,8.93892035603156,0.6));
#4781=CARTESIAN_POINT('Ctrl Pts',(8.9379847178881,8.68280928143508,0.6));
#4782=CARTESIAN_POINT('Ctrl Pts',(9.08773291394219,8.37835834362251,0.6));
#4783=CARTESIAN_POINT('Ctrl Pts',(9.23748110999628,8.07390740580994,0.6));
#4784=CARTESIAN_POINT('',(9.63129820460965,5.25641762703267,0.6));
#4785=CARTESIAN_POINT('Ctrl Pts',(9.23748110999628,8.07390740580994,0.6));
#4786=CARTESIAN_POINT('Ctrl Pts',(9.35564690427696,7.67907736973201,0.6));
#4787=CARTESIAN_POINT('Ctrl Pts',(9.47381269855764,7.28424733365408,0.6));
#4788=CARTESIAN_POINT('Ctrl Pts',(9.54124626426921,6.8816247244865,0.6));
#4789=CARTESIAN_POINT('Ctrl Pts',(9.63045648961291,6.34898117652502,0.6));
#4790=CARTESIAN_POINT('Ctrl Pts',(9.63087734711128,5.80269940177885,0.6));
#4791=CARTESIAN_POINT('Ctrl Pts',(9.63129820460965,5.25641762703267,0.6));
#4792=CARTESIAN_POINT('',(9.18736460809921,2.2078170498494,0.6));
#4793=CARTESIAN_POINT('Ctrl Pts',(9.63129820460965,5.25641762703267,0.6));
#4794=CARTESIAN_POINT('Ctrl Pts',(9.61828281934126,4.67873015211324,0.6));
#4795=CARTESIAN_POINT('Ctrl Pts',(9.60526743407287,4.1010426771938,0.6));
#4796=CARTESIAN_POINT('Ctrl Pts',(9.51157014425303,3.53591684418365,0.6));
#4797=CARTESIAN_POINT('Ctrl Pts',(9.43729851826719,3.08795495985413,0.6));
#4798=CARTESIAN_POINT('Ctrl Pts',(9.3123315631832,2.64788600485176,0.6));
#4799=CARTESIAN_POINT('Ctrl Pts',(9.18736460809921,2.2078170498494,0.6));
#4800=CARTESIAN_POINT('',(7.93357577374736,0.489991181337694,0.6));
#4801=CARTESIAN_POINT('Ctrl Pts',(9.18736460809921,2.2078170498494,0.6));
#4802=CARTESIAN_POINT('Ctrl Pts',(9.03555976222385,1.85841766830937,0.6));
#4803=CARTESIAN_POINT('Ctrl Pts',(8.88375491634849,1.50901828676934,0.6));
#4804=CARTESIAN_POINT('Ctrl Pts',(8.6606954128501,1.2124110803288,0.6));
#4805=CARTESIAN_POINT('Ctrl Pts',(8.45767397540843,0.942448938108074,0.6));
#4806=CARTESIAN_POINT('Ctrl Pts',(8.1956248745779,0.716220059722883,0.6));
#4807=CARTESIAN_POINT('Ctrl Pts',(7.93357577374736,0.489991181337695,0.6));
#4808=CARTESIAN_POINT('',(6.00122854805194,-0.0858535905689273,0.6));
#4809=CARTESIAN_POINT('Ctrl Pts',(7.93357577374736,0.489991181337694,0.6));
#4810=CARTESIAN_POINT('Ctrl Pts',(7.6421385919488,0.319578952017321,0.6));
#4811=CARTESIAN_POINT('Ctrl Pts',(7.35070141015025,0.149166722696947,0.6));
#4812=CARTESIAN_POINT('Ctrl Pts',(7.03681623471895,0.0530661122009452,0.6));
#4813=CARTESIAN_POINT('Ctrl Pts',(6.70803935771642,-0.0475938140077342,
0.6));
#4814=CARTESIAN_POINT('Ctrl Pts',(6.35463395288418,-0.0667237022883293,
0.6));
#4815=CARTESIAN_POINT('Ctrl Pts',(6.00122854805194,-0.0858535905689273,
0.6));
#4816=CARTESIAN_POINT('',(4.09047200692547,0.583042372516887,0.6));
#4817=CARTESIAN_POINT('Ctrl Pts',(6.00122854805194,-0.0858535905689273,
0.6));
#4818=CARTESIAN_POINT('Ctrl Pts',(5.63475426780984,-0.0608556420849582,
0.6));
#4819=CARTESIAN_POINT('Ctrl Pts',(5.26827998756775,-0.0358576936009901,
0.6));
#4820=CARTESIAN_POINT('Ctrl Pts',(4.93693354673785,0.0867236895175383,0.6));
#4821=CARTESIAN_POINT('Ctrl Pts',(4.63538361771335,0.198281874016327,0.6));
#4822=CARTESIAN_POINT('Ctrl Pts',(4.36292781231941,0.390662123266607,0.6));
#4823=CARTESIAN_POINT('Ctrl Pts',(4.09047200692547,0.583042372516887,0.6));
#4824=CARTESIAN_POINT('Ctrl Pts',(4.09047200692547,0.583042372516887,0.6));
#4825=CARTESIAN_POINT('Ctrl Pts',(3.8686061143765,0.833402433337915,0.6));
#4826=CARTESIAN_POINT('Ctrl Pts',(3.64674022182754,1.08376249415894,0.6));
#4827=CARTESIAN_POINT('Ctrl Pts',(3.50248967660508,1.37203509406137,0.6));
#4828=CARTESIAN_POINT('Ctrl Pts',(3.34275890906058,1.69124361818481,0.6));
#4829=CARTESIAN_POINT('Ctrl Pts',(3.27819589898599,2.0569384552431,0.6));
#4830=CARTESIAN_POINT('Ctrl Pts',(3.21363288891139,2.42263329230139,0.6));
#4831=CARTESIAN_POINT('Ctrl Pts',(3.90696147393542,4.39456118611838,0.));
#4832=CARTESIAN_POINT('Ctrl Pts',(3.90696147393542,4.39456118611838,5.5));
#4833=CARTESIAN_POINT('Ctrl Pts',(4.20680762748116,4.1291951845852,0.));
#4834=CARTESIAN_POINT('Ctrl Pts',(4.20680762748116,4.1291951845852,5.5));
#4835=CARTESIAN_POINT('Ctrl Pts',(4.80605092355876,3.59886055949412,0.));
#4836=CARTESIAN_POINT('Ctrl Pts',(4.80605092355876,3.59886055949412,5.5));
#4837=CARTESIAN_POINT('Ctrl Pts',(5.60195789944675,3.51627911856222,0.));
#4838=CARTESIAN_POINT('Ctrl Pts',(5.60195789944675,3.51627911856222,5.5));
#4839=CARTESIAN_POINT('Ctrl Pts',(5.99961320216237,3.47501933709614,0.));
#4840=CARTESIAN_POINT('Ctrl Pts',(5.99961320216237,3.47501933709614,5.5));
#4841=CARTESIAN_POINT('',(5.99961320216237,3.47501933709614,0.));
#4842=CARTESIAN_POINT('',(3.90696147393542,4.39456118611838,0.));
#4843=CARTESIAN_POINT('Ctrl Pts',(5.99961320216237,3.47501933709614,0.));
#4844=CARTESIAN_POINT('Ctrl Pts',(5.99961320216237,3.47501933709614,5.5));
#4845=CARTESIAN_POINT('Ctrl Pts',(6.24284328266114,3.487816987696,0.));
#4846=CARTESIAN_POINT('Ctrl Pts',(6.24284328266114,3.487816987696,5.5));
#4847=CARTESIAN_POINT('Ctrl Pts',(6.72780168773536,3.51333327339092,0.));
#4848=CARTESIAN_POINT('Ctrl Pts',(6.72780168773536,3.51333327339092,5.5));
#4849=CARTESIAN_POINT('Ctrl Pts',(7.16584952523668,3.7228865960042,0.));
#4850=CARTESIAN_POINT('Ctrl Pts',(7.16584952523668,3.7228865960042,5.5));
#4851=CARTESIAN_POINT('Ctrl Pts',(7.38419519928864,3.8273387986148,0.));
#4852=CARTESIAN_POINT('Ctrl Pts',(7.38419519928864,3.8273387986148,5.5));
#4853=CARTESIAN_POINT('',(7.38419519928864,3.8273387986148,0.));
#4854=CARTESIAN_POINT('Ctrl Pts',(7.38419519928864,3.8273387986148,0.));
#4855=CARTESIAN_POINT('Ctrl Pts',(7.38419519928864,3.8273387986148,5.5));
#4856=CARTESIAN_POINT('Ctrl Pts',(7.58575396814145,3.95483616337561,0.));
#4857=CARTESIAN_POINT('Ctrl Pts',(7.58575396814145,3.95483616337561,5.5));
#4858=CARTESIAN_POINT('Ctrl Pts',(7.98274252754491,4.20595396614953,0.));
#4859=CARTESIAN_POINT('Ctrl Pts',(7.98274252754491,4.20595396614953,5.5));
#4860=CARTESIAN_POINT('Ctrl Pts',(8.26166631145888,4.58372017779562,0.));
#4861=CARTESIAN_POINT('Ctrl Pts',(8.26166631145888,4.58372017779562,5.5));
#4862=CARTESIAN_POINT('Ctrl Pts',(8.39897509625562,4.76968717828058,0.));
#4863=CARTESIAN_POINT('Ctrl Pts',(8.39897509625562,4.76968717828058,5.5));
#4864=CARTESIAN_POINT('',(8.39897509625562,4.76968717828058,0.));
#4865=CARTESIAN_POINT('Ctrl Pts',(8.39897509625562,4.76968717828058,0.));
#4866=CARTESIAN_POINT('Ctrl Pts',(8.39897509625562,4.76968717828058,5.5));
#4867=CARTESIAN_POINT('Ctrl Pts',(8.400509889604,4.72192924756297,0.));
#4868=CARTESIAN_POINT('Ctrl Pts',(8.400509889604,4.72192924756297,5.5));
#4869=CARTESIAN_POINT('Ctrl Pts',(8.40314041850831,4.6400754805427,0.));
#4870=CARTESIAN_POINT('Ctrl Pts',(8.40314041850831,4.6400754805427,5.5));
#4871=CARTESIAN_POINT('Ctrl Pts',(8.40343330750166,4.55818183635715,0.));
#4872=CARTESIAN_POINT('Ctrl Pts',(8.40343330750166,4.55818183635715,5.5));
#4873=CARTESIAN_POINT('Ctrl Pts',(8.40355530915823,4.52406938939199,0.));
#4874=CARTESIAN_POINT('Ctrl Pts',(8.40355530915823,4.52406938939199,5.5));
#4875=CARTESIAN_POINT('',(8.40355530915823,4.52406938939199,0.));
#4876=CARTESIAN_POINT('Ctrl Pts',(8.40355530915823,4.52406938939199,0.));
#4877=CARTESIAN_POINT('Ctrl Pts',(8.40355530915823,4.52406938939199,5.5));
#4878=CARTESIAN_POINT('Ctrl Pts',(8.39361720788566,4.2708138811997,0.));
#4879=CARTESIAN_POINT('Ctrl Pts',(8.39361720788566,4.2708138811997,5.5));
#4880=CARTESIAN_POINT('Ctrl Pts',(8.37377137745274,3.76507684613207,0.));
#4881=CARTESIAN_POINT('Ctrl Pts',(8.37377137745274,3.76507684613207,5.5));
#4882=CARTESIAN_POINT('Ctrl Pts',(8.26166344432488,3.27152725513958,0.));
#4883=CARTESIAN_POINT('Ctrl Pts',(8.26166344432488,3.27152725513958,5.5));
#4884=CARTESIAN_POINT('Ctrl Pts',(8.20569526290194,3.02513012445323,0.));
#4885=CARTESIAN_POINT('Ctrl Pts',(8.20569526290194,3.02513012445323,5.5));
#4886=CARTESIAN_POINT('',(8.20569526290194,3.02513012445323,0.));
#4887=CARTESIAN_POINT('Ctrl Pts',(8.20569526290194,3.02513012445323,0.));
#4888=CARTESIAN_POINT('Ctrl Pts',(8.20569526290194,3.02513012445323,5.5));
#4889=CARTESIAN_POINT('Ctrl Pts',(8.14398725377517,2.80177177804997,0.));
#4890=CARTESIAN_POINT('Ctrl Pts',(8.14398725377517,2.80177177804997,5.5));
#4891=CARTESIAN_POINT('Ctrl Pts',(8.03170115726245,2.39534095657217,0.));
#4892=CARTESIAN_POINT('Ctrl Pts',(8.03170115726245,2.39534095657217,5.5));
#4893=CARTESIAN_POINT('Ctrl Pts',(7.82921983408642,2.02590695693684,0.));
#4894=CARTESIAN_POINT('Ctrl Pts',(7.82921983408642,2.02590695693684,5.5));
#4895=CARTESIAN_POINT('Ctrl Pts',(7.7380142585461,1.85949930988878,0.));
#4896=CARTESIAN_POINT('Ctrl Pts',(7.7380142585461,1.85949930988878,5.5));
#4897=CARTESIAN_POINT('',(7.7380142585461,1.85949930988878,0.));
#4898=CARTESIAN_POINT('Ctrl Pts',(7.7380142585461,1.85949930988878,0.));
#4899=CARTESIAN_POINT('Ctrl Pts',(7.7380142585461,1.85949930988878,5.5));
#4900=CARTESIAN_POINT('Ctrl Pts',(7.63990502492327,1.72354610204531,0.));
#4901=CARTESIAN_POINT('Ctrl Pts',(7.63990502492327,1.72354610204531,5.5));
#4902=CARTESIAN_POINT('Ctrl Pts',(7.44498911831039,1.45344468768086,0.));
#4903=CARTESIAN_POINT('Ctrl Pts',(7.44498911831039,1.45344468768086,5.5));
#4904=CARTESIAN_POINT('Ctrl Pts',(7.16941229619766,1.26642990435772,0.));
#4905=CARTESIAN_POINT('Ctrl Pts',(7.16941229619766,1.26642990435772,5.5));
#4906=CARTESIAN_POINT('Ctrl Pts',(7.0325446810015,1.17354739267321,0.));
#4907=CARTESIAN_POINT('Ctrl Pts',(7.0325446810015,1.17354739267321,5.5));
#4908=CARTESIAN_POINT('',(7.0325446810015,1.17354739267321,0.));
#4909=CARTESIAN_POINT('Ctrl Pts',(7.0325446810015,1.17354739267321,0.));
#4910=CARTESIAN_POINT('Ctrl Pts',(7.0325446810015,1.17354739267321,5.5));
#4911=CARTESIAN_POINT('Ctrl Pts',(6.88096658646878,1.09934812215736,0.));
#4912=CARTESIAN_POINT('Ctrl Pts',(6.88096658646878,1.09934812215736,5.5));
#4913=CARTESIAN_POINT('Ctrl Pts',(6.56734427993761,0.945826292806975,0.));
#4914=CARTESIAN_POINT('Ctrl Pts',(6.56734427993761,0.945826292806975,5.5));
#4915=CARTESIAN_POINT('Ctrl Pts',(6.21814867642752,0.931043549026871,0.));
#4916=CARTESIAN_POINT('Ctrl Pts',(6.21814867642752,0.931043549026871,5.5));
#4917=CARTESIAN_POINT('Ctrl Pts',(6.03772424479197,0.923405514304414,0.));
#4918=CARTESIAN_POINT('Ctrl Pts',(6.03772424479197,0.923405514304414,5.5));
#4919=CARTESIAN_POINT('',(6.03772424479197,0.923405514304414,0.));
#4920=CARTESIAN_POINT('Ctrl Pts',(6.03772424479197,0.923405514304414,0.));
#4921=CARTESIAN_POINT('Ctrl Pts',(6.03772424479197,0.923405514304414,5.5));
#4922=CARTESIAN_POINT('Ctrl Pts',(5.83061146712092,0.938034986062177,0.));
#4923=CARTESIAN_POINT('Ctrl Pts',(5.83061146712092,0.938034986062177,5.5));
#4924=CARTESIAN_POINT('Ctrl Pts',(5.43358685368213,0.966078936004582,0.));
#4925=CARTESIAN_POINT('Ctrl Pts',(5.43358685368213,0.966078936004582,5.5));
#4926=CARTESIAN_POINT('Ctrl Pts',(5.11094188241877,1.19767549888472,0.));
#4927=CARTESIAN_POINT('Ctrl Pts',(5.11094188241877,1.19767549888472,5.5));
#4928=CARTESIAN_POINT('Ctrl Pts',(4.95660863274154,1.30845686337774,0.));
#4929=CARTESIAN_POINT('Ctrl Pts',(4.95660863274154,1.30845686337774,5.5));
#4930=CARTESIAN_POINT('',(4.95660863274154,1.30845686337774,0.));
#4931=CARTESIAN_POINT('Ctrl Pts',(4.95660863274154,1.30845686337774,0.));
#4932=CARTESIAN_POINT('Ctrl Pts',(4.95660863274154,1.30845686337774,5.5));
#4933=CARTESIAN_POINT('Ctrl Pts',(4.82650600146623,1.46618393092507,0.));
#4934=CARTESIAN_POINT('Ctrl Pts',(4.82650600146623,1.46618393092507,5.5));
#4935=CARTESIAN_POINT('Ctrl Pts',(4.53488747906543,1.81972124166118,0.));
#4936=CARTESIAN_POINT('Ctrl Pts',(4.53488747906543,1.81972124166118,5.5));
#4937=CARTESIAN_POINT('Ctrl Pts',(4.44464371221503,2.27103646160995,0.));
#4938=CARTESIAN_POINT('Ctrl Pts',(4.44464371221503,2.27103646160995,5.5));
#4939=CARTESIAN_POINT('Ctrl Pts',(4.39466128208211,2.52100199647517,0.));
#4940=CARTESIAN_POINT('Ctrl Pts',(4.39466128208211,2.52100199647517,5.5));
#4941=CARTESIAN_POINT('',(4.39466128208211,2.52100199647517,0.));
#4942=CARTESIAN_POINT('Origin',(4.39466128208211,2.52100199647517,0.));
#4943=CARTESIAN_POINT('',(3.21363288891139,2.42263329230139,0.));
#4944=CARTESIAN_POINT('Ctrl Pts',(3.21363288891139,2.42263329230139,0.));
#4945=CARTESIAN_POINT('Ctrl Pts',(3.21363288891139,2.42263329230139,5.5));
#4946=CARTESIAN_POINT('Ctrl Pts',(3.27819589898599,2.0569384552431,0.));
#4947=CARTESIAN_POINT('Ctrl Pts',(3.27819589898599,2.0569384552431,5.5));
#4948=CARTESIAN_POINT('Ctrl Pts',(3.40106482937659,1.3609899016239,0.));
#4949=CARTESIAN_POINT('Ctrl Pts',(3.40106482937659,1.3609899016239,5.5));
#4950=CARTESIAN_POINT('Ctrl Pts',(3.8686061143765,0.833402433337915,0.));
#4951=CARTESIAN_POINT('Ctrl Pts',(3.8686061143765,0.833402433337915,5.5));
#4952=CARTESIAN_POINT('Ctrl Pts',(4.09047200692547,0.583042372516887,0.));
#4953=CARTESIAN_POINT('Ctrl Pts',(4.09047200692547,0.583042372516887,5.5));
#4954=CARTESIAN_POINT('',(4.09047200692547,0.583042372516887,0.));
#4955=CARTESIAN_POINT('Ctrl Pts',(4.09047200692547,0.583042372516887,0.));
#4956=CARTESIAN_POINT('Ctrl Pts',(4.09047200692547,0.583042372516887,5.5));
#4957=CARTESIAN_POINT('Ctrl Pts',(4.36292781231941,0.390662123266607,0.));
#4958=CARTESIAN_POINT('Ctrl Pts',(4.36292781231941,0.390662123266607,5.5));
#4959=CARTESIAN_POINT('Ctrl Pts',(4.93476110950306,-0.013107699449193,0.));
#4960=CARTESIAN_POINT('Ctrl Pts',(4.93476110950306,-0.013107699449193,5.5));
#4961=CARTESIAN_POINT('Ctrl Pts',(5.63475426780984,-0.0608556420849582,
0.));
#4962=CARTESIAN_POINT('Ctrl Pts',(5.63475426780984,-0.0608556420849582,
5.5));
#4963=CARTESIAN_POINT('Ctrl Pts',(6.00122854805194,-0.0858535905689273,
0.));
#4964=CARTESIAN_POINT('Ctrl Pts',(6.00122854805194,-0.0858535905689273,
5.5));
#4965=CARTESIAN_POINT('',(6.00122854805194,-0.0858535905689273,0.));
#4966=CARTESIAN_POINT('Ctrl Pts',(6.00122854805194,-0.0858535905689273,
0.));
#4967=CARTESIAN_POINT('Ctrl Pts',(6.00122854805194,-0.0858535905689273,
5.5));
#4968=CARTESIAN_POINT('Ctrl Pts',(6.35463395288418,-0.0667237022883294,
0.));
#4969=CARTESIAN_POINT('Ctrl Pts',(6.35463395288418,-0.0667237022883294,
5.5));
#4970=CARTESIAN_POINT('Ctrl Pts',(7.04543753031747,-0.0293303996408856,
0.));
#4971=CARTESIAN_POINT('Ctrl Pts',(7.04543753031747,-0.0293303996408856,
5.5));
#4972=CARTESIAN_POINT('Ctrl Pts',(7.6421385919488,0.319578952017321,0.));
#4973=CARTESIAN_POINT('Ctrl Pts',(7.6421385919488,0.319578952017321,5.5));
#4974=CARTESIAN_POINT('Ctrl Pts',(7.93357577374736,0.489991181337694,0.));
#4975=CARTESIAN_POINT('Ctrl Pts',(7.93357577374736,0.489991181337694,5.5));
#4976=CARTESIAN_POINT('',(7.93357577374736,0.489991181337694,0.));
#4977=CARTESIAN_POINT('Ctrl Pts',(7.93357577374736,0.489991181337694,0.));
#4978=CARTESIAN_POINT('Ctrl Pts',(7.93357577374736,0.489991181337694,5.5));
#4979=CARTESIAN_POINT('Ctrl Pts',(8.1956248745779,0.716220059722883,0.));
#4980=CARTESIAN_POINT('Ctrl Pts',(8.1956248745779,0.716220059722883,5.5));
#4981=CARTESIAN_POINT('Ctrl Pts',(8.74558712911297,1.19100643984529,0.));
#4982=CARTESIAN_POINT('Ctrl Pts',(8.74558712911297,1.19100643984529,5.5));
#4983=CARTESIAN_POINT('Ctrl Pts',(9.03555976222385,1.85841766830937,0.));
#4984=CARTESIAN_POINT('Ctrl Pts',(9.03555976222385,1.85841766830937,5.5));
#4985=CARTESIAN_POINT('Ctrl Pts',(9.18736460809921,2.2078170498494,0.));
#4986=CARTESIAN_POINT('Ctrl Pts',(9.18736460809921,2.2078170498494,5.5));
#4987=CARTESIAN_POINT('',(9.18736460809921,2.2078170498494,0.));
#4988=CARTESIAN_POINT('Ctrl Pts',(9.18736460809921,2.2078170498494,0.));
#4989=CARTESIAN_POINT('Ctrl Pts',(9.18736460809921,2.2078170498494,5.5));
#4990=CARTESIAN_POINT('Ctrl Pts',(9.3123315631832,2.64788600485176,0.));
#4991=CARTESIAN_POINT('Ctrl Pts',(9.3123315631832,2.64788600485176,5.5));
#4992=CARTESIAN_POINT('Ctrl Pts',(9.59495044594467,3.64312347636721,0.));
#4993=CARTESIAN_POINT('Ctrl Pts',(9.59495044594467,3.64312347636721,5.5));
#4994=CARTESIAN_POINT('Ctrl Pts',(9.61828281934126,4.67873015211324,0.));
#4995=CARTESIAN_POINT('Ctrl Pts',(9.61828281934126,4.67873015211324,5.5));
#4996=CARTESIAN_POINT('Ctrl Pts',(9.63129820460965,5.25641762703267,0.));
#4997=CARTESIAN_POINT('Ctrl Pts',(9.63129820460965,5.25641762703267,5.5));
#4998=CARTESIAN_POINT('',(9.63129820460965,5.25641762703267,0.));
#4999=CARTESIAN_POINT('Ctrl Pts',(9.63129820460965,5.25641762703267,0.));
#5000=CARTESIAN_POINT('Ctrl Pts',(9.63129820460965,5.25641762703267,5.5));
#5001=CARTESIAN_POINT('Ctrl Pts',(9.63087734711128,5.80269940177885,0.));
#5002=CARTESIAN_POINT('Ctrl Pts',(9.63087734711128,5.80269940177885,5.5));
#5003=CARTESIAN_POINT('Ctrl Pts',(9.63013836552274,6.76191285349882,0.));
#5004=CARTESIAN_POINT('Ctrl Pts',(9.63013836552274,6.76191285349882,5.5));
#5005=CARTESIAN_POINT('Ctrl Pts',(9.35564690427696,7.67907736973201,0.));
#5006=CARTESIAN_POINT('Ctrl Pts',(9.35564690427696,7.67907736973201,5.5));
#5007=CARTESIAN_POINT('Ctrl Pts',(9.23748110999628,8.07390740580994,0.));
#5008=CARTESIAN_POINT('Ctrl Pts',(9.23748110999628,8.07390740580994,5.5));
#5009=CARTESIAN_POINT('',(9.23748110999628,8.07390740580994,0.));
#5010=CARTESIAN_POINT('Ctrl Pts',(9.23748110999628,8.07390740580994,0.));
#5011=CARTESIAN_POINT('Ctrl Pts',(9.23748110999628,8.07390740580994,5.5));
#5012=CARTESIAN_POINT('Ctrl Pts',(9.08773291394219,8.37835834362251,0.));
#5013=CARTESIAN_POINT('Ctrl Pts',(9.08773291394219,8.37835834362251,5.5));
#5014=CARTESIAN_POINT('Ctrl Pts',(8.79553538058039,8.97242101284081,0.));
#5015=CARTESIAN_POINT('Ctrl Pts',(8.79553538058039,8.97242101284081,5.5));
#5016=CARTESIAN_POINT('Ctrl Pts',(8.27643178835376,9.38243389922163,0.));
#5017=CARTESIAN_POINT('Ctrl Pts',(8.27643178835376,9.38243389922163,5.5));
#5018=CARTESIAN_POINT('Ctrl Pts',(8.02336338679687,9.58231944678458,0.));
#5019=CARTESIAN_POINT('Ctrl Pts',(8.02336338679687,9.58231944678458,5.5));
#5020=CARTESIAN_POINT('',(8.02336338679687,9.58231944678458,0.));
#5021=CARTESIAN_POINT('Ctrl Pts',(8.02336338679687,9.58231944678458,0.));
#5022=CARTESIAN_POINT('Ctrl Pts',(8.02336338679687,9.58231944678458,5.5));
#5023=CARTESIAN_POINT('Ctrl Pts',(7.74786031568798,9.73803371081149,0.));
#5024=CARTESIAN_POINT('Ctrl Pts',(7.74786031568798,9.73803371081149,5.5));
#5025=CARTESIAN_POINT('Ctrl Pts',(7.19511548424429,10.0504449455629,0.));
#5026=CARTESIAN_POINT('Ctrl Pts',(7.19511548424429,10.0504449455629,5.5));
#5027=CARTESIAN_POINT('Ctrl Pts',(6.56201205439544,10.0993047004331,0.));
#5028=CARTESIAN_POINT('Ctrl Pts',(6.56201205439544,10.0993047004331,5.5));
#5029=CARTESIAN_POINT('Ctrl Pts',(6.24446460866564,10.1238114233894,0.));
#5030=CARTESIAN_POINT('Ctrl Pts',(6.24446460866564,10.1238114233894,5.5));
#5031=CARTESIAN_POINT('',(6.24446460866564,10.1238114233894,0.));
#5032=CARTESIAN_POINT('Ctrl Pts',(6.24446460866564,10.1238114233894,0.));
#5033=CARTESIAN_POINT('Ctrl Pts',(6.24446460866564,10.1238114233894,5.5));
#5034=CARTESIAN_POINT('Ctrl Pts',(5.81482380775411,10.0911041481469,0.));
#5035=CARTESIAN_POINT('Ctrl Pts',(5.81482380775411,10.0911041481469,5.5));
#5036=CARTESIAN_POINT('Ctrl Pts',(4.96645494351543,10.0265203518898,0.));
#5037=CARTESIAN_POINT('Ctrl Pts',(4.96645494351543,10.0265203518898,5.5));
#5038=CARTESIAN_POINT('Ctrl Pts',(4.31166473845244,9.48429190496923,0.));
#5039=CARTESIAN_POINT('Ctrl Pts',(4.31166473845244,9.48429190496923,5.5));
#5040=CARTESIAN_POINT('Ctrl Pts',(3.98848098429893,9.21666507773565,0.));
#5041=CARTESIAN_POINT('Ctrl Pts',(3.98848098429893,9.21666507773565,5.5));
#5042=CARTESIAN_POINT('',(3.98848098429893,9.21666507773565,0.));
#5043=CARTESIAN_POINT('Ctrl Pts',(3.98848098429893,9.21666507773565,0.));
#5044=CARTESIAN_POINT('Ctrl Pts',(3.98848098429893,9.21666507773565,5.5));
#5045=CARTESIAN_POINT('Ctrl Pts',(3.72387258905152,8.87440504639749,0.));
#5046=CARTESIAN_POINT('Ctrl Pts',(3.72387258905152,8.87440504639749,5.5));
#5047=CARTESIAN_POINT('Ctrl Pts',(3.16923285837144,8.15700146051932,0.));
#5048=CARTESIAN_POINT('Ctrl Pts',(3.16923285837144,8.15700146051932,5.5));
#5049=CARTESIAN_POINT('Ctrl Pts',(3.10353166215378,7.25026180080439,0.));
#5050=CARTESIAN_POINT('Ctrl Pts',(3.10353166215378,7.25026180080439,5.5));
#5051=CARTESIAN_POINT('Ctrl Pts',(3.06917529598583,6.77611092438876,0.));
#5052=CARTESIAN_POINT('Ctrl Pts',(3.06917529598583,6.77611092438876,5.5));
#5053=CARTESIAN_POINT('',(3.06917529598583,6.77611092438876,0.));
#5054=CARTESIAN_POINT('Ctrl Pts',(3.06917529598583,6.77611092438876,0.));
#5055=CARTESIAN_POINT('Ctrl Pts',(3.06917529598583,6.77611092438876,5.5));
#5056=CARTESIAN_POINT('Ctrl Pts',(3.09358040310279,6.31645149815917,0.));
#5057=CARTESIAN_POINT('Ctrl Pts',(3.09358040310279,6.31645149815917,5.5));
#5058=CARTESIAN_POINT('Ctrl Pts',(3.14020413346152,5.43831410492103,0.));
#5059=CARTESIAN_POINT('Ctrl Pts',(3.14020413346152,5.43831410492103,5.5));
#5060=CARTESIAN_POINT('Ctrl Pts',(3.65949328647746,4.73142870513086,0.));
#5061=CARTESIAN_POINT('Ctrl Pts',(3.65949328647746,4.73142870513086,5.5));
#5062=CARTESIAN_POINT('Ctrl Pts',(3.90696147393542,4.39456118611838,0.));
#5063=CARTESIAN_POINT('Ctrl Pts',(3.90696147393542,4.39456118611838,5.5));
#5064=CARTESIAN_POINT('Origin',(12.8774685633275,1.42036261147399,0.));
#5065=CARTESIAN_POINT('',(11.4791636622232,1.43312194040376,0.));
#5066=CARTESIAN_POINT('',(12.8774685633275,1.42036261147399,0.));
#5067=CARTESIAN_POINT('Origin',(11.4791636622232,1.43312194040376,0.));
#5068=CARTESIAN_POINT('',(11.4664043332934,0.0348170392994707,0.));
#5069=CARTESIAN_POINT('Origin',(11.4664043332934,0.0348170392994707,0.));
#5070=CARTESIAN_POINT('',(12.8647092343977,0.0220577103696926,0.));
#5071=CARTESIAN_POINT('Origin',(12.8647092343977,0.0220577103696926,0.));
#5072=CARTESIAN_POINT('Ctrl Pts',(21.0209800789816,7.24329839242024,0.));
#5073=CARTESIAN_POINT('Ctrl Pts',(21.0209800789816,7.24329839242024,5.5));
#5074=CARTESIAN_POINT('Ctrl Pts',(20.9453874862803,7.51871890386531,0.));
#5075=CARTESIAN_POINT('Ctrl Pts',(20.9453874862803,7.51871890386531,5.5));
#5076=CARTESIAN_POINT('Ctrl Pts',(20.8021425969611,8.04062957352624,0.));
#5077=CARTESIAN_POINT('Ctrl Pts',(20.8021425969611,8.04062957352624,5.5));
#5078=CARTESIAN_POINT('Ctrl Pts',(20.5383991547315,8.51289582953583,0.));
#5079=CARTESIAN_POINT('Ctrl Pts',(20.5383991547315,8.51289582953583,5.5));
#5080=CARTESIAN_POINT('Ctrl Pts',(20.4138372965771,8.73593971602974,0.));
#5081=CARTESIAN_POINT('Ctrl Pts',(20.4138372965771,8.73593971602974,5.5));
#5082=CARTESIAN_POINT('',(20.4138372965771,8.73593971602974,0.));
#5083=CARTESIAN_POINT('',(21.0209800789816,7.24329839242024,0.));
#5084=CARTESIAN_POINT('Ctrl Pts',(20.4138372965771,8.73593971602974,0.));
#5085=CARTESIAN_POINT('Ctrl Pts',(20.4138372965771,8.73593971602974,5.5));
#5086=CARTESIAN_POINT('Ctrl Pts',(20.2764099014733,8.92795030696216,0.));
#5087=CARTESIAN_POINT('Ctrl Pts',(20.2764099014733,8.92795030696216,5.5));
#5088=CARTESIAN_POINT('Ctrl Pts',(20.0055045350926,9.30645343907942,0.));
#5089=CARTESIAN_POINT('Ctrl Pts',(20.0055045350926,9.30645343907942,5.5));
#5090=CARTESIAN_POINT('Ctrl Pts',(19.613045723248,9.55641007285545,0.));
#5091=CARTESIAN_POINT('Ctrl Pts',(19.613045723248,9.55641007285545,5.5));
#5092=CARTESIAN_POINT('Ctrl Pts',(19.4196770694091,9.67956637953685,0.));
#5093=CARTESIAN_POINT('Ctrl Pts',(19.4196770694091,9.67956637953685,5.5));
#5094=CARTESIAN_POINT('',(19.4196770694091,9.67956637953685,0.));
#5095=CARTESIAN_POINT('Ctrl Pts',(19.4196770694091,9.67956637953685,0.));
#5096=CARTESIAN_POINT('Ctrl Pts',(19.4196770694091,9.67956637953685,5.5));
#5097=CARTESIAN_POINT('Ctrl Pts',(19.204858913262,9.775989916111,0.));
#5098=CARTESIAN_POINT('Ctrl Pts',(19.204858913262,9.775989916111,5.5));
#5099=CARTESIAN_POINT('Ctrl Pts',(18.7569001381313,9.97706123201947,0.));
#5100=CARTESIAN_POINT('Ctrl Pts',(18.7569001381313,9.97706123201947,5.5));
#5101=CARTESIAN_POINT('Ctrl Pts',(18.2661159786743,10.0029648110118,0.));
#5102=CARTESIAN_POINT('Ctrl Pts',(18.2661159786743,10.0029648110118,5.5));
#5103=CARTESIAN_POINT('Ctrl Pts',(18.0106868430584,10.0164463561348,0.));
#5104=CARTESIAN_POINT('Ctrl Pts',(18.0106868430584,10.0164463561348,5.5));
#5105=CARTESIAN_POINT('',(18.0106868430584,10.0164463561348,0.));
#5106=CARTESIAN_POINT('Ctrl Pts',(18.0106868430584,10.0164463561348,0.));
#5107=CARTESIAN_POINT('Ctrl Pts',(18.0106868430584,10.0164463561348,5.5));
#5108=CARTESIAN_POINT('Ctrl Pts',(17.6680397434015,9.9997318341445,0.));
#5109=CARTESIAN_POINT('Ctrl Pts',(17.6680397434015,9.9997318341445,5.5));
#5110=CARTESIAN_POINT('Ctrl Pts',(17.0116482348685,9.96771267999256,0.));
#5111=CARTESIAN_POINT('Ctrl Pts',(17.0116482348685,9.96771267999256,5.5));
#5112=CARTESIAN_POINT('Ctrl Pts',(16.4586730603921,9.61497093147824,0.));
#5113=CARTESIAN_POINT('Ctrl Pts',(16.4586730603921,9.61497093147824,5.5));
#5114=CARTESIAN_POINT('Ctrl Pts',(16.1943599683062,9.44636614312429,0.));
#5115=CARTESIAN_POINT('Ctrl Pts',(16.1943599683062,9.44636614312429,5.5));
#5116=CARTESIAN_POINT('',(16.1943599683062,9.44636614312429,0.));
#5117=CARTESIAN_POINT('Ctrl Pts',(16.1943599683062,9.44636614312429,0.));
#5118=CARTESIAN_POINT('Ctrl Pts',(16.1943599683062,9.44636614312429,5.5));
#5119=CARTESIAN_POINT('Ctrl Pts',(15.9643250593518,9.22338678062981,0.));
#5120=CARTESIAN_POINT('Ctrl Pts',(15.9643250593518,9.22338678062981,5.5));
#5121=CARTESIAN_POINT('Ctrl Pts',(15.4777428425349,8.75172883532004,0.));
#5122=CARTESIAN_POINT('Ctrl Pts',(15.4777428425349,8.75172883532004,5.5));
#5123=CARTESIAN_POINT('Ctrl Pts',(15.22687285701,8.12104974968877,0.));
#5124=CARTESIAN_POINT('Ctrl Pts',(15.22687285701,8.12104974968877,5.5));
#5125=CARTESIAN_POINT('Ctrl Pts',(15.0946032894313,7.78852830531235,0.));
#5126=CARTESIAN_POINT('Ctrl Pts',(15.0946032894313,7.78852830531235,5.5));
#5127=CARTESIAN_POINT('',(15.0946032894313,7.78852830531235,0.));
#5128=CARTESIAN_POINT('Ctrl Pts',(15.0946032894313,7.78852830531235,0.));
#5129=CARTESIAN_POINT('Ctrl Pts',(15.0946032894313,7.78852830531235,5.5));
#5130=CARTESIAN_POINT('Ctrl Pts',(14.9847056766575,7.37345959905922,0.));
#5131=CARTESIAN_POINT('Ctrl Pts',(14.9847056766575,7.37345959905922,5.5));
#5132=CARTESIAN_POINT('Ctrl Pts',(14.7375800562039,6.440098910189,0.));
#5133=CARTESIAN_POINT('Ctrl Pts',(14.7375800562039,6.440098910189,5.5));
#5134=CARTESIAN_POINT('Ctrl Pts',(14.7157525483971,5.4738339734094,0.));
#5135=CARTESIAN_POINT('Ctrl Pts',(14.7157525483971,5.4738339734094,5.5));
#5136=CARTESIAN_POINT('Ctrl Pts',(14.7036318083319,4.93727037501842,0.));
#5137=CARTESIAN_POINT('Ctrl Pts',(14.7036318083319,4.93727037501842,5.5));
#5138=CARTESIAN_POINT('',(14.7036318083319,4.93727037501842,0.));
#5139=CARTESIAN_POINT('Ctrl Pts',(14.7036318083319,4.93727037501842,0.));
#5140=CARTESIAN_POINT('Ctrl Pts',(14.7036318083319,4.93727037501842,5.5));
#5141=CARTESIAN_POINT('Ctrl Pts',(14.7059309587106,4.10934318504714,0.));
#5142=CARTESIAN_POINT('Ctrl Pts',(14.7059309587106,4.10934318504714,5.5));
#5143=CARTESIAN_POINT('Ctrl Pts',(14.7099283304873,2.66988415132345,0.));
#5144=CARTESIAN_POINT('Ctrl Pts',(14.7099283304873,2.66988415132345,5.5));
#5145=CARTESIAN_POINT('Ctrl Pts',(15.3736210904301,1.40169950134205,0.));
#5146=CARTESIAN_POINT('Ctrl Pts',(15.3736210904301,1.40169950134205,5.5));
#5147=CARTESIAN_POINT('Ctrl Pts',(15.6555806652871,0.862930922971725,0.));
#5148=CARTESIAN_POINT('Ctrl Pts',(15.6555806652871,0.862930922971725,5.5));
#5149=CARTESIAN_POINT('',(15.6555806652871,0.862930922971725,0.));
#5150=CARTESIAN_POINT('Ctrl Pts',(15.6555806652871,0.862930922971725,0.));
#5151=CARTESIAN_POINT('Ctrl Pts',(15.6555806652871,0.862930922971725,5.5));
#5152=CARTESIAN_POINT('Ctrl Pts',(15.959648197294,0.557788064378935,0.));
#5153=CARTESIAN_POINT('Ctrl Pts',(15.959648197294,0.557788064378935,5.5));
#5154=CARTESIAN_POINT('Ctrl Pts',(16.5836281479803,-0.068398574491515,0.));
#5155=CARTESIAN_POINT('Ctrl Pts',(16.5836281479803,-0.068398574491515,5.5));
#5156=CARTESIAN_POINT('Ctrl Pts',(17.4654206131808,-0.151818721899166,0.));
#5157=CARTESIAN_POINT('Ctrl Pts',(17.4654206131808,-0.151818721899166,5.5));
#5158=CARTESIAN_POINT('Ctrl Pts',(17.9175126395438,-0.194587950452785,0.));
#5159=CARTESIAN_POINT('Ctrl Pts',(17.9175126395438,-0.194587950452785,5.5));
#5160=CARTESIAN_POINT('',(17.9175126395438,-0.194587950452785,0.));
#5161=CARTESIAN_POINT('Ctrl Pts',(17.9175126395438,-0.194587950452785,0.));
#5162=CARTESIAN_POINT('Ctrl Pts',(17.9175126395438,-0.194587950452785,5.5));
#5163=CARTESIAN_POINT('Ctrl Pts',(18.261989837479,-0.177897485788143,0.));
#5164=CARTESIAN_POINT('Ctrl Pts',(18.261989837479,-0.177897485788143,5.5));
#5165=CARTESIAN_POINT('Ctrl Pts',(18.921196834764,-0.145957864934223,0.));
#5166=CARTESIAN_POINT('Ctrl Pts',(18.921196834764,-0.145957864934223,5.5));
#5167=CARTESIAN_POINT('Ctrl Pts',(19.4758712372422,0.209251935510888,0.));
#5168=CARTESIAN_POINT('Ctrl Pts',(19.4758712372422,0.209251935510888,5.5));
#5169=CARTESIAN_POINT('Ctrl Pts',(19.7406933099985,0.378842230640697,0.));
#5170=CARTESIAN_POINT('Ctrl Pts',(19.7406933099985,0.378842230640697,5.5));
#5171=CARTESIAN_POINT('',(19.7406933099985,0.378842230640697,0.));
#5172=CARTESIAN_POINT('Ctrl Pts',(19.7406933099985,0.378842230640697,0.));
#5173=CARTESIAN_POINT('Ctrl Pts',(19.7406933099985,0.378842230640697,5.5));
#5174=CARTESIAN_POINT('Ctrl Pts',(19.9705267537961,0.602690113804381,0.));
#5175=CARTESIAN_POINT('Ctrl Pts',(19.9705267537961,0.602690113804381,5.5));
#5176=CARTESIAN_POINT('Ctrl Pts',(20.4562415996326,1.07575547046084,0.));
#5177=CARTESIAN_POINT('Ctrl Pts',(20.4562415996326,1.07575547046084,5.5));
#5178=CARTESIAN_POINT('Ctrl Pts',(20.7056688755339,1.7073749931207,0.));
#5179=CARTESIAN_POINT('Ctrl Pts',(20.7056688755339,1.7073749931207,5.5));
#5180=CARTESIAN_POINT('Ctrl Pts',(20.8370706673702,2.04012102795731,0.));
#5181=CARTESIAN_POINT('Ctrl Pts',(20.8370706673702,2.04012102795731,5.5));
#5182=CARTESIAN_POINT('',(20.8370706673702,2.04012102795731,0.));
#5183=CARTESIAN_POINT('Ctrl Pts',(20.8370706673702,2.04012102795731,0.));
#5184=CARTESIAN_POINT('Ctrl Pts',(20.8370706673702,2.04012102795731,5.5));
#5185=CARTESIAN_POINT('Ctrl Pts',(20.9459759700818,2.45409145336934,0.));
#5186=CARTESIAN_POINT('Ctrl Pts',(20.9459759700818,2.45409145336934,5.5));
#5187=CARTESIAN_POINT('Ctrl Pts',(21.1904086217305,3.38322792577351,0.));
#5188=CARTESIAN_POINT('Ctrl Pts',(21.1904086217305,3.38322792577351,5.5));
#5189=CARTESIAN_POINT('Ctrl Pts',(21.2123446522095,4.34468301212816,0.));
#5190=CARTESIAN_POINT('Ctrl Pts',(21.2123446522095,4.34468301212816,5.5));
#5191=CARTESIAN_POINT('Ctrl Pts',(21.2245072337508,4.87776833480007,0.));
#5192=CARTESIAN_POINT('Ctrl Pts',(21.2245072337508,4.87776833480007,5.5));
#5193=CARTESIAN_POINT('',(21.2245072337508,4.87776833480007,0.));
#5194=CARTESIAN_POINT('Ctrl Pts',(21.2245072337508,4.87776833480007,0.));
#5195=CARTESIAN_POINT('Ctrl Pts',(21.2245072337508,4.87776833480007,5.5));
#5196=CARTESIAN_POINT('Ctrl Pts',(21.2247886943765,5.32412639118854,0.));
#5197=CARTESIAN_POINT('Ctrl Pts',(21.2247886943765,5.32412639118854,5.5));
#5198=CARTESIAN_POINT('Ctrl Pts',(21.2252899364547,6.11902777112449,0.));
#5199=CARTESIAN_POINT('Ctrl Pts',(21.2252899364547,6.11902777112449,5.5));
#5200=CARTESIAN_POINT('Ctrl Pts',(21.0832575433314,6.9005996876036,0.));
#5201=CARTESIAN_POINT('Ctrl Pts',(21.0832575433314,6.9005996876036,5.5));
#5202=CARTESIAN_POINT('Ctrl Pts',(21.0209800789816,7.24329839242024,0.));
#5203=CARTESIAN_POINT('Ctrl Pts',(21.0209800789816,7.24329839242024,5.5));
#5204=UNCERTAINTY_MEASURE_WITH_UNIT(LENGTH_MEASURE(0.01),#5208,
'DISTANCE_ACCURACY_VALUE',
'Maximum model space distance between geometric entities at asserted c
onnectivities');
#5205=UNCERTAINTY_MEASURE_WITH_UNIT(LENGTH_MEASURE(0.01),#5208,
'DISTANCE_ACCURACY_VALUE',
'Maximum model space distance between geometric entities at asserted c
onnectivities');
#5206=(
GEOMETRIC_REPRESENTATION_CONTEXT(3)
GLOBAL_UNCERTAINTY_ASSIGNED_CONTEXT((#5204))
GLOBAL_UNIT_ASSIGNED_CONTEXT((#5208,#5210,#5211))
REPRESENTATION_CONTEXT('','3D')
);
#5207=(
GEOMETRIC_REPRESENTATION_CONTEXT(3)
GLOBAL_UNCERTAINTY_ASSIGNED_CONTEXT((#5205))
GLOBAL_UNIT_ASSIGNED_CONTEXT((#5208,#5210,#5211))
REPRESENTATION_CONTEXT('','3D')
);
#5208=(
LENGTH_UNIT()
NAMED_UNIT(*)
SI_UNIT(.MILLI.,.METRE.)
);
#5209=(
LENGTH_UNIT()
NAMED_UNIT(*)
SI_UNIT($,.METRE.)
);
#5210=(
NAMED_UNIT(*)
PLANE_ANGLE_UNIT()
SI_UNIT($,.RADIAN.)
);
#5211=(
NAMED_UNIT(*)
SI_UNIT($,.STERADIAN.)
SOLID_ANGLE_UNIT()
);
#5212=SHAPE_DEFINITION_REPRESENTATION(#5213,#5214);
#5213=PRODUCT_DEFINITION_SHAPE('',$,#5216);
#5214=SHAPE_REPRESENTATION('',(#2374),#5206);
#5215=PRODUCT_DEFINITION_CONTEXT('part definition',#5220,'design');
#5216=PRODUCT_DEFINITION('Thickness-9.0 mm','Thickness-9.0 mm v2',#5217,
#5215);
#5217=PRODUCT_DEFINITION_FORMATION('',$,#5222);
#5218=PRODUCT_RELATED_PRODUCT_CATEGORY('Thickness-9.0 mm v2',
'Thickness-9.0 mm v2',(#5222));
#5219=APPLICATION_PROTOCOL_DEFINITION('international standard',
'automotive_design',2009,#5220);
#5220=APPLICATION_CONTEXT(
'Core Data for Automotive Mechanical Design Process');
#5221=PRODUCT_CONTEXT('part definition',#5220,'mechanical');
#5222=PRODUCT('Thickness-9.0 mm','Thickness-9.0 mm v2',$,(#5221));
#5223=PRESENTATION_STYLE_ASSIGNMENT((#5224));
#5224=SURFACE_STYLE_USAGE(.BOTH.,#5225);
#5225=SURFACE_SIDE_STYLE('',(#5226));
#5226=SURFACE_STYLE_FILL_AREA(#5227);
#5227=FILL_AREA_STYLE('Acciaio - Satinato',(#5228));
#5228=FILL_AREA_STYLE_COLOUR('Acciaio - Satinato',#5229);
#5229=COLOUR_RGB('Acciaio - Satinato',0.627450980392157,0.627450980392157,
0.627450980392157);
ENDSEC;
END-ISO-10303-21;
