ISO-10303-21;
HEADER;
/* Generated by software containing ST-Developer
 * from STEP Tools, Inc. (www.steptools.com) 
 */

FILE_DESCRIPTION(
/* description */ (''),
/* implementation_level */ '2;1');

FILE_NAME(
/* name */ 'Thickness-1.0 mm.step',
/* time_stamp */ '2026-05-11T21:25:27+02:00',
/* author */ (''),
/* organization */ (''),
/* preprocessor_version */ 'ST-DEVELOPER v20.1',
/* originating_system */ 'Autodesk Translation Framework v15.8.0.0',
/* authorisation */ '');

FILE_SCHEMA (('AUTOMOTIVE_DESIGN { 1 0 10303 214 3 1 1 }'));
ENDSEC;

DATA;
#10=MECHANICAL_DESIGN_GEOMETRIC_PRESENTATION_REPRESENTATION('',(#26,#27,
#28,#29,#30),#3196);
#11=SHAPE_REPRESENTATION_RELATIONSHIP('SRR','None',#3203,#12);
#12=ADVANCED_BREP_SHAPE_REPRESENTATION('',(#31,#32,#33,#34,#35),#3195);
#13=CYLINDRICAL_SURFACE('',#1603,2.5);
#14=CIRCLE('',#1601,2.5);
#15=CIRCLE('',#1604,2.5);
#16=FACE_BOUND('',#188,.T.);
#17=FACE_BOUND('',#190,.T.);
#18=FACE_BOUND('',#214,.T.);
#19=FACE_BOUND('',#219,.T.);
#20=FACE_BOUND('',#220,.T.);
#21=FACE_BOUND('',#221,.T.);
#22=FACE_BOUND('',#222,.T.);
#23=FACE_BOUND('',#224,.T.);
#24=FACE_BOUND('',#225,.T.);
#25=FACE_BOUND('',#226,.T.);
#26=STYLED_ITEM('',(#3212),#31);
#27=STYLED_ITEM('',(#3212),#32);
#28=STYLED_ITEM('',(#3212),#33);
#29=STYLED_ITEM('',(#3212),#34);
#30=STYLED_ITEM('',(#3212),#35);
#31=MANIFOLD_SOLID_BREP('Corpo1',#1560);
#32=MANIFOLD_SOLID_BREP('Corpo3',#1561);
#33=MANIFOLD_SOLID_BREP('Corpo4',#1562);
#34=MANIFOLD_SOLID_BREP('Corpo5',#1563);
#35=MANIFOLD_SOLID_BREP('Corpo7',#1564);
#36=PLANE('',#1578);
#37=PLANE('',#1579);
#38=PLANE('',#1580);
#39=PLANE('',#1581);
#40=PLANE('',#1582);
#41=PLANE('',#1583);
#42=PLANE('',#1584);
#43=PLANE('',#1585);
#44=PLANE('',#1586);
#45=PLANE('',#1587);
#46=PLANE('',#1588);
#47=PLANE('',#1589);
#48=PLANE('',#1590);
#49=PLANE('',#1591);
#50=PLANE('',#1592);
#51=PLANE('',#1593);
#52=PLANE('',#1594);
#53=PLANE('',#1595);
#54=PLANE('',#1596);
#55=PLANE('',#1597);
#56=PLANE('',#1598);
#57=PLANE('',#1599);
#58=PLANE('',#1600);
#59=PLANE('',#1602);
#60=PLANE('',#1605);
#61=PLANE('',#1606);
#62=PLANE('',#1607);
#63=PLANE('',#1608);
#64=PLANE('',#1609);
#65=PLANE('',#1610);
#66=PLANE('',#1611);
#67=PLANE('',#1612);
#68=PLANE('',#1613);
#69=PLANE('',#1614);
#70=PLANE('',#1615);
#71=PLANE('',#1616);
#72=FACE_OUTER_BOUND('',#157,.T.);
#73=FACE_OUTER_BOUND('',#158,.T.);
#74=FACE_OUTER_BOUND('',#159,.T.);
#75=FACE_OUTER_BOUND('',#160,.T.);
#76=FACE_OUTER_BOUND('',#161,.T.);
#77=FACE_OUTER_BOUND('',#162,.T.);
#78=FACE_OUTER_BOUND('',#163,.T.);
#79=FACE_OUTER_BOUND('',#164,.T.);
#80=FACE_OUTER_BOUND('',#165,.T.);
#81=FACE_OUTER_BOUND('',#166,.T.);
#82=FACE_OUTER_BOUND('',#167,.T.);
#83=FACE_OUTER_BOUND('',#168,.T.);
#84=FACE_OUTER_BOUND('',#169,.T.);
#85=FACE_OUTER_BOUND('',#170,.T.);
#86=FACE_OUTER_BOUND('',#171,.T.);
#87=FACE_OUTER_BOUND('',#172,.T.);
#88=FACE_OUTER_BOUND('',#173,.T.);
#89=FACE_OUTER_BOUND('',#174,.T.);
#90=FACE_OUTER_BOUND('',#175,.T.);
#91=FACE_OUTER_BOUND('',#176,.T.);
#92=FACE_OUTER_BOUND('',#177,.T.);
#93=FACE_OUTER_BOUND('',#178,.T.);
#94=FACE_OUTER_BOUND('',#179,.T.);
#95=FACE_OUTER_BOUND('',#180,.T.);
#96=FACE_OUTER_BOUND('',#181,.T.);
#97=FACE_OUTER_BOUND('',#182,.T.);
#98=FACE_OUTER_BOUND('',#183,.T.);
#99=FACE_OUTER_BOUND('',#184,.T.);
#100=FACE_OUTER_BOUND('',#185,.T.);
#101=FACE_OUTER_BOUND('',#186,.T.);
#102=FACE_OUTER_BOUND('',#187,.T.);
#103=FACE_OUTER_BOUND('',#189,.T.);
#104=FACE_OUTER_BOUND('',#191,.T.);
#105=FACE_OUTER_BOUND('',#192,.T.);
#106=FACE_OUTER_BOUND('',#193,.T.);
#107=FACE_OUTER_BOUND('',#194,.T.);
#108=FACE_OUTER_BOUND('',#195,.T.);
#109=FACE_OUTER_BOUND('',#196,.T.);
#110=FACE_OUTER_BOUND('',#197,.T.);
#111=FACE_OUTER_BOUND('',#198,.T.);
#112=FACE_OUTER_BOUND('',#199,.T.);
#113=FACE_OUTER_BOUND('',#200,.T.);
#114=FACE_OUTER_BOUND('',#201,.T.);
#115=FACE_OUTER_BOUND('',#202,.T.);
#116=FACE_OUTER_BOUND('',#203,.T.);
#117=FACE_OUTER_BOUND('',#204,.T.);
#118=FACE_OUTER_BOUND('',#205,.T.);
#119=FACE_OUTER_BOUND('',#206,.T.);
#120=FACE_OUTER_BOUND('',#207,.T.);
#121=FACE_OUTER_BOUND('',#208,.T.);
#122=FACE_OUTER_BOUND('',#209,.T.);
#123=FACE_OUTER_BOUND('',#210,.T.);
#124=FACE_OUTER_BOUND('',#211,.T.);
#125=FACE_OUTER_BOUND('',#212,.T.);
#126=FACE_OUTER_BOUND('',#213,.T.);
#127=FACE_OUTER_BOUND('',#215,.T.);
#128=FACE_OUTER_BOUND('',#216,.T.);
#129=FACE_OUTER_BOUND('',#217,.T.);
#130=FACE_OUTER_BOUND('',#218,.T.);
#131=FACE_OUTER_BOUND('',#223,.T.);
#132=FACE_OUTER_BOUND('',#227,.T.);
#133=FACE_OUTER_BOUND('',#228,.T.);
#134=FACE_OUTER_BOUND('',#229,.T.);
#135=FACE_OUTER_BOUND('',#230,.T.);
#136=FACE_OUTER_BOUND('',#231,.T.);
#137=FACE_OUTER_BOUND('',#232,.T.);
#138=FACE_OUTER_BOUND('',#233,.T.);
#139=FACE_OUTER_BOUND('',#234,.T.);
#140=FACE_OUTER_BOUND('',#235,.T.);
#141=FACE_OUTER_BOUND('',#236,.T.);
#142=FACE_OUTER_BOUND('',#237,.T.);
#143=FACE_OUTER_BOUND('',#238,.T.);
#144=FACE_OUTER_BOUND('',#239,.T.);
#145=FACE_OUTER_BOUND('',#240,.T.);
#146=FACE_OUTER_BOUND('',#241,.T.);
#147=FACE_OUTER_BOUND('',#242,.T.);
#148=FACE_OUTER_BOUND('',#243,.T.);
#149=FACE_OUTER_BOUND('',#244,.T.);
#150=FACE_OUTER_BOUND('',#245,.T.);
#151=FACE_OUTER_BOUND('',#246,.T.);
#152=FACE_OUTER_BOUND('',#247,.T.);
#153=FACE_OUTER_BOUND('',#248,.T.);
#154=FACE_OUTER_BOUND('',#249,.T.);
#155=FACE_OUTER_BOUND('',#250,.T.);
#156=FACE_OUTER_BOUND('',#251,.T.);
#157=EDGE_LOOP('',(#977,#978,#979,#980));
#158=EDGE_LOOP('',(#981,#982,#983,#984));
#159=EDGE_LOOP('',(#985,#986,#987,#988));
#160=EDGE_LOOP('',(#989,#990,#991,#992));
#161=EDGE_LOOP('',(#993,#994,#995,#996));
#162=EDGE_LOOP('',(#997,#998,#999,#1000));
#163=EDGE_LOOP('',(#1001,#1002,#1003,#1004));
#164=EDGE_LOOP('',(#1005,#1006,#1007,#1008));
#165=EDGE_LOOP('',(#1009,#1010,#1011,#1012,#1013,#1014,#1015,#1016));
#166=EDGE_LOOP('',(#1017,#1018,#1019,#1020,#1021,#1022,#1023,#1024));
#167=EDGE_LOOP('',(#1025,#1026,#1027,#1028));
#168=EDGE_LOOP('',(#1029,#1030,#1031,#1032));
#169=EDGE_LOOP('',(#1033,#1034,#1035,#1036));
#170=EDGE_LOOP('',(#1037,#1038,#1039,#1040));
#171=EDGE_LOOP('',(#1041,#1042,#1043,#1044));
#172=EDGE_LOOP('',(#1045,#1046,#1047,#1048));
#173=EDGE_LOOP('',(#1049,#1050,#1051,#1052));
#174=EDGE_LOOP('',(#1053,#1054,#1055,#1056));
#175=EDGE_LOOP('',(#1057,#1058,#1059,#1060));
#176=EDGE_LOOP('',(#1061,#1062,#1063,#1064));
#177=EDGE_LOOP('',(#1065,#1066,#1067,#1068));
#178=EDGE_LOOP('',(#1069,#1070,#1071,#1072));
#179=EDGE_LOOP('',(#1073,#1074,#1075,#1076));
#180=EDGE_LOOP('',(#1077,#1078,#1079,#1080));
#181=EDGE_LOOP('',(#1081,#1082,#1083,#1084));
#182=EDGE_LOOP('',(#1085,#1086,#1087,#1088));
#183=EDGE_LOOP('',(#1089,#1090,#1091,#1092));
#184=EDGE_LOOP('',(#1093,#1094,#1095,#1096));
#185=EDGE_LOOP('',(#1097,#1098,#1099,#1100));
#186=EDGE_LOOP('',(#1101,#1102,#1103,#1104));
#187=EDGE_LOOP('',(#1105,#1106,#1107,#1108,#1109,#1110,#1111,#1112,#1113,
#1114,#1115,#1116));
#188=EDGE_LOOP('',(#1117,#1118,#1119,#1120,#1121,#1122,#1123,#1124));
#189=EDGE_LOOP('',(#1125,#1126,#1127,#1128,#1129,#1130,#1131,#1132,#1133,
#1134,#1135,#1136));
#190=EDGE_LOOP('',(#1137,#1138,#1139,#1140,#1141,#1142,#1143,#1144));
#191=EDGE_LOOP('',(#1145,#1146,#1147,#1148));
#192=EDGE_LOOP('',(#1149,#1150,#1151,#1152));
#193=EDGE_LOOP('',(#1153,#1154,#1155,#1156));
#194=EDGE_LOOP('',(#1157,#1158,#1159,#1160));
#195=EDGE_LOOP('',(#1161,#1162,#1163,#1164));
#196=EDGE_LOOP('',(#1165,#1166,#1167,#1168));
#197=EDGE_LOOP('',(#1169,#1170,#1171,#1172));
#198=EDGE_LOOP('',(#1173,#1174,#1175,#1176));
#199=EDGE_LOOP('',(#1177,#1178,#1179,#1180));
#200=EDGE_LOOP('',(#1181,#1182,#1183,#1184));
#201=EDGE_LOOP('',(#1185,#1186,#1187,#1188));
#202=EDGE_LOOP('',(#1189,#1190,#1191,#1192));
#203=EDGE_LOOP('',(#1193,#1194,#1195,#1196));
#204=EDGE_LOOP('',(#1197,#1198,#1199,#1200));
#205=EDGE_LOOP('',(#1201,#1202,#1203,#1204));
#206=EDGE_LOOP('',(#1205,#1206,#1207,#1208,#1209,#1210,#1211,#1212,#1213));
#207=EDGE_LOOP('',(#1214,#1215,#1216,#1217,#1218,#1219,#1220,#1221,#1222));
#208=EDGE_LOOP('',(#1223,#1224,#1225,#1226));
#209=EDGE_LOOP('',(#1227,#1228,#1229,#1230,#1231,#1232,#1233,#1234));
#210=EDGE_LOOP('',(#1235,#1236,#1237,#1238));
#211=EDGE_LOOP('',(#1239,#1240,#1241,#1242,#1243,#1244,#1245,#1246));
#212=EDGE_LOOP('',(#1247,#1248,#1249,#1250));
#213=EDGE_LOOP('',(#1251,#1252,#1253,#1254));
#214=EDGE_LOOP('',(#1255));
#215=EDGE_LOOP('',(#1256,#1257,#1258,#1259));
#216=EDGE_LOOP('',(#1260,#1261,#1262,#1263));
#217=EDGE_LOOP('',(#1264,#1265,#1266,#1267));
#218=EDGE_LOOP('',(#1268,#1269,#1270,#1271));
#219=EDGE_LOOP('',(#1272));
#220=EDGE_LOOP('',(#1273,#1274,#1275,#1276,#1277,#1278,#1279,#1280,#1281));
#221=EDGE_LOOP('',(#1282,#1283,#1284,#1285));
#222=EDGE_LOOP('',(#1286,#1287,#1288,#1289,#1290,#1291,#1292,#1293,#1294,
#1295,#1296,#1297));
#223=EDGE_LOOP('',(#1298,#1299,#1300,#1301));
#224=EDGE_LOOP('',(#1302,#1303,#1304,#1305,#1306,#1307,#1308,#1309,#1310));
#225=EDGE_LOOP('',(#1311,#1312,#1313,#1314));
#226=EDGE_LOOP('',(#1315,#1316,#1317,#1318,#1319,#1320,#1321,#1322,#1323,
#1324,#1325,#1326));
#227=EDGE_LOOP('',(#1327,#1328,#1329,#1330));
#228=EDGE_LOOP('',(#1331,#1332,#1333,#1334));
#229=EDGE_LOOP('',(#1335,#1336,#1337,#1338));
#230=EDGE_LOOP('',(#1339,#1340,#1341,#1342));
#231=EDGE_LOOP('',(#1343,#1344,#1345,#1346));
#232=EDGE_LOOP('',(#1347,#1348,#1349,#1350));
#233=EDGE_LOOP('',(#1351,#1352,#1353,#1354));
#234=EDGE_LOOP('',(#1355,#1356,#1357,#1358));
#235=EDGE_LOOP('',(#1359,#1360,#1361,#1362));
#236=EDGE_LOOP('',(#1363,#1364,#1365,#1366));
#237=EDGE_LOOP('',(#1367,#1368,#1369,#1370));
#238=EDGE_LOOP('',(#1371,#1372,#1373,#1374));
#239=EDGE_LOOP('',(#1375,#1376,#1377,#1378));
#240=EDGE_LOOP('',(#1379,#1380,#1381,#1382));
#241=EDGE_LOOP('',(#1383,#1384,#1385,#1386));
#242=EDGE_LOOP('',(#1387,#1388,#1389,#1390));
#243=EDGE_LOOP('',(#1391,#1392,#1393,#1394));
#244=EDGE_LOOP('',(#1395,#1396,#1397,#1398));
#245=EDGE_LOOP('',(#1399,#1400,#1401,#1402));
#246=EDGE_LOOP('',(#1403,#1404,#1405,#1406));
#247=EDGE_LOOP('',(#1407,#1408,#1409,#1410));
#248=EDGE_LOOP('',(#1411,#1412,#1413,#1414));
#249=EDGE_LOOP('',(#1415,#1416,#1417,#1418));
#250=EDGE_LOOP('',(#1419,#1420,#1421,#1422));
#251=EDGE_LOOP('',(#1423,#1424,#1425,#1426));
#252=LINE('',#1845,#379);
#253=LINE('',#1852,#380);
#254=LINE('',#1877,#381);
#255=LINE('',#1902,#382);
#256=LINE('',#1927,#383);
#257=LINE('',#1952,#384);
#258=LINE('',#1977,#385);
#259=LINE('',#2002,#386);
#260=LINE('',#2047,#387);
#261=LINE('',#2054,#388);
#262=LINE('',#2074,#389);
#263=LINE('',#2099,#390);
#264=LINE('',#2124,#391);
#265=LINE('',#2150,#392);
#266=LINE('',#2157,#393);
#267=LINE('',#2177,#394);
#268=LINE('',#2201,#395);
#269=LINE('',#2226,#396);
#270=LINE('',#2251,#397);
#271=LINE('',#2276,#398);
#272=LINE('',#2301,#399);
#273=LINE('',#2325,#400);
#274=LINE('',#2350,#401);
#275=LINE('',#2396,#402);
#276=LINE('',#2420,#403);
#277=LINE('',#2445,#404);
#278=LINE('',#2470,#405);
#279=LINE('',#2495,#406);
#280=LINE('',#2528,#407);
#281=LINE('',#2530,#408);
#282=LINE('',#2532,#409);
#283=LINE('',#2533,#410);
#284=LINE('',#2536,#411);
#285=LINE('',#2538,#412);
#286=LINE('',#2539,#413);
#287=LINE('',#2542,#414);
#288=LINE('',#2544,#415);
#289=LINE('',#2545,#416);
#290=LINE('',#2547,#417);
#291=LINE('',#2548,#418);
#292=LINE('',#2571,#419);
#293=LINE('',#2578,#420);
#294=LINE('',#2598,#421);
#295=LINE('',#2606,#422);
#296=LINE('',#2608,#423);
#297=LINE('',#2609,#424);
#298=LINE('',#2612,#425);
#299=LINE('',#2614,#426);
#300=LINE('',#2615,#427);
#301=LINE('',#2618,#428);
#302=LINE('',#2620,#429);
#303=LINE('',#2621,#430);
#304=LINE('',#2624,#431);
#305=LINE('',#2626,#432);
#306=LINE('',#2627,#433);
#307=LINE('',#2647,#434);
#308=LINE('',#2672,#435);
#309=LINE('',#2679,#436);
#310=LINE('',#2680,#437);
#311=LINE('',#2686,#438);
#312=LINE('',#2688,#439);
#313=LINE('',#2690,#440);
#314=LINE('',#2691,#441);
#315=LINE('',#2695,#442);
#316=LINE('',#2697,#443);
#317=LINE('',#2699,#444);
#318=LINE('',#2701,#445);
#319=LINE('',#2703,#446);
#320=LINE('',#2704,#447);
#321=LINE('',#2705,#448);
#322=LINE('',#2708,#449);
#323=LINE('',#2709,#450);
#324=LINE('',#2713,#451);
#325=LINE('',#2714,#452);
#326=LINE('',#2716,#453);
#327=LINE('',#2718,#454);
#328=LINE('',#2720,#455);
#329=LINE('',#2721,#456);
#330=LINE('',#2723,#457);
#331=LINE('',#2725,#458);
#332=LINE('',#2726,#459);
#333=LINE('',#2730,#460);
#334=LINE('',#2733,#461);
#335=LINE('',#2736,#462);
#336=LINE('',#2740,#463);
#337=LINE('',#2742,#464);
#338=LINE('',#2744,#465);
#339=LINE('',#2758,#466);
#340=LINE('',#2771,#467);
#341=LINE('',#2774,#468);
#342=LINE('',#2776,#469);
#343=LINE('',#2778,#470);
#344=LINE('',#2779,#471);
#345=LINE('',#2855,#472);
#346=LINE('',#2857,#473);
#347=LINE('',#2875,#474);
#348=LINE('',#2893,#475);
#349=LINE('',#2894,#476);
#350=LINE('',#2897,#477);
#351=LINE('',#2899,#478);
#352=LINE('',#2901,#479);
#353=LINE('',#2902,#480);
#354=LINE('',#3000,#481);
#355=LINE('',#3001,#482);
#356=LINE('',#3012,#483);
#357=LINE('',#3023,#484);
#358=LINE('',#3025,#485);
#359=LINE('',#3027,#486);
#360=LINE('',#3029,#487);
#361=LINE('',#3031,#488);
#362=LINE('',#3042,#489);
#363=LINE('',#3054,#490);
#364=LINE('',#3055,#491);
#365=LINE('',#3057,#492);
#366=LINE('',#3059,#493);
#367=LINE('',#3071,#494);
#368=LINE('',#3072,#495);
#369=LINE('',#3083,#496);
#370=LINE('',#3094,#497);
#371=LINE('',#3105,#498);
#372=LINE('',#3116,#499);
#373=LINE('',#3127,#500);
#374=LINE('',#3138,#501);
#375=LINE('',#3149,#502);
#376=LINE('',#3160,#503);
#377=LINE('',#3171,#504);
#378=LINE('',#3182,#505);
#379=VECTOR('',#1619,10.);
#380=VECTOR('',#1620,10.);
#381=VECTOR('',#1621,10.);
#382=VECTOR('',#1622,10.);
#383=VECTOR('',#1623,10.);
#384=VECTOR('',#1624,10.);
#385=VECTOR('',#1625,10.);
#386=VECTOR('',#1626,10.);
#387=VECTOR('',#1631,10.);
#388=VECTOR('',#1632,10.);
#389=VECTOR('',#1633,10.);
#390=VECTOR('',#1634,10.);
#391=VECTOR('',#1635,10.);
#392=VECTOR('',#1636,10.);
#393=VECTOR('',#1637,10.);
#394=VECTOR('',#1638,10.);
#395=VECTOR('',#1639,10.);
#396=VECTOR('',#1640,10.);
#397=VECTOR('',#1641,10.);
#398=VECTOR('',#1642,10.);
#399=VECTOR('',#1643,10.);
#400=VECTOR('',#1644,10.);
#401=VECTOR('',#1645,10.);
#402=VECTOR('',#1646,10.);
#403=VECTOR('',#1647,10.);
#404=VECTOR('',#1648,10.);
#405=VECTOR('',#1649,10.);
#406=VECTOR('',#1650,10.);
#407=VECTOR('',#1657,10.);
#408=VECTOR('',#1658,10.);
#409=VECTOR('',#1659,10.);
#410=VECTOR('',#1660,10.);
#411=VECTOR('',#1663,10.);
#412=VECTOR('',#1664,10.);
#413=VECTOR('',#1665,10.);
#414=VECTOR('',#1668,10.);
#415=VECTOR('',#1669,10.);
#416=VECTOR('',#1670,10.);
#417=VECTOR('',#1673,10.);
#418=VECTOR('',#1674,10.);
#419=VECTOR('',#1679,10.);
#420=VECTOR('',#1680,10.);
#421=VECTOR('',#1681,10.);
#422=VECTOR('',#1684,10.);
#423=VECTOR('',#1685,10.);
#424=VECTOR('',#1686,10.);
#425=VECTOR('',#1689,10.);
#426=VECTOR('',#1690,10.);
#427=VECTOR('',#1691,10.);
#428=VECTOR('',#1694,10.);
#429=VECTOR('',#1695,10.);
#430=VECTOR('',#1696,10.);
#431=VECTOR('',#1699,10.);
#432=VECTOR('',#1700,10.);
#433=VECTOR('',#1701,10.);
#434=VECTOR('',#1702,10.);
#435=VECTOR('',#1703,10.);
#436=VECTOR('',#1706,10.);
#437=VECTOR('',#1707,10.);
#438=VECTOR('',#1714,10.);
#439=VECTOR('',#1715,10.);
#440=VECTOR('',#1716,10.);
#441=VECTOR('',#1717,10.);
#442=VECTOR('',#1720,10.);
#443=VECTOR('',#1721,10.);
#444=VECTOR('',#1722,10.);
#445=VECTOR('',#1723,10.);
#446=VECTOR('',#1724,10.);
#447=VECTOR('',#1725,10.);
#448=VECTOR('',#1726,10.);
#449=VECTOR('',#1729,10.);
#450=VECTOR('',#1730,10.);
#451=VECTOR('',#1733,10.);
#452=VECTOR('',#1734,10.);
#453=VECTOR('',#1735,10.);
#454=VECTOR('',#1736,10.);
#455=VECTOR('',#1737,10.);
#456=VECTOR('',#1738,10.);
#457=VECTOR('',#1741,10.);
#458=VECTOR('',#1744,10.);
#459=VECTOR('',#1745,10.);
#460=VECTOR('',#1750,10.);
#461=VECTOR('',#1753,2.5);
#462=VECTOR('',#1758,10.);
#463=VECTOR('',#1761,10.);
#464=VECTOR('',#1762,10.);
#465=VECTOR('',#1763,10.);
#466=VECTOR('',#1764,10.);
#467=VECTOR('',#1765,10.);
#468=VECTOR('',#1766,10.);
#469=VECTOR('',#1767,10.);
#470=VECTOR('',#1768,10.);
#471=VECTOR('',#1769,10.);
#472=VECTOR('',#1772,10.);
#473=VECTOR('',#1773,10.);
#474=VECTOR('',#1774,10.);
#475=VECTOR('',#1775,10.);
#476=VECTOR('',#1776,10.);
#477=VECTOR('',#1777,10.);
#478=VECTOR('',#1778,10.);
#479=VECTOR('',#1779,10.);
#480=VECTOR('',#1780,10.);
#481=VECTOR('',#1783,10.);
#482=VECTOR('',#1784,10.);
#483=VECTOR('',#1785,10.);
#484=VECTOR('',#1786,10.);
#485=VECTOR('',#1789,10.);
#486=VECTOR('',#1792,10.);
#487=VECTOR('',#1795,10.);
#488=VECTOR('',#1798,10.);
#489=VECTOR('',#1799,10.);
#490=VECTOR('',#1802,10.);
#491=VECTOR('',#1803,10.);
#492=VECTOR('',#1806,10.);
#493=VECTOR('',#1809,10.);
#494=VECTOR('',#1812,10.);
#495=VECTOR('',#1813,10.);
#496=VECTOR('',#1814,10.);
#497=VECTOR('',#1815,10.);
#498=VECTOR('',#1816,10.);
#499=VECTOR('',#1817,10.);
#500=VECTOR('',#1818,10.);
#501=VECTOR('',#1819,10.);
#502=VECTOR('',#1820,10.);
#503=VECTOR('',#1821,10.);
#504=VECTOR('',#1822,10.);
#505=VECTOR('',#1823,10.);
#506=B_SPLINE_CURVE_WITH_KNOTS('',3,(#1837,#1838,#1839,#1840,#1841,#1842,
#1843),.UNSPECIFIED.,.F.,.F.,(4,3,4),(0.,0.216298322473061,0.35281084166197),
 .UNSPECIFIED.);
#507=B_SPLINE_CURVE_WITH_KNOTS('',3,(#1847,#1848,#1849,#1850,#1851),
 .UNSPECIFIED.,.F.,.F.,(4,1,4),(-0.336006008242764,-0.205995755633303,0.),
 .UNSPECIFIED.);
#508=B_SPLINE_CURVE_WITH_KNOTS('',3,(#1864,#1865,#1866,#1867,#1868,#1869,
#1870),.UNSPECIFIED.,.F.,.F.,(4,3,4),(0.,0.0925624184463292,0.17740326170812),
 .UNSPECIFIED.);
#509=B_SPLINE_CURVE_WITH_KNOTS('',3,(#1872,#1873,#1874,#1875,#1876),
 .UNSPECIFIED.,.F.,.F.,(4,1,4),(-0.170291808629417,-0.0888519269407369,
0.),.UNSPECIFIED.);
#510=B_SPLINE_CURVE_WITH_KNOTS('',3,(#1889,#1890,#1891,#1892,#1893,#1894,
#1895),.UNSPECIFIED.,.F.,.F.,(4,3,4),(0.,0.0840611543516639,0.169905043895257),
 .UNSPECIFIED.);
#511=B_SPLINE_CURVE_WITH_KNOTS('',3,(#1897,#1898,#1899,#1900,#1901),
 .UNSPECIFIED.,.F.,.F.,(4,1,4),(-0.157930611451318,-0.0781367592256189,
0.),.UNSPECIFIED.);
#512=B_SPLINE_CURVE_WITH_KNOTS('',3,(#1914,#1915,#1916,#1917,#1918,#1919,
#1920),.UNSPECIFIED.,.F.,.F.,(4,3,4),(0.,0.155630653532553,0.389446952389071),
 .UNSPECIFIED.);
#513=B_SPLINE_CURVE_WITH_KNOTS('',3,(#1922,#1923,#1924,#1925,#1926),
 .UNSPECIFIED.,.F.,.F.,(4,1,4),(-0.346684596116817,-0.138541975825829,0.),
 .UNSPECIFIED.);
#514=B_SPLINE_CURVE_WITH_KNOTS('',3,(#1939,#1940,#1941,#1942,#1943,#1944,
#1945),.UNSPECIFIED.,.F.,.F.,(4,3,4),(0.,0.215770040665894,0.35231526274862),
 .UNSPECIFIED.);
#515=B_SPLINE_CURVE_WITH_KNOTS('',3,(#1947,#1948,#1949,#1950,#1951),
 .UNSPECIFIED.,.F.,.F.,(4,1,4),(-0.335661090651214,-0.205570450211937,0.),
 .UNSPECIFIED.);
#516=B_SPLINE_CURVE_WITH_KNOTS('',3,(#1964,#1965,#1966,#1967,#1968,#1969,
#1970),.UNSPECIFIED.,.F.,.F.,(4,3,4),(0.,0.0925586789291397,0.17645504975215),
 .UNSPECIFIED.);
#517=B_SPLINE_CURVE_WITH_KNOTS('',3,(#1972,#1973,#1974,#1975,#1976),
 .UNSPECIFIED.,.F.,.F.,(4,1,4),(-0.169250763425189,-0.0887797039097937,
0.),.UNSPECIFIED.);
#518=B_SPLINE_CURVE_WITH_KNOTS('',3,(#1989,#1990,#1991,#1992,#1993,#1994,
#1995),.UNSPECIFIED.,.F.,.F.,(4,3,4),(0.,0.0896922712471558,0.188815444233458),
 .UNSPECIFIED.);
#519=B_SPLINE_CURVE_WITH_KNOTS('',3,(#1997,#1998,#1999,#2000,#2001),
 .UNSPECIFIED.,.F.,.F.,(4,1,4),(-0.169448720738606,-0.0804925713819205,
0.),.UNSPECIFIED.);
#520=B_SPLINE_CURVE_WITH_KNOTS('',3,(#2013,#2014,#2015,#2016,#2017,#2018,
#2019),.UNSPECIFIED.,.F.,.F.,(4,3,4),(0.,0.144928866070689,0.373331846304524),
 .UNSPECIFIED.);
#521=B_SPLINE_CURVE_WITH_KNOTS('',3,(#2020,#2021,#2022,#2023,#2024),
 .UNSPECIFIED.,.F.,.F.,(4,1,4),(-0.335316274244739,-0.130171074025381,0.),
 .UNSPECIFIED.);
#522=B_SPLINE_CURVE_WITH_KNOTS('',3,(#2039,#2040,#2041,#2042,#2043,#2044,
#2045),.UNSPECIFIED.,.F.,.F.,(4,3,4),(0.,0.216298322473061,0.35281084166197),
 .UNSPECIFIED.);
#523=B_SPLINE_CURVE_WITH_KNOTS('',3,(#2049,#2050,#2051,#2052,#2053),
 .UNSPECIFIED.,.F.,.F.,(4,1,4),(0.,0.205995755633303,0.336006008242764),
 .UNSPECIFIED.);
#524=B_SPLINE_CURVE_WITH_KNOTS('',3,(#2066,#2067,#2068,#2069,#2070,#2071,
#2072),.UNSPECIFIED.,.F.,.F.,(4,3,4),(0.,0.0925624184463292,0.17740326170812),
 .UNSPECIFIED.);
#525=B_SPLINE_CURVE_WITH_KNOTS('',3,(#2075,#2076,#2077,#2078,#2079),
 .UNSPECIFIED.,.F.,.F.,(4,1,4),(0.,0.0888519269407369,0.170291808629417),
 .UNSPECIFIED.);
#526=B_SPLINE_CURVE_WITH_KNOTS('',3,(#2091,#2092,#2093,#2094,#2095,#2096,
#2097),.UNSPECIFIED.,.F.,.F.,(4,3,4),(0.,0.0840611543516605,0.16990504389525),
 .UNSPECIFIED.);
#527=B_SPLINE_CURVE_WITH_KNOTS('',3,(#2100,#2101,#2102,#2103,#2104),
 .UNSPECIFIED.,.F.,.F.,(4,1,4),(0.,0.0781367592256189,0.157930611451318),
 .UNSPECIFIED.);
#528=B_SPLINE_CURVE_WITH_KNOTS('',3,(#2116,#2117,#2118,#2119,#2120,#2121,
#2122),.UNSPECIFIED.,.F.,.F.,(4,3,4),(0.,0.155630653532553,0.389446952389071),
 .UNSPECIFIED.);
#529=B_SPLINE_CURVE_WITH_KNOTS('',3,(#2125,#2126,#2127,#2128,#2129),
 .UNSPECIFIED.,.F.,.F.,(4,1,4),(0.,0.138541975825829,0.346684596116817),
 .UNSPECIFIED.);
#530=B_SPLINE_CURVE_WITH_KNOTS('',3,(#2142,#2143,#2144,#2145,#2146,#2147,
#2148),.UNSPECIFIED.,.F.,.F.,(4,3,4),(0.,0.117060563127237,0.266972868457105),
 .UNSPECIFIED.);
#531=B_SPLINE_CURVE_WITH_KNOTS('',3,(#2152,#2153,#2154,#2155,#2156),
 .UNSPECIFIED.,.F.,.F.,(4,1,4),(0.,0.104291649604622,0.237851588163006),
 .UNSPECIFIED.);
#532=B_SPLINE_CURVE_WITH_KNOTS('',3,(#2169,#2170,#2171,#2172,#2173,#2174,
#2175),.UNSPECIFIED.,.F.,.F.,(4,3,4),(0.,0.161525356379266,0.291321748237999),
 .UNSPECIFIED.);
#533=B_SPLINE_CURVE_WITH_KNOTS('',3,(#2178,#2179,#2180,#2181,#2182),
 .UNSPECIFIED.,.F.,.F.,(4,1,4),(0.,0.159277782296877,0.287268098546996),
 .UNSPECIFIED.);
#534=B_SPLINE_CURVE_WITH_KNOTS('',3,(#2194,#2195,#2196,#2197,#2198,#2199),
 .UNSPECIFIED.,.F.,.F.,(4,2,4),(0.,0.10186283284787,0.204254819902245),
 .UNSPECIFIED.);
#535=B_SPLINE_CURVE_WITH_KNOTS('',3,(#2202,#2203,#2204,#2205,#2206),
 .UNSPECIFIED.,.F.,.F.,(4,1,4),(0.,0.105922758671558,0.201062898627169),
 .UNSPECIFIED.);
#536=B_SPLINE_CURVE_WITH_KNOTS('',3,(#2218,#2219,#2220,#2221,#2222,#2223,
#2224),.UNSPECIFIED.,.F.,.F.,(4,3,4),(0.,0.100962375093192,0.211466930591478),
 .UNSPECIFIED.);
#537=B_SPLINE_CURVE_WITH_KNOTS('',3,(#2227,#2228,#2229,#2230,#2231),
 .UNSPECIFIED.,.F.,.F.,(4,1,4),(0.,0.0926771787059894,0.194113485332963),
 .UNSPECIFIED.);
#538=B_SPLINE_CURVE_WITH_KNOTS('',3,(#2243,#2244,#2245,#2246,#2247,#2248,
#2249),.UNSPECIFIED.,.F.,.F.,(4,3,4),(0.,0.136316899491175,0.265882067912913),
 .UNSPECIFIED.);
#539=B_SPLINE_CURVE_WITH_KNOTS('',3,(#2252,#2253,#2254,#2255,#2256),
 .UNSPECIFIED.,.F.,.F.,(4,1,4),(0.,0.131669479465675,0.256817413042886),
 .UNSPECIFIED.);
#540=B_SPLINE_CURVE_WITH_KNOTS('',3,(#2268,#2269,#2270,#2271,#2272,#2273,
#2274),.UNSPECIFIED.,.F.,.F.,(4,3,4),(0.,0.204841544390935,0.482167833495799),
 .UNSPECIFIED.);
#541=B_SPLINE_CURVE_WITH_KNOTS('',3,(#2277,#2278,#2279,#2280,#2281),
 .UNSPECIFIED.,.F.,.F.,(4,1,4),(0.,0.180044075966027,0.423798123082955),
 .UNSPECIFIED.);
#542=B_SPLINE_CURVE_WITH_KNOTS('',3,(#2293,#2294,#2295,#2296,#2297,#2298,
#2299),.UNSPECIFIED.,.F.,.F.,(4,3,4),(0.,0.215770040665894,0.35231526274862),
 .UNSPECIFIED.);
#543=B_SPLINE_CURVE_WITH_KNOTS('',3,(#2302,#2303,#2304,#2305,#2306),
 .UNSPECIFIED.,.F.,.F.,(4,1,4),(0.,0.205570450211937,0.335661090651214),
 .UNSPECIFIED.);
#544=B_SPLINE_CURVE_WITH_KNOTS('',3,(#2318,#2319,#2320,#2321,#2322,#2323),
 .UNSPECIFIED.,.F.,.F.,(4,2,4),(0.,0.088034338247468,0.17645504975215),
 .UNSPECIFIED.);
#545=B_SPLINE_CURVE_WITH_KNOTS('',3,(#2326,#2327,#2328,#2329,#2330),
 .UNSPECIFIED.,.F.,.F.,(4,1,4),(0.,0.0887797039097937,0.169250763425189),
 .UNSPECIFIED.);
#546=B_SPLINE_CURVE_WITH_KNOTS('',3,(#2342,#2343,#2344,#2345,#2346,#2347,
#2348),.UNSPECIFIED.,.F.,.F.,(4,3,4),(0.,0.0896922712471558,0.188815444233458),
 .UNSPECIFIED.);
#547=B_SPLINE_CURVE_WITH_KNOTS('',3,(#2351,#2352,#2353,#2354,#2355),
 .UNSPECIFIED.,.F.,.F.,(4,1,4),(0.,0.0804925713819205,0.169448720738606),
 .UNSPECIFIED.);
#548=B_SPLINE_CURVE_WITH_KNOTS('',3,(#2366,#2367,#2368,#2369,#2370,#2371,
#2372),.UNSPECIFIED.,.F.,.F.,(4,3,4),(0.,0.144928866070689,0.373331846304524),
 .UNSPECIFIED.);
#549=B_SPLINE_CURVE_WITH_KNOTS('',3,(#2373,#2374,#2375,#2376,#2377),
 .UNSPECIFIED.,.F.,.F.,(4,1,4),(0.,0.130171074025381,0.335316274244739),
 .UNSPECIFIED.);
#550=B_SPLINE_CURVE_WITH_KNOTS('',3,(#2389,#2390,#2391,#2392,#2393,#2394),
 .UNSPECIFIED.,.F.,.F.,(4,2,4),(0.,0.144976705099608,0.292857452960263),
 .UNSPECIFIED.);
#551=B_SPLINE_CURVE_WITH_KNOTS('',3,(#2397,#2398,#2399,#2400,#2401),
 .UNSPECIFIED.,.F.,.F.,(4,1,4),(0.,0.160304208813227,0.288682140165076),
 .UNSPECIFIED.);
#552=B_SPLINE_CURVE_WITH_KNOTS('',3,(#2413,#2414,#2415,#2416,#2417,#2418),
 .UNSPECIFIED.,.F.,.F.,(4,2,4),(0.,0.101811419344657,0.204167954651761),
 .UNSPECIFIED.);
#553=B_SPLINE_CURVE_WITH_KNOTS('',3,(#2421,#2422,#2423,#2424,#2425),
 .UNSPECIFIED.,.F.,.F.,(4,1,4),(0.,0.105954916716038,0.200960144769914),
 .UNSPECIFIED.);
#554=B_SPLINE_CURVE_WITH_KNOTS('',3,(#2437,#2438,#2439,#2440,#2441,#2442,
#2443),.UNSPECIFIED.,.F.,.F.,(4,3,4),(0.,0.10053451522786,0.210330767026455),
 .UNSPECIFIED.);
#555=B_SPLINE_CURVE_WITH_KNOTS('',3,(#2446,#2447,#2448,#2449,#2450),
 .UNSPECIFIED.,.F.,.F.,(4,1,4),(0.,0.0924051099572599,0.193323035481136),
 .UNSPECIFIED.);
#556=B_SPLINE_CURVE_WITH_KNOTS('',3,(#2462,#2463,#2464,#2465,#2466,#2467,
#2468),.UNSPECIFIED.,.F.,.F.,(4,3,4),(0.,0.0768539345301806,0.147668161157859),
 .UNSPECIFIED.);
#557=B_SPLINE_CURVE_WITH_KNOTS('',3,(#2471,#2472,#2473,#2474,#2475),
 .UNSPECIFIED.,.F.,.F.,(4,1,4),(0.,0.0759786940900337,0.145986462658523),
 .UNSPECIFIED.);
#558=B_SPLINE_CURVE_WITH_KNOTS('',3,(#2487,#2488,#2489,#2490,#2491,#2492,
#2493),.UNSPECIFIED.,.F.,.F.,(4,3,4),(0.,0.0706275564913572,0.143345064896823),
 .UNSPECIFIED.);
#559=B_SPLINE_CURVE_WITH_KNOTS('',3,(#2496,#2497,#2498,#2499,#2500),
 .UNSPECIFIED.,.F.,.F.,(4,1,4),(0.,0.0680952773210502,0.138205573456978),
 .UNSPECIFIED.);
#560=B_SPLINE_CURVE_WITH_KNOTS('',3,(#2511,#2512,#2513,#2514,#2515,#2516,
#2517),.UNSPECIFIED.,.F.,.F.,(4,3,4),(0.,0.0828712788056055,0.175468986044805),
 .UNSPECIFIED.);
#561=B_SPLINE_CURVE_WITH_KNOTS('',3,(#2518,#2519,#2520,#2521,#2522),
 .UNSPECIFIED.,.F.,.F.,(4,1,4),(0.,0.0763515214853463,0.161664261142133),
 .UNSPECIFIED.);
#562=B_SPLINE_CURVE_WITH_KNOTS('',3,(#2563,#2564,#2565,#2566,#2567,#2568,
#2569),.UNSPECIFIED.,.F.,.F.,(4,3,4),(0.,0.110816594515343,0.216352633052512),
 .UNSPECIFIED.);
#563=B_SPLINE_CURVE_WITH_KNOTS('',3,(#2573,#2574,#2575,#2576,#2577),
 .UNSPECIFIED.,.F.,.F.,(4,1,4),(0.,0.11037944546206,0.215499165671314),
 .UNSPECIFIED.);
#564=B_SPLINE_CURVE_WITH_KNOTS('',3,(#2590,#2591,#2592,#2593,#2594,#2595,
#2596),.UNSPECIFIED.,.F.,.F.,(4,3,4),(0.,0.0957908549439946,0.175624034820825),
 .UNSPECIFIED.);
#565=B_SPLINE_CURVE_WITH_KNOTS('',3,(#2599,#2600,#2601,#2602,#2603),
 .UNSPECIFIED.,.F.,.F.,(4,1,4),(0.,0.0945492151670749,0.173347598437162),
 .UNSPECIFIED.);
#566=B_SPLINE_CURVE_WITH_KNOTS('',3,(#2639,#2640,#2641,#2642,#2643,#2644,
#2645),.UNSPECIFIED.,.F.,.F.,(4,3,4),(0.,0.0732177216402343,0.15872593965547),
 .UNSPECIFIED.);
#567=B_SPLINE_CURVE_WITH_KNOTS('',3,(#2648,#2649,#2650,#2651,#2652),
 .UNSPECIFIED.,.F.,.F.,(4,1,4),(0.,0.0664428050068556,0.144038853187464),
 .UNSPECIFIED.);
#568=B_SPLINE_CURVE_WITH_KNOTS('',3,(#2664,#2665,#2666,#2667,#2668,#2669,
#2670),.UNSPECIFIED.,.F.,.F.,(4,3,4),(0.,0.0781890688255594,0.14507408051482),
 .UNSPECIFIED.);
#569=B_SPLINE_CURVE_WITH_KNOTS('',3,(#2673,#2674,#2675,#2676,#2677),
 .UNSPECIFIED.,.F.,.F.,(4,1,4),(0.,0.0776790467653154,0.144127772002088),
 .UNSPECIFIED.);
#570=B_SPLINE_CURVE_WITH_KNOTS('',3,(#2746,#2747,#2748,#2749,#2750),
 .UNSPECIFIED.,.F.,.F.,(4,1,4),(-0.173347598437162,-0.0945492151670749,
0.),.UNSPECIFIED.);
#571=B_SPLINE_CURVE_WITH_KNOTS('',3,(#2752,#2753,#2754,#2755,#2756),
 .UNSPECIFIED.,.F.,.F.,(4,1,4),(-0.215499165671314,-0.11037944546206,0.),
 .UNSPECIFIED.);
#572=B_SPLINE_CURVE_WITH_KNOTS('',3,(#2760,#2761,#2762,#2763,#2764),
 .UNSPECIFIED.,.F.,.F.,(4,1,4),(-0.144127772002088,-0.0776790467653154,
0.),.UNSPECIFIED.);
#573=B_SPLINE_CURVE_WITH_KNOTS('',3,(#2766,#2767,#2768,#2769,#2770),
 .UNSPECIFIED.,.F.,.F.,(4,1,4),(-0.144038853187464,-0.0664428050068556,
0.),.UNSPECIFIED.);
#574=B_SPLINE_CURVE_WITH_KNOTS('',3,(#2782,#2783,#2784,#2785,#2786),
 .UNSPECIFIED.,.F.,.F.,(4,1,4),(-0.288682140165076,-0.160304208813227,0.),
 .UNSPECIFIED.);
#575=B_SPLINE_CURVE_WITH_KNOTS('',3,(#2788,#2789,#2790,#2791,#2792),
 .UNSPECIFIED.,.F.,.F.,(4,1,4),(-0.423798123082955,-0.180044075966027,0.),
 .UNSPECIFIED.);
#576=B_SPLINE_CURVE_WITH_KNOTS('',3,(#2794,#2795,#2796,#2797,#2798),
 .UNSPECIFIED.,.F.,.F.,(4,1,4),(-0.256817413042886,-0.131669479465675,0.),
 .UNSPECIFIED.);
#577=B_SPLINE_CURVE_WITH_KNOTS('',3,(#2800,#2801,#2802,#2803,#2804),
 .UNSPECIFIED.,.F.,.F.,(4,1,4),(-0.194113485332963,-0.0926771787059894,
0.),.UNSPECIFIED.);
#578=B_SPLINE_CURVE_WITH_KNOTS('',3,(#2806,#2807,#2808,#2809,#2810),
 .UNSPECIFIED.,.F.,.F.,(4,1,4),(-0.201062898627169,-0.105922758671558,0.),
 .UNSPECIFIED.);
#579=B_SPLINE_CURVE_WITH_KNOTS('',3,(#2812,#2813,#2814,#2815,#2816),
 .UNSPECIFIED.,.F.,.F.,(4,1,4),(-0.287268098546996,-0.159277782296877,0.),
 .UNSPECIFIED.);
#580=B_SPLINE_CURVE_WITH_KNOTS('',3,(#2818,#2819,#2820,#2821,#2822),
 .UNSPECIFIED.,.F.,.F.,(4,1,4),(-0.237851588163006,-0.104291649604622,0.),
 .UNSPECIFIED.);
#581=B_SPLINE_CURVE_WITH_KNOTS('',3,(#2824,#2825,#2826,#2827,#2828),
 .UNSPECIFIED.,.F.,.F.,(4,1,4),(-0.161664261142133,-0.0763515214853463,
0.),.UNSPECIFIED.);
#582=B_SPLINE_CURVE_WITH_KNOTS('',3,(#2830,#2831,#2832,#2833,#2834),
 .UNSPECIFIED.,.F.,.F.,(4,1,4),(-0.138205573456978,-0.0680952773210502,
0.),.UNSPECIFIED.);
#583=B_SPLINE_CURVE_WITH_KNOTS('',3,(#2836,#2837,#2838,#2839,#2840),
 .UNSPECIFIED.,.F.,.F.,(4,1,4),(-0.145986462658523,-0.0759786940900337,
0.),.UNSPECIFIED.);
#584=B_SPLINE_CURVE_WITH_KNOTS('',3,(#2842,#2843,#2844,#2845,#2846),
 .UNSPECIFIED.,.F.,.F.,(4,1,4),(-0.193323035481136,-0.0924051099572599,
0.),.UNSPECIFIED.);
#585=B_SPLINE_CURVE_WITH_KNOTS('',3,(#2847,#2848,#2849,#2850,#2851),
 .UNSPECIFIED.,.F.,.F.,(4,1,4),(-0.200960144769914,-0.105954916716038,0.),
 .UNSPECIFIED.);
#586=B_SPLINE_CURVE_WITH_KNOTS('',3,(#2859,#2860,#2861,#2862,#2863,#2864,
#2865),.UNSPECIFIED.,.F.,.F.,(4,3,4),(0.,0.0732177216402343,0.15872593965547),
 .UNSPECIFIED.);
#587=B_SPLINE_CURVE_WITH_KNOTS('',3,(#2867,#2868,#2869,#2870,#2871,#2872,
#2873),.UNSPECIFIED.,.F.,.F.,(4,3,4),(0.,0.0781890688255594,0.14507408051482),
 .UNSPECIFIED.);
#588=B_SPLINE_CURVE_WITH_KNOTS('',3,(#2877,#2878,#2879,#2880,#2881,#2882,
#2883),.UNSPECIFIED.,.F.,.F.,(4,3,4),(0.,0.110816594515343,0.216352633052512),
 .UNSPECIFIED.);
#589=B_SPLINE_CURVE_WITH_KNOTS('',3,(#2885,#2886,#2887,#2888,#2889,#2890,
#2891),.UNSPECIFIED.,.F.,.F.,(4,3,4),(0.,0.0957908549439946,0.175624034820825),
 .UNSPECIFIED.);
#590=B_SPLINE_CURVE_WITH_KNOTS('',3,(#2905,#2906,#2907,#2908,#2909,#2910,
#2911),.UNSPECIFIED.,.F.,.F.,(4,3,4),(0.,0.162622745781941,0.292857452960263),
 .UNSPECIFIED.);
#591=B_SPLINE_CURVE_WITH_KNOTS('',3,(#2913,#2914,#2915,#2916,#2917,#2918,
#2919),.UNSPECIFIED.,.F.,.F.,(4,3,4),(0.,0.107646213412013,0.204167954651761),
 .UNSPECIFIED.);
#592=B_SPLINE_CURVE_WITH_KNOTS('',3,(#2921,#2922,#2923,#2924,#2925,#2926,
#2927),.UNSPECIFIED.,.F.,.F.,(4,3,4),(0.,0.10053451522786,0.210330767026455),
 .UNSPECIFIED.);
#593=B_SPLINE_CURVE_WITH_KNOTS('',3,(#2929,#2930,#2931,#2932,#2933,#2934,
#2935),.UNSPECIFIED.,.F.,.F.,(4,3,4),(0.,0.0768539345301858,0.147668161157869),
 .UNSPECIFIED.);
#594=B_SPLINE_CURVE_WITH_KNOTS('',3,(#2937,#2938,#2939,#2940,#2941,#2942,
#2943),.UNSPECIFIED.,.F.,.F.,(4,3,4),(0.,0.0706275564913572,0.143345064896823),
 .UNSPECIFIED.);
#595=B_SPLINE_CURVE_WITH_KNOTS('',3,(#2945,#2946,#2947,#2948,#2949,#2950,
#2951),.UNSPECIFIED.,.F.,.F.,(4,3,4),(0.,0.0828712788056055,0.175468986044805),
 .UNSPECIFIED.);
#596=B_SPLINE_CURVE_WITH_KNOTS('',3,(#2953,#2954,#2955,#2956,#2957,#2958,
#2959),.UNSPECIFIED.,.F.,.F.,(4,3,4),(0.,0.117060563127237,0.266972868457105),
 .UNSPECIFIED.);
#597=B_SPLINE_CURVE_WITH_KNOTS('',3,(#2961,#2962,#2963,#2964,#2965,#2966,
#2967),.UNSPECIFIED.,.F.,.F.,(4,3,4),(0.,0.161525356379267,0.291321748238),
 .UNSPECIFIED.);
#598=B_SPLINE_CURVE_WITH_KNOTS('',3,(#2969,#2970,#2971,#2972,#2973,#2974,
#2975),.UNSPECIFIED.,.F.,.F.,(4,3,4),(0.,0.107604307625775,0.204254819902245),
 .UNSPECIFIED.);
#599=B_SPLINE_CURVE_WITH_KNOTS('',3,(#2977,#2978,#2979,#2980,#2981,#2982,
#2983),.UNSPECIFIED.,.F.,.F.,(4,3,4),(0.,0.100962375093192,0.211466930591478),
 .UNSPECIFIED.);
#600=B_SPLINE_CURVE_WITH_KNOTS('',3,(#2985,#2986,#2987,#2988,#2989,#2990,
#2991),.UNSPECIFIED.,.F.,.F.,(4,3,4),(0.,0.136316899491175,0.265882067912913),
 .UNSPECIFIED.);
#601=B_SPLINE_CURVE_WITH_KNOTS('',3,(#2992,#2993,#2994,#2995,#2996,#2997,
#2998),.UNSPECIFIED.,.F.,.F.,(4,3,4),(0.,0.204841544390935,0.482167833495799),
 .UNSPECIFIED.);
#602=VERTEX_POINT('',#1835);
#603=VERTEX_POINT('',#1836);
#604=VERTEX_POINT('',#1844);
#605=VERTEX_POINT('',#1846);
#606=VERTEX_POINT('',#1863);
#607=VERTEX_POINT('',#1871);
#608=VERTEX_POINT('',#1888);
#609=VERTEX_POINT('',#1896);
#610=VERTEX_POINT('',#1913);
#611=VERTEX_POINT('',#1921);
#612=VERTEX_POINT('',#1938);
#613=VERTEX_POINT('',#1946);
#614=VERTEX_POINT('',#1963);
#615=VERTEX_POINT('',#1971);
#616=VERTEX_POINT('',#1988);
#617=VERTEX_POINT('',#1996);
#618=VERTEX_POINT('',#2037);
#619=VERTEX_POINT('',#2038);
#620=VERTEX_POINT('',#2046);
#621=VERTEX_POINT('',#2048);
#622=VERTEX_POINT('',#2065);
#623=VERTEX_POINT('',#2073);
#624=VERTEX_POINT('',#2090);
#625=VERTEX_POINT('',#2098);
#626=VERTEX_POINT('',#2115);
#627=VERTEX_POINT('',#2123);
#628=VERTEX_POINT('',#2140);
#629=VERTEX_POINT('',#2141);
#630=VERTEX_POINT('',#2149);
#631=VERTEX_POINT('',#2151);
#632=VERTEX_POINT('',#2168);
#633=VERTEX_POINT('',#2176);
#634=VERTEX_POINT('',#2193);
#635=VERTEX_POINT('',#2200);
#636=VERTEX_POINT('',#2217);
#637=VERTEX_POINT('',#2225);
#638=VERTEX_POINT('',#2242);
#639=VERTEX_POINT('',#2250);
#640=VERTEX_POINT('',#2267);
#641=VERTEX_POINT('',#2275);
#642=VERTEX_POINT('',#2292);
#643=VERTEX_POINT('',#2300);
#644=VERTEX_POINT('',#2317);
#645=VERTEX_POINT('',#2324);
#646=VERTEX_POINT('',#2341);
#647=VERTEX_POINT('',#2349);
#648=VERTEX_POINT('',#2388);
#649=VERTEX_POINT('',#2395);
#650=VERTEX_POINT('',#2412);
#651=VERTEX_POINT('',#2419);
#652=VERTEX_POINT('',#2436);
#653=VERTEX_POINT('',#2444);
#654=VERTEX_POINT('',#2461);
#655=VERTEX_POINT('',#2469);
#656=VERTEX_POINT('',#2486);
#657=VERTEX_POINT('',#2494);
#658=VERTEX_POINT('',#2526);
#659=VERTEX_POINT('',#2527);
#660=VERTEX_POINT('',#2529);
#661=VERTEX_POINT('',#2531);
#662=VERTEX_POINT('',#2535);
#663=VERTEX_POINT('',#2537);
#664=VERTEX_POINT('',#2541);
#665=VERTEX_POINT('',#2543);
#666=VERTEX_POINT('',#2561);
#667=VERTEX_POINT('',#2562);
#668=VERTEX_POINT('',#2570);
#669=VERTEX_POINT('',#2572);
#670=VERTEX_POINT('',#2589);
#671=VERTEX_POINT('',#2597);
#672=VERTEX_POINT('',#2605);
#673=VERTEX_POINT('',#2607);
#674=VERTEX_POINT('',#2611);
#675=VERTEX_POINT('',#2613);
#676=VERTEX_POINT('',#2617);
#677=VERTEX_POINT('',#2619);
#678=VERTEX_POINT('',#2623);
#679=VERTEX_POINT('',#2625);
#680=VERTEX_POINT('',#2638);
#681=VERTEX_POINT('',#2646);
#682=VERTEX_POINT('',#2663);
#683=VERTEX_POINT('',#2671);
#684=VERTEX_POINT('',#2684);
#685=VERTEX_POINT('',#2685);
#686=VERTEX_POINT('',#2687);
#687=VERTEX_POINT('',#2689);
#688=VERTEX_POINT('',#2693);
#689=VERTEX_POINT('',#2694);
#690=VERTEX_POINT('',#2696);
#691=VERTEX_POINT('',#2698);
#692=VERTEX_POINT('',#2700);
#693=VERTEX_POINT('',#2702);
#694=VERTEX_POINT('',#2707);
#695=VERTEX_POINT('',#2711);
#696=VERTEX_POINT('',#2712);
#697=VERTEX_POINT('',#2715);
#698=VERTEX_POINT('',#2717);
#699=VERTEX_POINT('',#2719);
#700=VERTEX_POINT('',#2727);
#701=VERTEX_POINT('',#2732);
#702=VERTEX_POINT('',#2738);
#703=VERTEX_POINT('',#2739);
#704=VERTEX_POINT('',#2741);
#705=VERTEX_POINT('',#2743);
#706=VERTEX_POINT('',#2745);
#707=VERTEX_POINT('',#2751);
#708=VERTEX_POINT('',#2757);
#709=VERTEX_POINT('',#2759);
#710=VERTEX_POINT('',#2765);
#711=VERTEX_POINT('',#2772);
#712=VERTEX_POINT('',#2773);
#713=VERTEX_POINT('',#2775);
#714=VERTEX_POINT('',#2777);
#715=VERTEX_POINT('',#2780);
#716=VERTEX_POINT('',#2781);
#717=VERTEX_POINT('',#2787);
#718=VERTEX_POINT('',#2793);
#719=VERTEX_POINT('',#2799);
#720=VERTEX_POINT('',#2805);
#721=VERTEX_POINT('',#2811);
#722=VERTEX_POINT('',#2817);
#723=VERTEX_POINT('',#2823);
#724=VERTEX_POINT('',#2829);
#725=VERTEX_POINT('',#2835);
#726=VERTEX_POINT('',#2841);
#727=VERTEX_POINT('',#2853);
#728=VERTEX_POINT('',#2854);
#729=VERTEX_POINT('',#2856);
#730=VERTEX_POINT('',#2858);
#731=VERTEX_POINT('',#2866);
#732=VERTEX_POINT('',#2874);
#733=VERTEX_POINT('',#2876);
#734=VERTEX_POINT('',#2884);
#735=VERTEX_POINT('',#2892);
#736=VERTEX_POINT('',#2895);
#737=VERTEX_POINT('',#2896);
#738=VERTEX_POINT('',#2898);
#739=VERTEX_POINT('',#2900);
#740=VERTEX_POINT('',#2903);
#741=VERTEX_POINT('',#2904);
#742=VERTEX_POINT('',#2912);
#743=VERTEX_POINT('',#2920);
#744=VERTEX_POINT('',#2928);
#745=VERTEX_POINT('',#2936);
#746=VERTEX_POINT('',#2944);
#747=VERTEX_POINT('',#2952);
#748=VERTEX_POINT('',#2960);
#749=VERTEX_POINT('',#2968);
#750=VERTEX_POINT('',#2976);
#751=VERTEX_POINT('',#2984);
#752=EDGE_CURVE('',#602,#603,#506,.T.);
#753=EDGE_CURVE('',#604,#602,#252,.T.);
#754=EDGE_CURVE('',#605,#604,#507,.T.);
#755=EDGE_CURVE('',#605,#603,#253,.T.);
#756=EDGE_CURVE('',#603,#606,#508,.T.);
#757=EDGE_CURVE('',#607,#605,#509,.T.);
#758=EDGE_CURVE('',#607,#606,#254,.T.);
#759=EDGE_CURVE('',#606,#608,#510,.T.);
#760=EDGE_CURVE('',#609,#607,#511,.T.);
#761=EDGE_CURVE('',#609,#608,#255,.T.);
#762=EDGE_CURVE('',#608,#610,#512,.T.);
#763=EDGE_CURVE('',#611,#609,#513,.T.);
#764=EDGE_CURVE('',#611,#610,#256,.T.);
#765=EDGE_CURVE('',#610,#612,#514,.T.);
#766=EDGE_CURVE('',#613,#611,#515,.T.);
#767=EDGE_CURVE('',#613,#612,#257,.T.);
#768=EDGE_CURVE('',#612,#614,#516,.T.);
#769=EDGE_CURVE('',#615,#613,#517,.T.);
#770=EDGE_CURVE('',#615,#614,#258,.T.);
#771=EDGE_CURVE('',#614,#616,#518,.T.);
#772=EDGE_CURVE('',#617,#615,#519,.T.);
#773=EDGE_CURVE('',#617,#616,#259,.T.);
#774=EDGE_CURVE('',#616,#602,#520,.T.);
#775=EDGE_CURVE('',#604,#617,#521,.T.);
#776=EDGE_CURVE('',#618,#619,#522,.T.);
#777=EDGE_CURVE('',#620,#619,#260,.T.);
#778=EDGE_CURVE('',#621,#620,#523,.T.);
#779=EDGE_CURVE('',#621,#618,#261,.T.);
#780=EDGE_CURVE('',#619,#622,#524,.T.);
#781=EDGE_CURVE('',#623,#622,#262,.T.);
#782=EDGE_CURVE('',#620,#623,#525,.T.);
#783=EDGE_CURVE('',#622,#624,#526,.T.);
#784=EDGE_CURVE('',#625,#624,#263,.T.);
#785=EDGE_CURVE('',#623,#625,#527,.T.);
#786=EDGE_CURVE('',#624,#626,#528,.T.);
#787=EDGE_CURVE('',#627,#626,#264,.T.);
#788=EDGE_CURVE('',#625,#627,#529,.T.);
#789=EDGE_CURVE('',#628,#629,#530,.T.);
#790=EDGE_CURVE('',#630,#629,#265,.T.);
#791=EDGE_CURVE('',#631,#630,#531,.T.);
#792=EDGE_CURVE('',#631,#628,#266,.T.);
#793=EDGE_CURVE('',#629,#632,#532,.T.);
#794=EDGE_CURVE('',#633,#632,#267,.T.);
#795=EDGE_CURVE('',#630,#633,#533,.T.);
#796=EDGE_CURVE('',#632,#634,#534,.T.);
#797=EDGE_CURVE('',#635,#634,#268,.T.);
#798=EDGE_CURVE('',#633,#635,#535,.T.);
#799=EDGE_CURVE('',#634,#636,#536,.T.);
#800=EDGE_CURVE('',#637,#636,#269,.T.);
#801=EDGE_CURVE('',#635,#637,#537,.T.);
#802=EDGE_CURVE('',#636,#638,#538,.T.);
#803=EDGE_CURVE('',#639,#638,#270,.T.);
#804=EDGE_CURVE('',#637,#639,#539,.T.);
#805=EDGE_CURVE('',#638,#640,#540,.T.);
#806=EDGE_CURVE('',#641,#640,#271,.T.);
#807=EDGE_CURVE('',#639,#641,#541,.T.);
#808=EDGE_CURVE('',#626,#642,#542,.T.);
#809=EDGE_CURVE('',#643,#642,#272,.T.);
#810=EDGE_CURVE('',#627,#643,#543,.T.);
#811=EDGE_CURVE('',#642,#644,#544,.T.);
#812=EDGE_CURVE('',#645,#644,#273,.T.);
#813=EDGE_CURVE('',#643,#645,#545,.T.);
#814=EDGE_CURVE('',#644,#646,#546,.T.);
#815=EDGE_CURVE('',#647,#646,#274,.T.);
#816=EDGE_CURVE('',#645,#647,#547,.T.);
#817=EDGE_CURVE('',#646,#618,#548,.T.);
#818=EDGE_CURVE('',#647,#621,#549,.T.);
#819=EDGE_CURVE('',#640,#648,#550,.T.);
#820=EDGE_CURVE('',#649,#648,#275,.T.);
#821=EDGE_CURVE('',#641,#649,#551,.T.);
#822=EDGE_CURVE('',#648,#650,#552,.T.);
#823=EDGE_CURVE('',#651,#650,#276,.T.);
#824=EDGE_CURVE('',#649,#651,#553,.T.);
#825=EDGE_CURVE('',#650,#652,#554,.T.);
#826=EDGE_CURVE('',#653,#652,#277,.T.);
#827=EDGE_CURVE('',#651,#653,#555,.T.);
#828=EDGE_CURVE('',#652,#654,#556,.T.);
#829=EDGE_CURVE('',#655,#654,#278,.T.);
#830=EDGE_CURVE('',#653,#655,#557,.T.);
#831=EDGE_CURVE('',#654,#656,#558,.T.);
#832=EDGE_CURVE('',#657,#656,#279,.T.);
#833=EDGE_CURVE('',#655,#657,#559,.T.);
#834=EDGE_CURVE('',#656,#628,#560,.T.);
#835=EDGE_CURVE('',#657,#631,#561,.T.);
#836=EDGE_CURVE('',#658,#659,#280,.T.);
#837=EDGE_CURVE('',#660,#659,#281,.T.);
#838=EDGE_CURVE('',#661,#660,#282,.T.);
#839=EDGE_CURVE('',#661,#658,#283,.T.);
#840=EDGE_CURVE('',#659,#662,#284,.T.);
#841=EDGE_CURVE('',#663,#662,#285,.T.);
#842=EDGE_CURVE('',#660,#663,#286,.T.);
#843=EDGE_CURVE('',#662,#664,#287,.T.);
#844=EDGE_CURVE('',#665,#664,#288,.T.);
#845=EDGE_CURVE('',#663,#665,#289,.T.);
#846=EDGE_CURVE('',#664,#658,#290,.T.);
#847=EDGE_CURVE('',#665,#661,#291,.T.);
#848=EDGE_CURVE('',#666,#667,#562,.T.);
#849=EDGE_CURVE('',#668,#667,#292,.T.);
#850=EDGE_CURVE('',#669,#668,#563,.T.);
#851=EDGE_CURVE('',#669,#666,#293,.T.);
#852=EDGE_CURVE('',#667,#670,#564,.T.);
#853=EDGE_CURVE('',#671,#670,#294,.T.);
#854=EDGE_CURVE('',#668,#671,#565,.T.);
#855=EDGE_CURVE('',#670,#672,#295,.T.);
#856=EDGE_CURVE('',#673,#672,#296,.T.);
#857=EDGE_CURVE('',#671,#673,#297,.T.);
#858=EDGE_CURVE('',#672,#674,#298,.T.);
#859=EDGE_CURVE('',#675,#674,#299,.T.);
#860=EDGE_CURVE('',#673,#675,#300,.T.);
#861=EDGE_CURVE('',#674,#676,#301,.T.);
#862=EDGE_CURVE('',#677,#676,#302,.T.);
#863=EDGE_CURVE('',#675,#677,#303,.T.);
#864=EDGE_CURVE('',#676,#678,#304,.T.);
#865=EDGE_CURVE('',#679,#678,#305,.T.);
#866=EDGE_CURVE('',#677,#679,#306,.T.);
#867=EDGE_CURVE('',#678,#680,#566,.T.);
#868=EDGE_CURVE('',#681,#680,#307,.T.);
#869=EDGE_CURVE('',#679,#681,#567,.T.);
#870=EDGE_CURVE('',#680,#682,#568,.T.);
#871=EDGE_CURVE('',#683,#682,#308,.T.);
#872=EDGE_CURVE('',#681,#683,#569,.T.);
#873=EDGE_CURVE('',#682,#666,#309,.T.);
#874=EDGE_CURVE('',#683,#669,#310,.T.);
#875=EDGE_CURVE('',#684,#685,#311,.T.);
#876=EDGE_CURVE('',#685,#686,#312,.T.);
#877=EDGE_CURVE('',#686,#687,#313,.T.);
#878=EDGE_CURVE('',#687,#684,#314,.T.);
#879=EDGE_CURVE('',#688,#689,#315,.T.);
#880=EDGE_CURVE('',#688,#690,#316,.T.);
#881=EDGE_CURVE('',#690,#691,#317,.T.);
#882=EDGE_CURVE('',#692,#691,#318,.T.);
#883=EDGE_CURVE('',#693,#692,#319,.T.);
#884=EDGE_CURVE('',#693,#685,#320,.T.);
#885=EDGE_CURVE('',#689,#684,#321,.T.);
#886=EDGE_CURVE('',#693,#694,#322,.T.);
#887=EDGE_CURVE('',#694,#686,#323,.T.);
#888=EDGE_CURVE('',#695,#696,#324,.T.);
#889=EDGE_CURVE('',#695,#687,#325,.T.);
#890=EDGE_CURVE('',#697,#694,#326,.T.);
#891=EDGE_CURVE('',#697,#698,#327,.T.);
#892=EDGE_CURVE('',#698,#699,#328,.T.);
#893=EDGE_CURVE('',#696,#699,#329,.T.);
#894=EDGE_CURVE('',#689,#695,#330,.T.);
#895=EDGE_CURVE('',#699,#690,#331,.T.);
#896=EDGE_CURVE('',#691,#698,#332,.T.);
#897=EDGE_CURVE('',#700,#700,#14,.T.);
#898=EDGE_CURVE('',#696,#688,#333,.T.);
#899=EDGE_CURVE('',#700,#701,#334,.T.);
#900=EDGE_CURVE('',#701,#701,#15,.T.);
#901=EDGE_CURVE('',#692,#697,#335,.T.);
#902=EDGE_CURVE('',#702,#703,#336,.T.);
#903=EDGE_CURVE('',#703,#704,#337,.T.);
#904=EDGE_CURVE('',#704,#705,#338,.T.);
#905=EDGE_CURVE('',#705,#706,#570,.T.);
#906=EDGE_CURVE('',#706,#707,#571,.T.);
#907=EDGE_CURVE('',#707,#708,#339,.T.);
#908=EDGE_CURVE('',#708,#709,#572,.T.);
#909=EDGE_CURVE('',#709,#710,#573,.T.);
#910=EDGE_CURVE('',#710,#702,#340,.T.);
#911=EDGE_CURVE('',#711,#712,#341,.T.);
#912=EDGE_CURVE('',#712,#713,#342,.T.);
#913=EDGE_CURVE('',#713,#714,#343,.T.);
#914=EDGE_CURVE('',#714,#711,#344,.T.);
#915=EDGE_CURVE('',#715,#716,#574,.T.);
#916=EDGE_CURVE('',#716,#717,#575,.T.);
#917=EDGE_CURVE('',#717,#718,#576,.T.);
#918=EDGE_CURVE('',#718,#719,#577,.T.);
#919=EDGE_CURVE('',#719,#720,#578,.T.);
#920=EDGE_CURVE('',#720,#721,#579,.T.);
#921=EDGE_CURVE('',#721,#722,#580,.T.);
#922=EDGE_CURVE('',#722,#723,#581,.T.);
#923=EDGE_CURVE('',#723,#724,#582,.T.);
#924=EDGE_CURVE('',#724,#725,#583,.T.);
#925=EDGE_CURVE('',#725,#726,#584,.T.);
#926=EDGE_CURVE('',#726,#715,#585,.T.);
#927=EDGE_CURVE('',#727,#728,#345,.T.);
#928=EDGE_CURVE('',#728,#729,#346,.T.);
#929=EDGE_CURVE('',#729,#730,#586,.T.);
#930=EDGE_CURVE('',#730,#731,#587,.T.);
#931=EDGE_CURVE('',#731,#732,#347,.T.);
#932=EDGE_CURVE('',#732,#733,#588,.T.);
#933=EDGE_CURVE('',#733,#734,#589,.T.);
#934=EDGE_CURVE('',#734,#735,#348,.T.);
#935=EDGE_CURVE('',#735,#727,#349,.T.);
#936=EDGE_CURVE('',#736,#737,#350,.T.);
#937=EDGE_CURVE('',#737,#738,#351,.T.);
#938=EDGE_CURVE('',#738,#739,#352,.T.);
#939=EDGE_CURVE('',#739,#736,#353,.T.);
#940=EDGE_CURVE('',#740,#741,#590,.T.);
#941=EDGE_CURVE('',#741,#742,#591,.T.);
#942=EDGE_CURVE('',#742,#743,#592,.T.);
#943=EDGE_CURVE('',#743,#744,#593,.T.);
#944=EDGE_CURVE('',#744,#745,#594,.T.);
#945=EDGE_CURVE('',#745,#746,#595,.T.);
#946=EDGE_CURVE('',#746,#747,#596,.T.);
#947=EDGE_CURVE('',#747,#748,#597,.T.);
#948=EDGE_CURVE('',#748,#749,#598,.T.);
#949=EDGE_CURVE('',#749,#750,#599,.T.);
#950=EDGE_CURVE('',#750,#751,#600,.T.);
#951=EDGE_CURVE('',#751,#740,#601,.T.);
#952=EDGE_CURVE('',#708,#731,#354,.T.);
#953=EDGE_CURVE('',#707,#732,#355,.T.);
#954=EDGE_CURVE('',#709,#730,#356,.T.);
#955=EDGE_CURVE('',#710,#729,#357,.T.);
#956=EDGE_CURVE('',#702,#728,#358,.T.);
#957=EDGE_CURVE('',#703,#727,#359,.T.);
#958=EDGE_CURVE('',#704,#735,#360,.T.);
#959=EDGE_CURVE('',#705,#734,#361,.T.);
#960=EDGE_CURVE('',#706,#733,#362,.T.);
#961=EDGE_CURVE('',#711,#737,#363,.T.);
#962=EDGE_CURVE('',#714,#738,#364,.T.);
#963=EDGE_CURVE('',#712,#736,#365,.T.);
#964=EDGE_CURVE('',#713,#739,#366,.T.);
#965=EDGE_CURVE('',#723,#745,#367,.T.);
#966=EDGE_CURVE('',#722,#746,#368,.T.);
#967=EDGE_CURVE('',#724,#744,#369,.T.);
#968=EDGE_CURVE('',#725,#743,#370,.T.);
#969=EDGE_CURVE('',#726,#742,#371,.T.);
#970=EDGE_CURVE('',#715,#741,#372,.T.);
#971=EDGE_CURVE('',#716,#740,#373,.T.);
#972=EDGE_CURVE('',#717,#751,#374,.T.);
#973=EDGE_CURVE('',#718,#750,#375,.T.);
#974=EDGE_CURVE('',#719,#749,#376,.T.);
#975=EDGE_CURVE('',#720,#748,#377,.T.);
#976=EDGE_CURVE('',#721,#747,#378,.T.);
#977=ORIENTED_EDGE('',*,*,#752,.F.);
#978=ORIENTED_EDGE('',*,*,#753,.F.);
#979=ORIENTED_EDGE('',*,*,#754,.F.);
#980=ORIENTED_EDGE('',*,*,#755,.T.);
#981=ORIENTED_EDGE('',*,*,#756,.F.);
#982=ORIENTED_EDGE('',*,*,#755,.F.);
#983=ORIENTED_EDGE('',*,*,#757,.F.);
#984=ORIENTED_EDGE('',*,*,#758,.T.);
#985=ORIENTED_EDGE('',*,*,#759,.F.);
#986=ORIENTED_EDGE('',*,*,#758,.F.);
#987=ORIENTED_EDGE('',*,*,#760,.F.);
#988=ORIENTED_EDGE('',*,*,#761,.T.);
#989=ORIENTED_EDGE('',*,*,#762,.F.);
#990=ORIENTED_EDGE('',*,*,#761,.F.);
#991=ORIENTED_EDGE('',*,*,#763,.F.);
#992=ORIENTED_EDGE('',*,*,#764,.T.);
#993=ORIENTED_EDGE('',*,*,#765,.F.);
#994=ORIENTED_EDGE('',*,*,#764,.F.);
#995=ORIENTED_EDGE('',*,*,#766,.F.);
#996=ORIENTED_EDGE('',*,*,#767,.T.);
#997=ORIENTED_EDGE('',*,*,#768,.F.);
#998=ORIENTED_EDGE('',*,*,#767,.F.);
#999=ORIENTED_EDGE('',*,*,#769,.F.);
#1000=ORIENTED_EDGE('',*,*,#770,.T.);
#1001=ORIENTED_EDGE('',*,*,#771,.F.);
#1002=ORIENTED_EDGE('',*,*,#770,.F.);
#1003=ORIENTED_EDGE('',*,*,#772,.F.);
#1004=ORIENTED_EDGE('',*,*,#773,.T.);
#1005=ORIENTED_EDGE('',*,*,#774,.F.);
#1006=ORIENTED_EDGE('',*,*,#773,.F.);
#1007=ORIENTED_EDGE('',*,*,#775,.F.);
#1008=ORIENTED_EDGE('',*,*,#753,.T.);
#1009=ORIENTED_EDGE('',*,*,#765,.T.);
#1010=ORIENTED_EDGE('',*,*,#768,.T.);
#1011=ORIENTED_EDGE('',*,*,#771,.T.);
#1012=ORIENTED_EDGE('',*,*,#774,.T.);
#1013=ORIENTED_EDGE('',*,*,#752,.T.);
#1014=ORIENTED_EDGE('',*,*,#756,.T.);
#1015=ORIENTED_EDGE('',*,*,#759,.T.);
#1016=ORIENTED_EDGE('',*,*,#762,.T.);
#1017=ORIENTED_EDGE('',*,*,#766,.T.);
#1018=ORIENTED_EDGE('',*,*,#763,.T.);
#1019=ORIENTED_EDGE('',*,*,#760,.T.);
#1020=ORIENTED_EDGE('',*,*,#757,.T.);
#1021=ORIENTED_EDGE('',*,*,#754,.T.);
#1022=ORIENTED_EDGE('',*,*,#775,.T.);
#1023=ORIENTED_EDGE('',*,*,#772,.T.);
#1024=ORIENTED_EDGE('',*,*,#769,.T.);
#1025=ORIENTED_EDGE('',*,*,#776,.T.);
#1026=ORIENTED_EDGE('',*,*,#777,.F.);
#1027=ORIENTED_EDGE('',*,*,#778,.F.);
#1028=ORIENTED_EDGE('',*,*,#779,.T.);
#1029=ORIENTED_EDGE('',*,*,#780,.T.);
#1030=ORIENTED_EDGE('',*,*,#781,.F.);
#1031=ORIENTED_EDGE('',*,*,#782,.F.);
#1032=ORIENTED_EDGE('',*,*,#777,.T.);
#1033=ORIENTED_EDGE('',*,*,#783,.T.);
#1034=ORIENTED_EDGE('',*,*,#784,.F.);
#1035=ORIENTED_EDGE('',*,*,#785,.F.);
#1036=ORIENTED_EDGE('',*,*,#781,.T.);
#1037=ORIENTED_EDGE('',*,*,#786,.T.);
#1038=ORIENTED_EDGE('',*,*,#787,.F.);
#1039=ORIENTED_EDGE('',*,*,#788,.F.);
#1040=ORIENTED_EDGE('',*,*,#784,.T.);
#1041=ORIENTED_EDGE('',*,*,#789,.T.);
#1042=ORIENTED_EDGE('',*,*,#790,.F.);
#1043=ORIENTED_EDGE('',*,*,#791,.F.);
#1044=ORIENTED_EDGE('',*,*,#792,.T.);
#1045=ORIENTED_EDGE('',*,*,#793,.T.);
#1046=ORIENTED_EDGE('',*,*,#794,.F.);
#1047=ORIENTED_EDGE('',*,*,#795,.F.);
#1048=ORIENTED_EDGE('',*,*,#790,.T.);
#1049=ORIENTED_EDGE('',*,*,#796,.T.);
#1050=ORIENTED_EDGE('',*,*,#797,.F.);
#1051=ORIENTED_EDGE('',*,*,#798,.F.);
#1052=ORIENTED_EDGE('',*,*,#794,.T.);
#1053=ORIENTED_EDGE('',*,*,#799,.T.);
#1054=ORIENTED_EDGE('',*,*,#800,.F.);
#1055=ORIENTED_EDGE('',*,*,#801,.F.);
#1056=ORIENTED_EDGE('',*,*,#797,.T.);
#1057=ORIENTED_EDGE('',*,*,#802,.T.);
#1058=ORIENTED_EDGE('',*,*,#803,.F.);
#1059=ORIENTED_EDGE('',*,*,#804,.F.);
#1060=ORIENTED_EDGE('',*,*,#800,.T.);
#1061=ORIENTED_EDGE('',*,*,#805,.T.);
#1062=ORIENTED_EDGE('',*,*,#806,.F.);
#1063=ORIENTED_EDGE('',*,*,#807,.F.);
#1064=ORIENTED_EDGE('',*,*,#803,.T.);
#1065=ORIENTED_EDGE('',*,*,#808,.T.);
#1066=ORIENTED_EDGE('',*,*,#809,.F.);
#1067=ORIENTED_EDGE('',*,*,#810,.F.);
#1068=ORIENTED_EDGE('',*,*,#787,.T.);
#1069=ORIENTED_EDGE('',*,*,#811,.T.);
#1070=ORIENTED_EDGE('',*,*,#812,.F.);
#1071=ORIENTED_EDGE('',*,*,#813,.F.);
#1072=ORIENTED_EDGE('',*,*,#809,.T.);
#1073=ORIENTED_EDGE('',*,*,#814,.T.);
#1074=ORIENTED_EDGE('',*,*,#815,.F.);
#1075=ORIENTED_EDGE('',*,*,#816,.F.);
#1076=ORIENTED_EDGE('',*,*,#812,.T.);
#1077=ORIENTED_EDGE('',*,*,#817,.T.);
#1078=ORIENTED_EDGE('',*,*,#779,.F.);
#1079=ORIENTED_EDGE('',*,*,#818,.F.);
#1080=ORIENTED_EDGE('',*,*,#815,.T.);
#1081=ORIENTED_EDGE('',*,*,#819,.T.);
#1082=ORIENTED_EDGE('',*,*,#820,.F.);
#1083=ORIENTED_EDGE('',*,*,#821,.F.);
#1084=ORIENTED_EDGE('',*,*,#806,.T.);
#1085=ORIENTED_EDGE('',*,*,#822,.T.);
#1086=ORIENTED_EDGE('',*,*,#823,.F.);
#1087=ORIENTED_EDGE('',*,*,#824,.F.);
#1088=ORIENTED_EDGE('',*,*,#820,.T.);
#1089=ORIENTED_EDGE('',*,*,#825,.T.);
#1090=ORIENTED_EDGE('',*,*,#826,.F.);
#1091=ORIENTED_EDGE('',*,*,#827,.F.);
#1092=ORIENTED_EDGE('',*,*,#823,.T.);
#1093=ORIENTED_EDGE('',*,*,#828,.T.);
#1094=ORIENTED_EDGE('',*,*,#829,.F.);
#1095=ORIENTED_EDGE('',*,*,#830,.F.);
#1096=ORIENTED_EDGE('',*,*,#826,.T.);
#1097=ORIENTED_EDGE('',*,*,#831,.T.);
#1098=ORIENTED_EDGE('',*,*,#832,.F.);
#1099=ORIENTED_EDGE('',*,*,#833,.F.);
#1100=ORIENTED_EDGE('',*,*,#829,.T.);
#1101=ORIENTED_EDGE('',*,*,#834,.T.);
#1102=ORIENTED_EDGE('',*,*,#792,.F.);
#1103=ORIENTED_EDGE('',*,*,#835,.F.);
#1104=ORIENTED_EDGE('',*,*,#832,.T.);
#1105=ORIENTED_EDGE('',*,*,#807,.T.);
#1106=ORIENTED_EDGE('',*,*,#821,.T.);
#1107=ORIENTED_EDGE('',*,*,#824,.T.);
#1108=ORIENTED_EDGE('',*,*,#827,.T.);
#1109=ORIENTED_EDGE('',*,*,#830,.T.);
#1110=ORIENTED_EDGE('',*,*,#833,.T.);
#1111=ORIENTED_EDGE('',*,*,#835,.T.);
#1112=ORIENTED_EDGE('',*,*,#791,.T.);
#1113=ORIENTED_EDGE('',*,*,#795,.T.);
#1114=ORIENTED_EDGE('',*,*,#798,.T.);
#1115=ORIENTED_EDGE('',*,*,#801,.T.);
#1116=ORIENTED_EDGE('',*,*,#804,.T.);
#1117=ORIENTED_EDGE('',*,*,#788,.T.);
#1118=ORIENTED_EDGE('',*,*,#810,.T.);
#1119=ORIENTED_EDGE('',*,*,#813,.T.);
#1120=ORIENTED_EDGE('',*,*,#816,.T.);
#1121=ORIENTED_EDGE('',*,*,#818,.T.);
#1122=ORIENTED_EDGE('',*,*,#778,.T.);
#1123=ORIENTED_EDGE('',*,*,#782,.T.);
#1124=ORIENTED_EDGE('',*,*,#785,.T.);
#1125=ORIENTED_EDGE('',*,*,#819,.F.);
#1126=ORIENTED_EDGE('',*,*,#805,.F.);
#1127=ORIENTED_EDGE('',*,*,#802,.F.);
#1128=ORIENTED_EDGE('',*,*,#799,.F.);
#1129=ORIENTED_EDGE('',*,*,#796,.F.);
#1130=ORIENTED_EDGE('',*,*,#793,.F.);
#1131=ORIENTED_EDGE('',*,*,#789,.F.);
#1132=ORIENTED_EDGE('',*,*,#834,.F.);
#1133=ORIENTED_EDGE('',*,*,#831,.F.);
#1134=ORIENTED_EDGE('',*,*,#828,.F.);
#1135=ORIENTED_EDGE('',*,*,#825,.F.);
#1136=ORIENTED_EDGE('',*,*,#822,.F.);
#1137=ORIENTED_EDGE('',*,*,#808,.F.);
#1138=ORIENTED_EDGE('',*,*,#786,.F.);
#1139=ORIENTED_EDGE('',*,*,#783,.F.);
#1140=ORIENTED_EDGE('',*,*,#780,.F.);
#1141=ORIENTED_EDGE('',*,*,#776,.F.);
#1142=ORIENTED_EDGE('',*,*,#817,.F.);
#1143=ORIENTED_EDGE('',*,*,#814,.F.);
#1144=ORIENTED_EDGE('',*,*,#811,.F.);
#1145=ORIENTED_EDGE('',*,*,#836,.T.);
#1146=ORIENTED_EDGE('',*,*,#837,.F.);
#1147=ORIENTED_EDGE('',*,*,#838,.F.);
#1148=ORIENTED_EDGE('',*,*,#839,.T.);
#1149=ORIENTED_EDGE('',*,*,#840,.T.);
#1150=ORIENTED_EDGE('',*,*,#841,.F.);
#1151=ORIENTED_EDGE('',*,*,#842,.F.);
#1152=ORIENTED_EDGE('',*,*,#837,.T.);
#1153=ORIENTED_EDGE('',*,*,#843,.T.);
#1154=ORIENTED_EDGE('',*,*,#844,.F.);
#1155=ORIENTED_EDGE('',*,*,#845,.F.);
#1156=ORIENTED_EDGE('',*,*,#841,.T.);
#1157=ORIENTED_EDGE('',*,*,#846,.T.);
#1158=ORIENTED_EDGE('',*,*,#839,.F.);
#1159=ORIENTED_EDGE('',*,*,#847,.F.);
#1160=ORIENTED_EDGE('',*,*,#844,.T.);
#1161=ORIENTED_EDGE('',*,*,#842,.T.);
#1162=ORIENTED_EDGE('',*,*,#845,.T.);
#1163=ORIENTED_EDGE('',*,*,#847,.T.);
#1164=ORIENTED_EDGE('',*,*,#838,.T.);
#1165=ORIENTED_EDGE('',*,*,#843,.F.);
#1166=ORIENTED_EDGE('',*,*,#840,.F.);
#1167=ORIENTED_EDGE('',*,*,#836,.F.);
#1168=ORIENTED_EDGE('',*,*,#846,.F.);
#1169=ORIENTED_EDGE('',*,*,#848,.T.);
#1170=ORIENTED_EDGE('',*,*,#849,.F.);
#1171=ORIENTED_EDGE('',*,*,#850,.F.);
#1172=ORIENTED_EDGE('',*,*,#851,.T.);
#1173=ORIENTED_EDGE('',*,*,#852,.T.);
#1174=ORIENTED_EDGE('',*,*,#853,.F.);
#1175=ORIENTED_EDGE('',*,*,#854,.F.);
#1176=ORIENTED_EDGE('',*,*,#849,.T.);
#1177=ORIENTED_EDGE('',*,*,#855,.T.);
#1178=ORIENTED_EDGE('',*,*,#856,.F.);
#1179=ORIENTED_EDGE('',*,*,#857,.F.);
#1180=ORIENTED_EDGE('',*,*,#853,.T.);
#1181=ORIENTED_EDGE('',*,*,#858,.T.);
#1182=ORIENTED_EDGE('',*,*,#859,.F.);
#1183=ORIENTED_EDGE('',*,*,#860,.F.);
#1184=ORIENTED_EDGE('',*,*,#856,.T.);
#1185=ORIENTED_EDGE('',*,*,#861,.T.);
#1186=ORIENTED_EDGE('',*,*,#862,.F.);
#1187=ORIENTED_EDGE('',*,*,#863,.F.);
#1188=ORIENTED_EDGE('',*,*,#859,.T.);
#1189=ORIENTED_EDGE('',*,*,#864,.T.);
#1190=ORIENTED_EDGE('',*,*,#865,.F.);
#1191=ORIENTED_EDGE('',*,*,#866,.F.);
#1192=ORIENTED_EDGE('',*,*,#862,.T.);
#1193=ORIENTED_EDGE('',*,*,#867,.T.);
#1194=ORIENTED_EDGE('',*,*,#868,.F.);
#1195=ORIENTED_EDGE('',*,*,#869,.F.);
#1196=ORIENTED_EDGE('',*,*,#865,.T.);
#1197=ORIENTED_EDGE('',*,*,#870,.T.);
#1198=ORIENTED_EDGE('',*,*,#871,.F.);
#1199=ORIENTED_EDGE('',*,*,#872,.F.);
#1200=ORIENTED_EDGE('',*,*,#868,.T.);
#1201=ORIENTED_EDGE('',*,*,#873,.T.);
#1202=ORIENTED_EDGE('',*,*,#851,.F.);
#1203=ORIENTED_EDGE('',*,*,#874,.F.);
#1204=ORIENTED_EDGE('',*,*,#871,.T.);
#1205=ORIENTED_EDGE('',*,*,#860,.T.);
#1206=ORIENTED_EDGE('',*,*,#863,.T.);
#1207=ORIENTED_EDGE('',*,*,#866,.T.);
#1208=ORIENTED_EDGE('',*,*,#869,.T.);
#1209=ORIENTED_EDGE('',*,*,#872,.T.);
#1210=ORIENTED_EDGE('',*,*,#874,.T.);
#1211=ORIENTED_EDGE('',*,*,#850,.T.);
#1212=ORIENTED_EDGE('',*,*,#854,.T.);
#1213=ORIENTED_EDGE('',*,*,#857,.T.);
#1214=ORIENTED_EDGE('',*,*,#861,.F.);
#1215=ORIENTED_EDGE('',*,*,#858,.F.);
#1216=ORIENTED_EDGE('',*,*,#855,.F.);
#1217=ORIENTED_EDGE('',*,*,#852,.F.);
#1218=ORIENTED_EDGE('',*,*,#848,.F.);
#1219=ORIENTED_EDGE('',*,*,#873,.F.);
#1220=ORIENTED_EDGE('',*,*,#870,.F.);
#1221=ORIENTED_EDGE('',*,*,#867,.F.);
#1222=ORIENTED_EDGE('',*,*,#864,.F.);
#1223=ORIENTED_EDGE('',*,*,#875,.T.);
#1224=ORIENTED_EDGE('',*,*,#876,.T.);
#1225=ORIENTED_EDGE('',*,*,#877,.T.);
#1226=ORIENTED_EDGE('',*,*,#878,.T.);
#1227=ORIENTED_EDGE('',*,*,#879,.F.);
#1228=ORIENTED_EDGE('',*,*,#880,.T.);
#1229=ORIENTED_EDGE('',*,*,#881,.T.);
#1230=ORIENTED_EDGE('',*,*,#882,.F.);
#1231=ORIENTED_EDGE('',*,*,#883,.F.);
#1232=ORIENTED_EDGE('',*,*,#884,.T.);
#1233=ORIENTED_EDGE('',*,*,#875,.F.);
#1234=ORIENTED_EDGE('',*,*,#885,.F.);
#1235=ORIENTED_EDGE('',*,*,#886,.T.);
#1236=ORIENTED_EDGE('',*,*,#887,.T.);
#1237=ORIENTED_EDGE('',*,*,#876,.F.);
#1238=ORIENTED_EDGE('',*,*,#884,.F.);
#1239=ORIENTED_EDGE('',*,*,#888,.F.);
#1240=ORIENTED_EDGE('',*,*,#889,.T.);
#1241=ORIENTED_EDGE('',*,*,#877,.F.);
#1242=ORIENTED_EDGE('',*,*,#887,.F.);
#1243=ORIENTED_EDGE('',*,*,#890,.F.);
#1244=ORIENTED_EDGE('',*,*,#891,.T.);
#1245=ORIENTED_EDGE('',*,*,#892,.T.);
#1246=ORIENTED_EDGE('',*,*,#893,.F.);
#1247=ORIENTED_EDGE('',*,*,#894,.F.);
#1248=ORIENTED_EDGE('',*,*,#885,.T.);
#1249=ORIENTED_EDGE('',*,*,#878,.F.);
#1250=ORIENTED_EDGE('',*,*,#889,.F.);
#1251=ORIENTED_EDGE('',*,*,#895,.F.);
#1252=ORIENTED_EDGE('',*,*,#892,.F.);
#1253=ORIENTED_EDGE('',*,*,#896,.F.);
#1254=ORIENTED_EDGE('',*,*,#881,.F.);
#1255=ORIENTED_EDGE('',*,*,#897,.F.);
#1256=ORIENTED_EDGE('',*,*,#895,.T.);
#1257=ORIENTED_EDGE('',*,*,#880,.F.);
#1258=ORIENTED_EDGE('',*,*,#898,.F.);
#1259=ORIENTED_EDGE('',*,*,#893,.T.);
#1260=ORIENTED_EDGE('',*,*,#897,.T.);
#1261=ORIENTED_EDGE('',*,*,#899,.T.);
#1262=ORIENTED_EDGE('',*,*,#900,.F.);
#1263=ORIENTED_EDGE('',*,*,#899,.F.);
#1264=ORIENTED_EDGE('',*,*,#901,.F.);
#1265=ORIENTED_EDGE('',*,*,#882,.T.);
#1266=ORIENTED_EDGE('',*,*,#896,.T.);
#1267=ORIENTED_EDGE('',*,*,#891,.F.);
#1268=ORIENTED_EDGE('',*,*,#879,.T.);
#1269=ORIENTED_EDGE('',*,*,#894,.T.);
#1270=ORIENTED_EDGE('',*,*,#888,.T.);
#1271=ORIENTED_EDGE('',*,*,#898,.T.);
#1272=ORIENTED_EDGE('',*,*,#900,.T.);
#1273=ORIENTED_EDGE('',*,*,#902,.T.);
#1274=ORIENTED_EDGE('',*,*,#903,.T.);
#1275=ORIENTED_EDGE('',*,*,#904,.T.);
#1276=ORIENTED_EDGE('',*,*,#905,.T.);
#1277=ORIENTED_EDGE('',*,*,#906,.T.);
#1278=ORIENTED_EDGE('',*,*,#907,.T.);
#1279=ORIENTED_EDGE('',*,*,#908,.T.);
#1280=ORIENTED_EDGE('',*,*,#909,.T.);
#1281=ORIENTED_EDGE('',*,*,#910,.T.);
#1282=ORIENTED_EDGE('',*,*,#911,.T.);
#1283=ORIENTED_EDGE('',*,*,#912,.T.);
#1284=ORIENTED_EDGE('',*,*,#913,.T.);
#1285=ORIENTED_EDGE('',*,*,#914,.T.);
#1286=ORIENTED_EDGE('',*,*,#915,.T.);
#1287=ORIENTED_EDGE('',*,*,#916,.T.);
#1288=ORIENTED_EDGE('',*,*,#917,.T.);
#1289=ORIENTED_EDGE('',*,*,#918,.T.);
#1290=ORIENTED_EDGE('',*,*,#919,.T.);
#1291=ORIENTED_EDGE('',*,*,#920,.T.);
#1292=ORIENTED_EDGE('',*,*,#921,.T.);
#1293=ORIENTED_EDGE('',*,*,#922,.T.);
#1294=ORIENTED_EDGE('',*,*,#923,.T.);
#1295=ORIENTED_EDGE('',*,*,#924,.T.);
#1296=ORIENTED_EDGE('',*,*,#925,.T.);
#1297=ORIENTED_EDGE('',*,*,#926,.T.);
#1298=ORIENTED_EDGE('',*,*,#886,.F.);
#1299=ORIENTED_EDGE('',*,*,#883,.T.);
#1300=ORIENTED_EDGE('',*,*,#901,.T.);
#1301=ORIENTED_EDGE('',*,*,#890,.T.);
#1302=ORIENTED_EDGE('',*,*,#927,.T.);
#1303=ORIENTED_EDGE('',*,*,#928,.T.);
#1304=ORIENTED_EDGE('',*,*,#929,.T.);
#1305=ORIENTED_EDGE('',*,*,#930,.T.);
#1306=ORIENTED_EDGE('',*,*,#931,.T.);
#1307=ORIENTED_EDGE('',*,*,#932,.T.);
#1308=ORIENTED_EDGE('',*,*,#933,.T.);
#1309=ORIENTED_EDGE('',*,*,#934,.T.);
#1310=ORIENTED_EDGE('',*,*,#935,.T.);
#1311=ORIENTED_EDGE('',*,*,#936,.T.);
#1312=ORIENTED_EDGE('',*,*,#937,.T.);
#1313=ORIENTED_EDGE('',*,*,#938,.T.);
#1314=ORIENTED_EDGE('',*,*,#939,.T.);
#1315=ORIENTED_EDGE('',*,*,#940,.T.);
#1316=ORIENTED_EDGE('',*,*,#941,.T.);
#1317=ORIENTED_EDGE('',*,*,#942,.T.);
#1318=ORIENTED_EDGE('',*,*,#943,.T.);
#1319=ORIENTED_EDGE('',*,*,#944,.T.);
#1320=ORIENTED_EDGE('',*,*,#945,.T.);
#1321=ORIENTED_EDGE('',*,*,#946,.T.);
#1322=ORIENTED_EDGE('',*,*,#947,.T.);
#1323=ORIENTED_EDGE('',*,*,#948,.T.);
#1324=ORIENTED_EDGE('',*,*,#949,.T.);
#1325=ORIENTED_EDGE('',*,*,#950,.T.);
#1326=ORIENTED_EDGE('',*,*,#951,.T.);
#1327=ORIENTED_EDGE('',*,*,#931,.F.);
#1328=ORIENTED_EDGE('',*,*,#952,.F.);
#1329=ORIENTED_EDGE('',*,*,#907,.F.);
#1330=ORIENTED_EDGE('',*,*,#953,.T.);
#1331=ORIENTED_EDGE('',*,*,#930,.F.);
#1332=ORIENTED_EDGE('',*,*,#954,.F.);
#1333=ORIENTED_EDGE('',*,*,#908,.F.);
#1334=ORIENTED_EDGE('',*,*,#952,.T.);
#1335=ORIENTED_EDGE('',*,*,#929,.F.);
#1336=ORIENTED_EDGE('',*,*,#955,.F.);
#1337=ORIENTED_EDGE('',*,*,#909,.F.);
#1338=ORIENTED_EDGE('',*,*,#954,.T.);
#1339=ORIENTED_EDGE('',*,*,#928,.F.);
#1340=ORIENTED_EDGE('',*,*,#956,.F.);
#1341=ORIENTED_EDGE('',*,*,#910,.F.);
#1342=ORIENTED_EDGE('',*,*,#955,.T.);
#1343=ORIENTED_EDGE('',*,*,#927,.F.);
#1344=ORIENTED_EDGE('',*,*,#957,.F.);
#1345=ORIENTED_EDGE('',*,*,#902,.F.);
#1346=ORIENTED_EDGE('',*,*,#956,.T.);
#1347=ORIENTED_EDGE('',*,*,#935,.F.);
#1348=ORIENTED_EDGE('',*,*,#958,.F.);
#1349=ORIENTED_EDGE('',*,*,#903,.F.);
#1350=ORIENTED_EDGE('',*,*,#957,.T.);
#1351=ORIENTED_EDGE('',*,*,#934,.F.);
#1352=ORIENTED_EDGE('',*,*,#959,.F.);
#1353=ORIENTED_EDGE('',*,*,#904,.F.);
#1354=ORIENTED_EDGE('',*,*,#958,.T.);
#1355=ORIENTED_EDGE('',*,*,#933,.F.);
#1356=ORIENTED_EDGE('',*,*,#960,.F.);
#1357=ORIENTED_EDGE('',*,*,#905,.F.);
#1358=ORIENTED_EDGE('',*,*,#959,.T.);
#1359=ORIENTED_EDGE('',*,*,#932,.F.);
#1360=ORIENTED_EDGE('',*,*,#953,.F.);
#1361=ORIENTED_EDGE('',*,*,#906,.F.);
#1362=ORIENTED_EDGE('',*,*,#960,.T.);
#1363=ORIENTED_EDGE('',*,*,#937,.F.);
#1364=ORIENTED_EDGE('',*,*,#961,.F.);
#1365=ORIENTED_EDGE('',*,*,#914,.F.);
#1366=ORIENTED_EDGE('',*,*,#962,.T.);
#1367=ORIENTED_EDGE('',*,*,#936,.F.);
#1368=ORIENTED_EDGE('',*,*,#963,.F.);
#1369=ORIENTED_EDGE('',*,*,#911,.F.);
#1370=ORIENTED_EDGE('',*,*,#961,.T.);
#1371=ORIENTED_EDGE('',*,*,#939,.F.);
#1372=ORIENTED_EDGE('',*,*,#964,.F.);
#1373=ORIENTED_EDGE('',*,*,#912,.F.);
#1374=ORIENTED_EDGE('',*,*,#963,.T.);
#1375=ORIENTED_EDGE('',*,*,#938,.F.);
#1376=ORIENTED_EDGE('',*,*,#962,.F.);
#1377=ORIENTED_EDGE('',*,*,#913,.F.);
#1378=ORIENTED_EDGE('',*,*,#964,.T.);
#1379=ORIENTED_EDGE('',*,*,#945,.F.);
#1380=ORIENTED_EDGE('',*,*,#965,.F.);
#1381=ORIENTED_EDGE('',*,*,#922,.F.);
#1382=ORIENTED_EDGE('',*,*,#966,.T.);
#1383=ORIENTED_EDGE('',*,*,#944,.F.);
#1384=ORIENTED_EDGE('',*,*,#967,.F.);
#1385=ORIENTED_EDGE('',*,*,#923,.F.);
#1386=ORIENTED_EDGE('',*,*,#965,.T.);
#1387=ORIENTED_EDGE('',*,*,#943,.F.);
#1388=ORIENTED_EDGE('',*,*,#968,.F.);
#1389=ORIENTED_EDGE('',*,*,#924,.F.);
#1390=ORIENTED_EDGE('',*,*,#967,.T.);
#1391=ORIENTED_EDGE('',*,*,#942,.F.);
#1392=ORIENTED_EDGE('',*,*,#969,.F.);
#1393=ORIENTED_EDGE('',*,*,#925,.F.);
#1394=ORIENTED_EDGE('',*,*,#968,.T.);
#1395=ORIENTED_EDGE('',*,*,#941,.F.);
#1396=ORIENTED_EDGE('',*,*,#970,.F.);
#1397=ORIENTED_EDGE('',*,*,#926,.F.);
#1398=ORIENTED_EDGE('',*,*,#969,.T.);
#1399=ORIENTED_EDGE('',*,*,#940,.F.);
#1400=ORIENTED_EDGE('',*,*,#971,.F.);
#1401=ORIENTED_EDGE('',*,*,#915,.F.);
#1402=ORIENTED_EDGE('',*,*,#970,.T.);
#1403=ORIENTED_EDGE('',*,*,#951,.F.);
#1404=ORIENTED_EDGE('',*,*,#972,.F.);
#1405=ORIENTED_EDGE('',*,*,#916,.F.);
#1406=ORIENTED_EDGE('',*,*,#971,.T.);
#1407=ORIENTED_EDGE('',*,*,#950,.F.);
#1408=ORIENTED_EDGE('',*,*,#973,.F.);
#1409=ORIENTED_EDGE('',*,*,#917,.F.);
#1410=ORIENTED_EDGE('',*,*,#972,.T.);
#1411=ORIENTED_EDGE('',*,*,#949,.F.);
#1412=ORIENTED_EDGE('',*,*,#974,.F.);
#1413=ORIENTED_EDGE('',*,*,#918,.F.);
#1414=ORIENTED_EDGE('',*,*,#973,.T.);
#1415=ORIENTED_EDGE('',*,*,#948,.F.);
#1416=ORIENTED_EDGE('',*,*,#975,.F.);
#1417=ORIENTED_EDGE('',*,*,#919,.F.);
#1418=ORIENTED_EDGE('',*,*,#974,.T.);
#1419=ORIENTED_EDGE('',*,*,#947,.F.);
#1420=ORIENTED_EDGE('',*,*,#976,.F.);
#1421=ORIENTED_EDGE('',*,*,#920,.F.);
#1422=ORIENTED_EDGE('',*,*,#975,.T.);
#1423=ORIENTED_EDGE('',*,*,#946,.F.);
#1424=ORIENTED_EDGE('',*,*,#966,.F.);
#1425=ORIENTED_EDGE('',*,*,#921,.F.);
#1426=ORIENTED_EDGE('',*,*,#976,.T.);
#1427=B_SPLINE_SURFACE_WITH_KNOTS('',3,1,((#1825,#1826),(#1827,#1828),(#1829,
#1830),(#1831,#1832),(#1833,#1834)),.UNSPECIFIED.,.F.,.F.,.F.,(4,1,4),(2,
2),(-0.336006008242764,-0.205995755633303,0.),(0.,0.55),.UNSPECIFIED.);
#1428=B_SPLINE_SURFACE_WITH_KNOTS('',3,1,((#1853,#1854),(#1855,#1856),(#1857,
#1858),(#1859,#1860),(#1861,#1862)),.UNSPECIFIED.,.F.,.F.,.F.,(4,1,4),(2,
2),(-0.170291808629417,-0.0888519269407369,0.),(0.,0.55),.UNSPECIFIED.);
#1429=B_SPLINE_SURFACE_WITH_KNOTS('',3,1,((#1878,#1879),(#1880,#1881),(#1882,
#1883),(#1884,#1885),(#1886,#1887)),.UNSPECIFIED.,.F.,.F.,.F.,(4,1,4),(2,
2),(-0.157930611451318,-0.0781367592256189,0.),(0.,0.55),.UNSPECIFIED.);
#1430=B_SPLINE_SURFACE_WITH_KNOTS('',3,1,((#1903,#1904),(#1905,#1906),(#1907,
#1908),(#1909,#1910),(#1911,#1912)),.UNSPECIFIED.,.F.,.F.,.F.,(4,1,4),(2,
2),(-0.346684596116817,-0.138541975825829,0.),(0.,0.55),.UNSPECIFIED.);
#1431=B_SPLINE_SURFACE_WITH_KNOTS('',3,1,((#1928,#1929),(#1930,#1931),(#1932,
#1933),(#1934,#1935),(#1936,#1937)),.UNSPECIFIED.,.F.,.F.,.F.,(4,1,4),(2,
2),(-0.335661090651214,-0.205570450211937,0.),(0.,0.55),.UNSPECIFIED.);
#1432=B_SPLINE_SURFACE_WITH_KNOTS('',3,1,((#1953,#1954),(#1955,#1956),(#1957,
#1958),(#1959,#1960),(#1961,#1962)),.UNSPECIFIED.,.F.,.F.,.F.,(4,1,4),(2,
2),(-0.169250763425189,-0.0887797039097937,0.),(0.,0.55),.UNSPECIFIED.);
#1433=B_SPLINE_SURFACE_WITH_KNOTS('',3,1,((#1978,#1979),(#1980,#1981),(#1982,
#1983),(#1984,#1985),(#1986,#1987)),.UNSPECIFIED.,.F.,.F.,.F.,(4,1,4),(2,
2),(-0.169448720738606,-0.0804925713819205,0.),(0.,0.55),.UNSPECIFIED.);
#1434=B_SPLINE_SURFACE_WITH_KNOTS('',3,1,((#2003,#2004),(#2005,#2006),(#2007,
#2008),(#2009,#2010),(#2011,#2012)),.UNSPECIFIED.,.F.,.F.,.F.,(4,1,4),(2,
2),(-0.335316274244739,-0.130171074025381,0.),(0.,0.55),.UNSPECIFIED.);
#1435=B_SPLINE_SURFACE_WITH_KNOTS('',3,1,((#2027,#2028),(#2029,#2030),(#2031,
#2032),(#2033,#2034),(#2035,#2036)),.UNSPECIFIED.,.F.,.F.,.F.,(4,1,4),(2,
2),(-0.336006008242764,-0.205995755633303,0.),(0.,0.066),.UNSPECIFIED.);
#1436=B_SPLINE_SURFACE_WITH_KNOTS('',3,1,((#2055,#2056),(#2057,#2058),(#2059,
#2060),(#2061,#2062),(#2063,#2064)),.UNSPECIFIED.,.F.,.F.,.F.,(4,1,4),(2,
2),(-0.170291808629417,-0.0888519269407369,0.),(0.,0.066),.UNSPECIFIED.);
#1437=B_SPLINE_SURFACE_WITH_KNOTS('',3,1,((#2080,#2081),(#2082,#2083),(#2084,
#2085),(#2086,#2087),(#2088,#2089)),.UNSPECIFIED.,.F.,.F.,.F.,(4,1,4),(2,
2),(-0.157930611451318,-0.0781367592256189,0.),(0.,0.066),.UNSPECIFIED.);
#1438=B_SPLINE_SURFACE_WITH_KNOTS('',3,1,((#2105,#2106),(#2107,#2108),(#2109,
#2110),(#2111,#2112),(#2113,#2114)),.UNSPECIFIED.,.F.,.F.,.F.,(4,1,4),(2,
2),(-0.346684596116817,-0.138541975825829,0.),(0.,0.066),.UNSPECIFIED.);
#1439=B_SPLINE_SURFACE_WITH_KNOTS('',3,1,((#2130,#2131),(#2132,#2133),(#2134,
#2135),(#2136,#2137),(#2138,#2139)),.UNSPECIFIED.,.F.,.F.,.F.,(4,1,4),(2,
2),(-0.237851588163006,-0.104291649604622,0.),(0.,0.066),.UNSPECIFIED.);
#1440=B_SPLINE_SURFACE_WITH_KNOTS('',3,1,((#2158,#2159),(#2160,#2161),(#2162,
#2163),(#2164,#2165),(#2166,#2167)),.UNSPECIFIED.,.F.,.F.,.F.,(4,1,4),(2,
2),(-0.287268098546996,-0.159277782296877,0.),(0.,0.066),.UNSPECIFIED.);
#1441=B_SPLINE_SURFACE_WITH_KNOTS('',3,1,((#2183,#2184),(#2185,#2186),(#2187,
#2188),(#2189,#2190),(#2191,#2192)),.UNSPECIFIED.,.F.,.F.,.F.,(4,1,4),(2,
2),(-0.201062898627169,-0.105922758671558,0.),(0.,0.066),.UNSPECIFIED.);
#1442=B_SPLINE_SURFACE_WITH_KNOTS('',3,1,((#2207,#2208),(#2209,#2210),(#2211,
#2212),(#2213,#2214),(#2215,#2216)),.UNSPECIFIED.,.F.,.F.,.F.,(4,1,4),(2,
2),(-0.194113485332963,-0.0926771787059894,0.),(0.,0.066),.UNSPECIFIED.);
#1443=B_SPLINE_SURFACE_WITH_KNOTS('',3,1,((#2232,#2233),(#2234,#2235),(#2236,
#2237),(#2238,#2239),(#2240,#2241)),.UNSPECIFIED.,.F.,.F.,.F.,(4,1,4),(2,
2),(-0.256817413042886,-0.131669479465675,0.),(0.,0.066),.UNSPECIFIED.);
#1444=B_SPLINE_SURFACE_WITH_KNOTS('',3,1,((#2257,#2258),(#2259,#2260),(#2261,
#2262),(#2263,#2264),(#2265,#2266)),.UNSPECIFIED.,.F.,.F.,.F.,(4,1,4),(2,
2),(-0.423798123082955,-0.180044075966027,0.),(0.,0.066),.UNSPECIFIED.);
#1445=B_SPLINE_SURFACE_WITH_KNOTS('',3,1,((#2282,#2283),(#2284,#2285),(#2286,
#2287),(#2288,#2289),(#2290,#2291)),.UNSPECIFIED.,.F.,.F.,.F.,(4,1,4),(2,
2),(-0.335661090651214,-0.205570450211937,0.),(0.,0.066),.UNSPECIFIED.);
#1446=B_SPLINE_SURFACE_WITH_KNOTS('',3,1,((#2307,#2308),(#2309,#2310),(#2311,
#2312),(#2313,#2314),(#2315,#2316)),.UNSPECIFIED.,.F.,.F.,.F.,(4,1,4),(2,
2),(-0.169250763425189,-0.0887797039097937,0.),(0.,0.066),.UNSPECIFIED.);
#1447=B_SPLINE_SURFACE_WITH_KNOTS('',3,1,((#2331,#2332),(#2333,#2334),(#2335,
#2336),(#2337,#2338),(#2339,#2340)),.UNSPECIFIED.,.F.,.F.,.F.,(4,1,4),(2,
2),(-0.169448720738606,-0.0804925713819205,0.),(0.,0.066),.UNSPECIFIED.);
#1448=B_SPLINE_SURFACE_WITH_KNOTS('',3,1,((#2356,#2357),(#2358,#2359),(#2360,
#2361),(#2362,#2363),(#2364,#2365)),.UNSPECIFIED.,.F.,.F.,.F.,(4,1,4),(2,
2),(-0.335316274244739,-0.130171074025381,0.),(0.,0.066),.UNSPECIFIED.);
#1449=B_SPLINE_SURFACE_WITH_KNOTS('',3,1,((#2378,#2379),(#2380,#2381),(#2382,
#2383),(#2384,#2385),(#2386,#2387)),.UNSPECIFIED.,.F.,.F.,.F.,(4,1,4),(2,
2),(-0.288682140165076,-0.160304208813227,0.),(0.,0.066),.UNSPECIFIED.);
#1450=B_SPLINE_SURFACE_WITH_KNOTS('',3,1,((#2402,#2403),(#2404,#2405),(#2406,
#2407),(#2408,#2409),(#2410,#2411)),.UNSPECIFIED.,.F.,.F.,.F.,(4,1,4),(2,
2),(-0.200960144769914,-0.105954916716038,0.),(0.,0.066),.UNSPECIFIED.);
#1451=B_SPLINE_SURFACE_WITH_KNOTS('',3,1,((#2426,#2427),(#2428,#2429),(#2430,
#2431),(#2432,#2433),(#2434,#2435)),.UNSPECIFIED.,.F.,.F.,.F.,(4,1,4),(2,
2),(-0.193323035481136,-0.0924051099572599,0.),(0.,0.066),.UNSPECIFIED.);
#1452=B_SPLINE_SURFACE_WITH_KNOTS('',3,1,((#2451,#2452),(#2453,#2454),(#2455,
#2456),(#2457,#2458),(#2459,#2460)),.UNSPECIFIED.,.F.,.F.,.F.,(4,1,4),(2,
2),(-0.145986462658523,-0.0759786940900337,0.),(0.,0.066),.UNSPECIFIED.);
#1453=B_SPLINE_SURFACE_WITH_KNOTS('',3,1,((#2476,#2477),(#2478,#2479),(#2480,
#2481),(#2482,#2483),(#2484,#2485)),.UNSPECIFIED.,.F.,.F.,.F.,(4,1,4),(2,
2),(-0.138205573456978,-0.0680952773210502,0.),(0.,0.066),.UNSPECIFIED.);
#1454=B_SPLINE_SURFACE_WITH_KNOTS('',3,1,((#2501,#2502),(#2503,#2504),(#2505,
#2506),(#2507,#2508),(#2509,#2510)),.UNSPECIFIED.,.F.,.F.,.F.,(4,1,4),(2,
2),(-0.161664261142133,-0.0763515214853463,0.),(0.,0.066),.UNSPECIFIED.);
#1455=B_SPLINE_SURFACE_WITH_KNOTS('',3,1,((#2551,#2552),(#2553,#2554),(#2555,
#2556),(#2557,#2558),(#2559,#2560)),.UNSPECIFIED.,.F.,.F.,.F.,(4,1,4),(2,
2),(-0.215499165671314,-0.11037944546206,0.),(0.,0.066),.UNSPECIFIED.);
#1456=B_SPLINE_SURFACE_WITH_KNOTS('',3,1,((#2579,#2580),(#2581,#2582),(#2583,
#2584),(#2585,#2586),(#2587,#2588)),.UNSPECIFIED.,.F.,.F.,.F.,(4,1,4),(2,
2),(-0.173347598437162,-0.0945492151670749,0.),(0.,0.066),.UNSPECIFIED.);
#1457=B_SPLINE_SURFACE_WITH_KNOTS('',3,1,((#2628,#2629),(#2630,#2631),(#2632,
#2633),(#2634,#2635),(#2636,#2637)),.UNSPECIFIED.,.F.,.F.,.F.,(4,1,4),(2,
2),(-0.144038853187464,-0.0664428050068556,0.),(0.,0.066),.UNSPECIFIED.);
#1458=B_SPLINE_SURFACE_WITH_KNOTS('',3,1,((#2653,#2654),(#2655,#2656),(#2657,
#2658),(#2659,#2660),(#2661,#2662)),.UNSPECIFIED.,.F.,.F.,.F.,(4,1,4),(2,
2),(-0.144127772002088,-0.0776790467653154,0.),(0.,0.066),.UNSPECIFIED.);
#1459=B_SPLINE_SURFACE_WITH_KNOTS('',3,1,((#3002,#3003),(#3004,#3005),(#3006,
#3007),(#3008,#3009),(#3010,#3011)),.UNSPECIFIED.,.F.,.F.,.F.,(4,1,4),(2,
2),(-0.144127772002088,-0.0776790467653154,0.),(0.,0.55),.UNSPECIFIED.);
#1460=B_SPLINE_SURFACE_WITH_KNOTS('',3,1,((#3013,#3014),(#3015,#3016),(#3017,
#3018),(#3019,#3020),(#3021,#3022)),.UNSPECIFIED.,.F.,.F.,.F.,(4,1,4),(2,
2),(-0.144038853187464,-0.0664428050068556,0.),(0.,0.55),.UNSPECIFIED.);
#1461=B_SPLINE_SURFACE_WITH_KNOTS('',3,1,((#3032,#3033),(#3034,#3035),(#3036,
#3037),(#3038,#3039),(#3040,#3041)),.UNSPECIFIED.,.F.,.F.,.F.,(4,1,4),(2,
2),(-0.173347598437162,-0.0945492151670749,0.),(0.,0.55),.UNSPECIFIED.);
#1462=B_SPLINE_SURFACE_WITH_KNOTS('',3,1,((#3043,#3044),(#3045,#3046),(#3047,
#3048),(#3049,#3050),(#3051,#3052)),.UNSPECIFIED.,.F.,.F.,.F.,(4,1,4),(2,
2),(-0.215499165671314,-0.11037944546206,0.),(0.,0.55),.UNSPECIFIED.);
#1463=B_SPLINE_SURFACE_WITH_KNOTS('',3,1,((#3061,#3062),(#3063,#3064),(#3065,
#3066),(#3067,#3068),(#3069,#3070)),.UNSPECIFIED.,.F.,.F.,.F.,(4,1,4),(2,
2),(-0.161664261142133,-0.0763515214853463,0.),(0.,0.55),.UNSPECIFIED.);
#1464=B_SPLINE_SURFACE_WITH_KNOTS('',3,1,((#3073,#3074),(#3075,#3076),(#3077,
#3078),(#3079,#3080),(#3081,#3082)),.UNSPECIFIED.,.F.,.F.,.F.,(4,1,4),(2,
2),(-0.138205573456978,-0.0680952773210502,0.),(0.,0.55),.UNSPECIFIED.);
#1465=B_SPLINE_SURFACE_WITH_KNOTS('',3,1,((#3084,#3085),(#3086,#3087),(#3088,
#3089),(#3090,#3091),(#3092,#3093)),.UNSPECIFIED.,.F.,.F.,.F.,(4,1,4),(2,
2),(-0.145986462658523,-0.0759786940900337,0.),(0.,0.55),.UNSPECIFIED.);
#1466=B_SPLINE_SURFACE_WITH_KNOTS('',3,1,((#3095,#3096),(#3097,#3098),(#3099,
#3100),(#3101,#3102),(#3103,#3104)),.UNSPECIFIED.,.F.,.F.,.F.,(4,1,4),(2,
2),(-0.193323035481136,-0.0924051099572599,0.),(0.,0.55),.UNSPECIFIED.);
#1467=B_SPLINE_SURFACE_WITH_KNOTS('',3,1,((#3106,#3107),(#3108,#3109),(#3110,
#3111),(#3112,#3113),(#3114,#3115)),.UNSPECIFIED.,.F.,.F.,.F.,(4,1,4),(2,
2),(-0.200960144769914,-0.105954916716038,0.),(0.,0.55),.UNSPECIFIED.);
#1468=B_SPLINE_SURFACE_WITH_KNOTS('',3,1,((#3117,#3118),(#3119,#3120),(#3121,
#3122),(#3123,#3124),(#3125,#3126)),.UNSPECIFIED.,.F.,.F.,.F.,(4,1,4),(2,
2),(-0.288682140165076,-0.160304208813227,0.),(0.,0.55),.UNSPECIFIED.);
#1469=B_SPLINE_SURFACE_WITH_KNOTS('',3,1,((#3128,#3129),(#3130,#3131),(#3132,
#3133),(#3134,#3135),(#3136,#3137)),.UNSPECIFIED.,.F.,.F.,.F.,(4,1,4),(2,
2),(-0.423798123082955,-0.180044075966027,0.),(0.,0.55),.UNSPECIFIED.);
#1470=B_SPLINE_SURFACE_WITH_KNOTS('',3,1,((#3139,#3140),(#3141,#3142),(#3143,
#3144),(#3145,#3146),(#3147,#3148)),.UNSPECIFIED.,.F.,.F.,.F.,(4,1,4),(2,
2),(-0.256817413042886,-0.131669479465675,0.),(0.,0.55),.UNSPECIFIED.);
#1471=B_SPLINE_SURFACE_WITH_KNOTS('',3,1,((#3150,#3151),(#3152,#3153),(#3154,
#3155),(#3156,#3157),(#3158,#3159)),.UNSPECIFIED.,.F.,.F.,.F.,(4,1,4),(2,
2),(-0.194113485332963,-0.0926771787059894,0.),(0.,0.55),.UNSPECIFIED.);
#1472=B_SPLINE_SURFACE_WITH_KNOTS('',3,1,((#3161,#3162),(#3163,#3164),(#3165,
#3166),(#3167,#3168),(#3169,#3170)),.UNSPECIFIED.,.F.,.F.,.F.,(4,1,4),(2,
2),(-0.201062898627169,-0.105922758671558,0.),(0.,0.55),.UNSPECIFIED.);
#1473=B_SPLINE_SURFACE_WITH_KNOTS('',3,1,((#3172,#3173),(#3174,#3175),(#3176,
#3177),(#3178,#3179),(#3180,#3181)),.UNSPECIFIED.,.F.,.F.,.F.,(4,1,4),(2,
2),(-0.287268098546996,-0.159277782296877,0.),(0.,0.55),.UNSPECIFIED.);
#1474=B_SPLINE_SURFACE_WITH_KNOTS('',3,1,((#3183,#3184),(#3185,#3186),(#3187,
#3188),(#3189,#3190),(#3191,#3192)),.UNSPECIFIED.,.F.,.F.,.F.,(4,1,4),(2,
2),(-0.237851588163006,-0.104291649604622,0.),(0.,0.55),.UNSPECIFIED.);
#1475=ADVANCED_FACE('',(#72),#1427,.F.);
#1476=ADVANCED_FACE('',(#73),#1428,.F.);
#1477=ADVANCED_FACE('',(#74),#1429,.F.);
#1478=ADVANCED_FACE('',(#75),#1430,.F.);
#1479=ADVANCED_FACE('',(#76),#1431,.F.);
#1480=ADVANCED_FACE('',(#77),#1432,.F.);
#1481=ADVANCED_FACE('',(#78),#1433,.F.);
#1482=ADVANCED_FACE('',(#79),#1434,.F.);
#1483=ADVANCED_FACE('',(#80),#36,.T.);
#1484=ADVANCED_FACE('',(#81),#37,.F.);
#1485=ADVANCED_FACE('',(#82),#1435,.T.);
#1486=ADVANCED_FACE('',(#83),#1436,.T.);
#1487=ADVANCED_FACE('',(#84),#1437,.T.);
#1488=ADVANCED_FACE('',(#85),#1438,.T.);
#1489=ADVANCED_FACE('',(#86),#1439,.T.);
#1490=ADVANCED_FACE('',(#87),#1440,.T.);
#1491=ADVANCED_FACE('',(#88),#1441,.T.);
#1492=ADVANCED_FACE('',(#89),#1442,.T.);
#1493=ADVANCED_FACE('',(#90),#1443,.T.);
#1494=ADVANCED_FACE('',(#91),#1444,.T.);
#1495=ADVANCED_FACE('',(#92),#1445,.T.);
#1496=ADVANCED_FACE('',(#93),#1446,.T.);
#1497=ADVANCED_FACE('',(#94),#1447,.T.);
#1498=ADVANCED_FACE('',(#95),#1448,.T.);
#1499=ADVANCED_FACE('',(#96),#1449,.T.);
#1500=ADVANCED_FACE('',(#97),#1450,.T.);
#1501=ADVANCED_FACE('',(#98),#1451,.T.);
#1502=ADVANCED_FACE('',(#99),#1452,.T.);
#1503=ADVANCED_FACE('',(#100),#1453,.T.);
#1504=ADVANCED_FACE('',(#101),#1454,.T.);
#1505=ADVANCED_FACE('',(#102,#16),#38,.F.);
#1506=ADVANCED_FACE('',(#103,#17),#39,.T.);
#1507=ADVANCED_FACE('',(#104),#40,.T.);
#1508=ADVANCED_FACE('',(#105),#41,.T.);
#1509=ADVANCED_FACE('',(#106),#42,.T.);
#1510=ADVANCED_FACE('',(#107),#43,.T.);
#1511=ADVANCED_FACE('',(#108),#44,.F.);
#1512=ADVANCED_FACE('',(#109),#45,.T.);
#1513=ADVANCED_FACE('',(#110),#1455,.T.);
#1514=ADVANCED_FACE('',(#111),#1456,.T.);
#1515=ADVANCED_FACE('',(#112),#46,.T.);
#1516=ADVANCED_FACE('',(#113),#47,.T.);
#1517=ADVANCED_FACE('',(#114),#48,.T.);
#1518=ADVANCED_FACE('',(#115),#49,.T.);
#1519=ADVANCED_FACE('',(#116),#1457,.T.);
#1520=ADVANCED_FACE('',(#117),#1458,.T.);
#1521=ADVANCED_FACE('',(#118),#50,.T.);
#1522=ADVANCED_FACE('',(#119),#51,.F.);
#1523=ADVANCED_FACE('',(#120),#52,.T.);
#1524=ADVANCED_FACE('',(#121),#53,.T.);
#1525=ADVANCED_FACE('',(#122),#54,.T.);
#1526=ADVANCED_FACE('',(#123),#55,.T.);
#1527=ADVANCED_FACE('',(#124),#56,.T.);
#1528=ADVANCED_FACE('',(#125),#57,.T.);
#1529=ADVANCED_FACE('',(#126,#18),#58,.T.);
#1530=ADVANCED_FACE('',(#127),#59,.T.);
#1531=ADVANCED_FACE('',(#128),#13,.F.);
#1532=ADVANCED_FACE('',(#129),#60,.T.);
#1533=ADVANCED_FACE('',(#130,#19,#20,#21,#22),#61,.F.);
#1534=ADVANCED_FACE('',(#131,#23,#24,#25),#62,.T.);
#1535=ADVANCED_FACE('',(#132),#63,.F.);
#1536=ADVANCED_FACE('',(#133),#1459,.F.);
#1537=ADVANCED_FACE('',(#134),#1460,.F.);
#1538=ADVANCED_FACE('',(#135),#64,.F.);
#1539=ADVANCED_FACE('',(#136),#65,.F.);
#1540=ADVANCED_FACE('',(#137),#66,.F.);
#1541=ADVANCED_FACE('',(#138),#67,.F.);
#1542=ADVANCED_FACE('',(#139),#1461,.F.);
#1543=ADVANCED_FACE('',(#140),#1462,.F.);
#1544=ADVANCED_FACE('',(#141),#68,.F.);
#1545=ADVANCED_FACE('',(#142),#69,.F.);
#1546=ADVANCED_FACE('',(#143),#70,.F.);
#1547=ADVANCED_FACE('',(#144),#71,.F.);
#1548=ADVANCED_FACE('',(#145),#1463,.F.);
#1549=ADVANCED_FACE('',(#146),#1464,.F.);
#1550=ADVANCED_FACE('',(#147),#1465,.F.);
#1551=ADVANCED_FACE('',(#148),#1466,.F.);
#1552=ADVANCED_FACE('',(#149),#1467,.F.);
#1553=ADVANCED_FACE('',(#150),#1468,.F.);
#1554=ADVANCED_FACE('',(#151),#1469,.F.);
#1555=ADVANCED_FACE('',(#152),#1470,.F.);
#1556=ADVANCED_FACE('',(#153),#1471,.F.);
#1557=ADVANCED_FACE('',(#154),#1472,.F.);
#1558=ADVANCED_FACE('',(#155),#1473,.F.);
#1559=ADVANCED_FACE('',(#156),#1474,.F.);
#1560=CLOSED_SHELL('',(#1475,#1476,#1477,#1478,#1479,#1480,#1481,#1482,
#1483,#1484));
#1561=CLOSED_SHELL('',(#1485,#1486,#1487,#1488,#1489,#1490,#1491,#1492,
#1493,#1494,#1495,#1496,#1497,#1498,#1499,#1500,#1501,#1502,#1503,#1504,
#1505,#1506));
#1562=CLOSED_SHELL('',(#1507,#1508,#1509,#1510,#1511,#1512));
#1563=CLOSED_SHELL('',(#1513,#1514,#1515,#1516,#1517,#1518,#1519,#1520,
#1521,#1522,#1523));
#1564=CLOSED_SHELL('',(#1524,#1525,#1526,#1527,#1528,#1529,#1530,#1531,
#1532,#1533,#1534,#1535,#1536,#1537,#1538,#1539,#1540,#1541,#1542,#1543,
#1544,#1545,#1546,#1547,#1548,#1549,#1550,#1551,#1552,#1553,#1554,#1555,
#1556,#1557,#1558,#1559));
#1565=DERIVED_UNIT_ELEMENT(#1567,1.);
#1566=DERIVED_UNIT_ELEMENT(#3198,-3.);
#1567=(
MASS_UNIT()
NAMED_UNIT(*)
SI_UNIT(.KILO.,.GRAM.)
);
#1568=DERIVED_UNIT((#1565,#1566));
#1569=MEASURE_REPRESENTATION_ITEM('density measure',
POSITIVE_RATIO_MEASURE(7850.),#1568);
#1570=PROPERTY_DEFINITION_REPRESENTATION(#1575,#1572);
#1571=PROPERTY_DEFINITION_REPRESENTATION(#1576,#1573);
#1572=REPRESENTATION('material name',(#1574),#3195);
#1573=REPRESENTATION('density',(#1569),#3195);
#1574=DESCRIPTIVE_REPRESENTATION_ITEM('Acciaio','Acciaio');
#1575=PROPERTY_DEFINITION('material property','material name',#3205);
#1576=PROPERTY_DEFINITION('material property','density of part',#3205);
#1577=AXIS2_PLACEMENT_3D('',#1824,#1617,#1618);
#1578=AXIS2_PLACEMENT_3D('',#2025,#1627,#1628);
#1579=AXIS2_PLACEMENT_3D('',#2026,#1629,#1630);
#1580=AXIS2_PLACEMENT_3D('',#2523,#1651,#1652);
#1581=AXIS2_PLACEMENT_3D('',#2524,#1653,#1654);
#1582=AXIS2_PLACEMENT_3D('',#2525,#1655,#1656);
#1583=AXIS2_PLACEMENT_3D('',#2534,#1661,#1662);
#1584=AXIS2_PLACEMENT_3D('',#2540,#1666,#1667);
#1585=AXIS2_PLACEMENT_3D('',#2546,#1671,#1672);
#1586=AXIS2_PLACEMENT_3D('',#2549,#1675,#1676);
#1587=AXIS2_PLACEMENT_3D('',#2550,#1677,#1678);
#1588=AXIS2_PLACEMENT_3D('',#2604,#1682,#1683);
#1589=AXIS2_PLACEMENT_3D('',#2610,#1687,#1688);
#1590=AXIS2_PLACEMENT_3D('',#2616,#1692,#1693);
#1591=AXIS2_PLACEMENT_3D('',#2622,#1697,#1698);
#1592=AXIS2_PLACEMENT_3D('',#2678,#1704,#1705);
#1593=AXIS2_PLACEMENT_3D('',#2681,#1708,#1709);
#1594=AXIS2_PLACEMENT_3D('',#2682,#1710,#1711);
#1595=AXIS2_PLACEMENT_3D('',#2683,#1712,#1713);
#1596=AXIS2_PLACEMENT_3D('',#2692,#1718,#1719);
#1597=AXIS2_PLACEMENT_3D('',#2706,#1727,#1728);
#1598=AXIS2_PLACEMENT_3D('',#2710,#1731,#1732);
#1599=AXIS2_PLACEMENT_3D('',#2722,#1739,#1740);
#1600=AXIS2_PLACEMENT_3D('',#2724,#1742,#1743);
#1601=AXIS2_PLACEMENT_3D('',#2728,#1746,#1747);
#1602=AXIS2_PLACEMENT_3D('',#2729,#1748,#1749);
#1603=AXIS2_PLACEMENT_3D('',#2731,#1751,#1752);
#1604=AXIS2_PLACEMENT_3D('',#2734,#1754,#1755);
#1605=AXIS2_PLACEMENT_3D('',#2735,#1756,#1757);
#1606=AXIS2_PLACEMENT_3D('',#2737,#1759,#1760);
#1607=AXIS2_PLACEMENT_3D('',#2852,#1770,#1771);
#1608=AXIS2_PLACEMENT_3D('',#2999,#1781,#1782);
#1609=AXIS2_PLACEMENT_3D('',#3024,#1787,#1788);
#1610=AXIS2_PLACEMENT_3D('',#3026,#1790,#1791);
#1611=AXIS2_PLACEMENT_3D('',#3028,#1793,#1794);
#1612=AXIS2_PLACEMENT_3D('',#3030,#1796,#1797);
#1613=AXIS2_PLACEMENT_3D('',#3053,#1800,#1801);
#1614=AXIS2_PLACEMENT_3D('',#3056,#1804,#1805);
#1615=AXIS2_PLACEMENT_3D('',#3058,#1807,#1808);
#1616=AXIS2_PLACEMENT_3D('',#3060,#1810,#1811);
#1617=DIRECTION('axis',(0.,0.,1.));
#1618=DIRECTION('refdir',(1.,0.,0.));
#1619=DIRECTION('',(0.,0.,1.));
#1620=DIRECTION('',(0.,0.,1.));
#1621=DIRECTION('',(0.,0.,1.));
#1622=DIRECTION('',(0.,0.,1.));
#1623=DIRECTION('',(0.,0.,1.));
#1624=DIRECTION('',(0.,0.,1.));
#1625=DIRECTION('',(0.,0.,1.));
#1626=DIRECTION('',(0.,0.,1.));
#1627=DIRECTION('center_axis',(0.,0.,1.));
#1628=DIRECTION('ref_axis',(1.,0.,0.));
#1629=DIRECTION('center_axis',(0.,0.,1.));
#1630=DIRECTION('ref_axis',(1.,0.,0.));
#1631=DIRECTION('',(0.,0.,1.));
#1632=DIRECTION('',(0.,0.,1.));
#1633=DIRECTION('',(0.,0.,1.));
#1634=DIRECTION('',(0.,0.,1.));
#1635=DIRECTION('',(0.,0.,1.));
#1636=DIRECTION('',(0.,0.,1.));
#1637=DIRECTION('',(0.,0.,1.));
#1638=DIRECTION('',(0.,0.,1.));
#1639=DIRECTION('',(0.,0.,1.));
#1640=DIRECTION('',(0.,0.,1.));
#1641=DIRECTION('',(0.,0.,1.));
#1642=DIRECTION('',(0.,0.,1.));
#1643=DIRECTION('',(0.,0.,1.));
#1644=DIRECTION('',(0.,0.,1.));
#1645=DIRECTION('',(0.,0.,1.));
#1646=DIRECTION('',(0.,0.,1.));
#1647=DIRECTION('',(0.,0.,1.));
#1648=DIRECTION('',(0.,0.,1.));
#1649=DIRECTION('',(0.,0.,1.));
#1650=DIRECTION('',(0.,0.,1.));
#1651=DIRECTION('center_axis',(0.,0.,1.));
#1652=DIRECTION('ref_axis',(1.,0.,0.));
#1653=DIRECTION('center_axis',(0.,0.,1.));
#1654=DIRECTION('ref_axis',(1.,0.,0.));
#1655=DIRECTION('center_axis',(0.99995837111372,-0.00912447475729191,0.));
#1656=DIRECTION('ref_axis',(0.00912447475729191,0.99995837111372,0.));
#1657=DIRECTION('',(-0.00912447475729191,-0.99995837111372,0.));
#1658=DIRECTION('',(0.,0.,1.));
#1659=DIRECTION('',(-0.00912447475729191,-0.99995837111372,0.));
#1660=DIRECTION('',(0.,0.,1.));
#1661=DIRECTION('center_axis',(-0.00912447475729355,-0.99995837111372,0.));
#1662=DIRECTION('ref_axis',(0.99995837111372,-0.00912447475729355,0.));
#1663=DIRECTION('',(-0.99995837111372,0.00912447475729355,0.));
#1664=DIRECTION('',(0.,0.,1.));
#1665=DIRECTION('',(-0.99995837111372,0.00912447475729355,0.));
#1666=DIRECTION('center_axis',(-0.99995837111372,0.00912447475729191,0.));
#1667=DIRECTION('ref_axis',(-0.00912447475729191,-0.99995837111372,0.));
#1668=DIRECTION('',(0.00912447475729191,0.99995837111372,0.));
#1669=DIRECTION('',(0.,0.,1.));
#1670=DIRECTION('',(0.00912447475729191,0.99995837111372,0.));
#1671=DIRECTION('center_axis',(0.00912447475729349,0.99995837111372,0.));
#1672=DIRECTION('ref_axis',(-0.99995837111372,0.00912447475729349,0.));
#1673=DIRECTION('',(0.99995837111372,-0.00912447475729349,0.));
#1674=DIRECTION('',(0.99995837111372,-0.00912447475729349,0.));
#1675=DIRECTION('center_axis',(0.,0.,1.));
#1676=DIRECTION('ref_axis',(1.,0.,0.));
#1677=DIRECTION('center_axis',(0.,0.,1.));
#1678=DIRECTION('ref_axis',(1.,0.,0.));
#1679=DIRECTION('',(0.,0.,1.));
#1680=DIRECTION('',(0.,0.,1.));
#1681=DIRECTION('',(0.,0.,1.));
#1682=DIRECTION('center_axis',(0.00912447475729469,0.99995837111372,0.));
#1683=DIRECTION('ref_axis',(-0.99995837111372,0.00912447475729469,0.));
#1684=DIRECTION('',(0.99995837111372,-0.00912447475729469,0.));
#1685=DIRECTION('',(0.,0.,1.));
#1686=DIRECTION('',(0.99995837111372,-0.00912447475729469,0.));
#1687=DIRECTION('center_axis',(0.99995837111372,-0.00912447475729215,0.));
#1688=DIRECTION('ref_axis',(0.00912447475729215,0.99995837111372,0.));
#1689=DIRECTION('',(-0.00912447475729215,-0.99995837111372,0.));
#1690=DIRECTION('',(0.,0.,1.));
#1691=DIRECTION('',(-0.00912447475729215,-0.99995837111372,0.));
#1692=DIRECTION('center_axis',(-0.00912447475729355,-0.99995837111372,0.));
#1693=DIRECTION('ref_axis',(0.99995837111372,-0.00912447475729355,0.));
#1694=DIRECTION('',(-0.99995837111372,0.00912447475729355,0.));
#1695=DIRECTION('',(0.,0.,1.));
#1696=DIRECTION('',(-0.99995837111372,0.00912447475729355,0.));
#1697=DIRECTION('center_axis',(-0.99995837111372,0.00912447475729206,0.));
#1698=DIRECTION('ref_axis',(-0.00912447475729205,-0.99995837111372,0.));
#1699=DIRECTION('',(0.00912447475729205,0.99995837111372,0.));
#1700=DIRECTION('',(0.,0.,1.));
#1701=DIRECTION('',(0.00912447475729205,0.99995837111372,0.));
#1702=DIRECTION('',(0.,0.,1.));
#1703=DIRECTION('',(0.,0.,1.));
#1704=DIRECTION('center_axis',(-0.99995837111372,0.00912447475729228,0.));
#1705=DIRECTION('ref_axis',(-0.00912447475729228,-0.99995837111372,0.));
#1706=DIRECTION('',(0.00912447475729228,0.99995837111372,0.));
#1707=DIRECTION('',(0.00912447475729228,0.99995837111372,0.));
#1708=DIRECTION('center_axis',(0.,0.,1.));
#1709=DIRECTION('ref_axis',(1.,0.,0.));
#1710=DIRECTION('center_axis',(0.,0.,1.));
#1711=DIRECTION('ref_axis',(1.,0.,0.));
#1712=DIRECTION('center_axis',(0.,0.,1.));
#1713=DIRECTION('ref_axis',(1.,0.,0.));
#1714=DIRECTION('',(1.,0.,0.));
#1715=DIRECTION('',(0.,1.,0.));
#1716=DIRECTION('',(-1.,0.,0.));
#1717=DIRECTION('',(0.,-1.,0.));
#1718=DIRECTION('center_axis',(0.,-1.,0.));
#1719=DIRECTION('ref_axis',(1.,0.,0.));
#1720=DIRECTION('',(-1.,0.,0.));
#1721=DIRECTION('',(0.,0.,1.));
#1722=DIRECTION('',(-1.,8.88178419700125E-17,0.));
#1723=DIRECTION('',(0.,0.,1.));
#1724=DIRECTION('',(1.,-8.88178419700125E-17,0.));
#1725=DIRECTION('',(0.,0.,1.));
#1726=DIRECTION('',(0.,0.,1.));
#1727=DIRECTION('center_axis',(1.,0.,0.));
#1728=DIRECTION('ref_axis',(0.,1.,0.));
#1729=DIRECTION('',(0.,1.,0.));
#1730=DIRECTION('',(0.,0.,1.));
#1731=DIRECTION('center_axis',(0.,1.,0.));
#1732=DIRECTION('ref_axis',(-1.,0.,0.));
#1733=DIRECTION('',(1.,-8.88178419700125E-17,0.));
#1734=DIRECTION('',(0.,0.,1.));
#1735=DIRECTION('',(-1.,8.88178419700125E-17,0.));
#1736=DIRECTION('',(0.,0.,1.));
#1737=DIRECTION('',(1.,-8.88178419700125E-17,0.));
#1738=DIRECTION('',(0.,0.,1.));
#1739=DIRECTION('center_axis',(-1.,0.,0.));
#1740=DIRECTION('ref_axis',(0.,-1.,0.));
#1741=DIRECTION('',(0.,1.,0.));
#1742=DIRECTION('center_axis',(0.,0.,1.));
#1743=DIRECTION('ref_axis',(1.,0.,0.));
#1744=DIRECTION('',(0.,-1.,0.));
#1745=DIRECTION('',(0.,1.,0.));
#1746=DIRECTION('center_axis',(0.,0.,1.));
#1747=DIRECTION('ref_axis',(1.,0.,0.));
#1748=DIRECTION('center_axis',(1.,0.,0.));
#1749=DIRECTION('ref_axis',(0.,1.,0.));
#1750=DIRECTION('',(0.,-1.,0.));
#1751=DIRECTION('center_axis',(0.,0.,1.));
#1752=DIRECTION('ref_axis',(1.,0.,0.));
#1753=DIRECTION('',(0.,0.,-1.));
#1754=DIRECTION('center_axis',(0.,0.,1.));
#1755=DIRECTION('ref_axis',(1.,0.,0.));
#1756=DIRECTION('center_axis',(-1.,0.,0.));
#1757=DIRECTION('ref_axis',(0.,-1.,0.));
#1758=DIRECTION('',(0.,1.,0.));
#1759=DIRECTION('center_axis',(0.,0.,1.));
#1760=DIRECTION('ref_axis',(1.,0.,0.));
#1761=DIRECTION('',(0.99995837111372,-0.00912447475729355,0.));
#1762=DIRECTION('',(0.00912447475729215,0.99995837111372,0.));
#1763=DIRECTION('',(-0.99995837111372,0.00912447475729469,0.));
#1764=DIRECTION('',(-0.00912447475729228,-0.99995837111372,0.));
#1765=DIRECTION('',(-0.00912447475729205,-0.99995837111372,0.));
#1766=DIRECTION('',(-0.00912447475729191,-0.99995837111372,0.));
#1767=DIRECTION('',(0.99995837111372,-0.00912447475729355,0.));
#1768=DIRECTION('',(0.00912447475729191,0.99995837111372,0.));
#1769=DIRECTION('',(-0.99995837111372,0.00912447475729349,0.));
#1770=DIRECTION('center_axis',(0.,0.,1.));
#1771=DIRECTION('ref_axis',(1.,0.,0.));
#1772=DIRECTION('',(-0.99995837111372,0.00912447475729355,0.));
#1773=DIRECTION('',(0.00912447475729205,0.99995837111372,0.));
#1774=DIRECTION('',(0.00912447475729228,0.99995837111372,0.));
#1775=DIRECTION('',(0.99995837111372,-0.00912447475729469,0.));
#1776=DIRECTION('',(-0.00912447475729215,-0.99995837111372,0.));
#1777=DIRECTION('',(0.00912447475729191,0.99995837111372,0.));
#1778=DIRECTION('',(0.99995837111372,-0.00912447475729349,0.));
#1779=DIRECTION('',(-0.00912447475729191,-0.99995837111372,0.));
#1780=DIRECTION('',(-0.99995837111372,0.00912447475729355,0.));
#1781=DIRECTION('center_axis',(-0.99995837111372,0.00912447475729228,0.));
#1782=DIRECTION('ref_axis',(-0.00912447475729228,-0.99995837111372,0.));
#1783=DIRECTION('',(0.,0.,1.));
#1784=DIRECTION('',(0.,0.,1.));
#1785=DIRECTION('',(0.,0.,1.));
#1786=DIRECTION('',(0.,0.,1.));
#1787=DIRECTION('center_axis',(-0.99995837111372,0.00912447475729206,0.));
#1788=DIRECTION('ref_axis',(-0.00912447475729205,-0.99995837111372,0.));
#1789=DIRECTION('',(0.,0.,1.));
#1790=DIRECTION('center_axis',(-0.00912447475729355,-0.99995837111372,0.));
#1791=DIRECTION('ref_axis',(0.99995837111372,-0.00912447475729355,0.));
#1792=DIRECTION('',(0.,0.,1.));
#1793=DIRECTION('center_axis',(0.99995837111372,-0.00912447475729215,0.));
#1794=DIRECTION('ref_axis',(0.00912447475729215,0.99995837111372,0.));
#1795=DIRECTION('',(0.,0.,1.));
#1796=DIRECTION('center_axis',(0.00912447475729469,0.99995837111372,0.));
#1797=DIRECTION('ref_axis',(-0.99995837111372,0.00912447475729469,0.));
#1798=DIRECTION('',(0.,0.,1.));
#1799=DIRECTION('',(0.,0.,1.));
#1800=DIRECTION('center_axis',(0.00912447475729349,0.99995837111372,0.));
#1801=DIRECTION('ref_axis',(-0.99995837111372,0.00912447475729349,0.));
#1802=DIRECTION('',(0.,0.,1.));
#1803=DIRECTION('',(0.,0.,1.));
#1804=DIRECTION('center_axis',(-0.99995837111372,0.00912447475729191,0.));
#1805=DIRECTION('ref_axis',(-0.00912447475729191,-0.99995837111372,0.));
#1806=DIRECTION('',(0.,0.,1.));
#1807=DIRECTION('center_axis',(-0.00912447475729355,-0.99995837111372,0.));
#1808=DIRECTION('ref_axis',(0.99995837111372,-0.00912447475729355,0.));
#1809=DIRECTION('',(0.,0.,1.));
#1810=DIRECTION('center_axis',(0.99995837111372,-0.00912447475729191,0.));
#1811=DIRECTION('ref_axis',(0.00912447475729191,0.99995837111372,0.));
#1812=DIRECTION('',(0.,0.,1.));
#1813=DIRECTION('',(0.,0.,1.));
#1814=DIRECTION('',(0.,0.,1.));
#1815=DIRECTION('',(0.,0.,1.));
#1816=DIRECTION('',(0.,0.,1.));
#1817=DIRECTION('',(0.,0.,1.));
#1818=DIRECTION('',(0.,0.,1.));
#1819=DIRECTION('',(0.,0.,1.));
#1820=DIRECTION('',(0.,0.,1.));
#1821=DIRECTION('',(0.,0.,1.));
#1822=DIRECTION('',(0.,0.,1.));
#1823=DIRECTION('',(0.,0.,1.));
#1824=CARTESIAN_POINT('',(0.,0.,0.));
#1825=CARTESIAN_POINT('Ctrl Pts',(18.9455374003708,8.1797374062305,0.));
#1826=CARTESIAN_POINT('Ctrl Pts',(18.9455374003708,8.1797374062305,5.5));
#1827=CARTESIAN_POINT('Ctrl Pts',(19.1079554193601,7.77409510786526,0.));
#1828=CARTESIAN_POINT('Ctrl Pts',(19.1079554193601,7.77409510786526,5.5));
#1829=CARTESIAN_POINT('Ctrl Pts',(19.527717931408,6.72572971580998,0.));
#1830=CARTESIAN_POINT('Ctrl Pts',(19.527717931408,6.72572971580998,5.5));
#1831=CARTESIAN_POINT('Ctrl Pts',(19.5055590306728,5.58991391055431,0.));
#1832=CARTESIAN_POINT('Ctrl Pts',(19.5055590306728,5.58991391055431,5.5));
#1833=CARTESIAN_POINT('Ctrl Pts',(19.4919740369853,4.89357744833591,0.));
#1834=CARTESIAN_POINT('Ctrl Pts',(19.4919740369853,4.89357744833591,5.5));
#1835=CARTESIAN_POINT('',(19.4919740369853,4.89357744833591,0.6));
#1836=CARTESIAN_POINT('',(18.9455374003708,8.1797374062305,0.6));
#1837=CARTESIAN_POINT('Ctrl Pts',(19.4919740369853,4.89357744833591,0.6));
#1838=CARTESIAN_POINT('Ctrl Pts',(19.5055590306728,5.58991391055431,0.6));
#1839=CARTESIAN_POINT('Ctrl Pts',(19.5191440243603,6.2862503727727,0.6));
#1840=CARTESIAN_POINT('Ctrl Pts',(19.3666298323891,6.94971799904437,0.6));
#1841=CARTESIAN_POINT('Ctrl Pts',(19.2703734383495,7.36845280950002,0.6));
#1842=CARTESIAN_POINT('Ctrl Pts',(19.1079554193601,7.77409510786526,0.6));
#1843=CARTESIAN_POINT('Ctrl Pts',(18.9455374003708,8.1797374062305,0.6));
#1844=CARTESIAN_POINT('',(19.4919740369853,4.89357744833591,0.));
#1845=CARTESIAN_POINT('',(19.4919740369853,4.89357744833591,0.));
#1846=CARTESIAN_POINT('',(18.9455374003708,8.1797374062305,0.));
#1847=CARTESIAN_POINT('Ctrl Pts',(18.9455374003708,8.1797374062305,0.));
#1848=CARTESIAN_POINT('Ctrl Pts',(19.1079554193601,7.77409510786526,0.));
#1849=CARTESIAN_POINT('Ctrl Pts',(19.527717931408,6.72572971580998,0.));
#1850=CARTESIAN_POINT('Ctrl Pts',(19.5055590306728,5.58991391055431,0.));
#1851=CARTESIAN_POINT('Ctrl Pts',(19.4919740369853,4.89357744833591,0.));
#1852=CARTESIAN_POINT('',(18.9455374003708,8.1797374062305,0.));
#1853=CARTESIAN_POINT('Ctrl Pts',(17.5171231453701,9.00453768294472,0.));
#1854=CARTESIAN_POINT('Ctrl Pts',(17.5171231453701,9.00453768294472,5.5));
#1855=CARTESIAN_POINT('Ctrl Pts',(17.7952406360989,8.96265605090132,0.));
#1856=CARTESIAN_POINT('Ctrl Pts',(17.7952406360989,8.96265605090132,5.5));
#1857=CARTESIAN_POINT('Ctrl Pts',(18.3767877789193,8.8750810357965,0.));
#1858=CARTESIAN_POINT('Ctrl Pts',(18.3767877789193,8.8750810357965,5.5));
#1859=CARTESIAN_POINT('Ctrl Pts',(18.7505317225311,8.41814803667455,0.));
#1860=CARTESIAN_POINT('Ctrl Pts',(18.7505317225311,8.41814803667455,5.5));
#1861=CARTESIAN_POINT('Ctrl Pts',(18.9455374003708,8.1797374062305,0.));
#1862=CARTESIAN_POINT('Ctrl Pts',(18.9455374003708,8.1797374062305,5.5));
#1863=CARTESIAN_POINT('',(17.5171231453701,9.00453768294472,0.6));
#1864=CARTESIAN_POINT('Ctrl Pts',(18.9455374003708,8.1797374062305,0.6));
#1865=CARTESIAN_POINT('Ctrl Pts',(18.7505317225311,8.41814803667455,0.6));
#1866=CARTESIAN_POINT('Ctrl Pts',(18.5555260446913,8.65655866711859,0.6));
#1867=CARTESIAN_POINT('Ctrl Pts',(18.3039487729718,8.79441661142655,0.6));
#1868=CARTESIAN_POINT('Ctrl Pts',(18.0733581268277,8.92077441885793,0.6));
#1869=CARTESIAN_POINT('Ctrl Pts',(17.7952406360989,8.96265605090132,0.6));
#1870=CARTESIAN_POINT('Ctrl Pts',(17.5171231453701,9.00453768294472,0.6));
#1871=CARTESIAN_POINT('',(17.5171231453701,9.00453768294472,0.));
#1872=CARTESIAN_POINT('Ctrl Pts',(17.5171231453701,9.00453768294472,0.));
#1873=CARTESIAN_POINT('Ctrl Pts',(17.7952406360989,8.96265605090132,0.));
#1874=CARTESIAN_POINT('Ctrl Pts',(18.3767877789193,8.8750810357965,0.));
#1875=CARTESIAN_POINT('Ctrl Pts',(18.7505317225311,8.41814803667455,0.));
#1876=CARTESIAN_POINT('Ctrl Pts',(18.9455374003708,8.1797374062305,0.));
#1877=CARTESIAN_POINT('',(17.5171231453701,9.00453768294472,0.));
#1878=CARTESIAN_POINT('Ctrl Pts',(16.1600290822838,8.30065670611358,0.));
#1879=CARTESIAN_POINT('Ctrl Pts',(16.1600290822838,8.30065670611358,5.5));
#1880=CARTESIAN_POINT('Ctrl Pts',(16.3428893191759,8.50789190202721,0.));
#1881=CARTESIAN_POINT('Ctrl Pts',(16.3428893191759,8.50789190202721,5.5));
#1882=CARTESIAN_POINT('Ctrl Pts',(16.7048123021748,8.9180586039969,0.));
#1883=CARTESIAN_POINT('Ctrl Pts',(16.7048123021748,8.9180586039969,5.5));
#1884=CARTESIAN_POINT('Ctrl Pts',(17.2482535570441,8.97591367213619,0.));
#1885=CARTESIAN_POINT('Ctrl Pts',(17.2482535570441,8.97591367213619,5.5));
#1886=CARTESIAN_POINT('Ctrl Pts',(17.5171231453701,9.00453768294472,0.));
#1887=CARTESIAN_POINT('Ctrl Pts',(17.5171231453701,9.00453768294472,5.5));
#1888=CARTESIAN_POINT('',(16.1600290822838,8.30065670611358,0.6));
#1889=CARTESIAN_POINT('Ctrl Pts',(17.5171231453701,9.00453768294472,0.6));
#1890=CARTESIAN_POINT('Ctrl Pts',(17.2482535570441,8.97591367213619,0.6));
#1891=CARTESIAN_POINT('Ctrl Pts',(16.9793839687181,8.94728966132765,0.6));
#1892=CARTESIAN_POINT('Ctrl Pts',(16.7549466506328,8.83242636693618,0.6));
#1893=CARTESIAN_POINT('Ctrl Pts',(16.525749556068,8.71512709794083,0.6));
#1894=CARTESIAN_POINT('Ctrl Pts',(16.3428893191759,8.50789190202721,0.6));
#1895=CARTESIAN_POINT('Ctrl Pts',(16.1600290822838,8.30065670611358,0.6));
#1896=CARTESIAN_POINT('',(16.1600290822838,8.30065670611358,0.));
#1897=CARTESIAN_POINT('Ctrl Pts',(16.1600290822838,8.30065670611358,0.));
#1898=CARTESIAN_POINT('Ctrl Pts',(16.3428893191759,8.50789190202721,0.));
#1899=CARTESIAN_POINT('Ctrl Pts',(16.7048123021748,8.9180586039969,0.));
#1900=CARTESIAN_POINT('Ctrl Pts',(17.2482535570441,8.97591367213619,0.));
#1901=CARTESIAN_POINT('Ctrl Pts',(17.5171231453701,9.00453768294472,0.));
#1902=CARTESIAN_POINT('',(16.1600290822838,8.30065670611358,0.));
#1903=CARTESIAN_POINT('Ctrl Pts',(15.4948669938976,4.930050468984,0.));
#1904=CARTESIAN_POINT('Ctrl Pts',(15.4948669938976,4.930050468984,5.5));
#1905=CARTESIAN_POINT('Ctrl Pts',(15.4984976837131,5.63390000131387,0.));
#1906=CARTESIAN_POINT('Ctrl Pts',(15.4984976837131,5.63390000131387,5.5));
#1907=CARTESIAN_POINT('Ctrl Pts',(15.504544999878,6.80623938332825,0.));
#1908=CARTESIAN_POINT('Ctrl Pts',(15.504544999878,6.80623938332825,5.5));
#1909=CARTESIAN_POINT('Ctrl Pts',(15.9728751522439,7.87397041031135,0.));
#1910=CARTESIAN_POINT('Ctrl Pts',(15.9728751522439,7.87397041031135,5.5));
#1911=CARTESIAN_POINT('Ctrl Pts',(16.1600290822838,8.30065670611358,0.));
#1912=CARTESIAN_POINT('Ctrl Pts',(16.1600290822838,8.30065670611358,5.5));
#1913=CARTESIAN_POINT('',(15.4948669938976,4.930050468984,0.6));
#1914=CARTESIAN_POINT('Ctrl Pts',(16.1600290822838,8.30065670611358,0.6));
#1915=CARTESIAN_POINT('Ctrl Pts',(15.9728751522439,7.87397041031135,0.6));
#1916=CARTESIAN_POINT('Ctrl Pts',(15.7857212222039,7.44728411450911,0.6));
#1917=CARTESIAN_POINT('Ctrl Pts',(15.672391948202,7.00389229727251,0.6));
#1918=CARTESIAN_POINT('Ctrl Pts',(15.5021283735285,6.33774953364374,0.6));
#1919=CARTESIAN_POINT('Ctrl Pts',(15.4984976837131,5.63390000131387,0.6));
#1920=CARTESIAN_POINT('Ctrl Pts',(15.4948669938976,4.930050468984,0.6));
#1921=CARTESIAN_POINT('',(15.4948669938976,4.930050468984,0.));
#1922=CARTESIAN_POINT('Ctrl Pts',(15.4948669938976,4.930050468984,0.));
#1923=CARTESIAN_POINT('Ctrl Pts',(15.4984976837131,5.63390000131387,0.));
#1924=CARTESIAN_POINT('Ctrl Pts',(15.504544999878,6.80623938332825,0.));
#1925=CARTESIAN_POINT('Ctrl Pts',(15.9728751522439,7.87397041031135,0.));
#1926=CARTESIAN_POINT('Ctrl Pts',(16.1600290822838,8.30065670611358,0.));
#1927=CARTESIAN_POINT('',(15.4948669938976,4.930050468984,0.));
#1928=CARTESIAN_POINT('Ctrl Pts',(16.0413347556815,1.64730154290654,0.));
#1929=CARTESIAN_POINT('Ctrl Pts',(16.0413347556815,1.64730154290654,5.5));
#1930=CARTESIAN_POINT('Ctrl Pts',(15.8788988474078,2.05322472656421,0.));
#1931=CARTESIAN_POINT('Ctrl Pts',(15.8788988474078,2.05322472656421,5.5));
#1932=CARTESIAN_POINT('Ctrl Pts',(15.4597801933066,3.1005915324087,0.));
#1933=CARTESIAN_POINT('Ctrl Pts',(15.4597801933066,3.1005915324087,5.5));
#1934=CARTESIAN_POINT('Ctrl Pts',(15.481540332664,4.23518575981301,0.));
#1935=CARTESIAN_POINT('Ctrl Pts',(15.481540332664,4.23518575981301,5.5));
#1936=CARTESIAN_POINT('Ctrl Pts',(15.4948669938976,4.930050468984,0.));
#1937=CARTESIAN_POINT('Ctrl Pts',(15.4948669938976,4.930050468984,5.5));
#1938=CARTESIAN_POINT('',(16.0413347556815,1.64730154290654,0.6));
#1939=CARTESIAN_POINT('Ctrl Pts',(15.4948669938976,4.930050468984,0.6));
#1940=CARTESIAN_POINT('Ctrl Pts',(15.481540332664,4.23518575981301,0.6));
#1941=CARTESIAN_POINT('Ctrl Pts',(15.4682136714305,3.54032105064203,0.6));
#1942=CARTESIAN_POINT('Ctrl Pts',(15.6202501008766,2.87817326103072,0.6));
#1943=CARTESIAN_POINT('Ctrl Pts',(15.7164629391341,2.45914791022189,0.6));
#1944=CARTESIAN_POINT('Ctrl Pts',(15.8788988474078,2.05322472656421,0.6));
#1945=CARTESIAN_POINT('Ctrl Pts',(16.0413347556815,1.64730154290654,0.6));
#1946=CARTESIAN_POINT('',(16.0413347556815,1.64730154290654,0.));
#1947=CARTESIAN_POINT('Ctrl Pts',(16.0413347556815,1.64730154290654,0.));
#1948=CARTESIAN_POINT('Ctrl Pts',(15.8788988474078,2.05322472656421,0.));
#1949=CARTESIAN_POINT('Ctrl Pts',(15.4597801933066,3.1005915324087,0.));
#1950=CARTESIAN_POINT('Ctrl Pts',(15.481540332664,4.23518575981301,0.));
#1951=CARTESIAN_POINT('Ctrl Pts',(15.4948669938976,4.930050468984,0.));
#1952=CARTESIAN_POINT('',(16.0413347556815,1.64730154290654,0.));
#1953=CARTESIAN_POINT('Ctrl Pts',(17.4560761423308,0.81921471329842,0.));
#1954=CARTESIAN_POINT('Ctrl Pts',(17.4560761423308,0.81921471329842,5.5));
#1955=CARTESIAN_POINT('Ctrl Pts',(17.1815111147292,0.86188727721672,0.));
#1956=CARTESIAN_POINT('Ctrl Pts',(17.1815111147292,0.86188727721672,5.5));
#1957=CARTESIAN_POINT('Ctrl Pts',(16.6040321948385,0.951638351254727,0.));
#1958=CARTESIAN_POINT('Ctrl Pts',(16.6040321948385,0.951638351254727,5.5));
#1959=CARTESIAN_POINT('Ctrl Pts',(16.2349402339613,1.40794697050401,0.));
#1960=CARTESIAN_POINT('Ctrl Pts',(16.2349402339613,1.40794697050401,5.5));
#1961=CARTESIAN_POINT('Ctrl Pts',(16.0413347556815,1.64730154290654,0.));
#1962=CARTESIAN_POINT('Ctrl Pts',(16.0413347556815,1.64730154290654,5.5));
#1963=CARTESIAN_POINT('',(17.4560761423308,0.81921471329842,0.6));
#1964=CARTESIAN_POINT('Ctrl Pts',(16.0413347556815,1.64730154290654,0.6));
#1965=CARTESIAN_POINT('Ctrl Pts',(16.2349402339613,1.40794697050401,0.6));
#1966=CARTESIAN_POINT('Ctrl Pts',(16.4285457122411,1.16859239810148,0.6));
#1967=CARTESIAN_POINT('Ctrl Pts',(16.6794884127244,1.03009534346108,0.6));
#1968=CARTESIAN_POINT('Ctrl Pts',(16.9069460871277,0.904559841135023,0.6));
#1969=CARTESIAN_POINT('Ctrl Pts',(17.1815111147292,0.86188727721672,0.6));
#1970=CARTESIAN_POINT('Ctrl Pts',(17.4560761423308,0.81921471329842,0.6));
#1971=CARTESIAN_POINT('',(17.4560761423308,0.81921471329842,0.));
#1972=CARTESIAN_POINT('Ctrl Pts',(17.4560761423308,0.81921471329842,0.));
#1973=CARTESIAN_POINT('Ctrl Pts',(17.1815111147292,0.86188727721672,0.));
#1974=CARTESIAN_POINT('Ctrl Pts',(16.6040321948385,0.951638351254727,0.));
#1975=CARTESIAN_POINT('Ctrl Pts',(16.2349402339613,1.40794697050401,0.));
#1976=CARTESIAN_POINT('Ctrl Pts',(16.0413347556815,1.64730154290654,0.));
#1977=CARTESIAN_POINT('',(17.4560761423308,0.81921471329842,0.));
#1978=CARTESIAN_POINT('Ctrl Pts',(18.8857241628444,1.62475762285673,0.));
#1979=CARTESIAN_POINT('Ctrl Pts',(18.8857241628444,1.62475762285673,5.5));
#1980=CARTESIAN_POINT('Ctrl Pts',(18.6879180854014,1.38798664694441,0.));
#1981=CARTESIAN_POINT('Ctrl Pts',(18.6879180854014,1.38798664694441,5.5));
#1982=CARTESIAN_POINT('Ctrl Pts',(18.3111258454109,0.936971857449598,0.));
#1983=CARTESIAN_POINT('Ctrl Pts',(18.3111258454109,0.936971857449598,5.5));
#1984=CARTESIAN_POINT('Ctrl Pts',(17.7314414038142,0.857137920187936,0.));
#1985=CARTESIAN_POINT('Ctrl Pts',(17.7314414038142,0.857137920187936,5.5));
#1986=CARTESIAN_POINT('Ctrl Pts',(17.4560761423308,0.81921471329842,0.));
#1987=CARTESIAN_POINT('Ctrl Pts',(17.4560761423308,0.81921471329842,5.5));
#1988=CARTESIAN_POINT('',(18.8857241628444,1.62475762285673,0.6));
#1989=CARTESIAN_POINT('Ctrl Pts',(17.4560761423308,0.81921471329842,0.6));
#1990=CARTESIAN_POINT('Ctrl Pts',(17.7314414038142,0.857137920187936,0.6));
#1991=CARTESIAN_POINT('Ctrl Pts',(18.0068066652976,0.895061127077452,0.6));
#1992=CARTESIAN_POINT('Ctrl Pts',(18.2363893356407,1.01674123079377,0.6));
#1993=CARTESIAN_POINT('Ctrl Pts',(18.4901120079584,1.15121567103208,0.6));
#1994=CARTESIAN_POINT('Ctrl Pts',(18.6879180854014,1.38798664694441,0.6));
#1995=CARTESIAN_POINT('Ctrl Pts',(18.8857241628444,1.62475762285673,0.6));
#1996=CARTESIAN_POINT('',(18.8857241628444,1.62475762285673,0.));
#1997=CARTESIAN_POINT('Ctrl Pts',(18.8857241628444,1.62475762285673,0.));
#1998=CARTESIAN_POINT('Ctrl Pts',(18.6879180854014,1.38798664694441,0.));
#1999=CARTESIAN_POINT('Ctrl Pts',(18.3111258454109,0.936971857449598,0.));
#2000=CARTESIAN_POINT('Ctrl Pts',(17.7314414038142,0.857137920187936,0.));
#2001=CARTESIAN_POINT('Ctrl Pts',(17.4560761423308,0.81921471329842,0.));
#2002=CARTESIAN_POINT('',(18.8857241628444,1.62475762285673,0.));
#2003=CARTESIAN_POINT('Ctrl Pts',(19.4919740369853,4.89357744833591,0.));
#2004=CARTESIAN_POINT('Ctrl Pts',(19.4919740369853,4.89357744833591,5.5));
#2005=CARTESIAN_POINT('Ctrl Pts',(19.4923882266546,4.20006104860677,0.));
#2006=CARTESIAN_POINT('Ctrl Pts',(19.4923882266546,4.20006104860677,5.5));
#2007=CARTESIAN_POINT('Ctrl Pts',(19.4930652326804,3.06648670693978,0.));
#2008=CARTESIAN_POINT('Ctrl Pts',(19.4930652326804,3.06648670693978,5.5));
#2009=CARTESIAN_POINT('Ctrl Pts',(19.0555638795501,2.02792953295517,0.));
#2010=CARTESIAN_POINT('Ctrl Pts',(19.0555638795501,2.02792953295517,5.5));
#2011=CARTESIAN_POINT('Ctrl Pts',(18.8857241628444,1.62475762285673,0.));
#2012=CARTESIAN_POINT('Ctrl Pts',(18.8857241628444,1.62475762285673,5.5));
#2013=CARTESIAN_POINT('Ctrl Pts',(18.8857241628444,1.62475762285673,0.6));
#2014=CARTESIAN_POINT('Ctrl Pts',(19.0555638795501,2.02792953295517,0.6));
#2015=CARTESIAN_POINT('Ctrl Pts',(19.2254035962558,2.4311014430536,0.6));
#2016=CARTESIAN_POINT('Ctrl Pts',(19.3292088519946,2.84859265331688,0.6));
#2017=CARTESIAN_POINT('Ctrl Pts',(19.4928024163238,3.50654464887762,0.6));
#2018=CARTESIAN_POINT('Ctrl Pts',(19.4923882266546,4.20006104860677,0.6));
#2019=CARTESIAN_POINT('Ctrl Pts',(19.4919740369853,4.89357744833591,0.6));
#2020=CARTESIAN_POINT('Ctrl Pts',(19.4919740369853,4.89357744833591,0.));
#2021=CARTESIAN_POINT('Ctrl Pts',(19.4923882266546,4.20006104860677,0.));
#2022=CARTESIAN_POINT('Ctrl Pts',(19.4930652326804,3.06648670693978,0.));
#2023=CARTESIAN_POINT('Ctrl Pts',(19.0555638795501,2.02792953295517,0.));
#2024=CARTESIAN_POINT('Ctrl Pts',(18.8857241628444,1.62475762285673,0.));
#2025=CARTESIAN_POINT('Origin',(11.2470805187714,1.05776542300557,0.6));
#2026=CARTESIAN_POINT('Origin',(-20.7529194812286,1.05776542300557,0.));
#2027=CARTESIAN_POINT('Ctrl Pts',(18.9455374003708,8.1797374062305,0.));
#2028=CARTESIAN_POINT('Ctrl Pts',(18.9455374003708,8.1797374062305,0.66));
#2029=CARTESIAN_POINT('Ctrl Pts',(19.1079554193601,7.77409510786526,0.));
#2030=CARTESIAN_POINT('Ctrl Pts',(19.1079554193601,7.77409510786526,0.66));
#2031=CARTESIAN_POINT('Ctrl Pts',(19.527717931408,6.72572971580998,0.));
#2032=CARTESIAN_POINT('Ctrl Pts',(19.527717931408,6.72572971580998,0.66));
#2033=CARTESIAN_POINT('Ctrl Pts',(19.5055590306728,5.58991391055431,0.));
#2034=CARTESIAN_POINT('Ctrl Pts',(19.5055590306728,5.58991391055431,0.66));
#2035=CARTESIAN_POINT('Ctrl Pts',(19.4919740369853,4.89357744833591,0.));
#2036=CARTESIAN_POINT('Ctrl Pts',(19.4919740369853,4.89357744833591,0.66));
#2037=CARTESIAN_POINT('',(19.4919740369853,4.89357744833591,0.6));
#2038=CARTESIAN_POINT('',(18.9455374003708,8.1797374062305,0.6));
#2039=CARTESIAN_POINT('Ctrl Pts',(19.4919740369853,4.89357744833591,0.6));
#2040=CARTESIAN_POINT('Ctrl Pts',(19.5055590306728,5.58991391055431,0.6));
#2041=CARTESIAN_POINT('Ctrl Pts',(19.5191440243603,6.2862503727727,0.6));
#2042=CARTESIAN_POINT('Ctrl Pts',(19.3666298323891,6.94971799904437,0.6));
#2043=CARTESIAN_POINT('Ctrl Pts',(19.2703734383495,7.36845280950002,0.6));
#2044=CARTESIAN_POINT('Ctrl Pts',(19.1079554193601,7.77409510786526,0.6));
#2045=CARTESIAN_POINT('Ctrl Pts',(18.9455374003708,8.1797374062305,0.6));
#2046=CARTESIAN_POINT('',(18.9455374003708,8.1797374062305,0.));
#2047=CARTESIAN_POINT('',(18.9455374003708,8.1797374062305,0.));
#2048=CARTESIAN_POINT('',(19.4919740369853,4.89357744833591,0.));
#2049=CARTESIAN_POINT('Ctrl Pts',(19.4919740369853,4.89357744833591,0.));
#2050=CARTESIAN_POINT('Ctrl Pts',(19.5055590306728,5.58991391055431,0.));
#2051=CARTESIAN_POINT('Ctrl Pts',(19.527717931408,6.72572971580998,0.));
#2052=CARTESIAN_POINT('Ctrl Pts',(19.1079554193601,7.77409510786526,0.));
#2053=CARTESIAN_POINT('Ctrl Pts',(18.9455374003708,8.1797374062305,0.));
#2054=CARTESIAN_POINT('',(19.4919740369853,4.89357744833591,0.));
#2055=CARTESIAN_POINT('Ctrl Pts',(17.5171231453701,9.00453768294472,0.));
#2056=CARTESIAN_POINT('Ctrl Pts',(17.5171231453701,9.00453768294472,0.66));
#2057=CARTESIAN_POINT('Ctrl Pts',(17.7952406360989,8.96265605090132,0.));
#2058=CARTESIAN_POINT('Ctrl Pts',(17.7952406360989,8.96265605090132,0.66));
#2059=CARTESIAN_POINT('Ctrl Pts',(18.3767877789193,8.8750810357965,0.));
#2060=CARTESIAN_POINT('Ctrl Pts',(18.3767877789193,8.8750810357965,0.66));
#2061=CARTESIAN_POINT('Ctrl Pts',(18.7505317225311,8.41814803667455,0.));
#2062=CARTESIAN_POINT('Ctrl Pts',(18.7505317225311,8.41814803667455,0.66));
#2063=CARTESIAN_POINT('Ctrl Pts',(18.9455374003708,8.1797374062305,0.));
#2064=CARTESIAN_POINT('Ctrl Pts',(18.9455374003708,8.1797374062305,0.66));
#2065=CARTESIAN_POINT('',(17.5171231453701,9.00453768294472,0.6));
#2066=CARTESIAN_POINT('Ctrl Pts',(18.9455374003708,8.1797374062305,0.6));
#2067=CARTESIAN_POINT('Ctrl Pts',(18.7505317225311,8.41814803667455,0.6));
#2068=CARTESIAN_POINT('Ctrl Pts',(18.5555260446913,8.65655866711859,0.6));
#2069=CARTESIAN_POINT('Ctrl Pts',(18.3039487729718,8.79441661142655,0.6));
#2070=CARTESIAN_POINT('Ctrl Pts',(18.0733581268277,8.92077441885793,0.6));
#2071=CARTESIAN_POINT('Ctrl Pts',(17.7952406360989,8.96265605090132,0.6));
#2072=CARTESIAN_POINT('Ctrl Pts',(17.5171231453701,9.00453768294472,0.6));
#2073=CARTESIAN_POINT('',(17.5171231453701,9.00453768294472,0.));
#2074=CARTESIAN_POINT('',(17.5171231453701,9.00453768294472,0.));
#2075=CARTESIAN_POINT('Ctrl Pts',(18.9455374003708,8.1797374062305,0.));
#2076=CARTESIAN_POINT('Ctrl Pts',(18.7505317225311,8.41814803667455,0.));
#2077=CARTESIAN_POINT('Ctrl Pts',(18.3767877789193,8.8750810357965,0.));
#2078=CARTESIAN_POINT('Ctrl Pts',(17.7952406360989,8.96265605090132,0.));
#2079=CARTESIAN_POINT('Ctrl Pts',(17.5171231453701,9.00453768294472,0.));
#2080=CARTESIAN_POINT('Ctrl Pts',(16.1600290822838,8.30065670611358,0.));
#2081=CARTESIAN_POINT('Ctrl Pts',(16.1600290822838,8.30065670611358,0.66));
#2082=CARTESIAN_POINT('Ctrl Pts',(16.3428893191759,8.50789190202721,0.));
#2083=CARTESIAN_POINT('Ctrl Pts',(16.3428893191759,8.50789190202721,0.66));
#2084=CARTESIAN_POINT('Ctrl Pts',(16.7048123021748,8.9180586039969,0.));
#2085=CARTESIAN_POINT('Ctrl Pts',(16.7048123021748,8.9180586039969,0.66));
#2086=CARTESIAN_POINT('Ctrl Pts',(17.2482535570441,8.97591367213619,0.));
#2087=CARTESIAN_POINT('Ctrl Pts',(17.2482535570441,8.97591367213619,0.66));
#2088=CARTESIAN_POINT('Ctrl Pts',(17.5171231453701,9.00453768294472,0.));
#2089=CARTESIAN_POINT('Ctrl Pts',(17.5171231453701,9.00453768294472,0.66));
#2090=CARTESIAN_POINT('',(16.1600290822838,8.30065670611358,0.6));
#2091=CARTESIAN_POINT('Ctrl Pts',(17.5171231453701,9.00453768294472,0.6));
#2092=CARTESIAN_POINT('Ctrl Pts',(17.2482535570441,8.97591367213619,0.6));
#2093=CARTESIAN_POINT('Ctrl Pts',(16.9793839687181,8.94728966132765,0.6));
#2094=CARTESIAN_POINT('Ctrl Pts',(16.7549466506328,8.83242636693618,0.6));
#2095=CARTESIAN_POINT('Ctrl Pts',(16.525749556068,8.71512709794083,0.6));
#2096=CARTESIAN_POINT('Ctrl Pts',(16.3428893191759,8.50789190202721,0.6));
#2097=CARTESIAN_POINT('Ctrl Pts',(16.1600290822838,8.30065670611358,0.6));
#2098=CARTESIAN_POINT('',(16.1600290822838,8.30065670611358,0.));
#2099=CARTESIAN_POINT('',(16.1600290822838,8.30065670611358,0.));
#2100=CARTESIAN_POINT('Ctrl Pts',(17.5171231453701,9.00453768294472,0.));
#2101=CARTESIAN_POINT('Ctrl Pts',(17.2482535570441,8.97591367213619,0.));
#2102=CARTESIAN_POINT('Ctrl Pts',(16.7048123021748,8.9180586039969,0.));
#2103=CARTESIAN_POINT('Ctrl Pts',(16.3428893191759,8.50789190202721,0.));
#2104=CARTESIAN_POINT('Ctrl Pts',(16.1600290822838,8.30065670611358,0.));
#2105=CARTESIAN_POINT('Ctrl Pts',(15.4948669938976,4.930050468984,0.));
#2106=CARTESIAN_POINT('Ctrl Pts',(15.4948669938976,4.930050468984,0.66));
#2107=CARTESIAN_POINT('Ctrl Pts',(15.4984976837131,5.63390000131387,0.));
#2108=CARTESIAN_POINT('Ctrl Pts',(15.4984976837131,5.63390000131387,0.66));
#2109=CARTESIAN_POINT('Ctrl Pts',(15.504544999878,6.80623938332825,0.));
#2110=CARTESIAN_POINT('Ctrl Pts',(15.504544999878,6.80623938332825,0.66));
#2111=CARTESIAN_POINT('Ctrl Pts',(15.9728751522439,7.87397041031135,0.));
#2112=CARTESIAN_POINT('Ctrl Pts',(15.9728751522439,7.87397041031135,0.66));
#2113=CARTESIAN_POINT('Ctrl Pts',(16.1600290822838,8.30065670611358,0.));
#2114=CARTESIAN_POINT('Ctrl Pts',(16.1600290822838,8.30065670611358,0.66));
#2115=CARTESIAN_POINT('',(15.4948669938976,4.930050468984,0.6));
#2116=CARTESIAN_POINT('Ctrl Pts',(16.1600290822838,8.30065670611358,0.6));
#2117=CARTESIAN_POINT('Ctrl Pts',(15.9728751522439,7.87397041031135,0.6));
#2118=CARTESIAN_POINT('Ctrl Pts',(15.7857212222039,7.44728411450911,0.6));
#2119=CARTESIAN_POINT('Ctrl Pts',(15.672391948202,7.00389229727251,0.6));
#2120=CARTESIAN_POINT('Ctrl Pts',(15.5021283735285,6.33774953364374,0.6));
#2121=CARTESIAN_POINT('Ctrl Pts',(15.4984976837131,5.63390000131387,0.6));
#2122=CARTESIAN_POINT('Ctrl Pts',(15.4948669938976,4.930050468984,0.6));
#2123=CARTESIAN_POINT('',(15.4948669938976,4.930050468984,0.));
#2124=CARTESIAN_POINT('',(15.4948669938976,4.930050468984,0.));
#2125=CARTESIAN_POINT('Ctrl Pts',(16.1600290822838,8.30065670611358,0.));
#2126=CARTESIAN_POINT('Ctrl Pts',(15.9728751522439,7.87397041031135,0.));
#2127=CARTESIAN_POINT('Ctrl Pts',(15.504544999878,6.80623938332825,0.));
#2128=CARTESIAN_POINT('Ctrl Pts',(15.4984976837131,5.63390000131387,0.));
#2129=CARTESIAN_POINT('Ctrl Pts',(15.4948669938976,4.930050468984,0.));
#2130=CARTESIAN_POINT('Ctrl Pts',(20.7538567380968,4.8820629521473,0.));
#2131=CARTESIAN_POINT('Ctrl Pts',(20.7538567380968,4.8820629521473,0.66));
#2132=CARTESIAN_POINT('Ctrl Pts',(20.7541385685474,5.3284209870753,0.));
#2133=CARTESIAN_POINT('Ctrl Pts',(20.7541385685474,5.3284209870753,0.66));
#2134=CARTESIAN_POINT('Ctrl Pts',(20.7546404691996,6.12332227740895,0.));
#2135=CARTESIAN_POINT('Ctrl Pts',(20.7546404691996,6.12332227740895,0.66));
#2136=CARTESIAN_POINT('Ctrl Pts',(20.612609014941,6.90489427569567,0.));
#2137=CARTESIAN_POINT('Ctrl Pts',(20.612609014941,6.90489427569567,0.66));
#2138=CARTESIAN_POINT('Ctrl Pts',(20.5503319674142,7.24759298801303,0.));
#2139=CARTESIAN_POINT('Ctrl Pts',(20.5503319674142,7.24759298801303,0.66));
#2140=CARTESIAN_POINT('',(20.5503319674142,7.24759298801303,0.6));
#2141=CARTESIAN_POINT('',(20.7538567380968,4.8820629521473,0.6));
#2142=CARTESIAN_POINT('Ctrl Pts',(20.5503319674142,7.24759298801303,0.6));
#2143=CARTESIAN_POINT('Ctrl Pts',(20.612609014941,6.90489427569567,0.6));
#2144=CARTESIAN_POINT('Ctrl Pts',(20.6748860624679,6.5621955633783,0.6));
#2145=CARTESIAN_POINT('Ctrl Pts',(20.7097597718301,6.21693417302893,0.6));
#2146=CARTESIAN_POINT('Ctrl Pts',(20.754420398998,5.7747790220033,0.6));
#2147=CARTESIAN_POINT('Ctrl Pts',(20.7541385685474,5.3284209870753,0.6));
#2148=CARTESIAN_POINT('Ctrl Pts',(20.7538567380968,4.8820629521473,0.6));
#2149=CARTESIAN_POINT('',(20.7538567380968,4.8820629521473,0.));
#2150=CARTESIAN_POINT('',(20.7538567380968,4.8820629521473,0.));
#2151=CARTESIAN_POINT('',(20.5503319674142,7.24759298801303,0.));
#2152=CARTESIAN_POINT('Ctrl Pts',(20.5503319674142,7.24759298801303,0.));
#2153=CARTESIAN_POINT('Ctrl Pts',(20.612609014941,6.90489427569567,0.));
#2154=CARTESIAN_POINT('Ctrl Pts',(20.7546404691996,6.12332227740895,0.));
#2155=CARTESIAN_POINT('Ctrl Pts',(20.7541385685474,5.3284209870753,0.));
#2156=CARTESIAN_POINT('Ctrl Pts',(20.7538567380968,4.8820629521473,0.));
#2157=CARTESIAN_POINT('',(20.5503319674142,7.24759298801303,0.));
#2158=CARTESIAN_POINT('Ctrl Pts',(20.3664225558027,2.0444156235501,0.));
#2159=CARTESIAN_POINT('Ctrl Pts',(20.3664225558027,2.0444156235501,0.66));
#2160=CARTESIAN_POINT('Ctrl Pts',(20.4753268860318,2.45838609572175,0.));
#2161=CARTESIAN_POINT('Ctrl Pts',(20.4753268860318,2.45838609572175,0.66));
#2162=CARTESIAN_POINT('Ctrl Pts',(20.7197574084731,3.3875228763744,0.));
#2163=CARTESIAN_POINT('Ctrl Pts',(20.7197574084731,3.3875228763744,0.66));
#2164=CARTESIAN_POINT('Ctrl Pts',(20.7416938992189,4.3489776880462,0.));
#2165=CARTESIAN_POINT('Ctrl Pts',(20.7416938992189,4.3489776880462,0.66));
#2166=CARTESIAN_POINT('Ctrl Pts',(20.7538567380968,4.8820629521473,0.));
#2167=CARTESIAN_POINT('Ctrl Pts',(20.7538567380968,4.8820629521473,0.66));
#2168=CARTESIAN_POINT('',(20.3664225558027,2.0444156235501,0.6));
#2169=CARTESIAN_POINT('Ctrl Pts',(20.7538567380968,4.8820629521473,0.6));
#2170=CARTESIAN_POINT('Ctrl Pts',(20.7416938992189,4.3489776880462,0.6));
#2171=CARTESIAN_POINT('Ctrl Pts',(20.7295310603411,3.8158924239451,0.6));
#2172=CARTESIAN_POINT('Ctrl Pts',(20.6489685577512,3.29274244860973,0.6));
#2173=CARTESIAN_POINT('Ctrl Pts',(20.5842312162609,2.87235656789339,0.6));
#2174=CARTESIAN_POINT('Ctrl Pts',(20.4753268860318,2.45838609572175,0.6));
#2175=CARTESIAN_POINT('Ctrl Pts',(20.3664225558027,2.0444156235501,0.6));
#2176=CARTESIAN_POINT('',(20.3664225558027,2.0444156235501,0.));
#2177=CARTESIAN_POINT('',(20.3664225558027,2.0444156235501,0.));
#2178=CARTESIAN_POINT('Ctrl Pts',(20.7538567380968,4.8820629521473,0.));
#2179=CARTESIAN_POINT('Ctrl Pts',(20.7416938992189,4.3489776880462,0.));
#2180=CARTESIAN_POINT('Ctrl Pts',(20.7197574084731,3.3875228763744,0.));
#2181=CARTESIAN_POINT('Ctrl Pts',(20.4753268860318,2.45838609572175,0.));
#2182=CARTESIAN_POINT('Ctrl Pts',(20.3664225558027,2.0444156235501,0.));
#2183=CARTESIAN_POINT('Ctrl Pts',(19.270045198431,0.383136826233494,0.));
#2184=CARTESIAN_POINT('Ctrl Pts',(19.270045198431,0.383136826233494,0.66));
#2185=CARTESIAN_POINT('Ctrl Pts',(19.4998786422286,0.606984709397176,0.));
#2186=CARTESIAN_POINT('Ctrl Pts',(19.4998786422286,0.606984709397176,0.66));
#2187=CARTESIAN_POINT('Ctrl Pts',(19.9855934880652,1.08005006605363,0.));
#2188=CARTESIAN_POINT('Ctrl Pts',(19.9855934880652,1.08005006605363,0.66));
#2189=CARTESIAN_POINT('Ctrl Pts',(20.2350207639665,1.7116695887135,0.));
#2190=CARTESIAN_POINT('Ctrl Pts',(20.2350207639665,1.7116695887135,0.66));
#2191=CARTESIAN_POINT('Ctrl Pts',(20.3664225558027,2.0444156235501,0.));
#2192=CARTESIAN_POINT('Ctrl Pts',(20.3664225558027,2.0444156235501,0.66));
#2193=CARTESIAN_POINT('',(19.270045198431,0.383136826233494,0.6));
#2194=CARTESIAN_POINT('Ctrl Pts',(20.3664225558027,2.0444156235501,0.6));
#2195=CARTESIAN_POINT('Ctrl Pts',(20.2417089178521,1.72860586222018,0.6));
#2196=CARTESIAN_POINT('Ctrl Pts',(20.1169952799014,1.41279610089024,0.6));
#2197=CARTESIAN_POINT('Ctrl Pts',(19.7544984552923,0.854973449521605,0.6));
#2198=CARTESIAN_POINT('Ctrl Pts',(19.5328811276251,0.639127709880837,0.6));
#2199=CARTESIAN_POINT('Ctrl Pts',(19.270045198431,0.383136826233494,0.6));
#2200=CARTESIAN_POINT('',(19.270045198431,0.383136826233494,0.));
#2201=CARTESIAN_POINT('',(19.270045198431,0.383136826233494,0.));
#2202=CARTESIAN_POINT('Ctrl Pts',(20.3664225558027,2.0444156235501,0.));
#2203=CARTESIAN_POINT('Ctrl Pts',(20.2350207639665,1.7116695887135,0.));
#2204=CARTESIAN_POINT('Ctrl Pts',(19.9855934880652,1.08005006605363,0.));
#2205=CARTESIAN_POINT('Ctrl Pts',(19.4998786422286,0.606984709397176,0.));
#2206=CARTESIAN_POINT('Ctrl Pts',(19.270045198431,0.383136826233494,0.));
#2207=CARTESIAN_POINT('Ctrl Pts',(17.4468645279763,-0.190293354859989,0.));
#2208=CARTESIAN_POINT('Ctrl Pts',(17.4468645279763,-0.190293354859989,0.66));
#2209=CARTESIAN_POINT('Ctrl Pts',(17.7913408331918,-0.173602624358242,0.));
#2210=CARTESIAN_POINT('Ctrl Pts',(17.7913408331918,-0.173602624358242,0.66));
#2211=CARTESIAN_POINT('Ctrl Pts',(18.4505475654114,-0.141662424855893,0.));
#2212=CARTESIAN_POINT('Ctrl Pts',(18.4505475654114,-0.141662424855893,0.66));
#2213=CARTESIAN_POINT('Ctrl Pts',(19.0052223219995,0.213546528930877,0.));
#2214=CARTESIAN_POINT('Ctrl Pts',(19.0052223219995,0.213546528930877,0.66));
#2215=CARTESIAN_POINT('Ctrl Pts',(19.270045198431,0.383136826233494,0.));
#2216=CARTESIAN_POINT('Ctrl Pts',(19.270045198431,0.383136826233494,0.66));
#2217=CARTESIAN_POINT('',(17.4468645279763,-0.190293354859989,0.6));
#2218=CARTESIAN_POINT('Ctrl Pts',(19.270045198431,0.383136826233494,0.6));
#2219=CARTESIAN_POINT('Ctrl Pts',(19.0052223219995,0.213546528930877,0.6));
#2220=CARTESIAN_POINT('Ctrl Pts',(18.740399445568,0.0439562316282617,0.6));
#2221=CARTESIAN_POINT('Ctrl Pts',(18.4517488017083,-0.051945869814903,0.6));
#2222=CARTESIAN_POINT('Ctrl Pts',(18.1358171384073,-0.156911893856497,0.6));
#2223=CARTESIAN_POINT('Ctrl Pts',(17.7913408331918,-0.173602624358242,0.6));
#2224=CARTESIAN_POINT('Ctrl Pts',(17.4468645279763,-0.190293354859989,0.6));
#2225=CARTESIAN_POINT('',(17.4468645279763,-0.190293354859989,0.));
#2226=CARTESIAN_POINT('',(17.4468645279763,-0.190293354859989,0.));
#2227=CARTESIAN_POINT('Ctrl Pts',(19.270045198431,0.383136826233494,0.));
#2228=CARTESIAN_POINT('Ctrl Pts',(19.0052223219995,0.213546528930877,0.));
#2229=CARTESIAN_POINT('Ctrl Pts',(18.4505475654114,-0.141662424855893,0.));
#2230=CARTESIAN_POINT('Ctrl Pts',(17.7913408331918,-0.173602624358242,0.));
#2231=CARTESIAN_POINT('Ctrl Pts',(17.4468645279763,-0.190293354859989,0.));
#2232=CARTESIAN_POINT('Ctrl Pts',(15.1849313616764,0.867225529441742,0.));
#2233=CARTESIAN_POINT('Ctrl Pts',(15.1849313616764,0.867225529441742,0.66));
#2234=CARTESIAN_POINT('Ctrl Pts',(15.4889988992421,0.562082672672792,0.));
#2235=CARTESIAN_POINT('Ctrl Pts',(15.4889988992421,0.562082672672792,0.66));
#2236=CARTESIAN_POINT('Ctrl Pts',(16.1129791453064,-0.0641042474298037,
0.));
#2237=CARTESIAN_POINT('Ctrl Pts',(16.1129791453064,-0.0641042474298037,
0.66));
#2238=CARTESIAN_POINT('Ctrl Pts',(16.994772070316,-0.1475242050895,0.));
#2239=CARTESIAN_POINT('Ctrl Pts',(16.994772070316,-0.1475242050895,0.66));
#2240=CARTESIAN_POINT('Ctrl Pts',(17.4468645279763,-0.190293354859989,0.));
#2241=CARTESIAN_POINT('Ctrl Pts',(17.4468645279763,-0.190293354859989,0.66));
#2242=CARTESIAN_POINT('',(15.1849313616764,0.867225529441742,0.6));
#2243=CARTESIAN_POINT('Ctrl Pts',(17.4468645279763,-0.190293354859989,0.6));
#2244=CARTESIAN_POINT('Ctrl Pts',(16.994772070316,-0.1475242050895,0.6));
#2245=CARTESIAN_POINT('Ctrl Pts',(16.5426796126557,-0.10475505531901,0.6));
#2246=CARTESIAN_POINT('Ctrl Pts',(16.1583552964224,0.080684766907393,0.6));
#2247=CARTESIAN_POINT('Ctrl Pts',(15.7930664368078,0.256939815903842,0.6));
#2248=CARTESIAN_POINT('Ctrl Pts',(15.4889988992421,0.562082672672792,0.6));
#2249=CARTESIAN_POINT('Ctrl Pts',(15.1849313616764,0.867225529441742,0.6));
#2250=CARTESIAN_POINT('',(15.1849313616764,0.867225529441742,0.));
#2251=CARTESIAN_POINT('',(15.1849313616764,0.867225529441742,0.));
#2252=CARTESIAN_POINT('Ctrl Pts',(17.4468645279763,-0.190293354859989,0.));
#2253=CARTESIAN_POINT('Ctrl Pts',(16.994772070316,-0.1475242050895,0.));
#2254=CARTESIAN_POINT('Ctrl Pts',(16.1129791453064,-0.0641042474298037,
0.));
#2255=CARTESIAN_POINT('Ctrl Pts',(15.4889988992421,0.562082672672792,0.));
#2256=CARTESIAN_POINT('Ctrl Pts',(15.1849313616764,0.867225529441742,0.));
#2257=CARTESIAN_POINT('Ctrl Pts',(14.2329825047212,4.94156498148844,0.));
#2258=CARTESIAN_POINT('Ctrl Pts',(14.2329825047212,4.94156498148844,0.66));
#2259=CARTESIAN_POINT('Ctrl Pts',(14.2352813421262,4.11363776138805,0.));
#2260=CARTESIAN_POINT('Ctrl Pts',(14.2352813421262,4.11363776138805,0.66));
#2261=CARTESIAN_POINT('Ctrl Pts',(14.2392781700312,2.67417857669799,0.));
#2262=CARTESIAN_POINT('Ctrl Pts',(14.2392781700312,2.67417857669799,0.66));
#2263=CARTESIAN_POINT('Ctrl Pts',(14.9029715129904,1.40599408887602,0.));
#2264=CARTESIAN_POINT('Ctrl Pts',(14.9029715129904,1.40599408887602,0.66));
#2265=CARTESIAN_POINT('Ctrl Pts',(15.1849313616764,0.867225529441742,0.));
#2266=CARTESIAN_POINT('Ctrl Pts',(15.1849313616764,0.867225529441742,0.66));
#2267=CARTESIAN_POINT('',(14.2329825047212,4.94156498148844,0.6));
#2268=CARTESIAN_POINT('Ctrl Pts',(15.1849313616764,0.867225529441742,0.6));
#2269=CARTESIAN_POINT('Ctrl Pts',(14.9029715129904,1.40599408887602,0.6));
#2270=CARTESIAN_POINT('Ctrl Pts',(14.6210116643044,1.9447626483103,0.6));
#2271=CARTESIAN_POINT('Ctrl Pts',(14.4581167301077,2.51444361469448,0.6));
#2272=CARTESIAN_POINT('Ctrl Pts',(14.2375801795311,3.28571054128765,0.6));
#2273=CARTESIAN_POINT('Ctrl Pts',(14.2352813421262,4.11363776138805,0.6));
#2274=CARTESIAN_POINT('Ctrl Pts',(14.2329825047212,4.94156498148844,0.6));
#2275=CARTESIAN_POINT('',(14.2329825047212,4.94156498148844,0.));
#2276=CARTESIAN_POINT('',(14.2329825047212,4.94156498148844,0.));
#2277=CARTESIAN_POINT('Ctrl Pts',(15.1849313616764,0.867225529441742,0.));
#2278=CARTESIAN_POINT('Ctrl Pts',(14.9029715129904,1.40599408887602,0.));
#2279=CARTESIAN_POINT('Ctrl Pts',(14.2392781700312,2.67417857669799,0.));
#2280=CARTESIAN_POINT('Ctrl Pts',(14.2352813421262,4.11363776138805,0.));
#2281=CARTESIAN_POINT('Ctrl Pts',(14.2329825047212,4.94156498148844,0.));
#2282=CARTESIAN_POINT('Ctrl Pts',(16.0413347556815,1.64730154290654,0.));
#2283=CARTESIAN_POINT('Ctrl Pts',(16.0413347556815,1.64730154290654,0.66));
#2284=CARTESIAN_POINT('Ctrl Pts',(15.8788988474078,2.05322472656421,0.));
#2285=CARTESIAN_POINT('Ctrl Pts',(15.8788988474078,2.05322472656421,0.66));
#2286=CARTESIAN_POINT('Ctrl Pts',(15.4597801933066,3.1005915324087,0.));
#2287=CARTESIAN_POINT('Ctrl Pts',(15.4597801933066,3.1005915324087,0.66));
#2288=CARTESIAN_POINT('Ctrl Pts',(15.481540332664,4.23518575981301,0.));
#2289=CARTESIAN_POINT('Ctrl Pts',(15.481540332664,4.23518575981301,0.66));
#2290=CARTESIAN_POINT('Ctrl Pts',(15.4948669938976,4.930050468984,0.));
#2291=CARTESIAN_POINT('Ctrl Pts',(15.4948669938976,4.930050468984,0.66));
#2292=CARTESIAN_POINT('',(16.0413347556815,1.64730154290654,0.6));
#2293=CARTESIAN_POINT('Ctrl Pts',(15.4948669938976,4.930050468984,0.6));
#2294=CARTESIAN_POINT('Ctrl Pts',(15.481540332664,4.23518575981301,0.6));
#2295=CARTESIAN_POINT('Ctrl Pts',(15.4682136714305,3.54032105064203,0.6));
#2296=CARTESIAN_POINT('Ctrl Pts',(15.6202501008766,2.87817326103072,0.6));
#2297=CARTESIAN_POINT('Ctrl Pts',(15.7164629391341,2.45914791022189,0.6));
#2298=CARTESIAN_POINT('Ctrl Pts',(15.8788988474078,2.05322472656421,0.6));
#2299=CARTESIAN_POINT('Ctrl Pts',(16.0413347556815,1.64730154290654,0.6));
#2300=CARTESIAN_POINT('',(16.0413347556815,1.64730154290654,0.));
#2301=CARTESIAN_POINT('',(16.0413347556815,1.64730154290654,0.));
#2302=CARTESIAN_POINT('Ctrl Pts',(15.4948669938976,4.930050468984,0.));
#2303=CARTESIAN_POINT('Ctrl Pts',(15.481540332664,4.23518575981301,0.));
#2304=CARTESIAN_POINT('Ctrl Pts',(15.4597801933066,3.1005915324087,0.));
#2305=CARTESIAN_POINT('Ctrl Pts',(15.8788988474078,2.05322472656421,0.));
#2306=CARTESIAN_POINT('Ctrl Pts',(16.0413347556815,1.64730154290654,0.));
#2307=CARTESIAN_POINT('Ctrl Pts',(17.4560761423308,0.81921471329842,0.));
#2308=CARTESIAN_POINT('Ctrl Pts',(17.4560761423308,0.81921471329842,0.66));
#2309=CARTESIAN_POINT('Ctrl Pts',(17.1815111147292,0.86188727721672,0.));
#2310=CARTESIAN_POINT('Ctrl Pts',(17.1815111147292,0.86188727721672,0.66));
#2311=CARTESIAN_POINT('Ctrl Pts',(16.6040321948385,0.951638351254727,0.));
#2312=CARTESIAN_POINT('Ctrl Pts',(16.6040321948385,0.951638351254727,0.66));
#2313=CARTESIAN_POINT('Ctrl Pts',(16.2349402339613,1.40794697050401,0.));
#2314=CARTESIAN_POINT('Ctrl Pts',(16.2349402339613,1.40794697050401,0.66));
#2315=CARTESIAN_POINT('Ctrl Pts',(16.0413347556815,1.64730154290654,0.));
#2316=CARTESIAN_POINT('Ctrl Pts',(16.0413347556815,1.64730154290654,0.66));
#2317=CARTESIAN_POINT('',(17.4560761423308,0.81921471329842,0.6));
#2318=CARTESIAN_POINT('Ctrl Pts',(16.0413347556815,1.64730154290654,0.6));
#2319=CARTESIAN_POINT('Ctrl Pts',(16.2258807361201,1.41914723328189,0.6));
#2320=CARTESIAN_POINT('Ctrl Pts',(16.4104267165586,1.19099292365726,0.6));
#2321=CARTESIAN_POINT('Ctrl Pts',(16.8798644689241,0.908768833423294,0.6));
#2322=CARTESIAN_POINT('Ctrl Pts',(17.1451025216698,0.867545856636233,0.6));
#2323=CARTESIAN_POINT('Ctrl Pts',(17.4560761423308,0.81921471329842,0.6));
#2324=CARTESIAN_POINT('',(17.4560761423308,0.81921471329842,0.));
#2325=CARTESIAN_POINT('',(17.4560761423308,0.81921471329842,0.));
#2326=CARTESIAN_POINT('Ctrl Pts',(16.0413347556815,1.64730154290654,0.));
#2327=CARTESIAN_POINT('Ctrl Pts',(16.2349402339613,1.40794697050401,0.));
#2328=CARTESIAN_POINT('Ctrl Pts',(16.6040321948385,0.951638351254727,0.));
#2329=CARTESIAN_POINT('Ctrl Pts',(17.1815111147292,0.86188727721672,0.));
#2330=CARTESIAN_POINT('Ctrl Pts',(17.4560761423308,0.81921471329842,0.));
#2331=CARTESIAN_POINT('Ctrl Pts',(18.8857241628444,1.62475762285673,0.));
#2332=CARTESIAN_POINT('Ctrl Pts',(18.8857241628444,1.62475762285673,0.66));
#2333=CARTESIAN_POINT('Ctrl Pts',(18.6879180854014,1.38798664694441,0.));
#2334=CARTESIAN_POINT('Ctrl Pts',(18.6879180854014,1.38798664694441,0.66));
#2335=CARTESIAN_POINT('Ctrl Pts',(18.3111258454109,0.936971857449598,0.));
#2336=CARTESIAN_POINT('Ctrl Pts',(18.3111258454109,0.936971857449598,0.66));
#2337=CARTESIAN_POINT('Ctrl Pts',(17.7314414038142,0.857137920187936,0.));
#2338=CARTESIAN_POINT('Ctrl Pts',(17.7314414038142,0.857137920187936,0.66));
#2339=CARTESIAN_POINT('Ctrl Pts',(17.4560761423308,0.81921471329842,0.));
#2340=CARTESIAN_POINT('Ctrl Pts',(17.4560761423308,0.81921471329842,0.66));
#2341=CARTESIAN_POINT('',(18.8857241628444,1.62475762285673,0.6));
#2342=CARTESIAN_POINT('Ctrl Pts',(17.4560761423308,0.81921471329842,0.6));
#2343=CARTESIAN_POINT('Ctrl Pts',(17.7314414038142,0.857137920187936,0.6));
#2344=CARTESIAN_POINT('Ctrl Pts',(18.0068066652976,0.895061127077452,0.6));
#2345=CARTESIAN_POINT('Ctrl Pts',(18.2363893356407,1.01674123079377,0.6));
#2346=CARTESIAN_POINT('Ctrl Pts',(18.4901120079584,1.15121567103208,0.6));
#2347=CARTESIAN_POINT('Ctrl Pts',(18.6879180854014,1.38798664694441,0.6));
#2348=CARTESIAN_POINT('Ctrl Pts',(18.8857241628444,1.62475762285673,0.6));
#2349=CARTESIAN_POINT('',(18.8857241628444,1.62475762285673,0.));
#2350=CARTESIAN_POINT('',(18.8857241628444,1.62475762285673,0.));
#2351=CARTESIAN_POINT('Ctrl Pts',(17.4560761423308,0.81921471329842,0.));
#2352=CARTESIAN_POINT('Ctrl Pts',(17.7314414038142,0.857137920187936,0.));
#2353=CARTESIAN_POINT('Ctrl Pts',(18.3111258454109,0.936971857449598,0.));
#2354=CARTESIAN_POINT('Ctrl Pts',(18.6879180854014,1.38798664694441,0.));
#2355=CARTESIAN_POINT('Ctrl Pts',(18.8857241628444,1.62475762285673,0.));
#2356=CARTESIAN_POINT('Ctrl Pts',(19.4919740369853,4.89357744833591,0.));
#2357=CARTESIAN_POINT('Ctrl Pts',(19.4919740369853,4.89357744833591,0.66));
#2358=CARTESIAN_POINT('Ctrl Pts',(19.4923882266546,4.20006104860677,0.));
#2359=CARTESIAN_POINT('Ctrl Pts',(19.4923882266546,4.20006104860677,0.66));
#2360=CARTESIAN_POINT('Ctrl Pts',(19.4930652326804,3.06648670693978,0.));
#2361=CARTESIAN_POINT('Ctrl Pts',(19.4930652326804,3.06648670693978,0.66));
#2362=CARTESIAN_POINT('Ctrl Pts',(19.0555638795501,2.02792953295517,0.));
#2363=CARTESIAN_POINT('Ctrl Pts',(19.0555638795501,2.02792953295517,0.66));
#2364=CARTESIAN_POINT('Ctrl Pts',(18.8857241628444,1.62475762285673,0.));
#2365=CARTESIAN_POINT('Ctrl Pts',(18.8857241628444,1.62475762285673,0.66));
#2366=CARTESIAN_POINT('Ctrl Pts',(18.8857241628444,1.62475762285673,0.6));
#2367=CARTESIAN_POINT('Ctrl Pts',(19.0555638795501,2.02792953295517,0.6));
#2368=CARTESIAN_POINT('Ctrl Pts',(19.2254035962558,2.4311014430536,0.6));
#2369=CARTESIAN_POINT('Ctrl Pts',(19.3292088519946,2.84859265331688,0.6));
#2370=CARTESIAN_POINT('Ctrl Pts',(19.4928024163238,3.50654464887762,0.6));
#2371=CARTESIAN_POINT('Ctrl Pts',(19.4923882266546,4.20006104860677,0.6));
#2372=CARTESIAN_POINT('Ctrl Pts',(19.4919740369853,4.89357744833591,0.6));
#2373=CARTESIAN_POINT('Ctrl Pts',(18.8857241628444,1.62475762285673,0.));
#2374=CARTESIAN_POINT('Ctrl Pts',(19.0555638795501,2.02792953295517,0.));
#2375=CARTESIAN_POINT('Ctrl Pts',(19.4930652326804,3.06648670693978,0.));
#2376=CARTESIAN_POINT('Ctrl Pts',(19.4923882266546,4.20006104860677,0.));
#2377=CARTESIAN_POINT('Ctrl Pts',(19.4919740369853,4.89357744833591,0.));
#2378=CARTESIAN_POINT('Ctrl Pts',(14.6239539858205,7.79282291178236,0.));
#2379=CARTESIAN_POINT('Ctrl Pts',(14.6239539858205,7.79282291178236,0.66));
#2380=CARTESIAN_POINT('Ctrl Pts',(14.5140566515097,7.37775419143846,0.));
#2381=CARTESIAN_POINT('Ctrl Pts',(14.5140566515097,7.37775419143846,0.66));
#2382=CARTESIAN_POINT('Ctrl Pts',(14.266931640745,6.44439340861002,0.));
#2383=CARTESIAN_POINT('Ctrl Pts',(14.266931640745,6.44439340861002,0.66));
#2384=CARTESIAN_POINT('Ctrl Pts',(14.2451035623047,5.47812855973521,0.));
#2385=CARTESIAN_POINT('Ctrl Pts',(14.2451035623047,5.47812855973521,0.66));
#2386=CARTESIAN_POINT('Ctrl Pts',(14.2329825047212,4.94156498148844,0.));
#2387=CARTESIAN_POINT('Ctrl Pts',(14.2329825047212,4.94156498148844,0.66));
#2388=CARTESIAN_POINT('',(14.6239539858205,7.79282291178236,0.6));
#2389=CARTESIAN_POINT('Ctrl Pts',(14.2329825047212,4.94156498148844,0.6));
#2390=CARTESIAN_POINT('Ctrl Pts',(14.2438965439413,5.42469740592586,0.6));
#2391=CARTESIAN_POINT('Ctrl Pts',(14.2548105831615,5.90782983036325,0.6));
#2392=CARTESIAN_POINT('Ctrl Pts',(14.3793040678581,6.86881025016744,0.6));
#2393=CARTESIAN_POINT('Ctrl Pts',(14.4845806029402,7.26642677992958,0.6));
#2394=CARTESIAN_POINT('Ctrl Pts',(14.6239539858205,7.79282291178236,0.6));
#2395=CARTESIAN_POINT('',(14.6239539858205,7.79282291178236,0.));
#2396=CARTESIAN_POINT('',(14.6239539858205,7.79282291178236,0.));
#2397=CARTESIAN_POINT('Ctrl Pts',(14.2329825047212,4.94156498148844,0.));
#2398=CARTESIAN_POINT('Ctrl Pts',(14.2451035623047,5.47812855973521,0.));
#2399=CARTESIAN_POINT('Ctrl Pts',(14.266931640745,6.44439340861002,0.));
#2400=CARTESIAN_POINT('Ctrl Pts',(14.5140566515097,7.37775419143846,0.));
#2401=CARTESIAN_POINT('Ctrl Pts',(14.6239539858205,7.79282291178236,0.));
#2402=CARTESIAN_POINT('Ctrl Pts',(15.7237100686738,9.45066075503292,0.));
#2403=CARTESIAN_POINT('Ctrl Pts',(15.7237100686738,9.45066075503292,0.66));
#2404=CARTESIAN_POINT('Ctrl Pts',(15.4936751232473,9.22768141064862,0.));
#2405=CARTESIAN_POINT('Ctrl Pts',(15.4936751232473,9.22768141064862,0.66));
#2406=CARTESIAN_POINT('Ctrl Pts',(15.007092891069,8.75602356353775,0.));
#2407=CARTESIAN_POINT('Ctrl Pts',(15.007092891069,8.75602356353775,0.66));
#2408=CARTESIAN_POINT('Ctrl Pts',(14.7562233198823,8.12534437339935,0.));
#2409=CARTESIAN_POINT('Ctrl Pts',(14.7562233198823,8.12534437339935,0.66));
#2410=CARTESIAN_POINT('Ctrl Pts',(14.6239539858205,7.79282291178236,0.));
#2411=CARTESIAN_POINT('Ctrl Pts',(14.6239539858205,7.79282291178236,0.66));
#2412=CARTESIAN_POINT('',(15.7237100686738,9.45066075503292,0.6));
#2413=CARTESIAN_POINT('Ctrl Pts',(14.6239539858205,7.79282291178236,0.6));
#2414=CARTESIAN_POINT('Ctrl Pts',(14.7493887714139,8.10816250685157,0.6));
#2415=CARTESIAN_POINT('Ctrl Pts',(14.8748235570072,8.42350210192077,0.6));
#2416=CARTESIAN_POINT('Ctrl Pts',(15.2384304592441,8.9802655768001,0.6));
#2417=CARTESIAN_POINT('Ctrl Pts',(15.4601700086626,9.19520396045187,0.6));
#2418=CARTESIAN_POINT('Ctrl Pts',(15.7237100686738,9.45066075503292,0.6));
#2419=CARTESIAN_POINT('',(15.7237100686738,9.45066075503292,0.));
#2420=CARTESIAN_POINT('',(15.7237100686738,9.45066075503292,0.));
#2421=CARTESIAN_POINT('Ctrl Pts',(14.6239539858205,7.79282291178236,0.));
#2422=CARTESIAN_POINT('Ctrl Pts',(14.7562233198823,8.12534437339935,0.));
#2423=CARTESIAN_POINT('Ctrl Pts',(15.007092891069,8.75602356353775,0.));
#2424=CARTESIAN_POINT('Ctrl Pts',(15.4936751232473,9.22768141064862,0.));
#2425=CARTESIAN_POINT('Ctrl Pts',(15.7237100686738,9.45066075503292,0.));
#2426=CARTESIAN_POINT('Ctrl Pts',(17.5400387314909,10.0207409517276,0.));
#2427=CARTESIAN_POINT('Ctrl Pts',(17.5400387314909,10.0207409517276,0.66));
#2428=CARTESIAN_POINT('Ctrl Pts',(17.1973907854086,10.004026599223,0.));
#2429=CARTESIAN_POINT('Ctrl Pts',(17.1973907854086,10.004026599223,0.66));
#2430=CARTESIAN_POINT('Ctrl Pts',(16.5409985667403,9.97200781420036,0.));
#2431=CARTESIAN_POINT('Ctrl Pts',(16.5409985667403,9.97200781420036,0.66));
#2432=CARTESIAN_POINT('Ctrl Pts',(15.9880229644677,9.61926553932656,0.));
#2433=CARTESIAN_POINT('Ctrl Pts',(15.9880229644677,9.61926553932656,0.66));
#2434=CARTESIAN_POINT('Ctrl Pts',(15.7237100686738,9.45066075503292,0.));
#2435=CARTESIAN_POINT('Ctrl Pts',(15.7237100686738,9.45066075503292,0.66));
#2436=CARTESIAN_POINT('',(17.5400387314909,10.0207409517276,0.6));
#2437=CARTESIAN_POINT('Ctrl Pts',(15.7237100686738,9.45066075503292,0.6));
#2438=CARTESIAN_POINT('Ctrl Pts',(15.9880229644677,9.61926553932656,0.6));
#2439=CARTESIAN_POINT('Ctrl Pts',(16.2523358602616,9.78787032362019,0.6));
#2440=CARTESIAN_POINT('Ctrl Pts',(16.5402761101183,9.88320015737807,0.6));
#2441=CARTESIAN_POINT('Ctrl Pts',(16.8547428393262,9.98731224671848,0.6));
#2442=CARTESIAN_POINT('Ctrl Pts',(17.1973907854086,10.004026599223,0.6));
#2443=CARTESIAN_POINT('Ctrl Pts',(17.5400387314909,10.0207409517276,0.6));
#2444=CARTESIAN_POINT('',(17.5400387314909,10.0207409517276,0.));
#2445=CARTESIAN_POINT('',(17.5400387314909,10.0207409517276,0.));
#2446=CARTESIAN_POINT('Ctrl Pts',(15.7237100686738,9.45066075503292,0.));
#2447=CARTESIAN_POINT('Ctrl Pts',(15.9880229644677,9.61926553932656,0.));
#2448=CARTESIAN_POINT('Ctrl Pts',(16.5409985667403,9.97200781420036,0.));
#2449=CARTESIAN_POINT('Ctrl Pts',(17.1973907854086,10.004026599223,0.));
#2450=CARTESIAN_POINT('Ctrl Pts',(17.5400387314909,10.0207409517276,0.));
#2451=CARTESIAN_POINT('Ctrl Pts',(18.9490289578417,9.68386097512964,0.));
#2452=CARTESIAN_POINT('Ctrl Pts',(18.9490289578417,9.68386097512964,0.66));
#2453=CARTESIAN_POINT('Ctrl Pts',(18.7342104021378,9.78028451862799,0.));
#2454=CARTESIAN_POINT('Ctrl Pts',(18.7342104021378,9.78028451862799,0.66));
#2455=CARTESIAN_POINT('Ctrl Pts',(18.2862515298317,9.98135551860642,0.));
#2456=CARTESIAN_POINT('Ctrl Pts',(18.2862515298317,9.98135551860642,0.66));
#2457=CARTESIAN_POINT('Ctrl Pts',(17.7954674427433,10.0072593142555,0.));
#2458=CARTESIAN_POINT('Ctrl Pts',(17.7954674427433,10.0072593142555,0.66));
#2459=CARTESIAN_POINT('Ctrl Pts',(17.5400387314909,10.0207409517276,0.));
#2460=CARTESIAN_POINT('Ctrl Pts',(17.5400387314909,10.0207409517276,0.66));
#2461=CARTESIAN_POINT('',(18.9490289578417,9.68386097512964,0.6));
#2462=CARTESIAN_POINT('Ctrl Pts',(17.5400387314909,10.0207409517276,0.6));
#2463=CARTESIAN_POINT('Ctrl Pts',(17.7954674427433,10.0072593142555,0.6));
#2464=CARTESIAN_POINT('Ctrl Pts',(18.0508961539956,9.99377767678344,0.6));
#2465=CARTESIAN_POINT('Ctrl Pts',(18.2947248642065,9.93284876407956,0.6));
#2466=CARTESIAN_POINT('Ctrl Pts',(18.519391846434,9.87670806212634,0.6));
#2467=CARTESIAN_POINT('Ctrl Pts',(18.7342104021378,9.78028451862799,0.6));
#2468=CARTESIAN_POINT('Ctrl Pts',(18.9490289578417,9.68386097512964,0.6));
#2469=CARTESIAN_POINT('',(18.9490289578417,9.68386097512964,0.));
#2470=CARTESIAN_POINT('',(18.9490289578417,9.68386097512964,0.));
#2471=CARTESIAN_POINT('Ctrl Pts',(17.5400387314909,10.0207409517276,0.));
#2472=CARTESIAN_POINT('Ctrl Pts',(17.7954674427433,10.0072593142555,0.));
#2473=CARTESIAN_POINT('Ctrl Pts',(18.2862515298317,9.98135551860642,0.));
#2474=CARTESIAN_POINT('Ctrl Pts',(18.7342104021378,9.78028451862799,0.));
#2475=CARTESIAN_POINT('Ctrl Pts',(18.9490289578417,9.68386097512964,0.));
#2476=CARTESIAN_POINT('Ctrl Pts',(19.9431891850096,8.74023431162253,0.));
#2477=CARTESIAN_POINT('Ctrl Pts',(19.9431891850096,8.74023431162253,0.66));
#2478=CARTESIAN_POINT('Ctrl Pts',(19.8057613213379,8.93224483406358,0.));
#2479=CARTESIAN_POINT('Ctrl Pts',(19.8057613213379,8.93224483406358,0.66));
#2480=CARTESIAN_POINT('Ctrl Pts',(19.5348553666564,9.31074736259792,0.));
#2481=CARTESIAN_POINT('Ctrl Pts',(19.5348553666564,9.31074736259792,0.66));
#2482=CARTESIAN_POINT('Ctrl Pts',(19.1423970977198,9.56070455177129,0.));
#2483=CARTESIAN_POINT('Ctrl Pts',(19.1423970977198,9.56070455177129,0.66));
#2484=CARTESIAN_POINT('Ctrl Pts',(18.9490289578417,9.68386097512964,0.));
#2485=CARTESIAN_POINT('Ctrl Pts',(18.9490289578417,9.68386097512964,0.66));
#2486=CARTESIAN_POINT('',(19.9431891850096,8.74023431162253,0.6));
#2487=CARTESIAN_POINT('Ctrl Pts',(18.9490289578417,9.68386097512964,0.6));
#2488=CARTESIAN_POINT('Ctrl Pts',(19.1423970977198,9.56070455177129,0.6));
#2489=CARTESIAN_POINT('Ctrl Pts',(19.335765237598,9.43754812841294,0.6));
#2490=CARTESIAN_POINT('Ctrl Pts',(19.4996249475016,9.2831856258586,0.6));
#2491=CARTESIAN_POINT('Ctrl Pts',(19.6683334576663,9.12425535650464,0.6));
#2492=CARTESIAN_POINT('Ctrl Pts',(19.8057613213379,8.93224483406358,0.6));
#2493=CARTESIAN_POINT('Ctrl Pts',(19.9431891850096,8.74023431162253,0.6));
#2494=CARTESIAN_POINT('',(19.9431891850096,8.74023431162253,0.));
#2495=CARTESIAN_POINT('',(19.9431891850096,8.74023431162253,0.));
#2496=CARTESIAN_POINT('Ctrl Pts',(18.9490289578417,9.68386097512964,0.));
#2497=CARTESIAN_POINT('Ctrl Pts',(19.1423970977198,9.56070455177129,0.));
#2498=CARTESIAN_POINT('Ctrl Pts',(19.5348553666564,9.31074736259792,0.));
#2499=CARTESIAN_POINT('Ctrl Pts',(19.8057613213379,8.93224483406358,0.));
#2500=CARTESIAN_POINT('Ctrl Pts',(19.9431891850096,8.74023431162253,0.));
#2501=CARTESIAN_POINT('Ctrl Pts',(20.5503319674142,7.24759298801303,0.));
#2502=CARTESIAN_POINT('Ctrl Pts',(20.5503319674142,7.24759298801303,0.66));
#2503=CARTESIAN_POINT('Ctrl Pts',(20.4747399483736,7.52301356884939,0.));
#2504=CARTESIAN_POINT('Ctrl Pts',(20.4747399483736,7.52301356884939,0.66));
#2505=CARTESIAN_POINT('Ctrl Pts',(20.3314960676166,8.04492465602551,0.));
#2506=CARTESIAN_POINT('Ctrl Pts',(20.3314960676166,8.04492465602551,0.66));
#2507=CARTESIAN_POINT('Ctrl Pts',(20.0677516025224,8.51719048855231,0.));
#2508=CARTESIAN_POINT('Ctrl Pts',(20.0677516025224,8.51719048855231,0.66));
#2509=CARTESIAN_POINT('Ctrl Pts',(19.9431891850096,8.74023431162253,0.));
#2510=CARTESIAN_POINT('Ctrl Pts',(19.9431891850096,8.74023431162253,0.66));
#2511=CARTESIAN_POINT('Ctrl Pts',(19.9431891850096,8.74023431162253,0.6));
#2512=CARTESIAN_POINT('Ctrl Pts',(20.0677516025224,8.51719048855231,0.6));
#2513=CARTESIAN_POINT('Ctrl Pts',(20.1923140200352,8.29414666548208,0.6));
#2514=CARTESIAN_POINT('Ctrl Pts',(20.2899984653051,8.06002933779948,0.6));
#2515=CARTESIAN_POINT('Ctrl Pts',(20.3991479293329,7.79843414968575,0.6));
#2516=CARTESIAN_POINT('Ctrl Pts',(20.4747399483736,7.52301356884939,0.6));
#2517=CARTESIAN_POINT('Ctrl Pts',(20.5503319674142,7.24759298801303,0.6));
#2518=CARTESIAN_POINT('Ctrl Pts',(19.9431891850096,8.74023431162253,0.));
#2519=CARTESIAN_POINT('Ctrl Pts',(20.0677516025224,8.51719048855231,0.));
#2520=CARTESIAN_POINT('Ctrl Pts',(20.3314960676166,8.04492465602551,0.));
#2521=CARTESIAN_POINT('Ctrl Pts',(20.4747399483736,7.52301356884939,0.));
#2522=CARTESIAN_POINT('Ctrl Pts',(20.5503319674142,7.24759298801303,0.));
#2523=CARTESIAN_POINT('Origin',(12.1457695073436,4.96576378088512,0.));
#2524=CARTESIAN_POINT('Origin',(12.1457695073436,4.96576378088512,0.6));
#2525=CARTESIAN_POINT('Origin',(12.3940599307869,0.0263523168397115,0.));
#2526=CARTESIAN_POINT('',(12.4068192597167,1.42465721794401,0.6));
#2527=CARTESIAN_POINT('',(12.3940599307869,0.0263523168397115,0.6));
#2528=CARTESIAN_POINT('',(12.4165834244608,2.49471971824914,0.6));
#2529=CARTESIAN_POINT('',(12.3940599307869,0.0263523168397115,0.));
#2530=CARTESIAN_POINT('',(12.3940599307869,0.0263523168397115,0.));
#2531=CARTESIAN_POINT('',(12.4068192597167,1.42465721794401,0.));
#2532=CARTESIAN_POINT('',(12.4068192597167,1.42465721794401,0.));
#2533=CARTESIAN_POINT('',(12.4068192597167,1.42465721794401,0.));
#2534=CARTESIAN_POINT('Origin',(10.9957550296826,0.0391116457694896,0.));
#2535=CARTESIAN_POINT('',(10.9957550296826,0.0391116457694896,0.6));
#2536=CARTESIAN_POINT('',(11.5482387748393,0.0340703119178792,0.6));
#2537=CARTESIAN_POINT('',(10.9957550296826,0.0391116457694896,0.));
#2538=CARTESIAN_POINT('',(10.9957550296826,0.0391116457694896,0.));
#2539=CARTESIAN_POINT('',(12.3940599307869,0.0263523168397106,0.));
#2540=CARTESIAN_POINT('Origin',(11.0085143586124,1.43741654687378,0.));
#2541=CARTESIAN_POINT('',(11.0085143586124,1.43741654687378,0.6));
#2542=CARTESIAN_POINT('',(11.0246581878214,3.20663149773106,0.6));
#2543=CARTESIAN_POINT('',(11.0085143586124,1.43741654687378,0.));
#2544=CARTESIAN_POINT('',(11.0085143586124,1.43741654687378,0.));
#2545=CARTESIAN_POINT('',(10.9957550296826,0.0391116457694896,0.));
#2546=CARTESIAN_POINT('Origin',(12.4068192597167,1.42465721794401,0.));
#2547=CARTESIAN_POINT('',(12.2601505543212,1.42599554855728,0.6));
#2548=CARTESIAN_POINT('',(11.0085143586124,1.43741654687378,0.));
#2549=CARTESIAN_POINT('Origin',(12.1457695073436,4.96576378088512,0.));
#2550=CARTESIAN_POINT('Origin',(12.1457695073436,4.96576378088512,0.6));
#2551=CARTESIAN_POINT('Ctrl Pts',(5.35917757690623,8.79486355065913,0.));
#2552=CARTESIAN_POINT('Ctrl Pts',(5.35917757690623,8.79486355065913,0.66));
#2553=CARTESIAN_POINT('Ctrl Pts',(5.08541595969272,8.57436273771156,0.));
#2554=CARTESIAN_POINT('Ctrl Pts',(5.08541595969272,8.57436273771156,0.66));
#2555=CARTESIAN_POINT('Ctrl Pts',(4.5241949063556,8.12232822767427,0.));
#2556=CARTESIAN_POINT('Ctrl Pts',(4.5241949063556,8.12232822767427,0.66));
#2557=CARTESIAN_POINT('Ctrl Pts',(3.87847067829319,7.80210340955887,0.));
#2558=CARTESIAN_POINT('Ctrl Pts',(3.87847067829319,7.80210340955887,0.66));
#2559=CARTESIAN_POINT('Ctrl Pts',(3.54772841303703,7.63808310935651,0.));
#2560=CARTESIAN_POINT('Ctrl Pts',(3.54772841303703,7.63808310935651,0.66));
#2561=CARTESIAN_POINT('',(3.54772841303703,7.63808310935651,0.6));
#2562=CARTESIAN_POINT('',(5.35917757690623,8.79486355065913,0.6));
#2563=CARTESIAN_POINT('Ctrl Pts',(3.54772841303703,7.63808310935651,0.6));
#2564=CARTESIAN_POINT('Ctrl Pts',(3.87847067829319,7.80210340955887,0.6));
#2565=CARTESIAN_POINT('Ctrl Pts',(4.20921294354936,7.96612370976123,0.6));
#2566=CARTESIAN_POINT('Ctrl Pts',(4.51778558850655,8.16472461396023,0.6));
#2567=CARTESIAN_POINT('Ctrl Pts',(4.81165434247921,8.35386192476399,0.6));
#2568=CARTESIAN_POINT('Ctrl Pts',(5.08541595969272,8.57436273771156,0.6));
#2569=CARTESIAN_POINT('Ctrl Pts',(5.35917757690623,8.79486355065913,0.6));
#2570=CARTESIAN_POINT('',(5.35917757690623,8.79486355065913,0.));
#2571=CARTESIAN_POINT('',(5.35917757690623,8.79486355065913,0.));
#2572=CARTESIAN_POINT('',(3.54772841303703,7.63808310935651,0.));
#2573=CARTESIAN_POINT('Ctrl Pts',(3.54772841303703,7.63808310935651,0.));
#2574=CARTESIAN_POINT('Ctrl Pts',(3.87847067829319,7.80210340955887,0.));
#2575=CARTESIAN_POINT('Ctrl Pts',(4.5241949063556,8.12232822767427,0.));
#2576=CARTESIAN_POINT('Ctrl Pts',(5.08541595969272,8.57436273771156,0.));
#2577=CARTESIAN_POINT('Ctrl Pts',(5.35917757690623,8.79486355065913,0.));
#2578=CARTESIAN_POINT('',(3.54772841303703,7.63808310935651,0.));
#2579=CARTESIAN_POINT('Ctrl Pts',(6.46273645909778,10.1218209166302,0.));
#2580=CARTESIAN_POINT('Ctrl Pts',(6.46273645909778,10.1218209166302,0.66));
#2581=CARTESIAN_POINT('Ctrl Pts',(6.32503846261574,9.89663420279192,0.));
#2582=CARTESIAN_POINT('Ctrl Pts',(6.32503846261574,9.89663420279192,0.66));
#2583=CARTESIAN_POINT('Ctrl Pts',(6.02211832632366,9.40124870852319,0.));
#2584=CARTESIAN_POINT('Ctrl Pts',(6.02211832632366,9.40124870852319,0.66));
#2585=CARTESIAN_POINT('Ctrl Pts',(5.59315022748164,9.00887595339606,0.));
#2586=CARTESIAN_POINT('Ctrl Pts',(5.59315022748164,9.00887595339606,0.66));
#2587=CARTESIAN_POINT('Ctrl Pts',(5.35917757690623,8.79486355065913,0.));
#2588=CARTESIAN_POINT('Ctrl Pts',(5.35917757690623,8.79486355065913,0.66));
#2589=CARTESIAN_POINT('',(6.46273645909778,10.1218209166302,0.6));
#2590=CARTESIAN_POINT('Ctrl Pts',(5.35917757690623,8.79486355065913,0.6));
#2591=CARTESIAN_POINT('Ctrl Pts',(5.59315022748164,9.00887595339606,0.6));
#2592=CARTESIAN_POINT('Ctrl Pts',(5.82712287805706,9.22288835613299,0.6));
#2593=CARTESIAN_POINT('Ctrl Pts',(6.02359684452144,9.46754657087939,0.6));
#2594=CARTESIAN_POINT('Ctrl Pts',(6.1873404661337,9.6714474889536,0.6));
#2595=CARTESIAN_POINT('Ctrl Pts',(6.32503846261574,9.89663420279192,0.6));
#2596=CARTESIAN_POINT('Ctrl Pts',(6.46273645909778,10.1218209166302,0.6));
#2597=CARTESIAN_POINT('',(6.46273645909778,10.1218209166302,0.));
#2598=CARTESIAN_POINT('',(6.46273645909778,10.1218209166302,0.));
#2599=CARTESIAN_POINT('Ctrl Pts',(5.35917757690623,8.79486355065913,0.));
#2600=CARTESIAN_POINT('Ctrl Pts',(5.59315022748164,9.00887595339606,0.));
#2601=CARTESIAN_POINT('Ctrl Pts',(6.02211832632366,9.40124870852319,0.));
#2602=CARTESIAN_POINT('Ctrl Pts',(6.32503846261574,9.89663420279192,0.));
#2603=CARTESIAN_POINT('Ctrl Pts',(6.46273645909778,10.1218209166302,0.));
#2604=CARTESIAN_POINT('Origin',(7.25397186817152,10.1146010085563,0.));
#2605=CARTESIAN_POINT('',(7.25397186817152,10.1146010085563,0.6));
#2606=CARTESIAN_POINT('',(9.72315629169364,10.0920700596745,0.6));
#2607=CARTESIAN_POINT('',(7.25397186817152,10.1146010085563,0.));
#2608=CARTESIAN_POINT('',(7.25397186817152,10.1146010085563,0.));
#2609=CARTESIAN_POINT('',(6.46273645909778,10.1218209166302,0.));
#2610=CARTESIAN_POINT('Origin',(7.1623536729517,0.0740908758299463,0.));
#2611=CARTESIAN_POINT('',(7.1623536729517,0.0740908758299463,0.6));
#2612=CARTESIAN_POINT('',(7.18487716662554,2.54245827723937,0.6));
#2613=CARTESIAN_POINT('',(7.1623536729517,0.0740908758299463,0.));
#2614=CARTESIAN_POINT('',(7.1623536729517,0.0740908758299463,0.));
#2615=CARTESIAN_POINT('',(7.25397186817152,10.1146010085563,0.));
#2616=CARTESIAN_POINT('Origin',(5.93457413775189,0.0852941855877064,0.));
#2617=CARTESIAN_POINT('',(5.93457413775189,0.0852941855877064,0.6));
#2618=CARTESIAN_POINT('',(9.01764832887389,0.0571615818269877,0.6));
#2619=CARTESIAN_POINT('',(5.93457413775189,0.0852941855877064,0.));
#2620=CARTESIAN_POINT('',(5.93457413775189,0.0852941855877064,0.));
#2621=CARTESIAN_POINT('',(7.1623536729517,0.0740908758299463,0.));
#2622=CARTESIAN_POINT('Origin',(6.00596412724436,7.90897932972884,0.));
#2623=CARTESIAN_POINT('',(6.00596412724436,7.90897932972884,0.6));
#2624=CARTESIAN_POINT('',(5.99279262617196,6.4655041590677,0.6));
#2625=CARTESIAN_POINT('',(6.00596412724436,7.90897932972884,0.));
#2626=CARTESIAN_POINT('',(6.00596412724436,7.90897932972884,0.));
#2627=CARTESIAN_POINT('',(5.93457413775189,0.0852941855877054,0.));
#2628=CARTESIAN_POINT('Ctrl Pts',(4.83526622955817,7.07378777987914,0.));
#2629=CARTESIAN_POINT('Ctrl Pts',(4.83526622955817,7.07378777987914,0.66));
#2630=CARTESIAN_POINT('Ctrl Pts',(5.05802377291695,7.20635977461486,0.));
#2631=CARTESIAN_POINT('Ctrl Pts',(5.05802377291695,7.20635977461486,0.66));
#2632=CARTESIAN_POINT('Ctrl Pts',(5.471520875367,7.45244857081313,0.));
#2633=CARTESIAN_POINT('Ctrl Pts',(5.471520875367,7.45244857081313,0.66));
#2634=CARTESIAN_POINT('Ctrl Pts',(5.83725627366534,7.76486613499971,0.));
#2635=CARTESIAN_POINT('Ctrl Pts',(5.83725627366534,7.76486613499971,0.66));
#2636=CARTESIAN_POINT('Ctrl Pts',(6.00596412724436,7.90897932972884,0.));
#2637=CARTESIAN_POINT('Ctrl Pts',(6.00596412724436,7.90897932972884,0.66));
#2638=CARTESIAN_POINT('',(4.83526622955817,7.07378777987914,0.6));
#2639=CARTESIAN_POINT('Ctrl Pts',(6.00596412724436,7.90897932972884,0.6));
#2640=CARTESIAN_POINT('Ctrl Pts',(5.83725627366534,7.76486613499971,0.6));
#2641=CARTESIAN_POINT('Ctrl Pts',(5.66854842008632,7.62075294027058,0.6));
#2642=CARTESIAN_POINT('Ctrl Pts',(5.48967769530328,7.49075336937792,0.6));
#2643=CARTESIAN_POINT('Ctrl Pts',(5.28078131627574,7.33893176935059,0.6));
#2644=CARTESIAN_POINT('Ctrl Pts',(5.05802377291695,7.20635977461486,0.6));
#2645=CARTESIAN_POINT('Ctrl Pts',(4.83526622955817,7.07378777987914,0.6));
#2646=CARTESIAN_POINT('',(4.83526622955817,7.07378777987914,0.));
#2647=CARTESIAN_POINT('',(4.83526622955817,7.07378777987914,0.));
#2648=CARTESIAN_POINT('Ctrl Pts',(6.00596412724436,7.90897932972884,0.));
#2649=CARTESIAN_POINT('Ctrl Pts',(5.83725627366534,7.76486613499971,0.));
#2650=CARTESIAN_POINT('Ctrl Pts',(5.471520875367,7.45244857081313,0.));
#2651=CARTESIAN_POINT('Ctrl Pts',(5.05802377291695,7.20635977461486,0.));
#2652=CARTESIAN_POINT('Ctrl Pts',(4.83526622955817,7.07378777987914,0.));
#2653=CARTESIAN_POINT('Ctrl Pts',(3.53689854548756,6.45122939972426,0.));
#2654=CARTESIAN_POINT('Ctrl Pts',(3.53689854548756,6.45122939972426,0.66));
#2655=CARTESIAN_POINT('Ctrl Pts',(3.74282735031695,6.53344878047256,0.));
#2656=CARTESIAN_POINT('Ctrl Pts',(3.74282735031695,6.53344878047256,0.66));
#2657=CARTESIAN_POINT('Ctrl Pts',(4.18948843712269,6.711783219853,0.));
#2658=CARTESIAN_POINT('Ctrl Pts',(4.18948843712269,6.711783219853,0.66));
#2659=CARTESIAN_POINT('Ctrl Pts',(4.60910815372732,6.94701003109849,0.));
#2660=CARTESIAN_POINT('Ctrl Pts',(4.60910815372732,6.94701003109849,0.66));
#2661=CARTESIAN_POINT('Ctrl Pts',(4.83526622955817,7.07378777987914,0.));
#2662=CARTESIAN_POINT('Ctrl Pts',(4.83526622955817,7.07378777987914,0.66));
#2663=CARTESIAN_POINT('',(3.53689854548756,6.45122939972426,0.6));
#2664=CARTESIAN_POINT('Ctrl Pts',(4.83526622955817,7.07378777987914,0.6));
#2665=CARTESIAN_POINT('Ctrl Pts',(4.60910815372732,6.94701003109849,0.6));
#2666=CARTESIAN_POINT('Ctrl Pts',(4.38295007789647,6.82023228231785,0.6));
#2667=CARTESIAN_POINT('Ctrl Pts',(4.14893709370884,6.70998048484353,0.6));
#2668=CARTESIAN_POINT('Ctrl Pts',(3.94875615514634,6.61566816122086,0.6));
#2669=CARTESIAN_POINT('Ctrl Pts',(3.74282735031695,6.53344878047256,0.6));
#2670=CARTESIAN_POINT('Ctrl Pts',(3.53689854548756,6.45122939972426,0.6));
#2671=CARTESIAN_POINT('',(3.53689854548756,6.45122939972426,0.));
#2672=CARTESIAN_POINT('',(3.53689854548756,6.45122939972426,0.));
#2673=CARTESIAN_POINT('Ctrl Pts',(4.83526622955817,7.07378777987914,0.));
#2674=CARTESIAN_POINT('Ctrl Pts',(4.60910815372732,6.94701003109849,0.));
#2675=CARTESIAN_POINT('Ctrl Pts',(4.18948843712269,6.711783219853,0.));
#2676=CARTESIAN_POINT('Ctrl Pts',(3.74282735031695,6.53344878047256,0.));
#2677=CARTESIAN_POINT('Ctrl Pts',(3.53689854548756,6.45122939972426,0.));
#2678=CARTESIAN_POINT('Origin',(3.54772841303703,7.63808310935651,0.));
#2679=CARTESIAN_POINT('',(3.53589508486308,6.34125935999894,0.6));
#2680=CARTESIAN_POINT('',(3.53689854548756,6.45122939972426,0.));
#2681=CARTESIAN_POINT('Origin',(12.1457695073436,4.96576378088512,0.));
#2682=CARTESIAN_POINT('Origin',(12.1457695073436,4.96576378088512,0.6));
#2683=CARTESIAN_POINT('Origin',(-20.7529194812286,1.05776542300557,1.));
#2684=CARTESIAN_POINT('',(-35.7529194812286,-13.9422345769944,1.));
#2685=CARTESIAN_POINT('',(-5.75291948122862,-13.9422345769944,1.));
#2686=CARTESIAN_POINT('',(-5.75291948122862,-13.9422345769944,1.));
#2687=CARTESIAN_POINT('',(-5.75291948122862,16.0577654230056,1.));
#2688=CARTESIAN_POINT('',(-5.75291948122862,16.0577654230056,1.));
#2689=CARTESIAN_POINT('',(-35.7529194812286,16.0577654230056,1.));
#2690=CARTESIAN_POINT('',(-35.7529194812286,16.0577654230056,1.));
#2691=CARTESIAN_POINT('',(-35.7529194812286,-13.9422345769944,1.));
#2692=CARTESIAN_POINT('Origin',(-35.7529194812286,-13.9422345769944,0.));
#2693=CARTESIAN_POINT('',(44.2470805187714,-13.9422345769944,0.));
#2694=CARTESIAN_POINT('',(-35.7529194812286,-13.9422345769944,0.));
#2695=CARTESIAN_POINT('',(-5.75291948122862,-13.9422345769944,0.));
#2696=CARTESIAN_POINT('',(44.2470805187714,-13.9422345769944,1.));
#2697=CARTESIAN_POINT('',(44.2470805187714,-13.9422345769944,0.));
#2698=CARTESIAN_POINT('',(28.2470805187714,-13.9422345769944,1.));
#2699=CARTESIAN_POINT('',(32.2470805187714,-13.9422345769944,1.));
#2700=CARTESIAN_POINT('',(28.2470805187714,-13.9422345769944,0.6));
#2701=CARTESIAN_POINT('',(28.2470805187714,-13.9422345769944,0.));
#2702=CARTESIAN_POINT('',(-5.75291948122862,-13.9422345769944,0.6));
#2703=CARTESIAN_POINT('',(44.2470805187714,-13.9422345769944,0.6));
#2704=CARTESIAN_POINT('',(-5.75291948122862,-13.9422345769944,0.));
#2705=CARTESIAN_POINT('',(-35.7529194812286,-13.9422345769944,0.));
#2706=CARTESIAN_POINT('Origin',(-5.75291948122862,-13.9422345769944,0.));
#2707=CARTESIAN_POINT('',(-5.75291948122862,16.0577654230056,0.6));
#2708=CARTESIAN_POINT('',(-5.75291948122862,-6.44223457699443,0.6));
#2709=CARTESIAN_POINT('',(-5.75291948122862,16.0577654230056,0.));
#2710=CARTESIAN_POINT('Origin',(-5.75291948122862,16.0577654230056,0.));
#2711=CARTESIAN_POINT('',(-35.7529194812286,16.0577654230056,0.));
#2712=CARTESIAN_POINT('',(44.2470805187714,16.0577654230056,0.));
#2713=CARTESIAN_POINT('',(-5.75291948122862,16.0577654230056,0.));
#2714=CARTESIAN_POINT('',(-35.7529194812286,16.0577654230056,0.));
#2715=CARTESIAN_POINT('',(28.2470805187714,16.0577654230056,0.6));
#2716=CARTESIAN_POINT('',(-5.75291948122862,16.0577654230056,0.6));
#2717=CARTESIAN_POINT('',(28.2470805187714,16.0577654230056,1.));
#2718=CARTESIAN_POINT('',(28.2470805187714,16.0577654230056,0.));
#2719=CARTESIAN_POINT('',(44.2470805187714,16.0577654230056,1.));
#2720=CARTESIAN_POINT('',(40.2470805187714,16.0577654230056,1.));
#2721=CARTESIAN_POINT('',(44.2470805187714,16.0577654230056,0.));
#2722=CARTESIAN_POINT('Origin',(-35.7529194812286,16.0577654230056,0.));
#2723=CARTESIAN_POINT('',(-35.7529194812286,-13.9422345769944,0.));
#2724=CARTESIAN_POINT('Origin',(36.2470805187714,1.05776542300557,1.));
#2725=CARTESIAN_POINT('',(44.2470805187714,-6.44223457699443,1.));
#2726=CARTESIAN_POINT('',(28.2470805187714,8.55776542300557,1.));
#2727=CARTESIAN_POINT('',(33.7470805187714,1.05776542300556,1.));
#2728=CARTESIAN_POINT('Origin',(36.2470805187714,1.05776542300556,1.));
#2729=CARTESIAN_POINT('Origin',(44.2470805187714,-13.9422345769944,0.));
#2730=CARTESIAN_POINT('',(44.2470805187714,16.0577654230056,0.));
#2731=CARTESIAN_POINT('Origin',(36.2470805187714,1.05776542300556,0.));
#2732=CARTESIAN_POINT('',(33.7470805187714,1.05776542300556,0.));
#2733=CARTESIAN_POINT('',(33.7470805187714,1.05776542300556,0.));
#2734=CARTESIAN_POINT('Origin',(36.2470805187714,1.05776542300556,0.));
#2735=CARTESIAN_POINT('Origin',(28.2470805187714,16.0577654230056,0.));
#2736=CARTESIAN_POINT('',(28.2470805187714,16.0577654230056,0.6));
#2737=CARTESIAN_POINT('Origin',(-20.7529194812286,1.05776542300557,0.));
#2738=CARTESIAN_POINT('',(5.93457413775189,0.0852941855877064,0.));
#2739=CARTESIAN_POINT('',(7.1623536729517,0.0740908758299463,0.));
#2740=CARTESIAN_POINT('',(-7.41249818416206,0.207084280058775,0.));
#2741=CARTESIAN_POINT('',(7.25397186817152,10.1146010085563,0.));
#2742=CARTESIAN_POINT('',(7.16567918537539,0.438536400067829,0.));
#2743=CARTESIAN_POINT('',(6.46273645909778,10.1218209166302,0.));
#2744=CARTESIAN_POINT('',(-6.70699022134232,10.2419927579063,0.));
#2745=CARTESIAN_POINT('',(5.35917757690623,8.79486355065913,0.));
#2746=CARTESIAN_POINT('Ctrl Pts',(6.46273645909778,10.1218209166302,0.));
#2747=CARTESIAN_POINT('Ctrl Pts',(6.32503846261574,9.89663420279192,0.));
#2748=CARTESIAN_POINT('Ctrl Pts',(6.02211832632366,9.40124870852319,0.));
#2749=CARTESIAN_POINT('Ctrl Pts',(5.59315022748164,9.00887595339606,0.));
#2750=CARTESIAN_POINT('Ctrl Pts',(5.35917757690623,8.79486355065913,0.));
#2751=CARTESIAN_POINT('',(3.54772841303703,7.63808310935651,0.));
#2752=CARTESIAN_POINT('Ctrl Pts',(5.35917757690623,8.79486355065913,0.));
#2753=CARTESIAN_POINT('Ctrl Pts',(5.08541595969272,8.57436273771156,0.));
#2754=CARTESIAN_POINT('Ctrl Pts',(4.5241949063556,8.12232822767427,0.));
#2755=CARTESIAN_POINT('Ctrl Pts',(3.87847067829319,7.80210340955887,0.));
#2756=CARTESIAN_POINT('Ctrl Pts',(3.54772841303703,7.63808310935651,0.));
#2757=CARTESIAN_POINT('',(3.53689854548756,6.45122939972426,0.));
#2758=CARTESIAN_POINT('',(3.51669710361293,4.2373374828274,0.));
#2759=CARTESIAN_POINT('',(4.83526622955817,7.07378777987914,0.));
#2760=CARTESIAN_POINT('Ctrl Pts',(3.53689854548756,6.45122939972426,0.));
#2761=CARTESIAN_POINT('Ctrl Pts',(3.74282735031695,6.53344878047256,0.));
#2762=CARTESIAN_POINT('Ctrl Pts',(4.18948843712269,6.711783219853,0.));
#2763=CARTESIAN_POINT('Ctrl Pts',(4.60910815372732,6.94701003109849,0.));
#2764=CARTESIAN_POINT('Ctrl Pts',(4.83526622955817,7.07378777987914,0.));
#2765=CARTESIAN_POINT('',(6.00596412724436,7.90897932972884,0.));
#2766=CARTESIAN_POINT('Ctrl Pts',(4.83526622955817,7.07378777987914,0.));
#2767=CARTESIAN_POINT('Ctrl Pts',(5.05802377291695,7.20635977461486,0.));
#2768=CARTESIAN_POINT('Ctrl Pts',(5.471520875367,7.45244857081313,0.));
#2769=CARTESIAN_POINT('Ctrl Pts',(5.83725627366534,7.76486613499971,0.));
#2770=CARTESIAN_POINT('Ctrl Pts',(6.00596412724436,7.90897932972884,0.));
#2771=CARTESIAN_POINT('',(5.97359464492183,4.36158228189616,0.));
#2772=CARTESIAN_POINT('',(11.0085143586124,1.43741654687378,0.));
#2773=CARTESIAN_POINT('',(10.9957550296826,0.0391116457694896,0.));
#2774=CARTESIAN_POINT('',(11.0054602065712,1.10270962055953,0.));
#2775=CARTESIAN_POINT('',(12.3940599307869,0.0263523168397115,0.));
#2776=CARTESIAN_POINT('',(-4.88190773819668,0.183993010149666,0.));
#2777=CARTESIAN_POINT('',(12.4068192597167,1.42465721794401,0.));
#2778=CARTESIAN_POINT('',(12.3973854432106,0.390797841077602,0.));
#2779=CARTESIAN_POINT('',(-4.16999595871476,1.57591824678907,0.));
#2780=CARTESIAN_POINT('',(14.6239539858205,7.79282291178236,0.));
#2781=CARTESIAN_POINT('',(14.2329825047212,4.94156498148844,0.));
#2782=CARTESIAN_POINT('Ctrl Pts',(14.6239539858205,7.79282291178236,0.));
#2783=CARTESIAN_POINT('Ctrl Pts',(14.5140566515097,7.37775419143846,0.));
#2784=CARTESIAN_POINT('Ctrl Pts',(14.266931640745,6.44439340861002,0.));
#2785=CARTESIAN_POINT('Ctrl Pts',(14.2451035623047,5.47812855973521,0.));
#2786=CARTESIAN_POINT('Ctrl Pts',(14.2329825047212,4.94156498148844,0.));
#2787=CARTESIAN_POINT('',(15.1849313616764,0.867225529441742,0.));
#2788=CARTESIAN_POINT('Ctrl Pts',(14.2329825047212,4.94156498148844,0.));
#2789=CARTESIAN_POINT('Ctrl Pts',(14.2352813421262,4.11363776138805,0.));
#2790=CARTESIAN_POINT('Ctrl Pts',(14.2392781700312,2.67417857669799,0.));
#2791=CARTESIAN_POINT('Ctrl Pts',(14.9029715129904,1.40599408887602,0.));
#2792=CARTESIAN_POINT('Ctrl Pts',(15.1849313616764,0.867225529441742,0.));
#2793=CARTESIAN_POINT('',(17.4468645279763,-0.190293354859989,0.));
#2794=CARTESIAN_POINT('Ctrl Pts',(15.1849313616764,0.867225529441742,0.));
#2795=CARTESIAN_POINT('Ctrl Pts',(15.4889988992421,0.562082672672792,0.));
#2796=CARTESIAN_POINT('Ctrl Pts',(16.1129791453064,-0.0641042474298037,
0.));
#2797=CARTESIAN_POINT('Ctrl Pts',(16.994772070316,-0.1475242050895,0.));
#2798=CARTESIAN_POINT('Ctrl Pts',(17.4468645279763,-0.190293354859989,0.));
#2799=CARTESIAN_POINT('',(19.270045198431,0.383136826233494,0.));
#2800=CARTESIAN_POINT('Ctrl Pts',(17.4468645279763,-0.190293354859989,0.));
#2801=CARTESIAN_POINT('Ctrl Pts',(17.7913408331918,-0.173602624358242,0.));
#2802=CARTESIAN_POINT('Ctrl Pts',(18.4505475654114,-0.141662424855893,0.));
#2803=CARTESIAN_POINT('Ctrl Pts',(19.0052223219995,0.213546528930877,0.));
#2804=CARTESIAN_POINT('Ctrl Pts',(19.270045198431,0.383136826233494,0.));
#2805=CARTESIAN_POINT('',(20.3664225558027,2.0444156235501,0.));
#2806=CARTESIAN_POINT('Ctrl Pts',(19.270045198431,0.383136826233494,0.));
#2807=CARTESIAN_POINT('Ctrl Pts',(19.4998786422286,0.606984709397176,0.));
#2808=CARTESIAN_POINT('Ctrl Pts',(19.9855934880652,1.08005006605363,0.));
#2809=CARTESIAN_POINT('Ctrl Pts',(20.2350207639665,1.7116695887135,0.));
#2810=CARTESIAN_POINT('Ctrl Pts',(20.3664225558027,2.0444156235501,0.));
#2811=CARTESIAN_POINT('',(20.7538567380968,4.8820629521473,0.));
#2812=CARTESIAN_POINT('Ctrl Pts',(20.3664225558027,2.0444156235501,0.));
#2813=CARTESIAN_POINT('Ctrl Pts',(20.4753268860318,2.45838609572175,0.));
#2814=CARTESIAN_POINT('Ctrl Pts',(20.7197574084731,3.3875228763744,0.));
#2815=CARTESIAN_POINT('Ctrl Pts',(20.7416938992189,4.3489776880462,0.));
#2816=CARTESIAN_POINT('Ctrl Pts',(20.7538567380968,4.8820629521473,0.));
#2817=CARTESIAN_POINT('',(20.5503319674142,7.24759298801303,0.));
#2818=CARTESIAN_POINT('Ctrl Pts',(20.7538567380968,4.8820629521473,0.));
#2819=CARTESIAN_POINT('Ctrl Pts',(20.7541385685474,5.3284209870753,0.));
#2820=CARTESIAN_POINT('Ctrl Pts',(20.7546404691996,6.12332227740895,0.));
#2821=CARTESIAN_POINT('Ctrl Pts',(20.612609014941,6.90489427569567,0.));
#2822=CARTESIAN_POINT('Ctrl Pts',(20.5503319674142,7.24759298801303,0.));
#2823=CARTESIAN_POINT('',(19.9431891850096,8.74023431162253,0.));
#2824=CARTESIAN_POINT('Ctrl Pts',(20.5503319674142,7.24759298801303,0.));
#2825=CARTESIAN_POINT('Ctrl Pts',(20.4747399483736,7.52301356884939,0.));
#2826=CARTESIAN_POINT('Ctrl Pts',(20.3314960676166,8.04492465602551,0.));
#2827=CARTESIAN_POINT('Ctrl Pts',(20.0677516025224,8.51719048855231,0.));
#2828=CARTESIAN_POINT('Ctrl Pts',(19.9431891850096,8.74023431162253,0.));
#2829=CARTESIAN_POINT('',(18.9490289578417,9.68386097512964,0.));
#2830=CARTESIAN_POINT('Ctrl Pts',(19.9431891850096,8.74023431162253,0.));
#2831=CARTESIAN_POINT('Ctrl Pts',(19.8057613213379,8.93224483406358,0.));
#2832=CARTESIAN_POINT('Ctrl Pts',(19.5348553666564,9.31074736259792,0.));
#2833=CARTESIAN_POINT('Ctrl Pts',(19.1423970977198,9.56070455177129,0.));
#2834=CARTESIAN_POINT('Ctrl Pts',(18.9490289578417,9.68386097512964,0.));
#2835=CARTESIAN_POINT('',(17.5400387314909,10.0207409517276,0.));
#2836=CARTESIAN_POINT('Ctrl Pts',(18.9490289578417,9.68386097512964,0.));
#2837=CARTESIAN_POINT('Ctrl Pts',(18.7342104021378,9.78028451862799,0.));
#2838=CARTESIAN_POINT('Ctrl Pts',(18.2862515298317,9.98135551860642,0.));
#2839=CARTESIAN_POINT('Ctrl Pts',(17.7954674427433,10.0072593142555,0.));
#2840=CARTESIAN_POINT('Ctrl Pts',(17.5400387314909,10.0207409517276,0.));
#2841=CARTESIAN_POINT('',(15.7237100686738,9.45066075503292,0.));
#2842=CARTESIAN_POINT('Ctrl Pts',(17.5400387314909,10.0207409517276,0.));
#2843=CARTESIAN_POINT('Ctrl Pts',(17.1973907854086,10.004026599223,0.));
#2844=CARTESIAN_POINT('Ctrl Pts',(16.5409985667403,9.97200781420036,0.));
#2845=CARTESIAN_POINT('Ctrl Pts',(15.9880229644677,9.61926553932656,0.));
#2846=CARTESIAN_POINT('Ctrl Pts',(15.7237100686738,9.45066075503292,0.));
#2847=CARTESIAN_POINT('Ctrl Pts',(15.7237100686738,9.45066075503292,0.));
#2848=CARTESIAN_POINT('Ctrl Pts',(15.4936751232473,9.22768141064862,0.));
#2849=CARTESIAN_POINT('Ctrl Pts',(15.007092891069,8.75602356353775,0.));
#2850=CARTESIAN_POINT('Ctrl Pts',(14.7562233198823,8.12534437339935,0.));
#2851=CARTESIAN_POINT('Ctrl Pts',(14.6239539858205,7.79282291178236,0.));
#2852=CARTESIAN_POINT('Origin',(11.2470805187714,1.05776542300557,0.6));
#2853=CARTESIAN_POINT('',(7.1623536729517,0.0740908758299463,0.6));
#2854=CARTESIAN_POINT('',(5.93457413775189,0.0852941855877064,0.6));
#2855=CARTESIAN_POINT('',(8.5861697192044,0.0610987614096304,0.6));
#2856=CARTESIAN_POINT('',(6.00596412724436,7.90897932972884,0.6));
#2857=CARTESIAN_POINT('',(5.97492674155536,4.50756780054528,0.6));
#2858=CARTESIAN_POINT('',(4.83526622955817,7.07378777987914,0.6));
#2859=CARTESIAN_POINT('Ctrl Pts',(6.00596412724436,7.90897932972884,0.6));
#2860=CARTESIAN_POINT('Ctrl Pts',(5.83725627366534,7.76486613499971,0.6));
#2861=CARTESIAN_POINT('Ctrl Pts',(5.66854842008632,7.62075294027058,0.6));
#2862=CARTESIAN_POINT('Ctrl Pts',(5.48967769530328,7.49075336937792,0.6));
#2863=CARTESIAN_POINT('Ctrl Pts',(5.28078131627574,7.33893176935059,0.6));
#2864=CARTESIAN_POINT('Ctrl Pts',(5.05802377291695,7.20635977461486,0.6));
#2865=CARTESIAN_POINT('Ctrl Pts',(4.83526622955817,7.07378777987914,0.6));
#2866=CARTESIAN_POINT('',(3.53689854548756,6.45122939972426,0.6));
#2867=CARTESIAN_POINT('Ctrl Pts',(4.83526622955817,7.07378777987914,0.6));
#2868=CARTESIAN_POINT('Ctrl Pts',(4.60910815372732,6.94701003109849,0.6));
#2869=CARTESIAN_POINT('Ctrl Pts',(4.38295007789647,6.82023228231785,0.6));
#2870=CARTESIAN_POINT('Ctrl Pts',(4.14893709370884,6.70998048484353,0.6));
#2871=CARTESIAN_POINT('Ctrl Pts',(3.94875615514634,6.61566816122086,0.6));
#2872=CARTESIAN_POINT('Ctrl Pts',(3.74282735031695,6.53344878047256,0.6));
#2873=CARTESIAN_POINT('Ctrl Pts',(3.53689854548756,6.45122939972426,0.6));
#2874=CARTESIAN_POINT('',(3.54772841303703,7.63808310935651,0.6));
#2875=CARTESIAN_POINT('',(3.51802920024648,4.38332300147652,0.6));
#2876=CARTESIAN_POINT('',(5.35917757690623,8.79486355065913,0.6));
#2877=CARTESIAN_POINT('Ctrl Pts',(3.54772841303703,7.63808310935651,0.6));
#2878=CARTESIAN_POINT('Ctrl Pts',(3.87847067829319,7.80210340955887,0.6));
#2879=CARTESIAN_POINT('Ctrl Pts',(4.20921294354936,7.96612370976123,0.6));
#2880=CARTESIAN_POINT('Ctrl Pts',(4.51778558850655,8.16472461396023,0.6));
#2881=CARTESIAN_POINT('Ctrl Pts',(4.81165434247921,8.35386192476399,0.6));
#2882=CARTESIAN_POINT('Ctrl Pts',(5.08541595969272,8.57436273771156,0.6));
#2883=CARTESIAN_POINT('Ctrl Pts',(5.35917757690623,8.79486355065913,0.6));
#2884=CARTESIAN_POINT('',(6.46273645909778,10.1218209166302,0.6));
#2885=CARTESIAN_POINT('Ctrl Pts',(5.35917757690623,8.79486355065913,0.6));
#2886=CARTESIAN_POINT('Ctrl Pts',(5.59315022748164,9.00887595339606,0.6));
#2887=CARTESIAN_POINT('Ctrl Pts',(5.82712287805706,9.22288835613299,0.6));
#2888=CARTESIAN_POINT('Ctrl Pts',(6.02359684452144,9.46754657087939,0.6));
#2889=CARTESIAN_POINT('Ctrl Pts',(6.1873404661337,9.6714474889536,0.6));
#2890=CARTESIAN_POINT('Ctrl Pts',(6.32503846261574,9.89663420279192,0.6));
#2891=CARTESIAN_POINT('Ctrl Pts',(6.46273645909778,10.1218209166302,0.6));
#2892=CARTESIAN_POINT('',(7.25397186817152,10.1146010085563,0.6));
#2893=CARTESIAN_POINT('',(9.29167768202414,10.0960072392571,0.6));
#2894=CARTESIAN_POINT('',(7.16701128200893,0.58452191871695,0.6));
#2895=CARTESIAN_POINT('',(10.9957550296826,0.0391116457694896,0.6));
#2896=CARTESIAN_POINT('',(11.0085143586124,1.43741654687378,0.6));
#2897=CARTESIAN_POINT('',(11.0067923032048,1.24869513920864,0.6));
#2898=CARTESIAN_POINT('',(12.4068192597167,1.42465721794401,0.6));
#2899=CARTESIAN_POINT('',(11.8286719446517,1.42993272813993,0.6));
#2900=CARTESIAN_POINT('',(12.3940599307869,0.0263523168397115,0.6));
#2901=CARTESIAN_POINT('',(12.3987175398442,0.536783359726719,0.6));
#2902=CARTESIAN_POINT('',(11.1167601651698,0.038007491500522,0.6));
#2903=CARTESIAN_POINT('',(14.2329825047212,4.94156498148844,0.6));
#2904=CARTESIAN_POINT('',(14.6239539858205,7.79282291178236,0.6));
#2905=CARTESIAN_POINT('Ctrl Pts',(14.2329825047212,4.94156498148844,0.6));
#2906=CARTESIAN_POINT('Ctrl Pts',(14.2451035623047,5.47812855973521,0.6));
#2907=CARTESIAN_POINT('Ctrl Pts',(14.2572246198883,6.01469213798198,0.6));
#2908=CARTESIAN_POINT('Ctrl Pts',(14.3388169566574,6.54110960578213,0.6));
#2909=CARTESIAN_POINT('Ctrl Pts',(14.4041593171989,6.96268547109456,0.6));
#2910=CARTESIAN_POINT('Ctrl Pts',(14.5140566515097,7.37775419143846,0.6));
#2911=CARTESIAN_POINT('Ctrl Pts',(14.6239539858205,7.79282291178236,0.6));
#2912=CARTESIAN_POINT('',(15.7237100686738,9.45066075503292,0.6));
#2913=CARTESIAN_POINT('Ctrl Pts',(14.6239539858205,7.79282291178236,0.6));
#2914=CARTESIAN_POINT('Ctrl Pts',(14.7562233198823,8.12534437339935,0.6));
#2915=CARTESIAN_POINT('Ctrl Pts',(14.8884926539441,8.45786583501634,0.6));
#2916=CARTESIAN_POINT('Ctrl Pts',(15.0862867224848,8.74618164711695,0.6));
#2917=CARTESIAN_POINT('Ctrl Pts',(15.2636401778207,9.00470206626433,0.6));
#2918=CARTESIAN_POINT('Ctrl Pts',(15.4936751232473,9.22768141064862,0.6));
#2919=CARTESIAN_POINT('Ctrl Pts',(15.7237100686738,9.45066075503292,0.6));
#2920=CARTESIAN_POINT('',(17.5400387314909,10.0207409517276,0.6));
#2921=CARTESIAN_POINT('Ctrl Pts',(15.7237100686738,9.45066075503292,0.6));
#2922=CARTESIAN_POINT('Ctrl Pts',(15.9880229644677,9.61926553932656,0.6));
#2923=CARTESIAN_POINT('Ctrl Pts',(16.2523358602616,9.78787032362019,0.6));
#2924=CARTESIAN_POINT('Ctrl Pts',(16.5402761101183,9.88320015737807,0.6));
#2925=CARTESIAN_POINT('Ctrl Pts',(16.8547428393262,9.98731224671848,0.6));
#2926=CARTESIAN_POINT('Ctrl Pts',(17.1973907854086,10.004026599223,0.6));
#2927=CARTESIAN_POINT('Ctrl Pts',(17.5400387314909,10.0207409517276,0.6));
#2928=CARTESIAN_POINT('',(18.9490289578417,9.68386097512964,0.6));
#2929=CARTESIAN_POINT('Ctrl Pts',(17.5400387314909,10.0207409517276,0.6));
#2930=CARTESIAN_POINT('Ctrl Pts',(17.7954674427433,10.0072593142555,0.6));
#2931=CARTESIAN_POINT('Ctrl Pts',(18.0508961539956,9.99377767678344,0.6));
#2932=CARTESIAN_POINT('Ctrl Pts',(18.2947248642065,9.93284876407956,0.6));
#2933=CARTESIAN_POINT('Ctrl Pts',(18.519391846434,9.87670806212634,0.6));
#2934=CARTESIAN_POINT('Ctrl Pts',(18.7342104021378,9.78028451862799,0.6));
#2935=CARTESIAN_POINT('Ctrl Pts',(18.9490289578417,9.68386097512964,0.6));
#2936=CARTESIAN_POINT('',(19.9431891850096,8.74023431162253,0.6));
#2937=CARTESIAN_POINT('Ctrl Pts',(18.9490289578417,9.68386097512964,0.6));
#2938=CARTESIAN_POINT('Ctrl Pts',(19.1423970977198,9.56070455177129,0.6));
#2939=CARTESIAN_POINT('Ctrl Pts',(19.335765237598,9.43754812841294,0.6));
#2940=CARTESIAN_POINT('Ctrl Pts',(19.4996249475016,9.2831856258586,0.6));
#2941=CARTESIAN_POINT('Ctrl Pts',(19.6683334576663,9.12425535650464,0.6));
#2942=CARTESIAN_POINT('Ctrl Pts',(19.8057613213379,8.93224483406358,0.6));
#2943=CARTESIAN_POINT('Ctrl Pts',(19.9431891850096,8.74023431162253,0.6));
#2944=CARTESIAN_POINT('',(20.5503319674142,7.24759298801303,0.6));
#2945=CARTESIAN_POINT('Ctrl Pts',(19.9431891850096,8.74023431162253,0.6));
#2946=CARTESIAN_POINT('Ctrl Pts',(20.0677516025224,8.51719048855231,0.6));
#2947=CARTESIAN_POINT('Ctrl Pts',(20.1923140200352,8.29414666548208,0.6));
#2948=CARTESIAN_POINT('Ctrl Pts',(20.2899984653051,8.06002933779948,0.6));
#2949=CARTESIAN_POINT('Ctrl Pts',(20.3991479293329,7.79843414968575,0.6));
#2950=CARTESIAN_POINT('Ctrl Pts',(20.4747399483736,7.52301356884939,0.6));
#2951=CARTESIAN_POINT('Ctrl Pts',(20.5503319674142,7.24759298801303,0.6));
#2952=CARTESIAN_POINT('',(20.7538567380968,4.8820629521473,0.6));
#2953=CARTESIAN_POINT('Ctrl Pts',(20.5503319674142,7.24759298801303,0.6));
#2954=CARTESIAN_POINT('Ctrl Pts',(20.612609014941,6.90489427569567,0.6));
#2955=CARTESIAN_POINT('Ctrl Pts',(20.6748860624679,6.5621955633783,0.6));
#2956=CARTESIAN_POINT('Ctrl Pts',(20.7097597718301,6.21693417302893,0.6));
#2957=CARTESIAN_POINT('Ctrl Pts',(20.754420398998,5.7747790220033,0.6));
#2958=CARTESIAN_POINT('Ctrl Pts',(20.7541385685474,5.3284209870753,0.6));
#2959=CARTESIAN_POINT('Ctrl Pts',(20.7538567380968,4.88206295214731,0.6));
#2960=CARTESIAN_POINT('',(20.3664225558027,2.0444156235501,0.6));
#2961=CARTESIAN_POINT('Ctrl Pts',(20.7538567380968,4.8820629521473,0.6));
#2962=CARTESIAN_POINT('Ctrl Pts',(20.7416938992189,4.3489776880462,0.6));
#2963=CARTESIAN_POINT('Ctrl Pts',(20.7295310603411,3.8158924239451,0.6));
#2964=CARTESIAN_POINT('Ctrl Pts',(20.6489685577512,3.29274244860973,0.6));
#2965=CARTESIAN_POINT('Ctrl Pts',(20.5842312162609,2.87235656789339,0.6));
#2966=CARTESIAN_POINT('Ctrl Pts',(20.4753268860318,2.45838609572175,0.6));
#2967=CARTESIAN_POINT('Ctrl Pts',(20.3664225558027,2.0444156235501,0.6));
#2968=CARTESIAN_POINT('',(19.270045198431,0.383136826233494,0.6));
#2969=CARTESIAN_POINT('Ctrl Pts',(20.3664225558027,2.0444156235501,0.6));
#2970=CARTESIAN_POINT('Ctrl Pts',(20.2350207639665,1.7116695887135,0.6));
#2971=CARTESIAN_POINT('Ctrl Pts',(20.1036189721302,1.37892355387689,0.6));
#2972=CARTESIAN_POINT('Ctrl Pts',(19.9066395734801,1.09018153820948,0.6));
#2973=CARTESIAN_POINT('Ctrl Pts',(19.7297120860262,0.830832592560861,0.6));
#2974=CARTESIAN_POINT('Ctrl Pts',(19.4998786422286,0.606984709397176,0.6));
#2975=CARTESIAN_POINT('Ctrl Pts',(19.270045198431,0.383136826233495,0.6));
#2976=CARTESIAN_POINT('',(17.4468645279763,-0.190293354859989,0.6));
#2977=CARTESIAN_POINT('Ctrl Pts',(19.270045198431,0.383136826233494,0.6));
#2978=CARTESIAN_POINT('Ctrl Pts',(19.0052223219995,0.213546528930877,0.6));
#2979=CARTESIAN_POINT('Ctrl Pts',(18.740399445568,0.0439562316282617,0.6));
#2980=CARTESIAN_POINT('Ctrl Pts',(18.4517488017083,-0.051945869814903,0.6));
#2981=CARTESIAN_POINT('Ctrl Pts',(18.1358171384073,-0.156911893856497,0.6));
#2982=CARTESIAN_POINT('Ctrl Pts',(17.7913408331918,-0.173602624358242,0.6));
#2983=CARTESIAN_POINT('Ctrl Pts',(17.4468645279763,-0.190293354859989,0.6));
#2984=CARTESIAN_POINT('',(15.1849313616764,0.867225529441742,0.6));
#2985=CARTESIAN_POINT('Ctrl Pts',(17.4468645279763,-0.190293354859989,0.6));
#2986=CARTESIAN_POINT('Ctrl Pts',(16.994772070316,-0.1475242050895,0.6));
#2987=CARTESIAN_POINT('Ctrl Pts',(16.5426796126557,-0.10475505531901,0.6));
#2988=CARTESIAN_POINT('Ctrl Pts',(16.1583552964224,0.080684766907393,0.6));
#2989=CARTESIAN_POINT('Ctrl Pts',(15.7930664368078,0.256939815903842,0.6));
#2990=CARTESIAN_POINT('Ctrl Pts',(15.4889988992421,0.562082672672792,0.6));
#2991=CARTESIAN_POINT('Ctrl Pts',(15.1849313616764,0.867225529441742,0.6));
#2992=CARTESIAN_POINT('Ctrl Pts',(15.1849313616764,0.867225529441742,0.6));
#2993=CARTESIAN_POINT('Ctrl Pts',(14.9029715129904,1.40599408887602,0.6));
#2994=CARTESIAN_POINT('Ctrl Pts',(14.6210116643044,1.9447626483103,0.6));
#2995=CARTESIAN_POINT('Ctrl Pts',(14.4581167301077,2.51444361469448,0.6));
#2996=CARTESIAN_POINT('Ctrl Pts',(14.2375801795311,3.28571054128765,0.6));
#2997=CARTESIAN_POINT('Ctrl Pts',(14.2352813421262,4.11363776138805,0.6));
#2998=CARTESIAN_POINT('Ctrl Pts',(14.2329825047212,4.94156498148844,0.6));
#2999=CARTESIAN_POINT('Origin',(3.54772841303703,7.63808310935651,0.));
#3000=CARTESIAN_POINT('',(3.53689854548756,6.45122939972426,0.));
#3001=CARTESIAN_POINT('',(3.54772841303703,7.63808310935651,0.));
#3002=CARTESIAN_POINT('Ctrl Pts',(3.53689854548756,6.45122939972426,0.));
#3003=CARTESIAN_POINT('Ctrl Pts',(3.53689854548756,6.45122939972426,5.5));
#3004=CARTESIAN_POINT('Ctrl Pts',(3.74282735031695,6.53344878047256,0.));
#3005=CARTESIAN_POINT('Ctrl Pts',(3.74282735031695,6.53344878047256,5.5));
#3006=CARTESIAN_POINT('Ctrl Pts',(4.18948843712269,6.711783219853,0.));
#3007=CARTESIAN_POINT('Ctrl Pts',(4.18948843712269,6.711783219853,5.5));
#3008=CARTESIAN_POINT('Ctrl Pts',(4.60910815372732,6.94701003109849,0.));
#3009=CARTESIAN_POINT('Ctrl Pts',(4.60910815372732,6.94701003109849,5.5));
#3010=CARTESIAN_POINT('Ctrl Pts',(4.83526622955817,7.07378777987914,0.));
#3011=CARTESIAN_POINT('Ctrl Pts',(4.83526622955817,7.07378777987914,5.5));
#3012=CARTESIAN_POINT('',(4.83526622955817,7.07378777987914,0.));
#3013=CARTESIAN_POINT('Ctrl Pts',(4.83526622955817,7.07378777987914,0.));
#3014=CARTESIAN_POINT('Ctrl Pts',(4.83526622955817,7.07378777987914,5.5));
#3015=CARTESIAN_POINT('Ctrl Pts',(5.05802377291695,7.20635977461486,0.));
#3016=CARTESIAN_POINT('Ctrl Pts',(5.05802377291695,7.20635977461486,5.5));
#3017=CARTESIAN_POINT('Ctrl Pts',(5.471520875367,7.45244857081313,0.));
#3018=CARTESIAN_POINT('Ctrl Pts',(5.471520875367,7.45244857081313,5.5));
#3019=CARTESIAN_POINT('Ctrl Pts',(5.83725627366534,7.76486613499971,0.));
#3020=CARTESIAN_POINT('Ctrl Pts',(5.83725627366534,7.76486613499971,5.5));
#3021=CARTESIAN_POINT('Ctrl Pts',(6.00596412724436,7.90897932972884,0.));
#3022=CARTESIAN_POINT('Ctrl Pts',(6.00596412724436,7.90897932972884,5.5));
#3023=CARTESIAN_POINT('',(6.00596412724436,7.90897932972884,0.));
#3024=CARTESIAN_POINT('Origin',(6.00596412724436,7.90897932972884,0.));
#3025=CARTESIAN_POINT('',(5.93457413775189,0.0852941855877064,0.));
#3026=CARTESIAN_POINT('Origin',(5.93457413775189,0.0852941855877064,0.));
#3027=CARTESIAN_POINT('',(7.1623536729517,0.0740908758299463,0.));
#3028=CARTESIAN_POINT('Origin',(7.1623536729517,0.0740908758299463,0.));
#3029=CARTESIAN_POINT('',(7.25397186817152,10.1146010085563,0.));
#3030=CARTESIAN_POINT('Origin',(7.25397186817152,10.1146010085563,0.));
#3031=CARTESIAN_POINT('',(6.46273645909778,10.1218209166302,0.));
#3032=CARTESIAN_POINT('Ctrl Pts',(6.46273645909778,10.1218209166302,0.));
#3033=CARTESIAN_POINT('Ctrl Pts',(6.46273645909778,10.1218209166302,5.5));
#3034=CARTESIAN_POINT('Ctrl Pts',(6.32503846261574,9.89663420279192,0.));
#3035=CARTESIAN_POINT('Ctrl Pts',(6.32503846261574,9.89663420279192,5.5));
#3036=CARTESIAN_POINT('Ctrl Pts',(6.02211832632366,9.40124870852319,0.));
#3037=CARTESIAN_POINT('Ctrl Pts',(6.02211832632366,9.40124870852319,5.5));
#3038=CARTESIAN_POINT('Ctrl Pts',(5.59315022748164,9.00887595339606,0.));
#3039=CARTESIAN_POINT('Ctrl Pts',(5.59315022748164,9.00887595339606,5.5));
#3040=CARTESIAN_POINT('Ctrl Pts',(5.35917757690623,8.79486355065913,0.));
#3041=CARTESIAN_POINT('Ctrl Pts',(5.35917757690623,8.79486355065913,5.5));
#3042=CARTESIAN_POINT('',(5.35917757690623,8.79486355065913,0.));
#3043=CARTESIAN_POINT('Ctrl Pts',(5.35917757690623,8.79486355065913,0.));
#3044=CARTESIAN_POINT('Ctrl Pts',(5.35917757690623,8.79486355065913,5.5));
#3045=CARTESIAN_POINT('Ctrl Pts',(5.08541595969272,8.57436273771156,0.));
#3046=CARTESIAN_POINT('Ctrl Pts',(5.08541595969272,8.57436273771156,5.5));
#3047=CARTESIAN_POINT('Ctrl Pts',(4.5241949063556,8.12232822767427,0.));
#3048=CARTESIAN_POINT('Ctrl Pts',(4.5241949063556,8.12232822767427,5.5));
#3049=CARTESIAN_POINT('Ctrl Pts',(3.87847067829319,7.80210340955887,0.));
#3050=CARTESIAN_POINT('Ctrl Pts',(3.87847067829319,7.80210340955887,5.5));
#3051=CARTESIAN_POINT('Ctrl Pts',(3.54772841303703,7.63808310935651,0.));
#3052=CARTESIAN_POINT('Ctrl Pts',(3.54772841303703,7.63808310935651,5.5));
#3053=CARTESIAN_POINT('Origin',(12.4068192597167,1.42465721794401,0.));
#3054=CARTESIAN_POINT('',(11.0085143586124,1.43741654687378,0.));
#3055=CARTESIAN_POINT('',(12.4068192597167,1.42465721794401,0.));
#3056=CARTESIAN_POINT('Origin',(11.0085143586124,1.43741654687378,0.));
#3057=CARTESIAN_POINT('',(10.9957550296826,0.0391116457694896,0.));
#3058=CARTESIAN_POINT('Origin',(10.9957550296826,0.0391116457694896,0.));
#3059=CARTESIAN_POINT('',(12.3940599307869,0.0263523168397115,0.));
#3060=CARTESIAN_POINT('Origin',(12.3940599307869,0.0263523168397115,0.));
#3061=CARTESIAN_POINT('Ctrl Pts',(20.5503319674142,7.24759298801303,0.));
#3062=CARTESIAN_POINT('Ctrl Pts',(20.5503319674142,7.24759298801303,5.5));
#3063=CARTESIAN_POINT('Ctrl Pts',(20.4747399483736,7.52301356884939,0.));
#3064=CARTESIAN_POINT('Ctrl Pts',(20.4747399483736,7.52301356884939,5.5));
#3065=CARTESIAN_POINT('Ctrl Pts',(20.3314960676166,8.04492465602551,0.));
#3066=CARTESIAN_POINT('Ctrl Pts',(20.3314960676166,8.04492465602551,5.5));
#3067=CARTESIAN_POINT('Ctrl Pts',(20.0677516025224,8.51719048855231,0.));
#3068=CARTESIAN_POINT('Ctrl Pts',(20.0677516025224,8.51719048855231,5.5));
#3069=CARTESIAN_POINT('Ctrl Pts',(19.9431891850096,8.74023431162253,0.));
#3070=CARTESIAN_POINT('Ctrl Pts',(19.9431891850096,8.74023431162253,5.5));
#3071=CARTESIAN_POINT('',(19.9431891850096,8.74023431162253,0.));
#3072=CARTESIAN_POINT('',(20.5503319674142,7.24759298801303,0.));
#3073=CARTESIAN_POINT('Ctrl Pts',(19.9431891850096,8.74023431162253,0.));
#3074=CARTESIAN_POINT('Ctrl Pts',(19.9431891850096,8.74023431162253,5.5));
#3075=CARTESIAN_POINT('Ctrl Pts',(19.8057613213379,8.93224483406358,0.));
#3076=CARTESIAN_POINT('Ctrl Pts',(19.8057613213379,8.93224483406358,5.5));
#3077=CARTESIAN_POINT('Ctrl Pts',(19.5348553666564,9.31074736259792,0.));
#3078=CARTESIAN_POINT('Ctrl Pts',(19.5348553666564,9.31074736259792,5.5));
#3079=CARTESIAN_POINT('Ctrl Pts',(19.1423970977198,9.56070455177129,0.));
#3080=CARTESIAN_POINT('Ctrl Pts',(19.1423970977198,9.56070455177129,5.5));
#3081=CARTESIAN_POINT('Ctrl Pts',(18.9490289578417,9.68386097512964,0.));
#3082=CARTESIAN_POINT('Ctrl Pts',(18.9490289578417,9.68386097512964,5.5));
#3083=CARTESIAN_POINT('',(18.9490289578417,9.68386097512964,0.));
#3084=CARTESIAN_POINT('Ctrl Pts',(18.9490289578417,9.68386097512964,0.));
#3085=CARTESIAN_POINT('Ctrl Pts',(18.9490289578417,9.68386097512964,5.5));
#3086=CARTESIAN_POINT('Ctrl Pts',(18.7342104021378,9.78028451862799,0.));
#3087=CARTESIAN_POINT('Ctrl Pts',(18.7342104021378,9.78028451862799,5.5));
#3088=CARTESIAN_POINT('Ctrl Pts',(18.2862515298317,9.98135551860642,0.));
#3089=CARTESIAN_POINT('Ctrl Pts',(18.2862515298317,9.98135551860642,5.5));
#3090=CARTESIAN_POINT('Ctrl Pts',(17.7954674427433,10.0072593142555,0.));
#3091=CARTESIAN_POINT('Ctrl Pts',(17.7954674427433,10.0072593142555,5.5));
#3092=CARTESIAN_POINT('Ctrl Pts',(17.5400387314909,10.0207409517276,0.));
#3093=CARTESIAN_POINT('Ctrl Pts',(17.5400387314909,10.0207409517276,5.5));
#3094=CARTESIAN_POINT('',(17.5400387314909,10.0207409517276,0.));
#3095=CARTESIAN_POINT('Ctrl Pts',(17.5400387314909,10.0207409517276,0.));
#3096=CARTESIAN_POINT('Ctrl Pts',(17.5400387314909,10.0207409517276,5.5));
#3097=CARTESIAN_POINT('Ctrl Pts',(17.1973907854086,10.004026599223,0.));
#3098=CARTESIAN_POINT('Ctrl Pts',(17.1973907854086,10.004026599223,5.5));
#3099=CARTESIAN_POINT('Ctrl Pts',(16.5409985667403,9.97200781420036,0.));
#3100=CARTESIAN_POINT('Ctrl Pts',(16.5409985667403,9.97200781420036,5.5));
#3101=CARTESIAN_POINT('Ctrl Pts',(15.9880229644677,9.61926553932656,0.));
#3102=CARTESIAN_POINT('Ctrl Pts',(15.9880229644677,9.61926553932656,5.5));
#3103=CARTESIAN_POINT('Ctrl Pts',(15.7237100686738,9.45066075503292,0.));
#3104=CARTESIAN_POINT('Ctrl Pts',(15.7237100686738,9.45066075503292,5.5));
#3105=CARTESIAN_POINT('',(15.7237100686738,9.45066075503292,0.));
#3106=CARTESIAN_POINT('Ctrl Pts',(15.7237100686738,9.45066075503292,0.));
#3107=CARTESIAN_POINT('Ctrl Pts',(15.7237100686738,9.45066075503292,5.5));
#3108=CARTESIAN_POINT('Ctrl Pts',(15.4936751232473,9.22768141064862,0.));
#3109=CARTESIAN_POINT('Ctrl Pts',(15.4936751232473,9.22768141064862,5.5));
#3110=CARTESIAN_POINT('Ctrl Pts',(15.007092891069,8.75602356353775,0.));
#3111=CARTESIAN_POINT('Ctrl Pts',(15.007092891069,8.75602356353775,5.5));
#3112=CARTESIAN_POINT('Ctrl Pts',(14.7562233198823,8.12534437339935,0.));
#3113=CARTESIAN_POINT('Ctrl Pts',(14.7562233198823,8.12534437339935,5.5));
#3114=CARTESIAN_POINT('Ctrl Pts',(14.6239539858205,7.79282291178236,0.));
#3115=CARTESIAN_POINT('Ctrl Pts',(14.6239539858205,7.79282291178236,5.5));
#3116=CARTESIAN_POINT('',(14.6239539858205,7.79282291178236,0.));
#3117=CARTESIAN_POINT('Ctrl Pts',(14.6239539858205,7.79282291178236,0.));
#3118=CARTESIAN_POINT('Ctrl Pts',(14.6239539858205,7.79282291178236,5.5));
#3119=CARTESIAN_POINT('Ctrl Pts',(14.5140566515097,7.37775419143846,0.));
#3120=CARTESIAN_POINT('Ctrl Pts',(14.5140566515097,7.37775419143846,5.5));
#3121=CARTESIAN_POINT('Ctrl Pts',(14.266931640745,6.44439340861002,0.));
#3122=CARTESIAN_POINT('Ctrl Pts',(14.266931640745,6.44439340861002,5.5));
#3123=CARTESIAN_POINT('Ctrl Pts',(14.2451035623047,5.47812855973521,0.));
#3124=CARTESIAN_POINT('Ctrl Pts',(14.2451035623047,5.47812855973521,5.5));
#3125=CARTESIAN_POINT('Ctrl Pts',(14.2329825047212,4.94156498148844,0.));
#3126=CARTESIAN_POINT('Ctrl Pts',(14.2329825047212,4.94156498148844,5.5));
#3127=CARTESIAN_POINT('',(14.2329825047212,4.94156498148844,0.));
#3128=CARTESIAN_POINT('Ctrl Pts',(14.2329825047212,4.94156498148844,0.));
#3129=CARTESIAN_POINT('Ctrl Pts',(14.2329825047212,4.94156498148844,5.5));
#3130=CARTESIAN_POINT('Ctrl Pts',(14.2352813421262,4.11363776138805,0.));
#3131=CARTESIAN_POINT('Ctrl Pts',(14.2352813421262,4.11363776138805,5.5));
#3132=CARTESIAN_POINT('Ctrl Pts',(14.2392781700312,2.67417857669799,0.));
#3133=CARTESIAN_POINT('Ctrl Pts',(14.2392781700312,2.67417857669799,5.5));
#3134=CARTESIAN_POINT('Ctrl Pts',(14.9029715129904,1.40599408887602,0.));
#3135=CARTESIAN_POINT('Ctrl Pts',(14.9029715129904,1.40599408887602,5.5));
#3136=CARTESIAN_POINT('Ctrl Pts',(15.1849313616764,0.867225529441742,0.));
#3137=CARTESIAN_POINT('Ctrl Pts',(15.1849313616764,0.867225529441742,5.5));
#3138=CARTESIAN_POINT('',(15.1849313616764,0.867225529441742,0.));
#3139=CARTESIAN_POINT('Ctrl Pts',(15.1849313616764,0.867225529441742,0.));
#3140=CARTESIAN_POINT('Ctrl Pts',(15.1849313616764,0.867225529441742,5.5));
#3141=CARTESIAN_POINT('Ctrl Pts',(15.4889988992421,0.562082672672792,0.));
#3142=CARTESIAN_POINT('Ctrl Pts',(15.4889988992421,0.562082672672792,5.5));
#3143=CARTESIAN_POINT('Ctrl Pts',(16.1129791453064,-0.0641042474298037,
0.));
#3144=CARTESIAN_POINT('Ctrl Pts',(16.1129791453064,-0.0641042474298037,
5.5));
#3145=CARTESIAN_POINT('Ctrl Pts',(16.994772070316,-0.1475242050895,0.));
#3146=CARTESIAN_POINT('Ctrl Pts',(16.994772070316,-0.1475242050895,5.5));
#3147=CARTESIAN_POINT('Ctrl Pts',(17.4468645279763,-0.190293354859989,0.));
#3148=CARTESIAN_POINT('Ctrl Pts',(17.4468645279763,-0.190293354859989,5.5));
#3149=CARTESIAN_POINT('',(17.4468645279763,-0.190293354859989,0.));
#3150=CARTESIAN_POINT('Ctrl Pts',(17.4468645279763,-0.190293354859989,0.));
#3151=CARTESIAN_POINT('Ctrl Pts',(17.4468645279763,-0.190293354859989,5.5));
#3152=CARTESIAN_POINT('Ctrl Pts',(17.7913408331918,-0.173602624358242,0.));
#3153=CARTESIAN_POINT('Ctrl Pts',(17.7913408331918,-0.173602624358242,5.5));
#3154=CARTESIAN_POINT('Ctrl Pts',(18.4505475654114,-0.141662424855893,0.));
#3155=CARTESIAN_POINT('Ctrl Pts',(18.4505475654114,-0.141662424855893,5.5));
#3156=CARTESIAN_POINT('Ctrl Pts',(19.0052223219995,0.213546528930877,0.));
#3157=CARTESIAN_POINT('Ctrl Pts',(19.0052223219995,0.213546528930877,5.5));
#3158=CARTESIAN_POINT('Ctrl Pts',(19.270045198431,0.383136826233494,0.));
#3159=CARTESIAN_POINT('Ctrl Pts',(19.270045198431,0.383136826233494,5.5));
#3160=CARTESIAN_POINT('',(19.270045198431,0.383136826233494,0.));
#3161=CARTESIAN_POINT('Ctrl Pts',(19.270045198431,0.383136826233494,0.));
#3162=CARTESIAN_POINT('Ctrl Pts',(19.270045198431,0.383136826233494,5.5));
#3163=CARTESIAN_POINT('Ctrl Pts',(19.4998786422286,0.606984709397176,0.));
#3164=CARTESIAN_POINT('Ctrl Pts',(19.4998786422286,0.606984709397176,5.5));
#3165=CARTESIAN_POINT('Ctrl Pts',(19.9855934880652,1.08005006605363,0.));
#3166=CARTESIAN_POINT('Ctrl Pts',(19.9855934880652,1.08005006605363,5.5));
#3167=CARTESIAN_POINT('Ctrl Pts',(20.2350207639665,1.7116695887135,0.));
#3168=CARTESIAN_POINT('Ctrl Pts',(20.2350207639665,1.7116695887135,5.5));
#3169=CARTESIAN_POINT('Ctrl Pts',(20.3664225558027,2.0444156235501,0.));
#3170=CARTESIAN_POINT('Ctrl Pts',(20.3664225558027,2.0444156235501,5.5));
#3171=CARTESIAN_POINT('',(20.3664225558027,2.0444156235501,0.));
#3172=CARTESIAN_POINT('Ctrl Pts',(20.3664225558027,2.0444156235501,0.));
#3173=CARTESIAN_POINT('Ctrl Pts',(20.3664225558027,2.0444156235501,5.5));
#3174=CARTESIAN_POINT('Ctrl Pts',(20.4753268860318,2.45838609572175,0.));
#3175=CARTESIAN_POINT('Ctrl Pts',(20.4753268860318,2.45838609572175,5.5));
#3176=CARTESIAN_POINT('Ctrl Pts',(20.7197574084731,3.3875228763744,0.));
#3177=CARTESIAN_POINT('Ctrl Pts',(20.7197574084731,3.3875228763744,5.5));
#3178=CARTESIAN_POINT('Ctrl Pts',(20.7416938992189,4.3489776880462,0.));
#3179=CARTESIAN_POINT('Ctrl Pts',(20.7416938992189,4.3489776880462,5.5));
#3180=CARTESIAN_POINT('Ctrl Pts',(20.7538567380968,4.8820629521473,0.));
#3181=CARTESIAN_POINT('Ctrl Pts',(20.7538567380968,4.8820629521473,5.5));
#3182=CARTESIAN_POINT('',(20.7538567380968,4.8820629521473,0.));
#3183=CARTESIAN_POINT('Ctrl Pts',(20.7538567380968,4.8820629521473,0.));
#3184=CARTESIAN_POINT('Ctrl Pts',(20.7538567380968,4.8820629521473,5.5));
#3185=CARTESIAN_POINT('Ctrl Pts',(20.7541385685474,5.3284209870753,0.));
#3186=CARTESIAN_POINT('Ctrl Pts',(20.7541385685474,5.3284209870753,5.5));
#3187=CARTESIAN_POINT('Ctrl Pts',(20.7546404691996,6.12332227740895,0.));
#3188=CARTESIAN_POINT('Ctrl Pts',(20.7546404691996,6.12332227740895,5.5));
#3189=CARTESIAN_POINT('Ctrl Pts',(20.612609014941,6.90489427569567,0.));
#3190=CARTESIAN_POINT('Ctrl Pts',(20.612609014941,6.90489427569567,5.5));
#3191=CARTESIAN_POINT('Ctrl Pts',(20.5503319674142,7.24759298801303,0.));
#3192=CARTESIAN_POINT('Ctrl Pts',(20.5503319674142,7.24759298801303,5.5));
#3193=UNCERTAINTY_MEASURE_WITH_UNIT(LENGTH_MEASURE(0.01),#3197,
'DISTANCE_ACCURACY_VALUE',
'Maximum model space distance between geometric entities at asserted c
onnectivities');
#3194=UNCERTAINTY_MEASURE_WITH_UNIT(LENGTH_MEASURE(0.01),#3197,
'DISTANCE_ACCURACY_VALUE',
'Maximum model space distance between geometric entities at asserted c
onnectivities');
#3195=(
GEOMETRIC_REPRESENTATION_CONTEXT(3)
GLOBAL_UNCERTAINTY_ASSIGNED_CONTEXT((#3193))
GLOBAL_UNIT_ASSIGNED_CONTEXT((#3197,#3199,#3200))
REPRESENTATION_CONTEXT('','3D')
);
#3196=(
GEOMETRIC_REPRESENTATION_CONTEXT(3)
GLOBAL_UNCERTAINTY_ASSIGNED_CONTEXT((#3194))
GLOBAL_UNIT_ASSIGNED_CONTEXT((#3197,#3199,#3200))
REPRESENTATION_CONTEXT('','3D')
);
#3197=(
LENGTH_UNIT()
NAMED_UNIT(*)
SI_UNIT(.MILLI.,.METRE.)
);
#3198=(
LENGTH_UNIT()
NAMED_UNIT(*)
SI_UNIT($,.METRE.)
);
#3199=(
NAMED_UNIT(*)
PLANE_ANGLE_UNIT()
SI_UNIT($,.RADIAN.)
);
#3200=(
NAMED_UNIT(*)
SI_UNIT($,.STERADIAN.)
SOLID_ANGLE_UNIT()
);
#3201=SHAPE_DEFINITION_REPRESENTATION(#3202,#3203);
#3202=PRODUCT_DEFINITION_SHAPE('',$,#3205);
#3203=SHAPE_REPRESENTATION('',(#1577),#3195);
#3204=PRODUCT_DEFINITION_CONTEXT('part definition',#3209,'design');
#3205=PRODUCT_DEFINITION('Thickness-1.0 mm','Thickness-1.0 mm v2',#3206,
#3204);
#3206=PRODUCT_DEFINITION_FORMATION('',$,#3211);
#3207=PRODUCT_RELATED_PRODUCT_CATEGORY('Thickness-1.0 mm v2',
'Thickness-1.0 mm v2',(#3211));
#3208=APPLICATION_PROTOCOL_DEFINITION('international standard',
'automotive_design',2009,#3209);
#3209=APPLICATION_CONTEXT(
'Core Data for Automotive Mechanical Design Process');
#3210=PRODUCT_CONTEXT('part definition',#3209,'mechanical');
#3211=PRODUCT('Thickness-1.0 mm','Thickness-1.0 mm v2',$,(#3210));
#3212=PRESENTATION_STYLE_ASSIGNMENT((#3213));
#3213=SURFACE_STYLE_USAGE(.BOTH.,#3214);
#3214=SURFACE_SIDE_STYLE('',(#3215));
#3215=SURFACE_STYLE_FILL_AREA(#3216);
#3216=FILL_AREA_STYLE('Acciaio - Satinato',(#3217));
#3217=FILL_AREA_STYLE_COLOUR('Acciaio - Satinato',#3218);
#3218=COLOUR_RGB('Acciaio - Satinato',0.627450980392157,0.627450980392157,
0.627450980392157);
ENDSEC;
END-ISO-10303-21;
